/*******************************************************************************
 * Size: 28 px
 * Bpp: 4
 * Opts: --bpp 4 --size 28 --format lvgl --no-compress --no-prefilter --font fonts/Geist-Medium.ttf --range 0x20-0x7F,0xA0-0x24F,0x1E00-0x1EFF,0x2013-0x2026,0x203A --font /System/Library/Fonts/Supplemental/Arial Unicode.ttf --range 0x00AD,0x0114-0x0115,0x012C-0x012D,0x0138,0x013F-0x0140,0x0149,0x014E-0x014F,0x017F-0x018E,0x0190-0x0191,0x0193-0x019F,0x01A2-0x01AE,0x01B1-0x01CC,0x01CF-0x01E3,0x01EA-0x01F5,0x01FA-0x0217,0x1E00-0x1E1F,0x1E22-0x1E7F,0x1E86-0x1E9B,0x2015-0x2017,0x201B,0x201F,0x2023-0x2025,0x2713,0x2717 -o main/ui/geist_med_28.c --lv-include lvgl.h
 ******************************************************************************/

#ifdef LV_LVGL_H_INCLUDE_SIMPLE
#include "lvgl.h"
#else
#include "lvgl.h"
#endif

#ifndef GEIST_MED_28
#define GEIST_MED_28 1
#endif

#if GEIST_MED_28

/*-----------------
 *    BITMAPS
 *----------------*/

/*Store the image of the glyphs*/
static LV_ATTRIBUTE_LARGE_CONST const uint8_t glyph_bitmap[] = {
    /* U+0020 " " */

    /* U+0021 "!" */
    0x3f, 0xfc, 0x3, 0xff, 0xc0, 0x3f, 0xfc, 0x3,
    0xff, 0xc0, 0x3f, 0xfc, 0x3, 0xff, 0xc0, 0x3f,
    0xfc, 0x3, 0xff, 0xc0, 0x2f, 0xfb, 0x1, 0xff,
    0xa0, 0xf, 0xf9, 0x0, 0xef, 0x70, 0xd, 0xf6,
    0x0, 0x8b, 0x30, 0x0, 0x0, 0x0, 0x0, 0x0,
    0x47, 0x77, 0xa, 0xff, 0xf0, 0xaf, 0xff, 0xa,
    0xff, 0xf0,

    /* U+0022 "\"" */
    0xcf, 0xf0, 0xe, 0xfe, 0xcf, 0xe0, 0xd, 0xfe,
    0xbf, 0xe0, 0xd, 0xfd, 0xaf, 0xe0, 0xc, 0xfb,
    0x8f, 0xd0, 0xc, 0xf9, 0x6f, 0xd0, 0xc, 0xf8,
    0x4f, 0xd0, 0xb, 0xf6, 0x17, 0x50, 0x5, 0x72,

    /* U+0023 "#" */
    0x0, 0x0, 0x7, 0xff, 0x20, 0x8, 0xff, 0x10,
    0x0, 0x0, 0xa, 0xff, 0x0, 0xb, 0xfe, 0x0,
    0x0, 0x0, 0xd, 0xfc, 0x0, 0xe, 0xfb, 0x0,
    0x0, 0x0, 0xf, 0xfa, 0x0, 0xf, 0xf9, 0x0,
    0x0, 0x0, 0x2f, 0xf7, 0x0, 0x3f, 0xf6, 0x0,
    0x0, 0xcf, 0xff, 0xff, 0xff, 0xff, 0xff, 0xf5,
    0x0, 0xef, 0xff, 0xff, 0xff, 0xff, 0xff, 0xf3,
    0x0, 0x56, 0xff, 0xf6, 0x66, 0xff, 0xf6, 0x60,
    0x0, 0x0, 0xdf, 0xc0, 0x0, 0xef, 0xb0, 0x0,
    0x0, 0x0, 0xff, 0x90, 0x1, 0xff, 0x80, 0x0,
    0x0, 0x3, 0xff, 0x60, 0x4, 0xff, 0x50, 0x0,
    0x0, 0x6, 0xff, 0x30, 0x7, 0xff, 0x20, 0x0,
    0x4, 0x6e, 0xff, 0x76, 0x6f, 0xff, 0x66, 0x10,
    0xe, 0xff, 0xff, 0xff, 0xff, 0xff, 0xff, 0x30,
    0x1f, 0xff, 0xff, 0xff, 0xff, 0xff, 0xff, 0x10,
    0x0, 0x1f, 0xf8, 0x0, 0x2f, 0xf7, 0x0, 0x0,
    0x0, 0x4f, 0xf5, 0x0, 0x5f, 0xf4, 0x0, 0x0,
    0x0, 0x6f, 0xf2, 0x0, 0x7f, 0xf1, 0x0, 0x0,
    0x0, 0x9f, 0xf0, 0x0, 0xaf, 0xf0, 0x0, 0x0,
    0x0, 0xcf, 0xd0, 0x0, 0xdf, 0xc0, 0x0, 0x0,

    /* U+0024 "$" */
    0x0, 0x0, 0x0, 0x7, 0x82, 0x0, 0x0, 0x0,
    0x0, 0x0, 0x0, 0xe, 0xf4, 0x0, 0x0, 0x0,
    0x0, 0x0, 0x0, 0xe, 0xf4, 0x0, 0x0, 0x0,
    0x0, 0x0, 0x7b, 0xef, 0xff, 0x82, 0x0, 0x0,
    0x0, 0x3e, 0xff, 0xff, 0xff, 0xff, 0x70, 0x0,
    0x2, 0xff, 0xff, 0xcf, 0xff, 0xff, 0xf8, 0x0,
    0xa, 0xff, 0xd2, 0xe, 0xf4, 0x8f, 0xff, 0x30,
    0xe, 0xff, 0x30, 0xe, 0xf4, 0x9, 0xff, 0xa0,
    0xf, 0xff, 0x0, 0xe, 0xf4, 0x2, 0xff, 0xe0,
    0xf, 0xff, 0x30, 0xe, 0xf4, 0x0, 0x44, 0x40,
    0xa, 0xff, 0xe5, 0xe, 0xf4, 0x0, 0x0, 0x0,
    0x2, 0xef, 0xff, 0xff, 0xf6, 0x0, 0x0, 0x0,
    0x0, 0x1b, 0xff, 0xff, 0xff, 0xd8, 0x10, 0x0,
    0x0, 0x0, 0x27, 0xcf, 0xff, 0xff, 0xf6, 0x0,
    0x0, 0x0, 0x0, 0xe, 0xfd, 0xff, 0xff, 0x70,
    0x0, 0x0, 0x0, 0xe, 0xf4, 0x1a, 0xff, 0xf1,
    0x4b, 0xb7, 0x0, 0xe, 0xf4, 0x0, 0xdf, 0xf5,
    0x3f, 0xfd, 0x0, 0xe, 0xf4, 0x0, 0x9f, 0xf7,
    0xe, 0xff, 0x60, 0xe, 0xf4, 0x0, 0xcf, 0xf5,
    0x7, 0xff, 0xf6, 0xe, 0xf4, 0x7, 0xff, 0xf1,
    0x0, 0xbf, 0xff, 0xff, 0xff, 0xef, 0xff, 0x70,
    0x0, 0x9, 0xff, 0xff, 0xff, 0xff, 0xf7, 0x0,
    0x0, 0x0, 0x28, 0xcf, 0xff, 0xc8, 0x20, 0x0,
    0x0, 0x0, 0x0, 0xe, 0xf4, 0x0, 0x0, 0x0,
    0x0, 0x0, 0x0, 0xe, 0xf4, 0x0, 0x0, 0x0,

    /* U+0025 "%" */
    0x0, 0x8d, 0xfe, 0x91, 0x0, 0x0, 0x0, 0x6,
    0xfe, 0x10, 0x0, 0xbf, 0xfe, 0xff, 0xd1, 0x0,
    0x0, 0x2, 0xff, 0x40, 0x0, 0x6f, 0xf3, 0x2,
    0xef, 0x80, 0x0, 0x0, 0xbf, 0x90, 0x0, 0xa,
    0xfa, 0x0, 0x7, 0xfd, 0x0, 0x0, 0x6f, 0xd0,
    0x0, 0x0, 0xcf, 0x80, 0x0, 0x4f, 0xf0, 0x0,
    0x2f, 0xf4, 0x0, 0x0, 0xc, 0xf8, 0x0, 0x5,
    0xff, 0x0, 0xc, 0xf9, 0x0, 0x0, 0x0, 0xaf,
    0xb0, 0x0, 0x8f, 0xd0, 0x7, 0xfd, 0x0, 0x0,
    0x0, 0x4, 0xff, 0x60, 0x4e, 0xf7, 0x2, 0xff,
    0x30, 0x0, 0x0, 0x0, 0x9, 0xff, 0xff, 0xfc,
    0x0, 0xcf, 0x80, 0x0, 0x0, 0x0, 0x0, 0x5,
    0xbd, 0xb7, 0x0, 0x8f, 0xd0, 0x0, 0x0, 0x0,
    0x0, 0x0, 0x0, 0x0, 0x0, 0x3f, 0xf3, 0x1,
    0x9c, 0xca, 0x30, 0x0, 0x0, 0x0, 0x0, 0xd,
    0xf7, 0x3, 0xef, 0xff, 0xff, 0x50, 0x0, 0x0,
    0x0, 0x8, 0xfc, 0x0, 0xdf, 0xc2, 0x1a, 0xfe,
    0x0, 0x0, 0x0, 0x3, 0xff, 0x20, 0x2f, 0xf3,
    0x0, 0x1f, 0xf5, 0x0, 0x0, 0x0, 0xdf, 0x70,
    0x4, 0xff, 0x0, 0x0, 0xdf, 0x70, 0x0, 0x0,
    0x9f, 0xc0, 0x0, 0x5f, 0xf0, 0x0, 0xd, 0xf7,
    0x0, 0x0, 0x3f, 0xf2, 0x0, 0x3, 0xff, 0x20,
    0x0, 0xff, 0x50, 0x0, 0xd, 0xf6, 0x0, 0x0,
    0xe, 0xfa, 0x0, 0x8f, 0xf1, 0x0, 0x9, 0xfb,
    0x0, 0x0, 0x0, 0x4f, 0xff, 0xef, 0xf7, 0x0,
    0x4, 0xff, 0x10, 0x0, 0x0, 0x0, 0x3b, 0xff,
    0xc5, 0x0,

    /* U+0026 "&" */
    0x0, 0x0, 0x7c, 0xff, 0xea, 0x30, 0x0, 0x0,
    0x0, 0x0, 0xcf, 0xff, 0xff, 0xff, 0x50, 0x0,
    0x0, 0x0, 0x8f, 0xff, 0xec, 0xff, 0xff, 0x0,
    0x0, 0x0, 0xd, 0xff, 0x90, 0x2, 0xff, 0xf4,
    0x0, 0x0, 0x0, 0xff, 0xf3, 0x0, 0xc, 0xff,
    0x50, 0x0, 0x0, 0xd, 0xff, 0x40, 0x0, 0xef,
    0xf2, 0x0, 0x0, 0x0, 0x8f, 0xfa, 0x0, 0x8f,
    0xfb, 0x0, 0x0, 0x0, 0x1, 0xff, 0xf6, 0xaf,
    0xfd, 0x10, 0x0, 0x0, 0x0, 0x5, 0xff, 0xff,
    0xfb, 0x10, 0x0, 0x0, 0x0, 0x0, 0x9f, 0xff,
    0xf8, 0x0, 0x0, 0x0, 0x0, 0x1, 0xcf, 0xff,
    0xff, 0xd1, 0x0, 0x0, 0x0, 0x0, 0xdf, 0xfd,
    0x3d, 0xff, 0xb0, 0x0, 0xdf, 0xe1, 0x7f, 0xfe,
    0x10, 0x1e, 0xff, 0x90, 0xf, 0xff, 0xc, 0xff,
    0x60, 0x0, 0x3f, 0xff, 0x63, 0xff, 0xc0, 0xef,
    0xf3, 0x0, 0x0, 0x5f, 0xff, 0xcf, 0xf6, 0xe,
    0xff, 0x60, 0x0, 0x0, 0x7f, 0xff, 0xfe, 0x0,
    0xbf, 0xfe, 0x30, 0x0, 0x3, 0xff, 0xff, 0x50,
    0x3, 0xff, 0xff, 0xdb, 0xbd, 0xff, 0xff, 0xfc,
    0x0, 0x6, 0xff, 0xff, 0xff, 0xff, 0xff, 0xef,
    0xf8, 0x0, 0x2, 0x8c, 0xff, 0xfe, 0xb7, 0x14,
    0xff, 0xf4,

    /* U+0027 "'" */
    0xcf, 0xfc, 0xff, 0xbf, 0xfa, 0xfd, 0x9f, 0xc7,
    0xfb, 0x6f, 0xa2, 0x74,

    /* U+0028 "(" */
    0x0, 0x1, 0xbb, 0x60, 0x0, 0x9f, 0xf2, 0x0,
    0x3f, 0xf9, 0x0, 0xb, 0xff, 0x20, 0x2, 0xff,
    0xb0, 0x0, 0x8f, 0xf6, 0x0, 0xe, 0xff, 0x10,
    0x2, 0xff, 0xd0, 0x0, 0x6f, 0xf9, 0x0, 0x8,
    0xff, 0x60, 0x0, 0xaf, 0xf5, 0x0, 0xb, 0xff,
    0x40, 0x0, 0xbf, 0xf4, 0x0, 0xa, 0xff, 0x50,
    0x0, 0x9f, 0xf6, 0x0, 0x7, 0xff, 0x80, 0x0,
    0x3f, 0xfc, 0x0, 0x0, 0xff, 0xf0, 0x0, 0xa,
    0xff, 0x40, 0x0, 0x4f, 0xfa, 0x0, 0x0, 0xdf,
    0xf0, 0x0, 0x5, 0xff, 0x70, 0x0, 0xc, 0xfe,
    0x0, 0x0, 0x3f, 0xf7,

    /* U+0029 ")" */
    0x4b, 0xb2, 0x0, 0x0, 0xef, 0xb0, 0x0, 0x7,
    0xff, 0x40, 0x0, 0xf, 0xfd, 0x0, 0x0, 0xaf,
    0xf4, 0x0, 0x4, 0xff, 0xa0, 0x0, 0xe, 0xff,
    0x0, 0x0, 0xbf, 0xf4, 0x0, 0x7, 0xff, 0x70,
    0x0, 0x4f, 0xfa, 0x0, 0x3, 0xff, 0xc0, 0x0,
    0x2f, 0xfd, 0x0, 0x2, 0xff, 0xd0, 0x0, 0x3f,
    0xfc, 0x0, 0x4, 0xff, 0xb0, 0x0, 0x6f, 0xf9,
    0x0, 0xa, 0xff, 0x50, 0x0, 0xef, 0xf1, 0x0,
    0x2f, 0xfc, 0x0, 0x8, 0xff, 0x50, 0x0, 0xef,
    0xe0, 0x0, 0x5f, 0xf7, 0x0, 0xd, 0xfd, 0x0,
    0x5, 0xff, 0x50, 0x0,

    /* U+002A "*" */
    0x0, 0x46, 0x0, 0x64, 0x0, 0x2, 0xff, 0x11,
    0xff, 0x20, 0x0, 0x9f, 0xab, 0xf9, 0x0, 0x1,
    0x1e, 0xff, 0xe1, 0x10, 0xdf, 0xff, 0xff, 0xff,
    0xfd, 0xdf, 0xff, 0xff, 0xff, 0xfd, 0x0, 0x1e,
    0xff, 0xe0, 0x0, 0x0, 0xaf, 0x9a, 0xf9, 0x0,
    0x2, 0xfe, 0x11, 0xef, 0x20, 0x0, 0x35, 0x0,
    0x53, 0x0,

    /* U+002B "+" */
    0x0, 0x0, 0x6, 0xff, 0x20, 0x0, 0x0, 0x0,
    0x0, 0x6, 0xff, 0x20, 0x0, 0x0, 0x0, 0x0,
    0x6, 0xff, 0x20, 0x0, 0x0, 0x0, 0x0, 0x6,
    0xff, 0x20, 0x0, 0x0, 0x0, 0x0, 0x6, 0xff,
    0x20, 0x0, 0x0, 0x78, 0x88, 0x8f, 0xff, 0xb8,
    0x88, 0x85, 0xef, 0xff, 0xff, 0xff, 0xff, 0xff,
    0xf9, 0xef, 0xff, 0xff, 0xff, 0xff, 0xff, 0xf9,
    0x0, 0x0, 0x6, 0xff, 0x20, 0x0, 0x0, 0x0,
    0x0, 0x6, 0xff, 0x20, 0x0, 0x0, 0x0, 0x0,
    0x6, 0xff, 0x20, 0x0, 0x0, 0x0, 0x0, 0x6,
    0xff, 0x20, 0x0, 0x0, 0x0, 0x0, 0x6, 0xff,
    0x20, 0x0, 0x0, 0x0, 0x0, 0x3, 0x88, 0x10,
    0x0, 0x0,

    /* U+002C "," */
    0x67, 0x75, 0xdf, 0xfc, 0xdf, 0xfc, 0xdf, 0xfb,
    0x7, 0xf6, 0xd, 0xf1, 0x2f, 0xa0, 0x8f, 0x30,

    /* U+002D "-" */
    0x79, 0x99, 0x99, 0x99, 0x95, 0xdf, 0xff, 0xff,
    0xff, 0xf9, 0xdf, 0xff, 0xff, 0xff, 0xf9,

    /* U+002E "." */
    0x67, 0x75, 0xdf, 0xfc, 0xdf, 0xfc, 0xdf, 0xfc,

    /* U+002F "/" */
    0x0, 0x0, 0x0, 0x0, 0x68, 0x80, 0x0, 0x0,
    0x0, 0x0, 0xff, 0xd0, 0x0, 0x0, 0x0, 0x6,
    0xff, 0x70, 0x0, 0x0, 0x0, 0xb, 0xff, 0x20,
    0x0, 0x0, 0x0, 0x1f, 0xfc, 0x0, 0x0, 0x0,
    0x0, 0x7f, 0xf6, 0x0, 0x0, 0x0, 0x0, 0xcf,
    0xf1, 0x0, 0x0, 0x0, 0x2, 0xff, 0xb0, 0x0,
    0x0, 0x0, 0x7, 0xff, 0x50, 0x0, 0x0, 0x0,
    0xd, 0xff, 0x0, 0x0, 0x0, 0x0, 0x3f, 0xfa,
    0x0, 0x0, 0x0, 0x0, 0x8f, 0xf5, 0x0, 0x0,
    0x0, 0x0, 0xef, 0xe0, 0x0, 0x0, 0x0, 0x4,
    0xff, 0x90, 0x0, 0x0, 0x0, 0x9, 0xff, 0x40,
    0x0, 0x0, 0x0, 0xf, 0xfe, 0x0, 0x0, 0x0,
    0x0, 0x5f, 0xf8, 0x0, 0x0, 0x0, 0x0, 0xaf,
    0xf3, 0x0, 0x0, 0x0, 0x0, 0xff, 0xd0, 0x0,
    0x0, 0x0, 0x6, 0xff, 0x80, 0x0, 0x0, 0x0,
    0xb, 0xff, 0x20, 0x0, 0x0, 0x0, 0x1f, 0xfc,
    0x0, 0x0, 0x0, 0x0, 0x7f, 0xf7, 0x0, 0x0,
    0x0, 0x0, 0xcf, 0xf1, 0x0, 0x0, 0x0, 0x0,

    /* U+0030 "0" */
    0x0, 0x0, 0x7, 0xce, 0xfe, 0xb6, 0x0, 0x0,
    0x0, 0x0, 0x4e, 0xff, 0xff, 0xff, 0xfd, 0x20,
    0x0, 0x0, 0x4f, 0xff, 0xfd, 0xce, 0xff, 0xfe,
    0x20, 0x0, 0x1e, 0xff, 0xc2, 0x0, 0x4, 0xdf,
    0xfd, 0x0, 0x8, 0xff, 0xd0, 0x0, 0x0, 0x2,
    0xef, 0xf6, 0x0, 0xef, 0xf5, 0x0, 0x0, 0x0,
    0x7, 0xff, 0xb0, 0x3f, 0xfe, 0x0, 0x0, 0x0,
    0x0, 0x1f, 0xff, 0x17, 0xff, 0xb0, 0x0, 0x0,
    0x0, 0x0, 0xdf, 0xf4, 0x8f, 0xf9, 0x0, 0x0,
    0x0, 0x0, 0xb, 0xff, 0x59, 0xff, 0x80, 0x0,
    0x0, 0x0, 0x0, 0xaf, 0xf7, 0x9f, 0xf8, 0x0,
    0x0, 0x0, 0x0, 0xa, 0xff, 0x78, 0xff, 0x80,
    0x0, 0x0, 0x0, 0x0, 0xbf, 0xf5, 0x7f, 0xfb,
    0x0, 0x0, 0x0, 0x0, 0xd, 0xff, 0x43, 0xff,
    0xe0, 0x0, 0x0, 0x0, 0x1, 0xff, 0xf1, 0xe,
    0xff, 0x40, 0x0, 0x0, 0x0, 0x7f, 0xfc, 0x0,
    0x9f, 0xfd, 0x0, 0x0, 0x0, 0x1e, 0xff, 0x60,
    0x1, 0xff, 0xfc, 0x20, 0x0, 0x3d, 0xff, 0xd0,
    0x0, 0x5, 0xff, 0xff, 0xdb, 0xdf, 0xff, 0xf3,
    0x0, 0x0, 0x5, 0xef, 0xff, 0xff, 0xff, 0xd3,
    0x0, 0x0, 0x0, 0x1, 0x7c, 0xff, 0xeb, 0x60,
    0x0, 0x0,

    /* U+0031 "1" */
    0x0, 0x0, 0x1f, 0xf5, 0x0, 0x0, 0x3f, 0xf5,
    0x0, 0x0, 0x9f, 0xf5, 0x56, 0x7b, 0xff, 0xf5,
    0xef, 0xff, 0xff, 0xf5, 0xef, 0xff, 0xff, 0xf5,
    0x0, 0x0, 0xbf, 0xf5, 0x0, 0x0, 0xbf, 0xf5,
    0x0, 0x0, 0xbf, 0xf5, 0x0, 0x0, 0xbf, 0xf5,
    0x0, 0x0, 0xbf, 0xf5, 0x0, 0x0, 0xbf, 0xf5,
    0x0, 0x0, 0xbf, 0xf5, 0x0, 0x0, 0xbf, 0xf5,
    0x0, 0x0, 0xbf, 0xf5, 0x0, 0x0, 0xbf, 0xf5,
    0x0, 0x0, 0xbf, 0xf5, 0x0, 0x0, 0xbf, 0xf5,
    0x0, 0x0, 0xbf, 0xf5, 0x0, 0x0, 0xbf, 0xf5,

    /* U+0032 "2" */
    0x0, 0x0, 0x39, 0xdf, 0xfe, 0xb6, 0x0, 0x0,
    0x0, 0x9f, 0xff, 0xff, 0xff, 0xfd, 0x20, 0x0,
    0xaf, 0xff, 0xfd, 0xce, 0xff, 0xfe, 0x10, 0x5f,
    0xff, 0x91, 0x0, 0x5, 0xff, 0xf8, 0xc, 0xff,
    0xa0, 0x0, 0x0, 0x6, 0xff, 0xd1, 0xff, 0xf2,
    0x0, 0x0, 0x0, 0x2f, 0xff, 0x18, 0x88, 0x0,
    0x0, 0x0, 0x3, 0xff, 0xe0, 0x0, 0x0, 0x0,
    0x0, 0x0, 0xaf, 0xfb, 0x0, 0x0, 0x0, 0x0,
    0x0, 0x9f, 0xff, 0x50, 0x0, 0x0, 0x0, 0x5,
    0xdf, 0xff, 0xa0, 0x0, 0x0, 0x0, 0x3c, 0xff,
    0xff, 0x80, 0x0, 0x0, 0x0, 0x9f, 0xff, 0xfc,
    0x30, 0x0, 0x0, 0x2, 0xdf, 0xff, 0xd5, 0x0,
    0x0, 0x0, 0x1, 0xdf, 0xff, 0x80, 0x0, 0x0,
    0x0, 0x0, 0xcf, 0xff, 0x40, 0x0, 0x0, 0x0,
    0x0, 0x5f, 0xff, 0x30, 0x0, 0x0, 0x0, 0x0,
    0xc, 0xff, 0x90, 0x0, 0x0, 0x0, 0x0, 0x1,
    0xff, 0xfd, 0xbb, 0xbb, 0xbb, 0xbb, 0xbb, 0x3f,
    0xff, 0xff, 0xff, 0xff, 0xff, 0xff, 0xf4, 0xff,
    0xff, 0xff, 0xff, 0xff, 0xff, 0xff,

    /* U+0033 "3" */
    0x0, 0x1, 0x7c, 0xef, 0xed, 0x94, 0x0, 0x0,
    0x0, 0x4e, 0xff, 0xff, 0xff, 0xff, 0xb0, 0x0,
    0x3, 0xff, 0xff, 0xdc, 0xdf, 0xff, 0xfa, 0x0,
    0xc, 0xff, 0xc2, 0x0, 0x0, 0x8f, 0xff, 0x20,
    0x1f, 0xff, 0x10, 0x0, 0x0, 0xd, 0xff, 0x60,
    0x0, 0x0, 0x0, 0x0, 0x0, 0xb, 0xff, 0x70,
    0x0, 0x0, 0x0, 0x0, 0x0, 0xe, 0xff, 0x30,
    0x0, 0x0, 0x0, 0x0, 0x14, 0xcf, 0xfa, 0x0,
    0x0, 0x0, 0x0, 0xff, 0xff, 0xff, 0x80, 0x0,
    0x0, 0x0, 0x0, 0xff, 0xff, 0xfc, 0x40, 0x0,
    0x0, 0x0, 0x0, 0x99, 0xbd, 0xff, 0xf9, 0x0,
    0x0, 0x0, 0x0, 0x0, 0x0, 0x4e, 0xff, 0x60,
    0x0, 0x0, 0x0, 0x0, 0x0, 0x5, 0xff, 0xe0,
    0x0, 0x0, 0x0, 0x0, 0x0, 0x0, 0xff, 0xf1,
    0x7c, 0xc6, 0x0, 0x0, 0x0, 0x0, 0xff, 0xf1,
    0x7f, 0xfd, 0x0, 0x0, 0x0, 0x5, 0xff, 0xf0,
    0x1f, 0xff, 0xa1, 0x0, 0x0, 0x5f, 0xff, 0x90,
    0x7, 0xff, 0xff, 0xdb, 0xcf, 0xff, 0xfe, 0x10,
    0x0, 0x8f, 0xff, 0xff, 0xff, 0xff, 0xc2, 0x0,
    0x0, 0x2, 0x8c, 0xef, 0xed, 0x94, 0x0, 0x0,

    /* U+0034 "4" */
    0x0, 0x0, 0x0, 0x0, 0x0, 0xdf, 0xfd, 0x0,
    0x0, 0x0, 0x0, 0x0, 0x0, 0xaf, 0xff, 0xd0,
    0x0, 0x0, 0x0, 0x0, 0x0, 0x5f, 0xff, 0xfd,
    0x0, 0x0, 0x0, 0x0, 0x0, 0x2f, 0xff, 0xff,
    0xd0, 0x0, 0x0, 0x0, 0x0, 0xc, 0xff, 0xdf,
    0xfd, 0x0, 0x0, 0x0, 0x0, 0x8, 0xff, 0xd3,
    0xff, 0xd0, 0x0, 0x0, 0x0, 0x3, 0xff, 0xf3,
    0x3f, 0xfd, 0x0, 0x0, 0x0, 0x0, 0xef, 0xf7,
    0x3, 0xff, 0xd0, 0x0, 0x0, 0x0, 0xaf, 0xfb,
    0x0, 0x3f, 0xfd, 0x0, 0x0, 0x0, 0x6f, 0xfe,
    0x10, 0x3, 0xff, 0xd0, 0x0, 0x0, 0x2f, 0xff,
    0x40, 0x0, 0x3f, 0xfd, 0x0, 0x0, 0xc, 0xff,
    0x80, 0x0, 0x3, 0xff, 0xd0, 0x0, 0x8, 0xff,
    0xc0, 0x0, 0x0, 0x3f, 0xfd, 0x0, 0x2, 0xff,
    0xfc, 0xbb, 0xbb, 0xbc, 0xff, 0xfb, 0xb2, 0x3f,
    0xff, 0xff, 0xff, 0xff, 0xff, 0xff, 0xff, 0x43,
    0xff, 0xff, 0xff, 0xff, 0xff, 0xff, 0xff, 0xf4,
    0x0, 0x0, 0x0, 0x0, 0x0, 0x3f, 0xfd, 0x0,
    0x0, 0x0, 0x0, 0x0, 0x0, 0x3, 0xff, 0xd0,
    0x0, 0x0, 0x0, 0x0, 0x0, 0x0, 0x3f, 0xfd,
    0x0, 0x0, 0x0, 0x0, 0x0, 0x0, 0x3, 0xff,
    0xd0, 0x0,

    /* U+0035 "5" */
    0x0, 0xcf, 0xff, 0xff, 0xff, 0xff, 0xfe, 0x0,
    0x0, 0xef, 0xff, 0xff, 0xff, 0xff, 0xfe, 0x0,
    0x0, 0xff, 0xfb, 0xbb, 0xbb, 0xbb, 0xba, 0x0,
    0x2, 0xff, 0xd0, 0x0, 0x0, 0x0, 0x0, 0x0,
    0x4, 0xff, 0xb0, 0x0, 0x0, 0x0, 0x0, 0x0,
    0x6, 0xff, 0x90, 0x0, 0x0, 0x0, 0x0, 0x0,
    0x8, 0xff, 0x70, 0x37, 0x87, 0x40, 0x0, 0x0,
    0xa, 0xff, 0x8c, 0xff, 0xff, 0xfe, 0x50, 0x0,
    0xc, 0xff, 0xff, 0xff, 0xff, 0xff, 0xf8, 0x0,
    0xd, 0xff, 0xfa, 0x30, 0x14, 0xbf, 0xff, 0x40,
    0xf, 0xff, 0x70, 0x0, 0x0, 0xb, 0xff, 0xc0,
    0x1, 0x11, 0x0, 0x0, 0x0, 0x2, 0xff, 0xf1,
    0x0, 0x0, 0x0, 0x0, 0x0, 0x0, 0xef, 0xf3,
    0x0, 0x0, 0x0, 0x0, 0x0, 0x0, 0xdf, 0xf4,
    0x3b, 0xb9, 0x0, 0x0, 0x0, 0x0, 0xff, 0xf2,
    0x1f, 0xff, 0x30, 0x0, 0x0, 0x7, 0xff, 0xe0,
    0xb, 0xff, 0xe4, 0x0, 0x0, 0x6f, 0xff, 0x70,
    0x2, 0xef, 0xff, 0xec, 0xce, 0xff, 0xfb, 0x0,
    0x0, 0x3d, 0xff, 0xff, 0xff, 0xff, 0xa0, 0x0,
    0x0, 0x0, 0x6b, 0xef, 0xfd, 0x93, 0x0, 0x0,

    /* U+0036 "6" */
    0x0, 0x0, 0x17, 0xce, 0xfe, 0xb6, 0x0, 0x0,
    0x0, 0x4e, 0xff, 0xff, 0xff, 0xfc, 0x0, 0x0,
    0x3f, 0xff, 0xfc, 0xbd, 0xff, 0xfb, 0x0, 0xe,
    0xff, 0xb1, 0x0, 0x3, 0xef, 0xf4, 0x6, 0xff,
    0xc0, 0x0, 0x0, 0x5, 0xba, 0x60, 0xcf, 0xf3,
    0x0, 0x0, 0x0, 0x0, 0x0, 0x1f, 0xfd, 0x0,
    0x46, 0x75, 0x20, 0x0, 0x4, 0xff, 0xa4, 0xef,
    0xff, 0xff, 0xb2, 0x0, 0x7f, 0xfc, 0xff, 0xff,
    0xff, 0xff, 0xf3, 0x9, 0xff, 0xff, 0x93, 0x1,
    0x5e, 0xff, 0xd0, 0x9f, 0xff, 0x70, 0x0, 0x0,
    0x1e, 0xff, 0x5a, 0xff, 0xd0, 0x0, 0x0, 0x0,
    0x8f, 0xfa, 0x9f, 0xf9, 0x0, 0x0, 0x0, 0x4,
    0xff, 0xc7, 0xff, 0x90, 0x0, 0x0, 0x0, 0x4f,
    0xfc, 0x4f, 0xfc, 0x0, 0x0, 0x0, 0x6, 0xff,
    0xa0, 0xff, 0xf3, 0x0, 0x0, 0x0, 0xdf, 0xf7,
    0x8, 0xff, 0xe3, 0x0, 0x1, 0xbf, 0xff, 0x10,
    0xd, 0xff, 0xfc, 0xab, 0xff, 0xff, 0x60, 0x0,
    0x1d, 0xff, 0xff, 0xff, 0xff, 0x60, 0x0, 0x0,
    0x5, 0xbd, 0xfe, 0xc7, 0x10, 0x0,

    /* U+0037 "7" */
    0x7f, 0xff, 0xff, 0xff, 0xff, 0xff, 0xff, 0xe7,
    0xff, 0xff, 0xff, 0xff, 0xff, 0xff, 0xfe, 0x5b,
    0xbb, 0xbb, 0xbb, 0xbb, 0xbd, 0xff, 0xc0, 0x0,
    0x0, 0x0, 0x0, 0x0, 0xdf, 0xf2, 0x0, 0x0,
    0x0, 0x0, 0x0, 0xbf, 0xf5, 0x0, 0x0, 0x0,
    0x0, 0x0, 0x6f, 0xf8, 0x0, 0x0, 0x0, 0x0,
    0x0, 0x1f, 0xfd, 0x0, 0x0, 0x0, 0x0, 0x0,
    0xa, 0xff, 0x40, 0x0, 0x0, 0x0, 0x0, 0x3,
    0xff, 0xa0, 0x0, 0x0, 0x0, 0x0, 0x0, 0xaf,
    0xf3, 0x0, 0x0, 0x0, 0x0, 0x0, 0x2f, 0xfb,
    0x0, 0x0, 0x0, 0x0, 0x0, 0x8, 0xff, 0x50,
    0x0, 0x0, 0x0, 0x0, 0x0, 0xdf, 0xf0, 0x0,
    0x0, 0x0, 0x0, 0x0, 0x3f, 0xfb, 0x0, 0x0,
    0x0, 0x0, 0x0, 0x7, 0xff, 0x70, 0x0, 0x0,
    0x0, 0x0, 0x0, 0xaf, 0xf5, 0x0, 0x0, 0x0,
    0x0, 0x0, 0xd, 0xff, 0x20, 0x0, 0x0, 0x0,
    0x0, 0x0, 0xff, 0xf0, 0x0, 0x0, 0x0, 0x0,
    0x0, 0xf, 0xff, 0x0, 0x0, 0x0, 0x0, 0x0,
    0x1, 0xff, 0xf0, 0x0, 0x0, 0x0,

    /* U+0038 "8" */
    0x0, 0x0, 0x6b, 0xef, 0xed, 0x93, 0x0, 0x0,
    0x0, 0x3e, 0xff, 0xff, 0xff, 0xff, 0x90, 0x0,
    0x2, 0xff, 0xff, 0xdb, 0xcf, 0xff, 0xf9, 0x0,
    0xa, 0xff, 0xe3, 0x0, 0x0, 0x9f, 0xff, 0x20,
    0xe, 0xff, 0x50, 0x0, 0x0, 0xd, 0xff, 0x50,
    0xf, 0xff, 0x30, 0x0, 0x0, 0xb, 0xff, 0x60,
    0xc, 0xff, 0x70, 0x0, 0x0, 0x1e, 0xff, 0x30,
    0x4, 0xff, 0xf7, 0x20, 0x14, 0xcf, 0xfb, 0x0,
    0x0, 0x4d, 0xff, 0xff, 0xff, 0xff, 0x80, 0x0,
    0x0, 0x2a, 0xff, 0xff, 0xff, 0xfe, 0x60, 0x0,
    0x5, 0xff, 0xfc, 0x87, 0x8a, 0xff, 0xfb, 0x0,
    0x3f, 0xff, 0x50, 0x0, 0x0, 0x1c, 0xff, 0xa0,
    0xaf, 0xf8, 0x0, 0x0, 0x0, 0x1, 0xff, 0xf1,
    0xdf, 0xf3, 0x0, 0x0, 0x0, 0x0, 0xcf, 0xf5,
    0xef, 0xf4, 0x0, 0x0, 0x0, 0x0, 0xcf, 0xf5,
    0xcf, 0xf9, 0x0, 0x0, 0x0, 0x2, 0xff, 0xf3,
    0x6f, 0xff, 0x81, 0x0, 0x0, 0x5d, 0xff, 0xe0,
    0xc, 0xff, 0xff, 0xdc, 0xce, 0xff, 0xff, 0x50,
    0x1, 0xbf, 0xff, 0xff, 0xff, 0xff, 0xe5, 0x0,
    0x0, 0x3, 0x8c, 0xef, 0xfd, 0xa6, 0x0, 0x0,

    /* U+0039 "9" */
    0x0, 0x2, 0x8d, 0xef, 0xeb, 0x50, 0x0, 0x0,
    0x7, 0xff, 0xff, 0xff, 0xff, 0xb0, 0x0, 0x7,
    0xff, 0xff, 0xba, 0xdf, 0xff, 0xc0, 0x2, 0xff,
    0xfa, 0x0, 0x0, 0x4f, 0xff, 0x60, 0x8f, 0xfc,
    0x0, 0x0, 0x0, 0x5f, 0xfe, 0xc, 0xff, 0x60,
    0x0, 0x0, 0x0, 0xef, 0xf2, 0xef, 0xf3, 0x0,
    0x0, 0x0, 0xb, 0xff, 0x6d, 0xff, 0x30, 0x0,
    0x0, 0x0, 0xbf, 0xf8, 0xcf, 0xf7, 0x0, 0x0,
    0x0, 0xe, 0xff, 0x97, 0xff, 0xe1, 0x0, 0x0,
    0x8, 0xff, 0xf9, 0x1e, 0xff, 0xd5, 0x10, 0x3a,
    0xff, 0xff, 0x80, 0x4f, 0xff, 0xff, 0xff, 0xff,
    0xcf, 0xf7, 0x0, 0x3d, 0xff, 0xff, 0xfd, 0x3a,
    0xff, 0x50, 0x0, 0x3, 0x68, 0x74, 0x0, 0xdf,
    0xf2, 0x0, 0x0, 0x0, 0x0, 0x0, 0x2f, 0xfe,
    0x3, 0x66, 0x30, 0x0, 0x0, 0xb, 0xff, 0x80,
    0x3f, 0xfe, 0x30, 0x0, 0x1a, 0xff, 0xf1, 0x0,
    0xaf, 0xff, 0xdb, 0xcf, 0xff, 0xf6, 0x0, 0x0,
    0xbf, 0xff, 0xff, 0xff, 0xf6, 0x0, 0x0, 0x0,
    0x5b, 0xef, 0xed, 0x82, 0x0, 0x0,

    /* U+003A ":" */
    0x9f, 0xff, 0x9, 0xff, 0xf0, 0x9f, 0xff, 0x4,
    0x77, 0x70, 0x0, 0x0, 0x0, 0x0, 0x0, 0x0,
    0x0, 0x0, 0x0, 0x0, 0x0, 0x0, 0x0, 0x0,
    0x0, 0x47, 0x77, 0x9, 0xff, 0xf0, 0x9f, 0xff,
    0x9, 0xff, 0xf0,

    /* U+003B ";" */
    0x47, 0x77, 0x9, 0xff, 0xf0, 0x9f, 0xff, 0x9,
    0xff, 0xf0, 0x0, 0x0, 0x0, 0x0, 0x0, 0x0,
    0x0, 0x0, 0x0, 0x0, 0x0, 0x0, 0x0, 0x0,
    0x0, 0x0, 0x0, 0x4, 0x77, 0x70, 0x9f, 0xff,
    0x9, 0xff, 0xf0, 0x9f, 0xff, 0x0, 0x3f, 0xa0,
    0x9, 0xf4, 0x0, 0xed, 0x0, 0x4f, 0x70, 0x0,

    /* U+003C "<" */
    0x0, 0x0, 0x0, 0x0, 0x0, 0x0, 0x0, 0x0,
    0x0, 0x0, 0x0, 0x2, 0x9d, 0x0, 0x0, 0x0,
    0x0, 0x4b, 0xff, 0xe0, 0x0, 0x0, 0x6, 0xdf,
    0xff, 0xfa, 0x0, 0x2, 0x8f, 0xff, 0xff, 0x92,
    0x0, 0x4a, 0xff, 0xff, 0xd6, 0x0, 0x0, 0xbf,
    0xff, 0xfb, 0x40, 0x0, 0x0, 0xe, 0xff, 0x92,
    0x0, 0x0, 0x0, 0x0, 0xef, 0xf9, 0x20, 0x0,
    0x0, 0x0, 0xb, 0xff, 0xff, 0xb4, 0x0, 0x0,
    0x0, 0x4, 0xbf, 0xff, 0xfd, 0x60, 0x0, 0x0,
    0x0, 0x28, 0xff, 0xff, 0xf9, 0x20, 0x0, 0x0,
    0x0, 0x6d, 0xff, 0xff, 0xa0, 0x0, 0x0, 0x0,
    0x4, 0xbf, 0xfe, 0x0, 0x0, 0x0, 0x0, 0x0,
    0x29, 0xd0, 0x0, 0x0, 0x0, 0x0, 0x0, 0x0,

    /* U+003D "=" */
    0x78, 0x88, 0x88, 0x88, 0x88, 0x88, 0x80, 0xef,
    0xff, 0xff, 0xff, 0xff, 0xff, 0xf1, 0xef, 0xff,
    0xff, 0xff, 0xff, 0xff, 0xf1, 0x0, 0x0, 0x0,
    0x0, 0x0, 0x0, 0x0, 0x0, 0x0, 0x0, 0x0,
    0x0, 0x0, 0x0, 0x0, 0x0, 0x0, 0x0, 0x0,
    0x0, 0x0, 0x78, 0x88, 0x88, 0x88, 0x88, 0x88,
    0x80, 0xef, 0xff, 0xff, 0xff, 0xff, 0xff, 0xf1,
    0xef, 0xff, 0xff, 0xff, 0xff, 0xff, 0xf1,

    /* U+003E ">" */
    0x0, 0x0, 0x0, 0x0, 0x0, 0x0, 0x0, 0x9b,
    0x40, 0x0, 0x0, 0x0, 0x0, 0x0, 0x9f, 0xfd,
    0x60, 0x0, 0x0, 0x0, 0x0, 0x6f, 0xff, 0xfe,
    0x81, 0x0, 0x0, 0x0, 0x0, 0x7d, 0xff, 0xff,
    0xa3, 0x0, 0x0, 0x0, 0x0, 0x4b, 0xff, 0xff,
    0xc6, 0x0, 0x0, 0x0, 0x0, 0x29, 0xff, 0xff,
    0xe1, 0x0, 0x0, 0x0, 0x0, 0x17, 0xef, 0xf2,
    0x0, 0x0, 0x0, 0x0, 0x17, 0xef, 0xf2, 0x0,
    0x0, 0x0, 0x29, 0xff, 0xff, 0xe1, 0x0, 0x0,
    0x4b, 0xff, 0xff, 0xd6, 0x0, 0x0, 0x6d, 0xff,
    0xff, 0xb4, 0x0, 0x0, 0x6f, 0xff, 0xff, 0x82,
    0x0, 0x0, 0x0, 0x9f, 0xfd, 0x60, 0x0, 0x0,
    0x0, 0x0, 0x9b, 0x40, 0x0, 0x0, 0x0, 0x0,
    0x0, 0x0, 0x0, 0x0, 0x0, 0x0, 0x0, 0x0,

    /* U+003F "?" */
    0x0, 0x1, 0x7c, 0xef, 0xeb, 0x50, 0x0, 0x0,
    0x5f, 0xff, 0xff, 0xff, 0xfc, 0x10, 0x5, 0xff,
    0xff, 0xcb, 0xdf, 0xff, 0xc0, 0xe, 0xff, 0xb1,
    0x0, 0x5, 0xff, 0xf5, 0x6f, 0xfd, 0x0, 0x0,
    0x0, 0x9f, 0xfa, 0xaf, 0xf8, 0x0, 0x0, 0x0,
    0x6f, 0xfb, 0x35, 0x51, 0x0, 0x0, 0x0, 0x7f,
    0xfb, 0x0, 0x0, 0x0, 0x0, 0x0, 0xdf, 0xf7,
    0x0, 0x0, 0x0, 0x0, 0x3d, 0xff, 0xd0, 0x0,
    0x0, 0x0, 0x8, 0xff, 0xfc, 0x10, 0x0, 0x0,
    0x0, 0x9f, 0xff, 0x80, 0x0, 0x0, 0x0, 0x2,
    0xff, 0xf4, 0x0, 0x0, 0x0, 0x0, 0x7, 0xff,
    0xa0, 0x0, 0x0, 0x0, 0x0, 0x8, 0xff, 0x60,
    0x0, 0x0, 0x0, 0x0, 0x2, 0x33, 0x10, 0x0,
    0x0, 0x0, 0x0, 0x0, 0x0, 0x0, 0x0, 0x0,
    0x0, 0x0, 0x7, 0x77, 0x40, 0x0, 0x0, 0x0,
    0x0, 0xf, 0xff, 0xa0, 0x0, 0x0, 0x0, 0x0,
    0xf, 0xff, 0xa0, 0x0, 0x0, 0x0, 0x0, 0xf,
    0xff, 0xa0, 0x0, 0x0,

    /* U+0040 "@" */
    0x0, 0x0, 0x0, 0x0, 0x48, 0xce, 0xff, 0xec,
    0x83, 0x0, 0x0, 0x0, 0x0, 0x0, 0x0, 0x6e,
    0xff, 0xff, 0xff, 0xff, 0xff, 0xd4, 0x0, 0x0,
    0x0, 0x0, 0x2d, 0xff, 0xe9, 0x53, 0x22, 0x35,
    0xae, 0xff, 0x80, 0x0, 0x0, 0x3, 0xef, 0xe7,
    0x0, 0x0, 0x0, 0x0, 0x0, 0x9f, 0xf8, 0x0,
    0x0, 0x1e, 0xfd, 0x20, 0x0, 0x0, 0x0, 0x0,
    0x0, 0x6, 0xff, 0x40, 0x0, 0xbf, 0xe1, 0x0,
    0x0, 0x1, 0x0, 0x1, 0x21, 0x0, 0xaf, 0xd0,
    0x4, 0xff, 0x30, 0x0, 0x3b, 0xff, 0xfb, 0x3b,
    0xfb, 0x0, 0x3f, 0xf3, 0xc, 0xfa, 0x0, 0x6,
    0xff, 0xff, 0xff, 0xff, 0xf9, 0x0, 0xd, 0xf7,
    0x1f, 0xf3, 0x0, 0x3f, 0xfe, 0x51, 0x5, 0xef,
    0xf8, 0x0, 0xb, 0xf9, 0x5f, 0xe0, 0x0, 0xbf,
    0xf3, 0x0, 0x0, 0x6f, 0xf7, 0x0, 0x9, 0xfa,
    0x9f, 0xa0, 0x1, 0xff, 0xb0, 0x0, 0x0, 0x1f,
    0xf5, 0x0, 0x9, 0xf9, 0xaf, 0x90, 0x3, 0xff,
    0x70, 0x0, 0x0, 0x1f, 0xf4, 0x0, 0xb, 0xf8,
    0xbf, 0x70, 0x3, 0xff, 0x70, 0x0, 0x0, 0x5f,
    0xf3, 0x0, 0xe, 0xf4, 0xbf, 0x80, 0x1, 0xff,
    0xb0, 0x0, 0x0, 0xcf, 0xf2, 0x0, 0x5f, 0xe0,
    0xaf, 0xa0, 0x0, 0xcf, 0xf8, 0x10, 0x3b, 0xff,
    0xf6, 0x4, 0xef, 0x60, 0x8f, 0xd0, 0x0, 0x2e,
    0xff, 0xff, 0xff, 0x7a, 0xff, 0xff, 0xf9, 0x0,
    0x4f, 0xf2, 0x0, 0x1, 0x9e, 0xff, 0xb3, 0x0,
    0x9e, 0xfc, 0x50, 0x0, 0xe, 0xfa, 0x0, 0x0,
    0x0, 0x0, 0x0, 0x0, 0x0, 0x0, 0x0, 0x0,
    0x6, 0xff, 0x60, 0x0, 0x0, 0x0, 0x0, 0x0,
    0x0, 0x0, 0x0, 0x0, 0x0, 0xbf, 0xf9, 0x0,
    0x0, 0x0, 0x0, 0x0, 0x30, 0x0, 0x0, 0x0,
    0x0, 0xb, 0xff, 0xfa, 0x53, 0x22, 0x36, 0xae,
    0xd0, 0x0, 0x0, 0x0, 0x0, 0x0, 0x7f, 0xff,
    0xff, 0xff, 0xff, 0xff, 0xe0, 0x0, 0x0, 0x0,
    0x0, 0x0, 0x0, 0x5a, 0xdf, 0xff, 0xec, 0x94,
    0x0, 0x0, 0x0, 0x0,

    /* U+0041 "A" */
    0x0, 0x0, 0x0, 0x7, 0xff, 0xfb, 0x0, 0x0,
    0x0, 0x0, 0x0, 0x0, 0x0, 0xcf, 0xff, 0xf1,
    0x0, 0x0, 0x0, 0x0, 0x0, 0x0, 0x2f, 0xff,
    0xff, 0x70, 0x0, 0x0, 0x0, 0x0, 0x0, 0x8,
    0xff, 0xaf, 0xfd, 0x0, 0x0, 0x0, 0x0, 0x0,
    0x0, 0xef, 0xf1, 0xdf, 0xf2, 0x0, 0x0, 0x0,
    0x0, 0x0, 0x3f, 0xfc, 0x8, 0xff, 0x80, 0x0,
    0x0, 0x0, 0x0, 0x9, 0xff, 0x70, 0x3f, 0xfe,
    0x0, 0x0, 0x0, 0x0, 0x0, 0xef, 0xf1, 0x0,
    0xdf, 0xf4, 0x0, 0x0, 0x0, 0x0, 0x5f, 0xfc,
    0x0, 0x8, 0xff, 0x90, 0x0, 0x0, 0x0, 0xa,
    0xff, 0x70, 0x0, 0x2f, 0xff, 0x0, 0x0, 0x0,
    0x0, 0xff, 0xf2, 0x0, 0x0, 0xdf, 0xf5, 0x0,
    0x0, 0x0, 0x6f, 0xfc, 0x0, 0x0, 0x8, 0xff,
    0xa0, 0x0, 0x0, 0xc, 0xff, 0xeb, 0xbb, 0xbb,
    0xcf, 0xff, 0x10, 0x0, 0x1, 0xff, 0xff, 0xff,
    0xff, 0xff, 0xff, 0xf6, 0x0, 0x0, 0x7f, 0xff,
    0xff, 0xff, 0xff, 0xff, 0xff, 0xc0, 0x0, 0xd,
    0xff, 0x60, 0x0, 0x0, 0x0, 0x2f, 0xff, 0x10,
    0x2, 0xff, 0xf1, 0x0, 0x0, 0x0, 0x0, 0xcf,
    0xf7, 0x0, 0x8f, 0xfa, 0x0, 0x0, 0x0, 0x0,
    0x6, 0xff, 0xd0, 0xe, 0xff, 0x50, 0x0, 0x0,
    0x0, 0x0, 0x1f, 0xff, 0x34, 0xff, 0xe0, 0x0,
    0x0, 0x0, 0x0, 0x0, 0xaf, 0xf8,

    /* U+0042 "B" */
    0x9f, 0xff, 0xff, 0xff, 0xfd, 0xa6, 0x0, 0x0,
    0x9f, 0xff, 0xff, 0xff, 0xff, 0xff, 0xd2, 0x0,
    0x9f, 0xfd, 0xaa, 0xaa, 0xbe, 0xff, 0xfe, 0x0,
    0x9f, 0xf7, 0x0, 0x0, 0x0, 0x6f, 0xff, 0x60,
    0x9f, 0xf7, 0x0, 0x0, 0x0, 0x9, 0xff, 0xa0,
    0x9f, 0xf7, 0x0, 0x0, 0x0, 0x6, 0xff, 0xb0,
    0x9f, 0xf7, 0x0, 0x0, 0x0, 0x6, 0xff, 0xa0,
    0x9f, 0xf7, 0x0, 0x0, 0x0, 0xd, 0xff, 0x60,
    0x9f, 0xf7, 0x0, 0x0, 0x15, 0xcf, 0xfc, 0x0,
    0x9f, 0xff, 0xff, 0xff, 0xff, 0xfe, 0x80, 0x0,
    0x9f, 0xff, 0xff, 0xff, 0xff, 0xfc, 0x82, 0x0,
    0x9f, 0xfb, 0x88, 0x88, 0x8a, 0xdf, 0xff, 0x40,
    0x9f, 0xf7, 0x0, 0x0, 0x0, 0x6, 0xff, 0xf1,
    0x9f, 0xf7, 0x0, 0x0, 0x0, 0x0, 0xaf, 0xf7,
    0x9f, 0xf7, 0x0, 0x0, 0x0, 0x0, 0x8f, 0xf9,
    0x9f, 0xf7, 0x0, 0x0, 0x0, 0x0, 0xbf, 0xf8,
    0x9f, 0xf7, 0x0, 0x0, 0x0, 0x7, 0xff, 0xf5,
    0x9f, 0xfd, 0xaa, 0xaa, 0xac, 0xff, 0xff, 0xd0,
    0x9f, 0xff, 0xff, 0xff, 0xff, 0xff, 0xfd, 0x10,
    0x9f, 0xff, 0xff, 0xff, 0xff, 0xda, 0x50, 0x0,

    /* U+0043 "C" */
    0x0, 0x0, 0x3, 0x9d, 0xff, 0xec, 0x82, 0x0,
    0x0, 0x0, 0x1, 0xbf, 0xff, 0xff, 0xff, 0xff,
    0x90, 0x0, 0x0, 0x2e, 0xff, 0xff, 0xdc, 0xdf,
    0xff, 0xfb, 0x0, 0x0, 0xdf, 0xff, 0x71, 0x0,
    0x1, 0x9f, 0xff, 0x70, 0x8, 0xff, 0xf4, 0x0,
    0x0, 0x0, 0x9, 0xff, 0xe0, 0xe, 0xff, 0x70,
    0x0, 0x0, 0x0, 0x0, 0xef, 0xf5, 0x4f, 0xff,
    0x0, 0x0, 0x0, 0x0, 0x0, 0x7d, 0xd8, 0x8f,
    0xfa, 0x0, 0x0, 0x0, 0x0, 0x0, 0x0, 0x0,
    0xaf, 0xf8, 0x0, 0x0, 0x0, 0x0, 0x0, 0x0,
    0x0, 0xbf, 0xf6, 0x0, 0x0, 0x0, 0x0, 0x0,
    0x0, 0x0, 0xbf, 0xf6, 0x0, 0x0, 0x0, 0x0,
    0x0, 0x0, 0x0, 0xaf, 0xf8, 0x0, 0x0, 0x0,
    0x0, 0x0, 0x0, 0x0, 0x8f, 0xfa, 0x0, 0x0,
    0x0, 0x0, 0x0, 0x13, 0x32, 0x5f, 0xff, 0x0,
    0x0, 0x0, 0x0, 0x0, 0x8f, 0xfa, 0xf, 0xff,
    0x70, 0x0, 0x0, 0x0, 0x0, 0xdf, 0xf6, 0x8,
    0xff, 0xf3, 0x0, 0x0, 0x0, 0x8, 0xff, 0xe1,
    0x0, 0xdf, 0xff, 0x70, 0x0, 0x1, 0x8f, 0xff,
    0x70, 0x0, 0x2e, 0xff, 0xff, 0xdb, 0xdf, 0xff,
    0xfa, 0x0, 0x0, 0x1, 0xbf, 0xff, 0xff, 0xff,
    0xff, 0x70, 0x0, 0x0, 0x0, 0x4, 0x9d, 0xff,
    0xec, 0x72, 0x0, 0x0,

    /* U+0044 "D" */
    0x9f, 0xff, 0xff, 0xff, 0xdb, 0x71, 0x0, 0x0,
    0x9, 0xff, 0xff, 0xff, 0xff, 0xff, 0xf8, 0x0,
    0x0, 0x9f, 0xfd, 0xbb, 0xbc, 0xef, 0xff, 0xfc,
    0x0, 0x9, 0xff, 0x70, 0x0, 0x0, 0x29, 0xff,
    0xfa, 0x0, 0x9f, 0xf7, 0x0, 0x0, 0x0, 0x5,
    0xff, 0xf4, 0x9, 0xff, 0x70, 0x0, 0x0, 0x0,
    0xa, 0xff, 0xc0, 0x9f, 0xf7, 0x0, 0x0, 0x0,
    0x0, 0x2f, 0xff, 0x19, 0xff, 0x70, 0x0, 0x0,
    0x0, 0x0, 0xef, 0xf4, 0x9f, 0xf7, 0x0, 0x0,
    0x0, 0x0, 0xb, 0xff, 0x69, 0xff, 0x70, 0x0,
    0x0, 0x0, 0x0, 0xaf, 0xf7, 0x9f, 0xf7, 0x0,
    0x0, 0x0, 0x0, 0xa, 0xff, 0x79, 0xff, 0x70,
    0x0, 0x0, 0x0, 0x0, 0xbf, 0xf6, 0x9f, 0xf7,
    0x0, 0x0, 0x0, 0x0, 0xe, 0xff, 0x49, 0xff,
    0x70, 0x0, 0x0, 0x0, 0x2, 0xff, 0xf1, 0x9f,
    0xf7, 0x0, 0x0, 0x0, 0x0, 0x9f, 0xfc, 0x9,
    0xff, 0x70, 0x0, 0x0, 0x0, 0x5f, 0xff, 0x50,
    0x9f, 0xf7, 0x0, 0x0, 0x2, 0x9f, 0xff, 0xb0,
    0x9, 0xff, 0xdb, 0xbb, 0xce, 0xff, 0xff, 0xc1,
    0x0, 0x9f, 0xff, 0xff, 0xff, 0xff, 0xff, 0x90,
    0x0, 0x9, 0xff, 0xff, 0xff, 0xfe, 0xb7, 0x20,
    0x0, 0x0,

    /* U+0045 "E" */
    0x9f, 0xff, 0xff, 0xff, 0xff, 0xff, 0xf5, 0x9f,
    0xff, 0xff, 0xff, 0xff, 0xff, 0xf5, 0x9f, 0xfd,
    0xbb, 0xbb, 0xbb, 0xbb, 0xb4, 0x9f, 0xf7, 0x0,
    0x0, 0x0, 0x0, 0x0, 0x9f, 0xf7, 0x0, 0x0,
    0x0, 0x0, 0x0, 0x9f, 0xf7, 0x0, 0x0, 0x0,
    0x0, 0x0, 0x9f, 0xf7, 0x0, 0x0, 0x0, 0x0,
    0x0, 0x9f, 0xf7, 0x0, 0x0, 0x0, 0x0, 0x0,
    0x9f, 0xf7, 0x0, 0x0, 0x0, 0x0, 0x0, 0x9f,
    0xff, 0xff, 0xff, 0xff, 0xff, 0xf0, 0x9f, 0xff,
    0xff, 0xff, 0xff, 0xff, 0xf0, 0x9f, 0xfc, 0xaa,
    0xaa, 0xaa, 0xaa, 0xa0, 0x9f, 0xf7, 0x0, 0x0,
    0x0, 0x0, 0x0, 0x9f, 0xf7, 0x0, 0x0, 0x0,
    0x0, 0x0, 0x9f, 0xf7, 0x0, 0x0, 0x0, 0x0,
    0x0, 0x9f, 0xf7, 0x0, 0x0, 0x0, 0x0, 0x0,
    0x9f, 0xf7, 0x0, 0x0, 0x0, 0x0, 0x0, 0x9f,
    0xfd, 0xbb, 0xbb, 0xbb, 0xbb, 0xb6, 0x9f, 0xff,
    0xff, 0xff, 0xff, 0xff, 0xf9, 0x9f, 0xff, 0xff,
    0xff, 0xff, 0xff, 0xf9,

    /* U+0046 "F" */
    0x9f, 0xff, 0xff, 0xff, 0xff, 0xff, 0xf5, 0x9f,
    0xff, 0xff, 0xff, 0xff, 0xff, 0xf5, 0x9f, 0xff,
    0xbb, 0xbb, 0xbb, 0xbb, 0xb3, 0x9f, 0xf7, 0x0,
    0x0, 0x0, 0x0, 0x0, 0x9f, 0xf7, 0x0, 0x0,
    0x0, 0x0, 0x0, 0x9f, 0xf7, 0x0, 0x0, 0x0,
    0x0, 0x0, 0x9f, 0xf7, 0x0, 0x0, 0x0, 0x0,
    0x0, 0x9f, 0xf7, 0x0, 0x0, 0x0, 0x0, 0x0,
    0x9f, 0xf7, 0x0, 0x0, 0x0, 0x0, 0x0, 0x9f,
    0xff, 0xff, 0xff, 0xff, 0xff, 0xd0, 0x9f, 0xff,
    0xff, 0xff, 0xff, 0xff, 0xd0, 0x9f, 0xff, 0xaa,
    0xaa, 0xaa, 0xaa, 0x80, 0x9f, 0xf7, 0x0, 0x0,
    0x0, 0x0, 0x0, 0x9f, 0xf7, 0x0, 0x0, 0x0,
    0x0, 0x0, 0x9f, 0xf7, 0x0, 0x0, 0x0, 0x0,
    0x0, 0x9f, 0xf7, 0x0, 0x0, 0x0, 0x0, 0x0,
    0x9f, 0xf7, 0x0, 0x0, 0x0, 0x0, 0x0, 0x9f,
    0xf7, 0x0, 0x0, 0x0, 0x0, 0x0, 0x9f, 0xf7,
    0x0, 0x0, 0x0, 0x0, 0x0, 0x9f, 0xf7, 0x0,
    0x0, 0x0, 0x0, 0x0,

    /* U+0047 "G" */
    0x0, 0x0, 0x3, 0x9d, 0xff, 0xec, 0x72, 0x0,
    0x0, 0x0, 0x0, 0xbf, 0xff, 0xff, 0xff, 0xff,
    0x80, 0x0, 0x0, 0x1d, 0xff, 0xff, 0xdc, 0xdf,
    0xff, 0xf9, 0x0, 0x0, 0xcf, 0xff, 0x70, 0x0,
    0x1, 0x8f, 0xff, 0x50, 0x6, 0xff, 0xf3, 0x0,
    0x0, 0x0, 0x8, 0xff, 0xe0, 0xe, 0xff, 0x70,
    0x0, 0x0, 0x0, 0x0, 0xef, 0xf4, 0x4f, 0xff,
    0x0, 0x0, 0x0, 0x0, 0x0, 0x46, 0x62, 0x8f,
    0xfb, 0x0, 0x0, 0x0, 0x0, 0x0, 0x0, 0x0,
    0xaf, 0xf7, 0x0, 0x0, 0x0, 0x0, 0x0, 0x0,
    0x0, 0xbf, 0xf6, 0x0, 0x0, 0x5, 0x88, 0x88,
    0x88, 0x84, 0xbf, 0xf6, 0x0, 0x0, 0x9, 0xff,
    0xff, 0xff, 0xf9, 0xaf, 0xf7, 0x0, 0x0, 0x9,
    0xff, 0xff, 0xff, 0xf9, 0x8f, 0xfa, 0x0, 0x0,
    0x0, 0x0, 0x0, 0x5f, 0xf9, 0x4f, 0xfe, 0x0,
    0x0, 0x0, 0x0, 0x0, 0x8f, 0xf9, 0xf, 0xff,
    0x60, 0x0, 0x0, 0x0, 0x0, 0xef, 0xf9, 0x8,
    0xff, 0xe2, 0x0, 0x0, 0x0, 0x9, 0xff, 0xf9,
    0x0, 0xdf, 0xfe, 0x60, 0x0, 0x2, 0xbf, 0xfe,
    0xf9, 0x0, 0x2e, 0xff, 0xff, 0xdc, 0xdf, 0xff,
    0xa9, 0xf9, 0x0, 0x1, 0xcf, 0xff, 0xff, 0xff,
    0xf9, 0x8, 0xf9, 0x0, 0x0, 0x4, 0xad, 0xff,
    0xd9, 0x30, 0x8, 0xf9,

    /* U+0048 "H" */
    0x9f, 0xf7, 0x0, 0x0, 0x0, 0x0, 0x6f, 0xfa,
    0x9f, 0xf7, 0x0, 0x0, 0x0, 0x0, 0x6f, 0xfa,
    0x9f, 0xf7, 0x0, 0x0, 0x0, 0x0, 0x6f, 0xfa,
    0x9f, 0xf7, 0x0, 0x0, 0x0, 0x0, 0x6f, 0xfa,
    0x9f, 0xf7, 0x0, 0x0, 0x0, 0x0, 0x6f, 0xfa,
    0x9f, 0xf7, 0x0, 0x0, 0x0, 0x0, 0x6f, 0xfa,
    0x9f, 0xf7, 0x0, 0x0, 0x0, 0x0, 0x6f, 0xfa,
    0x9f, 0xf7, 0x0, 0x0, 0x0, 0x0, 0x6f, 0xfa,
    0x9f, 0xf7, 0x0, 0x0, 0x0, 0x0, 0x6f, 0xfa,
    0x9f, 0xff, 0xff, 0xff, 0xff, 0xff, 0xff, 0xfa,
    0x9f, 0xff, 0xff, 0xff, 0xff, 0xff, 0xff, 0xfa,
    0x9f, 0xff, 0xbb, 0xbb, 0xbb, 0xbb, 0xff, 0xfa,
    0x9f, 0xf7, 0x0, 0x0, 0x0, 0x0, 0x6f, 0xfa,
    0x9f, 0xf7, 0x0, 0x0, 0x0, 0x0, 0x6f, 0xfa,
    0x9f, 0xf7, 0x0, 0x0, 0x0, 0x0, 0x6f, 0xfa,
    0x9f, 0xf7, 0x0, 0x0, 0x0, 0x0, 0x6f, 0xfa,
    0x9f, 0xf7, 0x0, 0x0, 0x0, 0x0, 0x6f, 0xfa,
    0x9f, 0xf7, 0x0, 0x0, 0x0, 0x0, 0x6f, 0xfa,
    0x9f, 0xf7, 0x0, 0x0, 0x0, 0x0, 0x6f, 0xfa,
    0x9f, 0xf7, 0x0, 0x0, 0x0, 0x0, 0x6f, 0xfa,

    /* U+0049 "I" */
    0x9f, 0xf7, 0x9f, 0xf7, 0x9f, 0xf7, 0x9f, 0xf7,
    0x9f, 0xf7, 0x9f, 0xf7, 0x9f, 0xf7, 0x9f, 0xf7,
    0x9f, 0xf7, 0x9f, 0xf7, 0x9f, 0xf7, 0x9f, 0xf7,
    0x9f, 0xf7, 0x9f, 0xf7, 0x9f, 0xf7, 0x9f, 0xf7,
    0x9f, 0xf7, 0x9f, 0xf7, 0x9f, 0xf7, 0x9f, 0xf7,

    /* U+004A "J" */
    0x0, 0x0, 0x0, 0x0, 0x0, 0xf, 0xff, 0x0,
    0x0, 0x0, 0x0, 0x0, 0x0, 0xff, 0xf0, 0x0,
    0x0, 0x0, 0x0, 0x0, 0xf, 0xff, 0x0, 0x0,
    0x0, 0x0, 0x0, 0x0, 0xff, 0xf0, 0x0, 0x0,
    0x0, 0x0, 0x0, 0xf, 0xff, 0x0, 0x0, 0x0,
    0x0, 0x0, 0x0, 0xff, 0xf0, 0x0, 0x0, 0x0,
    0x0, 0x0, 0xf, 0xff, 0x0, 0x0, 0x0, 0x0,
    0x0, 0x0, 0xff, 0xf0, 0x0, 0x0, 0x0, 0x0,
    0x0, 0xf, 0xff, 0x0, 0x0, 0x0, 0x0, 0x0,
    0x0, 0xff, 0xf0, 0x0, 0x0, 0x0, 0x0, 0x0,
    0xf, 0xff, 0x0, 0x0, 0x0, 0x0, 0x0, 0x0,
    0xff, 0xf0, 0x1, 0x11, 0x0, 0x0, 0x0, 0xf,
    0xff, 0x3, 0xff, 0xd0, 0x0, 0x0, 0x1, 0xff,
    0xe0, 0x1f, 0xff, 0x0, 0x0, 0x0, 0x3f, 0xfd,
    0x0, 0xdf, 0xf5, 0x0, 0x0, 0x9, 0xff, 0x80,
    0x7, 0xff, 0xe3, 0x0, 0x6, 0xff, 0xf2, 0x0,
    0xc, 0xff, 0xfd, 0xbe, 0xff, 0xf8, 0x0, 0x0,
    0x1c, 0xff, 0xff, 0xff, 0xf9, 0x0, 0x0, 0x0,
    0x6, 0xbe, 0xfd, 0xa4, 0x0, 0x0,

    /* U+004B "K" */
    0x9f, 0xf7, 0x0, 0x0, 0x0, 0xa, 0xff, 0xe2,
    0x9f, 0xf7, 0x0, 0x0, 0x0, 0x8f, 0xff, 0x30,
    0x9f, 0xf7, 0x0, 0x0, 0x6, 0xff, 0xf4, 0x0,
    0x9f, 0xf7, 0x0, 0x0, 0x4f, 0xff, 0x60, 0x0,
    0x9f, 0xf7, 0x0, 0x3, 0xff, 0xf8, 0x0, 0x0,
    0x9f, 0xf7, 0x0, 0x1e, 0xff, 0xa0, 0x0, 0x0,
    0x9f, 0xf7, 0x1, 0xdf, 0xfc, 0x0, 0x0, 0x0,
    0x9f, 0xf7, 0xb, 0xff, 0xd1, 0x0, 0x0, 0x0,
    0x9f, 0xf7, 0xaf, 0xff, 0x20, 0x0, 0x0, 0x0,
    0x9f, 0xfd, 0xff, 0xff, 0x60, 0x0, 0x0, 0x0,
    0x9f, 0xff, 0xff, 0xff, 0xf2, 0x0, 0x0, 0x0,
    0x9f, 0xff, 0xf4, 0xbf, 0xfd, 0x0, 0x0, 0x0,
    0x9f, 0xff, 0x60, 0x1e, 0xff, 0x90, 0x0, 0x0,
    0x9f, 0xf9, 0x0, 0x4, 0xff, 0xf4, 0x0, 0x0,
    0x9f, 0xf7, 0x0, 0x0, 0x8f, 0xfe, 0x10, 0x0,
    0x9f, 0xf7, 0x0, 0x0, 0xc, 0xff, 0xb0, 0x0,
    0x9f, 0xf7, 0x0, 0x0, 0x2, 0xff, 0xf7, 0x0,
    0x9f, 0xf7, 0x0, 0x0, 0x0, 0x6f, 0xff, 0x30,
    0x9f, 0xf7, 0x0, 0x0, 0x0, 0xa, 0xff, 0xd0,
    0x9f, 0xf7, 0x0, 0x0, 0x0, 0x1, 0xef, 0xf9,

    /* U+004C "L" */
    0x9f, 0xf7, 0x0, 0x0, 0x0, 0x0, 0x0, 0x9f,
    0xf7, 0x0, 0x0, 0x0, 0x0, 0x0, 0x9f, 0xf7,
    0x0, 0x0, 0x0, 0x0, 0x0, 0x9f, 0xf7, 0x0,
    0x0, 0x0, 0x0, 0x0, 0x9f, 0xf7, 0x0, 0x0,
    0x0, 0x0, 0x0, 0x9f, 0xf7, 0x0, 0x0, 0x0,
    0x0, 0x0, 0x9f, 0xf7, 0x0, 0x0, 0x0, 0x0,
    0x0, 0x9f, 0xf7, 0x0, 0x0, 0x0, 0x0, 0x0,
    0x9f, 0xf7, 0x0, 0x0, 0x0, 0x0, 0x0, 0x9f,
    0xf7, 0x0, 0x0, 0x0, 0x0, 0x0, 0x9f, 0xf7,
    0x0, 0x0, 0x0, 0x0, 0x0, 0x9f, 0xf7, 0x0,
    0x0, 0x0, 0x0, 0x0, 0x9f, 0xf7, 0x0, 0x0,
    0x0, 0x0, 0x0, 0x9f, 0xf7, 0x0, 0x0, 0x0,
    0x0, 0x0, 0x9f, 0xf7, 0x0, 0x0, 0x0, 0x0,
    0x0, 0x9f, 0xf7, 0x0, 0x0, 0x0, 0x0, 0x0,
    0x9f, 0xf7, 0x0, 0x0, 0x0, 0x0, 0x0, 0x9f,
    0xff, 0xbb, 0xbb, 0xbb, 0xbb, 0xb1, 0x9f, 0xff,
    0xff, 0xff, 0xff, 0xff, 0xf2, 0x9f, 0xff, 0xff,
    0xff, 0xff, 0xff, 0xf2,

    /* U+004D "M" */
    0x9f, 0xff, 0xb0, 0x0, 0x0, 0x0, 0x0, 0x0,
    0xcf, 0xff, 0x89, 0xff, 0xff, 0x10, 0x0, 0x0,
    0x0, 0x0, 0x2f, 0xff, 0xf8, 0x9f, 0xff, 0xf7,
    0x0, 0x0, 0x0, 0x0, 0x8, 0xff, 0xff, 0x89,
    0xff, 0xff, 0xc0, 0x0, 0x0, 0x0, 0x0, 0xef,
    0xff, 0xf8, 0x9f, 0xff, 0xff, 0x20, 0x0, 0x0,
    0x0, 0x4f, 0xff, 0xff, 0x89, 0xff, 0xef, 0xf8,
    0x0, 0x0, 0x0, 0x9, 0xff, 0xef, 0xf8, 0x9f,
    0xf9, 0xff, 0xe0, 0x0, 0x0, 0x0, 0xff, 0xf9,
    0xff, 0x89, 0xff, 0x7c, 0xff, 0x30, 0x0, 0x0,
    0x5f, 0xfb, 0x8f, 0xf8, 0x9f, 0xf7, 0x6f, 0xf9,
    0x0, 0x0, 0xb, 0xff, 0x58, 0xff, 0x89, 0xff,
    0x71, 0xff, 0xe0, 0x0, 0x1, 0xff, 0xf0, 0x8f,
    0xf8, 0x9f, 0xf7, 0xb, 0xff, 0x50, 0x0, 0x6f,
    0xf9, 0x8, 0xff, 0x89, 0xff, 0x70, 0x5f, 0xfa,
    0x0, 0xc, 0xff, 0x30, 0x8f, 0xf8, 0x9f, 0xf7,
    0x0, 0xef, 0xf1, 0x2, 0xff, 0xd0, 0x8, 0xff,
    0x89, 0xff, 0x70, 0x9, 0xff, 0x60, 0x7f, 0xf8,
    0x0, 0x8f, 0xf8, 0x9f, 0xf7, 0x0, 0x3f, 0xfc,
    0xd, 0xff, 0x20, 0x8, 0xff, 0x89, 0xff, 0x70,
    0x0, 0xdf, 0xf5, 0xff, 0xc0, 0x0, 0x8f, 0xf8,
    0x9f, 0xf7, 0x0, 0x7, 0xff, 0xef, 0xf6, 0x0,
    0x8, 0xff, 0x89, 0xff, 0x70, 0x0, 0x2f, 0xff,
    0xff, 0x10, 0x0, 0x8f, 0xf8, 0x9f, 0xf7, 0x0,
    0x0, 0xcf, 0xff, 0xa0, 0x0, 0x8, 0xff, 0x89,
    0xff, 0x70, 0x0, 0x6, 0xff, 0xf5, 0x0, 0x0,
    0x8f, 0xf8,

    /* U+004E "N" */
    0x9f, 0xff, 0x80, 0x0, 0x0, 0x0, 0x9, 0xff,
    0x79, 0xff, 0xff, 0x10, 0x0, 0x0, 0x0, 0x9f,
    0xf7, 0x9f, 0xff, 0xfa, 0x0, 0x0, 0x0, 0x9,
    0xff, 0x79, 0xff, 0xff, 0xf3, 0x0, 0x0, 0x0,
    0x9f, 0xf7, 0x9f, 0xfc, 0xff, 0xc0, 0x0, 0x0,
    0x9, 0xff, 0x79, 0xff, 0x7b, 0xff, 0x50, 0x0,
    0x0, 0x9f, 0xf7, 0x9f, 0xf7, 0x3f, 0xfd, 0x0,
    0x0, 0x9, 0xff, 0x79, 0xff, 0x70, 0x9f, 0xf7,
    0x0, 0x0, 0x9f, 0xf7, 0x9f, 0xf7, 0x1, 0xff,
    0xf1, 0x0, 0x9, 0xff, 0x79, 0xff, 0x70, 0x7,
    0xff, 0x90, 0x0, 0x9f, 0xf7, 0x9f, 0xf7, 0x0,
    0xe, 0xff, 0x20, 0x9, 0xff, 0x79, 0xff, 0x70,
    0x0, 0x5f, 0xfb, 0x0, 0x9f, 0xf7, 0x9f, 0xf7,
    0x0, 0x0, 0xcf, 0xf4, 0x9, 0xff, 0x79, 0xff,
    0x70, 0x0, 0x3, 0xff, 0xd0, 0x9f, 0xf7, 0x9f,
    0xf7, 0x0, 0x0, 0xa, 0xff, 0x69, 0xff, 0x79,
    0xff, 0x70, 0x0, 0x0, 0x1f, 0xfe, 0xaf, 0xf7,
    0x9f, 0xf7, 0x0, 0x0, 0x0, 0x8f, 0xff, 0xff,
    0x79, 0xff, 0x70, 0x0, 0x0, 0x0, 0xef, 0xff,
    0xf7, 0x9f, 0xf7, 0x0, 0x0, 0x0, 0x6, 0xff,
    0xff, 0x79, 0xff, 0x70, 0x0, 0x0, 0x0, 0xc,
    0xff, 0xf7,

    /* U+004F "O" */
    0x0, 0x0, 0x3, 0x9d, 0xff, 0xfd, 0x93, 0x0,
    0x0, 0x0, 0x0, 0x1b, 0xff, 0xff, 0xff, 0xff,
    0xfb, 0x20, 0x0, 0x0, 0x2e, 0xff, 0xff, 0xdc,
    0xdf, 0xff, 0xfe, 0x30, 0x0, 0xd, 0xff, 0xf7,
    0x10, 0x0, 0x17, 0xff, 0xfe, 0x10, 0x8, 0xff,
    0xf4, 0x0, 0x0, 0x0, 0x3, 0xff, 0xf9, 0x0,
    0xff, 0xf7, 0x0, 0x0, 0x0, 0x0, 0x7, 0xff,
    0xf1, 0x5f, 0xff, 0x0, 0x0, 0x0, 0x0, 0x0,
    0xf, 0xff, 0x58, 0xff, 0xa0, 0x0, 0x0, 0x0,
    0x0, 0x0, 0xaf, 0xf9, 0xaf, 0xf8, 0x0, 0x0,
    0x0, 0x0, 0x0, 0x7, 0xff, 0xbb, 0xff, 0x60,
    0x0, 0x0, 0x0, 0x0, 0x0, 0x6f, 0xfc, 0xbf,
    0xf6, 0x0, 0x0, 0x0, 0x0, 0x0, 0x6, 0xff,
    0xcb, 0xff, 0x80, 0x0, 0x0, 0x0, 0x0, 0x0,
    0x7f, 0xfb, 0x8f, 0xfa, 0x0, 0x0, 0x0, 0x0,
    0x0, 0xa, 0xff, 0x95, 0xff, 0xf0, 0x0, 0x0,
    0x0, 0x0, 0x0, 0xef, 0xf5, 0xf, 0xff, 0x70,
    0x0, 0x0, 0x0, 0x0, 0x6f, 0xff, 0x10, 0x9f,
    0xff, 0x30, 0x0, 0x0, 0x0, 0x3f, 0xff, 0x90,
    0x1, 0xef, 0xff, 0x71, 0x0, 0x1, 0x7f, 0xff,
    0xe1, 0x0, 0x2, 0xef, 0xff, 0xfd, 0xbd, 0xff,
    0xff, 0xe3, 0x0, 0x0, 0x2, 0xcf, 0xff, 0xff,
    0xff, 0xff, 0xc2, 0x0, 0x0, 0x0, 0x0, 0x49,
    0xdf, 0xff, 0xd9, 0x40, 0x0, 0x0,

    /* U+0050 "P" */
    0x9f, 0xff, 0xff, 0xff, 0xfd, 0xa4, 0x0, 0x0,
    0x9f, 0xff, 0xff, 0xff, 0xff, 0xff, 0xc1, 0x0,
    0x9f, 0xfd, 0xbb, 0xbb, 0xdf, 0xff, 0xfd, 0x0,
    0x9f, 0xf7, 0x0, 0x0, 0x0, 0x7f, 0xff, 0x70,
    0x9f, 0xf7, 0x0, 0x0, 0x0, 0x8, 0xff, 0xc0,
    0x9f, 0xf7, 0x0, 0x0, 0x0, 0x2, 0xff, 0xf0,
    0x9f, 0xf7, 0x0, 0x0, 0x0, 0x1, 0xff, 0xf0,
    0x9f, 0xf7, 0x0, 0x0, 0x0, 0x3, 0xff, 0xe0,
    0x9f, 0xf7, 0x0, 0x0, 0x0, 0xa, 0xff, 0xa0,
    0x9f, 0xf7, 0x0, 0x0, 0x14, 0xbf, 0xff, 0x40,
    0x9f, 0xff, 0xff, 0xff, 0xff, 0xff, 0xf8, 0x0,
    0x9f, 0xff, 0xff, 0xff, 0xff, 0xff, 0x60, 0x0,
    0x9f, 0xfd, 0xbb, 0xbb, 0xa8, 0x50, 0x0, 0x0,
    0x9f, 0xf7, 0x0, 0x0, 0x0, 0x0, 0x0, 0x0,
    0x9f, 0xf7, 0x0, 0x0, 0x0, 0x0, 0x0, 0x0,
    0x9f, 0xf7, 0x0, 0x0, 0x0, 0x0, 0x0, 0x0,
    0x9f, 0xf7, 0x0, 0x0, 0x0, 0x0, 0x0, 0x0,
    0x9f, 0xf7, 0x0, 0x0, 0x0, 0x0, 0x0, 0x0,
    0x9f, 0xf7, 0x0, 0x0, 0x0, 0x0, 0x0, 0x0,
    0x9f, 0xf7, 0x0, 0x0, 0x0, 0x0, 0x0, 0x0,

    /* U+0051 "Q" */
    0x0, 0x0, 0x3, 0x9d, 0xff, 0xec, 0x82, 0x0,
    0x0, 0x0, 0x0, 0xa, 0xff, 0xff, 0xff, 0xff,
    0xf9, 0x0, 0x0, 0x0, 0x1d, 0xff, 0xff, 0xdc,
    0xef, 0xff, 0xfc, 0x10, 0x0, 0xc, 0xff, 0xf8,
    0x10, 0x0, 0x19, 0xff, 0xfb, 0x0, 0x6, 0xff,
    0xf4, 0x0, 0x0, 0x0, 0x6, 0xff, 0xf5, 0x0,
    0xef, 0xf8, 0x0, 0x0, 0x0, 0x0, 0xa, 0xff,
    0xc0, 0x4f, 0xff, 0x0, 0x0, 0x0, 0x0, 0x0,
    0x2f, 0xff, 0x28, 0xff, 0xb0, 0x0, 0x0, 0x0,
    0x0, 0x0, 0xdf, 0xf6, 0xaf, 0xf8, 0x0, 0x0,
    0x0, 0x0, 0x0, 0xa, 0xff, 0x8b, 0xff, 0x60,
    0x0, 0x0, 0x0, 0x0, 0x0, 0x9f, 0xf9, 0xbf,
    0xf6, 0x0, 0x0, 0x0, 0x0, 0x0, 0x8, 0xff,
    0x9a, 0xff, 0x80, 0x0, 0x0, 0x0, 0x0, 0x0,
    0xaf, 0xf7, 0x8f, 0xfb, 0x0, 0x0, 0x0, 0x0,
    0x0, 0xd, 0xff, 0x54, 0xff, 0xf0, 0x0, 0x3,
    0x55, 0x10, 0x1, 0xff, 0xf1, 0xe, 0xff, 0x80,
    0x0, 0x1e, 0xfd, 0x0, 0x9f, 0xfb, 0x0, 0x6f,
    0xff, 0x40, 0x0, 0x3f, 0xfa, 0x6f, 0xff, 0x30,
    0x0, 0xbf, 0xff, 0x70, 0x0, 0x5f, 0xff, 0xff,
    0x90, 0x0, 0x1, 0xcf, 0xff, 0xfd, 0xbd, 0xff,
    0xff, 0xa0, 0x0, 0x0, 0x0, 0xaf, 0xff, 0xff,
    0xff, 0xff, 0xf2, 0x0, 0x0, 0x0, 0x0, 0x39,
    0xdf, 0xfe, 0xc8, 0xef, 0xc0, 0x0, 0x0, 0x0,
    0x0, 0x0, 0x0, 0x0, 0x4, 0xff, 0x90, 0x0,
    0x0, 0x0, 0x0, 0x0, 0x0, 0x0, 0x5, 0x87,
    0x10,

    /* U+0052 "R" */
    0x9f, 0xff, 0xff, 0xff, 0xfe, 0xb6, 0x0, 0x0,
    0x9f, 0xff, 0xff, 0xff, 0xff, 0xff, 0xd3, 0x0,
    0x9f, 0xfd, 0xbb, 0xbb, 0xce, 0xff, 0xfe, 0x20,
    0x9f, 0xf7, 0x0, 0x0, 0x0, 0x5f, 0xff, 0xa0,
    0x9f, 0xf7, 0x0, 0x0, 0x0, 0x5, 0xff, 0xf0,
    0x9f, 0xf7, 0x0, 0x0, 0x0, 0x0, 0xff, 0xf2,
    0x9f, 0xf7, 0x0, 0x0, 0x0, 0x0, 0xff, 0xf2,
    0x9f, 0xf7, 0x0, 0x0, 0x0, 0x1, 0xff, 0xf0,
    0x9f, 0xf7, 0x0, 0x0, 0x0, 0x8, 0xff, 0xa0,
    0x9f, 0xf7, 0x0, 0x0, 0x2, 0x9f, 0xfd, 0x10,
    0x9f, 0xff, 0xff, 0xff, 0xff, 0xff, 0x91, 0x0,
    0x9f, 0xff, 0xff, 0xff, 0xff, 0xff, 0xe6, 0x0,
    0x9f, 0xfd, 0xbb, 0xbb, 0xbc, 0xff, 0xff, 0x40,
    0x9f, 0xf7, 0x0, 0x0, 0x0, 0x1b, 0xff, 0xb0,
    0x9f, 0xf7, 0x0, 0x0, 0x0, 0x3, 0xff, 0xe0,
    0x9f, 0xf7, 0x0, 0x0, 0x0, 0x0, 0xff, 0xf0,
    0x9f, 0xf7, 0x0, 0x0, 0x0, 0x0, 0xff, 0xf1,
    0x9f, 0xf7, 0x0, 0x0, 0x0, 0x0, 0xdf, 0xf3,
    0x9f, 0xf7, 0x0, 0x0, 0x0, 0x0, 0xcf, 0xf4,
    0x9f, 0xf7, 0x0, 0x0, 0x0, 0x0, 0xbf, 0xf6,

    /* U+0053 "S" */
    0x0, 0x0, 0x6b, 0xef, 0xed, 0x93, 0x0, 0x0,
    0x0, 0x3e, 0xff, 0xff, 0xff, 0xff, 0xa0, 0x0,
    0x2, 0xef, 0xff, 0xdb, 0xcf, 0xff, 0xfb, 0x0,
    0xa, 0xff, 0xe3, 0x0, 0x0, 0x6f, 0xff, 0x70,
    0xe, 0xff, 0x40, 0x0, 0x0, 0x6, 0xff, 0xe0,
    0xf, 0xff, 0x10, 0x0, 0x0, 0x0, 0xef, 0xf3,
    0xf, 0xff, 0x40, 0x0, 0x0, 0x0, 0x45, 0x52,
    0xa, 0xff, 0xe6, 0x0, 0x0, 0x0, 0x0, 0x0,
    0x1, 0xef, 0xff, 0xfa, 0x62, 0x0, 0x0, 0x0,
    0x0, 0x19, 0xff, 0xff, 0xff, 0xe9, 0x20, 0x0,
    0x0, 0x0, 0x16, 0xaf, 0xff, 0xff, 0xf9, 0x0,
    0x0, 0x0, 0x0, 0x0, 0x38, 0xdf, 0xff, 0xb0,
    0x0, 0x0, 0x0, 0x0, 0x0, 0x6, 0xff, 0xf5,
    0x4b, 0xb7, 0x0, 0x0, 0x0, 0x0, 0x8f, 0xfa,
    0x3f, 0xfe, 0x0, 0x0, 0x0, 0x0, 0x5f, 0xfc,
    0xe, 0xff, 0x70, 0x0, 0x0, 0x0, 0x8f, 0xfa,
    0x7, 0xff, 0xf8, 0x0, 0x0, 0x5, 0xff, 0xf5,
    0x0, 0xaf, 0xff, 0xfc, 0xbc, 0xef, 0xff, 0xb0,
    0x0, 0x8, 0xff, 0xff, 0xff, 0xff, 0xfa, 0x0,
    0x0, 0x0, 0x28, 0xce, 0xfe, 0xd9, 0x30, 0x0,

    /* U+0054 "T" */
    0xaf, 0xff, 0xff, 0xff, 0xff, 0xff, 0xff, 0xf9,
    0xaf, 0xff, 0xff, 0xff, 0xff, 0xff, 0xff, 0xf9,
    0x7b, 0xbb, 0xbb, 0xef, 0xfd, 0xbb, 0xbb, 0xb6,
    0x0, 0x0, 0x0, 0x9f, 0xf7, 0x0, 0x0, 0x0,
    0x0, 0x0, 0x0, 0x9f, 0xf7, 0x0, 0x0, 0x0,
    0x0, 0x0, 0x0, 0x9f, 0xf7, 0x0, 0x0, 0x0,
    0x0, 0x0, 0x0, 0x9f, 0xf7, 0x0, 0x0, 0x0,
    0x0, 0x0, 0x0, 0x9f, 0xf7, 0x0, 0x0, 0x0,
    0x0, 0x0, 0x0, 0x9f, 0xf7, 0x0, 0x0, 0x0,
    0x0, 0x0, 0x0, 0x9f, 0xf7, 0x0, 0x0, 0x0,
    0x0, 0x0, 0x0, 0x9f, 0xf7, 0x0, 0x0, 0x0,
    0x0, 0x0, 0x0, 0x9f, 0xf7, 0x0, 0x0, 0x0,
    0x0, 0x0, 0x0, 0x9f, 0xf7, 0x0, 0x0, 0x0,
    0x0, 0x0, 0x0, 0x9f, 0xf7, 0x0, 0x0, 0x0,
    0x0, 0x0, 0x0, 0x9f, 0xf7, 0x0, 0x0, 0x0,
    0x0, 0x0, 0x0, 0x9f, 0xf7, 0x0, 0x0, 0x0,
    0x0, 0x0, 0x0, 0x9f, 0xf7, 0x0, 0x0, 0x0,
    0x0, 0x0, 0x0, 0x9f, 0xf7, 0x0, 0x0, 0x0,
    0x0, 0x0, 0x0, 0x9f, 0xf7, 0x0, 0x0, 0x0,
    0x0, 0x0, 0x0, 0x9f, 0xf7, 0x0, 0x0, 0x0,

    /* U+0055 "U" */
    0xf, 0xff, 0x0, 0x0, 0x0, 0x0, 0x9, 0xff,
    0x70, 0xff, 0xf0, 0x0, 0x0, 0x0, 0x0, 0x9f,
    0xf7, 0xf, 0xff, 0x0, 0x0, 0x0, 0x0, 0x9,
    0xff, 0x70, 0xff, 0xf0, 0x0, 0x0, 0x0, 0x0,
    0x9f, 0xf7, 0xf, 0xff, 0x0, 0x0, 0x0, 0x0,
    0x9, 0xff, 0x70, 0xff, 0xf0, 0x0, 0x0, 0x0,
    0x0, 0x9f, 0xf7, 0xf, 0xff, 0x0, 0x0, 0x0,
    0x0, 0x9, 0xff, 0x70, 0xff, 0xf0, 0x0, 0x0,
    0x0, 0x0, 0x9f, 0xf7, 0xf, 0xff, 0x0, 0x0,
    0x0, 0x0, 0x9, 0xff, 0x70, 0xff, 0xf0, 0x0,
    0x0, 0x0, 0x0, 0x9f, 0xf7, 0xf, 0xff, 0x0,
    0x0, 0x0, 0x0, 0x9, 0xff, 0x70, 0xff, 0xf0,
    0x0, 0x0, 0x0, 0x0, 0x9f, 0xf7, 0xf, 0xff,
    0x0, 0x0, 0x0, 0x0, 0x9, 0xff, 0x60, 0xef,
    0xf1, 0x0, 0x0, 0x0, 0x0, 0xaf, 0xf5, 0xc,
    0xff, 0x40, 0x0, 0x0, 0x0, 0xd, 0xff, 0x30,
    0x7f, 0xfc, 0x0, 0x0, 0x0, 0x5, 0xff, 0xe0,
    0x1, 0xff, 0xfb, 0x20, 0x0, 0x6, 0xff, 0xf7,
    0x0, 0x5, 0xff, 0xff, 0xdb, 0xcf, 0xff, 0xfc,
    0x0, 0x0, 0x5, 0xef, 0xff, 0xff, 0xff, 0xfa,
    0x0, 0x0, 0x0, 0x1, 0x6b, 0xef, 0xed, 0x93,
    0x0, 0x0,

    /* U+0056 "V" */
    0x4f, 0xfe, 0x0, 0x0, 0x0, 0x0, 0x0, 0xb,
    0xff, 0x80, 0xef, 0xf4, 0x0, 0x0, 0x0, 0x0,
    0x1, 0xff, 0xf2, 0x8, 0xff, 0xa0, 0x0, 0x0,
    0x0, 0x0, 0x6f, 0xfc, 0x0, 0x2f, 0xff, 0x0,
    0x0, 0x0, 0x0, 0xc, 0xff, 0x70, 0x0, 0xdf,
    0xf5, 0x0, 0x0, 0x0, 0x1, 0xff, 0xf1, 0x0,
    0x7, 0xff, 0xb0, 0x0, 0x0, 0x0, 0x7f, 0xfb,
    0x0, 0x0, 0x1f, 0xff, 0x10, 0x0, 0x0, 0xc,
    0xff, 0x50, 0x0, 0x0, 0xcf, 0xf6, 0x0, 0x0,
    0x2, 0xff, 0xf0, 0x0, 0x0, 0x6, 0xff, 0xc0,
    0x0, 0x0, 0x8f, 0xfa, 0x0, 0x0, 0x0, 0xf,
    0xff, 0x10, 0x0, 0xd, 0xff, 0x40, 0x0, 0x0,
    0x0, 0xaf, 0xf7, 0x0, 0x3, 0xff, 0xe0, 0x0,
    0x0, 0x0, 0x5, 0xff, 0xd0, 0x0, 0x9f, 0xf9,
    0x0, 0x0, 0x0, 0x0, 0xe, 0xff, 0x20, 0xe,
    0xff, 0x30, 0x0, 0x0, 0x0, 0x0, 0x9f, 0xf8,
    0x4, 0xff, 0xd0, 0x0, 0x0, 0x0, 0x0, 0x3,
    0xff, 0xd0, 0xaf, 0xf7, 0x0, 0x0, 0x0, 0x0,
    0x0, 0xe, 0xff, 0x4f, 0xff, 0x20, 0x0, 0x0,
    0x0, 0x0, 0x0, 0x8f, 0xfd, 0xff, 0xc0, 0x0,
    0x0, 0x0, 0x0, 0x0, 0x2, 0xff, 0xff, 0xf6,
    0x0, 0x0, 0x0, 0x0, 0x0, 0x0, 0xc, 0xff,
    0xff, 0x10, 0x0, 0x0, 0x0, 0x0, 0x0, 0x0,
    0x7f, 0xff, 0xb0, 0x0, 0x0, 0x0,

    /* U+0057 "W" */
    0xcf, 0xf6, 0x0, 0x0, 0x0, 0x1f, 0xff, 0x30,
    0x0, 0x0, 0x5, 0xff, 0xe0, 0x8f, 0xfa, 0x0,
    0x0, 0x0, 0x5f, 0xff, 0x70, 0x0, 0x0, 0x9,
    0xff, 0xa0, 0x4f, 0xfe, 0x0, 0x0, 0x0, 0x9f,
    0xff, 0xb0, 0x0, 0x0, 0xd, 0xff, 0x60, 0xf,
    0xff, 0x20, 0x0, 0x0, 0xdf, 0xff, 0xf0, 0x0,
    0x0, 0x1f, 0xff, 0x20, 0xc, 0xff, 0x60, 0x0,
    0x1, 0xff, 0xff, 0xf3, 0x0, 0x0, 0x4f, 0xfd,
    0x0, 0x7, 0xff, 0x90, 0x0, 0x5, 0xff, 0xef,
    0xf6, 0x0, 0x0, 0x8f, 0xf9, 0x0, 0x3, 0xff,
    0xd0, 0x0, 0x9, 0xff, 0x7f, 0xfa, 0x0, 0x0,
    0xcf, 0xf5, 0x0, 0x0, 0xff, 0xf1, 0x0, 0xd,
    0xff, 0xe, 0xfe, 0x0, 0x0, 0xff, 0xf1, 0x0,
    0x0, 0xbf, 0xf5, 0x0, 0x1f, 0xfc, 0xa, 0xff,
    0x20, 0x4, 0xff, 0xd0, 0x0, 0x0, 0x7f, 0xf9,
    0x0, 0x5f, 0xf8, 0x6, 0xff, 0x60, 0x8, 0xff,
    0x80, 0x0, 0x0, 0x2f, 0xfd, 0x0, 0x8f, 0xf4,
    0x2, 0xff, 0xa0, 0xc, 0xff, 0x40, 0x0, 0x0,
    0xe, 0xff, 0x10, 0xcf, 0xf0, 0x0, 0xef, 0xe0,
    0xf, 0xff, 0x0, 0x0, 0x0, 0xa, 0xff, 0x50,
    0xff, 0xc0, 0x0, 0xaf, 0xf2, 0x3f, 0xfc, 0x0,
    0x0, 0x0, 0x6, 0xff, 0x94, 0xff, 0x80, 0x0,
    0x6f, 0xf6, 0x7f, 0xf7, 0x0, 0x0, 0x0, 0x1,
    0xff, 0xd8, 0xff, 0x30, 0x0, 0x2f, 0xfa, 0xbf,
    0xf3, 0x0, 0x0, 0x0, 0x0, 0xdf, 0xfd, 0xff,
    0x0, 0x0, 0xe, 0xfe, 0xff, 0xf0, 0x0, 0x0,
    0x0, 0x0, 0x9f, 0xff, 0xfb, 0x0, 0x0, 0xa,
    0xff, 0xff, 0xb0, 0x0, 0x0, 0x0, 0x0, 0x5f,
    0xff, 0xf7, 0x0, 0x0, 0x6, 0xff, 0xff, 0x70,
    0x0, 0x0, 0x0, 0x0, 0x1f, 0xff, 0xf3, 0x0,
    0x0, 0x2, 0xff, 0xff, 0x20, 0x0, 0x0, 0x0,
    0x0, 0xc, 0xff, 0xf0, 0x0, 0x0, 0x0, 0xef,
    0xfe, 0x0, 0x0, 0x0,

    /* U+0058 "X" */
    0x3f, 0xff, 0x50, 0x0, 0x0, 0x0, 0x9, 0xff,
    0xd0, 0x9, 0xff, 0xe1, 0x0, 0x0, 0x0, 0x3f,
    0xff, 0x40, 0x0, 0xdf, 0xf9, 0x0, 0x0, 0x0,
    0xdf, 0xf9, 0x0, 0x0, 0x4f, 0xff, 0x40, 0x0,
    0x7, 0xff, 0xe0, 0x0, 0x0, 0x9, 0xff, 0xd0,
    0x0, 0x2f, 0xff, 0x40, 0x0, 0x0, 0x0, 0xef,
    0xf8, 0x0, 0xcf, 0xf9, 0x0, 0x0, 0x0, 0x0,
    0x4f, 0xff, 0x36, 0xff, 0xe1, 0x0, 0x0, 0x0,
    0x0, 0x9, 0xff, 0xde, 0xff, 0x40, 0x0, 0x0,
    0x0, 0x0, 0x1, 0xef, 0xff, 0xfa, 0x0, 0x0,
    0x0, 0x0, 0x0, 0x0, 0x4f, 0xff, 0xe1, 0x0,
    0x0, 0x0, 0x0, 0x0, 0x0, 0x5f, 0xff, 0xf2,
    0x0, 0x0, 0x0, 0x0, 0x0, 0x1, 0xef, 0xff,
    0xfb, 0x0, 0x0, 0x0, 0x0, 0x0, 0xa, 0xff,
    0xbe, 0xff, 0x60, 0x0, 0x0, 0x0, 0x0, 0x5f,
    0xff, 0x16, 0xff, 0xf1, 0x0, 0x0, 0x0, 0x1,
    0xef, 0xf6, 0x0, 0xbf, 0xfb, 0x0, 0x0, 0x0,
    0xa, 0xff, 0xc0, 0x0, 0x2f, 0xff, 0x50, 0x0,
    0x0, 0x4f, 0xff, 0x20, 0x0, 0x7, 0xff, 0xe1,
    0x0, 0x1, 0xef, 0xf8, 0x0, 0x0, 0x0, 0xcf,
    0xfa, 0x0, 0x9, 0xff, 0xd0, 0x0, 0x0, 0x0,
    0x3f, 0xff, 0x50, 0x4f, 0xff, 0x30, 0x0, 0x0,
    0x0, 0x8, 0xff, 0xe1,

    /* U+0059 "Y" */
    0xd, 0xff, 0x90, 0x0, 0x0, 0x0, 0x0, 0xef,
    0xf8, 0x4, 0xff, 0xf2, 0x0, 0x0, 0x0, 0x7,
    0xff, 0xe0, 0x0, 0xbf, 0xfb, 0x0, 0x0, 0x0,
    0x1f, 0xff, 0x50, 0x0, 0x2f, 0xff, 0x40, 0x0,
    0x0, 0x9f, 0xfc, 0x0, 0x0, 0x8, 0xff, 0xd0,
    0x0, 0x3, 0xff, 0xf3, 0x0, 0x0, 0x0, 0xef,
    0xf6, 0x0, 0xc, 0xff, 0x90, 0x0, 0x0, 0x0,
    0x6f, 0xfe, 0x0, 0x5f, 0xff, 0x10, 0x0, 0x0,
    0x0, 0xc, 0xff, 0x80, 0xdf, 0xf7, 0x0, 0x0,
    0x0, 0x0, 0x3, 0xff, 0xf8, 0xff, 0xd0, 0x0,
    0x0, 0x0, 0x0, 0x0, 0xaf, 0xff, 0xff, 0x40,
    0x0, 0x0, 0x0, 0x0, 0x0, 0x1f, 0xff, 0xfa,
    0x0, 0x0, 0x0, 0x0, 0x0, 0x0, 0x7, 0xff,
    0xf2, 0x0, 0x0, 0x0, 0x0, 0x0, 0x0, 0x3,
    0xff, 0xd0, 0x0, 0x0, 0x0, 0x0, 0x0, 0x0,
    0x3, 0xff, 0xd0, 0x0, 0x0, 0x0, 0x0, 0x0,
    0x0, 0x3, 0xff, 0xd0, 0x0, 0x0, 0x0, 0x0,
    0x0, 0x0, 0x3, 0xff, 0xd0, 0x0, 0x0, 0x0,
    0x0, 0x0, 0x0, 0x3, 0xff, 0xd0, 0x0, 0x0,
    0x0, 0x0, 0x0, 0x0, 0x3, 0xff, 0xd0, 0x0,
    0x0, 0x0, 0x0, 0x0, 0x0, 0x3, 0xff, 0xd0,
    0x0, 0x0, 0x0, 0x0, 0x0, 0x0, 0x3, 0xff,
    0xd0, 0x0, 0x0, 0x0,

    /* U+005A "Z" */
    0xd, 0xff, 0xff, 0xff, 0xff, 0xff, 0xff, 0x90,
    0xdf, 0xff, 0xff, 0xff, 0xff, 0xff, 0xf9, 0x9,
    0xbb, 0xbb, 0xbb, 0xbb, 0xcf, 0xff, 0x90, 0x0,
    0x0, 0x0, 0x0, 0x8, 0xff, 0xf2, 0x0, 0x0,
    0x0, 0x0, 0x3, 0xff, 0xf6, 0x0, 0x0, 0x0,
    0x0, 0x0, 0xdf, 0xfa, 0x0, 0x0, 0x0, 0x0,
    0x0, 0xaf, 0xfe, 0x10, 0x0, 0x0, 0x0, 0x0,
    0x5f, 0xff, 0x40, 0x0, 0x0, 0x0, 0x0, 0x1e,
    0xff, 0x80, 0x0, 0x0, 0x0, 0x0, 0xb, 0xff,
    0xc0, 0x0, 0x0, 0x0, 0x0, 0x7, 0xff, 0xf2,
    0x0, 0x0, 0x0, 0x0, 0x3, 0xff, 0xf6, 0x0,
    0x0, 0x0, 0x0, 0x0, 0xdf, 0xfb, 0x0, 0x0,
    0x0, 0x0, 0x0, 0x9f, 0xfe, 0x10, 0x0, 0x0,
    0x0, 0x0, 0x4f, 0xff, 0x40, 0x0, 0x0, 0x0,
    0x0, 0x1e, 0xff, 0x90, 0x0, 0x0, 0x0, 0x0,
    0xb, 0xff, 0xd0, 0x0, 0x0, 0x0, 0x0, 0x3,
    0xff, 0xfd, 0xbb, 0xbb, 0xbb, 0xbb, 0xba, 0x3f,
    0xff, 0xff, 0xff, 0xff, 0xff, 0xff, 0xe3, 0xff,
    0xff, 0xff, 0xff, 0xff, 0xff, 0xfe,

    /* U+005B "[" */
    0x9f, 0xff, 0xff, 0xfb, 0x9f, 0xff, 0xff, 0xfb,
    0x9f, 0xf8, 0x55, 0x54, 0x9f, 0xf3, 0x0, 0x0,
    0x9f, 0xf3, 0x0, 0x0, 0x9f, 0xf3, 0x0, 0x0,
    0x9f, 0xf3, 0x0, 0x0, 0x9f, 0xf3, 0x0, 0x0,
    0x9f, 0xf3, 0x0, 0x0, 0x9f, 0xf3, 0x0, 0x0,
    0x9f, 0xf3, 0x0, 0x0, 0x9f, 0xf3, 0x0, 0x0,
    0x9f, 0xf3, 0x0, 0x0, 0x9f, 0xf3, 0x0, 0x0,
    0x9f, 0xf3, 0x0, 0x0, 0x9f, 0xf3, 0x0, 0x0,
    0x9f, 0xf3, 0x0, 0x0, 0x9f, 0xf3, 0x0, 0x0,
    0x9f, 0xf3, 0x0, 0x0, 0x9f, 0xf3, 0x0, 0x0,
    0x9f, 0xf3, 0x0, 0x0, 0x9f, 0xf8, 0x66, 0x64,
    0x9f, 0xff, 0xff, 0xfb, 0x9f, 0xff, 0xff, 0xfb,

    /* U+005C "\\" */
    0x78, 0x70, 0x0, 0x0, 0x0, 0x0, 0xaf, 0xf3,
    0x0, 0x0, 0x0, 0x0, 0x4f, 0xf9, 0x0, 0x0,
    0x0, 0x0, 0xe, 0xfe, 0x0, 0x0, 0x0, 0x0,
    0x9, 0xff, 0x40, 0x0, 0x0, 0x0, 0x3, 0xff,
    0xa0, 0x0, 0x0, 0x0, 0x0, 0xdf, 0xf0, 0x0,
    0x0, 0x0, 0x0, 0x8f, 0xf5, 0x0, 0x0, 0x0,
    0x0, 0x2f, 0xfb, 0x0, 0x0, 0x0, 0x0, 0xd,
    0xff, 0x10, 0x0, 0x0, 0x0, 0x7, 0xff, 0x60,
    0x0, 0x0, 0x0, 0x2, 0xff, 0xc0, 0x0, 0x0,
    0x0, 0x0, 0xcf, 0xf1, 0x0, 0x0, 0x0, 0x0,
    0x6f, 0xf7, 0x0, 0x0, 0x0, 0x0, 0x1f, 0xfd,
    0x0, 0x0, 0x0, 0x0, 0xb, 0xff, 0x20, 0x0,
    0x0, 0x0, 0x5, 0xff, 0x80, 0x0, 0x0, 0x0,
    0x0, 0xff, 0xd0, 0x0, 0x0, 0x0, 0x0, 0xaf,
    0xf3, 0x0, 0x0, 0x0, 0x0, 0x5f, 0xf9, 0x0,
    0x0, 0x0, 0x0, 0xe, 0xfe, 0x0, 0x0, 0x0,
    0x0, 0x9, 0xff, 0x40, 0x0, 0x0, 0x0, 0x4,
    0xff, 0xa0, 0x0, 0x0, 0x0, 0x0, 0xef, 0xf0,

    /* U+005D "]" */
    0x9f, 0xff, 0xff, 0xfb, 0x9f, 0xff, 0xff, 0xfb,
    0x35, 0x55, 0x7f, 0xfb, 0x0, 0x0, 0x2f, 0xfb,
    0x0, 0x0, 0x2f, 0xfb, 0x0, 0x0, 0x2f, 0xfb,
    0x0, 0x0, 0x2f, 0xfb, 0x0, 0x0, 0x2f, 0xfb,
    0x0, 0x0, 0x2f, 0xfb, 0x0, 0x0, 0x2f, 0xfb,
    0x0, 0x0, 0x2f, 0xfb, 0x0, 0x0, 0x2f, 0xfb,
    0x0, 0x0, 0x2f, 0xfb, 0x0, 0x0, 0x2f, 0xfb,
    0x0, 0x0, 0x2f, 0xfb, 0x0, 0x0, 0x2f, 0xfb,
    0x0, 0x0, 0x2f, 0xfb, 0x0, 0x0, 0x2f, 0xfb,
    0x0, 0x0, 0x2f, 0xfb, 0x0, 0x0, 0x2f, 0xfb,
    0x0, 0x0, 0x2f, 0xfb, 0x36, 0x66, 0x7f, 0xfb,
    0x9f, 0xff, 0xff, 0xfb, 0x9f, 0xff, 0xff, 0xfb,

    /* U+005E "^" */
    0x0, 0xb, 0xff, 0xf0, 0x0, 0x0, 0x2, 0xff,
    0xff, 0x60, 0x0, 0x0, 0x9f, 0xeb, 0xfd, 0x0,
    0x0, 0xf, 0xf8, 0x4f, 0xf3, 0x0, 0x6, 0xff,
    0x20, 0xdf, 0xa0, 0x0, 0xdf, 0xb0, 0x7, 0xff,
    0x10, 0x3f, 0xf4, 0x0, 0x1f, 0xf8, 0xa, 0xfd,
    0x0, 0x0, 0x9f, 0xe0,

    /* U+005F "_" */
    0x78, 0x88, 0x88, 0x88, 0x88, 0x88, 0x83, 0xdf,
    0xff, 0xff, 0xff, 0xff, 0xff, 0xf7, 0xdf, 0xff,
    0xff, 0xff, 0xff, 0xff, 0xf7,

    /* U+0060 "`" */
    0x6b, 0xb4, 0x0, 0x1e, 0xfd, 0x0, 0x5, 0xff,
    0x50, 0x0, 0xaf, 0xc0,

    /* U+0061 "a" */
    0x0, 0x4, 0xae, 0xff, 0xd9, 0x20, 0x0, 0x0,
    0xa, 0xff, 0xff, 0xff, 0xff, 0x50, 0x0, 0x9,
    0xff, 0xfb, 0x89, 0xdf, 0xff, 0x20, 0x2, 0xff,
    0xf3, 0x0, 0x0, 0xaf, 0xf9, 0x0, 0x6d, 0xd8,
    0x0, 0x0, 0x2, 0xff, 0xe0, 0x0, 0x0, 0x0,
    0x0, 0x0, 0xf, 0xff, 0x0, 0x0, 0x0, 0x14,
    0x7a, 0xdf, 0xff, 0xf0, 0x0, 0x7, 0xdf, 0xff,
    0xff, 0xff, 0xff, 0x0, 0xc, 0xff, 0xfe, 0xa8,
    0x52, 0xff, 0xf0, 0x8, 0xff, 0xd3, 0x0, 0x0,
    0xf, 0xff, 0x0, 0xcf, 0xf5, 0x0, 0x0, 0x4,
    0xff, 0xf0, 0xc, 0xff, 0x60, 0x0, 0x2, 0xef,
    0xff, 0x0, 0x8f, 0xff, 0x85, 0x69, 0xff, 0xff,
    0xf8, 0x21, 0xdf, 0xff, 0xff, 0xff, 0x87, 0xff,
    0xf5, 0x0, 0x7c, 0xff, 0xea, 0x30, 0x9, 0xef,
    0x50,

    /* U+0062 "b" */
    0xef, 0xf1, 0x0, 0x0, 0x0, 0x0, 0x0, 0xef,
    0xf1, 0x0, 0x0, 0x0, 0x0, 0x0, 0xef, 0xf1,
    0x0, 0x0, 0x0, 0x0, 0x0, 0xef, 0xf1, 0x0,
    0x0, 0x0, 0x0, 0x0, 0xef, 0xf1, 0x0, 0x0,
    0x0, 0x0, 0x0, 0xef, 0xf1, 0x19, 0xdf, 0xda,
    0x30, 0x0, 0xef, 0xf4, 0xef, 0xff, 0xff, 0xf8,
    0x0, 0xef, 0xff, 0xfd, 0x99, 0xdf, 0xff, 0x60,
    0xef, 0xff, 0x80, 0x0, 0x9, 0xff, 0xf1, 0xef,
    0xfb, 0x0, 0x0, 0x0, 0xdf, 0xf6, 0xef, 0xf5,
    0x0, 0x0, 0x0, 0x7f, 0xfa, 0xef, 0xf2, 0x0,
    0x0, 0x0, 0x4f, 0xfc, 0xef, 0xf1, 0x0, 0x0,
    0x0, 0x4f, 0xfd, 0xef, 0xf2, 0x0, 0x0, 0x0,
    0x4f, 0xfc, 0xef, 0xf5, 0x0, 0x0, 0x0, 0x7f,
    0xfa, 0xef, 0xfb, 0x0, 0x0, 0x0, 0xdf, 0xf6,
    0xef, 0xff, 0x80, 0x0, 0x9, 0xff, 0xf1, 0xef,
    0xfe, 0xfd, 0x99, 0xdf, 0xff, 0x70, 0xef, 0xe4,
    0xff, 0xff, 0xff, 0xf8, 0x0, 0xef, 0xe0, 0x29,
    0xef, 0xea, 0x40, 0x0,

    /* U+0063 "c" */
    0x0, 0x1, 0x7c, 0xef, 0xea, 0x50, 0x0, 0x0,
    0x4e, 0xff, 0xff, 0xff, 0xfb, 0x0, 0x3, 0xff,
    0xfe, 0x99, 0xbf, 0xff, 0xc0, 0xe, 0xff, 0xa0,
    0x0, 0x3, 0xff, 0xf5, 0x4f, 0xfe, 0x0, 0x0,
    0x0, 0x8f, 0xfa, 0x9f, 0xf8, 0x0, 0x0, 0x0,
    0x15, 0x54, 0xbf, 0xf5, 0x0, 0x0, 0x0, 0x0,
    0x0, 0xcf, 0xf4, 0x0, 0x0, 0x0, 0x0, 0x0,
    0xbf, 0xf5, 0x0, 0x0, 0x0, 0x0, 0x0, 0x9f,
    0xf8, 0x0, 0x0, 0x0, 0x28, 0x86, 0x4f, 0xfd,
    0x0, 0x0, 0x0, 0x8f, 0xf9, 0xe, 0xff, 0xa0,
    0x0, 0x4, 0xff, 0xf3, 0x4, 0xff, 0xfe, 0x99,
    0xcf, 0xff, 0x90, 0x0, 0x4f, 0xff, 0xff, 0xff,
    0xfa, 0x0, 0x0, 0x1, 0x7c, 0xef, 0xda, 0x40,
    0x0,

    /* U+0064 "d" */
    0x0, 0x0, 0x0, 0x0, 0x0, 0xf, 0xfe, 0x0,
    0x0, 0x0, 0x0, 0x0, 0xf, 0xfe, 0x0, 0x0,
    0x0, 0x0, 0x0, 0xf, 0xfe, 0x0, 0x0, 0x0,
    0x0, 0x0, 0xf, 0xfe, 0x0, 0x0, 0x0, 0x0,
    0x0, 0xf, 0xfe, 0x0, 0x4, 0xbe, 0xfe, 0x92,
    0xf, 0xfe, 0x0, 0x8f, 0xff, 0xff, 0xff, 0x5f,
    0xfe, 0x7, 0xff, 0xfe, 0x99, 0xcf, 0xff, 0xfe,
    0x1f, 0xff, 0xa0, 0x0, 0x6, 0xff, 0xfe, 0x6f,
    0xfe, 0x0, 0x0, 0x0, 0xaf, 0xfe, 0xaf, 0xf8,
    0x0, 0x0, 0x0, 0x4f, 0xfe, 0xbf, 0xf5, 0x0,
    0x0, 0x0, 0x1f, 0xfe, 0xcf, 0xf4, 0x0, 0x0,
    0x0, 0x1f, 0xfe, 0xbf, 0xf5, 0x0, 0x0, 0x0,
    0x2f, 0xfe, 0xaf, 0xf8, 0x0, 0x0, 0x0, 0x5f,
    0xfe, 0x6f, 0xfe, 0x0, 0x0, 0x0, 0xaf, 0xfe,
    0x1f, 0xff, 0xa0, 0x0, 0x6, 0xff, 0xfe, 0x7,
    0xff, 0xfe, 0x99, 0xcf, 0xef, 0xfe, 0x0, 0x9f,
    0xff, 0xff, 0xff, 0x4e, 0xfe, 0x0, 0x4, 0xbe,
    0xfd, 0x92, 0xd, 0xfe,

    /* U+0065 "e" */
    0x0, 0x1, 0x7c, 0xef, 0xd9, 0x20, 0x0, 0x0,
    0x4f, 0xff, 0xff, 0xff, 0xf7, 0x0, 0x4, 0xff,
    0xfd, 0x98, 0xbf, 0xff, 0x60, 0xe, 0xff, 0x80,
    0x0, 0x4, 0xff, 0xf1, 0x4f, 0xfc, 0x0, 0x0,
    0x0, 0x9f, 0xf7, 0x9f, 0xf6, 0x0, 0x0, 0x0,
    0x4f, 0xfb, 0xbf, 0xff, 0xff, 0xff, 0xff, 0xff,
    0xfd, 0xcf, 0xff, 0xff, 0xff, 0xff, 0xff, 0xff,
    0xbf, 0xf7, 0x33, 0x33, 0x33, 0x33, 0x33, 0x9f,
    0xf7, 0x0, 0x0, 0x0, 0x0, 0x0, 0x4f, 0xfc,
    0x0, 0x0, 0x0, 0x5a, 0xa6, 0xe, 0xff, 0x80,
    0x0, 0x3, 0xef, 0xf4, 0x4, 0xff, 0xfd, 0x98,
    0xbf, 0xff, 0xa0, 0x0, 0x5f, 0xff, 0xff, 0xff,
    0xfa, 0x0, 0x0, 0x1, 0x8c, 0xef, 0xea, 0x40,
    0x0,

    /* U+0066 "f" */
    0x0, 0x0, 0x7d, 0xff, 0xf8, 0x0, 0xa, 0xff,
    0xff, 0xf8, 0x0, 0x2f, 0xff, 0x96, 0x63, 0x0,
    0x5f, 0xfb, 0x0, 0x0, 0x0, 0x6f, 0xf9, 0x0,
    0x0, 0x7f, 0xff, 0xff, 0xff, 0xf4, 0x7f, 0xff,
    0xff, 0xff, 0xf4, 0x26, 0xcf, 0xff, 0x66, 0x61,
    0x0, 0x6f, 0xf9, 0x0, 0x0, 0x0, 0x6f, 0xf9,
    0x0, 0x0, 0x0, 0x6f, 0xf9, 0x0, 0x0, 0x0,
    0x6f, 0xf9, 0x0, 0x0, 0x0, 0x6f, 0xf9, 0x0,
    0x0, 0x0, 0x6f, 0xf9, 0x0, 0x0, 0x0, 0x6f,
    0xf9, 0x0, 0x0, 0x0, 0x6f, 0xf9, 0x0, 0x0,
    0x0, 0x6f, 0xf9, 0x0, 0x0, 0x0, 0x6f, 0xf9,
    0x0, 0x0, 0x0, 0x6f, 0xf9, 0x0, 0x0, 0x0,
    0x6f, 0xf9, 0x0, 0x0,

    /* U+0067 "g" */
    0x0, 0x3, 0xad, 0xfe, 0x92, 0xf, 0xfe, 0x0,
    0x8f, 0xff, 0xff, 0xff, 0x4f, 0xfe, 0x7, 0xff,
    0xfc, 0x88, 0xcf, 0xef, 0xfe, 0x1f, 0xff, 0x80,
    0x0, 0x5, 0xff, 0xfe, 0x6f, 0xfd, 0x0, 0x0,
    0x0, 0x9f, 0xfe, 0xaf, 0xf7, 0x0, 0x0, 0x0,
    0x4f, 0xfe, 0xcf, 0xf5, 0x0, 0x0, 0x0, 0x1f,
    0xfe, 0xcf, 0xf4, 0x0, 0x0, 0x0, 0x1f, 0xfe,
    0xaf, 0xf6, 0x0, 0x0, 0x0, 0x4f, 0xfe, 0x6f,
    0xfc, 0x0, 0x0, 0x0, 0xaf, 0xfe, 0x1f, 0xff,
    0x70, 0x0, 0x5, 0xff, 0xfe, 0x6, 0xff, 0xfc,
    0x88, 0xbf, 0xef, 0xfe, 0x0, 0x7f, 0xff, 0xff,
    0xff, 0x5f, 0xfe, 0x0, 0x3, 0xad, 0xfe, 0xa2,
    0x1f, 0xfd, 0x2, 0x21, 0x0, 0x0, 0x0, 0x4f,
    0xfc, 0x2f, 0xff, 0x20, 0x0, 0x0, 0xcf, 0xf7,
    0x9, 0xff, 0xfa, 0x77, 0x9e, 0xff, 0xe1, 0x0,
    0xaf, 0xff, 0xff, 0xff, 0xfd, 0x20, 0x0, 0x3,
    0xad, 0xff, 0xeb, 0x60, 0x0,

    /* U+0068 "h" */
    0xef, 0xf1, 0x0, 0x0, 0x0, 0x0, 0xe, 0xff,
    0x10, 0x0, 0x0, 0x0, 0x0, 0xef, 0xf1, 0x0,
    0x0, 0x0, 0x0, 0xe, 0xff, 0x10, 0x0, 0x0,
    0x0, 0x0, 0xef, 0xf1, 0x0, 0x0, 0x0, 0x0,
    0xe, 0xff, 0x13, 0xae, 0xfd, 0x91, 0x0, 0xef,
    0xf5, 0xff, 0xff, 0xff, 0xe2, 0xe, 0xff, 0xff,
    0xa7, 0x9f, 0xff, 0xb0, 0xef, 0xff, 0x20, 0x0,
    0x3f, 0xff, 0x2e, 0xff, 0x70, 0x0, 0x0, 0xbf,
    0xf5, 0xef, 0xf3, 0x0, 0x0, 0x9, 0xff, 0x6e,
    0xff, 0x10, 0x0, 0x0, 0x8f, 0xf7, 0xef, 0xf1,
    0x0, 0x0, 0x8, 0xff, 0x7e, 0xff, 0x10, 0x0,
    0x0, 0x8f, 0xf7, 0xef, 0xf1, 0x0, 0x0, 0x8,
    0xff, 0x7e, 0xff, 0x10, 0x0, 0x0, 0x8f, 0xf7,
    0xef, 0xf1, 0x0, 0x0, 0x8, 0xff, 0x7e, 0xff,
    0x10, 0x0, 0x0, 0x8f, 0xf7, 0xef, 0xf1, 0x0,
    0x0, 0x8, 0xff, 0x7e, 0xff, 0x10, 0x0, 0x0,
    0x8f, 0xf7,

    /* U+0069 "i" */
    0xff, 0xf2, 0xff, 0xf2, 0xee, 0xe1, 0x0, 0x0,
    0x0, 0x0, 0xef, 0xf1, 0xef, 0xf1, 0xef, 0xf1,
    0xef, 0xf1, 0xef, 0xf1, 0xef, 0xf1, 0xef, 0xf1,
    0xef, 0xf1, 0xef, 0xf1, 0xef, 0xf1, 0xef, 0xf1,
    0xef, 0xf1, 0xef, 0xf1, 0xef, 0xf1, 0xef, 0xf1,

    /* U+006A "j" */
    0x0, 0x2, 0xff, 0xe0, 0x0, 0x2f, 0xfe, 0x0,
    0x2, 0xee, 0xd0, 0x0, 0x0, 0x0, 0x0, 0x0,
    0x0, 0x0, 0x0, 0x1f, 0xfd, 0x0, 0x1, 0xff,
    0xd0, 0x0, 0x1f, 0xfd, 0x0, 0x1, 0xff, 0xd0,
    0x0, 0x1f, 0xfd, 0x0, 0x1, 0xff, 0xd0, 0x0,
    0x1f, 0xfd, 0x0, 0x1, 0xff, 0xd0, 0x0, 0x1f,
    0xfd, 0x0, 0x1, 0xff, 0xd0, 0x0, 0x1f, 0xfd,
    0x0, 0x1, 0xff, 0xd0, 0x0, 0x1f, 0xfd, 0x0,
    0x1, 0xff, 0xd0, 0x0, 0x1f, 0xfd, 0x0, 0x3,
    0xff, 0xd0, 0x67, 0xdf, 0xfb, 0x1f, 0xff, 0xff,
    0x41, 0xff, 0xfc, 0x50,

    /* U+006B "k" */
    0xef, 0xf1, 0x0, 0x0, 0x0, 0x0, 0x0, 0xef,
    0xf1, 0x0, 0x0, 0x0, 0x0, 0x0, 0xef, 0xf1,
    0x0, 0x0, 0x0, 0x0, 0x0, 0xef, 0xf1, 0x0,
    0x0, 0x0, 0x0, 0x0, 0xef, 0xf1, 0x0, 0x0,
    0x0, 0x0, 0x0, 0xef, 0xf1, 0x0, 0x0, 0xa,
    0xff, 0xe2, 0xef, 0xf1, 0x0, 0x0, 0x9f, 0xff,
    0x30, 0xef, 0xf1, 0x0, 0x7, 0xff, 0xf3, 0x0,
    0xef, 0xf1, 0x0, 0x6f, 0xff, 0x40, 0x0, 0xef,
    0xf1, 0x4, 0xff, 0xf5, 0x0, 0x0, 0xef, 0xf1,
    0x3f, 0xff, 0x70, 0x0, 0x0, 0xef, 0xf3, 0xef,
    0xfe, 0x0, 0x0, 0x0, 0xef, 0xfe, 0xff, 0xff,
    0x80, 0x0, 0x0, 0xef, 0xff, 0xf8, 0xff, 0xf3,
    0x0, 0x0, 0xef, 0xff, 0x70, 0x6f, 0xfd, 0x0,
    0x0, 0xef, 0xf8, 0x0, 0xb, 0xff, 0x90, 0x0,
    0xef, 0xf1, 0x0, 0x1, 0xff, 0xf4, 0x0, 0xef,
    0xf1, 0x0, 0x0, 0x6f, 0xfe, 0x10, 0xef, 0xf1,
    0x0, 0x0, 0xb, 0xff, 0xb0, 0xef, 0xf1, 0x0,
    0x0, 0x1, 0xef, 0xf6,

    /* U+006C "l" */
    0xef, 0xf1, 0x0, 0xef, 0xf1, 0x0, 0xef, 0xf1,
    0x0, 0xef, 0xf1, 0x0, 0xef, 0xf1, 0x0, 0xef,
    0xf1, 0x0, 0xef, 0xf1, 0x0, 0xef, 0xf1, 0x0,
    0xef, 0xf1, 0x0, 0xef, 0xf1, 0x0, 0xef, 0xf1,
    0x0, 0xef, 0xf1, 0x0, 0xef, 0xf1, 0x0, 0xef,
    0xf1, 0x0, 0xef, 0xf1, 0x0, 0xef, 0xf1, 0x0,
    0xef, 0xf1, 0x0, 0xcf, 0xfa, 0x61, 0x8f, 0xff,
    0xf4, 0x8, 0xef, 0xf4,

    /* U+006D "m" */
    0xef, 0xd0, 0x3b, 0xff, 0xc5, 0x0, 0x7, 0xdf,
    0xeb, 0x30, 0xe, 0xfd, 0x4f, 0xff, 0xff, 0xf7,
    0xb, 0xff, 0xff, 0xff, 0x50, 0xef, 0xee, 0xe8,
    0x7c, 0xff, 0xf8, 0xfc, 0x89, 0xef, 0xff, 0x1e,
    0xff, 0xe1, 0x0, 0xb, 0xff, 0xfa, 0x0, 0x1,
    0xef, 0xf6, 0xef, 0xf6, 0x0, 0x0, 0x4f, 0xff,
    0x10, 0x0, 0x9, 0xff, 0x8e, 0xff, 0x20, 0x0,
    0x2, 0xff, 0xd0, 0x0, 0x0, 0x6f, 0xfa, 0xef,
    0xf1, 0x0, 0x0, 0xf, 0xfc, 0x0, 0x0, 0x5,
    0xff, 0xae, 0xff, 0x10, 0x0, 0x0, 0xff, 0xc0,
    0x0, 0x0, 0x5f, 0xfa, 0xef, 0xf1, 0x0, 0x0,
    0xf, 0xfc, 0x0, 0x0, 0x5, 0xff, 0xae, 0xff,
    0x10, 0x0, 0x0, 0xff, 0xc0, 0x0, 0x0, 0x5f,
    0xfa, 0xef, 0xf1, 0x0, 0x0, 0xf, 0xfc, 0x0,
    0x0, 0x5, 0xff, 0xae, 0xff, 0x10, 0x0, 0x0,
    0xff, 0xc0, 0x0, 0x0, 0x5f, 0xfa, 0xef, 0xf1,
    0x0, 0x0, 0xf, 0xfc, 0x0, 0x0, 0x5, 0xff,
    0xae, 0xff, 0x10, 0x0, 0x0, 0xff, 0xc0, 0x0,
    0x0, 0x5f, 0xfa, 0xef, 0xf1, 0x0, 0x0, 0xf,
    0xfc, 0x0, 0x0, 0x5, 0xff, 0xa0,

    /* U+006E "n" */
    0xef, 0xd0, 0x2a, 0xef, 0xd9, 0x10, 0xe, 0xfd,
    0x4f, 0xff, 0xff, 0xfe, 0x20, 0xef, 0xee, 0xfa,
    0x79, 0xff, 0xfb, 0xe, 0xff, 0xf2, 0x0, 0x3,
    0xff, 0xf2, 0xef, 0xf7, 0x0, 0x0, 0xc, 0xff,
    0x5e, 0xff, 0x30, 0x0, 0x0, 0x9f, 0xf6, 0xef,
    0xf1, 0x0, 0x0, 0x8, 0xff, 0x7e, 0xff, 0x10,
    0x0, 0x0, 0x8f, 0xf7, 0xef, 0xf1, 0x0, 0x0,
    0x8, 0xff, 0x7e, 0xff, 0x10, 0x0, 0x0, 0x8f,
    0xf7, 0xef, 0xf1, 0x0, 0x0, 0x8, 0xff, 0x7e,
    0xff, 0x10, 0x0, 0x0, 0x8f, 0xf7, 0xef, 0xf1,
    0x0, 0x0, 0x8, 0xff, 0x7e, 0xff, 0x10, 0x0,
    0x0, 0x8f, 0xf7, 0xef, 0xf1, 0x0, 0x0, 0x8,
    0xff, 0x70,

    /* U+006F "o" */
    0x0, 0x1, 0x7c, 0xef, 0xda, 0x30, 0x0, 0x0,
    0x4, 0xef, 0xff, 0xff, 0xff, 0xa0, 0x0, 0x3,
    0xff, 0xfe, 0x98, 0xbf, 0xff, 0xa0, 0x0, 0xef,
    0xfa, 0x0, 0x0, 0x4f, 0xff, 0x50, 0x4f, 0xfe,
    0x0, 0x0, 0x0, 0x7f, 0xfb, 0x9, 0xff, 0x80,
    0x0, 0x0, 0x1, 0xff, 0xf1, 0xbf, 0xf5, 0x0,
    0x0, 0x0, 0xd, 0xff, 0x2c, 0xff, 0x40, 0x0,
    0x0, 0x0, 0xdf, 0xf4, 0xbf, 0xf5, 0x0, 0x0,
    0x0, 0xd, 0xff, 0x29, 0xff, 0x80, 0x0, 0x0,
    0x1, 0xff, 0xf1, 0x4f, 0xfd, 0x0, 0x0, 0x0,
    0x7f, 0xfb, 0x0, 0xef, 0xfa, 0x0, 0x0, 0x3f,
    0xff, 0x50, 0x4, 0xff, 0xfe, 0x98, 0xbf, 0xff,
    0xb0, 0x0, 0x4, 0xff, 0xff, 0xff, 0xff, 0xa0,
    0x0, 0x0, 0x1, 0x7c, 0xef, 0xda, 0x40, 0x0,
    0x0,

    /* U+0070 "p" */
    0xef, 0xe0, 0x29, 0xdf, 0xeb, 0x40, 0x0, 0xef,
    0xf4, 0xff, 0xff, 0xff, 0xf8, 0x0, 0xef, 0xfe,
    0xfd, 0x99, 0xdf, 0xff, 0x60, 0xef, 0xff, 0x70,
    0x0, 0x9, 0xff, 0xe0, 0xef, 0xfb, 0x0, 0x0,
    0x0, 0xdf, 0xf5, 0xef, 0xf5, 0x0, 0x0, 0x0,
    0x7f, 0xfa, 0xef, 0xf2, 0x0, 0x0, 0x0, 0x4f,
    0xfc, 0xef, 0xf1, 0x0, 0x0, 0x0, 0x4f, 0xfd,
    0xef, 0xf2, 0x0, 0x0, 0x0, 0x4f, 0xfc, 0xef,
    0xf4, 0x0, 0x0, 0x0, 0x7f, 0xfa, 0xef, 0xfa,
    0x0, 0x0, 0x0, 0xdf, 0xf5, 0xef, 0xff, 0x60,
    0x0, 0x9, 0xff, 0xe1, 0xef, 0xff, 0xfc, 0x99,
    0xdf, 0xff, 0x60, 0xef, 0xf6, 0xff, 0xff, 0xff,
    0xf8, 0x0, 0xef, 0xf1, 0x2a, 0xef, 0xeb, 0x40,
    0x0, 0xef, 0xf1, 0x0, 0x0, 0x0, 0x0, 0x0,
    0xef, 0xf1, 0x0, 0x0, 0x0, 0x0, 0x0, 0xef,
    0xf1, 0x0, 0x0, 0x0, 0x0, 0x0, 0xef, 0xf1,
    0x0, 0x0, 0x0, 0x0, 0x0,

    /* U+0071 "q" */
    0x0, 0x4, 0xbe, 0xfe, 0xa2, 0xe, 0xfe, 0x0,
    0x8f, 0xff, 0xff, 0xff, 0x4e, 0xfe, 0x6, 0xff,
    0xfd, 0x99, 0xdf, 0xef, 0xfe, 0xe, 0xff, 0x90,
    0x0, 0x6, 0xff, 0xfe, 0x5f, 0xfd, 0x0, 0x0,
    0x0, 0xbf, 0xfe, 0x9f, 0xf7, 0x0, 0x0, 0x0,
    0x5f, 0xfe, 0xbf, 0xf5, 0x0, 0x0, 0x0, 0x2f,
    0xfe, 0xcf, 0xf4, 0x0, 0x0, 0x0, 0x1f, 0xfe,
    0xbf, 0xf5, 0x0, 0x0, 0x0, 0x2f, 0xfe, 0x9f,
    0xf7, 0x0, 0x0, 0x0, 0x4f, 0xfe, 0x5f, 0xfd,
    0x0, 0x0, 0x0, 0xaf, 0xfe, 0xe, 0xff, 0x90,
    0x0, 0x6, 0xff, 0xfe, 0x6, 0xff, 0xfd, 0x99,
    0xcf, 0xff, 0xfe, 0x0, 0x8f, 0xff, 0xff, 0xff,
    0x6f, 0xfe, 0x0, 0x4, 0xbe, 0xfe, 0xa3, 0xf,
    0xfe, 0x0, 0x0, 0x0, 0x0, 0x0, 0xf, 0xfe,
    0x0, 0x0, 0x0, 0x0, 0x0, 0xf, 0xfe, 0x0,
    0x0, 0x0, 0x0, 0x0, 0xf, 0xfe, 0x0, 0x0,
    0x0, 0x0, 0x0, 0xf, 0xfe,

    /* U+0072 "r" */
    0xef, 0xd0, 0x7d, 0xfe, 0xef, 0xd8, 0xff, 0xfe,
    0xef, 0xef, 0xfb, 0xa8, 0xef, 0xfd, 0x10, 0x0,
    0xef, 0xf5, 0x0, 0x0, 0xef, 0xf1, 0x0, 0x0,
    0xef, 0xf1, 0x0, 0x0, 0xef, 0xf1, 0x0, 0x0,
    0xef, 0xf1, 0x0, 0x0, 0xef, 0xf1, 0x0, 0x0,
    0xef, 0xf1, 0x0, 0x0, 0xef, 0xf1, 0x0, 0x0,
    0xef, 0xf1, 0x0, 0x0, 0xef, 0xf1, 0x0, 0x0,
    0xef, 0xf1, 0x0, 0x0,

    /* U+0073 "s" */
    0x0, 0x7, 0xce, 0xfe, 0xc8, 0x10, 0x0, 0x2d,
    0xff, 0xff, 0xff, 0xfe, 0x30, 0xc, 0xff, 0xf9,
    0x78, 0xdf, 0xfe, 0x12, 0xff, 0xf2, 0x0, 0x0,
    0xbf, 0xf8, 0x4f, 0xfd, 0x0, 0x0, 0x3, 0xdd,
    0xa2, 0xff, 0xf3, 0x0, 0x0, 0x0, 0x0, 0xb,
    0xff, 0xfc, 0x85, 0x20, 0x0, 0x0, 0x8, 0xff,
    0xff, 0xff, 0xd8, 0x0, 0x0, 0x0, 0x59, 0xcf,
    0xff, 0xfd, 0x10, 0x0, 0x0, 0x0, 0x4, 0xdf,
    0xf9, 0xbf, 0xf6, 0x0, 0x0, 0x5, 0xff, 0xc7,
    0xff, 0xd1, 0x0, 0x0, 0x8f, 0xfb, 0x1e, 0xff,
    0xf9, 0x78, 0xbf, 0xff, 0x60, 0x3e, 0xff, 0xff,
    0xff, 0xff, 0x90, 0x0, 0x7, 0xbe, 0xff, 0xda,
    0x40, 0x0,

    /* U+0074 "t" */
    0x0, 0x5f, 0xfa, 0x0, 0x0, 0x0, 0x5f, 0xfa,
    0x0, 0x0, 0x0, 0x5f, 0xfa, 0x0, 0x0, 0x9f,
    0xff, 0xff, 0xff, 0xf9, 0x9f, 0xff, 0xff, 0xff,
    0xf9, 0x36, 0xbf, 0xff, 0x66, 0x63, 0x0, 0x5f,
    0xfa, 0x0, 0x0, 0x0, 0x5f, 0xfa, 0x0, 0x0,
    0x0, 0x5f, 0xfa, 0x0, 0x0, 0x0, 0x5f, 0xfa,
    0x0, 0x0, 0x0, 0x5f, 0xfa, 0x0, 0x0, 0x0,
    0x5f, 0xfa, 0x0, 0x0, 0x0, 0x5f, 0xfa, 0x0,
    0x0, 0x0, 0x5f, 0xfa, 0x0, 0x0, 0x0, 0x4f,
    0xfc, 0x0, 0x0, 0x0, 0x2f, 0xff, 0x96, 0x63,
    0x0, 0xb, 0xff, 0xff, 0xf9, 0x0, 0x0, 0x8d,
    0xff, 0xf9,

    /* U+0075 "u" */
    0xef, 0xf1, 0x0, 0x0, 0xa, 0xff, 0x5e, 0xff,
    0x10, 0x0, 0x0, 0xaf, 0xf5, 0xef, 0xf1, 0x0,
    0x0, 0xa, 0xff, 0x5e, 0xff, 0x10, 0x0, 0x0,
    0xaf, 0xf5, 0xef, 0xf1, 0x0, 0x0, 0xa, 0xff,
    0x5e, 0xff, 0x10, 0x0, 0x0, 0xaf, 0xf5, 0xef,
    0xf1, 0x0, 0x0, 0xa, 0xff, 0x5e, 0xff, 0x10,
    0x0, 0x0, 0xaf, 0xf5, 0xef, 0xf1, 0x0, 0x0,
    0xa, 0xff, 0x5e, 0xff, 0x10, 0x0, 0x0, 0xcf,
    0xf5, 0xdf, 0xf4, 0x0, 0x0, 0x1f, 0xff, 0x5a,
    0xff, 0xb0, 0x0, 0xa, 0xff, 0xf5, 0x3f, 0xff,
    0xd8, 0x8c, 0xfd, 0xff, 0x50, 0x8f, 0xff, 0xff,
    0xfa, 0x7f, 0xf5, 0x0, 0x5c, 0xff, 0xc6, 0x7,
    0xff, 0x50,

    /* U+0076 "v" */
    0x3f, 0xfe, 0x0, 0x0, 0x0, 0x4, 0xff, 0xe0,
    0xd, 0xff, 0x40, 0x0, 0x0, 0x9, 0xff, 0x80,
    0x7, 0xff, 0xa0, 0x0, 0x0, 0xe, 0xff, 0x20,
    0x2, 0xff, 0xf0, 0x0, 0x0, 0x4f, 0xfd, 0x0,
    0x0, 0xcf, 0xf4, 0x0, 0x0, 0xaf, 0xf7, 0x0,
    0x0, 0x6f, 0xfa, 0x0, 0x0, 0xff, 0xf1, 0x0,
    0x0, 0x1f, 0xff, 0x0, 0x4, 0xff, 0xb0, 0x0,
    0x0, 0xa, 0xff, 0x50, 0xa, 0xff, 0x50, 0x0,
    0x0, 0x4, 0xff, 0xa0, 0xf, 0xff, 0x0, 0x0,
    0x0, 0x0, 0xef, 0xf0, 0x5f, 0xfa, 0x0, 0x0,
    0x0, 0x0, 0x9f, 0xf5, 0xaf, 0xf4, 0x0, 0x0,
    0x0, 0x0, 0x3f, 0xfb, 0xff, 0xe0, 0x0, 0x0,
    0x0, 0x0, 0xd, 0xff, 0xff, 0x80, 0x0, 0x0,
    0x0, 0x0, 0x7, 0xff, 0xff, 0x20, 0x0, 0x0,
    0x0, 0x0, 0x2, 0xff, 0xfc, 0x0, 0x0, 0x0,

    /* U+0077 "w" */
    0x3f, 0xfd, 0x0, 0x0, 0x0, 0xff, 0xf1, 0x0,
    0x0, 0xa, 0xff, 0x70, 0xef, 0xf2, 0x0, 0x0,
    0x3f, 0xff, 0x60, 0x0, 0x0, 0xef, 0xf2, 0xa,
    0xff, 0x60, 0x0, 0x8, 0xff, 0xfa, 0x0, 0x0,
    0x3f, 0xfd, 0x0, 0x5f, 0xfa, 0x0, 0x0, 0xcf,
    0xff, 0xf0, 0x0, 0x7, 0xff, 0x80, 0x0, 0xff,
    0xe0, 0x0, 0x1f, 0xfd, 0xff, 0x30, 0x0, 0xcf,
    0xf3, 0x0, 0xb, 0xff, 0x30, 0x5, 0xff, 0x4f,
    0xf8, 0x0, 0xf, 0xfe, 0x0, 0x0, 0x6f, 0xf7,
    0x0, 0x9f, 0xe0, 0xcf, 0xc0, 0x4, 0xff, 0xa0,
    0x0, 0x1, 0xff, 0xc0, 0xe, 0xfa, 0x7, 0xff,
    0x10, 0x9f, 0xf5, 0x0, 0x0, 0xd, 0xff, 0x2,
    0xff, 0x50, 0x2f, 0xf5, 0xd, 0xff, 0x0, 0x0,
    0x0, 0x8f, 0xf4, 0x7f, 0xf1, 0x0, 0xef, 0xa1,
    0xff, 0xb0, 0x0, 0x0, 0x3, 0xff, 0x9b, 0xfc,
    0x0, 0x9, 0xfe, 0x6f, 0xf6, 0x0, 0x0, 0x0,
    0xe, 0xfe, 0xff, 0x70, 0x0, 0x4f, 0xfd, 0xff,
    0x10, 0x0, 0x0, 0x0, 0x9f, 0xff, 0xf2, 0x0,
    0x0, 0xff, 0xff, 0xd0, 0x0, 0x0, 0x0, 0x4,
    0xff, 0xfe, 0x0, 0x0, 0xb, 0xff, 0xf8, 0x0,
    0x0, 0x0, 0x0, 0xf, 0xff, 0x90, 0x0, 0x0,
    0x6f, 0xff, 0x30, 0x0, 0x0,

    /* U+0078 "x" */
    0x2f, 0xff, 0x30, 0x0, 0x0, 0x4f, 0xff, 0x20,
    0x6f, 0xfd, 0x0, 0x0, 0xe, 0xff, 0x60, 0x0,
    0xbf, 0xf8, 0x0, 0x9, 0xff, 0xb0, 0x0, 0x1,
    0xef, 0xf3, 0x3, 0xff, 0xe1, 0x0, 0x0, 0x4,
    0xff, 0xd1, 0xdf, 0xf5, 0x0, 0x0, 0x0, 0x9,
    0xff, 0xef, 0xfa, 0x0, 0x0, 0x0, 0x0, 0xd,
    0xff, 0xfe, 0x0, 0x0, 0x0, 0x0, 0x0, 0x7f,
    0xff, 0x80, 0x0, 0x0, 0x0, 0x0, 0x2f, 0xff,
    0xff, 0x20, 0x0, 0x0, 0x0, 0xc, 0xff, 0xaf,
    0xfc, 0x0, 0x0, 0x0, 0x8, 0xff, 0xb0, 0xaf,
    0xf8, 0x0, 0x0, 0x3, 0xff, 0xe1, 0x1, 0xef,
    0xf3, 0x0, 0x0, 0xdf, 0xf5, 0x0, 0x4, 0xff,
    0xd0, 0x0, 0xaf, 0xfb, 0x0, 0x0, 0xa, 0xff,
    0xa0, 0x5f, 0xfe, 0x10, 0x0, 0x0, 0x1e, 0xff,
    0x50,

    /* U+0079 "y" */
    0x3f, 0xfe, 0x0, 0x0, 0x0, 0x6, 0xff, 0xb0,
    0xdf, 0xf4, 0x0, 0x0, 0x0, 0xbf, 0xf5, 0x7,
    0xff, 0x90, 0x0, 0x0, 0x1f, 0xff, 0x0, 0x2f,
    0xfe, 0x0, 0x0, 0x6, 0xff, 0xa0, 0x0, 0xcf,
    0xf4, 0x0, 0x0, 0xbf, 0xf4, 0x0, 0x6, 0xff,
    0x90, 0x0, 0xf, 0xfe, 0x0, 0x0, 0x1f, 0xfe,
    0x0, 0x5, 0xff, 0x80, 0x0, 0x0, 0xbf, 0xf4,
    0x0, 0xaf, 0xf3, 0x0, 0x0, 0x5, 0xff, 0x90,
    0xf, 0xfd, 0x0, 0x0, 0x0, 0xf, 0xfe, 0x4,
    0xff, 0x70, 0x0, 0x0, 0x0, 0xaf, 0xf4, 0xaf,
    0xf1, 0x0, 0x0, 0x0, 0x4, 0xff, 0xae, 0xfc,
    0x0, 0x0, 0x0, 0x0, 0xe, 0xff, 0xff, 0x60,
    0x0, 0x0, 0x0, 0x0, 0x8f, 0xff, 0xf1, 0x0,
    0x0, 0x0, 0x0, 0x3, 0xff, 0xfa, 0x0, 0x0,
    0x0, 0x0, 0x0, 0x5, 0xff, 0x50, 0x0, 0x0,
    0x0, 0x6, 0x67, 0xff, 0xe0, 0x0, 0x0, 0x0,
    0x1, 0xff, 0xff, 0xf7, 0x0, 0x0, 0x0, 0x0,
    0x1f, 0xff, 0xd6, 0x0, 0x0, 0x0, 0x0,

    /* U+007A "z" */
    0x4f, 0xff, 0xff, 0xff, 0xff, 0xff, 0xd0, 0x4f,
    0xff, 0xff, 0xff, 0xff, 0xff, 0xd0, 0x16, 0x66,
    0x66, 0x66, 0x6e, 0xff, 0xc0, 0x0, 0x0, 0x0,
    0x0, 0x9f, 0xfe, 0x20, 0x0, 0x0, 0x0, 0x7,
    0xff, 0xf3, 0x0, 0x0, 0x0, 0x0, 0x6f, 0xff,
    0x40, 0x0, 0x0, 0x0, 0x4, 0xff, 0xf5, 0x0,
    0x0, 0x0, 0x0, 0x3f, 0xff, 0x60, 0x0, 0x0,
    0x0, 0x2, 0xef, 0xf7, 0x0, 0x0, 0x0, 0x0,
    0x1e, 0xff, 0x90, 0x0, 0x0, 0x0, 0x1, 0xdf,
    0xfa, 0x0, 0x0, 0x0, 0x0, 0xc, 0xff, 0xb0,
    0x0, 0x0, 0x0, 0x0, 0x8f, 0xff, 0x76, 0x66,
    0x66, 0x66, 0x60, 0x9f, 0xff, 0xff, 0xff, 0xff,
    0xff, 0xf1, 0x9f, 0xff, 0xff, 0xff, 0xff, 0xff,
    0xf1,

    /* U+007B "{" */
    0x0, 0x0, 0x6, 0xcf, 0xfa, 0x0, 0x0, 0xaf,
    0xff, 0xfa, 0x0, 0x6, 0xff, 0xfd, 0xa6, 0x0,
    0xc, 0xff, 0x70, 0x0, 0x0, 0xf, 0xff, 0x0,
    0x0, 0x0, 0xf, 0xfd, 0x0, 0x0, 0x0, 0xf,
    0xfd, 0x0, 0x0, 0x0, 0xf, 0xfd, 0x0, 0x0,
    0x0, 0x1f, 0xfb, 0x0, 0x0, 0x0, 0x6f, 0xf8,
    0x0, 0x0, 0x4, 0xef, 0xf1, 0x0, 0x0, 0xcf,
    0xfe, 0x30, 0x0, 0x0, 0xcf, 0xe6, 0x0, 0x0,
    0x0, 0x8e, 0xff, 0xa0, 0x0, 0x0, 0x0, 0xbf,
    0xf5, 0x0, 0x0, 0x0, 0x3f, 0xfa, 0x0, 0x0,
    0x0, 0xf, 0xfc, 0x0, 0x0, 0x0, 0xf, 0xfd,
    0x0, 0x0, 0x0, 0xf, 0xfd, 0x0, 0x0, 0x0,
    0xf, 0xfe, 0x0, 0x0, 0x0, 0xd, 0xff, 0x60,
    0x0, 0x0, 0x7, 0xff, 0xfc, 0x95, 0x0, 0x0,
    0xcf, 0xff, 0xfa, 0x0, 0x0, 0x7, 0xcf, 0xfa,

    /* U+007C "|" */
    0x6b, 0xb2, 0x9f, 0xf4, 0x9f, 0xf4, 0x9f, 0xf4,
    0x9f, 0xf4, 0x9f, 0xf4, 0x9f, 0xf4, 0x9f, 0xf4,
    0x9f, 0xf4, 0x9f, 0xf4, 0x9f, 0xf4, 0x9f, 0xf4,
    0x9f, 0xf4, 0x9f, 0xf4, 0x9f, 0xf4, 0x9f, 0xf4,
    0x9f, 0xf4, 0x9f, 0xf4, 0x9f, 0xf4, 0x9f, 0xf4,
    0x9f, 0xf4, 0x9f, 0xf4, 0x9f, 0xf4, 0x9f, 0xf4,

    /* U+007D "}" */
    0x9f, 0xfd, 0x70, 0x0, 0x0, 0x9f, 0xff, 0xfb,
    0x0, 0x0, 0x5a, 0xdf, 0xff, 0x70, 0x0, 0x0,
    0x6, 0xff, 0xd0, 0x0, 0x0, 0x0, 0xef, 0xf0,
    0x0, 0x0, 0x0, 0xcf, 0xf0, 0x0, 0x0, 0x0,
    0xcf, 0xf1, 0x0, 0x0, 0x0, 0xcf, 0xf1, 0x0,
    0x0, 0x0, 0xaf, 0xf2, 0x0, 0x0, 0x0, 0x7f,
    0xf7, 0x0, 0x0, 0x0, 0xe, 0xff, 0x50, 0x0,
    0x0, 0x2, 0xdf, 0xfd, 0x0, 0x0, 0x0, 0x5e,
    0xfd, 0x0, 0x0, 0x9, 0xff, 0xe8, 0x0, 0x0,
    0x4f, 0xfc, 0x0, 0x0, 0x0, 0x9f, 0xf4, 0x0,
    0x0, 0x0, 0xbf, 0xf1, 0x0, 0x0, 0x0, 0xcf,
    0xf1, 0x0, 0x0, 0x0, 0xcf, 0xf1, 0x0, 0x0,
    0x0, 0xdf, 0xf0, 0x0, 0x0, 0x5, 0xff, 0xe0,
    0x0, 0x59, 0xcf, 0xff, 0x80, 0x0, 0x9f, 0xff,
    0xfc, 0x0, 0x0, 0x9f, 0xfd, 0x80, 0x0, 0x0,

    /* U+007E "~" */
    0x0, 0x14, 0x40, 0x0, 0x0, 0x11, 0x0, 0x5f,
    0xff, 0xd2, 0x0, 0xf, 0xf7, 0x2f, 0xff, 0xff,
    0xe1, 0x2, 0xff, 0x58, 0xff, 0x32, 0xdf, 0xd6,
    0xcf, 0xf1, 0xcf, 0xb0, 0x2, 0xef, 0xff, 0xf8,
    0xa, 0xc7, 0x0, 0x2, 0xbf, 0xe8, 0x0,

    /* U+00A0 " " */

    /* U+00A1 "¡" */
    0xaf, 0xff, 0xa, 0xff, 0xf0, 0xaf, 0xff, 0x4,
    0x77, 0x70, 0x0, 0x0, 0x0, 0x8b, 0x30, 0xd,
    0xf6, 0x0, 0xef, 0x70, 0xf, 0xf9, 0x1, 0xff,
    0xa0, 0x2f, 0xfb, 0x3, 0xff, 0xc0, 0x3f, 0xfc,
    0x3, 0xff, 0xc0, 0x3f, 0xfc, 0x3, 0xff, 0xc0,
    0x3f, 0xfc, 0x3, 0xff, 0xc0, 0x3f, 0xfc, 0x0,

    /* U+00A2 "¢" */
    0x0, 0x0, 0x0, 0x2f, 0xe0, 0x0, 0x0, 0x0,
    0x0, 0x0, 0x3f, 0xc0, 0x0, 0x0, 0x0, 0x1,
    0x7c, 0xff, 0xfa, 0x40, 0x0, 0x0, 0x3e, 0xff,
    0xff, 0xff, 0xfb, 0x0, 0x3, 0xff, 0xfe, 0xff,
    0xff, 0xff, 0xb0, 0xd, 0xff, 0xb0, 0x9f, 0x74,
    0xff, 0xf4, 0x4f, 0xfe, 0x0, 0xaf, 0x50, 0x8f,
    0xfa, 0x9f, 0xf8, 0x0, 0xbf, 0x40, 0x27, 0x76,
    0xbf, 0xf5, 0x0, 0xdf, 0x20, 0x0, 0x0, 0xcf,
    0xf4, 0x0, 0xef, 0x10, 0x0, 0x0, 0xcf, 0xf4,
    0x0, 0xff, 0x0, 0x0, 0x0, 0xaf, 0xf6, 0x1,
    0xfe, 0x0, 0x2, 0x21, 0x6f, 0xfb, 0x2, 0xfd,
    0x0, 0x6f, 0xfb, 0x1f, 0xff, 0x44, 0xfb, 0x0,
    0xcf, 0xf7, 0x8, 0xff, 0xfc, 0xfb, 0x3b, 0xff,
    0xe0, 0x0, 0xbf, 0xff, 0xff, 0xff, 0xff, 0x30,
    0x0, 0x8, 0xff, 0xff, 0xff, 0xc3, 0x0, 0x0,
    0x0, 0xf, 0xfe, 0x63, 0x0, 0x0, 0x0, 0x0,
    0xb, 0xf4, 0x0, 0x0, 0x0, 0x0, 0x0, 0xc,
    0xf3, 0x0, 0x0, 0x0,

    /* U+00A3 "£" */
    0x0, 0x0, 0x5, 0xbe, 0xfe, 0xc8, 0x10, 0x0,
    0x0, 0x0, 0xbf, 0xff, 0xff, 0xff, 0xf5, 0x0,
    0x0, 0xa, 0xff, 0xfe, 0xcd, 0xff, 0xff, 0x30,
    0x0, 0x3f, 0xff, 0x70, 0x0, 0x4f, 0xff, 0xb0,
    0x0, 0x7f, 0xfb, 0x0, 0x0, 0x6, 0xff, 0xf1,
    0x0, 0x9f, 0xf8, 0x0, 0x0, 0x0, 0x11, 0x10,
    0x0, 0x7f, 0xf9, 0x0, 0x0, 0x0, 0x0, 0x0,
    0x0, 0x4f, 0xfc, 0x0, 0x0, 0x0, 0x0, 0x0,
    0x0, 0xe, 0xff, 0x10, 0x0, 0x0, 0x0, 0x0,
    0x7f, 0xff, 0xff, 0xff, 0xff, 0xf0, 0x0, 0x0,
    0x7f, 0xff, 0xff, 0xff, 0xff, 0xf0, 0x0, 0x0,
    0x1, 0x14, 0xff, 0x91, 0x11, 0x10, 0x0, 0x0,
    0x0, 0x3, 0xff, 0x70, 0x0, 0x0, 0x0, 0x0,
    0x0, 0x5, 0xff, 0x40, 0x0, 0x0, 0x0, 0x0,
    0x0, 0xb, 0xff, 0x0, 0x0, 0x0, 0x0, 0x0,
    0x0, 0x4f, 0xf8, 0x0, 0x0, 0x0, 0x0, 0x0,
    0x3, 0xff, 0x90, 0x0, 0x0, 0x0, 0x0, 0x0,
    0x5f, 0xff, 0xdd, 0xdd, 0xdd, 0xdd, 0xdd, 0xb0,
    0x7f, 0xff, 0xff, 0xff, 0xff, 0xff, 0xff, 0xe0,
    0x7f, 0xff, 0xff, 0xff, 0xff, 0xff, 0xff, 0xe0,

    /* U+00A4 "¤" */
    0x3, 0x0, 0x0, 0x0, 0x0, 0x0, 0x3, 0x0,
    0x4f, 0xc1, 0x0, 0x0, 0x0, 0x0, 0x5f, 0xb0,
    0x5f, 0xfc, 0x28, 0xdf, 0xeb, 0x45, 0xff, 0xc1,
    0x4, 0xff, 0xff, 0xff, 0xff, 0xff, 0xfc, 0x0,
    0x0, 0x6f, 0xff, 0x84, 0x6b, 0xff, 0xf0, 0x0,
    0x0, 0xaf, 0xf2, 0x0, 0x0, 0x8f, 0xf2, 0x0,
    0x0, 0xff, 0x60, 0x0, 0x0, 0xd, 0xf8, 0x0,
    0x2, 0xff, 0x10, 0x0, 0x0, 0x8, 0xfb, 0x0,
    0x2, 0xff, 0x10, 0x0, 0x0, 0x8, 0xfb, 0x0,
    0x0, 0xff, 0x60, 0x0, 0x0, 0xd, 0xf9, 0x0,
    0x0, 0xaf, 0xf2, 0x0, 0x0, 0x8f, 0xf3, 0x0,
    0x0, 0x7f, 0xff, 0x84, 0x5b, 0xff, 0xf1, 0x0,
    0x5, 0xff, 0xff, 0xff, 0xff, 0xff, 0xfc, 0x10,
    0x5f, 0xfc, 0x28, 0xdf, 0xeb, 0x54, 0xff, 0xc1,
    0x3f, 0xc0, 0x0, 0x0, 0x0, 0x0, 0x4f, 0xb0,
    0x2, 0x0, 0x0, 0x0, 0x0, 0x0, 0x3, 0x0,

    /* U+00A5 "¥" */
    0xd, 0xff, 0x90, 0x0, 0x0, 0x0, 0x0, 0xef,
    0xf8, 0x4, 0xff, 0xf2, 0x0, 0x0, 0x0, 0x7,
    0xff, 0xe0, 0x0, 0xbf, 0xfa, 0x0, 0x0, 0x0,
    0x1f, 0xff, 0x50, 0x0, 0x2f, 0xff, 0x30, 0x0,
    0x0, 0x9f, 0xfc, 0x0, 0x0, 0x9, 0xff, 0xc0,
    0x0, 0x2, 0xff, 0xf3, 0x0, 0x0, 0x1, 0xef,
    0xf5, 0x0, 0xb, 0xff, 0xa0, 0x0, 0x0, 0x0,
    0x6f, 0xfe, 0x0, 0x4f, 0xff, 0x10, 0x0, 0x0,
    0x0, 0xd, 0xff, 0x70, 0xdf, 0xf7, 0x0, 0x0,
    0x0, 0x0, 0x4, 0xff, 0xf7, 0xff, 0xd0, 0x0,
    0x0, 0x0, 0x1, 0x44, 0xef, 0xff, 0xff, 0x84,
    0x44, 0x20, 0x0, 0x6, 0xff, 0xff, 0xff, 0xff,
    0xff, 0xff, 0xa0, 0x0, 0x6, 0xff, 0xff, 0xff,
    0xff, 0xff, 0xff, 0xa0, 0x0, 0x0, 0x0, 0x3,
    0xff, 0xd0, 0x0, 0x0, 0x0, 0x0, 0x0, 0x0,
    0x3, 0xff, 0xd0, 0x0, 0x0, 0x0, 0x0, 0x6,
    0xff, 0xff, 0xff, 0xff, 0xff, 0xff, 0xa0, 0x0,
    0x6, 0xff, 0xff, 0xff, 0xff, 0xff, 0xff, 0xa0,
    0x0, 0x1, 0x44, 0x47, 0xff, 0xf4, 0x44, 0x44,
    0x20, 0x0, 0x0, 0x0, 0x3, 0xff, 0xd0, 0x0,
    0x0, 0x0, 0x0, 0x0, 0x0, 0x3, 0xff, 0xd0,
    0x0, 0x0, 0x0, 0x0, 0x0, 0x0, 0x3, 0xff,
    0xd0, 0x0, 0x0, 0x0,

    /* U+00A6 "¦" */
    0x7c, 0xc3, 0x9f, 0xf4, 0x9f, 0xf4, 0x9f, 0xf4,
    0x9f, 0xf4, 0x9f, 0xf4, 0x9f, 0xf4, 0x9f, 0xf4,
    0x9f, 0xf4, 0x9f, 0xf4, 0x0, 0x0, 0x0, 0x0,
    0x0, 0x0, 0x0, 0x0, 0x7c, 0xc3, 0x9f, 0xf4,
    0x9f, 0xf4, 0x9f, 0xf4, 0x9f, 0xf4, 0x9f, 0xf4,
    0x9f, 0xf4, 0x9f, 0xf4, 0x9f, 0xf4, 0x9f, 0xf4,

    /* U+00A7 "§" */
    0x0, 0x4, 0xad, 0xff, 0xda, 0x30, 0x0, 0x0,
    0xaf, 0xff, 0xff, 0xff, 0xf9, 0x0, 0x7, 0xff,
    0xfb, 0x88, 0xcf, 0xff, 0x70, 0xd, 0xff, 0x60,
    0x0, 0x5, 0xff, 0xf0, 0xf, 0xff, 0x30, 0x0,
    0x0, 0xbe, 0xe3, 0xb, 0xff, 0xb1, 0x0, 0x0,
    0x0, 0x0, 0x1, 0xdf, 0xff, 0xc7, 0x30, 0x0,
    0x0, 0x0, 0x1d, 0xff, 0xff, 0xfe, 0x81, 0x0,
    0x1, 0xdf, 0xfd, 0xbd, 0xff, 0xff, 0x40, 0xb,
    0xff, 0x70, 0x0, 0x7, 0xff, 0xe0, 0xf, 0xfd,
    0x0, 0x0, 0x0, 0x9f, 0xf4, 0xf, 0xfe, 0x0,
    0x0, 0x0, 0x8f, 0xf4, 0xa, 0xff, 0xc3, 0x0,
    0x4, 0xef, 0xf1, 0x1, 0xcf, 0xff, 0xfd, 0xef,
    0xff, 0x50, 0x0, 0x5, 0xbf, 0xff, 0xff, 0xf8,
    0x0, 0x0, 0x0, 0x0, 0x37, 0xdf, 0xff, 0x90,
    0x1, 0x10, 0x0, 0x0, 0x6, 0xff, 0xf2, 0x5f,
    0xfc, 0x0, 0x0, 0x0, 0xcf, 0xf4, 0x1f, 0xff,
    0x60, 0x0, 0x1, 0xef, 0xf3, 0x7, 0xff, 0xfc,
    0x98, 0x9e, 0xff, 0xd0, 0x0, 0x8f, 0xff, 0xff,
    0xff, 0xfd, 0x20, 0x0, 0x2, 0x8d, 0xef, 0xeb,
    0x60, 0x0,

    /* U+00A8 "¨" */
    0xce, 0xe2, 0x8, 0xee, 0x5d, 0xff, 0x20, 0x9f,
    0xf6, 0xdf, 0xf2, 0x9, 0xff, 0x60,

    /* U+00A9 "©" */
    0x0, 0x0, 0x0, 0x0, 0x13, 0x43, 0x10, 0x0,
    0x0, 0x0, 0x0, 0x0, 0x0, 0x7, 0xcf, 0xff,
    0xff, 0xd8, 0x10, 0x0, 0x0, 0x0, 0x0, 0x5e,
    0xff, 0xff, 0xff, 0xff, 0xff, 0x60, 0x0, 0x0,
    0x0, 0x8f, 0xff, 0xa4, 0x10, 0x14, 0x9f, 0xff,
    0x90, 0x0, 0x0, 0x7f, 0xfd, 0x20, 0x0, 0x0,
    0x0, 0x1c, 0xff, 0x80, 0x0, 0x3f, 0xfc, 0x0,
    0x18, 0xdf, 0xea, 0x30, 0xa, 0xff, 0x40, 0xb,
    0xfe, 0x10, 0x3e, 0xff, 0xff, 0xff, 0x60, 0xd,
    0xfd, 0x2, 0xff, 0x60, 0x1e, 0xfe, 0x62, 0x4d,
    0xff, 0x20, 0x4f, 0xf4, 0x7f, 0xf0, 0x7, 0xff,
    0x30, 0x0, 0x1f, 0xf9, 0x0, 0xef, 0x9a, 0xfc,
    0x0, 0xcf, 0xb0, 0x0, 0x0, 0x58, 0x60, 0xa,
    0xfc, 0xbf, 0xa0, 0xe, 0xf8, 0x0, 0x0, 0x0,
    0x0, 0x0, 0x8f, 0xdb, 0xfb, 0x0, 0xef, 0x90,
    0x0, 0x0, 0x0, 0x0, 0x9, 0xfd, 0x9f, 0xd0,
    0xc, 0xfc, 0x0, 0x0, 0x7, 0xb9, 0x0, 0xbf,
    0xb5, 0xff, 0x20, 0x7f, 0xf3, 0x0, 0x1, 0xef,
    0xa0, 0xf, 0xf7, 0x1f, 0xf9, 0x1, 0xef, 0xe6,
    0x24, 0xdf, 0xf3, 0x7, 0xff, 0x20, 0x9f, 0xf3,
    0x3, 0xef, 0xff, 0xff, 0xf6, 0x2, 0xff, 0xb0,
    0x1, 0xef, 0xe3, 0x1, 0x8d, 0xfe, 0xa3, 0x2,
    0xdf, 0xf2, 0x0, 0x3, 0xff, 0xf7, 0x0, 0x0,
    0x0, 0x6, 0xef, 0xf5, 0x0, 0x0, 0x4, 0xef,
    0xfe, 0x96, 0x56, 0x9e, 0xff, 0xf5, 0x0, 0x0,
    0x0, 0x1, 0xaf, 0xff, 0xff, 0xff, 0xff, 0xb2,
    0x0, 0x0, 0x0, 0x0, 0x0, 0x28, 0xce, 0xfe,
    0xc8, 0x30, 0x0, 0x0, 0x0,

    /* U+00AA "ª" */
    0x1, 0x9d, 0xfe, 0xb4, 0x0, 0x1d, 0xff, 0xef,
    0xff, 0x30, 0x7f, 0xf5, 0x2, 0xff, 0xb0, 0x12,
    0x20, 0x1, 0xdf, 0xd0, 0x1, 0x7b, 0xef, 0xff,
    0xe0, 0x3e, 0xff, 0xc9, 0xdf, 0xe0, 0xbf, 0xf1,
    0x0, 0xdf, 0xe0, 0xdf, 0xe1, 0x18, 0xff, 0xf0,
    0x8f, 0xff, 0xff, 0xaf, 0xfa, 0x7, 0xcd, 0xb5,
    0x8, 0xd9,

    /* U+00AB "«" */
    0x0, 0x0, 0x0, 0x0, 0x0, 0x0, 0x0, 0x0,
    0x5, 0xff, 0xe2, 0x3, 0xff, 0xf5, 0x0, 0x4f,
    0xff, 0x40, 0x1e, 0xff, 0x70, 0x2, 0xff, 0xf5,
    0x0, 0xdf, 0xf9, 0x0, 0x1e, 0xff, 0x70, 0xb,
    0xff, 0xb0, 0x0, 0xbf, 0xf9, 0x0, 0x8f, 0xfc,
    0x0, 0x0, 0xdf, 0xe0, 0x0, 0x9f, 0xf3, 0x0,
    0x0, 0xbf, 0xfa, 0x0, 0x8f, 0xfd, 0x0, 0x0,
    0x1d, 0xff, 0x80, 0xb, 0xff, 0xb0, 0x0, 0x2,
    0xef, 0xf6, 0x0, 0xdf, 0xfa, 0x0, 0x0, 0x3f,
    0xff, 0x40, 0x1e, 0xff, 0x80, 0x0, 0x5, 0xff,
    0xf2, 0x2, 0xff, 0xf6,

    /* U+00AC "¬" */
    0x34, 0x44, 0x44, 0x44, 0x44, 0x44, 0xef, 0xff,
    0xff, 0xff, 0xff, 0xff, 0xef, 0xff, 0xff, 0xff,
    0xff, 0xff, 0x0, 0x0, 0x0, 0x0, 0x5, 0xff,
    0x0, 0x0, 0x0, 0x0, 0x5, 0xff, 0x0, 0x0,
    0x0, 0x0, 0x5, 0xff, 0x0, 0x0, 0x0, 0x0,
    0x5, 0xff, 0x0, 0x0, 0x0, 0x0, 0x2, 0x87,

    /* U+00AD "­" */
    0x8, 0x88, 0x88, 0x88, 0x31, 0xff, 0xff, 0xff,
    0xf6, 0x1f, 0xff, 0xff, 0xff, 0x60,

    /* U+00AE "®" */
    0x0, 0x0, 0x29, 0xdf, 0xfd, 0x82, 0x0, 0x0,
    0x0, 0x9, 0xff, 0xdb, 0xbd, 0xff, 0x80, 0x0,
    0x0, 0xbf, 0xb5, 0x22, 0x0, 0x3c, 0xfa, 0x0,
    0x8, 0xf9, 0x2f, 0xff, 0xfd, 0x30, 0xaf, 0x70,
    0x2f, 0xc0, 0x2f, 0xb5, 0x6e, 0xe0, 0xd, 0xf1,
    0x7f, 0x40, 0x2f, 0x90, 0x8, 0xf3, 0x6, 0xf6,
    0xaf, 0x0, 0x2f, 0xa1, 0x3d, 0xf1, 0x2, 0xf9,
    0xbe, 0x0, 0x2f, 0xff, 0xff, 0x60, 0x0, 0xfa,
    0xaf, 0x0, 0x2f, 0xb5, 0xfc, 0x0, 0x2, 0xf9,
    0x7f, 0x40, 0x2f, 0x90, 0x8f, 0x50, 0x6, 0xf5,
    0x1f, 0xc0, 0x2f, 0x90, 0x1e, 0xe0, 0xd, 0xf1,
    0x8, 0xf8, 0x17, 0x40, 0x4, 0x73, 0xaf, 0x70,
    0x0, 0xbf, 0xb2, 0x0, 0x0, 0x3c, 0xfa, 0x0,
    0x0, 0x9, 0xff, 0xda, 0xbd, 0xff, 0x80, 0x0,
    0x0, 0x0, 0x39, 0xdf, 0xfd, 0x92, 0x0, 0x0,

    /* U+00AF "¯" */
    0x45, 0x55, 0x55, 0x55, 0xdf, 0xff, 0xff, 0xff,
    0xdf, 0xff, 0xff, 0xff,

    /* U+00B0 "°" */
    0x0, 0x6c, 0xfe, 0xa2, 0x0, 0xa, 0xff, 0xff,
    0xff, 0x30, 0x5f, 0xfb, 0x56, 0xef, 0xd0, 0xbf,
    0xc0, 0x0, 0x4f, 0xf3, 0xcf, 0x90, 0x0, 0xf,
    0xf5, 0xbf, 0xd0, 0x0, 0x4f, 0xf3, 0x5f, 0xfc,
    0x67, 0xef, 0xd0, 0x9, 0xff, 0xff, 0xff, 0x30,
    0x0, 0x6c, 0xfe, 0xa2, 0x0,

    /* U+00B1 "±" */
    0x0, 0x0, 0xb, 0xfe, 0x0, 0x0, 0x0, 0x0,
    0x0, 0xb, 0xfe, 0x0, 0x0, 0x0, 0x0, 0x0,
    0xb, 0xfe, 0x0, 0x0, 0x0, 0x0, 0x0, 0xb,
    0xfe, 0x0, 0x0, 0x0, 0x0, 0x0, 0xb, 0xfe,
    0x0, 0x0, 0x0, 0xef, 0xff, 0xff, 0xff, 0xff,
    0xff, 0xf1, 0xef, 0xff, 0xff, 0xff, 0xff, 0xff,
    0xf1, 0x78, 0x88, 0x8f, 0xff, 0x88, 0x88, 0x80,
    0x0, 0x0, 0xb, 0xfe, 0x0, 0x0, 0x0, 0x0,
    0x0, 0xb, 0xfe, 0x0, 0x0, 0x0, 0x0, 0x0,
    0xb, 0xfe, 0x0, 0x0, 0x0, 0x0, 0x0, 0xb,
    0xfe, 0x0, 0x0, 0x0, 0x0, 0x0, 0x7, 0xb9,
    0x0, 0x0, 0x0, 0x45, 0x55, 0x55, 0x55, 0x55,
    0x55, 0x50, 0xef, 0xff, 0xff, 0xff, 0xff, 0xff,
    0xf1, 0xef, 0xff, 0xff, 0xff, 0xff, 0xff, 0xf1,

    /* U+00B2 "²" */
    0x2, 0xae, 0xfc, 0x50, 0x1e, 0xfe, 0xdf, 0xf4,
    0x9f, 0x90, 0x8, 0xfa, 0x79, 0x20, 0x4, 0xfc,
    0x0, 0x0, 0xb, 0xf8, 0x0, 0x6, 0xef, 0xc0,
    0x2, 0xdf, 0xf7, 0x0, 0x1e, 0xf9, 0x10, 0x0,
    0x8f, 0xb0, 0x0, 0x0, 0xcf, 0xed, 0xdd, 0xda,
    0xdf, 0xff, 0xff, 0xfc,

    /* U+00B3 "³" */
    0x0, 0x8d, 0xfe, 0xa2, 0x0, 0xbf, 0xfd, 0xff,
    0xd0, 0x2f, 0xe1, 0x1, 0xff, 0x30, 0x0, 0x0,
    0xe, 0xf2, 0x0, 0x2, 0xbe, 0xe7, 0x0, 0x0,
    0x3f, 0xfe, 0x80, 0x0, 0x0, 0x2, 0xcf, 0x70,
    0x21, 0x0, 0x6, 0xfc, 0x5f, 0xe1, 0x0, 0xaf,
    0xa0, 0xef, 0xfd, 0xef, 0xf3, 0x2, 0xae, 0xfe,
    0xa3, 0x0,

    /* U+00B4 "´" */
    0x2, 0xbb, 0x80, 0xa, 0xff, 0x30, 0x2f, 0xf8,
    0x0, 0x9f, 0xd0, 0x0,

    /* U+00B5 "µ" */
    0xef, 0xf0, 0x0, 0x0, 0xa, 0xff, 0x4e, 0xff,
    0x10, 0x0, 0x0, 0xaf, 0xf5, 0xef, 0xf1, 0x0,
    0x0, 0xa, 0xff, 0x5e, 0xff, 0x10, 0x0, 0x0,
    0xaf, 0xf5, 0xef, 0xf1, 0x0, 0x0, 0xa, 0xff,
    0x5e, 0xff, 0x10, 0x0, 0x0, 0xaf, 0xf5, 0xef,
    0xf1, 0x0, 0x0, 0xa, 0xff, 0x5e, 0xff, 0x10,
    0x0, 0x0, 0xaf, 0xf5, 0xff, 0xf1, 0x0, 0x0,
    0xa, 0xff, 0x5f, 0xff, 0x10, 0x0, 0x0, 0xcf,
    0xf5, 0xff, 0xf4, 0x0, 0x0, 0x1f, 0xff, 0x5f,
    0xff, 0xc0, 0x0, 0xa, 0xff, 0xf5, 0xff, 0xff,
    0xd9, 0x9d, 0xfd, 0xff, 0x5e, 0xff, 0xff, 0xff,
    0xf9, 0x7f, 0xf5, 0xef, 0xfd, 0xff, 0xc6, 0x7,
    0xff, 0x5e, 0xff, 0x10, 0x0, 0x0, 0x0, 0x0,
    0xef, 0xf1, 0x0, 0x0, 0x0, 0x0, 0xe, 0xff,
    0x10, 0x0, 0x0, 0x0, 0x0, 0xef, 0xf1, 0x0,
    0x0, 0x0, 0x0, 0x0,

    /* U+00B6 "¶" */
    0x0, 0x5, 0xae, 0xff, 0xff, 0xff, 0xfe, 0x1,
    0xcf, 0xff, 0xff, 0xff, 0xff, 0xfe, 0xc, 0xff,
    0xff, 0xff, 0xf9, 0x7e, 0xfe, 0x5f, 0xff, 0xff,
    0xff, 0xf3, 0xd, 0xfe, 0x9f, 0xff, 0xff, 0xff,
    0xf3, 0xd, 0xfe, 0xbf, 0xff, 0xff, 0xff, 0xf3,
    0xd, 0xfe, 0xaf, 0xff, 0xff, 0xff, 0xf3, 0xd,
    0xfe, 0x7f, 0xff, 0xff, 0xff, 0xf3, 0xd, 0xfe,
    0x1f, 0xff, 0xff, 0xff, 0xf3, 0xd, 0xfe, 0x4,
    0xff, 0xff, 0xff, 0xf3, 0xd, 0xfe, 0x0, 0x3b,
    0xff, 0xff, 0xf3, 0xd, 0xfe, 0x0, 0x0, 0x13,
    0xaf, 0xf3, 0xd, 0xfe, 0x0, 0x0, 0x0, 0x8f,
    0xf3, 0xd, 0xfe, 0x0, 0x0, 0x0, 0x8f, 0xf3,
    0xd, 0xfe, 0x0, 0x0, 0x0, 0x8f, 0xf3, 0xd,
    0xfe, 0x0, 0x0, 0x0, 0x8f, 0xf3, 0xd, 0xfe,
    0x0, 0x0, 0x0, 0x8f, 0xf3, 0xd, 0xfe, 0x0,
    0x0, 0x0, 0x8f, 0xf3, 0xd, 0xfe, 0x0, 0x0,
    0x0, 0x8f, 0xf3, 0xd, 0xfe, 0x0, 0x0, 0x0,
    0x8f, 0xf3, 0xd, 0xfe,

    /* U+00B7 "·" */
    0x67, 0x76, 0xdf, 0xfc, 0xdf, 0xfc, 0xdf, 0xfc,

    /* U+00B8 "¸" */
    0x0, 0x18, 0x60, 0x0, 0x9, 0xf7, 0x0, 0x0,
    0x9f, 0xfe, 0x20, 0x0, 0x6, 0xfa, 0x4a, 0x0,
    0x2f, 0xc7, 0xfe, 0xbe, 0xf7, 0x6, 0xdf, 0xd7,
    0x0,

    /* U+00B9 "¹" */
    0x0, 0x4, 0xf7, 0x0, 0xb, 0xf7, 0x4a, 0xdf,
    0xf7, 0x7f, 0xff, 0xf7, 0x0, 0xb, 0xf7, 0x0,
    0xb, 0xf7, 0x0, 0xb, 0xf7, 0x0, 0xb, 0xf7,
    0x0, 0xb, 0xf7, 0x0, 0xb, 0xf7, 0x0, 0xb,
    0xf7,

    /* U+00BA "º" */
    0x0, 0x6c, 0xff, 0xc6, 0x0, 0xa, 0xff, 0xff,
    0xff, 0x90, 0x5f, 0xfa, 0x11, 0xaf, 0xf4, 0xbf,
    0xf1, 0x0, 0x1f, 0xfa, 0xdf, 0xd0, 0x0, 0xd,
    0xfd, 0xdf, 0xd0, 0x0, 0xd, 0xfd, 0xaf, 0xf1,
    0x0, 0x1f, 0xfa, 0x5f, 0xfa, 0x11, 0xaf, 0xf4,
    0x9, 0xff, 0xff, 0xff, 0x90, 0x0, 0x5c, 0xee,
    0xc5, 0x0,

    /* U+00BB "»" */
    0x0, 0x0, 0x0, 0x0, 0x0, 0x0, 0x0, 0x6f,
    0xfe, 0x20, 0x3f, 0xff, 0x50, 0x0, 0x8, 0xff,
    0xd1, 0x5, 0xff, 0xf3, 0x0, 0x0, 0xaf, 0xfc,
    0x0, 0x7f, 0xfe, 0x20, 0x0, 0xc, 0xff, 0xb0,
    0x9, 0xff, 0xd1, 0x0, 0x1, 0xdf, 0xf7, 0x0,
    0xbf, 0xfa, 0x0, 0x0, 0x4f, 0xf8, 0x0, 0x1f,
    0xfc, 0x0, 0x1, 0xdf, 0xf7, 0x0, 0xbf, 0xfa,
    0x0, 0xc, 0xff, 0xa0, 0x9, 0xff, 0xd0, 0x0,
    0xaf, 0xfc, 0x0, 0x7f, 0xfe, 0x10, 0x8, 0xff,
    0xd1, 0x5, 0xff, 0xf3, 0x0, 0x6f, 0xfe, 0x20,
    0x3f, 0xff, 0x40, 0x0,

    /* U+00BC "¼" */
    0x0, 0x2, 0xb5, 0x0, 0x0, 0x0, 0x0, 0x1,
    0xbb, 0x20, 0x0, 0x0, 0x6f, 0x70, 0x0, 0x0,
    0x0, 0x0, 0xbf, 0xa0, 0x0, 0x0, 0x4e, 0xf7,
    0x0, 0x0, 0x0, 0x0, 0x6f, 0xe0, 0x0, 0x7,
    0xff, 0xff, 0x70, 0x0, 0x0, 0x0, 0x2f, 0xf4,
    0x0, 0x0, 0x49, 0x9e, 0xf7, 0x0, 0x0, 0x0,
    0xc, 0xf9, 0x0, 0x0, 0x0, 0x0, 0xbf, 0x70,
    0x0, 0x0, 0x7, 0xfd, 0x0, 0x0, 0x0, 0x0,
    0xb, 0xf7, 0x0, 0x0, 0x3, 0xff, 0x30, 0x0,
    0x0, 0x0, 0x0, 0xbf, 0x70, 0x0, 0x0, 0xdf,
    0x80, 0x0, 0x0, 0x0, 0x0, 0xb, 0xf7, 0x0,
    0x0, 0x8f, 0xc0, 0x0, 0x0, 0x0, 0x0, 0x0,
    0xbf, 0x70, 0x0, 0x3f, 0xf2, 0x0, 0x4, 0xaa,
    0x0, 0x0, 0xb, 0xf7, 0x0, 0xd, 0xf7, 0x0,
    0x1, 0xef, 0xf0, 0x0, 0x0, 0x0, 0x0, 0x9,
    0xfb, 0x0, 0x0, 0xcf, 0xff, 0x0, 0x0, 0x0,
    0x0, 0x4, 0xff, 0x10, 0x0, 0x8f, 0xbf, 0xf0,
    0x0, 0x0, 0x0, 0x1, 0xef, 0x60, 0x0, 0x4f,
    0xc2, 0xff, 0x0, 0x0, 0x0, 0x0, 0xaf, 0xa0,
    0x0, 0x1e, 0xf2, 0x2f, 0xf0, 0x0, 0x0, 0x0,
    0x5f, 0xe1, 0x0, 0xb, 0xf5, 0x2, 0xff, 0x0,
    0x0, 0x0, 0x1e, 0xf5, 0x0, 0x3, 0xff, 0xff,
    0xff, 0xff, 0x70, 0x0, 0xb, 0xfa, 0x0, 0x0,
    0x2c, 0xcc, 0xcd, 0xff, 0xc5, 0x0, 0x6, 0xfe,
    0x0, 0x0, 0x0, 0x0, 0x0, 0x2f, 0xf0, 0x0,
    0x2, 0xff, 0x40, 0x0, 0x0, 0x0, 0x0, 0x2,
    0xff, 0x0,

    /* U+00BD "½" */
    0x0, 0x2, 0xb5, 0x0, 0x0, 0x0, 0x0, 0x1,
    0xbb, 0x20, 0x0, 0x0, 0x6, 0xf7, 0x0, 0x0,
    0x0, 0x0, 0xb, 0xfa, 0x0, 0x0, 0x0, 0x4e,
    0xf7, 0x0, 0x0, 0x0, 0x0, 0x6f, 0xe0, 0x0,
    0x0, 0x7f, 0xff, 0xf7, 0x0, 0x0, 0x0, 0x2,
    0xff, 0x40, 0x0, 0x0, 0x49, 0x9e, 0xf7, 0x0,
    0x0, 0x0, 0xc, 0xf9, 0x0, 0x0, 0x0, 0x0,
    0xb, 0xf7, 0x0, 0x0, 0x0, 0x7f, 0xd0, 0x0,
    0x0, 0x0, 0x0, 0xb, 0xf7, 0x0, 0x0, 0x3,
    0xff, 0x30, 0x0, 0x0, 0x0, 0x0, 0xb, 0xf7,
    0x0, 0x0, 0xd, 0xf8, 0x0, 0x0, 0x0, 0x0,
    0x0, 0xb, 0xf7, 0x0, 0x0, 0x8f, 0xc0, 0x0,
    0x0, 0x0, 0x0, 0x0, 0xb, 0xf7, 0x0, 0x3,
    0xff, 0x20, 0x3, 0xbe, 0xeb, 0x30, 0x0, 0xb,
    0xf7, 0x0, 0xd, 0xf7, 0x0, 0x3f, 0xff, 0xff,
    0xf2, 0x0, 0x0, 0x0, 0x0, 0x9f, 0xb0, 0x0,
    0xbf, 0x91, 0x1c, 0xf8, 0x0, 0x0, 0x0, 0x4,
    0xff, 0x10, 0x0, 0x89, 0x10, 0x7, 0xf9, 0x0,
    0x0, 0x0, 0x1e, 0xf6, 0x0, 0x0, 0x0, 0x0,
    0xc, 0xf6, 0x0, 0x0, 0x0, 0xaf, 0xa0, 0x0,
    0x0, 0x0, 0x6, 0xef, 0xa0, 0x0, 0x0, 0x5,
    0xfe, 0x10, 0x0, 0x0, 0x3, 0xdf, 0xe6, 0x0,
    0x0, 0x0, 0x1e, 0xf5, 0x0, 0x0, 0x0, 0x2f,
    0xf8, 0x0, 0x0, 0x0, 0x0, 0xbf, 0xa0, 0x0,
    0x0, 0x0, 0xaf, 0x90, 0x0, 0x0, 0x0, 0x6,
    0xfe, 0x0, 0x0, 0x0, 0x0, 0xef, 0xed, 0xdd,
    0xd8, 0x0, 0x2f, 0xf4, 0x0, 0x0, 0x0, 0x0,
    0xff, 0xff, 0xff, 0xfa,

    /* U+00BE "¾" */
    0x0, 0x4a, 0xcb, 0x70, 0x0, 0x0, 0x0, 0x0,
    0x8, 0xc8, 0x0, 0x7, 0xff, 0xff, 0xfa, 0x0,
    0x0, 0x0, 0x0, 0x4f, 0xf1, 0x0, 0x1f, 0xf5,
    0x4, 0xff, 0x20, 0x0, 0x0, 0x1, 0xef, 0x50,
    0x0, 0x16, 0x50, 0x0, 0xdf, 0x30, 0x0, 0x0,
    0xa, 0xfa, 0x0, 0x0, 0x0, 0x0, 0x4, 0xfe,
    0x0, 0x0, 0x0, 0x5f, 0xe1, 0x0, 0x0, 0x0,
    0x3, 0xff, 0xd2, 0x0, 0x0, 0x1, 0xef, 0x50,
    0x0, 0x0, 0x0, 0x2, 0xac, 0xfd, 0x20, 0x0,
    0xb, 0xfa, 0x0, 0x0, 0x0, 0x0, 0x0, 0x0,
    0x8f, 0xa0, 0x0, 0x6f, 0xe0, 0x0, 0x0, 0x0,
    0x4d, 0xb0, 0x0, 0x9f, 0xb0, 0x2, 0xff, 0x40,
    0x0, 0x0, 0x0, 0x1f, 0xfe, 0xce, 0xff, 0x50,
    0xc, 0xf9, 0x0, 0x0, 0xbc, 0x60, 0x3, 0xbe,
    0xfe, 0xb4, 0x0, 0x7f, 0xd0, 0x0, 0x9, 0xff,
    0x80, 0x0, 0x0, 0x0, 0x0, 0x2, 0xff, 0x30,
    0x0, 0x5f, 0xff, 0x80, 0x0, 0x0, 0x0, 0x0,
    0xd, 0xf8, 0x0, 0x1, 0xee, 0xbf, 0x80, 0x0,
    0x0, 0x0, 0x0, 0x8f, 0xd0, 0x0, 0xc, 0xf3,
    0xaf, 0x80, 0x0, 0x0, 0x0, 0x3, 0xff, 0x20,
    0x0, 0x8f, 0x80, 0xaf, 0x80, 0x0, 0x0, 0x0,
    0xd, 0xf7, 0x0, 0x3, 0xfc, 0x0, 0xaf, 0x80,
    0x0, 0x0, 0x0, 0x9f, 0xc0, 0x0, 0xb, 0xff,
    0xff, 0xff, 0xff, 0x0, 0x0, 0x4, 0xff, 0x20,
    0x0, 0x9, 0xcc, 0xcc, 0xef, 0xec, 0x0, 0x0,
    0xe, 0xf6, 0x0, 0x0, 0x0, 0x0, 0x0, 0xaf,
    0x80, 0x0, 0x0, 0xaf, 0xb0, 0x0, 0x0, 0x0,
    0x0, 0x0, 0xaf, 0x80,

    /* U+00BF "¿" */
    0x0, 0x0, 0xb, 0xff, 0xf0, 0x0, 0x0, 0x0,
    0x0, 0xb, 0xff, 0xf0, 0x0, 0x0, 0x0, 0x0,
    0xb, 0xff, 0xf0, 0x0, 0x0, 0x0, 0x0, 0x5,
    0x77, 0x70, 0x0, 0x0, 0x0, 0x0, 0x0, 0x0,
    0x0, 0x0, 0x0, 0x0, 0x0, 0x1, 0x33, 0x20,
    0x0, 0x0, 0x0, 0x0, 0x7, 0xff, 0x70, 0x0,
    0x0, 0x0, 0x0, 0xa, 0xff, 0x60, 0x0, 0x0,
    0x0, 0x0, 0x4f, 0xff, 0x10, 0x0, 0x0, 0x0,
    0x8, 0xff, 0xf8, 0x0, 0x0, 0x0, 0x2, 0xdf,
    0xff, 0x80, 0x0, 0x0, 0x0, 0x1d, 0xff, 0xd3,
    0x0, 0x0, 0x0, 0x0, 0x8f, 0xfc, 0x0, 0x0,
    0x0, 0x0, 0x0, 0xcf, 0xf6, 0x0, 0x0, 0x0,
    0x15, 0x53, 0xcf, 0xf5, 0x0, 0x0, 0x0, 0x8f,
    0xf9, 0xaf, 0xf8, 0x0, 0x0, 0x0, 0xdf, 0xf5,
    0x5f, 0xff, 0x40, 0x0, 0x1b, 0xff, 0xe0, 0xc,
    0xff, 0xfd, 0xbc, 0xff, 0xff, 0x40, 0x1, 0xcf,
    0xff, 0xff, 0xff, 0xe5, 0x0, 0x0, 0x5, 0xbe,
    0xfe, 0xc7, 0x10, 0x0,

    /* U+00C0 "À" */
    0x0, 0x0, 0x0, 0x8f, 0xf7, 0x0, 0x0, 0x0,
    0x0, 0x0, 0x0, 0x0, 0x0, 0xdf, 0xe0, 0x0,
    0x0, 0x0, 0x0, 0x0, 0x0, 0x0, 0x3, 0xff,
    0x60, 0x0, 0x0, 0x0, 0x0, 0x0, 0x0, 0x0,
    0x6, 0xb8, 0x0, 0x0, 0x0, 0x0, 0x0, 0x0,
    0x0, 0x0, 0x0, 0x0, 0x0, 0x0, 0x0, 0x0,
    0x0, 0x0, 0x0, 0x7f, 0xff, 0xb0, 0x0, 0x0,
    0x0, 0x0, 0x0, 0x0, 0xc, 0xff, 0xff, 0x10,
    0x0, 0x0, 0x0, 0x0, 0x0, 0x2, 0xff, 0xff,
    0xf7, 0x0, 0x0, 0x0, 0x0, 0x0, 0x0, 0x8f,
    0xfa, 0xff, 0xd0, 0x0, 0x0, 0x0, 0x0, 0x0,
    0xe, 0xff, 0x1d, 0xff, 0x20, 0x0, 0x0, 0x0,
    0x0, 0x3, 0xff, 0xc0, 0x8f, 0xf8, 0x0, 0x0,
    0x0, 0x0, 0x0, 0x9f, 0xf7, 0x3, 0xff, 0xe0,
    0x0, 0x0, 0x0, 0x0, 0xe, 0xff, 0x10, 0xd,
    0xff, 0x40, 0x0, 0x0, 0x0, 0x5, 0xff, 0xc0,
    0x0, 0x8f, 0xf9, 0x0, 0x0, 0x0, 0x0, 0xaf,
    0xf7, 0x0, 0x2, 0xff, 0xf0, 0x0, 0x0, 0x0,
    0xf, 0xff, 0x20, 0x0, 0xd, 0xff, 0x50, 0x0,
    0x0, 0x6, 0xff, 0xc0, 0x0, 0x0, 0x8f, 0xfa,
    0x0, 0x0, 0x0, 0xcf, 0xfe, 0xbb, 0xbb, 0xbc,
    0xff, 0xf1, 0x0, 0x0, 0x1f, 0xff, 0xff, 0xff,
    0xff, 0xff, 0xff, 0x60, 0x0, 0x7, 0xff, 0xff,
    0xff, 0xff, 0xff, 0xff, 0xfc, 0x0, 0x0, 0xdf,
    0xf6, 0x0, 0x0, 0x0, 0x2, 0xff, 0xf1, 0x0,
    0x2f, 0xff, 0x10, 0x0, 0x0, 0x0, 0xc, 0xff,
    0x70, 0x8, 0xff, 0xa0, 0x0, 0x0, 0x0, 0x0,
    0x6f, 0xfd, 0x0, 0xef, 0xf5, 0x0, 0x0, 0x0,
    0x0, 0x1, 0xff, 0xf3, 0x4f, 0xfe, 0x0, 0x0,
    0x0, 0x0, 0x0, 0xa, 0xff, 0x80,

    /* U+00C1 "Á" */
    0x0, 0x0, 0x0, 0x0, 0x2, 0xff, 0xd0, 0x0,
    0x0, 0x0, 0x0, 0x0, 0x0, 0x0, 0xaf, 0xf2,
    0x0, 0x0, 0x0, 0x0, 0x0, 0x0, 0x0, 0x2f,
    0xf7, 0x0, 0x0, 0x0, 0x0, 0x0, 0x0, 0x0,
    0x5, 0xb9, 0x0, 0x0, 0x0, 0x0, 0x0, 0x0,
    0x0, 0x0, 0x0, 0x0, 0x0, 0x0, 0x0, 0x0,
    0x0, 0x0, 0x0, 0x7f, 0xff, 0xb0, 0x0, 0x0,
    0x0, 0x0, 0x0, 0x0, 0xc, 0xff, 0xff, 0x10,
    0x0, 0x0, 0x0, 0x0, 0x0, 0x2, 0xff, 0xff,
    0xf7, 0x0, 0x0, 0x0, 0x0, 0x0, 0x0, 0x8f,
    0xfa, 0xff, 0xd0, 0x0, 0x0, 0x0, 0x0, 0x0,
    0xe, 0xff, 0x1d, 0xff, 0x20, 0x0, 0x0, 0x0,
    0x0, 0x3, 0xff, 0xc0, 0x8f, 0xf8, 0x0, 0x0,
    0x0, 0x0, 0x0, 0x9f, 0xf7, 0x3, 0xff, 0xe0,
    0x0, 0x0, 0x0, 0x0, 0xe, 0xff, 0x10, 0xd,
    0xff, 0x40, 0x0, 0x0, 0x0, 0x5, 0xff, 0xc0,
    0x0, 0x8f, 0xf9, 0x0, 0x0, 0x0, 0x0, 0xaf,
    0xf7, 0x0, 0x2, 0xff, 0xf0, 0x0, 0x0, 0x0,
    0xf, 0xff, 0x20, 0x0, 0xd, 0xff, 0x50, 0x0,
    0x0, 0x6, 0xff, 0xc0, 0x0, 0x0, 0x8f, 0xfa,
    0x0, 0x0, 0x0, 0xcf, 0xfe, 0xbb, 0xbb, 0xbc,
    0xff, 0xf1, 0x0, 0x0, 0x1f, 0xff, 0xff, 0xff,
    0xff, 0xff, 0xff, 0x60, 0x0, 0x7, 0xff, 0xff,
    0xff, 0xff, 0xff, 0xff, 0xfc, 0x0, 0x0, 0xdf,
    0xf6, 0x0, 0x0, 0x0, 0x2, 0xff, 0xf1, 0x0,
    0x2f, 0xff, 0x10, 0x0, 0x0, 0x0, 0xc, 0xff,
    0x70, 0x8, 0xff, 0xa0, 0x0, 0x0, 0x0, 0x0,
    0x6f, 0xfd, 0x0, 0xef, 0xf5, 0x0, 0x0, 0x0,
    0x0, 0x1, 0xff, 0xf3, 0x4f, 0xfe, 0x0, 0x0,
    0x0, 0x0, 0x0, 0xa, 0xff, 0x80,

    /* U+00C2 "Â" */
    0x0, 0x0, 0x0, 0x4, 0xff, 0xf8, 0x0, 0x0,
    0x0, 0x0, 0x0, 0x0, 0x1, 0xef, 0xbf, 0xf4,
    0x0, 0x0, 0x0, 0x0, 0x0, 0x0, 0xbf, 0xa0,
    0x5f, 0xe1, 0x0, 0x0, 0x0, 0x0, 0x0, 0x28,
    0x70, 0x0, 0x58, 0x40, 0x0, 0x0, 0x0, 0x0,
    0x0, 0x0, 0x0, 0x0, 0x0, 0x0, 0x0, 0x0,
    0x0, 0x0, 0x0, 0x7f, 0xff, 0xb0, 0x0, 0x0,
    0x0, 0x0, 0x0, 0x0, 0xc, 0xff, 0xff, 0x10,
    0x0, 0x0, 0x0, 0x0, 0x0, 0x2, 0xff, 0xff,
    0xf7, 0x0, 0x0, 0x0, 0x0, 0x0, 0x0, 0x8f,
    0xfa, 0xff, 0xd0, 0x0, 0x0, 0x0, 0x0, 0x0,
    0xe, 0xff, 0x1d, 0xff, 0x20, 0x0, 0x0, 0x0,
    0x0, 0x3, 0xff, 0xc0, 0x8f, 0xf8, 0x0, 0x0,
    0x0, 0x0, 0x0, 0x9f, 0xf7, 0x3, 0xff, 0xe0,
    0x0, 0x0, 0x0, 0x0, 0xe, 0xff, 0x10, 0xd,
    0xff, 0x40, 0x0, 0x0, 0x0, 0x5, 0xff, 0xc0,
    0x0, 0x8f, 0xf9, 0x0, 0x0, 0x0, 0x0, 0xaf,
    0xf7, 0x0, 0x2, 0xff, 0xf0, 0x0, 0x0, 0x0,
    0xf, 0xff, 0x20, 0x0, 0xd, 0xff, 0x50, 0x0,
    0x0, 0x6, 0xff, 0xc0, 0x0, 0x0, 0x8f, 0xfa,
    0x0, 0x0, 0x0, 0xcf, 0xfe, 0xbb, 0xbb, 0xbc,
    0xff, 0xf1, 0x0, 0x0, 0x1f, 0xff, 0xff, 0xff,
    0xff, 0xff, 0xff, 0x60, 0x0, 0x7, 0xff, 0xff,
    0xff, 0xff, 0xff, 0xff, 0xfc, 0x0, 0x0, 0xdf,
    0xf6, 0x0, 0x0, 0x0, 0x2, 0xff, 0xf1, 0x0,
    0x2f, 0xff, 0x10, 0x0, 0x0, 0x0, 0xc, 0xff,
    0x70, 0x8, 0xff, 0xa0, 0x0, 0x0, 0x0, 0x0,
    0x6f, 0xfd, 0x0, 0xef, 0xf5, 0x0, 0x0, 0x0,
    0x0, 0x1, 0xff, 0xf3, 0x4f, 0xfe, 0x0, 0x0,
    0x0, 0x0, 0x0, 0xa, 0xff, 0x80,

    /* U+00C3 "Ã" */
    0x0, 0x0, 0x0, 0x9e, 0xe9, 0x20, 0xaf, 0x10,
    0x0, 0x0, 0x0, 0x0, 0x8f, 0xff, 0xff, 0xef,
    0xb0, 0x0, 0x0, 0x0, 0x0, 0xd, 0xe0, 0x8,
    0xef, 0xb1, 0x0, 0x0, 0x0, 0x0, 0x0, 0x0,
    0x0, 0x0, 0x0, 0x0, 0x0, 0x0, 0x0, 0x0,
    0x0, 0x0, 0x0, 0x0, 0x0, 0x0, 0x0, 0x0,
    0x0, 0x0, 0x0, 0x7f, 0xff, 0xb0, 0x0, 0x0,
    0x0, 0x0, 0x0, 0x0, 0xc, 0xff, 0xff, 0x10,
    0x0, 0x0, 0x0, 0x0, 0x0, 0x2, 0xff, 0xff,
    0xf7, 0x0, 0x0, 0x0, 0x0, 0x0, 0x0, 0x8f,
    0xfa, 0xff, 0xd0, 0x0, 0x0, 0x0, 0x0, 0x0,
    0xe, 0xff, 0x1d, 0xff, 0x20, 0x0, 0x0, 0x0,
    0x0, 0x3, 0xff, 0xc0, 0x8f, 0xf8, 0x0, 0x0,
    0x0, 0x0, 0x0, 0x9f, 0xf7, 0x3, 0xff, 0xe0,
    0x0, 0x0, 0x0, 0x0, 0xe, 0xff, 0x10, 0xd,
    0xff, 0x40, 0x0, 0x0, 0x0, 0x5, 0xff, 0xc0,
    0x0, 0x8f, 0xf9, 0x0, 0x0, 0x0, 0x0, 0xaf,
    0xf7, 0x0, 0x2, 0xff, 0xf0, 0x0, 0x0, 0x0,
    0xf, 0xff, 0x20, 0x0, 0xd, 0xff, 0x50, 0x0,
    0x0, 0x6, 0xff, 0xc0, 0x0, 0x0, 0x8f, 0xfa,
    0x0, 0x0, 0x0, 0xcf, 0xfe, 0xbb, 0xbb, 0xbc,
    0xff, 0xf1, 0x0, 0x0, 0x1f, 0xff, 0xff, 0xff,
    0xff, 0xff, 0xff, 0x60, 0x0, 0x7, 0xff, 0xff,
    0xff, 0xff, 0xff, 0xff, 0xfc, 0x0, 0x0, 0xdf,
    0xf6, 0x0, 0x0, 0x0, 0x2, 0xff, 0xf1, 0x0,
    0x2f, 0xff, 0x10, 0x0, 0x0, 0x0, 0xc, 0xff,
    0x70, 0x8, 0xff, 0xa0, 0x0, 0x0, 0x0, 0x0,
    0x6f, 0xfd, 0x0, 0xef, 0xf5, 0x0, 0x0, 0x0,
    0x0, 0x1, 0xff, 0xf3, 0x4f, 0xfe, 0x0, 0x0,
    0x0, 0x0, 0x0, 0xa, 0xff, 0x80,

    /* U+00C4 "Ä" */
    0x0, 0x0, 0x6, 0xee, 0x70, 0x3e, 0xeb, 0x0,
    0x0, 0x0, 0x0, 0x0, 0x7f, 0xf8, 0x3, 0xff,
    0xc0, 0x0, 0x0, 0x0, 0x0, 0x7, 0xff, 0x80,
    0x3f, 0xfc, 0x0, 0x0, 0x0, 0x0, 0x0, 0x0,
    0x0, 0x0, 0x0, 0x0, 0x0, 0x0, 0x0, 0x0,
    0x0, 0x0, 0x0, 0x0, 0x0, 0x0, 0x0, 0x0,
    0x0, 0x0, 0x0, 0x7f, 0xff, 0xb0, 0x0, 0x0,
    0x0, 0x0, 0x0, 0x0, 0xc, 0xff, 0xff, 0x10,
    0x0, 0x0, 0x0, 0x0, 0x0, 0x2, 0xff, 0xff,
    0xf7, 0x0, 0x0, 0x0, 0x0, 0x0, 0x0, 0x8f,
    0xfa, 0xff, 0xd0, 0x0, 0x0, 0x0, 0x0, 0x0,
    0xe, 0xff, 0x1d, 0xff, 0x20, 0x0, 0x0, 0x0,
    0x0, 0x3, 0xff, 0xc0, 0x8f, 0xf8, 0x0, 0x0,
    0x0, 0x0, 0x0, 0x9f, 0xf7, 0x3, 0xff, 0xe0,
    0x0, 0x0, 0x0, 0x0, 0xe, 0xff, 0x10, 0xd,
    0xff, 0x40, 0x0, 0x0, 0x0, 0x5, 0xff, 0xc0,
    0x0, 0x8f, 0xf9, 0x0, 0x0, 0x0, 0x0, 0xaf,
    0xf7, 0x0, 0x2, 0xff, 0xf0, 0x0, 0x0, 0x0,
    0xf, 0xff, 0x20, 0x0, 0xd, 0xff, 0x50, 0x0,
    0x0, 0x6, 0xff, 0xc0, 0x0, 0x0, 0x8f, 0xfa,
    0x0, 0x0, 0x0, 0xcf, 0xfe, 0xbb, 0xbb, 0xbc,
    0xff, 0xf1, 0x0, 0x0, 0x1f, 0xff, 0xff, 0xff,
    0xff, 0xff, 0xff, 0x60, 0x0, 0x7, 0xff, 0xff,
    0xff, 0xff, 0xff, 0xff, 0xfc, 0x0, 0x0, 0xdf,
    0xf6, 0x0, 0x0, 0x0, 0x2, 0xff, 0xf1, 0x0,
    0x2f, 0xff, 0x10, 0x0, 0x0, 0x0, 0xc, 0xff,
    0x70, 0x8, 0xff, 0xa0, 0x0, 0x0, 0x0, 0x0,
    0x6f, 0xfd, 0x0, 0xef, 0xf5, 0x0, 0x0, 0x0,
    0x0, 0x1, 0xff, 0xf3, 0x4f, 0xfe, 0x0, 0x0,
    0x0, 0x0, 0x0, 0xa, 0xff, 0x80,

    /* U+00C5 "Å" */
    0x0, 0x0, 0x0, 0x2, 0xbf, 0xc3, 0x0, 0x0,
    0x0, 0x0, 0x0, 0x0, 0x0, 0xce, 0x9e, 0xe0,
    0x0, 0x0, 0x0, 0x0, 0x0, 0x0, 0xf, 0x70,
    0x5f, 0x20, 0x0, 0x0, 0x0, 0x0, 0x0, 0x0,
    0xec, 0x3a, 0xf1, 0x0, 0x0, 0x0, 0x0, 0x0,
    0x0, 0x5, 0xff, 0xf7, 0x0, 0x0, 0x0, 0x0,
    0x0, 0x0, 0x0, 0x1, 0x42, 0x0, 0x0, 0x0,
    0x0, 0x0, 0x0, 0x0, 0x8, 0xff, 0xfa, 0x0,
    0x0, 0x0, 0x0, 0x0, 0x0, 0x0, 0xef, 0xff,
    0xf0, 0x0, 0x0, 0x0, 0x0, 0x0, 0x0, 0x4f,
    0xff, 0xff, 0x60, 0x0, 0x0, 0x0, 0x0, 0x0,
    0x9, 0xff, 0xaf, 0xfb, 0x0, 0x0, 0x0, 0x0,
    0x0, 0x0, 0xff, 0xf1, 0xef, 0xf1, 0x0, 0x0,
    0x0, 0x0, 0x0, 0x5f, 0xfb, 0x9, 0xff, 0x70,
    0x0, 0x0, 0x0, 0x0, 0xb, 0xff, 0x50, 0x4f,
    0xfc, 0x0, 0x0, 0x0, 0x0, 0x1, 0xff, 0xf0,
    0x0, 0xef, 0xf2, 0x0, 0x0, 0x0, 0x0, 0x6f,
    0xfb, 0x0, 0x9, 0xff, 0x80, 0x0, 0x0, 0x0,
    0xc, 0xff, 0x50, 0x0, 0x4f, 0xfe, 0x0, 0x0,
    0x0, 0x2, 0xff, 0xf0, 0x0, 0x0, 0xef, 0xf3,
    0x0, 0x0, 0x0, 0x7f, 0xfb, 0x0, 0x0, 0x9,
    0xff, 0x90, 0x0, 0x0, 0xd, 0xff, 0xdb, 0xbb,
    0xbb, 0xcf, 0xfe, 0x0, 0x0, 0x3, 0xff, 0xff,
    0xff, 0xff, 0xff, 0xff, 0xf5, 0x0, 0x0, 0x9f,
    0xff, 0xff, 0xff, 0xff, 0xff, 0xff, 0xa0, 0x0,
    0xe, 0xff, 0x40, 0x0, 0x0, 0x0, 0x3f, 0xff,
    0x0, 0x4, 0xff, 0xe0, 0x0, 0x0, 0x0, 0x0,
    0xdf, 0xf6, 0x0, 0xaf, 0xf9, 0x0, 0x0, 0x0,
    0x0, 0x7, 0xff, 0xb0, 0xf, 0xff, 0x30, 0x0,
    0x0, 0x0, 0x0, 0x2f, 0xff, 0x15, 0xff, 0xe0,
    0x0, 0x0, 0x0, 0x0, 0x0, 0xcf, 0xf7,

    /* U+00C6 "Æ" */
    0x0, 0x0, 0x0, 0x0, 0x0, 0x1f, 0xff, 0xff,
    0xff, 0xff, 0xff, 0xff, 0xff, 0x20, 0x0, 0x0,
    0x0, 0x0, 0x9, 0xff, 0xff, 0xff, 0xff, 0xff,
    0xff, 0xff, 0xf2, 0x0, 0x0, 0x0, 0x0, 0x2,
    0xff, 0xeb, 0xff, 0xfc, 0xbb, 0xbb, 0xbb, 0xbb,
    0x10, 0x0, 0x0, 0x0, 0x0, 0xaf, 0xf5, 0xe,
    0xff, 0x10, 0x0, 0x0, 0x0, 0x0, 0x0, 0x0,
    0x0, 0x0, 0x3f, 0xfd, 0x0, 0xef, 0xf1, 0x0,
    0x0, 0x0, 0x0, 0x0, 0x0, 0x0, 0x0, 0xb,
    0xff, 0x40, 0xe, 0xff, 0x10, 0x0, 0x0, 0x0,
    0x0, 0x0, 0x0, 0x0, 0x4, 0xff, 0xc0, 0x0,
    0xef, 0xf1, 0x0, 0x0, 0x0, 0x0, 0x0, 0x0,
    0x0, 0x0, 0xcf, 0xf4, 0x0, 0xe, 0xff, 0x10,
    0x0, 0x0, 0x0, 0x0, 0x0, 0x0, 0x0, 0x5f,
    0xfc, 0x0, 0x0, 0xef, 0xf1, 0x0, 0x0, 0x0,
    0x0, 0x0, 0x0, 0x0, 0xd, 0xff, 0x40, 0x0,
    0xe, 0xff, 0xff, 0xff, 0xff, 0xff, 0xd0, 0x0,
    0x0, 0x6, 0xff, 0xb0, 0x0, 0x0, 0xef, 0xff,
    0xff, 0xff, 0xff, 0xfd, 0x0, 0x0, 0x0, 0xef,
    0xf3, 0x0, 0x0, 0xe, 0xff, 0xba, 0xaa, 0xaa,
    0xaa, 0x80, 0x0, 0x0, 0x7f, 0xff, 0xbb, 0xbb,
    0xbb, 0xff, 0xf1, 0x0, 0x0, 0x0, 0x0, 0x0,
    0x0, 0xe, 0xff, 0xff, 0xff, 0xff, 0xff, 0xff,
    0x10, 0x0, 0x0, 0x0, 0x0, 0x0, 0x8, 0xff,
    0xff, 0xff, 0xff, 0xff, 0xff, 0xf1, 0x0, 0x0,
    0x0, 0x0, 0x0, 0x1, 0xff, 0xf2, 0x0, 0x0,
    0x0, 0xe, 0xff, 0x10, 0x0, 0x0, 0x0, 0x0,
    0x0, 0x9f, 0xfa, 0x0, 0x0, 0x0, 0x0, 0xef,
    0xf1, 0x0, 0x0, 0x0, 0x0, 0x0, 0x2f, 0xff,
    0x20, 0x0, 0x0, 0x0, 0xe, 0xff, 0xcb, 0xbb,
    0xbb, 0xbb, 0xb4, 0xa, 0xff, 0xa0, 0x0, 0x0,
    0x0, 0x0, 0xef, 0xff, 0xff, 0xff, 0xff, 0xff,
    0x62, 0xff, 0xf2, 0x0, 0x0, 0x0, 0x0, 0xe,
    0xff, 0xff, 0xff, 0xff, 0xff, 0xf6,

    /* U+00C7 "Ç" */
    0x0, 0x0, 0x3, 0x9d, 0xff, 0xec, 0x82, 0x0,
    0x0, 0x0, 0x1, 0xbf, 0xff, 0xff, 0xff, 0xff,
    0x90, 0x0, 0x0, 0x2e, 0xff, 0xff, 0xdc, 0xdf,
    0xff, 0xfb, 0x0, 0x0, 0xdf, 0xff, 0x71, 0x0,
    0x1, 0x9f, 0xff, 0x70, 0x8, 0xff, 0xf4, 0x0,
    0x0, 0x0, 0x9, 0xff, 0xe0, 0xe, 0xff, 0x70,
    0x0, 0x0, 0x0, 0x0, 0xef, 0xf5, 0x4f, 0xff,
    0x0, 0x0, 0x0, 0x0, 0x0, 0x7d, 0xd8, 0x8f,
    0xfa, 0x0, 0x0, 0x0, 0x0, 0x0, 0x0, 0x0,
    0xaf, 0xf8, 0x0, 0x0, 0x0, 0x0, 0x0, 0x0,
    0x0, 0xbf, 0xf6, 0x0, 0x0, 0x0, 0x0, 0x0,
    0x0, 0x0, 0xbf, 0xf6, 0x0, 0x0, 0x0, 0x0,
    0x0, 0x0, 0x0, 0xaf, 0xf8, 0x0, 0x0, 0x0,
    0x0, 0x0, 0x0, 0x0, 0x8f, 0xfa, 0x0, 0x0,
    0x0, 0x0, 0x0, 0x13, 0x32, 0x5f, 0xff, 0x0,
    0x0, 0x0, 0x0, 0x0, 0x8f, 0xfa, 0xf, 0xff,
    0x70, 0x0, 0x0, 0x0, 0x0, 0xdf, 0xf6, 0x8,
    0xff, 0xf3, 0x0, 0x0, 0x0, 0x8, 0xff, 0xe1,
    0x0, 0xdf, 0xff, 0x70, 0x0, 0x1, 0x8f, 0xff,
    0x70, 0x0, 0x2e, 0xff, 0xff, 0xdb, 0xdf, 0xff,
    0xfa, 0x0, 0x0, 0x1, 0xbf, 0xff, 0xff, 0xff,
    0xff, 0x70, 0x0, 0x0, 0x0, 0x4, 0x9d, 0xff,
    0xfc, 0x72, 0x0, 0x0, 0x0, 0x0, 0x0, 0x3,
    0xfe, 0x50, 0x0, 0x0, 0x0, 0x0, 0x0, 0x0,
    0x0, 0xae, 0xfd, 0x0, 0x0, 0x0, 0x0, 0x0,
    0x0, 0x0, 0x0, 0xaf, 0x40, 0x0, 0x0, 0x0,
    0x0, 0x1, 0xcb, 0x11, 0xbf, 0x50, 0x0, 0x0,
    0x0, 0x0, 0x0, 0xaf, 0xff, 0xfd, 0x0, 0x0,
    0x0, 0x0, 0x0, 0x0, 0x5, 0xaa, 0x70, 0x0,
    0x0, 0x0,

    /* U+00C8 "È" */
    0x0, 0x4, 0xff, 0xb0, 0x0, 0x0, 0x0, 0x0,
    0x0, 0x9f, 0xf3, 0x0, 0x0, 0x0, 0x0, 0x0,
    0xd, 0xfa, 0x0, 0x0, 0x0, 0x0, 0x0, 0x3,
    0xba, 0x10, 0x0, 0x0, 0x0, 0x0, 0x0, 0x0,
    0x0, 0x0, 0x0, 0x9f, 0xff, 0xff, 0xff, 0xff,
    0xff, 0xf5, 0x9f, 0xff, 0xff, 0xff, 0xff, 0xff,
    0xf5, 0x9f, 0xfd, 0xbb, 0xbb, 0xbb, 0xbb, 0xb4,
    0x9f, 0xf7, 0x0, 0x0, 0x0, 0x0, 0x0, 0x9f,
    0xf7, 0x0, 0x0, 0x0, 0x0, 0x0, 0x9f, 0xf7,
    0x0, 0x0, 0x0, 0x0, 0x0, 0x9f, 0xf7, 0x0,
    0x0, 0x0, 0x0, 0x0, 0x9f, 0xf7, 0x0, 0x0,
    0x0, 0x0, 0x0, 0x9f, 0xf7, 0x0, 0x0, 0x0,
    0x0, 0x0, 0x9f, 0xff, 0xff, 0xff, 0xff, 0xff,
    0xf0, 0x9f, 0xff, 0xff, 0xff, 0xff, 0xff, 0xf0,
    0x9f, 0xfc, 0xaa, 0xaa, 0xaa, 0xaa, 0xa0, 0x9f,
    0xf7, 0x0, 0x0, 0x0, 0x0, 0x0, 0x9f, 0xf7,
    0x0, 0x0, 0x0, 0x0, 0x0, 0x9f, 0xf7, 0x0,
    0x0, 0x0, 0x0, 0x0, 0x9f, 0xf7, 0x0, 0x0,
    0x0, 0x0, 0x0, 0x9f, 0xf7, 0x0, 0x0, 0x0,
    0x0, 0x0, 0x9f, 0xfd, 0xbb, 0xbb, 0xbb, 0xbb,
    0xb6, 0x9f, 0xff, 0xff, 0xff, 0xff, 0xff, 0xf9,
    0x9f, 0xff, 0xff, 0xff, 0xff, 0xff, 0xf9,

    /* U+00C9 "É" */
    0x0, 0x0, 0x0, 0xd, 0xff, 0x20, 0x0, 0x0,
    0x0, 0x0, 0x5f, 0xf7, 0x0, 0x0, 0x0, 0x0,
    0x0, 0xdf, 0xc0, 0x0, 0x0, 0x0, 0x0, 0x2,
    0xba, 0x20, 0x0, 0x0, 0x0, 0x0, 0x0, 0x0,
    0x0, 0x0, 0x0, 0x9f, 0xff, 0xff, 0xff, 0xff,
    0xff, 0xf5, 0x9f, 0xff, 0xff, 0xff, 0xff, 0xff,
    0xf5, 0x9f, 0xfd, 0xbb, 0xbb, 0xbb, 0xbb, 0xb4,
    0x9f, 0xf7, 0x0, 0x0, 0x0, 0x0, 0x0, 0x9f,
    0xf7, 0x0, 0x0, 0x0, 0x0, 0x0, 0x9f, 0xf7,
    0x0, 0x0, 0x0, 0x0, 0x0, 0x9f, 0xf7, 0x0,
    0x0, 0x0, 0x0, 0x0, 0x9f, 0xf7, 0x0, 0x0,
    0x0, 0x0, 0x0, 0x9f, 0xf7, 0x0, 0x0, 0x0,
    0x0, 0x0, 0x9f, 0xff, 0xff, 0xff, 0xff, 0xff,
    0xf0, 0x9f, 0xff, 0xff, 0xff, 0xff, 0xff, 0xf0,
    0x9f, 0xfc, 0xaa, 0xaa, 0xaa, 0xaa, 0xa0, 0x9f,
    0xf7, 0x0, 0x0, 0x0, 0x0, 0x0, 0x9f, 0xf7,
    0x0, 0x0, 0x0, 0x0, 0x0, 0x9f, 0xf7, 0x0,
    0x0, 0x0, 0x0, 0x0, 0x9f, 0xf7, 0x0, 0x0,
    0x0, 0x0, 0x0, 0x9f, 0xf7, 0x0, 0x0, 0x0,
    0x0, 0x0, 0x9f, 0xfd, 0xbb, 0xbb, 0xbb, 0xbb,
    0xb6, 0x9f, 0xff, 0xff, 0xff, 0xff, 0xff, 0xf9,
    0x9f, 0xff, 0xff, 0xff, 0xff, 0xff, 0xf9,

    /* U+00CA "Ê" */
    0x0, 0x0, 0x1e, 0xff, 0xc0, 0x0, 0x0, 0x0,
    0x0, 0xbf, 0xde, 0xf9, 0x0, 0x0, 0x0, 0x7,
    0xfd, 0x12, 0xef, 0x40, 0x0, 0x0, 0x7, 0x82,
    0x0, 0x38, 0x60, 0x0, 0x0, 0x0, 0x0, 0x0,
    0x0, 0x0, 0x0, 0x9f, 0xff, 0xff, 0xff, 0xff,
    0xff, 0xf5, 0x9f, 0xff, 0xff, 0xff, 0xff, 0xff,
    0xf5, 0x9f, 0xfd, 0xbb, 0xbb, 0xbb, 0xbb, 0xb4,
    0x9f, 0xf7, 0x0, 0x0, 0x0, 0x0, 0x0, 0x9f,
    0xf7, 0x0, 0x0, 0x0, 0x0, 0x0, 0x9f, 0xf7,
    0x0, 0x0, 0x0, 0x0, 0x0, 0x9f, 0xf7, 0x0,
    0x0, 0x0, 0x0, 0x0, 0x9f, 0xf7, 0x0, 0x0,
    0x0, 0x0, 0x0, 0x9f, 0xf7, 0x0, 0x0, 0x0,
    0x0, 0x0, 0x9f, 0xff, 0xff, 0xff, 0xff, 0xff,
    0xf0, 0x9f, 0xff, 0xff, 0xff, 0xff, 0xff, 0xf0,
    0x9f, 0xfc, 0xaa, 0xaa, 0xaa, 0xaa, 0xa0, 0x9f,
    0xf7, 0x0, 0x0, 0x0, 0x0, 0x0, 0x9f, 0xf7,
    0x0, 0x0, 0x0, 0x0, 0x0, 0x9f, 0xf7, 0x0,
    0x0, 0x0, 0x0, 0x0, 0x9f, 0xf7, 0x0, 0x0,
    0x0, 0x0, 0x0, 0x9f, 0xf7, 0x0, 0x0, 0x0,
    0x0, 0x0, 0x9f, 0xfd, 0xbb, 0xbb, 0xbb, 0xbb,
    0xb6, 0x9f, 0xff, 0xff, 0xff, 0xff, 0xff, 0xf9,
    0x9f, 0xff, 0xff, 0xff, 0xff, 0xff, 0xf9,

    /* U+00CB "Ë" */
    0x0, 0x2e, 0xeb, 0x0, 0xee, 0xe0, 0x0, 0x0,
    0x3f, 0xfc, 0x0, 0xff, 0xf0, 0x0, 0x0, 0x3f,
    0xfc, 0x0, 0xff, 0xf0, 0x0, 0x0, 0x0, 0x0,
    0x0, 0x0, 0x0, 0x0, 0x0, 0x0, 0x0, 0x0,
    0x0, 0x0, 0x0, 0x9f, 0xff, 0xff, 0xff, 0xff,
    0xff, 0xf5, 0x9f, 0xff, 0xff, 0xff, 0xff, 0xff,
    0xf5, 0x9f, 0xfd, 0xbb, 0xbb, 0xbb, 0xbb, 0xb4,
    0x9f, 0xf7, 0x0, 0x0, 0x0, 0x0, 0x0, 0x9f,
    0xf7, 0x0, 0x0, 0x0, 0x0, 0x0, 0x9f, 0xf7,
    0x0, 0x0, 0x0, 0x0, 0x0, 0x9f, 0xf7, 0x0,
    0x0, 0x0, 0x0, 0x0, 0x9f, 0xf7, 0x0, 0x0,
    0x0, 0x0, 0x0, 0x9f, 0xf7, 0x0, 0x0, 0x0,
    0x0, 0x0, 0x9f, 0xff, 0xff, 0xff, 0xff, 0xff,
    0xf0, 0x9f, 0xff, 0xff, 0xff, 0xff, 0xff, 0xf0,
    0x9f, 0xfc, 0xaa, 0xaa, 0xaa, 0xaa, 0xa0, 0x9f,
    0xf7, 0x0, 0x0, 0x0, 0x0, 0x0, 0x9f, 0xf7,
    0x0, 0x0, 0x0, 0x0, 0x0, 0x9f, 0xf7, 0x0,
    0x0, 0x0, 0x0, 0x0, 0x9f, 0xf7, 0x0, 0x0,
    0x0, 0x0, 0x0, 0x9f, 0xf7, 0x0, 0x0, 0x0,
    0x0, 0x0, 0x9f, 0xfd, 0xbb, 0xbb, 0xbb, 0xbb,
    0xb6, 0x9f, 0xff, 0xff, 0xff, 0xff, 0xff, 0xf9,
    0x9f, 0xff, 0xff, 0xff, 0xff, 0xff, 0xf9,

    /* U+00CC "Ì" */
    0x4f, 0xfb, 0x0, 0x9, 0xff, 0x30, 0x0, 0xdf,
    0xb0, 0x0, 0x3b, 0xa1, 0x0, 0x0, 0x0, 0x0,
    0x9f, 0xf7, 0x0, 0x9f, 0xf7, 0x0, 0x9f, 0xf7,
    0x0, 0x9f, 0xf7, 0x0, 0x9f, 0xf7, 0x0, 0x9f,
    0xf7, 0x0, 0x9f, 0xf7, 0x0, 0x9f, 0xf7, 0x0,
    0x9f, 0xf7, 0x0, 0x9f, 0xf7, 0x0, 0x9f, 0xf7,
    0x0, 0x9f, 0xf7, 0x0, 0x9f, 0xf7, 0x0, 0x9f,
    0xf7, 0x0, 0x9f, 0xf7, 0x0, 0x9f, 0xf7, 0x0,
    0x9f, 0xf7, 0x0, 0x9f, 0xf7, 0x0, 0x9f, 0xf7,
    0x0, 0x9f, 0xf7,

    /* U+00CD "Í" */
    0x0, 0xdf, 0xf2, 0x5, 0xff, 0x70, 0xd, 0xfc,
    0x0, 0x2b, 0xa2, 0x0, 0x0, 0x0, 0x0, 0x9f,
    0xf7, 0x0, 0x9f, 0xf7, 0x0, 0x9f, 0xf7, 0x0,
    0x9f, 0xf7, 0x0, 0x9f, 0xf7, 0x0, 0x9f, 0xf7,
    0x0, 0x9f, 0xf7, 0x0, 0x9f, 0xf7, 0x0, 0x9f,
    0xf7, 0x0, 0x9f, 0xf7, 0x0, 0x9f, 0xf7, 0x0,
    0x9f, 0xf7, 0x0, 0x9f, 0xf7, 0x0, 0x9f, 0xf7,
    0x0, 0x9f, 0xf7, 0x0, 0x9f, 0xf7, 0x0, 0x9f,
    0xf7, 0x0, 0x9f, 0xf7, 0x0, 0x9f, 0xf7, 0x0,
    0x9f, 0xf7, 0x0,

    /* U+00CE "Î" */
    0x0, 0x1e, 0xff, 0xc0, 0x0, 0x0, 0xbf, 0xde,
    0xf8, 0x0, 0x7, 0xfd, 0x12, 0xef, 0x40, 0x7,
    0x82, 0x0, 0x38, 0x60, 0x0, 0x0, 0x0, 0x0,
    0x0, 0x0, 0x9, 0xff, 0x70, 0x0, 0x0, 0x9,
    0xff, 0x70, 0x0, 0x0, 0x9, 0xff, 0x70, 0x0,
    0x0, 0x9, 0xff, 0x70, 0x0, 0x0, 0x9, 0xff,
    0x70, 0x0, 0x0, 0x9, 0xff, 0x70, 0x0, 0x0,
    0x9, 0xff, 0x70, 0x0, 0x0, 0x9, 0xff, 0x70,
    0x0, 0x0, 0x9, 0xff, 0x70, 0x0, 0x0, 0x9,
    0xff, 0x70, 0x0, 0x0, 0x9, 0xff, 0x70, 0x0,
    0x0, 0x9, 0xff, 0x70, 0x0, 0x0, 0x9, 0xff,
    0x70, 0x0, 0x0, 0x9, 0xff, 0x70, 0x0, 0x0,
    0x9, 0xff, 0x70, 0x0, 0x0, 0x9, 0xff, 0x70,
    0x0, 0x0, 0x9, 0xff, 0x70, 0x0, 0x0, 0x9,
    0xff, 0x70, 0x0, 0x0, 0x9, 0xff, 0x70, 0x0,
    0x0, 0x9, 0xff, 0x70, 0x0,

    /* U+00CF "Ï" */
    0x2e, 0xeb, 0x0, 0xee, 0xe0, 0x3f, 0xfc, 0x0,
    0xff, 0xf0, 0x3f, 0xfc, 0x0, 0xff, 0xf0, 0x0,
    0x0, 0x0, 0x0, 0x0, 0x0, 0x0, 0x0, 0x0,
    0x0, 0x0, 0x9, 0xff, 0x70, 0x0, 0x0, 0x9,
    0xff, 0x70, 0x0, 0x0, 0x9, 0xff, 0x70, 0x0,
    0x0, 0x9, 0xff, 0x70, 0x0, 0x0, 0x9, 0xff,
    0x70, 0x0, 0x0, 0x9, 0xff, 0x70, 0x0, 0x0,
    0x9, 0xff, 0x70, 0x0, 0x0, 0x9, 0xff, 0x70,
    0x0, 0x0, 0x9, 0xff, 0x70, 0x0, 0x0, 0x9,
    0xff, 0x70, 0x0, 0x0, 0x9, 0xff, 0x70, 0x0,
    0x0, 0x9, 0xff, 0x70, 0x0, 0x0, 0x9, 0xff,
    0x70, 0x0, 0x0, 0x9, 0xff, 0x70, 0x0, 0x0,
    0x9, 0xff, 0x70, 0x0, 0x0, 0x9, 0xff, 0x70,
    0x0, 0x0, 0x9, 0xff, 0x70, 0x0, 0x0, 0x9,
    0xff, 0x70, 0x0, 0x0, 0x9, 0xff, 0x70, 0x0,
    0x0, 0x9, 0xff, 0x70, 0x0,

    /* U+00D0 "Ð" */
    0x0, 0x9f, 0xff, 0xff, 0xff, 0xdb, 0x71, 0x0,
    0x0, 0x0, 0x9, 0xff, 0xff, 0xff, 0xff, 0xff,
    0xf8, 0x0, 0x0, 0x0, 0x9f, 0xfd, 0xbb, 0xbc,
    0xef, 0xff, 0xfc, 0x0, 0x0, 0x9, 0xff, 0x70,
    0x0, 0x0, 0x29, 0xff, 0xfa, 0x0, 0x0, 0x9f,
    0xf7, 0x0, 0x0, 0x0, 0x5, 0xff, 0xf4, 0x0,
    0x9, 0xff, 0x70, 0x0, 0x0, 0x0, 0xa, 0xff,
    0xc0, 0x0, 0x9f, 0xf7, 0x0, 0x0, 0x0, 0x0,
    0x2f, 0xff, 0x10, 0x9, 0xff, 0x70, 0x0, 0x0,
    0x0, 0x0, 0xef, 0xf4, 0x0, 0x9f, 0xf7, 0x0,
    0x0, 0x0, 0x0, 0xb, 0xff, 0x68, 0xff, 0xff,
    0xff, 0xff, 0xfe, 0x0, 0x0, 0xaf, 0xf7, 0x8f,
    0xff, 0xff, 0xff, 0xff, 0xe0, 0x0, 0xa, 0xff,
    0x74, 0x7f, 0xff, 0xe7, 0x77, 0x77, 0x0, 0x0,
    0xbf, 0xf6, 0x0, 0x9f, 0xf7, 0x0, 0x0, 0x0,
    0x0, 0xe, 0xff, 0x40, 0x9, 0xff, 0x70, 0x0,
    0x0, 0x0, 0x2, 0xff, 0xf1, 0x0, 0x9f, 0xf7,
    0x0, 0x0, 0x0, 0x0, 0x9f, 0xfc, 0x0, 0x9,
    0xff, 0x70, 0x0, 0x0, 0x0, 0x5f, 0xff, 0x50,
    0x0, 0x9f, 0xf7, 0x0, 0x0, 0x2, 0x9f, 0xff,
    0xb0, 0x0, 0x9, 0xff, 0xdb, 0xbb, 0xce, 0xff,
    0xff, 0xc1, 0x0, 0x0, 0x9f, 0xff, 0xff, 0xff,
    0xff, 0xff, 0x90, 0x0, 0x0, 0x9, 0xff, 0xff,
    0xff, 0xfe, 0xb7, 0x20, 0x0, 0x0,

    /* U+00D1 "Ñ" */
    0x0, 0x0, 0x8, 0xee, 0xa2, 0x8, 0xf2, 0x0,
    0x0, 0x0, 0x6, 0xff, 0xef, 0xfe, 0xfd, 0x0,
    0x0, 0x0, 0x0, 0xbf, 0x10, 0x7d, 0xfc, 0x20,
    0x0, 0x0, 0x0, 0x0, 0x0, 0x0, 0x0, 0x0,
    0x0, 0x0, 0x0, 0x0, 0x0, 0x0, 0x0, 0x0,
    0x0, 0x0, 0x9, 0xff, 0xf8, 0x0, 0x0, 0x0,
    0x0, 0x9f, 0xf7, 0x9f, 0xff, 0xf1, 0x0, 0x0,
    0x0, 0x9, 0xff, 0x79, 0xff, 0xff, 0xa0, 0x0,
    0x0, 0x0, 0x9f, 0xf7, 0x9f, 0xff, 0xff, 0x30,
    0x0, 0x0, 0x9, 0xff, 0x79, 0xff, 0xcf, 0xfc,
    0x0, 0x0, 0x0, 0x9f, 0xf7, 0x9f, 0xf7, 0xbf,
    0xf5, 0x0, 0x0, 0x9, 0xff, 0x79, 0xff, 0x73,
    0xff, 0xd0, 0x0, 0x0, 0x9f, 0xf7, 0x9f, 0xf7,
    0x9, 0xff, 0x70, 0x0, 0x9, 0xff, 0x79, 0xff,
    0x70, 0x1f, 0xff, 0x10, 0x0, 0x9f, 0xf7, 0x9f,
    0xf7, 0x0, 0x7f, 0xf9, 0x0, 0x9, 0xff, 0x79,
    0xff, 0x70, 0x0, 0xef, 0xf2, 0x0, 0x9f, 0xf7,
    0x9f, 0xf7, 0x0, 0x5, 0xff, 0xb0, 0x9, 0xff,
    0x79, 0xff, 0x70, 0x0, 0xc, 0xff, 0x40, 0x9f,
    0xf7, 0x9f, 0xf7, 0x0, 0x0, 0x3f, 0xfd, 0x9,
    0xff, 0x79, 0xff, 0x70, 0x0, 0x0, 0xaf, 0xf6,
    0x9f, 0xf7, 0x9f, 0xf7, 0x0, 0x0, 0x1, 0xff,
    0xea, 0xff, 0x79, 0xff, 0x70, 0x0, 0x0, 0x8,
    0xff, 0xff, 0xf7, 0x9f, 0xf7, 0x0, 0x0, 0x0,
    0xe, 0xff, 0xff, 0x79, 0xff, 0x70, 0x0, 0x0,
    0x0, 0x6f, 0xff, 0xf7, 0x9f, 0xf7, 0x0, 0x0,
    0x0, 0x0, 0xcf, 0xff, 0x70,

    /* U+00D2 "Ò" */
    0x0, 0x0, 0x0, 0x8b, 0xb2, 0x0, 0x0, 0x0,
    0x0, 0x0, 0x0, 0x0, 0x3, 0xff, 0xa0, 0x0,
    0x0, 0x0, 0x0, 0x0, 0x0, 0x0, 0x8, 0xff,
    0x20, 0x0, 0x0, 0x0, 0x0, 0x0, 0x0, 0x0,
    0xd, 0xf9, 0x0, 0x0, 0x0, 0x0, 0x0, 0x0,
    0x0, 0x0, 0x0, 0x0, 0x0, 0x0, 0x0, 0x0,
    0x0, 0x0, 0x0, 0x0, 0x0, 0x0, 0x0, 0x0,
    0x0, 0x0, 0x0, 0x3, 0x9d, 0xff, 0xfd, 0x93,
    0x0, 0x0, 0x0, 0x0, 0x1b, 0xff, 0xff, 0xff,
    0xff, 0xfb, 0x20, 0x0, 0x0, 0x2e, 0xff, 0xff,
    0xdc, 0xdf, 0xff, 0xfe, 0x30, 0x0, 0xd, 0xff,
    0xf7, 0x10, 0x0, 0x17, 0xff, 0xfe, 0x10, 0x8,
    0xff, 0xf4, 0x0, 0x0, 0x0, 0x3, 0xff, 0xf9,
    0x0, 0xff, 0xf7, 0x0, 0x0, 0x0, 0x0, 0x7,
    0xff, 0xf1, 0x5f, 0xff, 0x0, 0x0, 0x0, 0x0,
    0x0, 0xf, 0xff, 0x58, 0xff, 0xa0, 0x0, 0x0,
    0x0, 0x0, 0x0, 0xaf, 0xf9, 0xaf, 0xf8, 0x0,
    0x0, 0x0, 0x0, 0x0, 0x7, 0xff, 0xbb, 0xff,
    0x60, 0x0, 0x0, 0x0, 0x0, 0x0, 0x6f, 0xfc,
    0xbf, 0xf6, 0x0, 0x0, 0x0, 0x0, 0x0, 0x6,
    0xff, 0xcb, 0xff, 0x80, 0x0, 0x0, 0x0, 0x0,
    0x0, 0x7f, 0xfb, 0x8f, 0xfa, 0x0, 0x0, 0x0,
    0x0, 0x0, 0xa, 0xff, 0x95, 0xff, 0xf0, 0x0,
    0x0, 0x0, 0x0, 0x0, 0xef, 0xf5, 0xf, 0xff,
    0x70, 0x0, 0x0, 0x0, 0x0, 0x6f, 0xff, 0x10,
    0x9f, 0xff, 0x30, 0x0, 0x0, 0x0, 0x3f, 0xff,
    0x90, 0x1, 0xef, 0xff, 0x71, 0x0, 0x1, 0x7f,
    0xff, 0xe1, 0x0, 0x2, 0xef, 0xff, 0xfd, 0xbd,
    0xff, 0xff, 0xe3, 0x0, 0x0, 0x2, 0xcf, 0xff,
    0xff, 0xff, 0xff, 0xc2, 0x0, 0x0, 0x0, 0x0,
    0x49, 0xdf, 0xff, 0xd9, 0x40, 0x0, 0x0,

    /* U+00D3 "Ó" */
    0x0, 0x0, 0x0, 0x0, 0x2, 0xbb, 0x90, 0x0,
    0x0, 0x0, 0x0, 0x0, 0x0, 0x0, 0x9f, 0xf4,
    0x0, 0x0, 0x0, 0x0, 0x0, 0x0, 0x0, 0x1f,
    0xf8, 0x0, 0x0, 0x0, 0x0, 0x0, 0x0, 0x0,
    0x9, 0xfd, 0x0, 0x0, 0x0, 0x0, 0x0, 0x0,
    0x0, 0x0, 0x0, 0x0, 0x0, 0x0, 0x0, 0x0,
    0x0, 0x0, 0x0, 0x0, 0x0, 0x0, 0x0, 0x0,
    0x0, 0x0, 0x0, 0x3, 0x9d, 0xff, 0xfd, 0x93,
    0x0, 0x0, 0x0, 0x0, 0x1b, 0xff, 0xff, 0xff,
    0xff, 0xfb, 0x20, 0x0, 0x0, 0x2e, 0xff, 0xff,
    0xdc, 0xdf, 0xff, 0xfe, 0x30, 0x0, 0xd, 0xff,
    0xf7, 0x10, 0x0, 0x17, 0xff, 0xfe, 0x10, 0x8,
    0xff, 0xf4, 0x0, 0x0, 0x0, 0x3, 0xff, 0xf9,
    0x0, 0xff, 0xf7, 0x0, 0x0, 0x0, 0x0, 0x7,
    0xff, 0xf1, 0x5f, 0xff, 0x0, 0x0, 0x0, 0x0,
    0x0, 0xf, 0xff, 0x58, 0xff, 0xa0, 0x0, 0x0,
    0x0, 0x0, 0x0, 0xaf, 0xf9, 0xaf, 0xf8, 0x0,
    0x0, 0x0, 0x0, 0x0, 0x7, 0xff, 0xbb, 0xff,
    0x60, 0x0, 0x0, 0x0, 0x0, 0x0, 0x6f, 0xfc,
    0xbf, 0xf6, 0x0, 0x0, 0x0, 0x0, 0x0, 0x6,
    0xff, 0xcb, 0xff, 0x80, 0x0, 0x0, 0x0, 0x0,
    0x0, 0x7f, 0xfb, 0x8f, 0xfa, 0x0, 0x0, 0x0,
    0x0, 0x0, 0xa, 0xff, 0x95, 0xff, 0xf0, 0x0,
    0x0, 0x0, 0x0, 0x0, 0xef, 0xf5, 0xf, 0xff,
    0x70, 0x0, 0x0, 0x0, 0x0, 0x6f, 0xff, 0x10,
    0x9f, 0xff, 0x30, 0x0, 0x0, 0x0, 0x3f, 0xff,
    0x90, 0x1, 0xef, 0xff, 0x71, 0x0, 0x1, 0x7f,
    0xff, 0xe1, 0x0, 0x2, 0xef, 0xff, 0xfd, 0xbd,
    0xff, 0xff, 0xe3, 0x0, 0x0, 0x2, 0xcf, 0xff,
    0xff, 0xff, 0xff, 0xc2, 0x0, 0x0, 0x0, 0x0,
    0x49, 0xdf, 0xff, 0xd9, 0x40, 0x0, 0x0,

    /* U+00D4 "Ô" */
    0x0, 0x0, 0x0, 0x1, 0x88, 0x81, 0x0, 0x0,
    0x0, 0x0, 0x0, 0x0, 0x0, 0xcf, 0xff, 0xc0,
    0x0, 0x0, 0x0, 0x0, 0x0, 0x0, 0x8f, 0xd2,
    0xdf, 0x80, 0x0, 0x0, 0x0, 0x0, 0x0, 0x4f,
    0xe2, 0x2, 0xef, 0x40, 0x0, 0x0, 0x0, 0x0,
    0x0, 0x0, 0x0, 0x0, 0x0, 0x0, 0x0, 0x0,
    0x0, 0x0, 0x0, 0x0, 0x0, 0x0, 0x0, 0x0,
    0x0, 0x0, 0x0, 0x3, 0x9d, 0xff, 0xfd, 0x93,
    0x0, 0x0, 0x0, 0x0, 0x1b, 0xff, 0xff, 0xff,
    0xff, 0xfb, 0x20, 0x0, 0x0, 0x2e, 0xff, 0xff,
    0xdc, 0xdf, 0xff, 0xfe, 0x30, 0x0, 0xd, 0xff,
    0xf7, 0x10, 0x0, 0x17, 0xff, 0xfe, 0x10, 0x8,
    0xff, 0xf4, 0x0, 0x0, 0x0, 0x3, 0xff, 0xf9,
    0x0, 0xff, 0xf7, 0x0, 0x0, 0x0, 0x0, 0x7,
    0xff, 0xf1, 0x5f, 0xff, 0x0, 0x0, 0x0, 0x0,
    0x0, 0xf, 0xff, 0x58, 0xff, 0xa0, 0x0, 0x0,
    0x0, 0x0, 0x0, 0xaf, 0xf9, 0xaf, 0xf8, 0x0,
    0x0, 0x0, 0x0, 0x0, 0x7, 0xff, 0xbb, 0xff,
    0x60, 0x0, 0x0, 0x0, 0x0, 0x0, 0x6f, 0xfc,
    0xbf, 0xf6, 0x0, 0x0, 0x0, 0x0, 0x0, 0x6,
    0xff, 0xcb, 0xff, 0x80, 0x0, 0x0, 0x0, 0x0,
    0x0, 0x7f, 0xfb, 0x8f, 0xfa, 0x0, 0x0, 0x0,
    0x0, 0x0, 0xa, 0xff, 0x95, 0xff, 0xf0, 0x0,
    0x0, 0x0, 0x0, 0x0, 0xef, 0xf5, 0xf, 0xff,
    0x70, 0x0, 0x0, 0x0, 0x0, 0x6f, 0xff, 0x10,
    0x9f, 0xff, 0x30, 0x0, 0x0, 0x0, 0x3f, 0xff,
    0x90, 0x1, 0xef, 0xff, 0x71, 0x0, 0x1, 0x7f,
    0xff, 0xe1, 0x0, 0x2, 0xef, 0xff, 0xfd, 0xbd,
    0xff, 0xff, 0xe3, 0x0, 0x0, 0x2, 0xcf, 0xff,
    0xff, 0xff, 0xff, 0xc2, 0x0, 0x0, 0x0, 0x0,
    0x49, 0xdf, 0xff, 0xd9, 0x40, 0x0, 0x0,

    /* U+00D5 "Õ" */
    0x0, 0x0, 0x0, 0x0, 0x0, 0x0, 0x57, 0x0,
    0x0, 0x0, 0x0, 0x0, 0x1b, 0xfe, 0x92, 0x1e,
    0xd0, 0x0, 0x0, 0x0, 0x0, 0xb, 0xfe, 0xff,
    0xff, 0xf7, 0x0, 0x0, 0x0, 0x0, 0x0, 0xca,
    0x1, 0x7c, 0xc7, 0x0, 0x0, 0x0, 0x0, 0x0,
    0x0, 0x0, 0x0, 0x0, 0x0, 0x0, 0x0, 0x0,
    0x0, 0x0, 0x0, 0x0, 0x0, 0x0, 0x0, 0x0,
    0x0, 0x0, 0x0, 0x3, 0x9d, 0xff, 0xfd, 0x93,
    0x0, 0x0, 0x0, 0x0, 0x1b, 0xff, 0xff, 0xff,
    0xff, 0xfb, 0x20, 0x0, 0x0, 0x2e, 0xff, 0xff,
    0xdc, 0xdf, 0xff, 0xfe, 0x30, 0x0, 0xd, 0xff,
    0xf7, 0x10, 0x0, 0x17, 0xff, 0xfe, 0x10, 0x8,
    0xff, 0xf4, 0x0, 0x0, 0x0, 0x3, 0xff, 0xf9,
    0x0, 0xff, 0xf7, 0x0, 0x0, 0x0, 0x0, 0x7,
    0xff, 0xf1, 0x5f, 0xff, 0x0, 0x0, 0x0, 0x0,
    0x0, 0xf, 0xff, 0x58, 0xff, 0xa0, 0x0, 0x0,
    0x0, 0x0, 0x0, 0xaf, 0xf9, 0xaf, 0xf8, 0x0,
    0x0, 0x0, 0x0, 0x0, 0x7, 0xff, 0xbb, 0xff,
    0x60, 0x0, 0x0, 0x0, 0x0, 0x0, 0x6f, 0xfc,
    0xbf, 0xf6, 0x0, 0x0, 0x0, 0x0, 0x0, 0x6,
    0xff, 0xcb, 0xff, 0x80, 0x0, 0x0, 0x0, 0x0,
    0x0, 0x7f, 0xfb, 0x8f, 0xfa, 0x0, 0x0, 0x0,
    0x0, 0x0, 0xa, 0xff, 0x95, 0xff, 0xf0, 0x0,
    0x0, 0x0, 0x0, 0x0, 0xef, 0xf5, 0xf, 0xff,
    0x70, 0x0, 0x0, 0x0, 0x0, 0x6f, 0xff, 0x10,
    0x9f, 0xff, 0x30, 0x0, 0x0, 0x0, 0x3f, 0xff,
    0x90, 0x1, 0xef, 0xff, 0x71, 0x0, 0x1, 0x7f,
    0xff, 0xe1, 0x0, 0x2, 0xef, 0xff, 0xfd, 0xbd,
    0xff, 0xff, 0xe3, 0x0, 0x0, 0x2, 0xcf, 0xff,
    0xff, 0xff, 0xff, 0xc2, 0x0, 0x0, 0x0, 0x0,
    0x49, 0xdf, 0xff, 0xd9, 0x40, 0x0, 0x0,

    /* U+00D6 "Ö" */
    0x0, 0x0, 0x9, 0xff, 0x60, 0x5f, 0xfa, 0x0,
    0x0, 0x0, 0x0, 0x0, 0x9f, 0xf6, 0x5, 0xff,
    0xa0, 0x0, 0x0, 0x0, 0x0, 0x8, 0xee, 0x50,
    0x5e, 0xe9, 0x0, 0x0, 0x0, 0x0, 0x0, 0x0,
    0x0, 0x0, 0x0, 0x0, 0x0, 0x0, 0x0, 0x0,
    0x0, 0x0, 0x0, 0x0, 0x0, 0x0, 0x0, 0x0,
    0x0, 0x0, 0x39, 0xdf, 0xff, 0xd9, 0x30, 0x0,
    0x0, 0x0, 0x1, 0xbf, 0xff, 0xff, 0xff, 0xff,
    0xb2, 0x0, 0x0, 0x2, 0xef, 0xff, 0xfd, 0xcd,
    0xff, 0xff, 0xe3, 0x0, 0x0, 0xdf, 0xff, 0x71,
    0x0, 0x1, 0x7f, 0xff, 0xe1, 0x0, 0x8f, 0xff,
    0x40, 0x0, 0x0, 0x0, 0x3f, 0xff, 0x90, 0xf,
    0xff, 0x70, 0x0, 0x0, 0x0, 0x0, 0x7f, 0xff,
    0x15, 0xff, 0xf0, 0x0, 0x0, 0x0, 0x0, 0x0,
    0xff, 0xf5, 0x8f, 0xfa, 0x0, 0x0, 0x0, 0x0,
    0x0, 0xa, 0xff, 0x9a, 0xff, 0x80, 0x0, 0x0,
    0x0, 0x0, 0x0, 0x7f, 0xfb, 0xbf, 0xf6, 0x0,
    0x0, 0x0, 0x0, 0x0, 0x6, 0xff, 0xcb, 0xff,
    0x60, 0x0, 0x0, 0x0, 0x0, 0x0, 0x6f, 0xfc,
    0xbf, 0xf8, 0x0, 0x0, 0x0, 0x0, 0x0, 0x7,
    0xff, 0xb8, 0xff, 0xa0, 0x0, 0x0, 0x0, 0x0,
    0x0, 0xaf, 0xf9, 0x5f, 0xff, 0x0, 0x0, 0x0,
    0x0, 0x0, 0xe, 0xff, 0x50, 0xff, 0xf7, 0x0,
    0x0, 0x0, 0x0, 0x6, 0xff, 0xf1, 0x9, 0xff,
    0xf3, 0x0, 0x0, 0x0, 0x3, 0xff, 0xf9, 0x0,
    0x1e, 0xff, 0xf7, 0x10, 0x0, 0x17, 0xff, 0xfe,
    0x10, 0x0, 0x2e, 0xff, 0xff, 0xdb, 0xdf, 0xff,
    0xfe, 0x30, 0x0, 0x0, 0x2c, 0xff, 0xff, 0xff,
    0xff, 0xfc, 0x20, 0x0, 0x0, 0x0, 0x4, 0x9d,
    0xff, 0xfd, 0x94, 0x0, 0x0, 0x0,

    /* U+00D7 "×" */
    0x0, 0x0, 0x0, 0x0, 0x0, 0x0, 0x0, 0x98,
    0x0, 0x0, 0x0, 0x2c, 0x20, 0x8f, 0xf8, 0x0,
    0x0, 0x2e, 0xfe, 0x13, 0xef, 0xf8, 0x0, 0x3e,
    0xff, 0x80, 0x3, 0xef, 0xf8, 0x3e, 0xff, 0x80,
    0x0, 0x2, 0xef, 0xff, 0xff, 0x80, 0x0, 0x0,
    0x2, 0xff, 0xff, 0x80, 0x0, 0x0, 0x0, 0x3f,
    0xff, 0xf9, 0x0, 0x0, 0x0, 0x3f, 0xff, 0xff,
    0xf9, 0x0, 0x0, 0x4f, 0xff, 0x72, 0xef, 0xf9,
    0x0, 0x4f, 0xff, 0x60, 0x2, 0xdf, 0xfa, 0x7,
    0xff, 0x60, 0x0, 0x1, 0xdf, 0xd1, 0x8, 0x60,
    0x0, 0x0, 0x1, 0xb1, 0x0,

    /* U+00D8 "Ø" */
    0x0, 0x0, 0x3, 0x9d, 0xff, 0xfd, 0x93, 0x1e,
    0xf9, 0x0, 0x0, 0x1b, 0xff, 0xff, 0xff, 0xff,
    0xff, 0xfd, 0x0, 0x0, 0x2e, 0xff, 0xff, 0xdc,
    0xdf, 0xff, 0xff, 0x60, 0x0, 0xd, 0xff, 0xf7,
    0x10, 0x0, 0x1a, 0xff, 0xfe, 0x10, 0x8, 0xff,
    0xf4, 0x0, 0x0, 0x0, 0xdf, 0xff, 0xf9, 0x0,
    0xff, 0xf7, 0x0, 0x0, 0x0, 0x9f, 0xe8, 0xff,
    0xf1, 0x5f, 0xff, 0x0, 0x0, 0x0, 0x4f, 0xf5,
    0xf, 0xff, 0x58, 0xff, 0xa0, 0x0, 0x0, 0x1e,
    0xf9, 0x0, 0xaf, 0xf9, 0xaf, 0xf8, 0x0, 0x0,
    0xb, 0xfd, 0x0, 0x7, 0xff, 0xbb, 0xff, 0x60,
    0x0, 0x6, 0xff, 0x30, 0x0, 0x6f, 0xfc, 0xbf,
    0xf6, 0x0, 0x2, 0xff, 0x70, 0x0, 0x6, 0xff,
    0xcb, 0xff, 0x80, 0x0, 0xdf, 0xb0, 0x0, 0x0,
    0x7f, 0xfb, 0x8f, 0xfa, 0x0, 0x9f, 0xe1, 0x0,
    0x0, 0xa, 0xff, 0x95, 0xff, 0xf0, 0x4f, 0xf5,
    0x0, 0x0, 0x0, 0xef, 0xf5, 0xf, 0xff, 0x8e,
    0xf9, 0x0, 0x0, 0x0, 0x6f, 0xff, 0x10, 0x9f,
    0xff, 0xfd, 0x0, 0x0, 0x0, 0x3f, 0xff, 0x90,
    0x1, 0xef, 0xff, 0xa1, 0x0, 0x1, 0x7f, 0xff,
    0xe1, 0x0, 0x5, 0xff, 0xff, 0xfd, 0xbd, 0xff,
    0xff, 0xe3, 0x0, 0x0, 0xdf, 0xff, 0xff, 0xff,
    0xff, 0xff, 0xc2, 0x0, 0x0, 0x9f, 0xe1, 0x49,
    0xdf, 0xff, 0xd9, 0x40, 0x0, 0x0,

    /* U+00D9 "Ù" */
    0x0, 0x0, 0x6, 0xbb, 0x50, 0x0, 0x0, 0x0,
    0x0, 0x0, 0x0, 0x1e, 0xfd, 0x0, 0x0, 0x0,
    0x0, 0x0, 0x0, 0x0, 0x5f, 0xf5, 0x0, 0x0,
    0x0, 0x0, 0x0, 0x0, 0x0, 0xaf, 0xd0, 0x0,
    0x0, 0x0, 0x0, 0x0, 0x0, 0x0, 0x0, 0x0,
    0x0, 0x0, 0x0, 0x0, 0x0, 0x0, 0x0, 0x0,
    0x0, 0x0, 0x0, 0xf, 0xff, 0x0, 0x0, 0x0,
    0x0, 0x9, 0xff, 0x70, 0xff, 0xf0, 0x0, 0x0,
    0x0, 0x0, 0x9f, 0xf7, 0xf, 0xff, 0x0, 0x0,
    0x0, 0x0, 0x9, 0xff, 0x70, 0xff, 0xf0, 0x0,
    0x0, 0x0, 0x0, 0x9f, 0xf7, 0xf, 0xff, 0x0,
    0x0, 0x0, 0x0, 0x9, 0xff, 0x70, 0xff, 0xf0,
    0x0, 0x0, 0x0, 0x0, 0x9f, 0xf7, 0xf, 0xff,
    0x0, 0x0, 0x0, 0x0, 0x9, 0xff, 0x70, 0xff,
    0xf0, 0x0, 0x0, 0x0, 0x0, 0x9f, 0xf7, 0xf,
    0xff, 0x0, 0x0, 0x0, 0x0, 0x9, 0xff, 0x70,
    0xff, 0xf0, 0x0, 0x0, 0x0, 0x0, 0x9f, 0xf7,
    0xf, 0xff, 0x0, 0x0, 0x0, 0x0, 0x9, 0xff,
    0x70, 0xff, 0xf0, 0x0, 0x0, 0x0, 0x0, 0x9f,
    0xf7, 0xf, 0xff, 0x0, 0x0, 0x0, 0x0, 0x9,
    0xff, 0x60, 0xef, 0xf1, 0x0, 0x0, 0x0, 0x0,
    0xaf, 0xf5, 0xc, 0xff, 0x40, 0x0, 0x0, 0x0,
    0xd, 0xff, 0x30, 0x7f, 0xfc, 0x0, 0x0, 0x0,
    0x5, 0xff, 0xe0, 0x1, 0xff, 0xfb, 0x20, 0x0,
    0x6, 0xff, 0xf7, 0x0, 0x5, 0xff, 0xff, 0xdb,
    0xcf, 0xff, 0xfc, 0x0, 0x0, 0x5, 0xef, 0xff,
    0xff, 0xff, 0xfa, 0x0, 0x0, 0x0, 0x1, 0x6b,
    0xef, 0xed, 0x93, 0x0, 0x0,

    /* U+00DA "Ú" */
    0x0, 0x0, 0x0, 0x0, 0xa, 0xba, 0x0, 0x0,
    0x0, 0x0, 0x0, 0x0, 0x6, 0xff, 0x70, 0x0,
    0x0, 0x0, 0x0, 0x0, 0x0, 0xdf, 0xc0, 0x0,
    0x0, 0x0, 0x0, 0x0, 0x0, 0x5f, 0xf2, 0x0,
    0x0, 0x0, 0x0, 0x0, 0x0, 0x0, 0x0, 0x0,
    0x0, 0x0, 0x0, 0x0, 0x0, 0x0, 0x0, 0x0,
    0x0, 0x0, 0x0, 0xf, 0xff, 0x0, 0x0, 0x0,
    0x0, 0x9, 0xff, 0x70, 0xff, 0xf0, 0x0, 0x0,
    0x0, 0x0, 0x9f, 0xf7, 0xf, 0xff, 0x0, 0x0,
    0x0, 0x0, 0x9, 0xff, 0x70, 0xff, 0xf0, 0x0,
    0x0, 0x0, 0x0, 0x9f, 0xf7, 0xf, 0xff, 0x0,
    0x0, 0x0, 0x0, 0x9, 0xff, 0x70, 0xff, 0xf0,
    0x0, 0x0, 0x0, 0x0, 0x9f, 0xf7, 0xf, 0xff,
    0x0, 0x0, 0x0, 0x0, 0x9, 0xff, 0x70, 0xff,
    0xf0, 0x0, 0x0, 0x0, 0x0, 0x9f, 0xf7, 0xf,
    0xff, 0x0, 0x0, 0x0, 0x0, 0x9, 0xff, 0x70,
    0xff, 0xf0, 0x0, 0x0, 0x0, 0x0, 0x9f, 0xf7,
    0xf, 0xff, 0x0, 0x0, 0x0, 0x0, 0x9, 0xff,
    0x70, 0xff, 0xf0, 0x0, 0x0, 0x0, 0x0, 0x9f,
    0xf7, 0xf, 0xff, 0x0, 0x0, 0x0, 0x0, 0x9,
    0xff, 0x60, 0xef, 0xf1, 0x0, 0x0, 0x0, 0x0,
    0xaf, 0xf5, 0xc, 0xff, 0x40, 0x0, 0x0, 0x0,
    0xd, 0xff, 0x30, 0x7f, 0xfc, 0x0, 0x0, 0x0,
    0x5, 0xff, 0xe0, 0x1, 0xff, 0xfb, 0x20, 0x0,
    0x6, 0xff, 0xf7, 0x0, 0x5, 0xff, 0xff, 0xdb,
    0xcf, 0xff, 0xfc, 0x0, 0x0, 0x5, 0xef, 0xff,
    0xff, 0xff, 0xfa, 0x0, 0x0, 0x0, 0x1, 0x6b,
    0xef, 0xed, 0x93, 0x0, 0x0,

    /* U+00DB "Û" */
    0x0, 0x0, 0x0, 0x7, 0x88, 0x30, 0x0, 0x0,
    0x0, 0x0, 0x0, 0x9, 0xff, 0xfe, 0x10, 0x0,
    0x0, 0x0, 0x0, 0x4, 0xff, 0x3b, 0xfb, 0x0,
    0x0, 0x0, 0x0, 0x1, 0xef, 0x40, 0xd, 0xf7,
    0x0, 0x0, 0x0, 0x0, 0x0, 0x0, 0x0, 0x0,
    0x0, 0x0, 0x0, 0x0, 0x0, 0x0, 0x0, 0x0,
    0x0, 0x0, 0x0, 0xf, 0xff, 0x0, 0x0, 0x0,
    0x0, 0x9, 0xff, 0x70, 0xff, 0xf0, 0x0, 0x0,
    0x0, 0x0, 0x9f, 0xf7, 0xf, 0xff, 0x0, 0x0,
    0x0, 0x0, 0x9, 0xff, 0x70, 0xff, 0xf0, 0x0,
    0x0, 0x0, 0x0, 0x9f, 0xf7, 0xf, 0xff, 0x0,
    0x0, 0x0, 0x0, 0x9, 0xff, 0x70, 0xff, 0xf0,
    0x0, 0x0, 0x0, 0x0, 0x9f, 0xf7, 0xf, 0xff,
    0x0, 0x0, 0x0, 0x0, 0x9, 0xff, 0x70, 0xff,
    0xf0, 0x0, 0x0, 0x0, 0x0, 0x9f, 0xf7, 0xf,
    0xff, 0x0, 0x0, 0x0, 0x0, 0x9, 0xff, 0x70,
    0xff, 0xf0, 0x0, 0x0, 0x0, 0x0, 0x9f, 0xf7,
    0xf, 0xff, 0x0, 0x0, 0x0, 0x0, 0x9, 0xff,
    0x70, 0xff, 0xf0, 0x0, 0x0, 0x0, 0x0, 0x9f,
    0xf7, 0xf, 0xff, 0x0, 0x0, 0x0, 0x0, 0x9,
    0xff, 0x60, 0xef, 0xf1, 0x0, 0x0, 0x0, 0x0,
    0xaf, 0xf5, 0xc, 0xff, 0x40, 0x0, 0x0, 0x0,
    0xd, 0xff, 0x30, 0x7f, 0xfc, 0x0, 0x0, 0x0,
    0x5, 0xff, 0xe0, 0x1, 0xff, 0xfb, 0x20, 0x0,
    0x6, 0xff, 0xf7, 0x0, 0x5, 0xff, 0xff, 0xdb,
    0xcf, 0xff, 0xfc, 0x0, 0x0, 0x5, 0xef, 0xff,
    0xff, 0xff, 0xfa, 0x0, 0x0, 0x0, 0x1, 0x6b,
    0xef, 0xed, 0x93, 0x0, 0x0,

    /* U+00DC "Ü" */
    0x0, 0x0, 0x6f, 0xf9, 0x2, 0xff, 0xd0, 0x0,
    0x0, 0x0, 0x6, 0xff, 0x90, 0x2f, 0xfd, 0x0,
    0x0, 0x0, 0x0, 0x5e, 0xe8, 0x2, 0xee, 0xc0,
    0x0, 0x0, 0x0, 0x0, 0x0, 0x0, 0x0, 0x0,
    0x0, 0x0, 0x0, 0x0, 0x0, 0x0, 0x0, 0x0,
    0x0, 0x0, 0x0, 0xff, 0xf0, 0x0, 0x0, 0x0,
    0x0, 0x9f, 0xf7, 0xf, 0xff, 0x0, 0x0, 0x0,
    0x0, 0x9, 0xff, 0x70, 0xff, 0xf0, 0x0, 0x0,
    0x0, 0x0, 0x9f, 0xf7, 0xf, 0xff, 0x0, 0x0,
    0x0, 0x0, 0x9, 0xff, 0x70, 0xff, 0xf0, 0x0,
    0x0, 0x0, 0x0, 0x9f, 0xf7, 0xf, 0xff, 0x0,
    0x0, 0x0, 0x0, 0x9, 0xff, 0x70, 0xff, 0xf0,
    0x0, 0x0, 0x0, 0x0, 0x9f, 0xf7, 0xf, 0xff,
    0x0, 0x0, 0x0, 0x0, 0x9, 0xff, 0x70, 0xff,
    0xf0, 0x0, 0x0, 0x0, 0x0, 0x9f, 0xf7, 0xf,
    0xff, 0x0, 0x0, 0x0, 0x0, 0x9, 0xff, 0x70,
    0xff, 0xf0, 0x0, 0x0, 0x0, 0x0, 0x9f, 0xf7,
    0xf, 0xff, 0x0, 0x0, 0x0, 0x0, 0x9, 0xff,
    0x70, 0xff, 0xf0, 0x0, 0x0, 0x0, 0x0, 0x9f,
    0xf6, 0xe, 0xff, 0x10, 0x0, 0x0, 0x0, 0xa,
    0xff, 0x50, 0xcf, 0xf4, 0x0, 0x0, 0x0, 0x0,
    0xdf, 0xf3, 0x7, 0xff, 0xc0, 0x0, 0x0, 0x0,
    0x5f, 0xfe, 0x0, 0x1f, 0xff, 0xb2, 0x0, 0x0,
    0x6f, 0xff, 0x70, 0x0, 0x5f, 0xff, 0xfd, 0xbc,
    0xff, 0xff, 0xc0, 0x0, 0x0, 0x5e, 0xff, 0xff,
    0xff, 0xff, 0xa0, 0x0, 0x0, 0x0, 0x16, 0xbe,
    0xfe, 0xd9, 0x30, 0x0, 0x0,

    /* U+00DD "Ý" */
    0x0, 0x0, 0x0, 0x0, 0x7, 0xff, 0x80, 0x0,
    0x0, 0x0, 0x0, 0x0, 0x0, 0xe, 0xfd, 0x0,
    0x0, 0x0, 0x0, 0x0, 0x0, 0x0, 0x6f, 0xf3,
    0x0, 0x0, 0x0, 0x0, 0x0, 0x0, 0x0, 0x9b,
    0x60, 0x0, 0x0, 0x0, 0x0, 0x0, 0x0, 0x0,
    0x0, 0x0, 0x0, 0x0, 0x0, 0xd, 0xff, 0x90,
    0x0, 0x0, 0x0, 0x0, 0xef, 0xf8, 0x4, 0xff,
    0xf2, 0x0, 0x0, 0x0, 0x7, 0xff, 0xe0, 0x0,
    0xbf, 0xfb, 0x0, 0x0, 0x0, 0x1f, 0xff, 0x50,
    0x0, 0x2f, 0xff, 0x40, 0x0, 0x0, 0x9f, 0xfc,
    0x0, 0x0, 0x8, 0xff, 0xd0, 0x0, 0x3, 0xff,
    0xf3, 0x0, 0x0, 0x0, 0xef, 0xf6, 0x0, 0xc,
    0xff, 0x90, 0x0, 0x0, 0x0, 0x6f, 0xfe, 0x0,
    0x5f, 0xff, 0x10, 0x0, 0x0, 0x0, 0xc, 0xff,
    0x80, 0xdf, 0xf7, 0x0, 0x0, 0x0, 0x0, 0x3,
    0xff, 0xf8, 0xff, 0xd0, 0x0, 0x0, 0x0, 0x0,
    0x0, 0xaf, 0xff, 0xff, 0x40, 0x0, 0x0, 0x0,
    0x0, 0x0, 0x1f, 0xff, 0xfa, 0x0, 0x0, 0x0,
    0x0, 0x0, 0x0, 0x7, 0xff, 0xf2, 0x0, 0x0,
    0x0, 0x0, 0x0, 0x0, 0x3, 0xff, 0xd0, 0x0,
    0x0, 0x0, 0x0, 0x0, 0x0, 0x3, 0xff, 0xd0,
    0x0, 0x0, 0x0, 0x0, 0x0, 0x0, 0x3, 0xff,
    0xd0, 0x0, 0x0, 0x0, 0x0, 0x0, 0x0, 0x3,
    0xff, 0xd0, 0x0, 0x0, 0x0, 0x0, 0x0, 0x0,
    0x3, 0xff, 0xd0, 0x0, 0x0, 0x0, 0x0, 0x0,
    0x0, 0x3, 0xff, 0xd0, 0x0, 0x0, 0x0, 0x0,
    0x0, 0x0, 0x3, 0xff, 0xd0, 0x0, 0x0, 0x0,
    0x0, 0x0, 0x0, 0x3, 0xff, 0xd0, 0x0, 0x0,
    0x0,

    /* U+00DE "Þ" */
    0x9f, 0xf7, 0x0, 0x0, 0x0, 0x0, 0x0, 0x9,
    0xff, 0x70, 0x0, 0x0, 0x0, 0x0, 0x0, 0x9f,
    0xf7, 0x0, 0x0, 0x0, 0x0, 0x0, 0x9, 0xff,
    0x70, 0x0, 0x0, 0x0, 0x0, 0x0, 0x9f, 0xff,
    0xff, 0xff, 0xeb, 0x60, 0x0, 0x9, 0xff, 0xff,
    0xff, 0xff, 0xff, 0xe3, 0x0, 0x9f, 0xff, 0xbb,
    0xbc, 0xef, 0xff, 0xf2, 0x9, 0xff, 0x70, 0x0,
    0x0, 0x4e, 0xff, 0xb0, 0x9f, 0xf7, 0x0, 0x0,
    0x0, 0x3f, 0xff, 0x9, 0xff, 0x70, 0x0, 0x0,
    0x0, 0xff, 0xf2, 0x9f, 0xf7, 0x0, 0x0, 0x0,
    0xf, 0xff, 0x29, 0xff, 0x70, 0x0, 0x0, 0x3,
    0xff, 0xf0, 0x9f, 0xf7, 0x0, 0x0, 0x4, 0xdf,
    0xfb, 0x9, 0xff, 0xfb, 0xbb, 0xce, 0xff, 0xff,
    0x20, 0x9f, 0xff, 0xff, 0xff, 0xff, 0xfe, 0x40,
    0x9, 0xff, 0xff, 0xff, 0xfe, 0xb6, 0x0, 0x0,
    0x9f, 0xf7, 0x0, 0x0, 0x0, 0x0, 0x0, 0x9,
    0xff, 0x70, 0x0, 0x0, 0x0, 0x0, 0x0, 0x9f,
    0xf7, 0x0, 0x0, 0x0, 0x0, 0x0, 0x9, 0xff,
    0x70, 0x0, 0x0, 0x0, 0x0, 0x0,

    /* U+00DF "ß" */
    0x0, 0x5, 0xbe, 0xff, 0xc8, 0x10, 0x0, 0x0,
    0x1b, 0xff, 0xff, 0xff, 0xfe, 0x40, 0x0, 0xb,
    0xff, 0xfd, 0xab, 0xff, 0xff, 0x10, 0x5, 0xff,
    0xf4, 0x0, 0x1, 0xdf, 0xf8, 0x0, 0xaf, 0xf7,
    0x0, 0x0, 0x5, 0xff, 0xb0, 0xc, 0xff, 0x30,
    0x0, 0x0, 0x3f, 0xfc, 0x0, 0xef, 0xf1, 0x0,
    0x0, 0x6, 0xff, 0xa0, 0xe, 0xff, 0x10, 0x0,
    0x3, 0xef, 0xf4, 0x0, 0xef, 0xf1, 0x7, 0x9c,
    0xff, 0xf7, 0x0, 0xe, 0xff, 0x10, 0xcf, 0xff,
    0xf6, 0x0, 0x0, 0xef, 0xf1, 0xc, 0xff, 0xff,
    0xfc, 0x20, 0xe, 0xff, 0x10, 0x0, 0x14, 0xaf,
    0xfe, 0x10, 0xef, 0xf1, 0x0, 0x0, 0x0, 0x9f,
    0xf9, 0xe, 0xff, 0x10, 0x0, 0x0, 0x2, 0xff,
    0xe0, 0xef, 0xf1, 0x0, 0x0, 0x0, 0xf, 0xff,
    0xe, 0xff, 0x10, 0x0, 0x0, 0x4, 0xff, 0xe0,
    0xef, 0xf1, 0x0, 0x0, 0x3, 0xdf, 0xfa, 0xe,
    0xff, 0x10, 0xaa, 0xbd, 0xff, 0xff, 0x20, 0xef,
    0xf1, 0x1f, 0xff, 0xff, 0xfe, 0x30, 0xe, 0xff,
    0x11, 0xff, 0xfe, 0xb6, 0x0, 0x0,

    /* U+00E0 "à" */
    0x0, 0x3, 0xbb, 0x70, 0x0, 0x0, 0x0, 0x0,
    0x0, 0xc, 0xff, 0x10, 0x0, 0x0, 0x0, 0x0,
    0x0, 0x2f, 0xf9, 0x0, 0x0, 0x0, 0x0, 0x0,
    0x0, 0x6f, 0xf1, 0x0, 0x0, 0x0, 0x0, 0x0,
    0x0, 0x0, 0x0, 0x0, 0x0, 0x0, 0x0, 0x0,
    0x0, 0x0, 0x0, 0x0, 0x0, 0x0, 0x4, 0xae,
    0xff, 0xd9, 0x20, 0x0, 0x0, 0xa, 0xff, 0xff,
    0xff, 0xff, 0x50, 0x0, 0x9, 0xff, 0xfb, 0x89,
    0xdf, 0xff, 0x20, 0x2, 0xff, 0xf3, 0x0, 0x0,
    0xaf, 0xf9, 0x0, 0x6d, 0xd8, 0x0, 0x0, 0x2,
    0xff, 0xe0, 0x0, 0x0, 0x0, 0x0, 0x0, 0xf,
    0xff, 0x0, 0x0, 0x0, 0x14, 0x7a, 0xdf, 0xff,
    0xf0, 0x0, 0x7, 0xdf, 0xff, 0xff, 0xff, 0xff,
    0x0, 0xc, 0xff, 0xfe, 0xa8, 0x52, 0xff, 0xf0,
    0x8, 0xff, 0xd3, 0x0, 0x0, 0xf, 0xff, 0x0,
    0xcf, 0xf5, 0x0, 0x0, 0x4, 0xff, 0xf0, 0xc,
    0xff, 0x60, 0x0, 0x2, 0xef, 0xff, 0x0, 0x8f,
    0xff, 0x85, 0x69, 0xff, 0xff, 0xf8, 0x21, 0xdf,
    0xff, 0xff, 0xff, 0x87, 0xff, 0xf5, 0x0, 0x7c,
    0xff, 0xea, 0x30, 0x9, 0xef, 0x50,

    /* U+00E1 "á" */
    0x0, 0x0, 0x0, 0x8, 0xbb, 0x30, 0x0, 0x0,
    0x0, 0x0, 0x2, 0xff, 0xb0, 0x0, 0x0, 0x0,
    0x0, 0x0, 0xaf, 0xe1, 0x0, 0x0, 0x0, 0x0,
    0x0, 0x2f, 0xf5, 0x0, 0x0, 0x0, 0x0, 0x0,
    0x0, 0x0, 0x0, 0x0, 0x0, 0x0, 0x0, 0x0,
    0x0, 0x0, 0x0, 0x0, 0x0, 0x0, 0x4, 0xae,
    0xff, 0xd9, 0x20, 0x0, 0x0, 0xa, 0xff, 0xff,
    0xff, 0xff, 0x50, 0x0, 0x9, 0xff, 0xfb, 0x89,
    0xdf, 0xff, 0x20, 0x2, 0xff, 0xf3, 0x0, 0x0,
    0xaf, 0xf9, 0x0, 0x6d, 0xd8, 0x0, 0x0, 0x2,
    0xff, 0xe0, 0x0, 0x0, 0x0, 0x0, 0x0, 0xf,
    0xff, 0x0, 0x0, 0x0, 0x14, 0x7a, 0xdf, 0xff,
    0xf0, 0x0, 0x7, 0xdf, 0xff, 0xff, 0xff, 0xff,
    0x0, 0xc, 0xff, 0xfe, 0xa8, 0x52, 0xff, 0xf0,
    0x8, 0xff, 0xd3, 0x0, 0x0, 0xf, 0xff, 0x0,
    0xcf, 0xf5, 0x0, 0x0, 0x4, 0xff, 0xf0, 0xc,
    0xff, 0x60, 0x0, 0x2, 0xef, 0xff, 0x0, 0x8f,
    0xff, 0x85, 0x69, 0xff, 0xff, 0xf8, 0x21, 0xdf,
    0xff, 0xff, 0xff, 0x87, 0xff, 0xf5, 0x0, 0x7c,
    0xff, 0xea, 0x30, 0x9, 0xef, 0x50,

    /* U+00E2 "â" */
    0x0, 0x0, 0x6, 0x88, 0x50, 0x0, 0x0, 0x0,
    0x0, 0x4, 0xff, 0xff, 0x20, 0x0, 0x0, 0x0,
    0x0, 0xef, 0x45, 0xfd, 0x0, 0x0, 0x0, 0x0,
    0x9f, 0xa0, 0xb, 0xf8, 0x0, 0x0, 0x0, 0x4,
    0x51, 0x0, 0x15, 0x40, 0x0, 0x0, 0x0, 0x0,
    0x0, 0x0, 0x0, 0x0, 0x0, 0x0, 0x4, 0xae,
    0xff, 0xd9, 0x20, 0x0, 0x0, 0xa, 0xff, 0xff,
    0xff, 0xff, 0x50, 0x0, 0x9, 0xff, 0xfb, 0x89,
    0xdf, 0xff, 0x20, 0x2, 0xff, 0xf3, 0x0, 0x0,
    0xaf, 0xf9, 0x0, 0x6d, 0xd8, 0x0, 0x0, 0x2,
    0xff, 0xe0, 0x0, 0x0, 0x0, 0x0, 0x0, 0xf,
    0xff, 0x0, 0x0, 0x0, 0x14, 0x7a, 0xdf, 0xff,
    0xf0, 0x0, 0x7, 0xdf, 0xff, 0xff, 0xff, 0xff,
    0x0, 0xc, 0xff, 0xfe, 0xa8, 0x52, 0xff, 0xf0,
    0x8, 0xff, 0xd3, 0x0, 0x0, 0xf, 0xff, 0x0,
    0xcf, 0xf5, 0x0, 0x0, 0x4, 0xff, 0xf0, 0xc,
    0xff, 0x60, 0x0, 0x2, 0xef, 0xff, 0x0, 0x8f,
    0xff, 0x85, 0x69, 0xff, 0xff, 0xf8, 0x21, 0xdf,
    0xff, 0xff, 0xff, 0x87, 0xff, 0xf5, 0x0, 0x7c,
    0xff, 0xea, 0x30, 0x9, 0xef, 0x50,

    /* U+00E3 "ã" */
    0x0, 0x0, 0x0, 0x0, 0x1, 0x83, 0x0, 0x0,
    0x0, 0x6d, 0xfb, 0x40, 0x6f, 0x50, 0x0, 0x0,
    0x3f, 0xfe, 0xff, 0xef, 0xe0, 0x0, 0x0, 0x8,
    0xf3, 0x5, 0xcf, 0xc3, 0x0, 0x0, 0x0, 0x0,
    0x0, 0x0, 0x0, 0x0, 0x0, 0x0, 0x0, 0x0,
    0x0, 0x0, 0x0, 0x0, 0x0, 0x0, 0x4, 0xae,
    0xff, 0xd9, 0x20, 0x0, 0x0, 0xa, 0xff, 0xff,
    0xff, 0xff, 0x50, 0x0, 0x9, 0xff, 0xfb, 0x89,
    0xdf, 0xff, 0x20, 0x2, 0xff, 0xf3, 0x0, 0x0,
    0xaf, 0xf9, 0x0, 0x6d, 0xd8, 0x0, 0x0, 0x2,
    0xff, 0xe0, 0x0, 0x0, 0x0, 0x0, 0x0, 0xf,
    0xff, 0x0, 0x0, 0x0, 0x14, 0x7a, 0xdf, 0xff,
    0xf0, 0x0, 0x7, 0xdf, 0xff, 0xff, 0xff, 0xff,
    0x0, 0xc, 0xff, 0xfe, 0xa8, 0x52, 0xff, 0xf0,
    0x8, 0xff, 0xd3, 0x0, 0x0, 0xf, 0xff, 0x0,
    0xcf, 0xf5, 0x0, 0x0, 0x4, 0xff, 0xf0, 0xc,
    0xff, 0x60, 0x0, 0x2, 0xef, 0xff, 0x0, 0x8f,
    0xff, 0x85, 0x69, 0xff, 0xff, 0xf8, 0x21, 0xdf,
    0xff, 0xff, 0xff, 0x87, 0xff, 0xf5, 0x0, 0x7c,
    0xff, 0xea, 0x30, 0x9, 0xef, 0x50,

    /* U+00E4 "ä" */
    0x0, 0x2f, 0xfd, 0x0, 0xef, 0xf1, 0x0, 0x0,
    0x2, 0xff, 0xd0, 0xe, 0xff, 0x10, 0x0, 0x0,
    0x2e, 0xec, 0x0, 0xde, 0xe1, 0x0, 0x0, 0x0,
    0x0, 0x0, 0x0, 0x0, 0x0, 0x0, 0x0, 0x0,
    0x0, 0x0, 0x0, 0x0, 0x0, 0x0, 0x0, 0x4a,
    0xef, 0xfd, 0x92, 0x0, 0x0, 0x0, 0xaf, 0xff,
    0xff, 0xff, 0xf5, 0x0, 0x0, 0x9f, 0xff, 0xb8,
    0x9d, 0xff, 0xf2, 0x0, 0x2f, 0xff, 0x30, 0x0,
    0xa, 0xff, 0x90, 0x6, 0xdd, 0x80, 0x0, 0x0,
    0x2f, 0xfe, 0x0, 0x0, 0x0, 0x0, 0x0, 0x0,
    0xff, 0xf0, 0x0, 0x0, 0x1, 0x47, 0xad, 0xff,
    0xff, 0x0, 0x0, 0x7d, 0xff, 0xff, 0xff, 0xff,
    0xf0, 0x0, 0xcf, 0xff, 0xea, 0x85, 0x2f, 0xff,
    0x0, 0x8f, 0xfd, 0x30, 0x0, 0x0, 0xff, 0xf0,
    0xc, 0xff, 0x50, 0x0, 0x0, 0x4f, 0xff, 0x0,
    0xcf, 0xf6, 0x0, 0x0, 0x2e, 0xff, 0xf0, 0x8,
    0xff, 0xf8, 0x56, 0x9f, 0xff, 0xff, 0x82, 0x1d,
    0xff, 0xff, 0xff, 0xf8, 0x7f, 0xff, 0x50, 0x7,
    0xcf, 0xfe, 0xa3, 0x0, 0x9e, 0xf5,

    /* U+00E5 "å" */
    0x0, 0x0, 0x1, 0x66, 0x10, 0x0, 0x0, 0x0,
    0x0, 0x2, 0xef, 0xfe, 0x10, 0x0, 0x0, 0x0,
    0x0, 0x9f, 0x23, 0xf7, 0x0, 0x0, 0x0, 0x0,
    0xa, 0xe0, 0xf, 0x90, 0x0, 0x0, 0x0, 0x0,
    0x5f, 0xab, 0xf4, 0x0, 0x0, 0x0, 0x0, 0x0,
    0x8e, 0xe7, 0x0, 0x0, 0x0, 0x0, 0x0, 0x0,
    0x0, 0x0, 0x0, 0x0, 0x0, 0x0, 0x4a, 0xef,
    0xfd, 0x92, 0x0, 0x0, 0x0, 0xaf, 0xff, 0xff,
    0xff, 0xf5, 0x0, 0x0, 0x9f, 0xff, 0xb8, 0x9d,
    0xff, 0xf2, 0x0, 0x2f, 0xff, 0x30, 0x0, 0xa,
    0xff, 0x90, 0x6, 0xdd, 0x80, 0x0, 0x0, 0x2f,
    0xfe, 0x0, 0x0, 0x0, 0x0, 0x0, 0x0, 0xff,
    0xf0, 0x0, 0x0, 0x1, 0x47, 0xad, 0xff, 0xff,
    0x0, 0x0, 0x7d, 0xff, 0xff, 0xff, 0xff, 0xf0,
    0x0, 0xcf, 0xff, 0xea, 0x85, 0x2f, 0xff, 0x0,
    0x8f, 0xfd, 0x30, 0x0, 0x0, 0xff, 0xf0, 0xc,
    0xff, 0x50, 0x0, 0x0, 0x4f, 0xff, 0x0, 0xcf,
    0xf6, 0x0, 0x0, 0x2e, 0xff, 0xf0, 0x8, 0xff,
    0xf8, 0x56, 0x9f, 0xff, 0xff, 0x82, 0x1d, 0xff,
    0xff, 0xff, 0xf8, 0x7f, 0xff, 0x50, 0x7, 0xcf,
    0xfe, 0xa3, 0x0, 0x9e, 0xf5,

    /* U+00E6 "æ" */
    0x0, 0x4, 0xbe, 0xff, 0xd9, 0x20, 0x1, 0x8c,
    0xef, 0xd9, 0x20, 0x0, 0x0, 0xbf, 0xff, 0xff,
    0xff, 0xf6, 0x5f, 0xff, 0xff, 0xff, 0xf7, 0x0,
    0xa, 0xff, 0xfa, 0x89, 0xdf, 0xff, 0xff, 0xfd,
    0x98, 0xbf, 0xff, 0x60, 0x3f, 0xff, 0x30, 0x0,
    0xa, 0xff, 0xff, 0x70, 0x0, 0x5, 0xff, 0xf1,
    0x5a, 0xa6, 0x0, 0x0, 0x2, 0xff, 0xfb, 0x0,
    0x0, 0x0, 0x9f, 0xf7, 0x0, 0x0, 0x0, 0x0,
    0x2, 0xff, 0xf6, 0x0, 0x0, 0x0, 0x5f, 0xfb,
    0x0, 0x1, 0x58, 0xad, 0xff, 0xff, 0xff, 0xff,
    0xff, 0xff, 0xff, 0xfd, 0x2, 0xbf, 0xff, 0xff,
    0xff, 0xff, 0xff, 0xff, 0xff, 0xff, 0xff, 0xff,
    0x1e, 0xff, 0xea, 0x75, 0x30, 0xff, 0xf6, 0x33,
    0x33, 0x33, 0x33, 0x33, 0x9f, 0xfb, 0x0, 0x0,
    0x0, 0xff, 0xf6, 0x0, 0x0, 0x0, 0x0, 0x0,
    0xcf, 0xf4, 0x0, 0x0, 0x4, 0xff, 0xfb, 0x0,
    0x0, 0x0, 0x59, 0x95, 0xcf, 0xf7, 0x0, 0x0,
    0x1d, 0xff, 0xff, 0x50, 0x0, 0x2, 0xef, 0xf4,
    0x8f, 0xff, 0x95, 0x58, 0xef, 0xc4, 0xff, 0xfa,
    0x55, 0x8e, 0xff, 0xa0, 0x1d, 0xff, 0xff, 0xff,
    0xfc, 0x10, 0x5f, 0xff, 0xff, 0xff, 0xfa, 0x0,
    0x0, 0x7c, 0xff, 0xeb, 0x50, 0x0, 0x1, 0x8c,
    0xef, 0xea, 0x40, 0x0,

    /* U+00E7 "ç" */
    0x0, 0x1, 0x7c, 0xef, 0xea, 0x50, 0x0, 0x0,
    0x4e, 0xff, 0xff, 0xff, 0xfb, 0x0, 0x3, 0xff,
    0xfe, 0x99, 0xbf, 0xff, 0xc0, 0xe, 0xff, 0xa0,
    0x0, 0x3, 0xff, 0xf5, 0x4f, 0xfe, 0x0, 0x0,
    0x0, 0x8f, 0xfa, 0x9f, 0xf8, 0x0, 0x0, 0x0,
    0x15, 0x54, 0xbf, 0xf5, 0x0, 0x0, 0x0, 0x0,
    0x0, 0xcf, 0xf4, 0x0, 0x0, 0x0, 0x0, 0x0,
    0xbf, 0xf5, 0x0, 0x0, 0x0, 0x0, 0x0, 0x9f,
    0xf8, 0x0, 0x0, 0x0, 0x28, 0x86, 0x4f, 0xfd,
    0x0, 0x0, 0x0, 0x8f, 0xf9, 0xe, 0xff, 0xa0,
    0x0, 0x4, 0xff, 0xf3, 0x4, 0xff, 0xfe, 0x99,
    0xcf, 0xff, 0x90, 0x0, 0x4f, 0xff, 0xff, 0xff,
    0xfa, 0x0, 0x0, 0x1, 0x7c, 0xff, 0xfa, 0x40,
    0x0, 0x0, 0x0, 0x4, 0xfd, 0x30, 0x0, 0x0,
    0x0, 0x0, 0x2, 0xcf, 0xfa, 0x0, 0x0, 0x0,
    0x0, 0x0, 0x0, 0xcf, 0x20, 0x0, 0x0, 0x2,
    0xc9, 0x11, 0xdf, 0x20, 0x0, 0x0, 0x0, 0xcf,
    0xff, 0xfb, 0x0, 0x0, 0x0, 0x0, 0x6, 0xaa,
    0x60, 0x0, 0x0,

    /* U+00E8 "è" */
    0x0, 0x1, 0xab, 0xa0, 0x0, 0x0, 0x0, 0x0,
    0x0, 0x7f, 0xf6, 0x0, 0x0, 0x0, 0x0, 0x0,
    0xc, 0xfd, 0x0, 0x0, 0x0, 0x0, 0x0, 0x2,
    0xff, 0x50, 0x0, 0x0, 0x0, 0x0, 0x0, 0x0,
    0x0, 0x0, 0x0, 0x0, 0x0, 0x0, 0x0, 0x0,
    0x0, 0x0, 0x0, 0x1, 0x7c, 0xef, 0xd9, 0x20,
    0x0, 0x0, 0x4f, 0xff, 0xff, 0xff, 0xf7, 0x0,
    0x4, 0xff, 0xfd, 0x98, 0xbf, 0xff, 0x60, 0xe,
    0xff, 0x80, 0x0, 0x4, 0xff, 0xf1, 0x4f, 0xfc,
    0x0, 0x0, 0x0, 0x9f, 0xf7, 0x9f, 0xf6, 0x0,
    0x0, 0x0, 0x4f, 0xfb, 0xbf, 0xff, 0xff, 0xff,
    0xff, 0xff, 0xfd, 0xcf, 0xff, 0xff, 0xff, 0xff,
    0xff, 0xff, 0xbf, 0xf7, 0x33, 0x33, 0x33, 0x33,
    0x33, 0x9f, 0xf7, 0x0, 0x0, 0x0, 0x0, 0x0,
    0x4f, 0xfc, 0x0, 0x0, 0x0, 0x5a, 0xa6, 0xe,
    0xff, 0x80, 0x0, 0x3, 0xef, 0xf4, 0x4, 0xff,
    0xfd, 0x98, 0xbf, 0xff, 0xa0, 0x0, 0x5f, 0xff,
    0xff, 0xff, 0xfa, 0x0, 0x0, 0x1, 0x8c, 0xef,
    0xea, 0x40, 0x0,

    /* U+00E9 "é" */
    0x0, 0x0, 0x0, 0x5, 0xbb, 0x60, 0x0, 0x0,
    0x0, 0x0, 0xd, 0xfe, 0x10, 0x0, 0x0, 0x0,
    0x0, 0x5f, 0xf4, 0x0, 0x0, 0x0, 0x0, 0x0,
    0xdf, 0x90, 0x0, 0x0, 0x0, 0x0, 0x0, 0x0,
    0x0, 0x0, 0x0, 0x0, 0x0, 0x0, 0x0, 0x0,
    0x0, 0x0, 0x0, 0x1, 0x7c, 0xef, 0xd9, 0x20,
    0x0, 0x0, 0x4f, 0xff, 0xff, 0xff, 0xf7, 0x0,
    0x4, 0xff, 0xfd, 0x98, 0xbf, 0xff, 0x60, 0xe,
    0xff, 0x80, 0x0, 0x4, 0xff, 0xf1, 0x4f, 0xfc,
    0x0, 0x0, 0x0, 0x9f, 0xf7, 0x9f, 0xf6, 0x0,
    0x0, 0x0, 0x4f, 0xfb, 0xbf, 0xff, 0xff, 0xff,
    0xff, 0xff, 0xfd, 0xcf, 0xff, 0xff, 0xff, 0xff,
    0xff, 0xff, 0xbf, 0xf7, 0x33, 0x33, 0x33, 0x33,
    0x33, 0x9f, 0xf7, 0x0, 0x0, 0x0, 0x0, 0x0,
    0x4f, 0xfc, 0x0, 0x0, 0x0, 0x5a, 0xa6, 0xe,
    0xff, 0x80, 0x0, 0x3, 0xef, 0xf4, 0x4, 0xff,
    0xfd, 0x98, 0xbf, 0xff, 0xa0, 0x0, 0x5f, 0xff,
    0xff, 0xff, 0xfa, 0x0, 0x0, 0x1, 0x8c, 0xef,
    0xea, 0x40, 0x0,

    /* U+00EA "ê" */
    0x0, 0x0, 0x3, 0x88, 0x70, 0x0, 0x0, 0x0,
    0x0, 0x1e, 0xff, 0xf6, 0x0, 0x0, 0x0, 0x0,
    0xaf, 0x92, 0xff, 0x20, 0x0, 0x0, 0x4, 0xfe,
    0x0, 0x7f, 0xc0, 0x0, 0x0, 0x4, 0x63, 0x0,
    0x5, 0x61, 0x0, 0x0, 0x0, 0x0, 0x0, 0x0,
    0x0, 0x0, 0x0, 0x1, 0x7c, 0xef, 0xd9, 0x20,
    0x0, 0x0, 0x4f, 0xff, 0xff, 0xff, 0xf7, 0x0,
    0x4, 0xff, 0xfd, 0x98, 0xbf, 0xff, 0x60, 0xe,
    0xff, 0x80, 0x0, 0x4, 0xff, 0xf1, 0x4f, 0xfc,
    0x0, 0x0, 0x0, 0x9f, 0xf7, 0x9f, 0xf6, 0x0,
    0x0, 0x0, 0x4f, 0xfb, 0xbf, 0xff, 0xff, 0xff,
    0xff, 0xff, 0xfd, 0xcf, 0xff, 0xff, 0xff, 0xff,
    0xff, 0xff, 0xbf, 0xf7, 0x33, 0x33, 0x33, 0x33,
    0x33, 0x9f, 0xf7, 0x0, 0x0, 0x0, 0x0, 0x0,
    0x4f, 0xfc, 0x0, 0x0, 0x0, 0x5a, 0xa6, 0xe,
    0xff, 0x80, 0x0, 0x3, 0xef, 0xf4, 0x4, 0xff,
    0xfd, 0x98, 0xbf, 0xff, 0xa0, 0x0, 0x5f, 0xff,
    0xff, 0xff, 0xfa, 0x0, 0x0, 0x1, 0x8c, 0xef,
    0xea, 0x40, 0x0,

    /* U+00EB "ë" */
    0x0, 0xd, 0xff, 0x10, 0xaf, 0xf6, 0x0, 0x0,
    0xd, 0xff, 0x10, 0xaf, 0xf6, 0x0, 0x0, 0xc,
    0xee, 0x10, 0x9e, 0xe5, 0x0, 0x0, 0x0, 0x0,
    0x0, 0x0, 0x0, 0x0, 0x0, 0x0, 0x0, 0x0,
    0x0, 0x0, 0x0, 0x0, 0x1, 0x7c, 0xef, 0xd9,
    0x20, 0x0, 0x0, 0x4f, 0xff, 0xff, 0xff, 0xf7,
    0x0, 0x4, 0xff, 0xfd, 0x98, 0xbf, 0xff, 0x60,
    0xe, 0xff, 0x80, 0x0, 0x4, 0xff, 0xf1, 0x4f,
    0xfc, 0x0, 0x0, 0x0, 0x9f, 0xf7, 0x9f, 0xf6,
    0x0, 0x0, 0x0, 0x4f, 0xfb, 0xbf, 0xff, 0xff,
    0xff, 0xff, 0xff, 0xfd, 0xcf, 0xff, 0xff, 0xff,
    0xff, 0xff, 0xff, 0xbf, 0xf7, 0x33, 0x33, 0x33,
    0x33, 0x33, 0x9f, 0xf7, 0x0, 0x0, 0x0, 0x0,
    0x0, 0x4f, 0xfc, 0x0, 0x0, 0x0, 0x5a, 0xa6,
    0xe, 0xff, 0x80, 0x0, 0x3, 0xef, 0xf4, 0x4,
    0xff, 0xfd, 0x98, 0xbf, 0xff, 0xa0, 0x0, 0x5f,
    0xff, 0xff, 0xff, 0xfa, 0x0, 0x0, 0x1, 0x8c,
    0xef, 0xea, 0x40, 0x0,

    /* U+00EC "ì" */
    0x9f, 0xf6, 0x0, 0xd, 0xfd, 0x0, 0x3, 0xff,
    0x50, 0x0, 0x7b, 0x80, 0x0, 0x0, 0x0, 0x0,
    0xef, 0xf1, 0x0, 0xef, 0xf1, 0x0, 0xef, 0xf1,
    0x0, 0xef, 0xf1, 0x0, 0xef, 0xf1, 0x0, 0xef,
    0xf1, 0x0, 0xef, 0xf1, 0x0, 0xef, 0xf1, 0x0,
    0xef, 0xf1, 0x0, 0xef, 0xf1, 0x0, 0xef, 0xf1,
    0x0, 0xef, 0xf1, 0x0, 0xef, 0xf1, 0x0, 0xef,
    0xf1, 0x0, 0xef, 0xf1,

    /* U+00ED "í" */
    0x3, 0xff, 0xc0, 0xb, 0xff, 0x20, 0x2f, 0xf6,
    0x0, 0x6b, 0x90, 0x0, 0x0, 0x0, 0x0, 0xef,
    0xf1, 0x0, 0xef, 0xf1, 0x0, 0xef, 0xf1, 0x0,
    0xef, 0xf1, 0x0, 0xef, 0xf1, 0x0, 0xef, 0xf1,
    0x0, 0xef, 0xf1, 0x0, 0xef, 0xf1, 0x0, 0xef,
    0xf1, 0x0, 0xef, 0xf1, 0x0, 0xef, 0xf1, 0x0,
    0xef, 0xf1, 0x0, 0xef, 0xf1, 0x0, 0xef, 0xf1,
    0x0, 0xef, 0xf1, 0x0,

    /* U+00EE "î" */
    0x0, 0x17, 0x88, 0x20, 0x0, 0xa, 0xfd, 0xfd,
    0x0, 0x6, 0xfc, 0xa, 0xf9, 0x2, 0xff, 0x20,
    0x1e, 0xf4, 0x1, 0x0, 0x0, 0x1, 0x0, 0x0,
    0x0, 0x0, 0x0, 0x0, 0xe, 0xff, 0x10, 0x0,
    0x0, 0xef, 0xf1, 0x0, 0x0, 0xe, 0xff, 0x10,
    0x0, 0x0, 0xef, 0xf1, 0x0, 0x0, 0xe, 0xff,
    0x10, 0x0, 0x0, 0xef, 0xf1, 0x0, 0x0, 0xe,
    0xff, 0x10, 0x0, 0x0, 0xef, 0xf1, 0x0, 0x0,
    0xe, 0xff, 0x10, 0x0, 0x0, 0xef, 0xf1, 0x0,
    0x0, 0xe, 0xff, 0x10, 0x0, 0x0, 0xef, 0xf1,
    0x0, 0x0, 0xe, 0xff, 0x10, 0x0, 0x0, 0xef,
    0xf1, 0x0, 0x0, 0xe, 0xff, 0x10, 0x0,

    /* U+00EF "ï" */
    0x9f, 0xf0, 0xef, 0xc9, 0xff, 0xe, 0xfc, 0x8e,
    0xe0, 0xde, 0xb0, 0x0, 0x0, 0x0, 0x0, 0x0,
    0x0, 0x0, 0xe, 0xff, 0x10, 0x0, 0xef, 0xf1,
    0x0, 0xe, 0xff, 0x10, 0x0, 0xef, 0xf1, 0x0,
    0xe, 0xff, 0x10, 0x0, 0xef, 0xf1, 0x0, 0xe,
    0xff, 0x10, 0x0, 0xef, 0xf1, 0x0, 0xe, 0xff,
    0x10, 0x0, 0xef, 0xf1, 0x0, 0xe, 0xff, 0x10,
    0x0, 0xef, 0xf1, 0x0, 0xe, 0xff, 0x10, 0x0,
    0xef, 0xf1, 0x0, 0xe, 0xff, 0x10,

    /* U+00F0 "ð" */
    0x0, 0x0, 0x21, 0x0, 0x0, 0x0, 0x0, 0x0,
    0x0, 0xc, 0xfd, 0x82, 0x0, 0x4, 0x80, 0x0,
    0x2, 0xff, 0xff, 0xfb, 0x8e, 0xff, 0x40, 0x0,
    0x2, 0x5a, 0xff, 0xff, 0xfd, 0x71, 0x0, 0x0,
    0xa, 0xff, 0xff, 0xfe, 0x0, 0x0, 0x0, 0x0,
    0xbf, 0xa4, 0x9f, 0xf6, 0x0, 0x0, 0x0, 0x2,
    0x10, 0x0, 0xdf, 0xe0, 0x0, 0x0, 0x28, 0xde,
    0xfd, 0x97, 0xff, 0x50, 0x0, 0x7f, 0xff, 0xff,
    0xff, 0xff, 0xfa, 0x0, 0x6f, 0xff, 0xd9, 0x8a,
    0xff, 0xff, 0xe0, 0x1f, 0xff, 0x80, 0x0, 0x2,
    0xef, 0xff, 0x7, 0xff, 0xc0, 0x0, 0x0, 0x4,
    0xff, 0xf2, 0xaf, 0xf6, 0x0, 0x0, 0x0, 0xf,
    0xff, 0x5c, 0xff, 0x40, 0x0, 0x0, 0x0, 0xdf,
    0xf6, 0xcf, 0xf4, 0x0, 0x0, 0x0, 0xd, 0xff,
    0x3a, 0xff, 0x60, 0x0, 0x0, 0x0, 0xff, 0xf1,
    0x7f, 0xfc, 0x0, 0x0, 0x0, 0x5f, 0xfd, 0x1,
    0xff, 0xf8, 0x0, 0x0, 0x2e, 0xff, 0x70, 0x6,
    0xff, 0xfd, 0x98, 0xaf, 0xff, 0xc0, 0x0, 0x7,
    0xff, 0xff, 0xff, 0xff, 0xc1, 0x0, 0x0, 0x2,
    0x8d, 0xef, 0xeb, 0x50, 0x0, 0x0,

    /* U+00F1 "ñ" */
    0x0, 0x0, 0x0, 0x0, 0x7, 0x60, 0x0, 0x2,
    0xcf, 0xd6, 0x1, 0xfa, 0x0, 0x0, 0xdf, 0xef,
    0xff, 0xff, 0x40, 0x0, 0x2f, 0x90, 0x2a, 0xee,
    0x70, 0x0, 0x0, 0x0, 0x0, 0x0, 0x0, 0x0,
    0x0, 0x0, 0x0, 0x0, 0x0, 0x0, 0x0, 0xef,
    0xd0, 0x2a, 0xef, 0xd9, 0x10, 0xe, 0xfd, 0x4f,
    0xff, 0xff, 0xfe, 0x20, 0xef, 0xee, 0xfa, 0x79,
    0xff, 0xfb, 0xe, 0xff, 0xf2, 0x0, 0x3, 0xff,
    0xf2, 0xef, 0xf7, 0x0, 0x0, 0xc, 0xff, 0x5e,
    0xff, 0x30, 0x0, 0x0, 0x9f, 0xf6, 0xef, 0xf1,
    0x0, 0x0, 0x8, 0xff, 0x7e, 0xff, 0x10, 0x0,
    0x0, 0x8f, 0xf7, 0xef, 0xf1, 0x0, 0x0, 0x8,
    0xff, 0x7e, 0xff, 0x10, 0x0, 0x0, 0x8f, 0xf7,
    0xef, 0xf1, 0x0, 0x0, 0x8, 0xff, 0x7e, 0xff,
    0x10, 0x0, 0x0, 0x8f, 0xf7, 0xef, 0xf1, 0x0,
    0x0, 0x8, 0xff, 0x7e, 0xff, 0x10, 0x0, 0x0,
    0x8f, 0xf7, 0xef, 0xf1, 0x0, 0x0, 0x8, 0xff,
    0x70,

    /* U+00F2 "ò" */
    0x0, 0x1, 0xab, 0xa0, 0x0, 0x0, 0x0, 0x0,
    0x0, 0x7, 0xff, 0x60, 0x0, 0x0, 0x0, 0x0,
    0x0, 0xc, 0xfd, 0x0, 0x0, 0x0, 0x0, 0x0,
    0x0, 0x2f, 0xf5, 0x0, 0x0, 0x0, 0x0, 0x0,
    0x0, 0x0, 0x0, 0x0, 0x0, 0x0, 0x0, 0x0,
    0x0, 0x0, 0x0, 0x0, 0x0, 0x0, 0x1, 0x7c,
    0xef, 0xda, 0x30, 0x0, 0x0, 0x4, 0xef, 0xff,
    0xff, 0xff, 0xa0, 0x0, 0x3, 0xff, 0xfe, 0x98,
    0xbf, 0xff, 0xa0, 0x0, 0xef, 0xfa, 0x0, 0x0,
    0x4f, 0xff, 0x50, 0x4f, 0xfe, 0x0, 0x0, 0x0,
    0x7f, 0xfb, 0x9, 0xff, 0x80, 0x0, 0x0, 0x1,
    0xff, 0xf1, 0xbf, 0xf5, 0x0, 0x0, 0x0, 0xd,
    0xff, 0x2c, 0xff, 0x40, 0x0, 0x0, 0x0, 0xdf,
    0xf4, 0xbf, 0xf5, 0x0, 0x0, 0x0, 0xd, 0xff,
    0x29, 0xff, 0x80, 0x0, 0x0, 0x1, 0xff, 0xf1,
    0x4f, 0xfd, 0x0, 0x0, 0x0, 0x7f, 0xfb, 0x0,
    0xef, 0xfa, 0x0, 0x0, 0x3f, 0xff, 0x50, 0x4,
    0xff, 0xfe, 0x98, 0xbf, 0xff, 0xb0, 0x0, 0x4,
    0xff, 0xff, 0xff, 0xff, 0xa0, 0x0, 0x0, 0x1,
    0x7c, 0xef, 0xda, 0x40, 0x0, 0x0,

    /* U+00F3 "ó" */
    0x0, 0x0, 0x0, 0x5, 0xbb, 0x50, 0x0, 0x0,
    0x0, 0x0, 0x0, 0xdf, 0xe1, 0x0, 0x0, 0x0,
    0x0, 0x0, 0x5f, 0xf4, 0x0, 0x0, 0x0, 0x0,
    0x0, 0xd, 0xf9, 0x0, 0x0, 0x0, 0x0, 0x0,
    0x0, 0x0, 0x0, 0x0, 0x0, 0x0, 0x0, 0x0,
    0x0, 0x0, 0x0, 0x0, 0x0, 0x0, 0x1, 0x7c,
    0xef, 0xda, 0x30, 0x0, 0x0, 0x4, 0xef, 0xff,
    0xff, 0xff, 0xa0, 0x0, 0x3, 0xff, 0xfe, 0x98,
    0xbf, 0xff, 0xa0, 0x0, 0xef, 0xfa, 0x0, 0x0,
    0x4f, 0xff, 0x50, 0x4f, 0xfe, 0x0, 0x0, 0x0,
    0x7f, 0xfb, 0x9, 0xff, 0x80, 0x0, 0x0, 0x1,
    0xff, 0xf1, 0xbf, 0xf5, 0x0, 0x0, 0x0, 0xd,
    0xff, 0x2c, 0xff, 0x40, 0x0, 0x0, 0x0, 0xdf,
    0xf4, 0xbf, 0xf5, 0x0, 0x0, 0x0, 0xd, 0xff,
    0x29, 0xff, 0x80, 0x0, 0x0, 0x1, 0xff, 0xf1,
    0x4f, 0xfd, 0x0, 0x0, 0x0, 0x7f, 0xfb, 0x0,
    0xef, 0xfa, 0x0, 0x0, 0x3f, 0xff, 0x50, 0x4,
    0xff, 0xfe, 0x98, 0xbf, 0xff, 0xb0, 0x0, 0x4,
    0xff, 0xff, 0xff, 0xff, 0xa0, 0x0, 0x0, 0x1,
    0x7c, 0xef, 0xda, 0x40, 0x0, 0x0,

    /* U+00F4 "ô" */
    0x0, 0x0, 0x3, 0x88, 0x70, 0x0, 0x0, 0x0,
    0x0, 0x1, 0xef, 0xef, 0x70, 0x0, 0x0, 0x0,
    0x0, 0xaf, 0x82, 0xff, 0x20, 0x0, 0x0, 0x0,
    0x5f, 0xd0, 0x7, 0xfc, 0x0, 0x0, 0x0, 0x3,
    0x52, 0x0, 0x4, 0x51, 0x0, 0x0, 0x0, 0x0,
    0x0, 0x0, 0x0, 0x0, 0x0, 0x0, 0x1, 0x7c,
    0xef, 0xda, 0x30, 0x0, 0x0, 0x4, 0xef, 0xff,
    0xff, 0xff, 0xa0, 0x0, 0x3, 0xff, 0xfe, 0x98,
    0xbf, 0xff, 0xa0, 0x0, 0xef, 0xfa, 0x0, 0x0,
    0x4f, 0xff, 0x50, 0x4f, 0xfe, 0x0, 0x0, 0x0,
    0x7f, 0xfb, 0x9, 0xff, 0x80, 0x0, 0x0, 0x1,
    0xff, 0xf1, 0xbf, 0xf5, 0x0, 0x0, 0x0, 0xd,
    0xff, 0x2c, 0xff, 0x40, 0x0, 0x0, 0x0, 0xdf,
    0xf4, 0xbf, 0xf5, 0x0, 0x0, 0x0, 0xd, 0xff,
    0x29, 0xff, 0x80, 0x0, 0x0, 0x1, 0xff, 0xf1,
    0x4f, 0xfd, 0x0, 0x0, 0x0, 0x7f, 0xfb, 0x0,
    0xef, 0xfa, 0x0, 0x0, 0x3f, 0xff, 0x50, 0x4,
    0xff, 0xfe, 0x98, 0xbf, 0xff, 0xb0, 0x0, 0x4,
    0xff, 0xff, 0xff, 0xff, 0xa0, 0x0, 0x0, 0x1,
    0x7c, 0xef, 0xda, 0x40, 0x0, 0x0,

    /* U+00F5 "õ" */
    0x0, 0x0, 0x0, 0x0, 0x0, 0x75, 0x0, 0x0,
    0x0, 0x3c, 0xfd, 0x60, 0x2f, 0x90, 0x0, 0x0,
    0xe, 0xfe, 0xff, 0xef, 0xf3, 0x0, 0x0, 0x3,
    0xf8, 0x3, 0xbf, 0xe6, 0x0, 0x0, 0x0, 0x0,
    0x0, 0x0, 0x0, 0x0, 0x0, 0x0, 0x0, 0x0,
    0x0, 0x0, 0x0, 0x0, 0x0, 0x0, 0x1, 0x7c,
    0xef, 0xda, 0x30, 0x0, 0x0, 0x4, 0xef, 0xff,
    0xff, 0xff, 0xa0, 0x0, 0x3, 0xff, 0xfe, 0x98,
    0xbf, 0xff, 0xa0, 0x0, 0xef, 0xfa, 0x0, 0x0,
    0x4f, 0xff, 0x50, 0x4f, 0xfe, 0x0, 0x0, 0x0,
    0x7f, 0xfb, 0x9, 0xff, 0x80, 0x0, 0x0, 0x1,
    0xff, 0xf1, 0xbf, 0xf5, 0x0, 0x0, 0x0, 0xd,
    0xff, 0x2c, 0xff, 0x40, 0x0, 0x0, 0x0, 0xdf,
    0xf4, 0xbf, 0xf5, 0x0, 0x0, 0x0, 0xd, 0xff,
    0x29, 0xff, 0x80, 0x0, 0x0, 0x1, 0xff, 0xf1,
    0x4f, 0xfd, 0x0, 0x0, 0x0, 0x7f, 0xfb, 0x0,
    0xef, 0xfa, 0x0, 0x0, 0x3f, 0xff, 0x50, 0x4,
    0xff, 0xfe, 0x98, 0xbf, 0xff, 0xb0, 0x0, 0x4,
    0xff, 0xff, 0xff, 0xff, 0xa0, 0x0, 0x0, 0x1,
    0x7c, 0xef, 0xda, 0x40, 0x0, 0x0,

    /* U+00F6 "ö" */
    0x0, 0xd, 0xff, 0x10, 0xaf, 0xf6, 0x0, 0x0,
    0x0, 0xdf, 0xf1, 0xa, 0xff, 0x60, 0x0, 0x0,
    0xc, 0xee, 0x10, 0x9e, 0xe5, 0x0, 0x0, 0x0,
    0x0, 0x0, 0x0, 0x0, 0x0, 0x0, 0x0, 0x0,
    0x0, 0x0, 0x0, 0x0, 0x0, 0x0, 0x0, 0x17,
    0xce, 0xfd, 0xa3, 0x0, 0x0, 0x0, 0x4e, 0xff,
    0xff, 0xff, 0xfa, 0x0, 0x0, 0x3f, 0xff, 0xe9,
    0x8b, 0xff, 0xfa, 0x0, 0xe, 0xff, 0xa0, 0x0,
    0x4, 0xff, 0xf5, 0x4, 0xff, 0xe0, 0x0, 0x0,
    0x7, 0xff, 0xb0, 0x9f, 0xf8, 0x0, 0x0, 0x0,
    0x1f, 0xff, 0x1b, 0xff, 0x50, 0x0, 0x0, 0x0,
    0xdf, 0xf2, 0xcf, 0xf4, 0x0, 0x0, 0x0, 0xd,
    0xff, 0x4b, 0xff, 0x50, 0x0, 0x0, 0x0, 0xdf,
    0xf2, 0x9f, 0xf8, 0x0, 0x0, 0x0, 0x1f, 0xff,
    0x14, 0xff, 0xd0, 0x0, 0x0, 0x7, 0xff, 0xb0,
    0xe, 0xff, 0xa0, 0x0, 0x3, 0xff, 0xf5, 0x0,
    0x4f, 0xff, 0xe9, 0x8b, 0xff, 0xfb, 0x0, 0x0,
    0x4f, 0xff, 0xff, 0xff, 0xfa, 0x0, 0x0, 0x0,
    0x17, 0xce, 0xfd, 0xa4, 0x0, 0x0,

    /* U+00F7 "÷" */
    0x0, 0x0, 0x9, 0xfc, 0x10, 0x0, 0x0, 0x0,
    0x0, 0x3f, 0xff, 0x80, 0x0, 0x0, 0x0, 0x0,
    0x2f, 0xff, 0x70, 0x0, 0x0, 0x0, 0x0, 0x5,
    0xb8, 0x0, 0x0, 0x0, 0x0, 0x0, 0x0, 0x0,
    0x0, 0x0, 0x0, 0x67, 0x77, 0x77, 0x77, 0x77,
    0x77, 0x71, 0xef, 0xff, 0xff, 0xff, 0xff, 0xff,
    0xf3, 0xef, 0xff, 0xff, 0xff, 0xff, 0xff, 0xf3,
    0x0, 0x0, 0x0, 0x0, 0x0, 0x0, 0x0, 0x0,
    0x0, 0x0, 0x0, 0x0, 0x0, 0x0, 0x0, 0x0,
    0x5, 0xb8, 0x0, 0x0, 0x0, 0x0, 0x0, 0x2f,
    0xff, 0x70, 0x0, 0x0, 0x0, 0x0, 0x3f, 0xff,
    0x80, 0x0, 0x0, 0x0, 0x0, 0x9, 0xfc, 0x10,
    0x0, 0x0,

    /* U+00F8 "ø" */
    0x0, 0x1, 0x7c, 0xef, 0xda, 0x4d, 0xf5, 0x0,
    0x4, 0xef, 0xff, 0xff, 0xff, 0xfb, 0x0, 0x3,
    0xff, 0xfe, 0x98, 0xbf, 0xff, 0xb0, 0x0, 0xef,
    0xfa, 0x0, 0x1, 0xff, 0xff, 0x50, 0x4f, 0xfe,
    0x0, 0x0, 0xbf, 0xff, 0xfb, 0x9, 0xff, 0x80,
    0x0, 0x7f, 0xc1, 0xff, 0xf1, 0xbf, 0xf5, 0x0,
    0x3f, 0xf2, 0xd, 0xff, 0x2c, 0xff, 0x40, 0xd,
    0xf5, 0x0, 0xdf, 0xf4, 0xbf, 0xf5, 0x9, 0xfa,
    0x0, 0xd, 0xff, 0x29, 0xff, 0x85, 0xfd, 0x0,
    0x1, 0xff, 0xf1, 0x4f, 0xff, 0xff, 0x30, 0x0,
    0x7f, 0xfb, 0x0, 0xef, 0xff, 0x80, 0x0, 0x3f,
    0xff, 0x50, 0x4, 0xff, 0xfe, 0x98, 0xbf, 0xff,
    0xb0, 0x0, 0x3f, 0xff, 0xff, 0xff, 0xff, 0xa0,
    0x0, 0xd, 0xf6, 0x7c, 0xef, 0xda, 0x40, 0x0,
    0x0,

    /* U+00F9 "ù" */
    0x0, 0x1a, 0xb9, 0x0, 0x0, 0x0, 0x0, 0x0,
    0x9f, 0xf4, 0x0, 0x0, 0x0, 0x0, 0x0, 0xdf,
    0xb0, 0x0, 0x0, 0x0, 0x0, 0x3, 0xff, 0x30,
    0x0, 0x0, 0x0, 0x0, 0x0, 0x0, 0x0, 0x0,
    0x0, 0x0, 0x0, 0x0, 0x0, 0x0, 0x0, 0xef,
    0xf1, 0x0, 0x0, 0xa, 0xff, 0x5e, 0xff, 0x10,
    0x0, 0x0, 0xaf, 0xf5, 0xef, 0xf1, 0x0, 0x0,
    0xa, 0xff, 0x5e, 0xff, 0x10, 0x0, 0x0, 0xaf,
    0xf5, 0xef, 0xf1, 0x0, 0x0, 0xa, 0xff, 0x5e,
    0xff, 0x10, 0x0, 0x0, 0xaf, 0xf5, 0xef, 0xf1,
    0x0, 0x0, 0xa, 0xff, 0x5e, 0xff, 0x10, 0x0,
    0x0, 0xaf, 0xf5, 0xef, 0xf1, 0x0, 0x0, 0xa,
    0xff, 0x5e, 0xff, 0x10, 0x0, 0x0, 0xcf, 0xf5,
    0xdf, 0xf4, 0x0, 0x0, 0x1f, 0xff, 0x5a, 0xff,
    0xb0, 0x0, 0xa, 0xff, 0xf5, 0x3f, 0xff, 0xd8,
    0x8c, 0xfd, 0xff, 0x50, 0x8f, 0xff, 0xff, 0xfa,
    0x7f, 0xf5, 0x0, 0x5c, 0xff, 0xc6, 0x7, 0xff,
    0x50,

    /* U+00FA "ú" */
    0x0, 0x0, 0x0, 0x6b, 0xb4, 0x0, 0x0, 0x0,
    0x0, 0x1f, 0xfd, 0x0, 0x0, 0x0, 0x0, 0x7,
    0xff, 0x30, 0x0, 0x0, 0x0, 0x0, 0xef, 0x70,
    0x0, 0x0, 0x0, 0x0, 0x0, 0x0, 0x0, 0x0,
    0x0, 0x0, 0x0, 0x0, 0x0, 0x0, 0x0, 0xef,
    0xf1, 0x0, 0x0, 0xa, 0xff, 0x5e, 0xff, 0x10,
    0x0, 0x0, 0xaf, 0xf5, 0xef, 0xf1, 0x0, 0x0,
    0xa, 0xff, 0x5e, 0xff, 0x10, 0x0, 0x0, 0xaf,
    0xf5, 0xef, 0xf1, 0x0, 0x0, 0xa, 0xff, 0x5e,
    0xff, 0x10, 0x0, 0x0, 0xaf, 0xf5, 0xef, 0xf1,
    0x0, 0x0, 0xa, 0xff, 0x5e, 0xff, 0x10, 0x0,
    0x0, 0xaf, 0xf5, 0xef, 0xf1, 0x0, 0x0, 0xa,
    0xff, 0x5e, 0xff, 0x10, 0x0, 0x0, 0xcf, 0xf5,
    0xdf, 0xf4, 0x0, 0x0, 0x1f, 0xff, 0x5a, 0xff,
    0xb0, 0x0, 0xa, 0xff, 0xf5, 0x3f, 0xff, 0xd8,
    0x8c, 0xfd, 0xff, 0x50, 0x8f, 0xff, 0xff, 0xfa,
    0x7f, 0xf5, 0x0, 0x5c, 0xff, 0xc6, 0x7, 0xff,
    0x50,

    /* U+00FB "û" */
    0x0, 0x0, 0x48, 0x86, 0x0, 0x0, 0x0, 0x0,
    0x2f, 0xfe, 0xf6, 0x0, 0x0, 0x0, 0xd, 0xf5,
    0x2f, 0xf2, 0x0, 0x0, 0x9, 0xfa, 0x0, 0x6f,
    0xc0, 0x0, 0x0, 0x11, 0x0, 0x0, 0x11, 0x0,
    0x0, 0x0, 0x0, 0x0, 0x0, 0x0, 0x0, 0xef,
    0xf1, 0x0, 0x0, 0xa, 0xff, 0x5e, 0xff, 0x10,
    0x0, 0x0, 0xaf, 0xf5, 0xef, 0xf1, 0x0, 0x0,
    0xa, 0xff, 0x5e, 0xff, 0x10, 0x0, 0x0, 0xaf,
    0xf5, 0xef, 0xf1, 0x0, 0x0, 0xa, 0xff, 0x5e,
    0xff, 0x10, 0x0, 0x0, 0xaf, 0xf5, 0xef, 0xf1,
    0x0, 0x0, 0xa, 0xff, 0x5e, 0xff, 0x10, 0x0,
    0x0, 0xaf, 0xf5, 0xef, 0xf1, 0x0, 0x0, 0xa,
    0xff, 0x5e, 0xff, 0x10, 0x0, 0x0, 0xcf, 0xf5,
    0xdf, 0xf4, 0x0, 0x0, 0x1f, 0xff, 0x5a, 0xff,
    0xb0, 0x0, 0xa, 0xff, 0xf5, 0x3f, 0xff, 0xd8,
    0x8c, 0xfd, 0xff, 0x50, 0x8f, 0xff, 0xff, 0xfa,
    0x7f, 0xf5, 0x0, 0x5c, 0xff, 0xc6, 0x7, 0xff,
    0x50,

    /* U+00FC "ü" */
    0x0, 0xff, 0xf0, 0xc, 0xff, 0x30, 0x0, 0xf,
    0xff, 0x0, 0xcf, 0xf3, 0x0, 0x0, 0xee, 0xe0,
    0xb, 0xee, 0x30, 0x0, 0x0, 0x0, 0x0, 0x0,
    0x0, 0x0, 0x0, 0x0, 0x0, 0x0, 0x0, 0x0,
    0xe, 0xff, 0x10, 0x0, 0x0, 0xaf, 0xf5, 0xef,
    0xf1, 0x0, 0x0, 0xa, 0xff, 0x5e, 0xff, 0x10,
    0x0, 0x0, 0xaf, 0xf5, 0xef, 0xf1, 0x0, 0x0,
    0xa, 0xff, 0x5e, 0xff, 0x10, 0x0, 0x0, 0xaf,
    0xf5, 0xef, 0xf1, 0x0, 0x0, 0xa, 0xff, 0x5e,
    0xff, 0x10, 0x0, 0x0, 0xaf, 0xf5, 0xef, 0xf1,
    0x0, 0x0, 0xa, 0xff, 0x5e, 0xff, 0x10, 0x0,
    0x0, 0xaf, 0xf5, 0xef, 0xf1, 0x0, 0x0, 0xc,
    0xff, 0x5d, 0xff, 0x40, 0x0, 0x1, 0xff, 0xf5,
    0xaf, 0xfb, 0x0, 0x0, 0xaf, 0xff, 0x53, 0xff,
    0xfd, 0x88, 0xcf, 0xdf, 0xf5, 0x8, 0xff, 0xff,
    0xff, 0xa7, 0xff, 0x50, 0x5, 0xcf, 0xfc, 0x60,
    0x7f, 0xf5,

    /* U+00FD "ý" */
    0x0, 0x0, 0x0, 0x1, 0xff, 0xe1, 0x0, 0x0,
    0x0, 0x0, 0x0, 0x8f, 0xf4, 0x0, 0x0, 0x0,
    0x0, 0x0, 0xf, 0xf9, 0x0, 0x0, 0x0, 0x0,
    0x0, 0x4, 0xba, 0x0, 0x0, 0x0, 0x0, 0x0,
    0x0, 0x0, 0x0, 0x0, 0x0, 0x3, 0xff, 0xe0,
    0x0, 0x0, 0x0, 0x6f, 0xfb, 0xd, 0xff, 0x40,
    0x0, 0x0, 0xb, 0xff, 0x50, 0x7f, 0xf9, 0x0,
    0x0, 0x1, 0xff, 0xf0, 0x2, 0xff, 0xe0, 0x0,
    0x0, 0x6f, 0xfa, 0x0, 0xc, 0xff, 0x40, 0x0,
    0xb, 0xff, 0x40, 0x0, 0x6f, 0xf9, 0x0, 0x0,
    0xff, 0xe0, 0x0, 0x1, 0xff, 0xe0, 0x0, 0x5f,
    0xf8, 0x0, 0x0, 0xb, 0xff, 0x40, 0xa, 0xff,
    0x30, 0x0, 0x0, 0x5f, 0xf9, 0x0, 0xff, 0xd0,
    0x0, 0x0, 0x0, 0xff, 0xe0, 0x4f, 0xf7, 0x0,
    0x0, 0x0, 0xa, 0xff, 0x4a, 0xff, 0x10, 0x0,
    0x0, 0x0, 0x4f, 0xfa, 0xef, 0xc0, 0x0, 0x0,
    0x0, 0x0, 0xef, 0xff, 0xf6, 0x0, 0x0, 0x0,
    0x0, 0x8, 0xff, 0xff, 0x10, 0x0, 0x0, 0x0,
    0x0, 0x3f, 0xff, 0xa0, 0x0, 0x0, 0x0, 0x0,
    0x0, 0x5f, 0xf5, 0x0, 0x0, 0x0, 0x0, 0x66,
    0x7f, 0xfe, 0x0, 0x0, 0x0, 0x0, 0x1f, 0xff,
    0xff, 0x70, 0x0, 0x0, 0x0, 0x1, 0xff, 0xfd,
    0x60, 0x0, 0x0, 0x0,

    /* U+00FE "þ" */
    0xef, 0xf2, 0x0, 0x0, 0x0, 0x0, 0x0, 0xef,
    0xf2, 0x0, 0x0, 0x0, 0x0, 0x0, 0xef, 0xf2,
    0x0, 0x0, 0x0, 0x0, 0x0, 0xef, 0xf2, 0x0,
    0x0, 0x0, 0x0, 0x0, 0xef, 0xf2, 0x0, 0x0,
    0x0, 0x0, 0x0, 0xef, 0xf2, 0x4b, 0xef, 0xea,
    0x30, 0x0, 0xef, 0xf9, 0xff, 0xff, 0xff, 0xf6,
    0x0, 0xef, 0xff, 0xfc, 0x9a, 0xef, 0xff, 0x50,
    0xef, 0xff, 0x50, 0x0, 0xb, 0xff, 0xd0, 0xef,
    0xf9, 0x0, 0x0, 0x1, 0xef, 0xf4, 0xef, 0xf2,
    0x0, 0x0, 0x0, 0x9f, 0xf8, 0xef, 0xf0, 0x0,
    0x0, 0x0, 0x6f, 0xfa, 0xef, 0xe0, 0x0, 0x0,
    0x0, 0x5f, 0xfb, 0xef, 0xf0, 0x0, 0x0, 0x0,
    0x6f, 0xfa, 0xef, 0xf2, 0x0, 0x0, 0x0, 0x9f,
    0xf8, 0xef, 0xf9, 0x0, 0x0, 0x1, 0xff, 0xf4,
    0xef, 0xff, 0x60, 0x0, 0x1c, 0xff, 0xd0, 0xef,
    0xff, 0xfd, 0xab, 0xff, 0xff, 0x50, 0xef, 0xf9,
    0xff, 0xff, 0xff, 0xf6, 0x0, 0xef, 0xf2, 0x4b,
    0xef, 0xea, 0x30, 0x0, 0xef, 0xf2, 0x0, 0x0,
    0x0, 0x0, 0x0, 0xef, 0xf2, 0x0, 0x0, 0x0,
    0x0, 0x0, 0xef, 0xf2, 0x0, 0x0, 0x0, 0x0,
    0x0, 0xef, 0xf2, 0x0, 0x0, 0x0, 0x0, 0x0,

    /* U+00FF "ÿ" */
    0x0, 0x5, 0xff, 0xa0, 0x1f, 0xfe, 0x0, 0x0,
    0x0, 0x5f, 0xfa, 0x1, 0xff, 0xe0, 0x0, 0x0,
    0x4, 0xee, 0x90, 0x1e, 0xed, 0x0, 0x0, 0x0,
    0x0, 0x0, 0x0, 0x0, 0x0, 0x0, 0x0, 0x0,
    0x0, 0x0, 0x0, 0x0, 0x0, 0x3, 0xff, 0xe0,
    0x0, 0x0, 0x0, 0x6f, 0xfb, 0xd, 0xff, 0x40,
    0x0, 0x0, 0xb, 0xff, 0x50, 0x7f, 0xf9, 0x0,
    0x0, 0x1, 0xff, 0xf0, 0x2, 0xff, 0xe0, 0x0,
    0x0, 0x6f, 0xfa, 0x0, 0xc, 0xff, 0x40, 0x0,
    0xb, 0xff, 0x40, 0x0, 0x6f, 0xf9, 0x0, 0x0,
    0xff, 0xe0, 0x0, 0x1, 0xff, 0xe0, 0x0, 0x5f,
    0xf8, 0x0, 0x0, 0xb, 0xff, 0x40, 0xa, 0xff,
    0x30, 0x0, 0x0, 0x5f, 0xf9, 0x0, 0xff, 0xd0,
    0x0, 0x0, 0x0, 0xff, 0xe0, 0x4f, 0xf7, 0x0,
    0x0, 0x0, 0xa, 0xff, 0x4a, 0xff, 0x10, 0x0,
    0x0, 0x0, 0x4f, 0xfa, 0xef, 0xc0, 0x0, 0x0,
    0x0, 0x0, 0xef, 0xff, 0xf6, 0x0, 0x0, 0x0,
    0x0, 0x8, 0xff, 0xff, 0x10, 0x0, 0x0, 0x0,
    0x0, 0x3f, 0xff, 0xa0, 0x0, 0x0, 0x0, 0x0,
    0x0, 0x5f, 0xf5, 0x0, 0x0, 0x0, 0x0, 0x66,
    0x7f, 0xfe, 0x0, 0x0, 0x0, 0x0, 0x1f, 0xff,
    0xff, 0x70, 0x0, 0x0, 0x0, 0x1, 0xff, 0xfd,
    0x60, 0x0, 0x0, 0x0,

    /* U+0100 "Ā" */
    0x0, 0x0, 0x1, 0x55, 0x55, 0x55, 0x53, 0x0,
    0x0, 0x0, 0x0, 0x0, 0x3f, 0xff, 0xff, 0xff,
    0x80, 0x0, 0x0, 0x0, 0x0, 0x3, 0xff, 0xff,
    0xff, 0xf8, 0x0, 0x0, 0x0, 0x0, 0x0, 0x0,
    0x0, 0x0, 0x0, 0x0, 0x0, 0x0, 0x0, 0x0,
    0x0, 0x0, 0x0, 0x0, 0x0, 0x0, 0x0, 0x0,
    0x0, 0x0, 0x0, 0x7f, 0xff, 0xb0, 0x0, 0x0,
    0x0, 0x0, 0x0, 0x0, 0xc, 0xff, 0xff, 0x10,
    0x0, 0x0, 0x0, 0x0, 0x0, 0x2, 0xff, 0xff,
    0xf7, 0x0, 0x0, 0x0, 0x0, 0x0, 0x0, 0x8f,
    0xfa, 0xff, 0xd0, 0x0, 0x0, 0x0, 0x0, 0x0,
    0xe, 0xff, 0x1d, 0xff, 0x20, 0x0, 0x0, 0x0,
    0x0, 0x3, 0xff, 0xc0, 0x8f, 0xf8, 0x0, 0x0,
    0x0, 0x0, 0x0, 0x9f, 0xf7, 0x3, 0xff, 0xe0,
    0x0, 0x0, 0x0, 0x0, 0xe, 0xff, 0x10, 0xd,
    0xff, 0x40, 0x0, 0x0, 0x0, 0x5, 0xff, 0xc0,
    0x0, 0x8f, 0xf9, 0x0, 0x0, 0x0, 0x0, 0xaf,
    0xf7, 0x0, 0x2, 0xff, 0xf0, 0x0, 0x0, 0x0,
    0xf, 0xff, 0x20, 0x0, 0xd, 0xff, 0x50, 0x0,
    0x0, 0x6, 0xff, 0xc0, 0x0, 0x0, 0x8f, 0xfa,
    0x0, 0x0, 0x0, 0xcf, 0xfe, 0xbb, 0xbb, 0xbc,
    0xff, 0xf1, 0x0, 0x0, 0x1f, 0xff, 0xff, 0xff,
    0xff, 0xff, 0xff, 0x60, 0x0, 0x7, 0xff, 0xff,
    0xff, 0xff, 0xff, 0xff, 0xfc, 0x0, 0x0, 0xdf,
    0xf6, 0x0, 0x0, 0x0, 0x2, 0xff, 0xf1, 0x0,
    0x2f, 0xff, 0x10, 0x0, 0x0, 0x0, 0xc, 0xff,
    0x70, 0x8, 0xff, 0xa0, 0x0, 0x0, 0x0, 0x0,
    0x6f, 0xfd, 0x0, 0xef, 0xf5, 0x0, 0x0, 0x0,
    0x0, 0x1, 0xff, 0xf3, 0x4f, 0xfe, 0x0, 0x0,
    0x0, 0x0, 0x0, 0xa, 0xff, 0x80,

    /* U+0101 "ā" */
    0x0, 0xf, 0xff, 0xff, 0xff, 0xd0, 0x0, 0x0,
    0x0, 0xff, 0xff, 0xff, 0xfd, 0x0, 0x0, 0x0,
    0x5, 0x55, 0x55, 0x55, 0x40, 0x0, 0x0, 0x0,
    0x0, 0x0, 0x0, 0x0, 0x0, 0x0, 0x0, 0x0,
    0x0, 0x0, 0x0, 0x0, 0x0, 0x0, 0x0, 0x4a,
    0xef, 0xfd, 0x92, 0x0, 0x0, 0x0, 0xaf, 0xff,
    0xff, 0xff, 0xf5, 0x0, 0x0, 0x9f, 0xff, 0xb8,
    0x9d, 0xff, 0xf2, 0x0, 0x2f, 0xff, 0x30, 0x0,
    0xa, 0xff, 0x90, 0x6, 0xdd, 0x80, 0x0, 0x0,
    0x2f, 0xfe, 0x0, 0x0, 0x0, 0x0, 0x0, 0x0,
    0xff, 0xf0, 0x0, 0x0, 0x1, 0x47, 0xad, 0xff,
    0xff, 0x0, 0x0, 0x7d, 0xff, 0xff, 0xff, 0xff,
    0xf0, 0x0, 0xcf, 0xff, 0xea, 0x85, 0x2f, 0xff,
    0x0, 0x8f, 0xfd, 0x30, 0x0, 0x0, 0xff, 0xf0,
    0xc, 0xff, 0x50, 0x0, 0x0, 0x4f, 0xff, 0x0,
    0xcf, 0xf6, 0x0, 0x0, 0x2e, 0xff, 0xf0, 0x8,
    0xff, 0xf8, 0x56, 0x9f, 0xff, 0xff, 0x82, 0x1d,
    0xff, 0xff, 0xff, 0xf8, 0x7f, 0xff, 0x50, 0x7,
    0xcf, 0xfe, 0xa3, 0x0, 0x9e, 0xf5,

    /* U+0102 "Ă" */
    0x0, 0x0, 0x5, 0xf9, 0x0, 0x5, 0xf9, 0x0,
    0x0, 0x0, 0x0, 0x0, 0x1f, 0xf4, 0x2, 0xdf,
    0x50, 0x0, 0x0, 0x0, 0x0, 0x0, 0x8f, 0xff,
    0xff, 0xb0, 0x0, 0x0, 0x0, 0x0, 0x0, 0x0,
    0x5c, 0xed, 0x80, 0x0, 0x0, 0x0, 0x0, 0x0,
    0x0, 0x0, 0x0, 0x0, 0x0, 0x0, 0x0, 0x0,
    0x0, 0x0, 0x0, 0x7f, 0xff, 0xb0, 0x0, 0x0,
    0x0, 0x0, 0x0, 0x0, 0xc, 0xff, 0xff, 0x10,
    0x0, 0x0, 0x0, 0x0, 0x0, 0x2, 0xff, 0xff,
    0xf7, 0x0, 0x0, 0x0, 0x0, 0x0, 0x0, 0x8f,
    0xfa, 0xff, 0xd0, 0x0, 0x0, 0x0, 0x0, 0x0,
    0xe, 0xff, 0x1d, 0xff, 0x20, 0x0, 0x0, 0x0,
    0x0, 0x3, 0xff, 0xc0, 0x8f, 0xf8, 0x0, 0x0,
    0x0, 0x0, 0x0, 0x9f, 0xf7, 0x3, 0xff, 0xe0,
    0x0, 0x0, 0x0, 0x0, 0xe, 0xff, 0x10, 0xd,
    0xff, 0x40, 0x0, 0x0, 0x0, 0x5, 0xff, 0xc0,
    0x0, 0x8f, 0xf9, 0x0, 0x0, 0x0, 0x0, 0xaf,
    0xf7, 0x0, 0x2, 0xff, 0xf0, 0x0, 0x0, 0x0,
    0xf, 0xff, 0x20, 0x0, 0xd, 0xff, 0x50, 0x0,
    0x0, 0x6, 0xff, 0xc0, 0x0, 0x0, 0x8f, 0xfa,
    0x0, 0x0, 0x0, 0xcf, 0xfe, 0xbb, 0xbb, 0xbc,
    0xff, 0xf1, 0x0, 0x0, 0x1f, 0xff, 0xff, 0xff,
    0xff, 0xff, 0xff, 0x60, 0x0, 0x7, 0xff, 0xff,
    0xff, 0xff, 0xff, 0xff, 0xfc, 0x0, 0x0, 0xdf,
    0xf6, 0x0, 0x0, 0x0, 0x2, 0xff, 0xf1, 0x0,
    0x2f, 0xff, 0x10, 0x0, 0x0, 0x0, 0xc, 0xff,
    0x70, 0x8, 0xff, 0xa0, 0x0, 0x0, 0x0, 0x0,
    0x6f, 0xfd, 0x0, 0xef, 0xf5, 0x0, 0x0, 0x0,
    0x0, 0x1, 0xff, 0xf3, 0x4f, 0xfe, 0x0, 0x0,
    0x0, 0x0, 0x0, 0xa, 0xff, 0x80,

    /* U+0103 "ă" */
    0x0, 0xf, 0xe0, 0x0, 0xf, 0xe0, 0x0, 0x0,
    0x0, 0xcf, 0x70, 0x8, 0xfa, 0x0, 0x0, 0x0,
    0x4, 0xff, 0xff, 0xff, 0x20, 0x0, 0x0, 0x0,
    0x4, 0xcf, 0xfb, 0x30, 0x0, 0x0, 0x0, 0x0,
    0x0, 0x0, 0x0, 0x0, 0x0, 0x0, 0x0, 0x0,
    0x0, 0x0, 0x0, 0x0, 0x0, 0x0, 0x6, 0xbe,
    0xff, 0xd9, 0x20, 0x0, 0x0, 0x2d, 0xff, 0xff,
    0xff, 0xff, 0x50, 0x0, 0xd, 0xff, 0xea, 0x89,
    0xcf, 0xff, 0x20, 0x6, 0xff, 0xd1, 0x0, 0x0,
    0x8f, 0xf9, 0x0, 0x1, 0x10, 0x0, 0x0, 0x0,
    0xff, 0xe0, 0x0, 0x0, 0x0, 0x1, 0x47, 0xaf,
    0xff, 0x0, 0x0, 0x6, 0xae, 0xff, 0xff, 0xff,
    0xf0, 0x0, 0x5e, 0xff, 0xff, 0xfe, 0xbf, 0xff,
    0x0, 0x3f, 0xff, 0xd8, 0x51, 0x0, 0xff, 0xf0,
    0xa, 0xff, 0xa0, 0x0, 0x0, 0xf, 0xff, 0x0,
    0xcf, 0xf4, 0x0, 0x0, 0x6, 0xff, 0xf0, 0xc,
    0xff, 0x70, 0x0, 0x3, 0xff, 0xff, 0x0, 0x7f,
    0xff, 0x85, 0x6a, 0xff, 0xff, 0xf8, 0x20, 0xcf,
    0xff, 0xff, 0xff, 0x87, 0xff, 0xf5, 0x0, 0x7c,
    0xff, 0xea, 0x30, 0x9, 0xef, 0x50,

    /* U+0104 "Ą" */
    0x0, 0x0, 0x0, 0x7, 0xff, 0xfb, 0x0, 0x0,
    0x0, 0x0, 0x0, 0x0, 0x0, 0xc, 0xff, 0xff,
    0x10, 0x0, 0x0, 0x0, 0x0, 0x0, 0x0, 0x2f,
    0xff, 0xff, 0x70, 0x0, 0x0, 0x0, 0x0, 0x0,
    0x0, 0x8f, 0xfa, 0xff, 0xd0, 0x0, 0x0, 0x0,
    0x0, 0x0, 0x0, 0xef, 0xf1, 0xdf, 0xf2, 0x0,
    0x0, 0x0, 0x0, 0x0, 0x3, 0xff, 0xc0, 0x8f,
    0xf8, 0x0, 0x0, 0x0, 0x0, 0x0, 0x9, 0xff,
    0x70, 0x3f, 0xfe, 0x0, 0x0, 0x0, 0x0, 0x0,
    0xe, 0xff, 0x10, 0xd, 0xff, 0x40, 0x0, 0x0,
    0x0, 0x0, 0x5f, 0xfc, 0x0, 0x8, 0xff, 0x90,
    0x0, 0x0, 0x0, 0x0, 0xaf, 0xf7, 0x0, 0x2,
    0xff, 0xf0, 0x0, 0x0, 0x0, 0x0, 0xff, 0xf2,
    0x0, 0x0, 0xdf, 0xf5, 0x0, 0x0, 0x0, 0x6,
    0xff, 0xc0, 0x0, 0x0, 0x8f, 0xfa, 0x0, 0x0,
    0x0, 0xc, 0xff, 0xeb, 0xbb, 0xbb, 0xcf, 0xff,
    0x10, 0x0, 0x0, 0x1f, 0xff, 0xff, 0xff, 0xff,
    0xff, 0xff, 0x60, 0x0, 0x0, 0x7f, 0xff, 0xff,
    0xff, 0xff, 0xff, 0xff, 0xc0, 0x0, 0x0, 0xdf,
    0xf6, 0x0, 0x0, 0x0, 0x2, 0xff, 0xf1, 0x0,
    0x2, 0xff, 0xf1, 0x0, 0x0, 0x0, 0x0, 0xcf,
    0xf7, 0x0, 0x8, 0xff, 0xa0, 0x0, 0x0, 0x0,
    0x0, 0x6f, 0xfd, 0x0, 0xe, 0xff, 0x50, 0x0,
    0x0, 0x0, 0x0, 0x1f, 0xff, 0x30, 0x4f, 0xfe,
    0x0, 0x0, 0x0, 0x0, 0x0, 0xa, 0xff, 0xa0,
    0x0, 0x0, 0x0, 0x0, 0x0, 0x0, 0x0, 0x1,
    0xff, 0x50, 0x0, 0x0, 0x0, 0x0, 0x0, 0x0,
    0x0, 0xb, 0xfa, 0x0, 0x0, 0x0, 0x0, 0x0,
    0x0, 0x0, 0x0, 0x4f, 0xf1, 0x0, 0x0, 0x0,
    0x0, 0x0, 0x0, 0x0, 0x0, 0x9f, 0xf2, 0x30,
    0x0, 0x0, 0x0, 0x0, 0x0, 0x0, 0x0, 0x8f,
    0xff, 0xf6, 0x0, 0x0, 0x0, 0x0, 0x0, 0x0,
    0x0, 0xa, 0xef, 0xc5,

    /* U+0105 "ą" */
    0x0, 0x4, 0xae, 0xff, 0xd9, 0x20, 0x0, 0x0,
    0x0, 0xaf, 0xff, 0xff, 0xff, 0xf5, 0x0, 0x0,
    0x9, 0xff, 0xfb, 0x89, 0xdf, 0xff, 0x20, 0x0,
    0x2f, 0xff, 0x30, 0x0, 0xa, 0xff, 0x90, 0x0,
    0x6d, 0xd8, 0x0, 0x0, 0x2, 0xff, 0xe0, 0x0,
    0x0, 0x0, 0x0, 0x0, 0x0, 0xff, 0xf0, 0x0,
    0x0, 0x0, 0x14, 0x7a, 0xdf, 0xff, 0xf0, 0x0,
    0x0, 0x7d, 0xff, 0xff, 0xff, 0xff, 0xf0, 0x0,
    0xc, 0xff, 0xfe, 0xa8, 0x52, 0xff, 0xf0, 0x0,
    0x8f, 0xfd, 0x30, 0x0, 0x0, 0xff, 0xf0, 0x0,
    0xcf, 0xf5, 0x0, 0x0, 0x4, 0xff, 0xf0, 0x0,
    0xcf, 0xf6, 0x0, 0x0, 0x2e, 0xff, 0xf0, 0x0,
    0x8f, 0xff, 0x85, 0x69, 0xff, 0xff, 0xf8, 0x20,
    0x1d, 0xff, 0xff, 0xff, 0xf8, 0x7f, 0xff, 0x50,
    0x0, 0x7c, 0xff, 0xea, 0x30, 0xa, 0xff, 0x50,
    0x0, 0x0, 0x0, 0x0, 0x0, 0xa, 0xfc, 0x0,
    0x0, 0x0, 0x0, 0x0, 0x0, 0x5f, 0xe1, 0x0,
    0x0, 0x0, 0x0, 0x0, 0x0, 0xef, 0xa0, 0x20,
    0x0, 0x0, 0x0, 0x0, 0x0, 0xff, 0xff, 0xf0,
    0x0, 0x0, 0x0, 0x0, 0x0, 0x5e, 0xff, 0xc2,
    0x0, 0x0, 0x0, 0x0, 0x0, 0x0, 0x0, 0x0,

    /* U+0106 "Ć" */
    0x0, 0x0, 0x0, 0x0, 0x4, 0xbb, 0x60, 0x0,
    0x0, 0x0, 0x0, 0x0, 0x0, 0xd, 0xfe, 0x10,
    0x0, 0x0, 0x0, 0x0, 0x0, 0x0, 0x5f, 0xf5,
    0x0, 0x0, 0x0, 0x0, 0x0, 0x0, 0x0, 0xcf,
    0xa0, 0x0, 0x0, 0x0, 0x0, 0x0, 0x0, 0x0,
    0x0, 0x0, 0x0, 0x0, 0x0, 0x0, 0x0, 0x0,
    0x0, 0x0, 0x0, 0x0, 0x0, 0x0, 0x0, 0x0,
    0x3, 0x9d, 0xff, 0xec, 0x82, 0x0, 0x0, 0x0,
    0x1, 0xbf, 0xff, 0xff, 0xff, 0xff, 0x90, 0x0,
    0x0, 0x2e, 0xff, 0xff, 0xdc, 0xdf, 0xff, 0xfb,
    0x0, 0x0, 0xdf, 0xff, 0x71, 0x0, 0x1, 0x9f,
    0xff, 0x70, 0x8, 0xff, 0xf4, 0x0, 0x0, 0x0,
    0x9, 0xff, 0xe0, 0xe, 0xff, 0x70, 0x0, 0x0,
    0x0, 0x0, 0xef, 0xf5, 0x4f, 0xff, 0x0, 0x0,
    0x0, 0x0, 0x0, 0x7d, 0xd8, 0x8f, 0xfa, 0x0,
    0x0, 0x0, 0x0, 0x0, 0x0, 0x0, 0xaf, 0xf8,
    0x0, 0x0, 0x0, 0x0, 0x0, 0x0, 0x0, 0xbf,
    0xf6, 0x0, 0x0, 0x0, 0x0, 0x0, 0x0, 0x0,
    0xbf, 0xf6, 0x0, 0x0, 0x0, 0x0, 0x0, 0x0,
    0x0, 0xaf, 0xf8, 0x0, 0x0, 0x0, 0x0, 0x0,
    0x0, 0x0, 0x8f, 0xfa, 0x0, 0x0, 0x0, 0x0,
    0x0, 0x13, 0x32, 0x5f, 0xff, 0x0, 0x0, 0x0,
    0x0, 0x0, 0x8f, 0xfa, 0xf, 0xff, 0x70, 0x0,
    0x0, 0x0, 0x0, 0xdf, 0xf6, 0x8, 0xff, 0xf3,
    0x0, 0x0, 0x0, 0x8, 0xff, 0xe1, 0x0, 0xdf,
    0xff, 0x70, 0x0, 0x1, 0x8f, 0xff, 0x70, 0x0,
    0x2e, 0xff, 0xff, 0xdb, 0xdf, 0xff, 0xfa, 0x0,
    0x0, 0x1, 0xbf, 0xff, 0xff, 0xff, 0xff, 0x70,
    0x0, 0x0, 0x0, 0x4, 0x9d, 0xff, 0xec, 0x72,
    0x0, 0x0,

    /* U+0107 "ć" */
    0x0, 0x0, 0x0, 0x5, 0xbb, 0x50, 0x0, 0x0,
    0x0, 0x0, 0xd, 0xfe, 0x10, 0x0, 0x0, 0x0,
    0x0, 0x5f, 0xf4, 0x0, 0x0, 0x0, 0x0, 0x0,
    0xdf, 0x90, 0x0, 0x0, 0x0, 0x0, 0x0, 0x0,
    0x0, 0x0, 0x0, 0x0, 0x0, 0x0, 0x0, 0x0,
    0x0, 0x0, 0x0, 0x1, 0x7c, 0xef, 0xea, 0x50,
    0x0, 0x0, 0x4e, 0xff, 0xff, 0xff, 0xfb, 0x0,
    0x3, 0xff, 0xfe, 0x99, 0xbf, 0xff, 0xc0, 0xe,
    0xff, 0xa0, 0x0, 0x3, 0xff, 0xf5, 0x4f, 0xfe,
    0x0, 0x0, 0x0, 0x8f, 0xfa, 0x9f, 0xf8, 0x0,
    0x0, 0x0, 0x15, 0x54, 0xbf, 0xf5, 0x0, 0x0,
    0x0, 0x0, 0x0, 0xcf, 0xf4, 0x0, 0x0, 0x0,
    0x0, 0x0, 0xbf, 0xf5, 0x0, 0x0, 0x0, 0x0,
    0x0, 0x9f, 0xf8, 0x0, 0x0, 0x0, 0x28, 0x86,
    0x4f, 0xfd, 0x0, 0x0, 0x0, 0x8f, 0xf9, 0xe,
    0xff, 0xa0, 0x0, 0x4, 0xff, 0xf3, 0x4, 0xff,
    0xfe, 0x99, 0xcf, 0xff, 0x90, 0x0, 0x4f, 0xff,
    0xff, 0xff, 0xfa, 0x0, 0x0, 0x1, 0x7c, 0xef,
    0xda, 0x40, 0x0,

    /* U+0108 "Ĉ" */
    0x0, 0x0, 0x0, 0x3, 0x88, 0x70, 0x0, 0x0,
    0x0, 0x0, 0x0, 0x0, 0x1e, 0xff, 0xf8, 0x0,
    0x0, 0x0, 0x0, 0x0, 0x0, 0xbf, 0xb3, 0xff,
    0x40, 0x0, 0x0, 0x0, 0x0, 0x7, 0xfc, 0x0,
    0x4f, 0xe1, 0x0, 0x0, 0x0, 0x0, 0x0, 0x0,
    0x0, 0x0, 0x0, 0x0, 0x0, 0x0, 0x0, 0x0,
    0x0, 0x0, 0x0, 0x0, 0x0, 0x0, 0x0, 0x0,
    0x3, 0x9d, 0xff, 0xec, 0x82, 0x0, 0x0, 0x0,
    0x1, 0xbf, 0xff, 0xff, 0xff, 0xff, 0x90, 0x0,
    0x0, 0x2e, 0xff, 0xff, 0xdc, 0xdf, 0xff, 0xfb,
    0x0, 0x0, 0xdf, 0xff, 0x71, 0x0, 0x1, 0x9f,
    0xff, 0x70, 0x8, 0xff, 0xf4, 0x0, 0x0, 0x0,
    0x9, 0xff, 0xe0, 0xe, 0xff, 0x70, 0x0, 0x0,
    0x0, 0x0, 0xef, 0xf5, 0x4f, 0xff, 0x0, 0x0,
    0x0, 0x0, 0x0, 0x7d, 0xd8, 0x8f, 0xfa, 0x0,
    0x0, 0x0, 0x0, 0x0, 0x0, 0x0, 0xaf, 0xf8,
    0x0, 0x0, 0x0, 0x0, 0x0, 0x0, 0x0, 0xbf,
    0xf6, 0x0, 0x0, 0x0, 0x0, 0x0, 0x0, 0x0,
    0xbf, 0xf6, 0x0, 0x0, 0x0, 0x0, 0x0, 0x0,
    0x0, 0xaf, 0xf8, 0x0, 0x0, 0x0, 0x0, 0x0,
    0x0, 0x0, 0x8f, 0xfa, 0x0, 0x0, 0x0, 0x0,
    0x0, 0x13, 0x32, 0x5f, 0xff, 0x0, 0x0, 0x0,
    0x0, 0x0, 0x8f, 0xfa, 0xf, 0xff, 0x70, 0x0,
    0x0, 0x0, 0x0, 0xdf, 0xf6, 0x8, 0xff, 0xf3,
    0x0, 0x0, 0x0, 0x8, 0xff, 0xe1, 0x0, 0xdf,
    0xff, 0x70, 0x0, 0x1, 0x8f, 0xff, 0x70, 0x0,
    0x2e, 0xff, 0xff, 0xdb, 0xdf, 0xff, 0xfa, 0x0,
    0x0, 0x1, 0xbf, 0xff, 0xff, 0xff, 0xff, 0x70,
    0x0, 0x0, 0x0, 0x4, 0x9d, 0xff, 0xec, 0x72,
    0x0, 0x0,

    /* U+0109 "ĉ" */
    0x0, 0x0, 0x3, 0x88, 0x70, 0x0, 0x0, 0x0,
    0x0, 0x1e, 0xfe, 0xf7, 0x0, 0x0, 0x0, 0x0,
    0xaf, 0x82, 0xff, 0x20, 0x0, 0x0, 0x5, 0xfd,
    0x0, 0x7f, 0xc0, 0x0, 0x0, 0x3, 0x52, 0x0,
    0x4, 0x51, 0x0, 0x0, 0x0, 0x0, 0x0, 0x0,
    0x0, 0x0, 0x0, 0x1, 0x7c, 0xef, 0xea, 0x50,
    0x0, 0x0, 0x4e, 0xff, 0xff, 0xff, 0xfb, 0x0,
    0x3, 0xff, 0xfe, 0x99, 0xbf, 0xff, 0xc0, 0xe,
    0xff, 0xa0, 0x0, 0x3, 0xff, 0xf5, 0x4f, 0xfe,
    0x0, 0x0, 0x0, 0x8f, 0xfa, 0x9f, 0xf8, 0x0,
    0x0, 0x0, 0x15, 0x54, 0xbf, 0xf5, 0x0, 0x0,
    0x0, 0x0, 0x0, 0xcf, 0xf4, 0x0, 0x0, 0x0,
    0x0, 0x0, 0xbf, 0xf5, 0x0, 0x0, 0x0, 0x0,
    0x0, 0x9f, 0xf8, 0x0, 0x0, 0x0, 0x28, 0x86,
    0x4f, 0xfd, 0x0, 0x0, 0x0, 0x8f, 0xf9, 0xe,
    0xff, 0xa0, 0x0, 0x4, 0xff, 0xf3, 0x4, 0xff,
    0xfe, 0x99, 0xcf, 0xff, 0x90, 0x0, 0x4f, 0xff,
    0xff, 0xff, 0xfa, 0x0, 0x0, 0x1, 0x7c, 0xef,
    0xda, 0x40, 0x0,

    /* U+010A "Ċ" */
    0x0, 0x0, 0x0, 0x4, 0xff, 0xd0, 0x0, 0x0,
    0x0, 0x0, 0x0, 0x0, 0x4, 0xff, 0xd0, 0x0,
    0x0, 0x0, 0x0, 0x0, 0x0, 0x3, 0xee, 0xb0,
    0x0, 0x0, 0x0, 0x0, 0x0, 0x0, 0x0, 0x0,
    0x0, 0x0, 0x0, 0x0, 0x0, 0x0, 0x0, 0x0,
    0x0, 0x0, 0x0, 0x0, 0x0, 0x0, 0x0, 0x3,
    0x9d, 0xff, 0xec, 0x82, 0x0, 0x0, 0x0, 0x1,
    0xbf, 0xff, 0xff, 0xff, 0xff, 0x90, 0x0, 0x0,
    0x2e, 0xff, 0xff, 0xdc, 0xdf, 0xff, 0xfb, 0x0,
    0x0, 0xdf, 0xff, 0x71, 0x0, 0x1, 0x9f, 0xff,
    0x70, 0x8, 0xff, 0xf4, 0x0, 0x0, 0x0, 0x9,
    0xff, 0xe0, 0xe, 0xff, 0x70, 0x0, 0x0, 0x0,
    0x0, 0xef, 0xf5, 0x4f, 0xff, 0x0, 0x0, 0x0,
    0x0, 0x0, 0x7d, 0xd8, 0x8f, 0xfa, 0x0, 0x0,
    0x0, 0x0, 0x0, 0x0, 0x0, 0xaf, 0xf8, 0x0,
    0x0, 0x0, 0x0, 0x0, 0x0, 0x0, 0xbf, 0xf6,
    0x0, 0x0, 0x0, 0x0, 0x0, 0x0, 0x0, 0xbf,
    0xf6, 0x0, 0x0, 0x0, 0x0, 0x0, 0x0, 0x0,
    0xaf, 0xf8, 0x0, 0x0, 0x0, 0x0, 0x0, 0x0,
    0x0, 0x8f, 0xfa, 0x0, 0x0, 0x0, 0x0, 0x0,
    0x13, 0x32, 0x5f, 0xff, 0x0, 0x0, 0x0, 0x0,
    0x0, 0x8f, 0xfa, 0xf, 0xff, 0x70, 0x0, 0x0,
    0x0, 0x0, 0xdf, 0xf6, 0x8, 0xff, 0xf3, 0x0,
    0x0, 0x0, 0x8, 0xff, 0xe1, 0x0, 0xdf, 0xff,
    0x70, 0x0, 0x1, 0x8f, 0xff, 0x70, 0x0, 0x2e,
    0xff, 0xff, 0xdb, 0xdf, 0xff, 0xfa, 0x0, 0x0,
    0x1, 0xbf, 0xff, 0xff, 0xff, 0xff, 0x70, 0x0,
    0x0, 0x0, 0x4, 0x9d, 0xff, 0xec, 0x72, 0x0,
    0x0,

    /* U+010B "ċ" */
    0x0, 0x0, 0x4, 0xff, 0xc0, 0x0, 0x0, 0x0,
    0x0, 0x4, 0xff, 0xc0, 0x0, 0x0, 0x0, 0x0,
    0x4, 0xee, 0xb0, 0x0, 0x0, 0x0, 0x0, 0x0,
    0x0, 0x0, 0x0, 0x0, 0x0, 0x0, 0x0, 0x0,
    0x0, 0x0, 0x0, 0x0, 0x1, 0x7c, 0xef, 0xea,
    0x50, 0x0, 0x0, 0x4e, 0xff, 0xff, 0xff, 0xfb,
    0x0, 0x3, 0xff, 0xfe, 0x99, 0xbf, 0xff, 0xc0,
    0xe, 0xff, 0xa0, 0x0, 0x3, 0xff, 0xf5, 0x4f,
    0xfe, 0x0, 0x0, 0x0, 0x8f, 0xfa, 0x9f, 0xf8,
    0x0, 0x0, 0x0, 0x15, 0x54, 0xbf, 0xf5, 0x0,
    0x0, 0x0, 0x0, 0x0, 0xcf, 0xf4, 0x0, 0x0,
    0x0, 0x0, 0x0, 0xbf, 0xf5, 0x0, 0x0, 0x0,
    0x0, 0x0, 0x9f, 0xf8, 0x0, 0x0, 0x0, 0x28,
    0x86, 0x4f, 0xfd, 0x0, 0x0, 0x0, 0x8f, 0xf9,
    0xe, 0xff, 0xa0, 0x0, 0x4, 0xff, 0xf3, 0x4,
    0xff, 0xfe, 0x99, 0xcf, 0xff, 0x90, 0x0, 0x4f,
    0xff, 0xff, 0xff, 0xfa, 0x0, 0x0, 0x1, 0x7c,
    0xef, 0xda, 0x40, 0x0,

    /* U+010C "Č" */
    0x0, 0x0, 0x5, 0x85, 0x0, 0x7, 0x81, 0x0,
    0x0, 0x0, 0x0, 0x2, 0xff, 0x40, 0xbf, 0xa0,
    0x0, 0x0, 0x0, 0x0, 0x0, 0x5f, 0xfc, 0xfd,
    0x0, 0x0, 0x0, 0x0, 0x0, 0x0, 0xa, 0xff,
    0xf3, 0x0, 0x0, 0x0, 0x0, 0x0, 0x0, 0x0,
    0x0, 0x0, 0x0, 0x0, 0x0, 0x0, 0x0, 0x0,
    0x0, 0x0, 0x0, 0x0, 0x0, 0x0, 0x0, 0x0,
    0x3, 0x9d, 0xff, 0xec, 0x82, 0x0, 0x0, 0x0,
    0x1, 0xbf, 0xff, 0xff, 0xff, 0xff, 0x90, 0x0,
    0x0, 0x2e, 0xff, 0xff, 0xdc, 0xdf, 0xff, 0xfb,
    0x0, 0x0, 0xdf, 0xff, 0x71, 0x0, 0x1, 0x9f,
    0xff, 0x70, 0x8, 0xff, 0xf4, 0x0, 0x0, 0x0,
    0x9, 0xff, 0xe0, 0xe, 0xff, 0x70, 0x0, 0x0,
    0x0, 0x0, 0xef, 0xf5, 0x4f, 0xff, 0x0, 0x0,
    0x0, 0x0, 0x0, 0x7d, 0xd8, 0x8f, 0xfa, 0x0,
    0x0, 0x0, 0x0, 0x0, 0x0, 0x0, 0xaf, 0xf8,
    0x0, 0x0, 0x0, 0x0, 0x0, 0x0, 0x0, 0xbf,
    0xf6, 0x0, 0x0, 0x0, 0x0, 0x0, 0x0, 0x0,
    0xbf, 0xf6, 0x0, 0x0, 0x0, 0x0, 0x0, 0x0,
    0x0, 0xaf, 0xf8, 0x0, 0x0, 0x0, 0x0, 0x0,
    0x0, 0x0, 0x8f, 0xfa, 0x0, 0x0, 0x0, 0x0,
    0x0, 0x13, 0x32, 0x5f, 0xff, 0x0, 0x0, 0x0,
    0x0, 0x0, 0x8f, 0xfa, 0xf, 0xff, 0x70, 0x0,
    0x0, 0x0, 0x0, 0xdf, 0xf6, 0x8, 0xff, 0xf3,
    0x0, 0x0, 0x0, 0x8, 0xff, 0xe1, 0x0, 0xdf,
    0xff, 0x70, 0x0, 0x1, 0x8f, 0xff, 0x70, 0x0,
    0x2e, 0xff, 0xff, 0xdb, 0xdf, 0xff, 0xfa, 0x0,
    0x0, 0x1, 0xbf, 0xff, 0xff, 0xff, 0xff, 0x70,
    0x0, 0x0, 0x0, 0x4, 0x9d, 0xff, 0xec, 0x72,
    0x0, 0x0,

    /* U+010D "č" */
    0x0, 0x7, 0xa6, 0x0, 0x1a, 0xa1, 0x0, 0x0,
    0x2, 0xff, 0x30, 0xbf, 0x90, 0x0, 0x0, 0x0,
    0x8f, 0xd7, 0xfe, 0x10, 0x0, 0x0, 0x0, 0xd,
    0xff, 0xf5, 0x0, 0x0, 0x0, 0x0, 0x3, 0x77,
    0x60, 0x0, 0x0, 0x0, 0x0, 0x0, 0x0, 0x0,
    0x0, 0x0, 0x0, 0x1, 0x7c, 0xef, 0xea, 0x50,
    0x0, 0x0, 0x4e, 0xff, 0xff, 0xff, 0xfc, 0x10,
    0x3, 0xff, 0xfe, 0x99, 0xbf, 0xff, 0xd0, 0xe,
    0xff, 0xa0, 0x0, 0x2, 0xef, 0xf6, 0x4f, 0xfe,
    0x0, 0x0, 0x0, 0x6f, 0xfc, 0x9f, 0xf8, 0x0,
    0x0, 0x0, 0x0, 0x0, 0xbf, 0xf5, 0x0, 0x0,
    0x0, 0x0, 0x0, 0xcf, 0xf4, 0x0, 0x0, 0x0,
    0x0, 0x0, 0xbf, 0xf5, 0x0, 0x0, 0x0, 0x0,
    0x0, 0x9f, 0xf8, 0x0, 0x0, 0x0, 0x3a, 0xa8,
    0x4f, 0xfd, 0x0, 0x0, 0x0, 0x9f, 0xf9, 0xe,
    0xff, 0xa0, 0x0, 0x4, 0xff, 0xf3, 0x4, 0xff,
    0xfe, 0x99, 0xcf, 0xff, 0x90, 0x0, 0x4f, 0xff,
    0xff, 0xff, 0xf9, 0x0, 0x0, 0x1, 0x7c, 0xef,
    0xda, 0x30, 0x0,

    /* U+010E "Ď" */
    0x0, 0xa, 0xfa, 0x0, 0x8f, 0xc0, 0x0, 0x0,
    0x0, 0x0, 0x1e, 0xf8, 0x5f, 0xf2, 0x0, 0x0,
    0x0, 0x0, 0x0, 0x3f, 0xff, 0xf5, 0x0, 0x0,
    0x0, 0x0, 0x0, 0x0, 0x58, 0x86, 0x0, 0x0,
    0x0, 0x0, 0x0, 0x0, 0x0, 0x0, 0x0, 0x0,
    0x0, 0x0, 0x9, 0xff, 0xff, 0xff, 0xfd, 0xb7,
    0x10, 0x0, 0x0, 0x9f, 0xff, 0xff, 0xff, 0xff,
    0xff, 0x80, 0x0, 0x9, 0xff, 0xdb, 0xbb, 0xce,
    0xff, 0xff, 0xc0, 0x0, 0x9f, 0xf7, 0x0, 0x0,
    0x2, 0x9f, 0xff, 0xa0, 0x9, 0xff, 0x70, 0x0,
    0x0, 0x0, 0x5f, 0xff, 0x40, 0x9f, 0xf7, 0x0,
    0x0, 0x0, 0x0, 0xaf, 0xfc, 0x9, 0xff, 0x70,
    0x0, 0x0, 0x0, 0x2, 0xff, 0xf1, 0x9f, 0xf7,
    0x0, 0x0, 0x0, 0x0, 0xe, 0xff, 0x49, 0xff,
    0x70, 0x0, 0x0, 0x0, 0x0, 0xbf, 0xf6, 0x9f,
    0xf7, 0x0, 0x0, 0x0, 0x0, 0xa, 0xff, 0x79,
    0xff, 0x70, 0x0, 0x0, 0x0, 0x0, 0xaf, 0xf7,
    0x9f, 0xf7, 0x0, 0x0, 0x0, 0x0, 0xb, 0xff,
    0x69, 0xff, 0x70, 0x0, 0x0, 0x0, 0x0, 0xef,
    0xf4, 0x9f, 0xf7, 0x0, 0x0, 0x0, 0x0, 0x2f,
    0xff, 0x19, 0xff, 0x70, 0x0, 0x0, 0x0, 0x9,
    0xff, 0xc0, 0x9f, 0xf7, 0x0, 0x0, 0x0, 0x5,
    0xff, 0xf5, 0x9, 0xff, 0x70, 0x0, 0x0, 0x29,
    0xff, 0xfb, 0x0, 0x9f, 0xfd, 0xbb, 0xbc, 0xef,
    0xff, 0xfc, 0x10, 0x9, 0xff, 0xff, 0xff, 0xff,
    0xff, 0xf9, 0x0, 0x0, 0x9f, 0xff, 0xff, 0xff,
    0xeb, 0x72, 0x0, 0x0, 0x0,

    /* U+010F "ď" */
    0x0, 0x0, 0x0, 0x0, 0x0, 0xf, 0xfe, 0x0,
    0xef, 0xd0, 0x0, 0x0, 0x0, 0x0, 0x0, 0xff,
    0xe0, 0xf, 0xf9, 0x0, 0x0, 0x0, 0x0, 0x0,
    0xf, 0xfe, 0x2, 0xff, 0x60, 0x0, 0x0, 0x0,
    0x0, 0x0, 0xff, 0xe0, 0x3f, 0xf3, 0x0, 0x0,
    0x0, 0x0, 0x0, 0xf, 0xfe, 0x5, 0xff, 0x0,
    0x0, 0x4b, 0xef, 0xea, 0x40, 0xff, 0xe0, 0x7f,
    0xc0, 0x0, 0x8f, 0xff, 0xff, 0xff, 0x8f, 0xfe,
    0x9, 0xf9, 0x0, 0x7f, 0xff, 0x83, 0x26, 0xef,
    0xff, 0xe0, 0x11, 0x0, 0x1f, 0xff, 0x50, 0x0,
    0x1, 0xff, 0xfe, 0x0, 0x0, 0x6, 0xff, 0xc0,
    0x0, 0x0, 0x8, 0xff, 0xe0, 0x0, 0x0, 0xaf,
    0xf7, 0x0, 0x0, 0x0, 0x3f, 0xfe, 0x0, 0x0,
    0xb, 0xff, 0x40, 0x0, 0x0, 0x1, 0xff, 0xe0,
    0x0, 0x0, 0xcf, 0xf4, 0x0, 0x0, 0x0, 0x1f,
    0xfe, 0x0, 0x0, 0xb, 0xff, 0x50, 0x0, 0x0,
    0x2, 0xff, 0xe0, 0x0, 0x0, 0xaf, 0xf8, 0x0,
    0x0, 0x0, 0x5f, 0xfe, 0x0, 0x0, 0x6, 0xff,
    0xe0, 0x0, 0x0, 0xb, 0xff, 0xe0, 0x0, 0x0,
    0x1f, 0xff, 0xb0, 0x0, 0x7, 0xff, 0xfe, 0x0,
    0x0, 0x0, 0x7f, 0xff, 0xe9, 0x9c, 0xfe, 0xff,
    0xe0, 0x0, 0x0, 0x0, 0x9f, 0xff, 0xff, 0xff,
    0x4e, 0xfe, 0x0, 0x0, 0x0, 0x0, 0x4b, 0xef,
    0xd9, 0x20, 0xdf, 0xe0, 0x0, 0x0,

    /* U+0110 "Đ" */
    0x0, 0x9f, 0xff, 0xff, 0xff, 0xdb, 0x71, 0x0,
    0x0, 0x0, 0x9, 0xff, 0xff, 0xff, 0xff, 0xff,
    0xf8, 0x0, 0x0, 0x0, 0x9f, 0xfd, 0xbb, 0xbc,
    0xef, 0xff, 0xfc, 0x0, 0x0, 0x9, 0xff, 0x70,
    0x0, 0x0, 0x29, 0xff, 0xfa, 0x0, 0x0, 0x9f,
    0xf7, 0x0, 0x0, 0x0, 0x5, 0xff, 0xf4, 0x0,
    0x9, 0xff, 0x70, 0x0, 0x0, 0x0, 0xa, 0xff,
    0xc0, 0x0, 0x9f, 0xf7, 0x0, 0x0, 0x0, 0x0,
    0x2f, 0xff, 0x10, 0x9, 0xff, 0x70, 0x0, 0x0,
    0x0, 0x0, 0xef, 0xf4, 0x0, 0x9f, 0xf7, 0x0,
    0x0, 0x0, 0x0, 0xb, 0xff, 0x68, 0xff, 0xff,
    0xff, 0xff, 0xfe, 0x0, 0x0, 0xaf, 0xf7, 0x8f,
    0xff, 0xff, 0xff, 0xff, 0xe0, 0x0, 0xa, 0xff,
    0x74, 0x7f, 0xff, 0xe7, 0x77, 0x77, 0x0, 0x0,
    0xbf, 0xf6, 0x0, 0x9f, 0xf7, 0x0, 0x0, 0x0,
    0x0, 0xe, 0xff, 0x40, 0x9, 0xff, 0x70, 0x0,
    0x0, 0x0, 0x2, 0xff, 0xf1, 0x0, 0x9f, 0xf7,
    0x0, 0x0, 0x0, 0x0, 0x9f, 0xfc, 0x0, 0x9,
    0xff, 0x70, 0x0, 0x0, 0x0, 0x5f, 0xff, 0x50,
    0x0, 0x9f, 0xf7, 0x0, 0x0, 0x2, 0x9f, 0xff,
    0xb0, 0x0, 0x9, 0xff, 0xdb, 0xbb, 0xce, 0xff,
    0xff, 0xc1, 0x0, 0x0, 0x9f, 0xff, 0xff, 0xff,
    0xff, 0xff, 0x90, 0x0, 0x0, 0x9, 0xff, 0xff,
    0xff, 0xfe, 0xb7, 0x20, 0x0, 0x0,

    /* U+0111 "đ" */
    0x0, 0x0, 0x0, 0x0, 0x0, 0xf, 0xfe, 0x0,
    0x0, 0x0, 0x0, 0x1, 0x11, 0x2f, 0xff, 0x10,
    0x0, 0x0, 0x0, 0x1f, 0xff, 0xff, 0xff, 0xfc,
    0x0, 0x0, 0x0, 0x1f, 0xff, 0xff, 0xff, 0xfc,
    0x0, 0x0, 0x0, 0x0, 0x0, 0xf, 0xfe, 0x0,
    0x0, 0x4, 0xbe, 0xfe, 0x92, 0xf, 0xfe, 0x0,
    0x0, 0x8f, 0xff, 0xff, 0xff, 0x5f, 0xfe, 0x0,
    0x7, 0xff, 0xfe, 0x99, 0xcf, 0xff, 0xfe, 0x0,
    0x1f, 0xff, 0xa0, 0x0, 0x6, 0xff, 0xfe, 0x0,
    0x6f, 0xfe, 0x0, 0x0, 0x0, 0xaf, 0xfe, 0x0,
    0xaf, 0xf8, 0x0, 0x0, 0x0, 0x4f, 0xfe, 0x0,
    0xbf, 0xf5, 0x0, 0x0, 0x0, 0x1f, 0xfe, 0x0,
    0xcf, 0xf4, 0x0, 0x0, 0x0, 0x1f, 0xfe, 0x0,
    0xbf, 0xf5, 0x0, 0x0, 0x0, 0x2f, 0xfe, 0x0,
    0xaf, 0xf8, 0x0, 0x0, 0x0, 0x5f, 0xfe, 0x0,
    0x6f, 0xfe, 0x0, 0x0, 0x0, 0xaf, 0xfe, 0x0,
    0x1f, 0xff, 0xa0, 0x0, 0x6, 0xff, 0xfe, 0x0,
    0x7, 0xff, 0xfe, 0x99, 0xcf, 0xef, 0xfe, 0x0,
    0x0, 0x9f, 0xff, 0xff, 0xff, 0x4e, 0xfe, 0x0,
    0x0, 0x4, 0xbe, 0xfd, 0x92, 0xd, 0xfe, 0x0,

    /* U+0112 "Ē" */
    0x0, 0x5, 0x55, 0x55, 0x55, 0x40, 0x0, 0x0,
    0xf, 0xff, 0xff, 0xff, 0xd0, 0x0, 0x0, 0xf,
    0xff, 0xff, 0xff, 0xd0, 0x0, 0x0, 0x0, 0x0,
    0x0, 0x0, 0x0, 0x0, 0x0, 0x0, 0x0, 0x0,
    0x0, 0x0, 0x0, 0x9f, 0xff, 0xff, 0xff, 0xff,
    0xff, 0xf5, 0x9f, 0xff, 0xff, 0xff, 0xff, 0xff,
    0xf5, 0x9f, 0xfd, 0xbb, 0xbb, 0xbb, 0xbb, 0xb4,
    0x9f, 0xf7, 0x0, 0x0, 0x0, 0x0, 0x0, 0x9f,
    0xf7, 0x0, 0x0, 0x0, 0x0, 0x0, 0x9f, 0xf7,
    0x0, 0x0, 0x0, 0x0, 0x0, 0x9f, 0xf7, 0x0,
    0x0, 0x0, 0x0, 0x0, 0x9f, 0xf7, 0x0, 0x0,
    0x0, 0x0, 0x0, 0x9f, 0xf7, 0x0, 0x0, 0x0,
    0x0, 0x0, 0x9f, 0xff, 0xff, 0xff, 0xff, 0xff,
    0xf0, 0x9f, 0xff, 0xff, 0xff, 0xff, 0xff, 0xf0,
    0x9f, 0xfc, 0xaa, 0xaa, 0xaa, 0xaa, 0xa0, 0x9f,
    0xf7, 0x0, 0x0, 0x0, 0x0, 0x0, 0x9f, 0xf7,
    0x0, 0x0, 0x0, 0x0, 0x0, 0x9f, 0xf7, 0x0,
    0x0, 0x0, 0x0, 0x0, 0x9f, 0xf7, 0x0, 0x0,
    0x0, 0x0, 0x0, 0x9f, 0xf7, 0x0, 0x0, 0x0,
    0x0, 0x0, 0x9f, 0xfd, 0xbb, 0xbb, 0xbb, 0xbb,
    0xb6, 0x9f, 0xff, 0xff, 0xff, 0xff, 0xff, 0xf9,
    0x9f, 0xff, 0xff, 0xff, 0xff, 0xff, 0xf9,

    /* U+0113 "ē" */
    0x0, 0xa, 0xff, 0xff, 0xff, 0xf2, 0x0, 0x0,
    0xa, 0xff, 0xff, 0xff, 0xf2, 0x0, 0x0, 0x3,
    0x55, 0x55, 0x55, 0x50, 0x0, 0x0, 0x0, 0x0,
    0x0, 0x0, 0x0, 0x0, 0x0, 0x0, 0x0, 0x0,
    0x0, 0x0, 0x0, 0x0, 0x1, 0x7c, 0xef, 0xd9,
    0x20, 0x0, 0x0, 0x4f, 0xff, 0xff, 0xff, 0xf7,
    0x0, 0x4, 0xff, 0xfd, 0x98, 0xbf, 0xff, 0x60,
    0xe, 0xff, 0x80, 0x0, 0x4, 0xff, 0xf1, 0x4f,
    0xfc, 0x0, 0x0, 0x0, 0x9f, 0xf7, 0x9f, 0xf6,
    0x0, 0x0, 0x0, 0x4f, 0xfb, 0xbf, 0xff, 0xff,
    0xff, 0xff, 0xff, 0xfd, 0xcf, 0xff, 0xff, 0xff,
    0xff, 0xff, 0xff, 0xbf, 0xf7, 0x33, 0x33, 0x33,
    0x33, 0x33, 0x9f, 0xf7, 0x0, 0x0, 0x0, 0x0,
    0x0, 0x4f, 0xfc, 0x0, 0x0, 0x0, 0x5a, 0xa6,
    0xe, 0xff, 0x80, 0x0, 0x3, 0xef, 0xf4, 0x4,
    0xff, 0xfd, 0x98, 0xbf, 0xff, 0xa0, 0x0, 0x5f,
    0xff, 0xff, 0xff, 0xfa, 0x0, 0x0, 0x1, 0x8c,
    0xef, 0xea, 0x40, 0x0,

    /* U+0114 "Ĕ" */
    0x0, 0x3, 0x82, 0x0, 0x1, 0x84, 0x0, 0x0,
    0x0, 0x4, 0xfb, 0x0, 0x9, 0xf6, 0x0, 0x0,
    0x0, 0x0, 0xbf, 0xeb, 0xdf, 0xd0, 0x0, 0x0,
    0x0, 0x0, 0x7, 0xdf, 0xd8, 0x0, 0x0, 0x0,
    0x0, 0x0, 0x0, 0x0, 0x0, 0x0, 0x0, 0x0,
    0x0, 0x0, 0x0, 0x0, 0x0, 0x0, 0x0, 0x0,
    0xcf, 0xff, 0xff, 0xff, 0xff, 0xff, 0xff, 0xb0,
    0xcf, 0xff, 0xff, 0xff, 0xff, 0xff, 0xff, 0xb0,
    0xcf, 0xe6, 0x66, 0x66, 0x66, 0x66, 0x66, 0x40,
    0xcf, 0xe0, 0x0, 0x0, 0x0, 0x0, 0x0, 0x0,
    0xcf, 0xe0, 0x0, 0x0, 0x0, 0x0, 0x0, 0x0,
    0xcf, 0xe0, 0x0, 0x0, 0x0, 0x0, 0x0, 0x0,
    0xcf, 0xe0, 0x0, 0x0, 0x0, 0x0, 0x0, 0x0,
    0xcf, 0xe0, 0x0, 0x0, 0x0, 0x0, 0x0, 0x0,
    0xcf, 0xe6, 0x66, 0x66, 0x66, 0x66, 0x66, 0x0,
    0xcf, 0xff, 0xff, 0xff, 0xff, 0xff, 0xff, 0x0,
    0xcf, 0xff, 0xff, 0xff, 0xff, 0xff, 0xff, 0x0,
    0xcf, 0xe0, 0x0, 0x0, 0x0, 0x0, 0x0, 0x0,
    0xcf, 0xe0, 0x0, 0x0, 0x0, 0x0, 0x0, 0x0,
    0xcf, 0xe0, 0x0, 0x0, 0x0, 0x0, 0x0, 0x0,
    0xcf, 0xe0, 0x0, 0x0, 0x0, 0x0, 0x0, 0x0,
    0xcf, 0xe0, 0x0, 0x0, 0x0, 0x0, 0x0, 0x0,
    0xcf, 0xe0, 0x0, 0x0, 0x0, 0x0, 0x0, 0x0,
    0xcf, 0xe6, 0x66, 0x66, 0x66, 0x66, 0x66, 0x61,
    0xcf, 0xff, 0xff, 0xff, 0xff, 0xff, 0xff, 0xf3,
    0xcf, 0xff, 0xff, 0xff, 0xff, 0xff, 0xff, 0xf3,

    /* U+0115 "ĕ" */
    0x0, 0xe, 0xe3, 0x0, 0x4e, 0xe0, 0x0, 0x0,
    0x5, 0xff, 0xff, 0xff, 0x50, 0x0, 0x0, 0x0,
    0x28, 0xaa, 0x82, 0x0, 0x0, 0x0, 0x0, 0x0,
    0x0, 0x0, 0x0, 0x0, 0x0, 0x0, 0x0, 0x0,
    0x0, 0x0, 0x0, 0x0, 0x2, 0x9d, 0xfe, 0xc7,
    0x0, 0x0, 0x0, 0x7f, 0xff, 0xff, 0xff, 0xe3,
    0x0, 0x6, 0xff, 0xc4, 0x12, 0x6e, 0xfe, 0x20,
    0xf, 0xfc, 0x0, 0x0, 0x1, 0xdf, 0xb0, 0x6f,
    0xf2, 0x0, 0x0, 0x0, 0x5f, 0xf1, 0xaf, 0xe0,
    0x0, 0x0, 0x0, 0x2f, 0xf4, 0xdf, 0xff, 0xff,
    0xff, 0xff, 0xff, 0xf6, 0xef, 0xff, 0xff, 0xff,
    0xff, 0xff, 0xf7, 0xdf, 0xa0, 0x0, 0x0, 0x0,
    0x0, 0x0, 0xbf, 0xd0, 0x0, 0x0, 0x0, 0x0,
    0x0, 0x7f, 0xf3, 0x0, 0x0, 0x0, 0x6f, 0xd3,
    0x1f, 0xfc, 0x0, 0x0, 0x1, 0xef, 0xe0, 0x7,
    0xff, 0xd5, 0x11, 0x5d, 0xff, 0x50, 0x0, 0x8f,
    0xff, 0xff, 0xff, 0xf7, 0x0, 0x0, 0x3, 0x9d,
    0xff, 0xd9, 0x20, 0x0,

    /* U+0116 "Ė" */
    0x0, 0x0, 0x8, 0xee, 0x60, 0x0, 0x0, 0x0,
    0x0, 0x9, 0xff, 0x70, 0x0, 0x0, 0x0, 0x0,
    0x9, 0xff, 0x70, 0x0, 0x0, 0x0, 0x0, 0x0,
    0x0, 0x0, 0x0, 0x0, 0x0, 0x0, 0x0, 0x0,
    0x0, 0x0, 0x0, 0x9f, 0xff, 0xff, 0xff, 0xff,
    0xff, 0xf5, 0x9f, 0xff, 0xff, 0xff, 0xff, 0xff,
    0xf5, 0x9f, 0xfd, 0xbb, 0xbb, 0xbb, 0xbb, 0xb4,
    0x9f, 0xf7, 0x0, 0x0, 0x0, 0x0, 0x0, 0x9f,
    0xf7, 0x0, 0x0, 0x0, 0x0, 0x0, 0x9f, 0xf7,
    0x0, 0x0, 0x0, 0x0, 0x0, 0x9f, 0xf7, 0x0,
    0x0, 0x0, 0x0, 0x0, 0x9f, 0xf7, 0x0, 0x0,
    0x0, 0x0, 0x0, 0x9f, 0xf7, 0x0, 0x0, 0x0,
    0x0, 0x0, 0x9f, 0xff, 0xff, 0xff, 0xff, 0xff,
    0xf0, 0x9f, 0xff, 0xff, 0xff, 0xff, 0xff, 0xf0,
    0x9f, 0xfc, 0xaa, 0xaa, 0xaa, 0xaa, 0xa0, 0x9f,
    0xf7, 0x0, 0x0, 0x0, 0x0, 0x0, 0x9f, 0xf7,
    0x0, 0x0, 0x0, 0x0, 0x0, 0x9f, 0xf7, 0x0,
    0x0, 0x0, 0x0, 0x0, 0x9f, 0xf7, 0x0, 0x0,
    0x0, 0x0, 0x0, 0x9f, 0xf7, 0x0, 0x0, 0x0,
    0x0, 0x0, 0x9f, 0xfd, 0xbb, 0xbb, 0xbb, 0xbb,
    0xb6, 0x9f, 0xff, 0xff, 0xff, 0xff, 0xff, 0xf9,
    0x9f, 0xff, 0xff, 0xff, 0xff, 0xff, 0xf9,

    /* U+0117 "ė" */
    0x0, 0x0, 0x4, 0xff, 0xc0, 0x0, 0x0, 0x0,
    0x0, 0x4, 0xff, 0xc0, 0x0, 0x0, 0x0, 0x0,
    0x4, 0xee, 0xb0, 0x0, 0x0, 0x0, 0x0, 0x0,
    0x0, 0x0, 0x0, 0x0, 0x0, 0x0, 0x0, 0x0,
    0x0, 0x0, 0x0, 0x0, 0x1, 0x7c, 0xef, 0xd9,
    0x20, 0x0, 0x0, 0x4f, 0xff, 0xff, 0xff, 0xf7,
    0x0, 0x4, 0xff, 0xfd, 0x98, 0xbf, 0xff, 0x60,
    0xe, 0xff, 0x80, 0x0, 0x4, 0xff, 0xf1, 0x4f,
    0xfc, 0x0, 0x0, 0x0, 0x9f, 0xf7, 0x9f, 0xf6,
    0x0, 0x0, 0x0, 0x4f, 0xfb, 0xbf, 0xff, 0xff,
    0xff, 0xff, 0xff, 0xfd, 0xcf, 0xff, 0xff, 0xff,
    0xff, 0xff, 0xff, 0xbf, 0xf7, 0x33, 0x33, 0x33,
    0x33, 0x33, 0x9f, 0xf7, 0x0, 0x0, 0x0, 0x0,
    0x0, 0x4f, 0xfc, 0x0, 0x0, 0x0, 0x5a, 0xa6,
    0xe, 0xff, 0x80, 0x0, 0x3, 0xef, 0xf4, 0x4,
    0xff, 0xfd, 0x98, 0xbf, 0xff, 0xa0, 0x0, 0x5f,
    0xff, 0xff, 0xff, 0xfa, 0x0, 0x0, 0x1, 0x8c,
    0xef, 0xea, 0x40, 0x0,

    /* U+0118 "Ę" */
    0x9f, 0xff, 0xff, 0xff, 0xff, 0xff, 0xf5, 0x9,
    0xff, 0xff, 0xff, 0xff, 0xff, 0xff, 0x50, 0x9f,
    0xfd, 0xbb, 0xbb, 0xbb, 0xbb, 0xb4, 0x9, 0xff,
    0x70, 0x0, 0x0, 0x0, 0x0, 0x0, 0x9f, 0xf7,
    0x0, 0x0, 0x0, 0x0, 0x0, 0x9, 0xff, 0x70,
    0x0, 0x0, 0x0, 0x0, 0x0, 0x9f, 0xf7, 0x0,
    0x0, 0x0, 0x0, 0x0, 0x9, 0xff, 0x70, 0x0,
    0x0, 0x0, 0x0, 0x0, 0x9f, 0xf7, 0x0, 0x0,
    0x0, 0x0, 0x0, 0x9, 0xff, 0xff, 0xff, 0xff,
    0xff, 0xff, 0x0, 0x9f, 0xff, 0xff, 0xff, 0xff,
    0xff, 0xf0, 0x9, 0xff, 0xca, 0xaa, 0xaa, 0xaa,
    0xaa, 0x0, 0x9f, 0xf7, 0x0, 0x0, 0x0, 0x0,
    0x0, 0x9, 0xff, 0x70, 0x0, 0x0, 0x0, 0x0,
    0x0, 0x9f, 0xf7, 0x0, 0x0, 0x0, 0x0, 0x0,
    0x9, 0xff, 0x70, 0x0, 0x0, 0x0, 0x0, 0x0,
    0x9f, 0xf7, 0x0, 0x0, 0x0, 0x0, 0x0, 0x9,
    0xff, 0xdb, 0xbb, 0xbb, 0xbb, 0xbb, 0x60, 0x9f,
    0xff, 0xff, 0xff, 0xff, 0xff, 0xf9, 0x9, 0xff,
    0xff, 0xff, 0xff, 0xff, 0xff, 0x90, 0x0, 0x0,
    0x0, 0x0, 0x0, 0x3f, 0xf3, 0x0, 0x0, 0x0,
    0x0, 0x0, 0xd, 0xf7, 0x0, 0x0, 0x0, 0x0,
    0x0, 0x7, 0xfe, 0x0, 0x0, 0x0, 0x0, 0x0,
    0x0, 0xcf, 0xe2, 0x40, 0x0, 0x0, 0x0, 0x0,
    0xb, 0xff, 0xff, 0x30, 0x0, 0x0, 0x0, 0x0,
    0x2b, 0xfe, 0xc3,

    /* U+0119 "ę" */
    0x0, 0x1, 0x7c, 0xef, 0xd9, 0x20, 0x0, 0x0,
    0x4f, 0xff, 0xff, 0xff, 0xf7, 0x0, 0x4, 0xff,
    0xfd, 0x98, 0xbf, 0xff, 0x60, 0xe, 0xff, 0x80,
    0x0, 0x4, 0xff, 0xf1, 0x4f, 0xfc, 0x0, 0x0,
    0x0, 0x9f, 0xf7, 0x9f, 0xf6, 0x0, 0x0, 0x0,
    0x4f, 0xfb, 0xbf, 0xff, 0xff, 0xff, 0xff, 0xff,
    0xfd, 0xcf, 0xff, 0xff, 0xff, 0xff, 0xff, 0xff,
    0xbf, 0xf7, 0x33, 0x33, 0x33, 0x33, 0x33, 0x9f,
    0xf7, 0x0, 0x0, 0x0, 0x0, 0x0, 0x4f, 0xfc,
    0x0, 0x0, 0x0, 0x5a, 0xa6, 0xe, 0xff, 0x80,
    0x0, 0x3, 0xef, 0xf4, 0x4, 0xff, 0xfd, 0x98,
    0xbf, 0xff, 0xc0, 0x0, 0x5f, 0xff, 0xff, 0xff,
    0xff, 0x10, 0x0, 0x1, 0x8c, 0xef, 0xff, 0xf1,
    0x0, 0x0, 0x0, 0x0, 0x6, 0xff, 0x20, 0x0,
    0x0, 0x0, 0x0, 0xf, 0xf7, 0x0, 0x0, 0x0,
    0x0, 0x0, 0x4f, 0xf6, 0x11, 0x0, 0x0, 0x0,
    0x0, 0x2f, 0xff, 0xfa, 0x0, 0x0, 0x0, 0x0,
    0x7, 0xef, 0xe9, 0x0, 0x0, 0x0, 0x0, 0x0,
    0x0, 0x0, 0x0,

    /* U+011A "Ě" */
    0x0, 0xc, 0xf8, 0x0, 0xaf, 0xa0, 0x0, 0x0,
    0x2, 0xff, 0x57, 0xfe, 0x10, 0x0, 0x0, 0x0,
    0x5f, 0xff, 0xf3, 0x0, 0x0, 0x0, 0x0, 0x6,
    0x88, 0x50, 0x0, 0x0, 0x0, 0x0, 0x0, 0x0,
    0x0, 0x0, 0x0, 0x9f, 0xff, 0xff, 0xff, 0xff,
    0xff, 0xf5, 0x9f, 0xff, 0xff, 0xff, 0xff, 0xff,
    0xf5, 0x9f, 0xfd, 0xbb, 0xbb, 0xbb, 0xbb, 0xb4,
    0x9f, 0xf7, 0x0, 0x0, 0x0, 0x0, 0x0, 0x9f,
    0xf7, 0x0, 0x0, 0x0, 0x0, 0x0, 0x9f, 0xf7,
    0x0, 0x0, 0x0, 0x0, 0x0, 0x9f, 0xf7, 0x0,
    0x0, 0x0, 0x0, 0x0, 0x9f, 0xf7, 0x0, 0x0,
    0x0, 0x0, 0x0, 0x9f, 0xf7, 0x0, 0x0, 0x0,
    0x0, 0x0, 0x9f, 0xff, 0xff, 0xff, 0xff, 0xff,
    0xf0, 0x9f, 0xff, 0xff, 0xff, 0xff, 0xff, 0xf0,
    0x9f, 0xfc, 0xaa, 0xaa, 0xaa, 0xaa, 0xa0, 0x9f,
    0xf7, 0x0, 0x0, 0x0, 0x0, 0x0, 0x9f, 0xf7,
    0x0, 0x0, 0x0, 0x0, 0x0, 0x9f, 0xf7, 0x0,
    0x0, 0x0, 0x0, 0x0, 0x9f, 0xf7, 0x0, 0x0,
    0x0, 0x0, 0x0, 0x9f, 0xf7, 0x0, 0x0, 0x0,
    0x0, 0x0, 0x9f, 0xfd, 0xbb, 0xbb, 0xbb, 0xbb,
    0xb6, 0x9f, 0xff, 0xff, 0xff, 0xff, 0xff, 0xf9,
    0x9f, 0xff, 0xff, 0xff, 0xff, 0xff, 0xf9,

    /* U+011B "ě" */
    0x0, 0x5, 0x84, 0x0, 0x7, 0x81, 0x0, 0x0,
    0x4, 0xff, 0x20, 0xaf, 0xb0, 0x0, 0x0, 0x0,
    0x9f, 0xc5, 0xff, 0x10, 0x0, 0x0, 0x0, 0xe,
    0xff, 0xf6, 0x0, 0x0, 0x0, 0x0, 0x3, 0x88,
    0x70, 0x0, 0x0, 0x0, 0x0, 0x0, 0x0, 0x0,
    0x0, 0x0, 0x0, 0x1, 0x7c, 0xef, 0xd9, 0x20,
    0x0, 0x0, 0x4f, 0xff, 0xff, 0xff, 0xf7, 0x0,
    0x4, 0xff, 0xfd, 0x98, 0xbf, 0xff, 0x60, 0xe,
    0xff, 0x80, 0x0, 0x4, 0xff, 0xf1, 0x4f, 0xfc,
    0x0, 0x0, 0x0, 0x9f, 0xf7, 0x9f, 0xf6, 0x0,
    0x0, 0x0, 0x4f, 0xfb, 0xbf, 0xff, 0xff, 0xff,
    0xff, 0xff, 0xfd, 0xcf, 0xff, 0xff, 0xff, 0xff,
    0xff, 0xff, 0xbf, 0xf7, 0x33, 0x33, 0x33, 0x33,
    0x33, 0x9f, 0xf7, 0x0, 0x0, 0x0, 0x0, 0x0,
    0x4f, 0xfc, 0x0, 0x0, 0x0, 0x5a, 0xa6, 0xe,
    0xff, 0x80, 0x0, 0x3, 0xef, 0xf4, 0x4, 0xff,
    0xfd, 0x98, 0xbf, 0xff, 0xa0, 0x0, 0x5f, 0xff,
    0xff, 0xff, 0xfa, 0x0, 0x0, 0x1, 0x8c, 0xef,
    0xea, 0x40, 0x0,

    /* U+011C "Ĝ" */
    0x0, 0x0, 0x0, 0x3, 0x88, 0x70, 0x0, 0x0,
    0x0, 0x0, 0x0, 0x0, 0x1e, 0xff, 0xf9, 0x0,
    0x0, 0x0, 0x0, 0x0, 0x0, 0xaf, 0xb2, 0xef,
    0x50, 0x0, 0x0, 0x0, 0x0, 0x6, 0xfd, 0x10,
    0x4f, 0xf2, 0x0, 0x0, 0x0, 0x0, 0x0, 0x0,
    0x0, 0x0, 0x0, 0x0, 0x0, 0x0, 0x0, 0x0,
    0x0, 0x0, 0x0, 0x0, 0x0, 0x0, 0x0, 0x0,
    0x3, 0x9d, 0xff, 0xec, 0x72, 0x0, 0x0, 0x0,
    0x0, 0xbf, 0xff, 0xff, 0xff, 0xff, 0x80, 0x0,
    0x0, 0x1d, 0xff, 0xff, 0xdc, 0xdf, 0xff, 0xf9,
    0x0, 0x0, 0xcf, 0xff, 0x70, 0x0, 0x1, 0x8f,
    0xff, 0x50, 0x6, 0xff, 0xf3, 0x0, 0x0, 0x0,
    0x8, 0xff, 0xe0, 0xe, 0xff, 0x70, 0x0, 0x0,
    0x0, 0x0, 0xef, 0xf4, 0x4f, 0xff, 0x0, 0x0,
    0x0, 0x0, 0x0, 0x46, 0x62, 0x8f, 0xfb, 0x0,
    0x0, 0x0, 0x0, 0x0, 0x0, 0x0, 0xaf, 0xf7,
    0x0, 0x0, 0x0, 0x0, 0x0, 0x0, 0x0, 0xbf,
    0xf6, 0x0, 0x0, 0x5, 0x88, 0x88, 0x88, 0x84,
    0xbf, 0xf6, 0x0, 0x0, 0x9, 0xff, 0xff, 0xff,
    0xf9, 0xaf, 0xf7, 0x0, 0x0, 0x9, 0xff, 0xff,
    0xff, 0xf9, 0x8f, 0xfa, 0x0, 0x0, 0x0, 0x0,
    0x0, 0x5f, 0xf9, 0x4f, 0xfe, 0x0, 0x0, 0x0,
    0x0, 0x0, 0x8f, 0xf9, 0xf, 0xff, 0x60, 0x0,
    0x0, 0x0, 0x0, 0xef, 0xf9, 0x8, 0xff, 0xe2,
    0x0, 0x0, 0x0, 0x9, 0xff, 0xf9, 0x0, 0xdf,
    0xfe, 0x60, 0x0, 0x2, 0xbf, 0xfe, 0xf9, 0x0,
    0x2e, 0xff, 0xff, 0xdc, 0xdf, 0xff, 0xa9, 0xf9,
    0x0, 0x1, 0xcf, 0xff, 0xff, 0xff, 0xf9, 0x8,
    0xf9, 0x0, 0x0, 0x4, 0xad, 0xff, 0xd9, 0x30,
    0x8, 0xf9,

    /* U+011D "ĝ" */
    0x0, 0x0, 0x4, 0x88, 0x70, 0x0, 0x0, 0x0,
    0x0, 0x1e, 0xfe, 0xf6, 0x0, 0x0, 0x0, 0x0,
    0xbf, 0x72, 0xff, 0x10, 0x0, 0x0, 0x6, 0xfd,
    0x0, 0x7f, 0xb0, 0x0, 0x0, 0x4, 0x52, 0x0,
    0x4, 0x50, 0x0, 0x0, 0x0, 0x0, 0x0, 0x0,
    0x0, 0x0, 0x0, 0x3, 0xad, 0xfe, 0x92, 0xf,
    0xfe, 0x0, 0x8f, 0xff, 0xff, 0xff, 0x4f, 0xfe,
    0x7, 0xff, 0xfc, 0x88, 0xcf, 0xef, 0xfe, 0x1f,
    0xff, 0x80, 0x0, 0x5, 0xff, 0xfe, 0x6f, 0xfd,
    0x0, 0x0, 0x0, 0x9f, 0xfe, 0xaf, 0xf7, 0x0,
    0x0, 0x0, 0x4f, 0xfe, 0xcf, 0xf5, 0x0, 0x0,
    0x0, 0x1f, 0xfe, 0xcf, 0xf4, 0x0, 0x0, 0x0,
    0x1f, 0xfe, 0xaf, 0xf6, 0x0, 0x0, 0x0, 0x4f,
    0xfe, 0x6f, 0xfc, 0x0, 0x0, 0x0, 0xaf, 0xfe,
    0x1f, 0xff, 0x70, 0x0, 0x5, 0xff, 0xfe, 0x6,
    0xff, 0xfc, 0x88, 0xbf, 0xef, 0xfe, 0x0, 0x7f,
    0xff, 0xff, 0xff, 0x5f, 0xfe, 0x0, 0x3, 0xad,
    0xfe, 0xa2, 0x1f, 0xfd, 0x2, 0x21, 0x0, 0x0,
    0x0, 0x4f, 0xfc, 0x2f, 0xff, 0x20, 0x0, 0x0,
    0xcf, 0xf7, 0x9, 0xff, 0xfa, 0x77, 0x9e, 0xff,
    0xe1, 0x0, 0xaf, 0xff, 0xff, 0xff, 0xfd, 0x20,
    0x0, 0x3, 0xad, 0xff, 0xeb, 0x60, 0x0,

    /* U+011E "Ğ" */
    0x0, 0x0, 0x5, 0x81, 0x0, 0x4, 0x82, 0x0,
    0x0, 0x0, 0x0, 0x7, 0xfa, 0x0, 0x2e, 0xf2,
    0x0, 0x0, 0x0, 0x0, 0x1, 0xef, 0xfe, 0xff,
    0xa0, 0x0, 0x0, 0x0, 0x0, 0x0, 0x1a, 0xef,
    0xd7, 0x0, 0x0, 0x0, 0x0, 0x0, 0x0, 0x0,
    0x0, 0x0, 0x0, 0x0, 0x0, 0x0, 0x0, 0x0,
    0x0, 0x0, 0x0, 0x0, 0x0, 0x0, 0x0, 0x0,
    0x3, 0x9d, 0xff, 0xec, 0x72, 0x0, 0x0, 0x0,
    0x0, 0xbf, 0xff, 0xff, 0xff, 0xff, 0x80, 0x0,
    0x0, 0x1d, 0xff, 0xff, 0xdc, 0xdf, 0xff, 0xf9,
    0x0, 0x0, 0xcf, 0xff, 0x70, 0x0, 0x1, 0x8f,
    0xff, 0x50, 0x6, 0xff, 0xf3, 0x0, 0x0, 0x0,
    0x8, 0xff, 0xe0, 0xe, 0xff, 0x70, 0x0, 0x0,
    0x0, 0x0, 0xef, 0xf4, 0x4f, 0xff, 0x0, 0x0,
    0x0, 0x0, 0x0, 0x46, 0x62, 0x8f, 0xfb, 0x0,
    0x0, 0x0, 0x0, 0x0, 0x0, 0x0, 0xaf, 0xf7,
    0x0, 0x0, 0x0, 0x0, 0x0, 0x0, 0x0, 0xbf,
    0xf6, 0x0, 0x0, 0x5, 0x88, 0x88, 0x88, 0x84,
    0xbf, 0xf6, 0x0, 0x0, 0x9, 0xff, 0xff, 0xff,
    0xf9, 0xaf, 0xf7, 0x0, 0x0, 0x9, 0xff, 0xff,
    0xff, 0xf9, 0x8f, 0xfa, 0x0, 0x0, 0x0, 0x0,
    0x0, 0x5f, 0xf9, 0x4f, 0xfe, 0x0, 0x0, 0x0,
    0x0, 0x0, 0x8f, 0xf9, 0xf, 0xff, 0x60, 0x0,
    0x0, 0x0, 0x0, 0xef, 0xf9, 0x8, 0xff, 0xe2,
    0x0, 0x0, 0x0, 0x9, 0xff, 0xf9, 0x0, 0xdf,
    0xfe, 0x60, 0x0, 0x2, 0xbf, 0xfe, 0xf9, 0x0,
    0x2e, 0xff, 0xff, 0xdc, 0xdf, 0xff, 0xa9, 0xf9,
    0x0, 0x1, 0xcf, 0xff, 0xff, 0xff, 0xf9, 0x8,
    0xf9, 0x0, 0x0, 0x4, 0xad, 0xff, 0xd9, 0x30,
    0x8, 0xf9,

    /* U+011F "ğ" */
    0x0, 0x6, 0x70, 0x0, 0x5, 0x81, 0x0, 0x0,
    0xa, 0xf8, 0x0, 0x3f, 0xf0, 0x0, 0x0, 0x2,
    0xff, 0xff, 0xff, 0x70, 0x0, 0x0, 0x0, 0x2b,
    0xef, 0xc6, 0x0, 0x0, 0x0, 0x0, 0x0, 0x0,
    0x0, 0x0, 0x0, 0x0, 0x0, 0x0, 0x0, 0x0,
    0x0, 0x0, 0x0, 0x3, 0xad, 0xfe, 0x92, 0xf,
    0xfe, 0x0, 0x8f, 0xff, 0xff, 0xff, 0x4f, 0xfe,
    0x7, 0xff, 0xfc, 0x88, 0xcf, 0xef, 0xfe, 0x1f,
    0xff, 0x80, 0x0, 0x5, 0xff, 0xfe, 0x6f, 0xfd,
    0x0, 0x0, 0x0, 0x9f, 0xfe, 0xaf, 0xf7, 0x0,
    0x0, 0x0, 0x4f, 0xfe, 0xcf, 0xf5, 0x0, 0x0,
    0x0, 0x1f, 0xfe, 0xcf, 0xf4, 0x0, 0x0, 0x0,
    0x1f, 0xfe, 0xaf, 0xf6, 0x0, 0x0, 0x0, 0x4f,
    0xfe, 0x6f, 0xfc, 0x0, 0x0, 0x0, 0xaf, 0xfe,
    0x1f, 0xff, 0x70, 0x0, 0x5, 0xff, 0xfe, 0x6,
    0xff, 0xfc, 0x88, 0xbf, 0xef, 0xfe, 0x0, 0x7f,
    0xff, 0xff, 0xff, 0x5f, 0xfe, 0x0, 0x3, 0xad,
    0xfe, 0xa2, 0x1f, 0xfd, 0x2, 0x21, 0x0, 0x0,
    0x0, 0x4f, 0xfc, 0x2f, 0xff, 0x20, 0x0, 0x0,
    0xcf, 0xf7, 0x9, 0xff, 0xfa, 0x77, 0x9e, 0xff,
    0xe1, 0x0, 0xaf, 0xff, 0xff, 0xff, 0xfd, 0x20,
    0x0, 0x3, 0xad, 0xff, 0xeb, 0x60, 0x0,

    /* U+0120 "Ġ" */
    0x0, 0x0, 0x0, 0x3, 0xff, 0xe0, 0x0, 0x0,
    0x0, 0x0, 0x0, 0x0, 0x3, 0xff, 0xe0, 0x0,
    0x0, 0x0, 0x0, 0x0, 0x0, 0x2, 0xee, 0xd0,
    0x0, 0x0, 0x0, 0x0, 0x0, 0x0, 0x0, 0x0,
    0x0, 0x0, 0x0, 0x0, 0x0, 0x0, 0x0, 0x0,
    0x0, 0x0, 0x0, 0x0, 0x0, 0x0, 0x0, 0x3,
    0x9d, 0xff, 0xec, 0x72, 0x0, 0x0, 0x0, 0x0,
    0xbf, 0xff, 0xff, 0xff, 0xff, 0x80, 0x0, 0x0,
    0x1d, 0xff, 0xff, 0xdc, 0xdf, 0xff, 0xf9, 0x0,
    0x0, 0xcf, 0xff, 0x70, 0x0, 0x1, 0x8f, 0xff,
    0x50, 0x6, 0xff, 0xf3, 0x0, 0x0, 0x0, 0x8,
    0xff, 0xe0, 0xe, 0xff, 0x70, 0x0, 0x0, 0x0,
    0x0, 0xef, 0xf4, 0x4f, 0xff, 0x0, 0x0, 0x0,
    0x0, 0x0, 0x46, 0x62, 0x8f, 0xfb, 0x0, 0x0,
    0x0, 0x0, 0x0, 0x0, 0x0, 0xaf, 0xf7, 0x0,
    0x0, 0x0, 0x0, 0x0, 0x0, 0x0, 0xbf, 0xf6,
    0x0, 0x0, 0x5, 0x88, 0x88, 0x88, 0x84, 0xbf,
    0xf6, 0x0, 0x0, 0x9, 0xff, 0xff, 0xff, 0xf9,
    0xaf, 0xf7, 0x0, 0x0, 0x9, 0xff, 0xff, 0xff,
    0xf9, 0x8f, 0xfa, 0x0, 0x0, 0x0, 0x0, 0x0,
    0x5f, 0xf9, 0x4f, 0xfe, 0x0, 0x0, 0x0, 0x0,
    0x0, 0x8f, 0xf9, 0xf, 0xff, 0x60, 0x0, 0x0,
    0x0, 0x0, 0xef, 0xf9, 0x8, 0xff, 0xe2, 0x0,
    0x0, 0x0, 0x9, 0xff, 0xf9, 0x0, 0xdf, 0xfe,
    0x60, 0x0, 0x2, 0xbf, 0xfe, 0xf9, 0x0, 0x2e,
    0xff, 0xff, 0xdc, 0xdf, 0xff, 0xa9, 0xf9, 0x0,
    0x1, 0xcf, 0xff, 0xff, 0xff, 0xf9, 0x8, 0xf9,
    0x0, 0x0, 0x4, 0xad, 0xff, 0xd9, 0x30, 0x8,
    0xf9,

    /* U+0121 "ġ" */
    0x0, 0x0, 0x5, 0xff, 0xb0, 0x0, 0x0, 0x0,
    0x0, 0x5, 0xff, 0xb0, 0x0, 0x0, 0x0, 0x0,
    0x5, 0xee, 0xa0, 0x0, 0x0, 0x0, 0x0, 0x0,
    0x0, 0x0, 0x0, 0x0, 0x0, 0x0, 0x0, 0x0,
    0x0, 0x0, 0x0, 0x0, 0x3, 0xad, 0xfe, 0x92,
    0xf, 0xfe, 0x0, 0x8f, 0xff, 0xff, 0xff, 0x4f,
    0xfe, 0x7, 0xff, 0xfc, 0x88, 0xcf, 0xef, 0xfe,
    0x1f, 0xff, 0x80, 0x0, 0x5, 0xff, 0xfe, 0x6f,
    0xfd, 0x0, 0x0, 0x0, 0x9f, 0xfe, 0xaf, 0xf7,
    0x0, 0x0, 0x0, 0x4f, 0xfe, 0xcf, 0xf5, 0x0,
    0x0, 0x0, 0x1f, 0xfe, 0xcf, 0xf4, 0x0, 0x0,
    0x0, 0x1f, 0xfe, 0xaf, 0xf6, 0x0, 0x0, 0x0,
    0x4f, 0xfe, 0x6f, 0xfc, 0x0, 0x0, 0x0, 0xaf,
    0xfe, 0x1f, 0xff, 0x70, 0x0, 0x5, 0xff, 0xfe,
    0x6, 0xff, 0xfc, 0x88, 0xbf, 0xef, 0xfe, 0x0,
    0x7f, 0xff, 0xff, 0xff, 0x5f, 0xfe, 0x0, 0x3,
    0xad, 0xfe, 0xa2, 0x1f, 0xfd, 0x2, 0x21, 0x0,
    0x0, 0x0, 0x4f, 0xfc, 0x2f, 0xff, 0x20, 0x0,
    0x0, 0xcf, 0xf7, 0x9, 0xff, 0xfa, 0x77, 0x9e,
    0xff, 0xe1, 0x0, 0xaf, 0xff, 0xff, 0xff, 0xfd,
    0x20, 0x0, 0x3, 0xad, 0xff, 0xeb, 0x60, 0x0,

    /* U+0122 "Ģ" */
    0x0, 0x0, 0x3, 0x9d, 0xff, 0xec, 0x71, 0x0,
    0x0, 0x0, 0x0, 0xbf, 0xff, 0xff, 0xff, 0xff,
    0x60, 0x0, 0x0, 0x1d, 0xff, 0xff, 0xdc, 0xdf,
    0xff, 0xf8, 0x0, 0x0, 0xcf, 0xff, 0x70, 0x0,
    0x1, 0x9f, 0xff, 0x40, 0x6, 0xff, 0xf3, 0x0,
    0x0, 0x0, 0xa, 0xff, 0xc0, 0xe, 0xff, 0x70,
    0x0, 0x0, 0x0, 0x0, 0xff, 0xf2, 0x4f, 0xff,
    0x0, 0x0, 0x0, 0x0, 0x0, 0x7a, 0xa4, 0x8f,
    0xfb, 0x0, 0x0, 0x0, 0x0, 0x0, 0x0, 0x0,
    0xaf, 0xf7, 0x0, 0x0, 0x0, 0x0, 0x0, 0x0,
    0x0, 0xbf, 0xf6, 0x0, 0x0, 0x0, 0x0, 0x0,
    0x0, 0x0, 0xbf, 0xf6, 0x0, 0x0, 0x9, 0xff,
    0xff, 0xff, 0xf9, 0xaf, 0xf7, 0x0, 0x0, 0x9,
    0xff, 0xff, 0xff, 0xf9, 0x8f, 0xfa, 0x0, 0x0,
    0x5, 0x88, 0x88, 0xaf, 0xf9, 0x4f, 0xfe, 0x0,
    0x0, 0x0, 0x0, 0x0, 0x7f, 0xf9, 0xf, 0xff,
    0x60, 0x0, 0x0, 0x0, 0x0, 0xdf, 0xf9, 0x8,
    0xff, 0xe2, 0x0, 0x0, 0x0, 0x7, 0xff, 0xf9,
    0x0, 0xdf, 0xfe, 0x60, 0x0, 0x1, 0x9f, 0xff,
    0xf9, 0x0, 0x2e, 0xff, 0xff, 0xdb, 0xdf, 0xff,
    0xb9, 0xf9, 0x0, 0x1, 0xcf, 0xff, 0xff, 0xff,
    0xfa, 0x8, 0xf9, 0x0, 0x0, 0x4, 0xad, 0xff,
    0xea, 0x40, 0x8, 0xf9, 0x0, 0x0, 0x0, 0x0,
    0x0, 0x0, 0x0, 0x0, 0x0, 0x0, 0x0, 0x0,
    0x1, 0xbb, 0xa0, 0x0, 0x0, 0x0, 0x0, 0x0,
    0x0, 0x2, 0xff, 0xf0, 0x0, 0x0, 0x0, 0x0,
    0x0, 0x0, 0x2, 0xff, 0xe0, 0x0, 0x0, 0x0,
    0x0, 0x0, 0x0, 0x0, 0x6f, 0x70, 0x0, 0x0,
    0x0, 0x0, 0x0, 0x0, 0x1, 0xed, 0x0, 0x0,
    0x0, 0x0, 0x0, 0x0, 0x0, 0x3, 0x83, 0x0,
    0x0, 0x0, 0x0,

    /* U+0123 "ģ" */
    0x0, 0x0, 0x0, 0x6, 0x70, 0x0, 0x0, 0x0,
    0x0, 0x0, 0x5f, 0x90, 0x0, 0x0, 0x0, 0x0,
    0x0, 0xee, 0x10, 0x0, 0x0, 0x0, 0x0, 0x5,
    0xff, 0xb0, 0x0, 0x0, 0x0, 0x0, 0x6, 0xff,
    0xb0, 0x0, 0x0, 0x0, 0x0, 0x4, 0xbb, 0x80,
    0x0, 0x0, 0x0, 0x0, 0x0, 0x0, 0x0, 0x0,
    0x0, 0x0, 0x0, 0x0, 0x0, 0x0, 0x0, 0x0,
    0x0, 0x3, 0xad, 0xfe, 0x92, 0xf, 0xfe, 0x0,
    0x8f, 0xff, 0xff, 0xff, 0x4f, 0xfe, 0x7, 0xff,
    0xfc, 0x88, 0xcf, 0xef, 0xfe, 0x1f, 0xff, 0x80,
    0x0, 0x5, 0xff, 0xfe, 0x6f, 0xfd, 0x0, 0x0,
    0x0, 0x9f, 0xfe, 0xaf, 0xf7, 0x0, 0x0, 0x0,
    0x4f, 0xfe, 0xcf, 0xf5, 0x0, 0x0, 0x0, 0x1f,
    0xfe, 0xcf, 0xf4, 0x0, 0x0, 0x0, 0x1f, 0xfe,
    0xaf, 0xf6, 0x0, 0x0, 0x0, 0x4f, 0xfe, 0x6f,
    0xfc, 0x0, 0x0, 0x0, 0xaf, 0xfe, 0x1f, 0xff,
    0x70, 0x0, 0x5, 0xff, 0xfe, 0x6, 0xff, 0xfc,
    0x88, 0xbf, 0xef, 0xfe, 0x0, 0x7f, 0xff, 0xff,
    0xff, 0x5f, 0xfe, 0x0, 0x3, 0xad, 0xfe, 0xa2,
    0x1f, 0xfd, 0x2, 0x21, 0x0, 0x0, 0x0, 0x4f,
    0xfc, 0x2f, 0xff, 0x20, 0x0, 0x0, 0xcf, 0xf7,
    0x9, 0xff, 0xfa, 0x77, 0x9e, 0xff, 0xe1, 0x0,
    0xaf, 0xff, 0xff, 0xff, 0xfd, 0x20, 0x0, 0x3,
    0xad, 0xff, 0xeb, 0x60, 0x0,

    /* U+0124 "Ĥ" */
    0x0, 0x0, 0x0, 0xdf, 0xfd, 0x0, 0x0, 0x0,
    0x0, 0x0, 0x9, 0xfd, 0xdf, 0xa0, 0x0, 0x0,
    0x0, 0x0, 0x5f, 0xe1, 0x1e, 0xf6, 0x0, 0x0,
    0x0, 0x0, 0x78, 0x30, 0x2, 0x87, 0x0, 0x0,
    0x0, 0x0, 0x0, 0x0, 0x0, 0x0, 0x0, 0x0,
    0x9f, 0xf7, 0x0, 0x0, 0x0, 0x0, 0x6f, 0xfa,
    0x9f, 0xf7, 0x0, 0x0, 0x0, 0x0, 0x6f, 0xfa,
    0x9f, 0xf7, 0x0, 0x0, 0x0, 0x0, 0x6f, 0xfa,
    0x9f, 0xf7, 0x0, 0x0, 0x0, 0x0, 0x6f, 0xfa,
    0x9f, 0xf7, 0x0, 0x0, 0x0, 0x0, 0x6f, 0xfa,
    0x9f, 0xf7, 0x0, 0x0, 0x0, 0x0, 0x6f, 0xfa,
    0x9f, 0xf7, 0x0, 0x0, 0x0, 0x0, 0x6f, 0xfa,
    0x9f, 0xf7, 0x0, 0x0, 0x0, 0x0, 0x6f, 0xfa,
    0x9f, 0xf7, 0x0, 0x0, 0x0, 0x0, 0x6f, 0xfa,
    0x9f, 0xff, 0xff, 0xff, 0xff, 0xff, 0xff, 0xfa,
    0x9f, 0xff, 0xff, 0xff, 0xff, 0xff, 0xff, 0xfa,
    0x9f, 0xff, 0xbb, 0xbb, 0xbb, 0xbb, 0xff, 0xfa,
    0x9f, 0xf7, 0x0, 0x0, 0x0, 0x0, 0x6f, 0xfa,
    0x9f, 0xf7, 0x0, 0x0, 0x0, 0x0, 0x6f, 0xfa,
    0x9f, 0xf7, 0x0, 0x0, 0x0, 0x0, 0x6f, 0xfa,
    0x9f, 0xf7, 0x0, 0x0, 0x0, 0x0, 0x6f, 0xfa,
    0x9f, 0xf7, 0x0, 0x0, 0x0, 0x0, 0x6f, 0xfa,
    0x9f, 0xf7, 0x0, 0x0, 0x0, 0x0, 0x6f, 0xfa,
    0x9f, 0xf7, 0x0, 0x0, 0x0, 0x0, 0x6f, 0xfa,
    0x9f, 0xf7, 0x0, 0x0, 0x0, 0x0, 0x6f, 0xfa,

    /* U+0125 "ĥ" */
    0x0, 0x7, 0x88, 0x20, 0x0, 0x0, 0x0, 0x0,
    0x0, 0xaf, 0xff, 0xd0, 0x0, 0x0, 0x0, 0x0,
    0x6, 0xfe, 0x2c, 0xfa, 0x0, 0x0, 0x0, 0x0,
    0x2f, 0xf3, 0x1, 0xef, 0x50, 0x0, 0x0, 0x0,
    0x0, 0x0, 0x0, 0x0, 0x0, 0x0, 0x0, 0x0,
    0x0, 0xe, 0xff, 0x10, 0x0, 0x0, 0x0, 0x0,
    0x0, 0xe, 0xff, 0x10, 0x0, 0x0, 0x0, 0x0,
    0x0, 0xe, 0xff, 0x10, 0x0, 0x0, 0x0, 0x0,
    0x0, 0xe, 0xff, 0x10, 0x0, 0x0, 0x0, 0x0,
    0x0, 0xe, 0xff, 0x10, 0x0, 0x0, 0x0, 0x0,
    0x0, 0xe, 0xff, 0x13, 0xae, 0xfd, 0x91, 0x0,
    0x0, 0xe, 0xff, 0x5f, 0xff, 0xff, 0xfe, 0x20,
    0x0, 0xe, 0xff, 0xff, 0xa7, 0x9f, 0xff, 0xb0,
    0x0, 0xe, 0xff, 0xf2, 0x0, 0x3, 0xff, 0xf2,
    0x0, 0xe, 0xff, 0x70, 0x0, 0x0, 0xbf, 0xf5,
    0x0, 0xe, 0xff, 0x30, 0x0, 0x0, 0x9f, 0xf6,
    0x0, 0xe, 0xff, 0x10, 0x0, 0x0, 0x8f, 0xf7,
    0x0, 0xe, 0xff, 0x10, 0x0, 0x0, 0x8f, 0xf7,
    0x0, 0xe, 0xff, 0x10, 0x0, 0x0, 0x8f, 0xf7,
    0x0, 0xe, 0xff, 0x10, 0x0, 0x0, 0x8f, 0xf7,
    0x0, 0xe, 0xff, 0x10, 0x0, 0x0, 0x8f, 0xf7,
    0x0, 0xe, 0xff, 0x10, 0x0, 0x0, 0x8f, 0xf7,
    0x0, 0xe, 0xff, 0x10, 0x0, 0x0, 0x8f, 0xf7,
    0x0, 0xe, 0xff, 0x10, 0x0, 0x0, 0x8f, 0xf7,
    0x0, 0xe, 0xff, 0x10, 0x0, 0x0, 0x8f, 0xf7,

    /* U+0126 "Ħ" */
    0x0, 0x9f, 0xf7, 0x0, 0x0, 0x0, 0x0, 0x6f,
    0xfa, 0x0, 0x0, 0x9f, 0xf7, 0x0, 0x0, 0x0,
    0x0, 0x6f, 0xfa, 0x0, 0x0, 0x9f, 0xf7, 0x0,
    0x0, 0x0, 0x0, 0x6f, 0xfa, 0x0, 0xaf, 0xff,
    0xff, 0xff, 0xff, 0xff, 0xff, 0xff, 0xff, 0xfb,
    0xaf, 0xff, 0xff, 0xff, 0xff, 0xff, 0xff, 0xff,
    0xff, 0xfb, 0x57, 0xff, 0xfe, 0x77, 0x77, 0x77,
    0x77, 0xef, 0xff, 0x75, 0x0, 0x9f, 0xf7, 0x0,
    0x0, 0x0, 0x0, 0x6f, 0xfa, 0x0, 0x0, 0x9f,
    0xf7, 0x0, 0x0, 0x0, 0x0, 0x6f, 0xfa, 0x0,
    0x0, 0x9f, 0xf7, 0x0, 0x0, 0x0, 0x0, 0x6f,
    0xfa, 0x0, 0x0, 0x9f, 0xff, 0xff, 0xff, 0xff,
    0xff, 0xff, 0xfa, 0x0, 0x0, 0x9f, 0xff, 0xff,
    0xff, 0xff, 0xff, 0xff, 0xfa, 0x0, 0x0, 0x9f,
    0xff, 0xbb, 0xbb, 0xbb, 0xbb, 0xff, 0xfa, 0x0,
    0x0, 0x9f, 0xf7, 0x0, 0x0, 0x0, 0x0, 0x6f,
    0xfa, 0x0, 0x0, 0x9f, 0xf7, 0x0, 0x0, 0x0,
    0x0, 0x6f, 0xfa, 0x0, 0x0, 0x9f, 0xf7, 0x0,
    0x0, 0x0, 0x0, 0x6f, 0xfa, 0x0, 0x0, 0x9f,
    0xf7, 0x0, 0x0, 0x0, 0x0, 0x6f, 0xfa, 0x0,
    0x0, 0x9f, 0xf7, 0x0, 0x0, 0x0, 0x0, 0x6f,
    0xfa, 0x0, 0x0, 0x9f, 0xf7, 0x0, 0x0, 0x0,
    0x0, 0x6f, 0xfa, 0x0, 0x0, 0x9f, 0xf7, 0x0,
    0x0, 0x0, 0x0, 0x6f, 0xfa, 0x0, 0x0, 0x9f,
    0xf7, 0x0, 0x0, 0x0, 0x0, 0x6f, 0xfa, 0x0,

    /* U+0127 "ħ" */
    0x0, 0xef, 0xf1, 0x0, 0x0, 0x0, 0x0, 0x1,
    0x1f, 0xff, 0x21, 0x11, 0x0, 0x0, 0x0, 0xdf,
    0xff, 0xff, 0xff, 0xf0, 0x0, 0x0, 0xd, 0xff,
    0xff, 0xff, 0xff, 0x0, 0x0, 0x0, 0x0, 0xef,
    0xf1, 0x0, 0x0, 0x0, 0x0, 0x0, 0xe, 0xff,
    0x13, 0xae, 0xfd, 0x91, 0x0, 0x0, 0xef, 0xf5,
    0xff, 0xff, 0xff, 0xe2, 0x0, 0xe, 0xff, 0xff,
    0xa7, 0x9f, 0xff, 0xb0, 0x0, 0xef, 0xff, 0x20,
    0x0, 0x3f, 0xff, 0x20, 0xe, 0xff, 0x70, 0x0,
    0x0, 0xbf, 0xf5, 0x0, 0xef, 0xf3, 0x0, 0x0,
    0x9, 0xff, 0x60, 0xe, 0xff, 0x10, 0x0, 0x0,
    0x8f, 0xf7, 0x0, 0xef, 0xf1, 0x0, 0x0, 0x8,
    0xff, 0x70, 0xe, 0xff, 0x10, 0x0, 0x0, 0x8f,
    0xf7, 0x0, 0xef, 0xf1, 0x0, 0x0, 0x8, 0xff,
    0x70, 0xe, 0xff, 0x10, 0x0, 0x0, 0x8f, 0xf7,
    0x0, 0xef, 0xf1, 0x0, 0x0, 0x8, 0xff, 0x70,
    0xe, 0xff, 0x10, 0x0, 0x0, 0x8f, 0xf7, 0x0,
    0xef, 0xf1, 0x0, 0x0, 0x8, 0xff, 0x70, 0xe,
    0xff, 0x10, 0x0, 0x0, 0x8f, 0xf7,

    /* U+0128 "Ĩ" */
    0x6, 0xef, 0xb4, 0x5, 0xf5, 0x4f, 0xfe, 0xff,
    0xef, 0xf1, 0x8f, 0x30, 0x5c, 0xfd, 0x40, 0x0,
    0x0, 0x0, 0x0, 0x0, 0x0, 0x0, 0x0, 0x0,
    0x0, 0x0, 0x9, 0xff, 0x70, 0x0, 0x0, 0x9,
    0xff, 0x70, 0x0, 0x0, 0x9, 0xff, 0x70, 0x0,
    0x0, 0x9, 0xff, 0x70, 0x0, 0x0, 0x9, 0xff,
    0x70, 0x0, 0x0, 0x9, 0xff, 0x70, 0x0, 0x0,
    0x9, 0xff, 0x70, 0x0, 0x0, 0x9, 0xff, 0x70,
    0x0, 0x0, 0x9, 0xff, 0x70, 0x0, 0x0, 0x9,
    0xff, 0x70, 0x0, 0x0, 0x9, 0xff, 0x70, 0x0,
    0x0, 0x9, 0xff, 0x70, 0x0, 0x0, 0x9, 0xff,
    0x70, 0x0, 0x0, 0x9, 0xff, 0x70, 0x0, 0x0,
    0x9, 0xff, 0x70, 0x0, 0x0, 0x9, 0xff, 0x70,
    0x0, 0x0, 0x9, 0xff, 0x70, 0x0, 0x0, 0x9,
    0xff, 0x70, 0x0, 0x0, 0x9, 0xff, 0x70, 0x0,
    0x0, 0x9, 0xff, 0x70, 0x0,

    /* U+0129 "ĩ" */
    0x0, 0x0, 0x0, 0x4, 0x80, 0xa, 0xee, 0x91,
    0xc, 0xf0, 0x9f, 0xff, 0xff, 0xef, 0x90, 0xdd,
    0x0, 0x8e, 0xea, 0x0, 0x0, 0x0, 0x0, 0x0,
    0x0, 0x0, 0x0, 0x0, 0x0, 0x0, 0x0, 0xe,
    0xff, 0x10, 0x0, 0x0, 0xe, 0xff, 0x10, 0x0,
    0x0, 0xe, 0xff, 0x10, 0x0, 0x0, 0xe, 0xff,
    0x10, 0x0, 0x0, 0xe, 0xff, 0x10, 0x0, 0x0,
    0xe, 0xff, 0x10, 0x0, 0x0, 0xe, 0xff, 0x10,
    0x0, 0x0, 0xe, 0xff, 0x10, 0x0, 0x0, 0xe,
    0xff, 0x10, 0x0, 0x0, 0xe, 0xff, 0x10, 0x0,
    0x0, 0xe, 0xff, 0x10, 0x0, 0x0, 0xe, 0xff,
    0x10, 0x0, 0x0, 0xe, 0xff, 0x10, 0x0, 0x0,
    0xe, 0xff, 0x10, 0x0, 0x0, 0xe, 0xff, 0x10,
    0x0,

    /* U+012A "Ī" */
    0x55, 0x55, 0x55, 0x54, 0xff, 0xff, 0xff, 0xfd,
    0xff, 0xff, 0xff, 0xfd, 0x0, 0x0, 0x0, 0x0,
    0x0, 0x0, 0x0, 0x0, 0x0, 0x9f, 0xf7, 0x0,
    0x0, 0x9f, 0xf7, 0x0, 0x0, 0x9f, 0xf7, 0x0,
    0x0, 0x9f, 0xf7, 0x0, 0x0, 0x9f, 0xf7, 0x0,
    0x0, 0x9f, 0xf7, 0x0, 0x0, 0x9f, 0xf7, 0x0,
    0x0, 0x9f, 0xf7, 0x0, 0x0, 0x9f, 0xf7, 0x0,
    0x0, 0x9f, 0xf7, 0x0, 0x0, 0x9f, 0xf7, 0x0,
    0x0, 0x9f, 0xf7, 0x0, 0x0, 0x9f, 0xf7, 0x0,
    0x0, 0x9f, 0xf7, 0x0, 0x0, 0x9f, 0xf7, 0x0,
    0x0, 0x9f, 0xf7, 0x0, 0x0, 0x9f, 0xf7, 0x0,
    0x0, 0x9f, 0xf7, 0x0, 0x0, 0x9f, 0xf7, 0x0,
    0x0, 0x9f, 0xf7, 0x0,

    /* U+012B "ī" */
    0x5f, 0xff, 0xff, 0xff, 0x75, 0xff, 0xff, 0xff,
    0xf7, 0x15, 0x55, 0x55, 0x55, 0x20, 0x0, 0x0,
    0x0, 0x0, 0x0, 0x0, 0x0, 0x0, 0x0, 0x0,
    0xef, 0xf1, 0x0, 0x0, 0xe, 0xff, 0x10, 0x0,
    0x0, 0xef, 0xf1, 0x0, 0x0, 0xe, 0xff, 0x10,
    0x0, 0x0, 0xef, 0xf1, 0x0, 0x0, 0xe, 0xff,
    0x10, 0x0, 0x0, 0xef, 0xf1, 0x0, 0x0, 0xe,
    0xff, 0x10, 0x0, 0x0, 0xef, 0xf1, 0x0, 0x0,
    0xe, 0xff, 0x10, 0x0, 0x0, 0xef, 0xf1, 0x0,
    0x0, 0xe, 0xff, 0x10, 0x0, 0x0, 0xef, 0xf1,
    0x0, 0x0, 0xe, 0xff, 0x10, 0x0, 0x0, 0xef,
    0xf1, 0x0,

    /* U+012C "Ĭ" */
    0x8, 0x50, 0x0, 0x6, 0x70, 0xef, 0x20, 0x3,
    0xfc, 0x5, 0xff, 0xcc, 0xff, 0x40, 0x4, 0xce,
    0xeb, 0x30, 0x0, 0x0, 0x0, 0x0, 0x0, 0x0,
    0x0, 0x0, 0x0, 0x0, 0x6, 0xff, 0x30, 0x0,
    0x0, 0x6f, 0xf3, 0x0, 0x0, 0x6, 0xff, 0x30,
    0x0, 0x0, 0x6f, 0xf3, 0x0, 0x0, 0x6, 0xff,
    0x30, 0x0, 0x0, 0x6f, 0xf3, 0x0, 0x0, 0x6,
    0xff, 0x30, 0x0, 0x0, 0x6f, 0xf3, 0x0, 0x0,
    0x6, 0xff, 0x30, 0x0, 0x0, 0x6f, 0xf3, 0x0,
    0x0, 0x6, 0xff, 0x30, 0x0, 0x0, 0x6f, 0xf3,
    0x0, 0x0, 0x6, 0xff, 0x30, 0x0, 0x0, 0x6f,
    0xf3, 0x0, 0x0, 0x6, 0xff, 0x30, 0x0, 0x0,
    0x6f, 0xf3, 0x0, 0x0, 0x6, 0xff, 0x30, 0x0,
    0x0, 0x6f, 0xf3, 0x0, 0x0, 0x6, 0xff, 0x30,
    0x0, 0x0, 0x6f, 0xf3, 0x0,

    /* U+012D "ĭ" */
    0xce, 0x10, 0x0, 0xdf, 0x5, 0xff, 0xcc, 0xff,
    0x80, 0x4, 0xbe, 0xfc, 0x60, 0x0, 0x0, 0x0,
    0x0, 0x0, 0x0, 0x0, 0x0, 0x0, 0x0, 0x2,
    0xff, 0x50, 0x0, 0x0, 0x2f, 0xf5, 0x0, 0x0,
    0x2, 0xff, 0x50, 0x0, 0x0, 0x2f, 0xf5, 0x0,
    0x0, 0x2, 0xff, 0x50, 0x0, 0x0, 0x2f, 0xf5,
    0x0, 0x0, 0x2, 0xff, 0x50, 0x0, 0x0, 0x2f,
    0xf5, 0x0, 0x0, 0x2, 0xff, 0x50, 0x0, 0x0,
    0x2f, 0xf5, 0x0, 0x0, 0x2, 0xff, 0x50, 0x0,
    0x0, 0x2f, 0xf5, 0x0, 0x0, 0x2, 0xff, 0x50,
    0x0, 0x0, 0x2f, 0xf5, 0x0, 0x0, 0x2, 0xff,
    0x50, 0x0,

    /* U+012E "Į" */
    0x9, 0xff, 0x70, 0x9, 0xff, 0x70, 0x9, 0xff,
    0x70, 0x9, 0xff, 0x70, 0x9, 0xff, 0x70, 0x9,
    0xff, 0x70, 0x9, 0xff, 0x70, 0x9, 0xff, 0x70,
    0x9, 0xff, 0x70, 0x9, 0xff, 0x70, 0x9, 0xff,
    0x70, 0x9, 0xff, 0x70, 0x9, 0xff, 0x70, 0x9,
    0xff, 0x70, 0x9, 0xff, 0x70, 0x9, 0xff, 0x70,
    0x9, 0xff, 0x70, 0x9, 0xff, 0x70, 0x9, 0xff,
    0x70, 0x9, 0xff, 0x70, 0x5, 0xfe, 0x20, 0x1e,
    0xf5, 0x0, 0x9f, 0xc0, 0x0, 0xef, 0xc1, 0x30,
    0xdf, 0xff, 0xf1, 0x3c, 0xfe, 0xb2,

    /* U+012F "į" */
    0x0, 0xff, 0xf2, 0x0, 0xf, 0xff, 0x20, 0x0,
    0xee, 0xe1, 0x0, 0x0, 0x0, 0x0, 0x0, 0x0,
    0x0, 0x0, 0xe, 0xff, 0x10, 0x0, 0xef, 0xf1,
    0x0, 0xe, 0xff, 0x10, 0x0, 0xef, 0xf1, 0x0,
    0xe, 0xff, 0x10, 0x0, 0xef, 0xf1, 0x0, 0xe,
    0xff, 0x10, 0x0, 0xef, 0xf1, 0x0, 0xe, 0xff,
    0x10, 0x0, 0xef, 0xf1, 0x0, 0xe, 0xff, 0x10,
    0x0, 0xef, 0xf1, 0x0, 0xe, 0xff, 0x10, 0x0,
    0xef, 0xf1, 0x0, 0xf, 0xff, 0x10, 0x0, 0xbf,
    0xb0, 0x0, 0x5f, 0xe1, 0x0, 0xe, 0xf7, 0x0,
    0x3, 0xff, 0x72, 0x20, 0x2f, 0xff, 0xfc, 0x0,
    0x6d, 0xfd, 0x90,

    /* U+0130 "İ" */
    0x9e, 0xe6, 0xaf, 0xf7, 0xaf, 0xf7, 0x0, 0x0,
    0x0, 0x0, 0x9f, 0xf7, 0x9f, 0xf7, 0x9f, 0xf7,
    0x9f, 0xf7, 0x9f, 0xf7, 0x9f, 0xf7, 0x9f, 0xf7,
    0x9f, 0xf7, 0x9f, 0xf7, 0x9f, 0xf7, 0x9f, 0xf7,
    0x9f, 0xf7, 0x9f, 0xf7, 0x9f, 0xf7, 0x9f, 0xf7,
    0x9f, 0xf7, 0x9f, 0xf7, 0x9f, 0xf7, 0x9f, 0xf7,
    0x9f, 0xf7,

    /* U+0131 "ı" */
    0xef, 0xf1, 0xef, 0xf1, 0xef, 0xf1, 0xef, 0xf1,
    0xef, 0xf1, 0xef, 0xf1, 0xef, 0xf1, 0xef, 0xf1,
    0xef, 0xf1, 0xef, 0xf1, 0xef, 0xf1, 0xef, 0xf1,
    0xef, 0xf1, 0xef, 0xf1, 0xef, 0xf1,

    /* U+0132 "Ĳ" */
    0x9f, 0xf7, 0x0, 0x0, 0x0, 0x0, 0x0, 0x0,
    0xb, 0xff, 0x59, 0xff, 0x70, 0x0, 0x0, 0x0,
    0x0, 0x0, 0x0, 0xbf, 0xf5, 0x9f, 0xf7, 0x0,
    0x0, 0x0, 0x0, 0x0, 0x0, 0xb, 0xff, 0x59,
    0xff, 0x70, 0x0, 0x0, 0x0, 0x0, 0x0, 0x0,
    0xbf, 0xf5, 0x9f, 0xf7, 0x0, 0x0, 0x0, 0x0,
    0x0, 0x0, 0xb, 0xff, 0x59, 0xff, 0x70, 0x0,
    0x0, 0x0, 0x0, 0x0, 0x0, 0xbf, 0xf5, 0x9f,
    0xf7, 0x0, 0x0, 0x0, 0x0, 0x0, 0x0, 0xb,
    0xff, 0x59, 0xff, 0x70, 0x0, 0x0, 0x0, 0x0,
    0x0, 0x0, 0xbf, 0xf5, 0x9f, 0xf7, 0x0, 0x0,
    0x0, 0x0, 0x0, 0x0, 0xb, 0xff, 0x59, 0xff,
    0x70, 0x0, 0x0, 0x0, 0x0, 0x0, 0x0, 0xbf,
    0xf5, 0x9f, 0xf7, 0x0, 0x0, 0x0, 0x0, 0x0,
    0x0, 0xb, 0xff, 0x59, 0xff, 0x70, 0x0, 0x0,
    0x0, 0x0, 0x0, 0x0, 0xbf, 0xf5, 0x9f, 0xf7,
    0x0, 0x1, 0x11, 0x0, 0x0, 0x0, 0xb, 0xff,
    0x59, 0xff, 0x70, 0x0, 0xef, 0xf2, 0x0, 0x0,
    0x0, 0xbf, 0xf4, 0x9f, 0xf7, 0x0, 0xc, 0xff,
    0x50, 0x0, 0x0, 0xe, 0xff, 0x29, 0xff, 0x70,
    0x0, 0x8f, 0xfa, 0x0, 0x0, 0x4, 0xff, 0xe0,
    0x9f, 0xf7, 0x0, 0x2, 0xff, 0xf7, 0x0, 0x3,
    0xef, 0xf8, 0x9, 0xff, 0x70, 0x0, 0x7, 0xff,
    0xfe, 0xbd, 0xff, 0xfd, 0x0, 0x9f, 0xf7, 0x0,
    0x0, 0x8, 0xff, 0xff, 0xff, 0xfd, 0x20, 0x9,
    0xff, 0x70, 0x0, 0x0, 0x3, 0xad, 0xfe, 0xc6,
    0x0, 0x0,

    /* U+0133 "ĳ" */
    0xff, 0xf2, 0x0, 0x7, 0xff, 0xaf, 0xff, 0x20,
    0x0, 0x7f, 0xfa, 0xee, 0xe1, 0x0, 0x6, 0xee,
    0x90, 0x0, 0x0, 0x0, 0x0, 0x0, 0x0, 0x0,
    0x0, 0x0, 0x0, 0xe, 0xff, 0x10, 0x0, 0x6f,
    0xf9, 0xef, 0xf1, 0x0, 0x6, 0xff, 0x9e, 0xff,
    0x10, 0x0, 0x6f, 0xf9, 0xef, 0xf1, 0x0, 0x6,
    0xff, 0x9e, 0xff, 0x10, 0x0, 0x6f, 0xf9, 0xef,
    0xf1, 0x0, 0x6, 0xff, 0x9e, 0xff, 0x10, 0x0,
    0x6f, 0xf9, 0xef, 0xf1, 0x0, 0x6, 0xff, 0x9e,
    0xff, 0x10, 0x0, 0x6f, 0xf9, 0xef, 0xf1, 0x0,
    0x6, 0xff, 0x9e, 0xff, 0x10, 0x0, 0x6f, 0xf9,
    0xef, 0xf1, 0x0, 0x6, 0xff, 0x9e, 0xff, 0x10,
    0x0, 0x6f, 0xf9, 0xef, 0xf1, 0x0, 0x6, 0xff,
    0x9e, 0xff, 0x10, 0x0, 0x6f, 0xf9, 0x0, 0x0,
    0x0, 0x7, 0xff, 0x80, 0x0, 0x2, 0x67, 0xef,
    0xf6, 0x0, 0x0, 0x6f, 0xff, 0xff, 0x10, 0x0,
    0x6, 0xff, 0xeb, 0x30,

    /* U+0134 "Ĵ" */
    0x0, 0x0, 0x0, 0x0, 0x0, 0x18, 0x88, 0x10,
    0x0, 0x0, 0x0, 0x0, 0x0, 0xb, 0xff, 0xfc,
    0x0, 0x0, 0x0, 0x0, 0x0, 0x7, 0xfd, 0x2d,
    0xf8, 0x0, 0x0, 0x0, 0x0, 0x3, 0xfe, 0x20,
    0x2e, 0xf4, 0x0, 0x0, 0x0, 0x0, 0x0, 0x0,
    0x0, 0x0, 0x0, 0x0, 0x0, 0x0, 0x0, 0x0,
    0x0, 0x0, 0x0, 0x0, 0x0, 0x0, 0x0, 0x0,
    0xf, 0xff, 0x0, 0x0, 0x0, 0x0, 0x0, 0x0,
    0x0, 0xff, 0xf0, 0x0, 0x0, 0x0, 0x0, 0x0,
    0x0, 0xf, 0xff, 0x0, 0x0, 0x0, 0x0, 0x0,
    0x0, 0x0, 0xff, 0xf0, 0x0, 0x0, 0x0, 0x0,
    0x0, 0x0, 0xf, 0xff, 0x0, 0x0, 0x0, 0x0,
    0x0, 0x0, 0x0, 0xff, 0xf0, 0x0, 0x0, 0x0,
    0x0, 0x0, 0x0, 0xf, 0xff, 0x0, 0x0, 0x0,
    0x0, 0x0, 0x0, 0x0, 0xff, 0xf0, 0x0, 0x0,
    0x0, 0x0, 0x0, 0x0, 0xf, 0xff, 0x0, 0x0,
    0x0, 0x0, 0x0, 0x0, 0x0, 0xff, 0xf0, 0x0,
    0x0, 0x0, 0x0, 0x0, 0x0, 0xf, 0xff, 0x0,
    0x0, 0x0, 0x0, 0x0, 0x0, 0x0, 0xff, 0xf0,
    0x0, 0x1, 0x11, 0x0, 0x0, 0x0, 0xf, 0xff,
    0x0, 0x3, 0xff, 0xd0, 0x0, 0x0, 0x1, 0xff,
    0xe0, 0x0, 0x1f, 0xff, 0x0, 0x0, 0x0, 0x3f,
    0xfd, 0x0, 0x0, 0xdf, 0xf5, 0x0, 0x0, 0x9,
    0xff, 0x80, 0x0, 0x7, 0xff, 0xe3, 0x0, 0x6,
    0xff, 0xf2, 0x0, 0x0, 0xc, 0xff, 0xfd, 0xbe,
    0xff, 0xf8, 0x0, 0x0, 0x0, 0x1c, 0xff, 0xff,
    0xff, 0xf9, 0x0, 0x0, 0x0, 0x0, 0x6, 0xbe,
    0xfd, 0xa4, 0x0, 0x0, 0x0,

    /* U+0135 "ĵ" */
    0x0, 0x2, 0x88, 0x70, 0x0, 0x0, 0xd, 0xfd,
    0xfa, 0x0, 0x0, 0x9f, 0x90, 0xdf, 0x50, 0x5,
    0xfd, 0x0, 0x3f, 0xf2, 0x0, 0x10, 0x0, 0x1,
    0x10, 0x0, 0x0, 0x0, 0x0, 0x0, 0x0, 0x1,
    0xff, 0xd0, 0x0, 0x0, 0x1, 0xff, 0xd0, 0x0,
    0x0, 0x1, 0xff, 0xd0, 0x0, 0x0, 0x1, 0xff,
    0xd0, 0x0, 0x0, 0x1, 0xff, 0xd0, 0x0, 0x0,
    0x1, 0xff, 0xd0, 0x0, 0x0, 0x1, 0xff, 0xd0,
    0x0, 0x0, 0x1, 0xff, 0xd0, 0x0, 0x0, 0x1,
    0xff, 0xd0, 0x0, 0x0, 0x1, 0xff, 0xd0, 0x0,
    0x0, 0x1, 0xff, 0xd0, 0x0, 0x0, 0x1, 0xff,
    0xd0, 0x0, 0x0, 0x1, 0xff, 0xd0, 0x0, 0x0,
    0x1, 0xff, 0xd0, 0x0, 0x0, 0x1, 0xff, 0xd0,
    0x0, 0x0, 0x3, 0xff, 0xd0, 0x0, 0x6, 0x7d,
    0xff, 0xb0, 0x0, 0x1f, 0xff, 0xff, 0x40, 0x0,
    0x1f, 0xff, 0xc5, 0x0, 0x0,

    /* U+0136 "Ķ" */
    0x9f, 0xf7, 0x0, 0x0, 0x0, 0xa, 0xff, 0xe2,
    0x9f, 0xf7, 0x0, 0x0, 0x0, 0x8f, 0xff, 0x30,
    0x9f, 0xf7, 0x0, 0x0, 0x6, 0xff, 0xf4, 0x0,
    0x9f, 0xf7, 0x0, 0x0, 0x4f, 0xff, 0x60, 0x0,
    0x9f, 0xf7, 0x0, 0x3, 0xff, 0xf8, 0x0, 0x0,
    0x9f, 0xf7, 0x0, 0x1e, 0xff, 0xa0, 0x0, 0x0,
    0x9f, 0xf7, 0x1, 0xdf, 0xfc, 0x0, 0x0, 0x0,
    0x9f, 0xf7, 0xb, 0xff, 0xd1, 0x0, 0x0, 0x0,
    0x9f, 0xf7, 0xaf, 0xff, 0x20, 0x0, 0x0, 0x0,
    0x9f, 0xfd, 0xff, 0xff, 0x60, 0x0, 0x0, 0x0,
    0x9f, 0xff, 0xff, 0xff, 0xf2, 0x0, 0x0, 0x0,
    0x9f, 0xff, 0xf4, 0xbf, 0xfd, 0x0, 0x0, 0x0,
    0x9f, 0xff, 0x60, 0x1e, 0xff, 0x90, 0x0, 0x0,
    0x9f, 0xf9, 0x0, 0x4, 0xff, 0xf4, 0x0, 0x0,
    0x9f, 0xf7, 0x0, 0x0, 0x8f, 0xfe, 0x10, 0x0,
    0x9f, 0xf7, 0x0, 0x0, 0xc, 0xff, 0xb0, 0x0,
    0x9f, 0xf7, 0x0, 0x0, 0x2, 0xff, 0xf7, 0x0,
    0x9f, 0xf7, 0x0, 0x0, 0x0, 0x6f, 0xff, 0x30,
    0x9f, 0xf7, 0x0, 0x0, 0x0, 0xa, 0xff, 0xd0,
    0x9f, 0xf7, 0x0, 0x0, 0x0, 0x1, 0xef, 0xf9,
    0x0, 0x0, 0x0, 0x0, 0x0, 0x0, 0x0, 0x0,
    0x0, 0x0, 0x0, 0x8b, 0xb3, 0x0, 0x0, 0x0,
    0x0, 0x0, 0x0, 0xbf, 0xf5, 0x0, 0x0, 0x0,
    0x0, 0x0, 0x0, 0xbf, 0xf5, 0x0, 0x0, 0x0,
    0x0, 0x0, 0x0, 0x1f, 0xd0, 0x0, 0x0, 0x0,
    0x0, 0x0, 0x0, 0xaf, 0x40, 0x0, 0x0, 0x0,
    0x0, 0x0, 0x0, 0x76, 0x0, 0x0, 0x0, 0x0,

    /* U+0137 "ķ" */
    0xef, 0xf1, 0x0, 0x0, 0x0, 0x0, 0x0, 0xef,
    0xf1, 0x0, 0x0, 0x0, 0x0, 0x0, 0xef, 0xf1,
    0x0, 0x0, 0x0, 0x0, 0x0, 0xef, 0xf1, 0x0,
    0x0, 0x0, 0x0, 0x0, 0xef, 0xf1, 0x0, 0x0,
    0x0, 0x0, 0x0, 0xef, 0xf1, 0x0, 0x0, 0xa,
    0xff, 0xe2, 0xef, 0xf1, 0x0, 0x0, 0x9f, 0xff,
    0x30, 0xef, 0xf1, 0x0, 0x7, 0xff, 0xf3, 0x0,
    0xef, 0xf1, 0x0, 0x6f, 0xff, 0x40, 0x0, 0xef,
    0xf1, 0x4, 0xff, 0xf5, 0x0, 0x0, 0xef, 0xf1,
    0x3f, 0xff, 0x70, 0x0, 0x0, 0xef, 0xf3, 0xef,
    0xfe, 0x0, 0x0, 0x0, 0xef, 0xfe, 0xff, 0xff,
    0x80, 0x0, 0x0, 0xef, 0xff, 0xf8, 0xff, 0xf3,
    0x0, 0x0, 0xef, 0xff, 0x70, 0x6f, 0xfd, 0x0,
    0x0, 0xef, 0xf8, 0x0, 0xb, 0xff, 0x90, 0x0,
    0xef, 0xf1, 0x0, 0x1, 0xff, 0xf4, 0x0, 0xef,
    0xf1, 0x0, 0x0, 0x6f, 0xfe, 0x10, 0xef, 0xf1,
    0x0, 0x0, 0xb, 0xff, 0xb0, 0xef, 0xf1, 0x0,
    0x0, 0x1, 0xef, 0xf6, 0x0, 0x0, 0x0, 0x0,
    0x0, 0x0, 0x0, 0x0, 0x0, 0xb, 0xbb, 0x0,
    0x0, 0x0, 0x0, 0x0, 0x1f, 0xff, 0x0, 0x0,
    0x0, 0x0, 0x0, 0x1f, 0xff, 0x0, 0x0, 0x0,
    0x0, 0x0, 0x6, 0xf8, 0x0, 0x0, 0x0, 0x0,
    0x0, 0x1e, 0xe0, 0x0, 0x0, 0x0, 0x0, 0x0,
    0x38, 0x30, 0x0, 0x0, 0x0,

    /* U+0138 "ĸ" */
    0x2f, 0xf5, 0x0, 0x2, 0xbf, 0xe0, 0x2f, 0xf5,
    0x0, 0xc, 0xff, 0xe0, 0x2f, 0xf5, 0x0, 0x5f,
    0xd2, 0x10, 0x2f, 0xf5, 0x0, 0xbf, 0x60, 0x0,
    0x2f, 0xf5, 0x2, 0xff, 0x0, 0x0, 0x2f, 0xf5,
    0xb, 0xf8, 0x0, 0x0, 0x2f, 0xfb, 0xcf, 0xb0,
    0x0, 0x0, 0x2f, 0xff, 0xff, 0x50, 0x0, 0x0,
    0x2f, 0xf5, 0x5f, 0xf7, 0x0, 0x0, 0x2f, 0xf5,
    0x5, 0xff, 0x40, 0x0, 0x2f, 0xf5, 0x0, 0xcf,
    0xd0, 0x0, 0x2f, 0xf5, 0x0, 0x3f, 0xf7, 0x0,
    0x2f, 0xf5, 0x0, 0x9, 0xff, 0x10, 0x2f, 0xf5,
    0x0, 0x1, 0xff, 0x90, 0x2f, 0xf5, 0x0, 0x0,
    0x7f, 0xf3,

    /* U+0139 "Ĺ" */
    0x0, 0xdf, 0xf2, 0x0, 0x0, 0x0, 0x0, 0x5,
    0xff, 0x70, 0x0, 0x0, 0x0, 0x0, 0xd, 0xfc,
    0x0, 0x0, 0x0, 0x0, 0x0, 0x2b, 0xa2, 0x0,
    0x0, 0x0, 0x0, 0x0, 0x0, 0x0, 0x0, 0x0,
    0x0, 0x0, 0x0, 0x9f, 0xf7, 0x0, 0x0, 0x0,
    0x0, 0x0, 0x9f, 0xf7, 0x0, 0x0, 0x0, 0x0,
    0x0, 0x9f, 0xf7, 0x0, 0x0, 0x0, 0x0, 0x0,
    0x9f, 0xf7, 0x0, 0x0, 0x0, 0x0, 0x0, 0x9f,
    0xf7, 0x0, 0x0, 0x0, 0x0, 0x0, 0x9f, 0xf7,
    0x0, 0x0, 0x0, 0x0, 0x0, 0x9f, 0xf7, 0x0,
    0x0, 0x0, 0x0, 0x0, 0x9f, 0xf7, 0x0, 0x0,
    0x0, 0x0, 0x0, 0x9f, 0xf7, 0x0, 0x0, 0x0,
    0x0, 0x0, 0x9f, 0xf7, 0x0, 0x0, 0x0, 0x0,
    0x0, 0x9f, 0xf7, 0x0, 0x0, 0x0, 0x0, 0x0,
    0x9f, 0xf7, 0x0, 0x0, 0x0, 0x0, 0x0, 0x9f,
    0xf7, 0x0, 0x0, 0x0, 0x0, 0x0, 0x9f, 0xf7,
    0x0, 0x0, 0x0, 0x0, 0x0, 0x9f, 0xf7, 0x0,
    0x0, 0x0, 0x0, 0x0, 0x9f, 0xf7, 0x0, 0x0,
    0x0, 0x0, 0x0, 0x9f, 0xf7, 0x0, 0x0, 0x0,
    0x0, 0x0, 0x9f, 0xff, 0xbb, 0xbb, 0xbb, 0xbb,
    0xb1, 0x9f, 0xff, 0xff, 0xff, 0xff, 0xff, 0xf2,
    0x9f, 0xff, 0xff, 0xff, 0xff, 0xff, 0xf2,

    /* U+013A "ĺ" */
    0x3, 0xff, 0xc0, 0xb, 0xff, 0x20, 0x2f, 0xf6,
    0x0, 0x6b, 0x90, 0x0, 0xef, 0xf1, 0x0, 0xef,
    0xf1, 0x0, 0xef, 0xf1, 0x0, 0xef, 0xf1, 0x0,
    0xef, 0xf1, 0x0, 0xef, 0xf1, 0x0, 0xef, 0xf1,
    0x0, 0xef, 0xf1, 0x0, 0xef, 0xf1, 0x0, 0xef,
    0xf1, 0x0, 0xef, 0xf1, 0x0, 0xef, 0xf1, 0x0,
    0xef, 0xf1, 0x0, 0xef, 0xf1, 0x0, 0xef, 0xf1,
    0x0, 0xef, 0xf1, 0x0, 0xef, 0xf1, 0x0, 0xcf,
    0xfa, 0x61, 0x8f, 0xff, 0xf4, 0x8, 0xef, 0xf4,

    /* U+013B "Ļ" */
    0x9f, 0xf7, 0x0, 0x0, 0x0, 0x0, 0x0, 0x9f,
    0xf7, 0x0, 0x0, 0x0, 0x0, 0x0, 0x9f, 0xf7,
    0x0, 0x0, 0x0, 0x0, 0x0, 0x9f, 0xf7, 0x0,
    0x0, 0x0, 0x0, 0x0, 0x9f, 0xf7, 0x0, 0x0,
    0x0, 0x0, 0x0, 0x9f, 0xf7, 0x0, 0x0, 0x0,
    0x0, 0x0, 0x9f, 0xf7, 0x0, 0x0, 0x0, 0x0,
    0x0, 0x9f, 0xf7, 0x0, 0x0, 0x0, 0x0, 0x0,
    0x9f, 0xf7, 0x0, 0x0, 0x0, 0x0, 0x0, 0x9f,
    0xf7, 0x0, 0x0, 0x0, 0x0, 0x0, 0x9f, 0xf7,
    0x0, 0x0, 0x0, 0x0, 0x0, 0x9f, 0xf7, 0x0,
    0x0, 0x0, 0x0, 0x0, 0x9f, 0xf7, 0x0, 0x0,
    0x0, 0x0, 0x0, 0x9f, 0xf7, 0x0, 0x0, 0x0,
    0x0, 0x0, 0x9f, 0xf7, 0x0, 0x0, 0x0, 0x0,
    0x0, 0x9f, 0xf7, 0x0, 0x0, 0x0, 0x0, 0x0,
    0x9f, 0xf7, 0x0, 0x0, 0x0, 0x0, 0x0, 0x9f,
    0xff, 0xbb, 0xbb, 0xbb, 0xbb, 0xb1, 0x9f, 0xff,
    0xff, 0xff, 0xff, 0xff, 0xf2, 0x9f, 0xff, 0xff,
    0xff, 0xff, 0xff, 0xf2, 0x0, 0x0, 0x0, 0x0,
    0x0, 0x0, 0x0, 0x0, 0x0, 0x8, 0xbb, 0x30,
    0x0, 0x0, 0x0, 0x0, 0xc, 0xff, 0x40, 0x0,
    0x0, 0x0, 0x0, 0xc, 0xff, 0x40, 0x0, 0x0,
    0x0, 0x0, 0x1, 0xfd, 0x0, 0x0, 0x0, 0x0,
    0x0, 0xa, 0xf3, 0x0, 0x0, 0x0, 0x0, 0x0,
    0x17, 0x60, 0x0, 0x0, 0x0,

    /* U+013C "ļ" */
    0xef, 0xf1, 0x0, 0xef, 0xf1, 0x0, 0xef, 0xf1,
    0x0, 0xef, 0xf1, 0x0, 0xef, 0xf1, 0x0, 0xef,
    0xf1, 0x0, 0xef, 0xf1, 0x0, 0xef, 0xf1, 0x0,
    0xef, 0xf1, 0x0, 0xef, 0xf1, 0x0, 0xef, 0xf1,
    0x0, 0xef, 0xf1, 0x0, 0xef, 0xf1, 0x0, 0xef,
    0xf1, 0x0, 0xef, 0xf1, 0x0, 0xef, 0xf1, 0x0,
    0xef, 0xf1, 0x0, 0xcf, 0xfa, 0x61, 0x8f, 0xff,
    0xf4, 0x8, 0xef, 0xf4, 0x0, 0x0, 0x0, 0x8,
    0xbb, 0x30, 0xc, 0xff, 0x50, 0xc, 0xff, 0x40,
    0x1, 0xfd, 0x0, 0xa, 0xf4, 0x0, 0x7, 0x60,
    0x0,

    /* U+013D "Ľ" */
    0x9f, 0xf7, 0x0, 0x0, 0x2, 0xff, 0x80, 0x9f,
    0xf7, 0x0, 0x0, 0x4, 0xff, 0x50, 0x9f, 0xf7,
    0x0, 0x0, 0x6, 0xff, 0x20, 0x9f, 0xf7, 0x0,
    0x0, 0x8, 0xfe, 0x0, 0x9f, 0xf7, 0x0, 0x0,
    0xa, 0xfb, 0x0, 0x9f, 0xf7, 0x0, 0x0, 0xc,
    0xf8, 0x0, 0x9f, 0xf7, 0x0, 0x0, 0xe, 0xf5,
    0x0, 0x9f, 0xf7, 0x0, 0x0, 0x4, 0x50, 0x0,
    0x9f, 0xf7, 0x0, 0x0, 0x0, 0x0, 0x0, 0x9f,
    0xf7, 0x0, 0x0, 0x0, 0x0, 0x0, 0x9f, 0xf7,
    0x0, 0x0, 0x0, 0x0, 0x0, 0x9f, 0xf7, 0x0,
    0x0, 0x0, 0x0, 0x0, 0x9f, 0xf7, 0x0, 0x0,
    0x0, 0x0, 0x0, 0x9f, 0xf7, 0x0, 0x0, 0x0,
    0x0, 0x0, 0x9f, 0xf7, 0x0, 0x0, 0x0, 0x0,
    0x0, 0x9f, 0xf7, 0x0, 0x0, 0x0, 0x0, 0x0,
    0x9f, 0xf7, 0x0, 0x0, 0x0, 0x0, 0x0, 0x9f,
    0xff, 0xbb, 0xbb, 0xbb, 0xbb, 0xb1, 0x9f, 0xff,
    0xff, 0xff, 0xff, 0xff, 0xf2, 0x9f, 0xff, 0xff,
    0xff, 0xff, 0xff, 0xf2,

    /* U+013E "ľ" */
    0xef, 0xf1, 0x9, 0xff, 0x2e, 0xff, 0x10, 0xbf,
    0xf0, 0xef, 0xf1, 0xd, 0xfb, 0xe, 0xff, 0x10,
    0xef, 0x80, 0xef, 0xf1, 0xf, 0xf5, 0xe, 0xff,
    0x12, 0xff, 0x20, 0xef, 0xf1, 0x4f, 0xe0, 0xe,
    0xff, 0x11, 0x53, 0x0, 0xef, 0xf1, 0x0, 0x0,
    0xe, 0xff, 0x10, 0x0, 0x0, 0xef, 0xf1, 0x0,
    0x0, 0xe, 0xff, 0x10, 0x0, 0x0, 0xef, 0xf1,
    0x0, 0x0, 0xe, 0xff, 0x10, 0x0, 0x0, 0xef,
    0xf1, 0x0, 0x0, 0xe, 0xff, 0x10, 0x0, 0x0,
    0xef, 0xf1, 0x0, 0x0, 0xc, 0xff, 0xa6, 0x10,
    0x0, 0x8f, 0xff, 0xf4, 0x0, 0x0, 0x8e, 0xff,
    0x40, 0x0,

    /* U+013F "Ŀ" */
    0xef, 0xc0, 0x0, 0x0, 0x0, 0x0, 0xe, 0xfc,
    0x0, 0x0, 0x0, 0x0, 0x0, 0xef, 0xc0, 0x0,
    0x0, 0x0, 0x0, 0xe, 0xfc, 0x0, 0x0, 0x0,
    0x0, 0x0, 0xef, 0xc0, 0x0, 0x0, 0x0, 0x0,
    0xe, 0xfc, 0x0, 0x0, 0x0, 0x0, 0x0, 0xef,
    0xc0, 0x0, 0x0, 0x0, 0x0, 0xe, 0xfc, 0x0,
    0x0, 0x0, 0x0, 0x0, 0xef, 0xc0, 0x0, 0x0,
    0x0, 0x0, 0xe, 0xfc, 0x0, 0x8, 0xff, 0x0,
    0x0, 0xef, 0xc0, 0x0, 0x8f, 0xf0, 0x0, 0xe,
    0xfc, 0x0, 0x6, 0xdd, 0x0, 0x0, 0xef, 0xc0,
    0x0, 0x0, 0x0, 0x0, 0xe, 0xfc, 0x0, 0x0,
    0x0, 0x0, 0x0, 0xef, 0xc0, 0x0, 0x0, 0x0,
    0x0, 0xe, 0xfc, 0x0, 0x0, 0x0, 0x0, 0x0,
    0xef, 0xc0, 0x0, 0x0, 0x0, 0x0, 0xe, 0xfd,
    0x66, 0x66, 0x66, 0x66, 0x64, 0xef, 0xff, 0xff,
    0xff, 0xff, 0xff, 0xae, 0xff, 0xff, 0xff, 0xff,
    0xff, 0xfa,

    /* U+0140 "ŀ" */
    0x2f, 0xf5, 0x0, 0x0, 0x2f, 0xf5, 0x0, 0x0,
    0x2f, 0xf5, 0x0, 0x0, 0x2f, 0xf5, 0x0, 0x0,
    0x2f, 0xf5, 0x0, 0x0, 0x2f, 0xf5, 0x0, 0x0,
    0x2f, 0xf5, 0x0, 0x0, 0x2f, 0xf5, 0x0, 0x0,
    0x2f, 0xf5, 0x0, 0x0, 0x2f, 0xf5, 0xc, 0xfc,
    0x2f, 0xf5, 0xc, 0xfc, 0x2f, 0xf5, 0xa, 0xd9,
    0x2f, 0xf5, 0x0, 0x0, 0x2f, 0xf5, 0x0, 0x0,
    0x2f, 0xf5, 0x0, 0x0, 0x2f, 0xf5, 0x0, 0x0,
    0x2f, 0xf5, 0x0, 0x0, 0x2f, 0xf5, 0x0, 0x0,
    0x2f, 0xf5, 0x0, 0x0, 0x2f, 0xf5, 0x0, 0x0,

    /* U+0141 "Ł" */
    0x0, 0x9f, 0xf7, 0x0, 0x0, 0x0, 0x0, 0x0,
    0x0, 0x9f, 0xf7, 0x0, 0x0, 0x0, 0x0, 0x0,
    0x0, 0x9f, 0xf7, 0x0, 0x0, 0x0, 0x0, 0x0,
    0x0, 0x9f, 0xf7, 0x0, 0x0, 0x0, 0x0, 0x0,
    0x0, 0x9f, 0xf7, 0x0, 0x0, 0x0, 0x0, 0x0,
    0x0, 0x9f, 0xf7, 0x0, 0x0, 0x0, 0x0, 0x0,
    0x0, 0x9f, 0xf7, 0x3, 0xb7, 0x0, 0x0, 0x0,
    0x0, 0x9f, 0xf9, 0xaf, 0xf7, 0x0, 0x0, 0x0,
    0x0, 0x9f, 0xff, 0xff, 0xb2, 0x0, 0x0, 0x0,
    0x1, 0xff, 0xff, 0xb3, 0x0, 0x0, 0x0, 0x0,
    0x6f, 0xff, 0xfa, 0x0, 0x0, 0x0, 0x0, 0x0,
    0x9f, 0xff, 0xf7, 0x0, 0x0, 0x0, 0x0, 0x0,
    0x64, 0x9f, 0xf7, 0x0, 0x0, 0x0, 0x0, 0x0,
    0x0, 0x9f, 0xf7, 0x0, 0x0, 0x0, 0x0, 0x0,
    0x0, 0x9f, 0xf7, 0x0, 0x0, 0x0, 0x0, 0x0,
    0x0, 0x9f, 0xf7, 0x0, 0x0, 0x0, 0x0, 0x0,
    0x0, 0x9f, 0xf7, 0x0, 0x0, 0x0, 0x0, 0x0,
    0x0, 0x9f, 0xff, 0xbb, 0xbb, 0xbb, 0xbb, 0xb1,
    0x0, 0x9f, 0xff, 0xff, 0xff, 0xff, 0xff, 0xf2,
    0x0, 0x9f, 0xff, 0xff, 0xff, 0xff, 0xff, 0xf2,

    /* U+0142 "ł" */
    0x0, 0xef, 0xf1, 0x0, 0x0, 0xef, 0xf1, 0x0,
    0x0, 0xef, 0xf1, 0x0, 0x0, 0xef, 0xf1, 0x0,
    0x0, 0xef, 0xf1, 0x0, 0x0, 0xef, 0xf1, 0x0,
    0x0, 0xef, 0xf3, 0xa4, 0x0, 0xef, 0xff, 0xf4,
    0x4, 0xff, 0xff, 0x81, 0xbf, 0xff, 0xf1, 0x0,
    0xde, 0xff, 0xf1, 0x0, 0x40, 0xef, 0xf1, 0x0,
    0x0, 0xef, 0xf1, 0x0, 0x0, 0xef, 0xf1, 0x0,
    0x0, 0xef, 0xf1, 0x0, 0x0, 0xef, 0xf1, 0x0,
    0x0, 0xef, 0xf1, 0x0, 0x0, 0xcf, 0xfa, 0x61,
    0x0, 0x8f, 0xff, 0xf4, 0x0, 0x8, 0xef, 0xf4,

    /* U+0143 "Ń" */
    0x0, 0x0, 0x0, 0x0, 0x1f, 0xfe, 0x10, 0x0,
    0x0, 0x0, 0x0, 0x0, 0x8, 0xff, 0x40, 0x0,
    0x0, 0x0, 0x0, 0x0, 0x0, 0xff, 0x90, 0x0,
    0x0, 0x0, 0x0, 0x0, 0x0, 0x4b, 0xa0, 0x0,
    0x0, 0x0, 0x0, 0x0, 0x0, 0x0, 0x0, 0x0,
    0x0, 0x0, 0x9, 0xff, 0xf8, 0x0, 0x0, 0x0,
    0x0, 0x9f, 0xf7, 0x9f, 0xff, 0xf1, 0x0, 0x0,
    0x0, 0x9, 0xff, 0x79, 0xff, 0xff, 0xa0, 0x0,
    0x0, 0x0, 0x9f, 0xf7, 0x9f, 0xff, 0xff, 0x30,
    0x0, 0x0, 0x9, 0xff, 0x79, 0xff, 0xcf, 0xfc,
    0x0, 0x0, 0x0, 0x9f, 0xf7, 0x9f, 0xf7, 0xbf,
    0xf5, 0x0, 0x0, 0x9, 0xff, 0x79, 0xff, 0x73,
    0xff, 0xd0, 0x0, 0x0, 0x9f, 0xf7, 0x9f, 0xf7,
    0x9, 0xff, 0x70, 0x0, 0x9, 0xff, 0x79, 0xff,
    0x70, 0x1f, 0xff, 0x10, 0x0, 0x9f, 0xf7, 0x9f,
    0xf7, 0x0, 0x7f, 0xf9, 0x0, 0x9, 0xff, 0x79,
    0xff, 0x70, 0x0, 0xef, 0xf2, 0x0, 0x9f, 0xf7,
    0x9f, 0xf7, 0x0, 0x5, 0xff, 0xb0, 0x9, 0xff,
    0x79, 0xff, 0x70, 0x0, 0xc, 0xff, 0x40, 0x9f,
    0xf7, 0x9f, 0xf7, 0x0, 0x0, 0x3f, 0xfd, 0x9,
    0xff, 0x79, 0xff, 0x70, 0x0, 0x0, 0xaf, 0xf6,
    0x9f, 0xf7, 0x9f, 0xf7, 0x0, 0x0, 0x1, 0xff,
    0xea, 0xff, 0x79, 0xff, 0x70, 0x0, 0x0, 0x8,
    0xff, 0xff, 0xf7, 0x9f, 0xf7, 0x0, 0x0, 0x0,
    0xe, 0xff, 0xff, 0x79, 0xff, 0x70, 0x0, 0x0,
    0x0, 0x6f, 0xff, 0xf7, 0x9f, 0xf7, 0x0, 0x0,
    0x0, 0x0, 0xcf, 0xff, 0x70,

    /* U+0144 "ń" */
    0x0, 0x0, 0x0, 0x8f, 0xf8, 0x0, 0x0, 0x0,
    0x0, 0xe, 0xfc, 0x0, 0x0, 0x0, 0x0, 0x7,
    0xff, 0x20, 0x0, 0x0, 0x0, 0x0, 0x9b, 0x60,
    0x0, 0x0, 0x0, 0x0, 0x0, 0x0, 0x0, 0x0,
    0xe, 0xfd, 0x2, 0xae, 0xfd, 0x91, 0x0, 0xef,
    0xd4, 0xff, 0xff, 0xff, 0xe2, 0xe, 0xfe, 0xef,
    0xa7, 0x9f, 0xff, 0xb0, 0xef, 0xff, 0x20, 0x0,
    0x3f, 0xff, 0x2e, 0xff, 0x70, 0x0, 0x0, 0xcf,
    0xf5, 0xef, 0xf3, 0x0, 0x0, 0x9, 0xff, 0x6e,
    0xff, 0x10, 0x0, 0x0, 0x8f, 0xf7, 0xef, 0xf1,
    0x0, 0x0, 0x8, 0xff, 0x7e, 0xff, 0x10, 0x0,
    0x0, 0x8f, 0xf7, 0xef, 0xf1, 0x0, 0x0, 0x8,
    0xff, 0x7e, 0xff, 0x10, 0x0, 0x0, 0x8f, 0xf7,
    0xef, 0xf1, 0x0, 0x0, 0x8, 0xff, 0x7e, 0xff,
    0x10, 0x0, 0x0, 0x8f, 0xf7, 0xef, 0xf1, 0x0,
    0x0, 0x8, 0xff, 0x7e, 0xff, 0x10, 0x0, 0x0,
    0x8f, 0xf7,

    /* U+0145 "Ņ" */
    0x9f, 0xff, 0x80, 0x0, 0x0, 0x0, 0x9, 0xff,
    0x79, 0xff, 0xff, 0x10, 0x0, 0x0, 0x0, 0x9f,
    0xf7, 0x9f, 0xff, 0xfa, 0x0, 0x0, 0x0, 0x9,
    0xff, 0x79, 0xff, 0xff, 0xf3, 0x0, 0x0, 0x0,
    0x9f, 0xf7, 0x9f, 0xfc, 0xff, 0xc0, 0x0, 0x0,
    0x9, 0xff, 0x79, 0xff, 0x7b, 0xff, 0x50, 0x0,
    0x0, 0x9f, 0xf7, 0x9f, 0xf7, 0x3f, 0xfd, 0x0,
    0x0, 0x9, 0xff, 0x79, 0xff, 0x70, 0x9f, 0xf7,
    0x0, 0x0, 0x9f, 0xf7, 0x9f, 0xf7, 0x1, 0xff,
    0xf1, 0x0, 0x9, 0xff, 0x79, 0xff, 0x70, 0x7,
    0xff, 0x90, 0x0, 0x9f, 0xf7, 0x9f, 0xf7, 0x0,
    0xe, 0xff, 0x20, 0x9, 0xff, 0x79, 0xff, 0x70,
    0x0, 0x5f, 0xfb, 0x0, 0x9f, 0xf7, 0x9f, 0xf7,
    0x0, 0x0, 0xcf, 0xf4, 0x9, 0xff, 0x79, 0xff,
    0x70, 0x0, 0x3, 0xff, 0xd0, 0x9f, 0xf7, 0x9f,
    0xf7, 0x0, 0x0, 0xa, 0xff, 0x69, 0xff, 0x79,
    0xff, 0x70, 0x0, 0x0, 0x1f, 0xfe, 0xaf, 0xf7,
    0x9f, 0xf7, 0x0, 0x0, 0x0, 0x8f, 0xff, 0xff,
    0x79, 0xff, 0x70, 0x0, 0x0, 0x0, 0xef, 0xff,
    0xf7, 0x9f, 0xf7, 0x0, 0x0, 0x0, 0x6, 0xff,
    0xff, 0x79, 0xff, 0x70, 0x0, 0x0, 0x0, 0xc,
    0xff, 0xf7, 0x0, 0x0, 0x0, 0x0, 0x0, 0x0,
    0x0, 0x0, 0x0, 0x0, 0x0, 0x1, 0xbb, 0xb0,
    0x0, 0x0, 0x0, 0x0, 0x0, 0x0, 0x1f, 0xff,
    0x0, 0x0, 0x0, 0x0, 0x0, 0x0, 0x1, 0xff,
    0xf0, 0x0, 0x0, 0x0, 0x0, 0x0, 0x0, 0x6,
    0xf8, 0x0, 0x0, 0x0, 0x0, 0x0, 0x0, 0x1,
    0xed, 0x0, 0x0, 0x0, 0x0, 0x0, 0x0, 0x0,
    0x38, 0x30, 0x0, 0x0, 0x0, 0x0,

    /* U+0146 "ņ" */
    0xef, 0xd0, 0x2a, 0xef, 0xd9, 0x10, 0xe, 0xfd,
    0x4f, 0xff, 0xff, 0xfe, 0x20, 0xef, 0xee, 0xfa,
    0x79, 0xff, 0xfb, 0xe, 0xff, 0xf2, 0x0, 0x3,
    0xff, 0xf2, 0xef, 0xf7, 0x0, 0x0, 0xc, 0xff,
    0x5e, 0xff, 0x30, 0x0, 0x0, 0x9f, 0xf6, 0xef,
    0xf1, 0x0, 0x0, 0x8, 0xff, 0x7e, 0xff, 0x10,
    0x0, 0x0, 0x8f, 0xf7, 0xef, 0xf1, 0x0, 0x0,
    0x8, 0xff, 0x7e, 0xff, 0x10, 0x0, 0x0, 0x8f,
    0xf7, 0xef, 0xf1, 0x0, 0x0, 0x8, 0xff, 0x7e,
    0xff, 0x10, 0x0, 0x0, 0x8f, 0xf7, 0xef, 0xf1,
    0x0, 0x0, 0x8, 0xff, 0x7e, 0xff, 0x10, 0x0,
    0x0, 0x8f, 0xf7, 0xef, 0xf1, 0x0, 0x0, 0x8,
    0xff, 0x70, 0x0, 0x0, 0x0, 0x0, 0x0, 0x0,
    0x0, 0x0, 0x2b, 0xb9, 0x0, 0x0, 0x0, 0x0,
    0x4, 0xff, 0xd0, 0x0, 0x0, 0x0, 0x0, 0x4f,
    0xfc, 0x0, 0x0, 0x0, 0x0, 0x0, 0x8f, 0x50,
    0x0, 0x0, 0x0, 0x0, 0x2f, 0xc0, 0x0, 0x0,
    0x0, 0x0, 0x4, 0x82, 0x0, 0x0, 0x0,

    /* U+0147 "Ň" */
    0x0, 0x0, 0x1e, 0xf5, 0x0, 0xcf, 0x80, 0x0,
    0x0, 0x0, 0x0, 0x4f, 0xf3, 0xaf, 0xc0, 0x0,
    0x0, 0x0, 0x0, 0x0, 0x8f, 0xff, 0xe1, 0x0,
    0x0, 0x0, 0x0, 0x0, 0x0, 0x78, 0x83, 0x0,
    0x0, 0x0, 0x0, 0x0, 0x0, 0x0, 0x0, 0x0,
    0x0, 0x0, 0x9, 0xff, 0xf8, 0x0, 0x0, 0x0,
    0x0, 0x9f, 0xf7, 0x9f, 0xff, 0xf1, 0x0, 0x0,
    0x0, 0x9, 0xff, 0x79, 0xff, 0xff, 0xa0, 0x0,
    0x0, 0x0, 0x9f, 0xf7, 0x9f, 0xff, 0xff, 0x30,
    0x0, 0x0, 0x9, 0xff, 0x79, 0xff, 0xcf, 0xfc,
    0x0, 0x0, 0x0, 0x9f, 0xf7, 0x9f, 0xf7, 0xbf,
    0xf5, 0x0, 0x0, 0x9, 0xff, 0x79, 0xff, 0x73,
    0xff, 0xd0, 0x0, 0x0, 0x9f, 0xf7, 0x9f, 0xf7,
    0x9, 0xff, 0x70, 0x0, 0x9, 0xff, 0x79, 0xff,
    0x70, 0x1f, 0xff, 0x10, 0x0, 0x9f, 0xf7, 0x9f,
    0xf7, 0x0, 0x7f, 0xf9, 0x0, 0x9, 0xff, 0x79,
    0xff, 0x70, 0x0, 0xef, 0xf2, 0x0, 0x9f, 0xf7,
    0x9f, 0xf7, 0x0, 0x5, 0xff, 0xb0, 0x9, 0xff,
    0x79, 0xff, 0x70, 0x0, 0xc, 0xff, 0x40, 0x9f,
    0xf7, 0x9f, 0xf7, 0x0, 0x0, 0x3f, 0xfd, 0x9,
    0xff, 0x79, 0xff, 0x70, 0x0, 0x0, 0xaf, 0xf6,
    0x9f, 0xf7, 0x9f, 0xf7, 0x0, 0x0, 0x1, 0xff,
    0xea, 0xff, 0x79, 0xff, 0x70, 0x0, 0x0, 0x8,
    0xff, 0xff, 0xf7, 0x9f, 0xf7, 0x0, 0x0, 0x0,
    0xe, 0xff, 0xff, 0x79, 0xff, 0x70, 0x0, 0x0,
    0x0, 0x6f, 0xff, 0xf7, 0x9f, 0xf7, 0x0, 0x0,
    0x0, 0x0, 0xcf, 0xff, 0x70,

    /* U+0148 "ň" */
    0x0, 0x34, 0x20, 0x0, 0x44, 0x10, 0x0, 0x5,
    0xfe, 0x10, 0x6f, 0xd0, 0x0, 0x0, 0xa, 0xfb,
    0x3f, 0xf3, 0x0, 0x0, 0x0, 0x1e, 0xff, 0xf8,
    0x0, 0x0, 0x0, 0x0, 0x39, 0x98, 0x0, 0x0,
    0x0, 0x0, 0x0, 0x0, 0x0, 0x0, 0x0, 0xef,
    0xd0, 0x2a, 0xef, 0xd9, 0x10, 0xe, 0xfd, 0x4f,
    0xff, 0xff, 0xfe, 0x20, 0xef, 0xee, 0xfa, 0x79,
    0xff, 0xfb, 0xe, 0xff, 0xf2, 0x0, 0x3, 0xff,
    0xf2, 0xef, 0xf7, 0x0, 0x0, 0xc, 0xff, 0x5e,
    0xff, 0x30, 0x0, 0x0, 0x9f, 0xf6, 0xef, 0xf1,
    0x0, 0x0, 0x8, 0xff, 0x7e, 0xff, 0x10, 0x0,
    0x0, 0x8f, 0xf7, 0xef, 0xf1, 0x0, 0x0, 0x8,
    0xff, 0x7e, 0xff, 0x10, 0x0, 0x0, 0x8f, 0xf7,
    0xef, 0xf1, 0x0, 0x0, 0x8, 0xff, 0x7e, 0xff,
    0x10, 0x0, 0x0, 0x8f, 0xf7, 0xef, 0xf1, 0x0,
    0x0, 0x8, 0xff, 0x7e, 0xff, 0x10, 0x0, 0x0,
    0x8f, 0xf7, 0xef, 0xf1, 0x0, 0x0, 0x8, 0xff,
    0x70,

    /* U+0149 "ŉ" */
    0xd, 0xfc, 0x0, 0x0, 0x0, 0x0, 0x0, 0x0,
    0x0, 0xdf, 0xc0, 0x0, 0x0, 0x0, 0x0, 0x0,
    0x0, 0xc, 0xfc, 0x0, 0x0, 0x0, 0x0, 0x0,
    0x0, 0x0, 0xa, 0xa0, 0x0, 0x0, 0x0, 0x0,
    0x0, 0x0, 0x4, 0xf5, 0x0, 0x0, 0x0, 0x0,
    0x0, 0x0, 0x0, 0xb6, 0x3, 0xff, 0x1, 0x9d,
    0xfe, 0xb4, 0x0, 0x0, 0x0, 0x3f, 0xf3, 0xef,
    0xff, 0xff, 0xf7, 0x0, 0x0, 0x3, 0xff, 0xef,
    0x83, 0x37, 0xff, 0xf2, 0x0, 0x0, 0x3f, 0xff,
    0x30, 0x0, 0x5, 0xff, 0x70, 0x0, 0x3, 0xff,
    0x90, 0x0, 0x0, 0xf, 0xf9, 0x0, 0x0, 0x3f,
    0xf6, 0x0, 0x0, 0x0, 0xdf, 0xa0, 0x0, 0x3,
    0xff, 0x40, 0x0, 0x0, 0xd, 0xfa, 0x0, 0x0,
    0x3f, 0xf4, 0x0, 0x0, 0x0, 0xdf, 0xa0, 0x0,
    0x3, 0xff, 0x40, 0x0, 0x0, 0xd, 0xfa, 0x0,
    0x0, 0x3f, 0xf4, 0x0, 0x0, 0x0, 0xdf, 0xa0,
    0x0, 0x3, 0xff, 0x40, 0x0, 0x0, 0xd, 0xfa,
    0x0, 0x0, 0x3f, 0xf4, 0x0, 0x0, 0x0, 0xdf,
    0xa0, 0x0, 0x3, 0xff, 0x40, 0x0, 0x0, 0xd,
    0xfa, 0x0, 0x0, 0x3f, 0xf4, 0x0, 0x0, 0x0,
    0xdf, 0xa0, 0x0, 0x3, 0xff, 0x40, 0x0, 0x0,
    0xd, 0xfa,

    /* U+014A "Ŋ" */
    0x9f, 0xff, 0x80, 0x0, 0x0, 0x0, 0x9, 0xff,
    0x79, 0xff, 0xff, 0x10, 0x0, 0x0, 0x0, 0x9f,
    0xf7, 0x9f, 0xff, 0xfa, 0x0, 0x0, 0x0, 0x9,
    0xff, 0x79, 0xff, 0xff, 0xf3, 0x0, 0x0, 0x0,
    0x9f, 0xf7, 0x9f, 0xfc, 0xff, 0xc0, 0x0, 0x0,
    0x9, 0xff, 0x79, 0xff, 0x7c, 0xff, 0x50, 0x0,
    0x0, 0x9f, 0xf7, 0x9f, 0xf7, 0x3f, 0xfd, 0x0,
    0x0, 0x9, 0xff, 0x79, 0xff, 0x70, 0xaf, 0xf7,
    0x0, 0x0, 0x9f, 0xf7, 0x9f, 0xf7, 0x1, 0xff,
    0xf1, 0x0, 0x9, 0xff, 0x79, 0xff, 0x70, 0x7,
    0xff, 0x90, 0x0, 0x9f, 0xf7, 0x9f, 0xf7, 0x0,
    0xe, 0xff, 0x20, 0x9, 0xff, 0x79, 0xff, 0x70,
    0x0, 0x5f, 0xfb, 0x0, 0x9f, 0xf7, 0x9f, 0xf7,
    0x0, 0x0, 0xcf, 0xf4, 0x9, 0xff, 0x79, 0xff,
    0x70, 0x0, 0x3, 0xff, 0xd0, 0x9f, 0xf7, 0x9f,
    0xf7, 0x0, 0x0, 0xa, 0xff, 0x69, 0xff, 0x79,
    0xff, 0x70, 0x0, 0x0, 0x1f, 0xfe, 0x9f, 0xf7,
    0x9f, 0xf7, 0x0, 0x0, 0x0, 0x8f, 0xff, 0xff,
    0x79, 0xff, 0x70, 0x0, 0x0, 0x0, 0xef, 0xff,
    0xfb, 0x9f, 0xf7, 0x0, 0x0, 0x0, 0x6, 0xff,
    0xff, 0xe9, 0xff, 0x70, 0x0, 0x0, 0x0, 0xc,
    0xff, 0xfe, 0x0, 0x0, 0x0, 0x0, 0x0, 0x0,
    0x9, 0xff, 0x60, 0x0, 0x0, 0x0, 0x0, 0x67,
    0x78, 0xff, 0xf3, 0x0, 0x0, 0x0, 0x0, 0xf,
    0xff, 0xff, 0xfa, 0x0, 0x0, 0x0, 0x0, 0x0,
    0xff, 0xff, 0xd7, 0x0,

    /* U+014B "ŋ" */
    0xef, 0xd0, 0x2a, 0xef, 0xd9, 0x10, 0xe, 0xfd,
    0x4f, 0xff, 0xff, 0xfe, 0x20, 0xef, 0xee, 0xfa,
    0x79, 0xff, 0xfb, 0xe, 0xff, 0xf2, 0x0, 0x3,
    0xff, 0xf2, 0xef, 0xf7, 0x0, 0x0, 0xc, 0xff,
    0x5e, 0xff, 0x30, 0x0, 0x0, 0x9f, 0xf6, 0xef,
    0xf1, 0x0, 0x0, 0x8, 0xff, 0x7e, 0xff, 0x10,
    0x0, 0x0, 0x8f, 0xf7, 0xef, 0xf1, 0x0, 0x0,
    0x8, 0xff, 0x7e, 0xff, 0x10, 0x0, 0x0, 0x8f,
    0xf7, 0xef, 0xf1, 0x0, 0x0, 0x8, 0xff, 0x7e,
    0xff, 0x10, 0x0, 0x0, 0x8f, 0xf7, 0xef, 0xf1,
    0x0, 0x0, 0xe, 0xff, 0xce, 0xff, 0x10, 0x0,
    0x0, 0xff, 0xfe, 0xef, 0xf1, 0x0, 0x0, 0xf,
    0xff, 0xe0, 0x0, 0x0, 0x0, 0x0, 0xaf, 0xf6,
    0x0, 0x0, 0x1, 0x44, 0x7f, 0xff, 0x20, 0x0,
    0x0, 0x6f, 0xff, 0xff, 0x90, 0x0, 0x0, 0x6,
    0xff, 0xfc, 0x60, 0x0,

    /* U+014C "Ō" */
    0x0, 0x0, 0x6, 0xff, 0xff, 0xff, 0xf6, 0x0,
    0x0, 0x0, 0x0, 0x0, 0x6f, 0xff, 0xff, 0xff,
    0x60, 0x0, 0x0, 0x0, 0x0, 0x2, 0x55, 0x55,
    0x55, 0x52, 0x0, 0x0, 0x0, 0x0, 0x0, 0x0,
    0x0, 0x0, 0x0, 0x0, 0x0, 0x0, 0x0, 0x0,
    0x0, 0x0, 0x0, 0x0, 0x0, 0x0, 0x0, 0x0,
    0x0, 0x0, 0x39, 0xdf, 0xff, 0xd9, 0x30, 0x0,
    0x0, 0x0, 0x1, 0xbf, 0xff, 0xff, 0xff, 0xff,
    0xb2, 0x0, 0x0, 0x2, 0xef, 0xff, 0xfd, 0xcd,
    0xff, 0xff, 0xe3, 0x0, 0x0, 0xdf, 0xff, 0x71,
    0x0, 0x1, 0x7f, 0xff, 0xe1, 0x0, 0x8f, 0xff,
    0x40, 0x0, 0x0, 0x0, 0x3f, 0xff, 0x90, 0xf,
    0xff, 0x70, 0x0, 0x0, 0x0, 0x0, 0x7f, 0xff,
    0x15, 0xff, 0xf0, 0x0, 0x0, 0x0, 0x0, 0x0,
    0xff, 0xf5, 0x8f, 0xfa, 0x0, 0x0, 0x0, 0x0,
    0x0, 0xa, 0xff, 0x9a, 0xff, 0x80, 0x0, 0x0,
    0x0, 0x0, 0x0, 0x7f, 0xfb, 0xbf, 0xf6, 0x0,
    0x0, 0x0, 0x0, 0x0, 0x6, 0xff, 0xcb, 0xff,
    0x60, 0x0, 0x0, 0x0, 0x0, 0x0, 0x6f, 0xfc,
    0xbf, 0xf8, 0x0, 0x0, 0x0, 0x0, 0x0, 0x7,
    0xff, 0xb8, 0xff, 0xa0, 0x0, 0x0, 0x0, 0x0,
    0x0, 0xaf, 0xf9, 0x5f, 0xff, 0x0, 0x0, 0x0,
    0x0, 0x0, 0xe, 0xff, 0x50, 0xff, 0xf7, 0x0,
    0x0, 0x0, 0x0, 0x6, 0xff, 0xf1, 0x9, 0xff,
    0xf3, 0x0, 0x0, 0x0, 0x3, 0xff, 0xf9, 0x0,
    0x1e, 0xff, 0xf7, 0x10, 0x0, 0x17, 0xff, 0xfe,
    0x10, 0x0, 0x2e, 0xff, 0xff, 0xdb, 0xdf, 0xff,
    0xfe, 0x30, 0x0, 0x0, 0x2c, 0xff, 0xff, 0xff,
    0xff, 0xfc, 0x20, 0x0, 0x0, 0x0, 0x4, 0x9d,
    0xff, 0xfd, 0x94, 0x0, 0x0, 0x0,

    /* U+014D "ō" */
    0x0, 0xa, 0xff, 0xff, 0xff, 0xf2, 0x0, 0x0,
    0x0, 0xaf, 0xff, 0xff, 0xff, 0x20, 0x0, 0x0,
    0x3, 0x55, 0x55, 0x55, 0x50, 0x0, 0x0, 0x0,
    0x0, 0x0, 0x0, 0x0, 0x0, 0x0, 0x0, 0x0,
    0x0, 0x0, 0x0, 0x0, 0x0, 0x0, 0x0, 0x17,
    0xce, 0xfd, 0xa3, 0x0, 0x0, 0x0, 0x4e, 0xff,
    0xff, 0xff, 0xfa, 0x0, 0x0, 0x3f, 0xff, 0xe9,
    0x8b, 0xff, 0xfa, 0x0, 0xe, 0xff, 0xa0, 0x0,
    0x4, 0xff, 0xf5, 0x4, 0xff, 0xe0, 0x0, 0x0,
    0x7, 0xff, 0xb0, 0x9f, 0xf8, 0x0, 0x0, 0x0,
    0x1f, 0xff, 0x1b, 0xff, 0x50, 0x0, 0x0, 0x0,
    0xdf, 0xf2, 0xcf, 0xf4, 0x0, 0x0, 0x0, 0xd,
    0xff, 0x4b, 0xff, 0x50, 0x0, 0x0, 0x0, 0xdf,
    0xf2, 0x9f, 0xf8, 0x0, 0x0, 0x0, 0x1f, 0xff,
    0x14, 0xff, 0xd0, 0x0, 0x0, 0x7, 0xff, 0xb0,
    0xe, 0xff, 0xa0, 0x0, 0x3, 0xff, 0xf5, 0x0,
    0x4f, 0xff, 0xe9, 0x8b, 0xff, 0xfb, 0x0, 0x0,
    0x4f, 0xff, 0xff, 0xff, 0xfa, 0x0, 0x0, 0x0,
    0x17, 0xce, 0xfd, 0xa4, 0x0, 0x0,

    /* U+014E "Ŏ" */
    0x0, 0x0, 0x1, 0xfb, 0x0, 0x0, 0xed, 0x0,
    0x0, 0x0, 0x0, 0x0, 0x0, 0xcf, 0x60, 0x19,
    0xf8, 0x0, 0x0, 0x0, 0x0, 0x0, 0x0, 0x2e,
    0xff, 0xff, 0xc0, 0x0, 0x0, 0x0, 0x0, 0x0,
    0x0, 0x1, 0x7a, 0xa6, 0x0, 0x0, 0x0, 0x0,
    0x0, 0x0, 0x0, 0x0, 0x0, 0x0, 0x0, 0x0,
    0x0, 0x0, 0x0, 0x0, 0x0, 0x0, 0x0, 0x0,
    0x0, 0x0, 0x0, 0x0, 0x0, 0x0, 0x1, 0x6b,
    0xef, 0xfd, 0xa5, 0x0, 0x0, 0x0, 0x0, 0x0,
    0x7f, 0xff, 0xff, 0xff, 0xff, 0xe5, 0x0, 0x0,
    0x0, 0xa, 0xff, 0xfb, 0x75, 0x57, 0xcf, 0xff,
    0x70, 0x0, 0x0, 0x9f, 0xfc, 0x20, 0x0, 0x0,
    0x4, 0xef, 0xf6, 0x0, 0x4, 0xff, 0xc0, 0x0,
    0x0, 0x0, 0x0, 0x2e, 0xff, 0x20, 0xc, 0xff,
    0x20, 0x0, 0x0, 0x0, 0x0, 0x5, 0xff, 0x90,
    0x2f, 0xfa, 0x0, 0x0, 0x0, 0x0, 0x0, 0x0,
    0xdf, 0xf0, 0x6f, 0xf6, 0x0, 0x0, 0x0, 0x0,
    0x0, 0x0, 0x8f, 0xf3, 0x9f, 0xf3, 0x0, 0x0,
    0x0, 0x0, 0x0, 0x0, 0x5f, 0xf6, 0xaf, 0xf1,
    0x0, 0x0, 0x0, 0x0, 0x0, 0x0, 0x4f, 0xf7,
    0xaf, 0xf1, 0x0, 0x0, 0x0, 0x0, 0x0, 0x0,
    0x4f, 0xf7, 0x9f, 0xf2, 0x0, 0x0, 0x0, 0x0,
    0x0, 0x0, 0x5f, 0xf6, 0x7f, 0xf5, 0x0, 0x0,
    0x0, 0x0, 0x0, 0x0, 0x8f, 0xf3, 0x2f, 0xfa,
    0x0, 0x0, 0x0, 0x0, 0x0, 0x0, 0xdf, 0xf0,
    0xc, 0xff, 0x20, 0x0, 0x0, 0x0, 0x0, 0x5,
    0xff, 0x90, 0x4, 0xff, 0xc0, 0x0, 0x0, 0x0,
    0x0, 0x2e, 0xff, 0x20, 0x0, 0x9f, 0xfc, 0x20,
    0x0, 0x0, 0x4, 0xef, 0xf6, 0x0, 0x0, 0xa,
    0xff, 0xfb, 0x65, 0x57, 0xcf, 0xff, 0x80, 0x0,
    0x0, 0x0, 0x7f, 0xff, 0xff, 0xff, 0xff, 0xe5,
    0x0, 0x0, 0x0, 0x0, 0x1, 0x6b, 0xef, 0xfd,
    0xa6, 0x0, 0x0, 0x0,

    /* U+014F "ŏ" */
    0x0, 0x2, 0xfc, 0x20, 0x5, 0xfb, 0x0, 0x0,
    0x0, 0x9, 0xff, 0xff, 0xfe, 0x30, 0x0, 0x0,
    0x0, 0x3, 0x8a, 0xa7, 0x10, 0x0, 0x0, 0x0,
    0x0, 0x0, 0x0, 0x0, 0x0, 0x0, 0x0, 0x0,
    0x0, 0x0, 0x0, 0x0, 0x0, 0x0, 0x0, 0x3,
    0xae, 0xff, 0xc7, 0x0, 0x0, 0x0, 0x9, 0xff,
    0xff, 0xff, 0xfe, 0x30, 0x0, 0x9, 0xff, 0xb3,
    0x11, 0x6e, 0xff, 0x30, 0x3, 0xff, 0xa0, 0x0,
    0x0, 0x2f, 0xfc, 0x0, 0x9f, 0xf1, 0x0, 0x0,
    0x0, 0x7f, 0xf3, 0xd, 0xfb, 0x0, 0x0, 0x0,
    0x2, 0xff, 0x60, 0xff, 0x80, 0x0, 0x0, 0x0,
    0xf, 0xf8, 0xf, 0xf8, 0x0, 0x0, 0x0, 0x0,
    0xff, 0x90, 0xff, 0x80, 0x0, 0x0, 0x0, 0xf,
    0xf8, 0xd, 0xfb, 0x0, 0x0, 0x0, 0x2, 0xff,
    0x60, 0x9f, 0xf1, 0x0, 0x0, 0x0, 0x8f, 0xf2,
    0x3, 0xff, 0xa0, 0x0, 0x0, 0x2f, 0xfc, 0x0,
    0x9, 0xff, 0xb4, 0x11, 0x6e, 0xff, 0x30, 0x0,
    0x9, 0xff, 0xff, 0xff, 0xfe, 0x30, 0x0, 0x0,
    0x3, 0xae, 0xff, 0xc7, 0x0, 0x0,

    /* U+0150 "Ő" */
    0x0, 0x0, 0x0, 0x1, 0xbb, 0x91, 0xab, 0xa0,
    0x0, 0x0, 0x0, 0x0, 0x0, 0x9f, 0xf4, 0x7f,
    0xf5, 0x0, 0x0, 0x0, 0x0, 0x0, 0x1f, 0xf9,
    0xe, 0xfa, 0x0, 0x0, 0x0, 0x0, 0x0, 0x8,
    0xfd, 0x7, 0xfe, 0x10, 0x0, 0x0, 0x0, 0x0,
    0x0, 0x0, 0x0, 0x0, 0x0, 0x0, 0x0, 0x0,
    0x0, 0x0, 0x0, 0x0, 0x0, 0x0, 0x0, 0x0,
    0x0, 0x0, 0x0, 0x3, 0x9d, 0xff, 0xfd, 0x93,
    0x0, 0x0, 0x0, 0x0, 0x1b, 0xff, 0xff, 0xff,
    0xff, 0xfb, 0x20, 0x0, 0x0, 0x2e, 0xff, 0xff,
    0xdc, 0xdf, 0xff, 0xfe, 0x30, 0x0, 0xd, 0xff,
    0xf7, 0x10, 0x0, 0x17, 0xff, 0xfe, 0x10, 0x8,
    0xff, 0xf4, 0x0, 0x0, 0x0, 0x3, 0xff, 0xf9,
    0x0, 0xff, 0xf7, 0x0, 0x0, 0x0, 0x0, 0x7,
    0xff, 0xf1, 0x5f, 0xff, 0x0, 0x0, 0x0, 0x0,
    0x0, 0xf, 0xff, 0x58, 0xff, 0xa0, 0x0, 0x0,
    0x0, 0x0, 0x0, 0xaf, 0xf9, 0xaf, 0xf8, 0x0,
    0x0, 0x0, 0x0, 0x0, 0x7, 0xff, 0xbb, 0xff,
    0x60, 0x0, 0x0, 0x0, 0x0, 0x0, 0x6f, 0xfc,
    0xbf, 0xf6, 0x0, 0x0, 0x0, 0x0, 0x0, 0x6,
    0xff, 0xcb, 0xff, 0x80, 0x0, 0x0, 0x0, 0x0,
    0x0, 0x7f, 0xfb, 0x8f, 0xfa, 0x0, 0x0, 0x0,
    0x0, 0x0, 0xa, 0xff, 0x95, 0xff, 0xf0, 0x0,
    0x0, 0x0, 0x0, 0x0, 0xef, 0xf5, 0xf, 0xff,
    0x70, 0x0, 0x0, 0x0, 0x0, 0x6f, 0xff, 0x10,
    0x9f, 0xff, 0x30, 0x0, 0x0, 0x0, 0x3f, 0xff,
    0x90, 0x1, 0xef, 0xff, 0x71, 0x0, 0x1, 0x7f,
    0xff, 0xe1, 0x0, 0x2, 0xef, 0xff, 0xfd, 0xbd,
    0xff, 0xff, 0xe3, 0x0, 0x0, 0x2, 0xcf, 0xff,
    0xff, 0xff, 0xff, 0xc2, 0x0, 0x0, 0x0, 0x0,
    0x49, 0xdf, 0xff, 0xd9, 0x40, 0x0, 0x0,

    /* U+0151 "ő" */
    0x0, 0x0, 0x4, 0xbb, 0x63, 0xbb, 0x70, 0x0,
    0x0, 0x0, 0xdf, 0xe1, 0xcf, 0xf2, 0x0, 0x0,
    0x0, 0x5f, 0xf5, 0x3f, 0xf6, 0x0, 0x0, 0x0,
    0xc, 0xfa, 0xb, 0xfb, 0x0, 0x0, 0x0, 0x0,
    0x0, 0x0, 0x0, 0x0, 0x0, 0x0, 0x0, 0x0,
    0x0, 0x0, 0x0, 0x0, 0x0, 0x0, 0x1, 0x7c,
    0xef, 0xda, 0x30, 0x0, 0x0, 0x4, 0xef, 0xff,
    0xff, 0xff, 0xa0, 0x0, 0x3, 0xff, 0xfe, 0x98,
    0xbf, 0xff, 0xa0, 0x0, 0xef, 0xfa, 0x0, 0x0,
    0x4f, 0xff, 0x50, 0x4f, 0xfe, 0x0, 0x0, 0x0,
    0x7f, 0xfb, 0x9, 0xff, 0x80, 0x0, 0x0, 0x1,
    0xff, 0xf1, 0xbf, 0xf5, 0x0, 0x0, 0x0, 0xd,
    0xff, 0x2c, 0xff, 0x40, 0x0, 0x0, 0x0, 0xdf,
    0xf4, 0xbf, 0xf5, 0x0, 0x0, 0x0, 0xd, 0xff,
    0x29, 0xff, 0x80, 0x0, 0x0, 0x1, 0xff, 0xf1,
    0x4f, 0xfd, 0x0, 0x0, 0x0, 0x7f, 0xfb, 0x0,
    0xef, 0xfa, 0x0, 0x0, 0x3f, 0xff, 0x50, 0x4,
    0xff, 0xfe, 0x98, 0xbf, 0xff, 0xb0, 0x0, 0x4,
    0xff, 0xff, 0xff, 0xff, 0xa0, 0x0, 0x0, 0x1,
    0x7c, 0xef, 0xda, 0x40, 0x0, 0x0,

    /* U+0152 "Œ" */
    0x0, 0x0, 0x3, 0x9d, 0xff, 0xec, 0x82, 0x1,
    0xff, 0xff, 0xff, 0xff, 0xff, 0xff, 0x0, 0x0,
    0x1b, 0xff, 0xff, 0xff, 0xff, 0xf8, 0x1f, 0xff,
    0xff, 0xff, 0xff, 0xff, 0xf0, 0x0, 0x2e, 0xff,
    0xff, 0xdc, 0xdf, 0xff, 0xfb, 0xff, 0xfb, 0xbb,
    0xbb, 0xbb, 0xbb, 0x0, 0xd, 0xff, 0xf7, 0x10,
    0x0, 0x17, 0xff, 0xff, 0xff, 0x0, 0x0, 0x0,
    0x0, 0x0, 0x8, 0xff, 0xf4, 0x0, 0x0, 0x0,
    0x3, 0xff, 0xff, 0xf0, 0x0, 0x0, 0x0, 0x0,
    0x0, 0xef, 0xf7, 0x0, 0x0, 0x0, 0x0, 0x7,
    0xff, 0xff, 0x0, 0x0, 0x0, 0x0, 0x0, 0x4f,
    0xff, 0x0, 0x0, 0x0, 0x0, 0x0, 0xf, 0xff,
    0xf0, 0x0, 0x0, 0x0, 0x0, 0x8, 0xff, 0xb0,
    0x0, 0x0, 0x0, 0x0, 0x0, 0xaf, 0xff, 0x0,
    0x0, 0x0, 0x0, 0x0, 0xaf, 0xf8, 0x0, 0x0,
    0x0, 0x0, 0x0, 0x7, 0xff, 0xfa, 0xaa, 0xaa,
    0xaa, 0xa7, 0xb, 0xff, 0x60, 0x0, 0x0, 0x0,
    0x0, 0x0, 0x6f, 0xff, 0xff, 0xff, 0xff, 0xff,
    0xb0, 0xbf, 0xf6, 0x0, 0x0, 0x0, 0x0, 0x0,
    0x6, 0xff, 0xff, 0xff, 0xff, 0xff, 0xfb, 0xa,
    0xff, 0x70, 0x0, 0x0, 0x0, 0x0, 0x0, 0x7f,
    0xff, 0x0, 0x0, 0x0, 0x0, 0x0, 0x8f, 0xfa,
    0x0, 0x0, 0x0, 0x0, 0x0, 0xa, 0xff, 0xf0,
    0x0, 0x0, 0x0, 0x0, 0x5, 0xff, 0xf0, 0x0,
    0x0, 0x0, 0x0, 0x0, 0xef, 0xff, 0x0, 0x0,
    0x0, 0x0, 0x0, 0xf, 0xff, 0x70, 0x0, 0x0,
    0x0, 0x0, 0x7f, 0xff, 0xf0, 0x0, 0x0, 0x0,
    0x0, 0x0, 0x8f, 0xff, 0x30, 0x0, 0x0, 0x0,
    0x3f, 0xff, 0xff, 0x0, 0x0, 0x0, 0x0, 0x0,
    0x0, 0xdf, 0xff, 0x70, 0x0, 0x0, 0x7f, 0xff,
    0xff, 0xf0, 0x0, 0x0, 0x0, 0x0, 0x0, 0x2,
    0xdf, 0xff, 0xfd, 0xbd, 0xff, 0xff, 0xbf, 0xff,
    0xbb, 0xbb, 0xbb, 0xbb, 0xb3, 0x0, 0x1, 0xbf,
    0xff, 0xff, 0xff, 0xff, 0x81, 0xff, 0xff, 0xff,
    0xff, 0xff, 0xff, 0x40, 0x0, 0x0, 0x39, 0xdf,
    0xfe, 0xc8, 0x20, 0x1f, 0xff, 0xff, 0xff, 0xff,
    0xff, 0xf4,

    /* U+0153 "œ" */
    0x0, 0x1, 0x7c, 0xef, 0xda, 0x30, 0x0, 0x17,
    0xce, 0xfd, 0x93, 0x0, 0x0, 0x0, 0x4e, 0xff,
    0xff, 0xff, 0xfa, 0x4, 0xef, 0xff, 0xff, 0xff,
    0x80, 0x0, 0x3, 0xff, 0xfe, 0x98, 0xbf, 0xff,
    0xef, 0xff, 0xea, 0x9c, 0xff, 0xf7, 0x0, 0xe,
    0xff, 0xa0, 0x0, 0x4, 0xff, 0xff, 0xf9, 0x0,
    0x0, 0x4f, 0xff, 0x20, 0x4f, 0xfe, 0x0, 0x0,
    0x0, 0x7f, 0xff, 0xc0, 0x0, 0x0, 0x8, 0xff,
    0x80, 0x9f, 0xf8, 0x0, 0x0, 0x0, 0x1f, 0xff,
    0x80, 0x0, 0x0, 0x3, 0xff, 0xc0, 0xbf, 0xf5,
    0x0, 0x0, 0x0, 0xf, 0xff, 0xff, 0xff, 0xff,
    0xff, 0xff, 0xe0, 0xcf, 0xf4, 0x0, 0x0, 0x0,
    0xf, 0xff, 0xff, 0xff, 0xff, 0xff, 0xff, 0xf0,
    0xbf, 0xf5, 0x0, 0x0, 0x0, 0xf, 0xff, 0xa3,
    0x33, 0x33, 0x33, 0x33, 0x30, 0x9f, 0xf8, 0x0,
    0x0, 0x0, 0x1f, 0xff, 0x90, 0x0, 0x0, 0x0,
    0x0, 0x0, 0x4f, 0xfd, 0x0, 0x0, 0x0, 0x7f,
    0xff, 0xd0, 0x0, 0x0, 0x4, 0xaa, 0x60, 0xe,
    0xff, 0xa0, 0x0, 0x3, 0xff, 0xff, 0xf9, 0x0,
    0x0, 0x2e, 0xff, 0x50, 0x4, 0xff, 0xfe, 0x98,
    0xbf, 0xff, 0xef, 0xff, 0xe9, 0x8b, 0xff, 0xfb,
    0x0, 0x0, 0x4f, 0xff, 0xff, 0xff, 0xfa, 0x4,
    0xff, 0xff, 0xff, 0xff, 0xa0, 0x0, 0x0, 0x1,
    0x7c, 0xef, 0xda, 0x40, 0x0, 0x17, 0xce, 0xfe,
    0xa4, 0x0, 0x0,

    /* U+0154 "Ŕ" */
    0x0, 0x0, 0x0, 0x4, 0xff, 0xb0, 0x0, 0x0,
    0x0, 0x0, 0x0, 0xc, 0xff, 0x10, 0x0, 0x0,
    0x0, 0x0, 0x0, 0x3f, 0xf5, 0x0, 0x0, 0x0,
    0x0, 0x0, 0x0, 0x6b, 0x80, 0x0, 0x0, 0x0,
    0x0, 0x0, 0x0, 0x0, 0x0, 0x0, 0x0, 0x0,
    0x9f, 0xff, 0xff, 0xff, 0xfe, 0xb6, 0x0, 0x0,
    0x9f, 0xff, 0xff, 0xff, 0xff, 0xff, 0xd3, 0x0,
    0x9f, 0xfd, 0xbb, 0xbb, 0xce, 0xff, 0xfe, 0x20,
    0x9f, 0xf7, 0x0, 0x0, 0x0, 0x5f, 0xff, 0xa0,
    0x9f, 0xf7, 0x0, 0x0, 0x0, 0x5, 0xff, 0xf0,
    0x9f, 0xf7, 0x0, 0x0, 0x0, 0x0, 0xff, 0xf2,
    0x9f, 0xf7, 0x0, 0x0, 0x0, 0x0, 0xff, 0xf2,
    0x9f, 0xf7, 0x0, 0x0, 0x0, 0x1, 0xff, 0xf0,
    0x9f, 0xf7, 0x0, 0x0, 0x0, 0x8, 0xff, 0xa0,
    0x9f, 0xf7, 0x0, 0x0, 0x2, 0x9f, 0xfd, 0x10,
    0x9f, 0xff, 0xff, 0xff, 0xff, 0xff, 0x91, 0x0,
    0x9f, 0xff, 0xff, 0xff, 0xff, 0xff, 0xe6, 0x0,
    0x9f, 0xfd, 0xbb, 0xbb, 0xbc, 0xff, 0xff, 0x40,
    0x9f, 0xf7, 0x0, 0x0, 0x0, 0x1b, 0xff, 0xb0,
    0x9f, 0xf7, 0x0, 0x0, 0x0, 0x3, 0xff, 0xe0,
    0x9f, 0xf7, 0x0, 0x0, 0x0, 0x0, 0xff, 0xf0,
    0x9f, 0xf7, 0x0, 0x0, 0x0, 0x0, 0xff, 0xf1,
    0x9f, 0xf7, 0x0, 0x0, 0x0, 0x0, 0xdf, 0xf3,
    0x9f, 0xf7, 0x0, 0x0, 0x0, 0x0, 0xcf, 0xf4,
    0x9f, 0xf7, 0x0, 0x0, 0x0, 0x0, 0xbf, 0xf6,

    /* U+0155 "ŕ" */
    0x0, 0x0, 0xef, 0xe1, 0x0, 0x7, 0xff, 0x50,
    0x0, 0xe, 0xfa, 0x0, 0x0, 0x3b, 0xa1, 0x0,
    0x0, 0x0, 0x0, 0x0, 0xef, 0xd0, 0x7d, 0xfe,
    0xef, 0xd8, 0xff, 0xfe, 0xef, 0xef, 0xfb, 0xa8,
    0xef, 0xfd, 0x10, 0x0, 0xef, 0xf5, 0x0, 0x0,
    0xef, 0xf1, 0x0, 0x0, 0xef, 0xf1, 0x0, 0x0,
    0xef, 0xf1, 0x0, 0x0, 0xef, 0xf1, 0x0, 0x0,
    0xef, 0xf1, 0x0, 0x0, 0xef, 0xf1, 0x0, 0x0,
    0xef, 0xf1, 0x0, 0x0, 0xef, 0xf1, 0x0, 0x0,
    0xef, 0xf1, 0x0, 0x0, 0xef, 0xf1, 0x0, 0x0,

    /* U+0156 "Ŗ" */
    0x9f, 0xff, 0xff, 0xff, 0xfe, 0xb6, 0x0, 0x0,
    0x9f, 0xff, 0xff, 0xff, 0xff, 0xff, 0xd3, 0x0,
    0x9f, 0xfd, 0xbb, 0xbb, 0xce, 0xff, 0xfe, 0x20,
    0x9f, 0xf7, 0x0, 0x0, 0x0, 0x4e, 0xff, 0xa0,
    0x9f, 0xf7, 0x0, 0x0, 0x0, 0x4, 0xff, 0xf0,
    0x9f, 0xf7, 0x0, 0x0, 0x0, 0x0, 0xff, 0xf2,
    0x9f, 0xf7, 0x0, 0x0, 0x0, 0x0, 0xff, 0xf2,
    0x9f, 0xf7, 0x0, 0x0, 0x0, 0x4, 0xff, 0xf0,
    0x9f, 0xf7, 0x0, 0x0, 0x0, 0x3e, 0xff, 0xa0,
    0x9f, 0xfd, 0xbb, 0xbb, 0xbd, 0xff, 0xfd, 0x10,
    0x9f, 0xff, 0xff, 0xff, 0xff, 0xff, 0x91, 0x0,
    0x9f, 0xff, 0xff, 0xff, 0xff, 0xff, 0xe6, 0x0,
    0x9f, 0xf7, 0x0, 0x0, 0x1, 0x5e, 0xff, 0x40,
    0x9f, 0xf7, 0x0, 0x0, 0x0, 0x5, 0xff, 0xb0,
    0x9f, 0xf7, 0x0, 0x0, 0x0, 0x1, 0xff, 0xe0,
    0x9f, 0xf7, 0x0, 0x0, 0x0, 0x0, 0xff, 0xf0,
    0x9f, 0xf7, 0x0, 0x0, 0x0, 0x0, 0xff, 0xf1,
    0x9f, 0xf7, 0x0, 0x0, 0x0, 0x0, 0xdf, 0xf3,
    0x9f, 0xf7, 0x0, 0x0, 0x0, 0x0, 0xcf, 0xf4,
    0x9f, 0xf7, 0x0, 0x0, 0x0, 0x0, 0xaf, 0xf6,
    0x0, 0x0, 0x0, 0x0, 0x0, 0x0, 0x0, 0x0,
    0x0, 0x0, 0x0, 0x7b, 0xb4, 0x0, 0x0, 0x0,
    0x0, 0x0, 0x0, 0xaf, 0xf6, 0x0, 0x0, 0x0,
    0x0, 0x0, 0x0, 0xaf, 0xf6, 0x0, 0x0, 0x0,
    0x0, 0x0, 0x0, 0xe, 0xe0, 0x0, 0x0, 0x0,
    0x0, 0x0, 0x0, 0x8f, 0x50, 0x0, 0x0, 0x0,
    0x0, 0x0, 0x0, 0x77, 0x0, 0x0, 0x0, 0x0,

    /* U+0157 "ŗ" */
    0xe, 0xfd, 0x7, 0xdf, 0xe0, 0xef, 0xd8, 0xff,
    0xfe, 0xe, 0xfe, 0xff, 0xba, 0x80, 0xef, 0xfd,
    0x10, 0x0, 0xe, 0xff, 0x50, 0x0, 0x0, 0xef,
    0xf1, 0x0, 0x0, 0xe, 0xff, 0x10, 0x0, 0x0,
    0xef, 0xf1, 0x0, 0x0, 0xe, 0xff, 0x10, 0x0,
    0x0, 0xef, 0xf1, 0x0, 0x0, 0xe, 0xff, 0x10,
    0x0, 0x0, 0xef, 0xf1, 0x0, 0x0, 0xe, 0xff,
    0x10, 0x0, 0x0, 0xef, 0xf1, 0x0, 0x0, 0xe,
    0xff, 0x10, 0x0, 0x0, 0x0, 0x0, 0x0, 0x0,
    0xa, 0xbb, 0x10, 0x0, 0x0, 0xff, 0xf2, 0x0,
    0x0, 0xf, 0xff, 0x10, 0x0, 0x0, 0x4f, 0xa0,
    0x0, 0x0, 0xd, 0xf1, 0x0, 0x0, 0x2, 0x84,
    0x0, 0x0, 0x0,

    /* U+0158 "Ř" */
    0x0, 0x3, 0xfe, 0x20, 0x2e, 0xf4, 0x0, 0x0,
    0x0, 0x0, 0x7f, 0xd2, 0xdf, 0x80, 0x0, 0x0,
    0x0, 0x0, 0xb, 0xff, 0xfc, 0x0, 0x0, 0x0,
    0x0, 0x0, 0x1, 0x88, 0x81, 0x0, 0x0, 0x0,
    0x0, 0x0, 0x0, 0x0, 0x0, 0x0, 0x0, 0x0,
    0x9f, 0xff, 0xff, 0xff, 0xfe, 0xb6, 0x0, 0x0,
    0x9f, 0xff, 0xff, 0xff, 0xff, 0xff, 0xd3, 0x0,
    0x9f, 0xfd, 0xbb, 0xbb, 0xce, 0xff, 0xfe, 0x20,
    0x9f, 0xf7, 0x0, 0x0, 0x0, 0x5f, 0xff, 0xa0,
    0x9f, 0xf7, 0x0, 0x0, 0x0, 0x5, 0xff, 0xf0,
    0x9f, 0xf7, 0x0, 0x0, 0x0, 0x0, 0xff, 0xf2,
    0x9f, 0xf7, 0x0, 0x0, 0x0, 0x0, 0xff, 0xf2,
    0x9f, 0xf7, 0x0, 0x0, 0x0, 0x1, 0xff, 0xf0,
    0x9f, 0xf7, 0x0, 0x0, 0x0, 0x8, 0xff, 0xa0,
    0x9f, 0xf7, 0x0, 0x0, 0x2, 0x9f, 0xfd, 0x10,
    0x9f, 0xff, 0xff, 0xff, 0xff, 0xff, 0x91, 0x0,
    0x9f, 0xff, 0xff, 0xff, 0xff, 0xff, 0xe6, 0x0,
    0x9f, 0xfd, 0xbb, 0xbb, 0xbc, 0xff, 0xff, 0x40,
    0x9f, 0xf7, 0x0, 0x0, 0x0, 0x1b, 0xff, 0xb0,
    0x9f, 0xf7, 0x0, 0x0, 0x0, 0x3, 0xff, 0xe0,
    0x9f, 0xf7, 0x0, 0x0, 0x0, 0x0, 0xff, 0xf0,
    0x9f, 0xf7, 0x0, 0x0, 0x0, 0x0, 0xff, 0xf1,
    0x9f, 0xf7, 0x0, 0x0, 0x0, 0x0, 0xdf, 0xf3,
    0x9f, 0xf7, 0x0, 0x0, 0x0, 0x0, 0xcf, 0xf4,
    0x9f, 0xf7, 0x0, 0x0, 0x0, 0x0, 0xbf, 0xf6,

    /* U+0159 "ř" */
    0x17, 0x71, 0x0, 0x48, 0x60, 0xaf, 0xa0, 0x1e,
    0xf4, 0x1, 0xef, 0x6b, 0xfa, 0x0, 0x5, 0xff,
    0xfe, 0x10, 0x0, 0x7, 0x88, 0x40, 0x0, 0x0,
    0x0, 0x0, 0x0, 0xe, 0xfd, 0x7, 0xdf, 0xe0,
    0xef, 0xd8, 0xff, 0xfe, 0xe, 0xfe, 0xff, 0xba,
    0x80, 0xef, 0xfd, 0x10, 0x0, 0xe, 0xff, 0x50,
    0x0, 0x0, 0xef, 0xf1, 0x0, 0x0, 0xe, 0xff,
    0x10, 0x0, 0x0, 0xef, 0xf1, 0x0, 0x0, 0xe,
    0xff, 0x10, 0x0, 0x0, 0xef, 0xf1, 0x0, 0x0,
    0xe, 0xff, 0x10, 0x0, 0x0, 0xef, 0xf1, 0x0,
    0x0, 0xe, 0xff, 0x10, 0x0, 0x0, 0xef, 0xf1,
    0x0, 0x0, 0xe, 0xff, 0x10, 0x0, 0x0,

    /* U+015A "Ś" */
    0x0, 0x0, 0x0, 0x0, 0x9b, 0xa1, 0x0, 0x0,
    0x0, 0x0, 0x0, 0x4, 0xff, 0x90, 0x0, 0x0,
    0x0, 0x0, 0x0, 0xc, 0xfd, 0x0, 0x0, 0x0,
    0x0, 0x0, 0x0, 0x4f, 0xf3, 0x0, 0x0, 0x0,
    0x0, 0x0, 0x0, 0x0, 0x0, 0x0, 0x0, 0x0,
    0x0, 0x0, 0x0, 0x0, 0x0, 0x0, 0x0, 0x0,
    0x0, 0x0, 0x6b, 0xef, 0xed, 0x93, 0x0, 0x0,
    0x0, 0x3e, 0xff, 0xff, 0xff, 0xff, 0xa0, 0x0,
    0x2, 0xef, 0xff, 0xdb, 0xcf, 0xff, 0xfb, 0x0,
    0xa, 0xff, 0xe3, 0x0, 0x0, 0x6f, 0xff, 0x70,
    0xe, 0xff, 0x40, 0x0, 0x0, 0x6, 0xff, 0xe0,
    0xf, 0xff, 0x10, 0x0, 0x0, 0x0, 0xef, 0xf3,
    0xf, 0xff, 0x40, 0x0, 0x0, 0x0, 0x45, 0x52,
    0xa, 0xff, 0xe6, 0x0, 0x0, 0x0, 0x0, 0x0,
    0x1, 0xef, 0xff, 0xfa, 0x62, 0x0, 0x0, 0x0,
    0x0, 0x19, 0xff, 0xff, 0xff, 0xe9, 0x20, 0x0,
    0x0, 0x0, 0x16, 0xaf, 0xff, 0xff, 0xf9, 0x0,
    0x0, 0x0, 0x0, 0x0, 0x38, 0xdf, 0xff, 0xb0,
    0x0, 0x0, 0x0, 0x0, 0x0, 0x6, 0xff, 0xf5,
    0x4b, 0xb7, 0x0, 0x0, 0x0, 0x0, 0x8f, 0xfa,
    0x3f, 0xfe, 0x0, 0x0, 0x0, 0x0, 0x5f, 0xfc,
    0xe, 0xff, 0x70, 0x0, 0x0, 0x0, 0x8f, 0xfa,
    0x7, 0xff, 0xf8, 0x0, 0x0, 0x5, 0xff, 0xf5,
    0x0, 0xaf, 0xff, 0xfc, 0xbc, 0xef, 0xff, 0xb0,
    0x0, 0x8, 0xff, 0xff, 0xff, 0xff, 0xfa, 0x0,
    0x0, 0x0, 0x28, 0xce, 0xfe, 0xd9, 0x30, 0x0,

    /* U+015B "ś" */
    0x0, 0x0, 0x0, 0x2b, 0xb8, 0x0, 0x0, 0x0,
    0x0, 0xa, 0xff, 0x30, 0x0, 0x0, 0x0, 0x2,
    0xff, 0x80, 0x0, 0x0, 0x0, 0x0, 0x9f, 0xd0,
    0x0, 0x0, 0x0, 0x0, 0x0, 0x0, 0x0, 0x0,
    0x0, 0x0, 0x0, 0x0, 0x0, 0x0, 0x0, 0x0,
    0x7, 0xce, 0xfe, 0xc8, 0x10, 0x0, 0x2d, 0xff,
    0xff, 0xff, 0xfe, 0x30, 0xc, 0xff, 0xf9, 0x78,
    0xdf, 0xfe, 0x12, 0xff, 0xf2, 0x0, 0x0, 0xbf,
    0xf8, 0x4f, 0xfd, 0x0, 0x0, 0x3, 0xdd, 0xa2,
    0xff, 0xf3, 0x0, 0x0, 0x0, 0x0, 0xb, 0xff,
    0xfc, 0x85, 0x20, 0x0, 0x0, 0x8, 0xff, 0xff,
    0xff, 0xd8, 0x0, 0x0, 0x0, 0x59, 0xcf, 0xff,
    0xfd, 0x10, 0x0, 0x0, 0x0, 0x4, 0xdf, 0xf9,
    0xbf, 0xf6, 0x0, 0x0, 0x5, 0xff, 0xc7, 0xff,
    0xd1, 0x0, 0x0, 0x8f, 0xfb, 0x1e, 0xff, 0xf9,
    0x78, 0xbf, 0xff, 0x60, 0x3e, 0xff, 0xff, 0xff,
    0xff, 0x90, 0x0, 0x7, 0xbe, 0xff, 0xda, 0x40,
    0x0,

    /* U+015C "Ŝ" */
    0x0, 0x0, 0x0, 0x78, 0x84, 0x0, 0x0, 0x0,
    0x0, 0x0, 0x7, 0xff, 0xff, 0x20, 0x0, 0x0,
    0x0, 0x0, 0x3f, 0xf4, 0x9f, 0xc0, 0x0, 0x0,
    0x0, 0x0, 0xdf, 0x60, 0xb, 0xf9, 0x0, 0x0,
    0x0, 0x0, 0x0, 0x0, 0x0, 0x0, 0x0, 0x0,
    0x0, 0x0, 0x0, 0x0, 0x0, 0x0, 0x0, 0x0,
    0x0, 0x0, 0x6b, 0xef, 0xed, 0x93, 0x0, 0x0,
    0x0, 0x3e, 0xff, 0xff, 0xff, 0xff, 0xa0, 0x0,
    0x2, 0xef, 0xff, 0xdb, 0xcf, 0xff, 0xfb, 0x0,
    0xa, 0xff, 0xe3, 0x0, 0x0, 0x6f, 0xff, 0x70,
    0xe, 0xff, 0x40, 0x0, 0x0, 0x6, 0xff, 0xe0,
    0xf, 0xff, 0x10, 0x0, 0x0, 0x0, 0xef, 0xf3,
    0xf, 0xff, 0x40, 0x0, 0x0, 0x0, 0x45, 0x52,
    0xa, 0xff, 0xe6, 0x0, 0x0, 0x0, 0x0, 0x0,
    0x1, 0xef, 0xff, 0xfa, 0x62, 0x0, 0x0, 0x0,
    0x0, 0x19, 0xff, 0xff, 0xff, 0xe9, 0x20, 0x0,
    0x0, 0x0, 0x16, 0xaf, 0xff, 0xff, 0xf9, 0x0,
    0x0, 0x0, 0x0, 0x0, 0x38, 0xdf, 0xff, 0xb0,
    0x0, 0x0, 0x0, 0x0, 0x0, 0x6, 0xff, 0xf5,
    0x4b, 0xb7, 0x0, 0x0, 0x0, 0x0, 0x8f, 0xfa,
    0x3f, 0xfe, 0x0, 0x0, 0x0, 0x0, 0x5f, 0xfc,
    0xe, 0xff, 0x70, 0x0, 0x0, 0x0, 0x8f, 0xfa,
    0x7, 0xff, 0xf8, 0x0, 0x0, 0x5, 0xff, 0xf5,
    0x0, 0xaf, 0xff, 0xfc, 0xbc, 0xef, 0xff, 0xb0,
    0x0, 0x8, 0xff, 0xff, 0xff, 0xff, 0xfa, 0x0,
    0x0, 0x0, 0x28, 0xce, 0xfe, 0xd9, 0x30, 0x0,

    /* U+015D "ŝ" */
    0x0, 0x0, 0x18, 0x88, 0x10, 0x0, 0x0, 0x0,
    0xb, 0xfe, 0xfb, 0x0, 0x0, 0x0, 0x6, 0xfc,
    0xd, 0xf5, 0x0, 0x0, 0x2, 0xff, 0x20, 0x3f,
    0xe1, 0x0, 0x0, 0x25, 0x30, 0x0, 0x35, 0x20,
    0x0, 0x0, 0x0, 0x0, 0x0, 0x0, 0x0, 0x0,
    0x7, 0xce, 0xfe, 0xc8, 0x10, 0x0, 0x2d, 0xff,
    0xff, 0xff, 0xfe, 0x30, 0xc, 0xff, 0xf9, 0x78,
    0xdf, 0xfe, 0x12, 0xff, 0xf2, 0x0, 0x0, 0xbf,
    0xf8, 0x4f, 0xfd, 0x0, 0x0, 0x3, 0xdd, 0xa2,
    0xff, 0xf3, 0x0, 0x0, 0x0, 0x0, 0xb, 0xff,
    0xfc, 0x85, 0x20, 0x0, 0x0, 0x8, 0xff, 0xff,
    0xff, 0xd8, 0x0, 0x0, 0x0, 0x59, 0xcf, 0xff,
    0xfd, 0x10, 0x0, 0x0, 0x0, 0x4, 0xdf, 0xf9,
    0xbf, 0xf6, 0x0, 0x0, 0x5, 0xff, 0xc7, 0xff,
    0xd1, 0x0, 0x0, 0x8f, 0xfb, 0x1e, 0xff, 0xf9,
    0x78, 0xbf, 0xff, 0x60, 0x3e, 0xff, 0xff, 0xff,
    0xff, 0x90, 0x0, 0x7, 0xbe, 0xff, 0xda, 0x40,
    0x0,

    /* U+015E "Ş" */
    0x0, 0x0, 0x6b, 0xef, 0xed, 0x93, 0x0, 0x0,
    0x0, 0x3e, 0xff, 0xff, 0xff, 0xff, 0xa0, 0x0,
    0x2, 0xef, 0xff, 0xdb, 0xcf, 0xff, 0xfb, 0x0,
    0xa, 0xff, 0xe3, 0x0, 0x0, 0x6f, 0xff, 0x70,
    0xe, 0xff, 0x40, 0x0, 0x0, 0x6, 0xff, 0xe0,
    0xf, 0xff, 0x10, 0x0, 0x0, 0x0, 0xef, 0xf3,
    0xf, 0xff, 0x40, 0x0, 0x0, 0x0, 0x45, 0x52,
    0xa, 0xff, 0xe6, 0x0, 0x0, 0x0, 0x0, 0x0,
    0x1, 0xef, 0xff, 0xfa, 0x62, 0x0, 0x0, 0x0,
    0x0, 0x19, 0xff, 0xff, 0xff, 0xe9, 0x20, 0x0,
    0x0, 0x0, 0x16, 0xaf, 0xff, 0xff, 0xf9, 0x0,
    0x0, 0x0, 0x0, 0x0, 0x38, 0xdf, 0xff, 0xb0,
    0x0, 0x0, 0x0, 0x0, 0x0, 0x6, 0xff, 0xf5,
    0x4b, 0xb7, 0x0, 0x0, 0x0, 0x0, 0x8f, 0xfa,
    0x3f, 0xfe, 0x0, 0x0, 0x0, 0x0, 0x5f, 0xfc,
    0xe, 0xff, 0x70, 0x0, 0x0, 0x0, 0x8f, 0xfa,
    0x7, 0xff, 0xf8, 0x0, 0x0, 0x5, 0xff, 0xf5,
    0x0, 0xaf, 0xff, 0xfc, 0xbc, 0xef, 0xff, 0xb0,
    0x0, 0x8, 0xff, 0xff, 0xff, 0xff, 0xfa, 0x0,
    0x0, 0x0, 0x28, 0xcf, 0xff, 0xd9, 0x30, 0x0,
    0x0, 0x0, 0x0, 0x3f, 0xe5, 0x0, 0x0, 0x0,
    0x0, 0x0, 0x0, 0xa, 0xef, 0xd0, 0x0, 0x0,
    0x0, 0x0, 0x0, 0x0, 0xa, 0xf4, 0x0, 0x0,
    0x0, 0x0, 0x1c, 0xb1, 0x1b, 0xf4, 0x0, 0x0,
    0x0, 0x0, 0xa, 0xff, 0xff, 0xd0, 0x0, 0x0,
    0x0, 0x0, 0x0, 0x6a, 0xa7, 0x0, 0x0, 0x0,

    /* U+015F "ş" */
    0x0, 0x7, 0xce, 0xfe, 0xc8, 0x10, 0x0, 0x2d,
    0xff, 0xff, 0xff, 0xfe, 0x30, 0xc, 0xff, 0xf9,
    0x78, 0xdf, 0xfe, 0x12, 0xff, 0xf2, 0x0, 0x0,
    0xbf, 0xf8, 0x4f, 0xfd, 0x0, 0x0, 0x3, 0xdd,
    0xa2, 0xff, 0xf3, 0x0, 0x0, 0x0, 0x0, 0xb,
    0xff, 0xfc, 0x85, 0x20, 0x0, 0x0, 0x8, 0xff,
    0xff, 0xff, 0xd8, 0x0, 0x0, 0x0, 0x59, 0xcf,
    0xff, 0xfd, 0x10, 0x0, 0x0, 0x0, 0x4, 0xdf,
    0xf9, 0xbf, 0xf6, 0x0, 0x0, 0x5, 0xff, 0xc7,
    0xff, 0xd1, 0x0, 0x0, 0x8f, 0xfb, 0x1e, 0xff,
    0xf9, 0x78, 0xbf, 0xff, 0x60, 0x3e, 0xff, 0xff,
    0xff, 0xff, 0x90, 0x0, 0x7, 0xbf, 0xff, 0xda,
    0x40, 0x0, 0x0, 0x0, 0xcf, 0x61, 0x0, 0x0,
    0x0, 0x0, 0x8, 0xef, 0xe2, 0x0, 0x0, 0x0,
    0x0, 0x0, 0x6f, 0x90, 0x0, 0x0, 0x8, 0xd3,
    0x7, 0xfa, 0x0, 0x0, 0x0, 0x5f, 0xff, 0xff,
    0x30, 0x0, 0x0, 0x0, 0x39, 0xa8, 0x20, 0x0,
    0x0,

    /* U+0160 "Š" */
    0x0, 0x0, 0x77, 0x10, 0x4, 0x86, 0x0, 0x0,
    0x0, 0x0, 0x9f, 0xc0, 0x3f, 0xf3, 0x0, 0x0,
    0x0, 0x0, 0xc, 0xfc, 0xef, 0x70, 0x0, 0x0,
    0x0, 0x0, 0x2, 0xff, 0xfb, 0x0, 0x0, 0x0,
    0x0, 0x0, 0x0, 0x0, 0x0, 0x0, 0x0, 0x0,
    0x0, 0x0, 0x0, 0x0, 0x0, 0x0, 0x0, 0x0,
    0x0, 0x0, 0x6b, 0xef, 0xed, 0x93, 0x0, 0x0,
    0x0, 0x3e, 0xff, 0xff, 0xff, 0xff, 0xa0, 0x0,
    0x2, 0xef, 0xff, 0xdb, 0xcf, 0xff, 0xfb, 0x0,
    0xa, 0xff, 0xe3, 0x0, 0x0, 0x6f, 0xff, 0x70,
    0xe, 0xff, 0x40, 0x0, 0x0, 0x6, 0xff, 0xe0,
    0xf, 0xff, 0x10, 0x0, 0x0, 0x0, 0xef, 0xf3,
    0xf, 0xff, 0x40, 0x0, 0x0, 0x0, 0x45, 0x52,
    0xa, 0xff, 0xe6, 0x0, 0x0, 0x0, 0x0, 0x0,
    0x1, 0xef, 0xff, 0xfa, 0x62, 0x0, 0x0, 0x0,
    0x0, 0x19, 0xff, 0xff, 0xff, 0xe9, 0x20, 0x0,
    0x0, 0x0, 0x16, 0xaf, 0xff, 0xff, 0xf9, 0x0,
    0x0, 0x0, 0x0, 0x0, 0x38, 0xdf, 0xff, 0xb0,
    0x0, 0x0, 0x0, 0x0, 0x0, 0x6, 0xff, 0xf5,
    0x4b, 0xb7, 0x0, 0x0, 0x0, 0x0, 0x8f, 0xfa,
    0x3f, 0xfe, 0x0, 0x0, 0x0, 0x0, 0x5f, 0xfc,
    0xe, 0xff, 0x70, 0x0, 0x0, 0x0, 0x8f, 0xfa,
    0x7, 0xff, 0xf8, 0x0, 0x0, 0x5, 0xff, 0xf5,
    0x0, 0xaf, 0xff, 0xfc, 0xbc, 0xef, 0xff, 0xb0,
    0x0, 0x8, 0xff, 0xff, 0xff, 0xff, 0xfa, 0x0,
    0x0, 0x0, 0x28, 0xce, 0xfe, 0xd9, 0x30, 0x0,

    /* U+0161 "š" */
    0x0, 0x5f, 0xe0, 0x1, 0xef, 0x40, 0x0, 0x0,
    0xcf, 0x90, 0xaf, 0xb0, 0x0, 0x0, 0x2, 0xff,
    0x9f, 0xf2, 0x0, 0x0, 0x0, 0x9, 0xff, 0xf8,
    0x0, 0x0, 0x0, 0x0, 0x5, 0x55, 0x0, 0x0,
    0x0, 0x0, 0x0, 0x0, 0x0, 0x0, 0x0, 0x0,
    0x7, 0xce, 0xfe, 0xd9, 0x20, 0x0, 0x2d, 0xff,
    0xff, 0xff, 0xff, 0x60, 0xc, 0xff, 0xf9, 0x78,
    0xcf, 0xff, 0x42, 0xff, 0xf2, 0x0, 0x0, 0x7f,
    0xfa, 0x4f, 0xfd, 0x0, 0x0, 0x0, 0x22, 0x22,
    0xff, 0xf3, 0x0, 0x0, 0x0, 0x0, 0xb, 0xff,
    0xfc, 0x85, 0x20, 0x0, 0x0, 0x8, 0xff, 0xff,
    0xff, 0xd8, 0x0, 0x0, 0x0, 0x59, 0xcf, 0xff,
    0xfd, 0x11, 0x22, 0x0, 0x0, 0x4, 0xdf, 0xf9,
    0xbf, 0xf7, 0x0, 0x0, 0x5, 0xff, 0xc7, 0xff,
    0xe2, 0x0, 0x0, 0x8f, 0xfb, 0xe, 0xff, 0xfa,
    0x78, 0xbf, 0xff, 0x60, 0x2d, 0xff, 0xff, 0xff,
    0xff, 0x90, 0x0, 0x6, 0xbe, 0xff, 0xda, 0x40,
    0x0,

    /* U+0162 "Ţ" */
    0xaf, 0xff, 0xff, 0xff, 0xff, 0xff, 0xff, 0xf9,
    0xaf, 0xff, 0xff, 0xff, 0xff, 0xff, 0xff, 0xf9,
    0x7b, 0xbb, 0xbb, 0xef, 0xfd, 0xbb, 0xbb, 0xb6,
    0x0, 0x0, 0x0, 0x9f, 0xf7, 0x0, 0x0, 0x0,
    0x0, 0x0, 0x0, 0x9f, 0xf7, 0x0, 0x0, 0x0,
    0x0, 0x0, 0x0, 0x9f, 0xf7, 0x0, 0x0, 0x0,
    0x0, 0x0, 0x0, 0x9f, 0xf7, 0x0, 0x0, 0x0,
    0x0, 0x0, 0x0, 0x9f, 0xf7, 0x0, 0x0, 0x0,
    0x0, 0x0, 0x0, 0x9f, 0xf7, 0x0, 0x0, 0x0,
    0x0, 0x0, 0x0, 0x9f, 0xf7, 0x0, 0x0, 0x0,
    0x0, 0x0, 0x0, 0x9f, 0xf7, 0x0, 0x0, 0x0,
    0x0, 0x0, 0x0, 0x9f, 0xf7, 0x0, 0x0, 0x0,
    0x0, 0x0, 0x0, 0x9f, 0xf7, 0x0, 0x0, 0x0,
    0x0, 0x0, 0x0, 0x9f, 0xf7, 0x0, 0x0, 0x0,
    0x0, 0x0, 0x0, 0x9f, 0xf7, 0x0, 0x0, 0x0,
    0x0, 0x0, 0x0, 0x9f, 0xf7, 0x0, 0x0, 0x0,
    0x0, 0x0, 0x0, 0x9f, 0xf7, 0x0, 0x0, 0x0,
    0x0, 0x0, 0x0, 0x9f, 0xf7, 0x0, 0x0, 0x0,
    0x0, 0x0, 0x0, 0x9f, 0xf7, 0x0, 0x0, 0x0,
    0x0, 0x0, 0x0, 0x9f, 0xf7, 0x0, 0x0, 0x0,
    0x0, 0x0, 0x0, 0x5f, 0x90, 0x0, 0x0, 0x0,
    0x0, 0x0, 0x0, 0x8f, 0xfd, 0x30, 0x0, 0x0,
    0x0, 0x0, 0x0, 0x2, 0x6f, 0xc0, 0x0, 0x0,
    0x0, 0x0, 0x39, 0x10, 0xf, 0xe0, 0x0, 0x0,
    0x0, 0x0, 0x4f, 0xfc, 0xef, 0xa0, 0x0, 0x0,
    0x0, 0x0, 0x5, 0xcf, 0xe9, 0x0, 0x0, 0x0,

    /* U+0163 "ţ" */
    0x0, 0x5f, 0xfa, 0x0, 0x0, 0x0, 0x5f, 0xfa,
    0x0, 0x0, 0x0, 0x5f, 0xfa, 0x0, 0x0, 0x9f,
    0xff, 0xff, 0xff, 0xf9, 0x9f, 0xff, 0xff, 0xff,
    0xf9, 0x36, 0xbf, 0xff, 0x66, 0x63, 0x0, 0x5f,
    0xfa, 0x0, 0x0, 0x0, 0x5f, 0xfa, 0x0, 0x0,
    0x0, 0x5f, 0xfa, 0x0, 0x0, 0x0, 0x5f, 0xfa,
    0x0, 0x0, 0x0, 0x5f, 0xfa, 0x0, 0x0, 0x0,
    0x5f, 0xfa, 0x0, 0x0, 0x0, 0x5f, 0xfa, 0x0,
    0x0, 0x0, 0x5f, 0xfa, 0x0, 0x0, 0x0, 0x4f,
    0xfc, 0x0, 0x0, 0x0, 0x2f, 0xff, 0x96, 0x63,
    0x0, 0xb, 0xff, 0xff, 0xf9, 0x0, 0x0, 0x9f,
    0xff, 0xf9, 0x0, 0x0, 0x7f, 0x70, 0x0, 0x0,
    0x0, 0xaf, 0xfc, 0x10, 0x0, 0x0, 0x2, 0x8f,
    0xa0, 0x0, 0x49, 0x0, 0x2f, 0xc0, 0x0, 0x7f,
    0xeb, 0xef, 0x80, 0x0, 0x6, 0xdf, 0xe8, 0x0,

    /* U+0164 "Ť" */
    0x0, 0x0, 0xcf, 0x80, 0xa, 0xfb, 0x0, 0x0,
    0x0, 0x0, 0x1e, 0xf6, 0x7f, 0xe1, 0x0, 0x0,
    0x0, 0x0, 0x5, 0xff, 0xff, 0x30, 0x0, 0x0,
    0x0, 0x0, 0x0, 0x68, 0x85, 0x0, 0x0, 0x0,
    0x0, 0x0, 0x0, 0x0, 0x0, 0x0, 0x0, 0x0,
    0xaf, 0xff, 0xff, 0xff, 0xff, 0xff, 0xff, 0xf9,
    0xaf, 0xff, 0xff, 0xff, 0xff, 0xff, 0xff, 0xf9,
    0x7b, 0xbb, 0xbb, 0xef, 0xfd, 0xbb, 0xbb, 0xb6,
    0x0, 0x0, 0x0, 0x9f, 0xf7, 0x0, 0x0, 0x0,
    0x0, 0x0, 0x0, 0x9f, 0xf7, 0x0, 0x0, 0x0,
    0x0, 0x0, 0x0, 0x9f, 0xf7, 0x0, 0x0, 0x0,
    0x0, 0x0, 0x0, 0x9f, 0xf7, 0x0, 0x0, 0x0,
    0x0, 0x0, 0x0, 0x9f, 0xf7, 0x0, 0x0, 0x0,
    0x0, 0x0, 0x0, 0x9f, 0xf7, 0x0, 0x0, 0x0,
    0x0, 0x0, 0x0, 0x9f, 0xf7, 0x0, 0x0, 0x0,
    0x0, 0x0, 0x0, 0x9f, 0xf7, 0x0, 0x0, 0x0,
    0x0, 0x0, 0x0, 0x9f, 0xf7, 0x0, 0x0, 0x0,
    0x0, 0x0, 0x0, 0x9f, 0xf7, 0x0, 0x0, 0x0,
    0x0, 0x0, 0x0, 0x9f, 0xf7, 0x0, 0x0, 0x0,
    0x0, 0x0, 0x0, 0x9f, 0xf7, 0x0, 0x0, 0x0,
    0x0, 0x0, 0x0, 0x9f, 0xf7, 0x0, 0x0, 0x0,
    0x0, 0x0, 0x0, 0x9f, 0xf7, 0x0, 0x0, 0x0,
    0x0, 0x0, 0x0, 0x9f, 0xf7, 0x0, 0x0, 0x0,
    0x0, 0x0, 0x0, 0x9f, 0xf7, 0x0, 0x0, 0x0,
    0x0, 0x0, 0x0, 0x9f, 0xf7, 0x0, 0x0, 0x0,

    /* U+0165 "ť" */
    0x0, 0x0, 0x0, 0x0, 0xbf, 0xe0, 0x0, 0x0,
    0x0, 0x0, 0xdf, 0xa0, 0x0, 0x0, 0x0, 0x0,
    0xff, 0x60, 0x0, 0x4e, 0xe9, 0x2, 0xff, 0x20,
    0x0, 0x5f, 0xfa, 0x4, 0xfe, 0x0, 0x0, 0x5f,
    0xfa, 0x6, 0xfa, 0x0, 0x9f, 0xff, 0xff, 0xff,
    0xf9, 0x0, 0x9f, 0xff, 0xff, 0xff, 0xf9, 0x0,
    0x36, 0xbf, 0xff, 0x66, 0x63, 0x0, 0x0, 0x5f,
    0xfa, 0x0, 0x0, 0x0, 0x0, 0x5f, 0xfa, 0x0,
    0x0, 0x0, 0x0, 0x5f, 0xfa, 0x0, 0x0, 0x0,
    0x0, 0x5f, 0xfa, 0x0, 0x0, 0x0, 0x0, 0x5f,
    0xfa, 0x0, 0x0, 0x0, 0x0, 0x5f, 0xfa, 0x0,
    0x0, 0x0, 0x0, 0x5f, 0xfa, 0x0, 0x0, 0x0,
    0x0, 0x5f, 0xfa, 0x0, 0x0, 0x0, 0x0, 0x4f,
    0xfb, 0x0, 0x0, 0x0, 0x0, 0x2f, 0xff, 0x96,
    0x63, 0x0, 0x0, 0xb, 0xff, 0xff, 0xf9, 0x0,
    0x0, 0x0, 0x8d, 0xff, 0xf9, 0x0,

    /* U+0166 "Ŧ" */
    0xaf, 0xff, 0xff, 0xff, 0xff, 0xff, 0xff, 0xf9,
    0xaf, 0xff, 0xff, 0xff, 0xff, 0xff, 0xff, 0xf9,
    0x7b, 0xbb, 0xbb, 0xef, 0xfd, 0xbb, 0xbb, 0xb6,
    0x0, 0x0, 0x0, 0x9f, 0xf7, 0x0, 0x0, 0x0,
    0x0, 0x0, 0x0, 0x9f, 0xf7, 0x0, 0x0, 0x0,
    0x0, 0x0, 0x0, 0x9f, 0xf7, 0x0, 0x0, 0x0,
    0x0, 0x0, 0x0, 0x9f, 0xf7, 0x0, 0x0, 0x0,
    0x0, 0x0, 0x0, 0x9f, 0xf7, 0x0, 0x0, 0x0,
    0x0, 0x0, 0x0, 0x9f, 0xf7, 0x0, 0x0, 0x0,
    0x0, 0x27, 0x77, 0xff, 0xff, 0x77, 0x71, 0x0,
    0x0, 0x4f, 0xff, 0xff, 0xff, 0xff, 0xf3, 0x0,
    0x0, 0x4f, 0xff, 0xff, 0xff, 0xff, 0xf3, 0x0,
    0x0, 0x0, 0x0, 0x9f, 0xf7, 0x0, 0x0, 0x0,
    0x0, 0x0, 0x0, 0x9f, 0xf7, 0x0, 0x0, 0x0,
    0x0, 0x0, 0x0, 0x9f, 0xf7, 0x0, 0x0, 0x0,
    0x0, 0x0, 0x0, 0x9f, 0xf7, 0x0, 0x0, 0x0,
    0x0, 0x0, 0x0, 0x9f, 0xf7, 0x0, 0x0, 0x0,
    0x0, 0x0, 0x0, 0x9f, 0xf7, 0x0, 0x0, 0x0,
    0x0, 0x0, 0x0, 0x9f, 0xf7, 0x0, 0x0, 0x0,
    0x0, 0x0, 0x0, 0x9f, 0xf7, 0x0, 0x0, 0x0,

    /* U+0167 "ŧ" */
    0x0, 0x5f, 0xfa, 0x0, 0x0, 0x0, 0x5f, 0xfa,
    0x0, 0x0, 0x0, 0x5f, 0xfa, 0x0, 0x0, 0x9f,
    0xff, 0xff, 0xff, 0xf9, 0x9f, 0xff, 0xff, 0xff,
    0xf9, 0x36, 0xbf, 0xff, 0x66, 0x63, 0x0, 0x5f,
    0xfa, 0x0, 0x0, 0x0, 0x5f, 0xfa, 0x0, 0x0,
    0x0, 0x5f, 0xfa, 0x0, 0x0, 0x9f, 0xff, 0xff,
    0xff, 0xf5, 0x9f, 0xff, 0xff, 0xff, 0xf5, 0x1,
    0x6f, 0xfb, 0x11, 0x10, 0x0, 0x5f, 0xfa, 0x0,
    0x0, 0x0, 0x5f, 0xfa, 0x0, 0x0, 0x0, 0x4f,
    0xfc, 0x0, 0x0, 0x0, 0x2f, 0xff, 0x96, 0x63,
    0x0, 0xb, 0xff, 0xff, 0xf9, 0x0, 0x0, 0x8d,
    0xff, 0xf9,

    /* U+0168 "Ũ" */
    0x0, 0x0, 0x0, 0x0, 0x0, 0x3, 0x81, 0x0,
    0x0, 0x0, 0x0, 0x9e, 0xeb, 0x40, 0xbf, 0x10,
    0x0, 0x0, 0x0, 0x7f, 0xfe, 0xff, 0xff, 0xa0,
    0x0, 0x0, 0x0, 0xa, 0xc0, 0x6, 0xbc, 0x80,
    0x0, 0x0, 0x0, 0x0, 0x0, 0x0, 0x0, 0x0,
    0x0, 0x0, 0x0, 0x0, 0x0, 0x0, 0x0, 0x0,
    0x0, 0x0, 0x0, 0xf, 0xff, 0x0, 0x0, 0x0,
    0x0, 0x9, 0xff, 0x70, 0xff, 0xf0, 0x0, 0x0,
    0x0, 0x0, 0x9f, 0xf7, 0xf, 0xff, 0x0, 0x0,
    0x0, 0x0, 0x9, 0xff, 0x70, 0xff, 0xf0, 0x0,
    0x0, 0x0, 0x0, 0x9f, 0xf7, 0xf, 0xff, 0x0,
    0x0, 0x0, 0x0, 0x9, 0xff, 0x70, 0xff, 0xf0,
    0x0, 0x0, 0x0, 0x0, 0x9f, 0xf7, 0xf, 0xff,
    0x0, 0x0, 0x0, 0x0, 0x9, 0xff, 0x70, 0xff,
    0xf0, 0x0, 0x0, 0x0, 0x0, 0x9f, 0xf7, 0xf,
    0xff, 0x0, 0x0, 0x0, 0x0, 0x9, 0xff, 0x70,
    0xff, 0xf0, 0x0, 0x0, 0x0, 0x0, 0x9f, 0xf7,
    0xf, 0xff, 0x0, 0x0, 0x0, 0x0, 0x9, 0xff,
    0x70, 0xff, 0xf0, 0x0, 0x0, 0x0, 0x0, 0x9f,
    0xf7, 0xf, 0xff, 0x0, 0x0, 0x0, 0x0, 0x9,
    0xff, 0x60, 0xef, 0xf1, 0x0, 0x0, 0x0, 0x0,
    0xaf, 0xf5, 0xc, 0xff, 0x40, 0x0, 0x0, 0x0,
    0xd, 0xff, 0x30, 0x7f, 0xfc, 0x0, 0x0, 0x0,
    0x5, 0xff, 0xe0, 0x1, 0xff, 0xfb, 0x20, 0x0,
    0x6, 0xff, 0xf7, 0x0, 0x5, 0xff, 0xff, 0xdb,
    0xcf, 0xff, 0xfc, 0x0, 0x0, 0x5, 0xef, 0xff,
    0xff, 0xff, 0xfa, 0x0, 0x0, 0x0, 0x1, 0x6b,
    0xef, 0xed, 0x93, 0x0, 0x0,

    /* U+0169 "ũ" */
    0x0, 0x0, 0x0, 0x0, 0x28, 0x20, 0x0, 0x8,
    0xee, 0xa3, 0x8, 0xf2, 0x0, 0x5, 0xff, 0xef,
    0xfe, 0xfc, 0x0, 0x0, 0xaf, 0x10, 0x6d, 0xfb,
    0x20, 0x0, 0x0, 0x0, 0x0, 0x0, 0x0, 0x0,
    0x0, 0x0, 0x0, 0x0, 0x0, 0x0, 0x0, 0xef,
    0xf1, 0x0, 0x0, 0xa, 0xff, 0x5e, 0xff, 0x10,
    0x0, 0x0, 0xaf, 0xf5, 0xef, 0xf1, 0x0, 0x0,
    0xa, 0xff, 0x5e, 0xff, 0x10, 0x0, 0x0, 0xaf,
    0xf5, 0xef, 0xf1, 0x0, 0x0, 0xa, 0xff, 0x5e,
    0xff, 0x10, 0x0, 0x0, 0xaf, 0xf5, 0xef, 0xf1,
    0x0, 0x0, 0xa, 0xff, 0x5e, 0xff, 0x10, 0x0,
    0x0, 0xaf, 0xf5, 0xef, 0xf1, 0x0, 0x0, 0xa,
    0xff, 0x5e, 0xff, 0x10, 0x0, 0x0, 0xcf, 0xf5,
    0xdf, 0xf4, 0x0, 0x0, 0x1f, 0xff, 0x5a, 0xff,
    0xb0, 0x0, 0xa, 0xff, 0xf5, 0x3f, 0xff, 0xd8,
    0x8c, 0xfd, 0xff, 0x50, 0x8f, 0xff, 0xff, 0xfa,
    0x7f, 0xf5, 0x0, 0x5c, 0xff, 0xc6, 0x7, 0xff,
    0x50,

    /* U+016A "Ū" */
    0x0, 0x0, 0x2f, 0xff, 0xff, 0xff, 0x90, 0x0,
    0x0, 0x0, 0x2, 0xff, 0xff, 0xff, 0xf9, 0x0,
    0x0, 0x0, 0x0, 0x5, 0x55, 0x55, 0x55, 0x30,
    0x0, 0x0, 0x0, 0x0, 0x0, 0x0, 0x0, 0x0,
    0x0, 0x0, 0x0, 0x0, 0x0, 0x0, 0x0, 0x0,
    0x0, 0x0, 0x0, 0xff, 0xf0, 0x0, 0x0, 0x0,
    0x0, 0x9f, 0xf7, 0xf, 0xff, 0x0, 0x0, 0x0,
    0x0, 0x9, 0xff, 0x70, 0xff, 0xf0, 0x0, 0x0,
    0x0, 0x0, 0x9f, 0xf7, 0xf, 0xff, 0x0, 0x0,
    0x0, 0x0, 0x9, 0xff, 0x70, 0xff, 0xf0, 0x0,
    0x0, 0x0, 0x0, 0x9f, 0xf7, 0xf, 0xff, 0x0,
    0x0, 0x0, 0x0, 0x9, 0xff, 0x70, 0xff, 0xf0,
    0x0, 0x0, 0x0, 0x0, 0x9f, 0xf7, 0xf, 0xff,
    0x0, 0x0, 0x0, 0x0, 0x9, 0xff, 0x70, 0xff,
    0xf0, 0x0, 0x0, 0x0, 0x0, 0x9f, 0xf7, 0xf,
    0xff, 0x0, 0x0, 0x0, 0x0, 0x9, 0xff, 0x70,
    0xff, 0xf0, 0x0, 0x0, 0x0, 0x0, 0x9f, 0xf7,
    0xf, 0xff, 0x0, 0x0, 0x0, 0x0, 0x9, 0xff,
    0x70, 0xff, 0xf0, 0x0, 0x0, 0x0, 0x0, 0x9f,
    0xf6, 0xe, 0xff, 0x10, 0x0, 0x0, 0x0, 0xa,
    0xff, 0x50, 0xcf, 0xf4, 0x0, 0x0, 0x0, 0x0,
    0xdf, 0xf3, 0x7, 0xff, 0xc0, 0x0, 0x0, 0x0,
    0x5f, 0xfe, 0x0, 0x1f, 0xff, 0xb2, 0x0, 0x0,
    0x6f, 0xff, 0x70, 0x0, 0x5f, 0xff, 0xfd, 0xbc,
    0xff, 0xff, 0xc0, 0x0, 0x0, 0x5e, 0xff, 0xff,
    0xff, 0xff, 0xa0, 0x0, 0x0, 0x0, 0x16, 0xbe,
    0xfe, 0xd9, 0x30, 0x0, 0x0,

    /* U+016B "ū" */
    0x0, 0xcf, 0xff, 0xff, 0xff, 0x0, 0x0, 0xc,
    0xff, 0xff, 0xff, 0xf0, 0x0, 0x0, 0x45, 0x55,
    0x55, 0x55, 0x0, 0x0, 0x0, 0x0, 0x0, 0x0,
    0x0, 0x0, 0x0, 0x0, 0x0, 0x0, 0x0, 0x0,
    0xe, 0xff, 0x10, 0x0, 0x0, 0xaf, 0xf5, 0xef,
    0xf1, 0x0, 0x0, 0xa, 0xff, 0x5e, 0xff, 0x10,
    0x0, 0x0, 0xaf, 0xf5, 0xef, 0xf1, 0x0, 0x0,
    0xa, 0xff, 0x5e, 0xff, 0x10, 0x0, 0x0, 0xaf,
    0xf5, 0xef, 0xf1, 0x0, 0x0, 0xa, 0xff, 0x5e,
    0xff, 0x10, 0x0, 0x0, 0xaf, 0xf5, 0xef, 0xf1,
    0x0, 0x0, 0xa, 0xff, 0x5e, 0xff, 0x10, 0x0,
    0x0, 0xaf, 0xf5, 0xef, 0xf1, 0x0, 0x0, 0xc,
    0xff, 0x5d, 0xff, 0x40, 0x0, 0x1, 0xff, 0xf5,
    0xaf, 0xfb, 0x0, 0x0, 0xaf, 0xff, 0x53, 0xff,
    0xfd, 0x88, 0xcf, 0xdf, 0xf5, 0x8, 0xff, 0xff,
    0xff, 0xa7, 0xff, 0x50, 0x5, 0xcf, 0xfc, 0x60,
    0x7f, 0xf5,

    /* U+016C "Ŭ" */
    0x0, 0x0, 0x28, 0x40, 0x0, 0x18, 0x50, 0x0,
    0x0, 0x0, 0x2, 0xfe, 0x30, 0x9, 0xf8, 0x0,
    0x0, 0x0, 0x0, 0xa, 0xff, 0xff, 0xfe, 0x10,
    0x0, 0x0, 0x0, 0x0, 0x7, 0xdf, 0xea, 0x20,
    0x0, 0x0, 0x0, 0x0, 0x0, 0x0, 0x0, 0x0,
    0x0, 0x0, 0x0, 0x0, 0x0, 0x0, 0x0, 0x0,
    0x0, 0x0, 0x0, 0xf, 0xff, 0x0, 0x0, 0x0,
    0x0, 0x9, 0xff, 0x70, 0xff, 0xf0, 0x0, 0x0,
    0x0, 0x0, 0x9f, 0xf7, 0xf, 0xff, 0x0, 0x0,
    0x0, 0x0, 0x9, 0xff, 0x70, 0xff, 0xf0, 0x0,
    0x0, 0x0, 0x0, 0x9f, 0xf7, 0xf, 0xff, 0x0,
    0x0, 0x0, 0x0, 0x9, 0xff, 0x70, 0xff, 0xf0,
    0x0, 0x0, 0x0, 0x0, 0x9f, 0xf7, 0xf, 0xff,
    0x0, 0x0, 0x0, 0x0, 0x9, 0xff, 0x70, 0xff,
    0xf0, 0x0, 0x0, 0x0, 0x0, 0x9f, 0xf7, 0xf,
    0xff, 0x0, 0x0, 0x0, 0x0, 0x9, 0xff, 0x70,
    0xff, 0xf0, 0x0, 0x0, 0x0, 0x0, 0x9f, 0xf7,
    0xf, 0xff, 0x0, 0x0, 0x0, 0x0, 0x9, 0xff,
    0x70, 0xff, 0xf0, 0x0, 0x0, 0x0, 0x0, 0x9f,
    0xf7, 0xf, 0xff, 0x0, 0x0, 0x0, 0x0, 0x9,
    0xff, 0x60, 0xef, 0xf1, 0x0, 0x0, 0x0, 0x0,
    0xaf, 0xf5, 0xc, 0xff, 0x40, 0x0, 0x0, 0x0,
    0xd, 0xff, 0x30, 0x7f, 0xfc, 0x0, 0x0, 0x0,
    0x5, 0xff, 0xe0, 0x1, 0xff, 0xfb, 0x20, 0x0,
    0x6, 0xff, 0xf7, 0x0, 0x5, 0xff, 0xff, 0xdb,
    0xcf, 0xff, 0xfc, 0x0, 0x0, 0x5, 0xef, 0xff,
    0xff, 0xff, 0xfa, 0x0, 0x0, 0x0, 0x1, 0x6b,
    0xef, 0xed, 0x93, 0x0, 0x0,

    /* U+016D "ŭ" */
    0x0, 0x77, 0x0, 0x0, 0x68, 0x10, 0x0, 0xb,
    0xf7, 0x0, 0x4f, 0xf0, 0x0, 0x0, 0x4f, 0xff,
    0xff, 0xf6, 0x0, 0x0, 0x0, 0x3b, 0xef, 0xc5,
    0x0, 0x0, 0x0, 0x0, 0x0, 0x0, 0x0, 0x0,
    0x0, 0x0, 0x0, 0x0, 0x0, 0x0, 0x0, 0xef,
    0xf1, 0x0, 0x0, 0xa, 0xff, 0x5e, 0xff, 0x10,
    0x0, 0x0, 0xaf, 0xf5, 0xef, 0xf1, 0x0, 0x0,
    0xa, 0xff, 0x5e, 0xff, 0x10, 0x0, 0x0, 0xaf,
    0xf5, 0xef, 0xf1, 0x0, 0x0, 0xa, 0xff, 0x5e,
    0xff, 0x10, 0x0, 0x0, 0xaf, 0xf5, 0xef, 0xf1,
    0x0, 0x0, 0xa, 0xff, 0x5e, 0xff, 0x10, 0x0,
    0x0, 0xaf, 0xf5, 0xef, 0xf1, 0x0, 0x0, 0xa,
    0xff, 0x5e, 0xff, 0x10, 0x0, 0x0, 0xcf, 0xf5,
    0xdf, 0xf4, 0x0, 0x0, 0x1f, 0xff, 0x5a, 0xff,
    0xb0, 0x0, 0xa, 0xff, 0xf5, 0x3f, 0xff, 0xd8,
    0x8c, 0xfd, 0xff, 0x50, 0x8f, 0xff, 0xff, 0xfa,
    0x7f, 0xf5, 0x0, 0x5c, 0xff, 0xc6, 0x7, 0xff,
    0x50,

    /* U+016E "Ů" */
    0x0, 0x0, 0x0, 0x2, 0x75, 0x0, 0x0, 0x0,
    0x0, 0x0, 0x0, 0x4, 0xff, 0xfb, 0x0, 0x0,
    0x0, 0x0, 0x0, 0x0, 0xcd, 0x17, 0xf4, 0x0,
    0x0, 0x0, 0x0, 0x0, 0xe, 0xa0, 0x3f, 0x50,
    0x0, 0x0, 0x0, 0x0, 0x0, 0x9f, 0x9d, 0xf1,
    0x0, 0x0, 0x0, 0x0, 0x0, 0x1, 0xaf, 0xd4,
    0x0, 0x0, 0x0, 0x0, 0x0, 0x0, 0x0, 0x0,
    0x0, 0x0, 0x0, 0x0, 0xff, 0xf0, 0x0, 0x0,
    0x0, 0x0, 0x9f, 0xf7, 0xf, 0xff, 0x0, 0x0,
    0x0, 0x0, 0x9, 0xff, 0x70, 0xff, 0xf0, 0x0,
    0x0, 0x0, 0x0, 0x9f, 0xf7, 0xf, 0xff, 0x0,
    0x0, 0x0, 0x0, 0x9, 0xff, 0x70, 0xff, 0xf0,
    0x0, 0x0, 0x0, 0x0, 0x9f, 0xf7, 0xf, 0xff,
    0x0, 0x0, 0x0, 0x0, 0x9, 0xff, 0x70, 0xff,
    0xf0, 0x0, 0x0, 0x0, 0x0, 0x9f, 0xf7, 0xf,
    0xff, 0x0, 0x0, 0x0, 0x0, 0x9, 0xff, 0x70,
    0xff, 0xf0, 0x0, 0x0, 0x0, 0x0, 0x9f, 0xf7,
    0xf, 0xff, 0x0, 0x0, 0x0, 0x0, 0x9, 0xff,
    0x70, 0xff, 0xf0, 0x0, 0x0, 0x0, 0x0, 0x9f,
    0xf7, 0xf, 0xff, 0x0, 0x0, 0x0, 0x0, 0x9,
    0xff, 0x70, 0xff, 0xf0, 0x0, 0x0, 0x0, 0x0,
    0x9f, 0xf6, 0xe, 0xff, 0x10, 0x0, 0x0, 0x0,
    0xa, 0xff, 0x50, 0xcf, 0xf4, 0x0, 0x0, 0x0,
    0x0, 0xdf, 0xf3, 0x7, 0xff, 0xc0, 0x0, 0x0,
    0x0, 0x5f, 0xfe, 0x0, 0x1f, 0xff, 0xb2, 0x0,
    0x0, 0x6f, 0xff, 0x70, 0x0, 0x5f, 0xff, 0xfd,
    0xbc, 0xff, 0xff, 0xc0, 0x0, 0x0, 0x5e, 0xff,
    0xff, 0xff, 0xff, 0xa0, 0x0, 0x0, 0x0, 0x16,
    0xbe, 0xfe, 0xd9, 0x30, 0x0, 0x0,

    /* U+016F "ů" */
    0x0, 0x0, 0x6, 0x72, 0x0, 0x0, 0x0, 0x0,
    0xd, 0xff, 0xf3, 0x0, 0x0, 0x0, 0x6, 0xf4,
    0x2e, 0xa0, 0x0, 0x0, 0x0, 0x7f, 0x0, 0xcc,
    0x0, 0x0, 0x0, 0x3, 0xfb, 0x9f, 0x70, 0x0,
    0x0, 0x0, 0x6, 0xee, 0x90, 0x0, 0x0, 0x0,
    0x0, 0x0, 0x0, 0x0, 0x0, 0xe, 0xff, 0x10,
    0x0, 0x0, 0xaf, 0xf5, 0xef, 0xf1, 0x0, 0x0,
    0xa, 0xff, 0x5e, 0xff, 0x10, 0x0, 0x0, 0xaf,
    0xf5, 0xef, 0xf1, 0x0, 0x0, 0xa, 0xff, 0x5e,
    0xff, 0x10, 0x0, 0x0, 0xaf, 0xf5, 0xef, 0xf1,
    0x0, 0x0, 0xa, 0xff, 0x5e, 0xff, 0x10, 0x0,
    0x0, 0xaf, 0xf5, 0xef, 0xf1, 0x0, 0x0, 0xa,
    0xff, 0x5e, 0xff, 0x10, 0x0, 0x0, 0xaf, 0xf5,
    0xef, 0xf1, 0x0, 0x0, 0xc, 0xff, 0x5d, 0xff,
    0x40, 0x0, 0x1, 0xff, 0xf5, 0xaf, 0xfb, 0x0,
    0x0, 0xaf, 0xff, 0x53, 0xff, 0xfd, 0x88, 0xcf,
    0xdf, 0xf5, 0x8, 0xff, 0xff, 0xff, 0xa7, 0xff,
    0x50, 0x5, 0xcf, 0xfc, 0x60, 0x7f, 0xf5,

    /* U+0170 "Ű" */
    0x0, 0x0, 0x0, 0xa, 0xba, 0x19, 0xba, 0x10,
    0x0, 0x0, 0x0, 0x5, 0xff, 0x84, 0xff, 0x90,
    0x0, 0x0, 0x0, 0x0, 0xdf, 0xc0, 0xcf, 0xd0,
    0x0, 0x0, 0x0, 0x0, 0x5f, 0xf2, 0x3f, 0xf3,
    0x0, 0x0, 0x0, 0x0, 0x0, 0x0, 0x0, 0x0,
    0x0, 0x0, 0x0, 0x0, 0x0, 0x0, 0x0, 0x0,
    0x0, 0x0, 0x0, 0xf, 0xff, 0x0, 0x0, 0x0,
    0x0, 0x9, 0xff, 0x70, 0xff, 0xf0, 0x0, 0x0,
    0x0, 0x0, 0x9f, 0xf7, 0xf, 0xff, 0x0, 0x0,
    0x0, 0x0, 0x9, 0xff, 0x70, 0xff, 0xf0, 0x0,
    0x0, 0x0, 0x0, 0x9f, 0xf7, 0xf, 0xff, 0x0,
    0x0, 0x0, 0x0, 0x9, 0xff, 0x70, 0xff, 0xf0,
    0x0, 0x0, 0x0, 0x0, 0x9f, 0xf7, 0xf, 0xff,
    0x0, 0x0, 0x0, 0x0, 0x9, 0xff, 0x70, 0xff,
    0xf0, 0x0, 0x0, 0x0, 0x0, 0x9f, 0xf7, 0xf,
    0xff, 0x0, 0x0, 0x0, 0x0, 0x9, 0xff, 0x70,
    0xff, 0xf0, 0x0, 0x0, 0x0, 0x0, 0x9f, 0xf7,
    0xf, 0xff, 0x0, 0x0, 0x0, 0x0, 0x9, 0xff,
    0x70, 0xff, 0xf0, 0x0, 0x0, 0x0, 0x0, 0x9f,
    0xf7, 0xf, 0xff, 0x0, 0x0, 0x0, 0x0, 0x9,
    0xff, 0x60, 0xef, 0xf1, 0x0, 0x0, 0x0, 0x0,
    0xaf, 0xf5, 0xc, 0xff, 0x40, 0x0, 0x0, 0x0,
    0xd, 0xff, 0x30, 0x7f, 0xfc, 0x0, 0x0, 0x0,
    0x5, 0xff, 0xe0, 0x1, 0xff, 0xfb, 0x20, 0x0,
    0x6, 0xff, 0xf7, 0x0, 0x5, 0xff, 0xff, 0xdb,
    0xcf, 0xff, 0xfc, 0x0, 0x0, 0x5, 0xef, 0xff,
    0xff, 0xff, 0xfa, 0x0, 0x0, 0x0, 0x1, 0x6b,
    0xef, 0xed, 0x93, 0x0, 0x0,

    /* U+0171 "ű" */
    0x0, 0x0, 0x6b, 0xb4, 0x5b, 0xb6, 0x0, 0x0,
    0xe, 0xfd, 0xd, 0xfe, 0x10, 0x0, 0x7, 0xff,
    0x35, 0xff, 0x40, 0x0, 0x0, 0xef, 0x80, 0xdf,
    0x90, 0x0, 0x0, 0x0, 0x0, 0x0, 0x0, 0x0,
    0x0, 0x0, 0x0, 0x0, 0x0, 0x0, 0x0, 0xef,
    0xf1, 0x0, 0x0, 0xa, 0xff, 0x5e, 0xff, 0x10,
    0x0, 0x0, 0xaf, 0xf5, 0xef, 0xf1, 0x0, 0x0,
    0xa, 0xff, 0x5e, 0xff, 0x10, 0x0, 0x0, 0xaf,
    0xf5, 0xef, 0xf1, 0x0, 0x0, 0xa, 0xff, 0x5e,
    0xff, 0x10, 0x0, 0x0, 0xaf, 0xf5, 0xef, 0xf1,
    0x0, 0x0, 0xa, 0xff, 0x5e, 0xff, 0x10, 0x0,
    0x0, 0xaf, 0xf5, 0xef, 0xf1, 0x0, 0x0, 0xa,
    0xff, 0x5e, 0xff, 0x10, 0x0, 0x0, 0xcf, 0xf5,
    0xdf, 0xf4, 0x0, 0x0, 0x1f, 0xff, 0x5a, 0xff,
    0xb0, 0x0, 0xa, 0xff, 0xf5, 0x3f, 0xff, 0xd8,
    0x8c, 0xfd, 0xff, 0x50, 0x8f, 0xff, 0xff, 0xfa,
    0x7f, 0xf5, 0x0, 0x5c, 0xff, 0xc6, 0x7, 0xff,
    0x50,

    /* U+0172 "Ų" */
    0xf, 0xff, 0x0, 0x0, 0x0, 0x0, 0x9, 0xff,
    0x70, 0xff, 0xf0, 0x0, 0x0, 0x0, 0x0, 0x9f,
    0xf7, 0xf, 0xff, 0x0, 0x0, 0x0, 0x0, 0x9,
    0xff, 0x70, 0xff, 0xf0, 0x0, 0x0, 0x0, 0x0,
    0x9f, 0xf7, 0xf, 0xff, 0x0, 0x0, 0x0, 0x0,
    0x9, 0xff, 0x70, 0xff, 0xf0, 0x0, 0x0, 0x0,
    0x0, 0x9f, 0xf7, 0xf, 0xff, 0x0, 0x0, 0x0,
    0x0, 0x9, 0xff, 0x70, 0xff, 0xf0, 0x0, 0x0,
    0x0, 0x0, 0x9f, 0xf7, 0xf, 0xff, 0x0, 0x0,
    0x0, 0x0, 0x9, 0xff, 0x70, 0xff, 0xf0, 0x0,
    0x0, 0x0, 0x0, 0x9f, 0xf7, 0xf, 0xff, 0x0,
    0x0, 0x0, 0x0, 0x9, 0xff, 0x70, 0xff, 0xf0,
    0x0, 0x0, 0x0, 0x0, 0x9f, 0xf7, 0xf, 0xff,
    0x0, 0x0, 0x0, 0x0, 0x9, 0xff, 0x60, 0xef,
    0xf1, 0x0, 0x0, 0x0, 0x0, 0xaf, 0xf5, 0xc,
    0xff, 0x40, 0x0, 0x0, 0x0, 0xd, 0xff, 0x30,
    0x7f, 0xfc, 0x0, 0x0, 0x0, 0x5, 0xff, 0xe0,
    0x1, 0xff, 0xfb, 0x20, 0x0, 0x6, 0xff, 0xf7,
    0x0, 0x5, 0xff, 0xff, 0xdb, 0xcf, 0xff, 0xfc,
    0x0, 0x0, 0x5, 0xef, 0xff, 0xff, 0xff, 0xfa,
    0x0, 0x0, 0x0, 0x1, 0x6b, 0xef, 0xff, 0xf3,
    0x0, 0x0, 0x0, 0x0, 0x0, 0x0, 0x4f, 0xf2,
    0x0, 0x0, 0x0, 0x0, 0x0, 0x0, 0xe, 0xf6,
    0x0, 0x0, 0x0, 0x0, 0x0, 0x0, 0x6, 0xff,
    0x31, 0x10, 0x0, 0x0, 0x0, 0x0, 0x0, 0x6f,
    0xff, 0xf8, 0x0, 0x0, 0x0, 0x0, 0x0, 0x0,
    0xaf, 0xfe, 0x80, 0x0, 0x0, 0x0, 0x0, 0x0,
    0x0, 0x0, 0x0, 0x0, 0x0,

    /* U+0173 "ų" */
    0xef, 0xf1, 0x0, 0x0, 0xa, 0xff, 0x50, 0xef,
    0xf1, 0x0, 0x0, 0xa, 0xff, 0x50, 0xef, 0xf1,
    0x0, 0x0, 0xa, 0xff, 0x50, 0xef, 0xf1, 0x0,
    0x0, 0xa, 0xff, 0x50, 0xef, 0xf1, 0x0, 0x0,
    0xa, 0xff, 0x50, 0xef, 0xf1, 0x0, 0x0, 0xa,
    0xff, 0x50, 0xef, 0xf1, 0x0, 0x0, 0xa, 0xff,
    0x50, 0xef, 0xf1, 0x0, 0x0, 0xa, 0xff, 0x50,
    0xef, 0xf1, 0x0, 0x0, 0xa, 0xff, 0x50, 0xef,
    0xf1, 0x0, 0x0, 0xc, 0xff, 0x50, 0xdf, 0xf4,
    0x0, 0x0, 0x1f, 0xff, 0x50, 0xaf, 0xfb, 0x0,
    0x0, 0xaf, 0xff, 0x50, 0x3f, 0xff, 0xd8, 0x8c,
    0xfd, 0xff, 0x50, 0x8, 0xff, 0xff, 0xff, 0xa7,
    0xff, 0x50, 0x0, 0x5c, 0xff, 0xc6, 0x8, 0xff,
    0x50, 0x0, 0x0, 0x0, 0x0, 0xa, 0xfc, 0x0,
    0x0, 0x0, 0x0, 0x0, 0x6f, 0xd1, 0x0, 0x0,
    0x0, 0x0, 0x0, 0xef, 0x90, 0x20, 0x0, 0x0,
    0x0, 0x0, 0xff, 0xff, 0xe0, 0x0, 0x0, 0x0,
    0x0, 0x6e, 0xff, 0xb1, 0x0, 0x0, 0x0, 0x0,
    0x0, 0x0, 0x0,

    /* U+0174 "Ŵ" */
    0x0, 0x0, 0x0, 0x0, 0x0, 0x5f, 0xff, 0x70,
    0x0, 0x0, 0x0, 0x0, 0x0, 0x0, 0x0, 0x0,
    0x0, 0x2, 0xff, 0xbf, 0xf3, 0x0, 0x0, 0x0,
    0x0, 0x0, 0x0, 0x0, 0x0, 0x0, 0xc, 0xf8,
    0x7, 0xfd, 0x0, 0x0, 0x0, 0x0, 0x0, 0x0,
    0x0, 0x0, 0x0, 0x38, 0x70, 0x0, 0x68, 0x30,
    0x0, 0x0, 0x0, 0x0, 0x0, 0x0, 0x0, 0x0,
    0x0, 0x0, 0x0, 0x0, 0x0, 0x0, 0x0, 0x0,
    0x0, 0xcf, 0xf6, 0x0, 0x0, 0x0, 0x1f, 0xff,
    0x30, 0x0, 0x0, 0x5, 0xff, 0xe0, 0x8f, 0xfa,
    0x0, 0x0, 0x0, 0x5f, 0xff, 0x70, 0x0, 0x0,
    0x9, 0xff, 0xa0, 0x4f, 0xfe, 0x0, 0x0, 0x0,
    0x9f, 0xff, 0xb0, 0x0, 0x0, 0xd, 0xff, 0x60,
    0xf, 0xff, 0x20, 0x0, 0x0, 0xdf, 0xff, 0xf0,
    0x0, 0x0, 0x1f, 0xff, 0x20, 0xc, 0xff, 0x60,
    0x0, 0x1, 0xff, 0xff, 0xf3, 0x0, 0x0, 0x4f,
    0xfd, 0x0, 0x7, 0xff, 0x90, 0x0, 0x5, 0xff,
    0xef, 0xf6, 0x0, 0x0, 0x8f, 0xf9, 0x0, 0x3,
    0xff, 0xd0, 0x0, 0x9, 0xff, 0x7f, 0xfa, 0x0,
    0x0, 0xcf, 0xf5, 0x0, 0x0, 0xff, 0xf1, 0x0,
    0xd, 0xff, 0xe, 0xfe, 0x0, 0x0, 0xff, 0xf1,
    0x0, 0x0, 0xbf, 0xf5, 0x0, 0x1f, 0xfc, 0xa,
    0xff, 0x20, 0x4, 0xff, 0xd0, 0x0, 0x0, 0x7f,
    0xf9, 0x0, 0x5f, 0xf8, 0x6, 0xff, 0x60, 0x8,
    0xff, 0x80, 0x0, 0x0, 0x2f, 0xfd, 0x0, 0x8f,
    0xf4, 0x2, 0xff, 0xa0, 0xc, 0xff, 0x40, 0x0,
    0x0, 0xe, 0xff, 0x10, 0xcf, 0xf0, 0x0, 0xef,
    0xe0, 0xf, 0xff, 0x0, 0x0, 0x0, 0xa, 0xff,
    0x50, 0xff, 0xc0, 0x0, 0xaf, 0xf2, 0x3f, 0xfc,
    0x0, 0x0, 0x0, 0x6, 0xff, 0x94, 0xff, 0x80,
    0x0, 0x6f, 0xf6, 0x7f, 0xf7, 0x0, 0x0, 0x0,
    0x1, 0xff, 0xd8, 0xff, 0x30, 0x0, 0x2f, 0xfa,
    0xbf, 0xf3, 0x0, 0x0, 0x0, 0x0, 0xdf, 0xfd,
    0xff, 0x0, 0x0, 0xe, 0xfe, 0xff, 0xf0, 0x0,
    0x0, 0x0, 0x0, 0x9f, 0xff, 0xfb, 0x0, 0x0,
    0xa, 0xff, 0xff, 0xb0, 0x0, 0x0, 0x0, 0x0,
    0x5f, 0xff, 0xf7, 0x0, 0x0, 0x6, 0xff, 0xff,
    0x70, 0x0, 0x0, 0x0, 0x0, 0x1f, 0xff, 0xf3,
    0x0, 0x0, 0x2, 0xff, 0xff, 0x20, 0x0, 0x0,
    0x0, 0x0, 0xc, 0xff, 0xf0, 0x0, 0x0, 0x0,
    0xef, 0xfe, 0x0, 0x0, 0x0,

    /* U+0175 "ŵ" */
    0x0, 0x0, 0x0, 0x0, 0x0, 0x78, 0x82, 0x0,
    0x0, 0x0, 0x0, 0x0, 0x0, 0x0, 0x0, 0x0,
    0xaf, 0xdf, 0xd0, 0x0, 0x0, 0x0, 0x0, 0x0,
    0x0, 0x0, 0x0, 0x5f, 0xd0, 0x9f, 0x90, 0x0,
    0x0, 0x0, 0x0, 0x0, 0x0, 0x0, 0x2f, 0xf3,
    0x0, 0xef, 0x50, 0x0, 0x0, 0x0, 0x0, 0x0,
    0x0, 0x0, 0x10, 0x0, 0x0, 0x10, 0x0, 0x0,
    0x0, 0x0, 0x0, 0x0, 0x0, 0x0, 0x0, 0x0,
    0x0, 0x0, 0x0, 0x0, 0x0, 0x3f, 0xfd, 0x0,
    0x0, 0x0, 0xff, 0xf1, 0x0, 0x0, 0xa, 0xff,
    0x70, 0xef, 0xf2, 0x0, 0x0, 0x3f, 0xff, 0x60,
    0x0, 0x0, 0xef, 0xf2, 0xa, 0xff, 0x60, 0x0,
    0x8, 0xff, 0xfa, 0x0, 0x0, 0x3f, 0xfd, 0x0,
    0x5f, 0xfa, 0x0, 0x0, 0xcf, 0xff, 0xf0, 0x0,
    0x7, 0xff, 0x80, 0x0, 0xff, 0xe0, 0x0, 0x1f,
    0xfd, 0xff, 0x30, 0x0, 0xcf, 0xf3, 0x0, 0xb,
    0xff, 0x30, 0x5, 0xff, 0x4f, 0xf8, 0x0, 0xf,
    0xfe, 0x0, 0x0, 0x6f, 0xf7, 0x0, 0x9f, 0xe0,
    0xcf, 0xc0, 0x4, 0xff, 0xa0, 0x0, 0x1, 0xff,
    0xc0, 0xe, 0xfa, 0x7, 0xff, 0x10, 0x9f, 0xf5,
    0x0, 0x0, 0xd, 0xff, 0x2, 0xff, 0x50, 0x2f,
    0xf5, 0xd, 0xff, 0x0, 0x0, 0x0, 0x8f, 0xf4,
    0x7f, 0xf1, 0x0, 0xef, 0xa1, 0xff, 0xb0, 0x0,
    0x0, 0x3, 0xff, 0x9b, 0xfc, 0x0, 0x9, 0xfe,
    0x6f, 0xf6, 0x0, 0x0, 0x0, 0xe, 0xfe, 0xff,
    0x70, 0x0, 0x4f, 0xfd, 0xff, 0x10, 0x0, 0x0,
    0x0, 0x9f, 0xff, 0xf2, 0x0, 0x0, 0xff, 0xff,
    0xd0, 0x0, 0x0, 0x0, 0x4, 0xff, 0xfe, 0x0,
    0x0, 0xb, 0xff, 0xf8, 0x0, 0x0, 0x0, 0x0,
    0xf, 0xff, 0x90, 0x0, 0x0, 0x6f, 0xff, 0x30,
    0x0, 0x0,

    /* U+0176 "Ŷ" */
    0x0, 0x0, 0x0, 0x0, 0x22, 0x20, 0x0, 0x0,
    0x0, 0x0, 0x0, 0x0, 0xb, 0xff, 0xf5, 0x0,
    0x0, 0x0, 0x0, 0x0, 0x0, 0x6f, 0xe8, 0xff,
    0x20, 0x0, 0x0, 0x0, 0x0, 0x2, 0xff, 0x30,
    0x9f, 0xc0, 0x0, 0x0, 0x0, 0x0, 0x4, 0x63,
    0x0, 0x6, 0x61, 0x0, 0x0, 0x0, 0x0, 0x0,
    0x0, 0x0, 0x0, 0x0, 0x0, 0x0, 0xd, 0xff,
    0x90, 0x0, 0x0, 0x0, 0x0, 0xef, 0xf8, 0x4,
    0xff, 0xf2, 0x0, 0x0, 0x0, 0x7, 0xff, 0xe0,
    0x0, 0xbf, 0xfb, 0x0, 0x0, 0x0, 0x1f, 0xff,
    0x50, 0x0, 0x2f, 0xff, 0x40, 0x0, 0x0, 0x9f,
    0xfc, 0x0, 0x0, 0x8, 0xff, 0xd0, 0x0, 0x3,
    0xff, 0xf3, 0x0, 0x0, 0x0, 0xef, 0xf6, 0x0,
    0xc, 0xff, 0x90, 0x0, 0x0, 0x0, 0x6f, 0xfe,
    0x0, 0x5f, 0xff, 0x10, 0x0, 0x0, 0x0, 0xc,
    0xff, 0x80, 0xdf, 0xf7, 0x0, 0x0, 0x0, 0x0,
    0x3, 0xff, 0xf8, 0xff, 0xd0, 0x0, 0x0, 0x0,
    0x0, 0x0, 0xaf, 0xff, 0xff, 0x40, 0x0, 0x0,
    0x0, 0x0, 0x0, 0x1f, 0xff, 0xfa, 0x0, 0x0,
    0x0, 0x0, 0x0, 0x0, 0x7, 0xff, 0xf2, 0x0,
    0x0, 0x0, 0x0, 0x0, 0x0, 0x3, 0xff, 0xd0,
    0x0, 0x0, 0x0, 0x0, 0x0, 0x0, 0x3, 0xff,
    0xd0, 0x0, 0x0, 0x0, 0x0, 0x0, 0x0, 0x3,
    0xff, 0xd0, 0x0, 0x0, 0x0, 0x0, 0x0, 0x0,
    0x3, 0xff, 0xd0, 0x0, 0x0, 0x0, 0x0, 0x0,
    0x0, 0x3, 0xff, 0xd0, 0x0, 0x0, 0x0, 0x0,
    0x0, 0x0, 0x3, 0xff, 0xd0, 0x0, 0x0, 0x0,
    0x0, 0x0, 0x0, 0x3, 0xff, 0xd0, 0x0, 0x0,
    0x0, 0x0, 0x0, 0x0, 0x3, 0xff, 0xd0, 0x0,
    0x0, 0x0,

    /* U+0177 "ŷ" */
    0x0, 0x0, 0x2, 0xcb, 0xc8, 0x0, 0x0, 0x0,
    0x0, 0x1, 0xde, 0x17, 0xf7, 0x0, 0x0, 0x0,
    0x0, 0xcf, 0x40, 0xc, 0xf5, 0x0, 0x0, 0x0,
    0x1, 0x10, 0x0, 0x1, 0x10, 0x0, 0x0, 0x0,
    0x0, 0x0, 0x0, 0x0, 0x0, 0x3, 0xff, 0xe0,
    0x0, 0x0, 0x0, 0x6f, 0xfb, 0xd, 0xff, 0x40,
    0x0, 0x0, 0xb, 0xff, 0x50, 0x7f, 0xf9, 0x0,
    0x0, 0x1, 0xff, 0xf0, 0x2, 0xff, 0xe0, 0x0,
    0x0, 0x6f, 0xfa, 0x0, 0xc, 0xff, 0x40, 0x0,
    0xb, 0xff, 0x40, 0x0, 0x6f, 0xf9, 0x0, 0x0,
    0xff, 0xe0, 0x0, 0x1, 0xff, 0xe0, 0x0, 0x5f,
    0xf8, 0x0, 0x0, 0xb, 0xff, 0x40, 0xa, 0xff,
    0x30, 0x0, 0x0, 0x5f, 0xf9, 0x0, 0xff, 0xd0,
    0x0, 0x0, 0x0, 0xff, 0xe0, 0x4f, 0xf7, 0x0,
    0x0, 0x0, 0xa, 0xff, 0x4a, 0xff, 0x10, 0x0,
    0x0, 0x0, 0x4f, 0xfa, 0xef, 0xc0, 0x0, 0x0,
    0x0, 0x0, 0xef, 0xff, 0xf6, 0x0, 0x0, 0x0,
    0x0, 0x8, 0xff, 0xff, 0x10, 0x0, 0x0, 0x0,
    0x0, 0x3f, 0xff, 0xa0, 0x0, 0x0, 0x0, 0x0,
    0x0, 0x5f, 0xf5, 0x0, 0x0, 0x0, 0x0, 0x66,
    0x7f, 0xfe, 0x0, 0x0, 0x0, 0x0, 0x1f, 0xff,
    0xff, 0x70, 0x0, 0x0, 0x0, 0x1, 0xff, 0xfd,
    0x60, 0x0, 0x0, 0x0,

    /* U+0178 "Ÿ" */
    0x0, 0x0, 0xb, 0xee, 0x20, 0x7e, 0xe6, 0x0,
    0x0, 0x0, 0x0, 0xc, 0xff, 0x30, 0x8f, 0xf7,
    0x0, 0x0, 0x0, 0x0, 0xc, 0xff, 0x30, 0x8f,
    0xf7, 0x0, 0x0, 0x0, 0x0, 0x0, 0x0, 0x0,
    0x0, 0x0, 0x0, 0x0, 0x0, 0x0, 0x0, 0x0,
    0x0, 0x0, 0x0, 0x0, 0x0, 0xd, 0xff, 0x90,
    0x0, 0x0, 0x0, 0x0, 0xef, 0xf8, 0x4, 0xff,
    0xf2, 0x0, 0x0, 0x0, 0x7, 0xff, 0xe0, 0x0,
    0xbf, 0xfb, 0x0, 0x0, 0x0, 0x1f, 0xff, 0x50,
    0x0, 0x2f, 0xff, 0x40, 0x0, 0x0, 0x9f, 0xfc,
    0x0, 0x0, 0x8, 0xff, 0xd0, 0x0, 0x3, 0xff,
    0xf3, 0x0, 0x0, 0x0, 0xef, 0xf6, 0x0, 0xc,
    0xff, 0x90, 0x0, 0x0, 0x0, 0x6f, 0xfe, 0x0,
    0x5f, 0xff, 0x10, 0x0, 0x0, 0x0, 0xc, 0xff,
    0x80, 0xdf, 0xf7, 0x0, 0x0, 0x0, 0x0, 0x3,
    0xff, 0xf8, 0xff, 0xd0, 0x0, 0x0, 0x0, 0x0,
    0x0, 0xaf, 0xff, 0xff, 0x40, 0x0, 0x0, 0x0,
    0x0, 0x0, 0x1f, 0xff, 0xfa, 0x0, 0x0, 0x0,
    0x0, 0x0, 0x0, 0x7, 0xff, 0xf2, 0x0, 0x0,
    0x0, 0x0, 0x0, 0x0, 0x3, 0xff, 0xd0, 0x0,
    0x0, 0x0, 0x0, 0x0, 0x0, 0x3, 0xff, 0xd0,
    0x0, 0x0, 0x0, 0x0, 0x0, 0x0, 0x3, 0xff,
    0xd0, 0x0, 0x0, 0x0, 0x0, 0x0, 0x0, 0x3,
    0xff, 0xd0, 0x0, 0x0, 0x0, 0x0, 0x0, 0x0,
    0x3, 0xff, 0xd0, 0x0, 0x0, 0x0, 0x0, 0x0,
    0x0, 0x3, 0xff, 0xd0, 0x0, 0x0, 0x0, 0x0,
    0x0, 0x0, 0x3, 0xff, 0xd0, 0x0, 0x0, 0x0,
    0x0, 0x0, 0x0, 0x3, 0xff, 0xd0, 0x0, 0x0,
    0x0,

    /* U+0179 "Ź" */
    0x0, 0x0, 0x0, 0x0, 0xbf, 0xf4, 0x0, 0x0,
    0x0, 0x0, 0x0, 0x2f, 0xf9, 0x0, 0x0, 0x0,
    0x0, 0x0, 0xa, 0xfe, 0x0, 0x0, 0x0, 0x0,
    0x0, 0x0, 0xab, 0x30, 0x0, 0x0, 0x0, 0x0,
    0x0, 0x0, 0x0, 0x0, 0x0, 0x0, 0xdf, 0xff,
    0xff, 0xff, 0xff, 0xff, 0xf9, 0xd, 0xff, 0xff,
    0xff, 0xff, 0xff, 0xff, 0x90, 0x9b, 0xbb, 0xbb,
    0xbb, 0xbc, 0xff, 0xf9, 0x0, 0x0, 0x0, 0x0,
    0x0, 0x8f, 0xff, 0x20, 0x0, 0x0, 0x0, 0x0,
    0x3f, 0xff, 0x60, 0x0, 0x0, 0x0, 0x0, 0xd,
    0xff, 0xa0, 0x0, 0x0, 0x0, 0x0, 0xa, 0xff,
    0xe1, 0x0, 0x0, 0x0, 0x0, 0x5, 0xff, 0xf4,
    0x0, 0x0, 0x0, 0x0, 0x1, 0xef, 0xf8, 0x0,
    0x0, 0x0, 0x0, 0x0, 0xbf, 0xfc, 0x0, 0x0,
    0x0, 0x0, 0x0, 0x7f, 0xff, 0x20, 0x0, 0x0,
    0x0, 0x0, 0x3f, 0xff, 0x60, 0x0, 0x0, 0x0,
    0x0, 0xd, 0xff, 0xb0, 0x0, 0x0, 0x0, 0x0,
    0x9, 0xff, 0xe1, 0x0, 0x0, 0x0, 0x0, 0x4,
    0xff, 0xf4, 0x0, 0x0, 0x0, 0x0, 0x1, 0xef,
    0xf9, 0x0, 0x0, 0x0, 0x0, 0x0, 0xbf, 0xfd,
    0x0, 0x0, 0x0, 0x0, 0x0, 0x3f, 0xff, 0xdb,
    0xbb, 0xbb, 0xbb, 0xbb, 0xa3, 0xff, 0xff, 0xff,
    0xff, 0xff, 0xff, 0xfe, 0x3f, 0xff, 0xff, 0xff,
    0xff, 0xff, 0xff, 0xe0,

    /* U+017A "ź" */
    0x0, 0x0, 0x0, 0xf, 0xfe, 0x10, 0x0, 0x0,
    0x0, 0x0, 0x7f, 0xf5, 0x0, 0x0, 0x0, 0x0,
    0x0, 0xef, 0xa0, 0x0, 0x0, 0x0, 0x0, 0x4,
    0xba, 0x0, 0x0, 0x0, 0x0, 0x0, 0x0, 0x0,
    0x0, 0x0, 0x0, 0x4f, 0xff, 0xff, 0xff, 0xff,
    0xff, 0xd0, 0x4f, 0xff, 0xff, 0xff, 0xff, 0xff,
    0xd0, 0x16, 0x66, 0x66, 0x66, 0x6e, 0xff, 0xc0,
    0x0, 0x0, 0x0, 0x0, 0x9f, 0xfe, 0x20, 0x0,
    0x0, 0x0, 0x7, 0xff, 0xf3, 0x0, 0x0, 0x0,
    0x0, 0x6f, 0xff, 0x40, 0x0, 0x0, 0x0, 0x4,
    0xff, 0xf5, 0x0, 0x0, 0x0, 0x0, 0x3f, 0xff,
    0x60, 0x0, 0x0, 0x0, 0x2, 0xef, 0xf7, 0x0,
    0x0, 0x0, 0x0, 0x1e, 0xff, 0x90, 0x0, 0x0,
    0x0, 0x1, 0xdf, 0xfa, 0x0, 0x0, 0x0, 0x0,
    0xc, 0xff, 0xb0, 0x0, 0x0, 0x0, 0x0, 0x8f,
    0xff, 0x76, 0x66, 0x66, 0x66, 0x60, 0x9f, 0xff,
    0xff, 0xff, 0xff, 0xff, 0xf1, 0x9f, 0xff, 0xff,
    0xff, 0xff, 0xff, 0xf1,

    /* U+017B "Ż" */
    0x0, 0x0, 0x0, 0x6e, 0xe9, 0x0, 0x0, 0x0,
    0x0, 0x0, 0x7, 0xff, 0xa0, 0x0, 0x0, 0x0,
    0x0, 0x0, 0x7f, 0xfa, 0x0, 0x0, 0x0, 0x0,
    0x0, 0x0, 0x0, 0x0, 0x0, 0x0, 0x0, 0x0,
    0x0, 0x0, 0x0, 0x0, 0x0, 0x0, 0xdf, 0xff,
    0xff, 0xff, 0xff, 0xff, 0xf9, 0xd, 0xff, 0xff,
    0xff, 0xff, 0xff, 0xff, 0x90, 0x9b, 0xbb, 0xbb,
    0xbb, 0xbc, 0xff, 0xf9, 0x0, 0x0, 0x0, 0x0,
    0x0, 0x8f, 0xff, 0x20, 0x0, 0x0, 0x0, 0x0,
    0x3f, 0xff, 0x60, 0x0, 0x0, 0x0, 0x0, 0xd,
    0xff, 0xa0, 0x0, 0x0, 0x0, 0x0, 0xa, 0xff,
    0xe1, 0x0, 0x0, 0x0, 0x0, 0x5, 0xff, 0xf4,
    0x0, 0x0, 0x0, 0x0, 0x1, 0xef, 0xf8, 0x0,
    0x0, 0x0, 0x0, 0x0, 0xbf, 0xfc, 0x0, 0x0,
    0x0, 0x0, 0x0, 0x7f, 0xff, 0x20, 0x0, 0x0,
    0x0, 0x0, 0x3f, 0xff, 0x60, 0x0, 0x0, 0x0,
    0x0, 0xd, 0xff, 0xb0, 0x0, 0x0, 0x0, 0x0,
    0x9, 0xff, 0xe1, 0x0, 0x0, 0x0, 0x0, 0x4,
    0xff, 0xf4, 0x0, 0x0, 0x0, 0x0, 0x1, 0xef,
    0xf9, 0x0, 0x0, 0x0, 0x0, 0x0, 0xbf, 0xfd,
    0x0, 0x0, 0x0, 0x0, 0x0, 0x3f, 0xff, 0xdb,
    0xbb, 0xbb, 0xbb, 0xbb, 0xa3, 0xff, 0xff, 0xff,
    0xff, 0xff, 0xff, 0xfe, 0x3f, 0xff, 0xff, 0xff,
    0xff, 0xff, 0xff, 0xe0,

    /* U+017C "ż" */
    0x0, 0x0, 0xc, 0xff, 0x50, 0x0, 0x0, 0x0,
    0x0, 0xc, 0xff, 0x50, 0x0, 0x0, 0x0, 0x0,
    0xb, 0xee, 0x40, 0x0, 0x0, 0x0, 0x0, 0x0,
    0x0, 0x0, 0x0, 0x0, 0x0, 0x0, 0x0, 0x0,
    0x0, 0x0, 0x0, 0x4f, 0xff, 0xff, 0xff, 0xff,
    0xff, 0xd0, 0x4f, 0xff, 0xff, 0xff, 0xff, 0xff,
    0xd0, 0x16, 0x66, 0x66, 0x66, 0x6e, 0xff, 0xc0,
    0x0, 0x0, 0x0, 0x0, 0x9f, 0xfe, 0x20, 0x0,
    0x0, 0x0, 0x7, 0xff, 0xf3, 0x0, 0x0, 0x0,
    0x0, 0x6f, 0xff, 0x40, 0x0, 0x0, 0x0, 0x4,
    0xff, 0xf5, 0x0, 0x0, 0x0, 0x0, 0x3f, 0xff,
    0x60, 0x0, 0x0, 0x0, 0x2, 0xef, 0xf7, 0x0,
    0x0, 0x0, 0x0, 0x1e, 0xff, 0x90, 0x0, 0x0,
    0x0, 0x1, 0xdf, 0xfa, 0x0, 0x0, 0x0, 0x0,
    0xc, 0xff, 0xb0, 0x0, 0x0, 0x0, 0x0, 0x8f,
    0xff, 0x76, 0x66, 0x66, 0x66, 0x60, 0x9f, 0xff,
    0xff, 0xff, 0xff, 0xff, 0xf1, 0x9f, 0xff, 0xff,
    0xff, 0xff, 0xff, 0xf1,

    /* U+017D "Ž" */
    0x0, 0x0, 0xaf, 0xa0, 0x7, 0xfc, 0x0, 0x0,
    0x0, 0x0, 0xdf, 0x85, 0xff, 0x20, 0x0, 0x0,
    0x0, 0x3, 0xff, 0xff, 0x50, 0x0, 0x0, 0x0,
    0x0, 0x5, 0x88, 0x60, 0x0, 0x0, 0x0, 0x0,
    0x0, 0x0, 0x0, 0x0, 0x0, 0x0, 0xdf, 0xff,
    0xff, 0xff, 0xff, 0xff, 0xf9, 0xd, 0xff, 0xff,
    0xff, 0xff, 0xff, 0xff, 0x90, 0x9b, 0xbb, 0xbb,
    0xbb, 0xbc, 0xff, 0xf9, 0x0, 0x0, 0x0, 0x0,
    0x0, 0x8f, 0xff, 0x20, 0x0, 0x0, 0x0, 0x0,
    0x3f, 0xff, 0x60, 0x0, 0x0, 0x0, 0x0, 0xd,
    0xff, 0xa0, 0x0, 0x0, 0x0, 0x0, 0xa, 0xff,
    0xe1, 0x0, 0x0, 0x0, 0x0, 0x5, 0xff, 0xf4,
    0x0, 0x0, 0x0, 0x0, 0x1, 0xef, 0xf8, 0x0,
    0x0, 0x0, 0x0, 0x0, 0xbf, 0xfc, 0x0, 0x0,
    0x0, 0x0, 0x0, 0x7f, 0xff, 0x20, 0x0, 0x0,
    0x0, 0x0, 0x3f, 0xff, 0x60, 0x0, 0x0, 0x0,
    0x0, 0xd, 0xff, 0xb0, 0x0, 0x0, 0x0, 0x0,
    0x9, 0xff, 0xe1, 0x0, 0x0, 0x0, 0x0, 0x4,
    0xff, 0xf4, 0x0, 0x0, 0x0, 0x0, 0x1, 0xef,
    0xf9, 0x0, 0x0, 0x0, 0x0, 0x0, 0xbf, 0xfd,
    0x0, 0x0, 0x0, 0x0, 0x0, 0x3f, 0xff, 0xdb,
    0xbb, 0xbb, 0xbb, 0xbb, 0xa3, 0xff, 0xff, 0xff,
    0xff, 0xff, 0xff, 0xfe, 0x3f, 0xff, 0xff, 0xff,
    0xff, 0xff, 0xff, 0xe0,

    /* U+017E "ž" */
    0x0, 0x18, 0x70, 0x0, 0x48, 0x50, 0x0, 0x0,
    0xa, 0xfa, 0x2, 0xff, 0x40, 0x0, 0x0, 0x1,
    0xff, 0x5c, 0xf9, 0x0, 0x0, 0x0, 0x0, 0x6f,
    0xff, 0xe1, 0x0, 0x0, 0x0, 0x0, 0x7, 0x88,
    0x30, 0x0, 0x0, 0x0, 0x0, 0x0, 0x0, 0x0,
    0x0, 0x0, 0x4f, 0xff, 0xff, 0xff, 0xff, 0xff,
    0xd0, 0x4f, 0xff, 0xff, 0xff, 0xff, 0xff, 0xd0,
    0x16, 0x66, 0x66, 0x66, 0x6e, 0xff, 0xc0, 0x0,
    0x0, 0x0, 0x0, 0x9f, 0xfe, 0x20, 0x0, 0x0,
    0x0, 0x7, 0xff, 0xf3, 0x0, 0x0, 0x0, 0x0,
    0x6f, 0xff, 0x40, 0x0, 0x0, 0x0, 0x4, 0xff,
    0xf5, 0x0, 0x0, 0x0, 0x0, 0x3f, 0xff, 0x60,
    0x0, 0x0, 0x0, 0x2, 0xef, 0xf7, 0x0, 0x0,
    0x0, 0x0, 0x1e, 0xff, 0x90, 0x0, 0x0, 0x0,
    0x1, 0xdf, 0xfa, 0x0, 0x0, 0x0, 0x0, 0xc,
    0xff, 0xb0, 0x0, 0x0, 0x0, 0x0, 0x8f, 0xff,
    0x76, 0x66, 0x66, 0x66, 0x60, 0x9f, 0xff, 0xff,
    0xff, 0xff, 0xff, 0xf1, 0x9f, 0xff, 0xff, 0xff,
    0xff, 0xff, 0xf1,

    /* U+017F "ſ" */
    0x0, 0x6d, 0xfe, 0xd1, 0x8, 0xff, 0xff, 0xf0,
    0xe, 0xfe, 0x75, 0x50, 0x1f, 0xf7, 0x0, 0x0,
    0x1f, 0xf5, 0x0, 0x0, 0x2f, 0xf5, 0x0, 0x0,
    0x2f, 0xf5, 0x0, 0x0, 0x2f, 0xf5, 0x0, 0x0,
    0x2f, 0xf5, 0x0, 0x0, 0x2f, 0xf5, 0x0, 0x0,
    0x2f, 0xf5, 0x0, 0x0, 0x2f, 0xf5, 0x0, 0x0,
    0x2f, 0xf5, 0x0, 0x0, 0x2f, 0xf5, 0x0, 0x0,
    0x2f, 0xf5, 0x0, 0x0, 0x2f, 0xf5, 0x0, 0x0,
    0x2f, 0xf5, 0x0, 0x0, 0x2f, 0xf5, 0x0, 0x0,
    0x2f, 0xf5, 0x0, 0x0, 0x2f, 0xf5, 0x0, 0x0,

    /* U+0180 "ƀ" */
    0x0, 0x3f, 0xf4, 0x0, 0x0, 0x0, 0x0, 0x0,
    0x6f, 0xff, 0xff, 0xff, 0xf2, 0x0, 0x0, 0x0,
    0x6f, 0xff, 0xff, 0xff, 0xf2, 0x0, 0x0, 0x0,
    0x0, 0x3f, 0xf4, 0x0, 0x0, 0x0, 0x0, 0x0,
    0x0, 0x3f, 0xf4, 0x0, 0x0, 0x0, 0x0, 0x0,
    0x0, 0x3f, 0xf4, 0x2a, 0xef, 0xd9, 0x10, 0x0,
    0x0, 0x3f, 0xf9, 0xff, 0xff, 0xff, 0xf4, 0x0,
    0x0, 0x3f, 0xff, 0xf7, 0x11, 0x6e, 0xff, 0x20,
    0x0, 0x3f, 0xff, 0x30, 0x0, 0x2, 0xff, 0xa0,
    0x0, 0x3f, 0xf9, 0x0, 0x0, 0x0, 0x9f, 0xf0,
    0x0, 0x3f, 0xf4, 0x0, 0x0, 0x0, 0x4f, 0xf4,
    0x0, 0x3f, 0xf2, 0x0, 0x0, 0x0, 0x2f, 0xf5,
    0x0, 0x3f, 0xf1, 0x0, 0x0, 0x0, 0x1f, 0xf6,
    0x0, 0x3f, 0xf2, 0x0, 0x0, 0x0, 0x2f, 0xf5,
    0x0, 0x3f, 0xf4, 0x0, 0x0, 0x0, 0x5f, 0xf3,
    0x0, 0x3f, 0xf8, 0x0, 0x0, 0x0, 0xaf, 0xe0,
    0x0, 0x3f, 0xff, 0x20, 0x0, 0x4, 0xff, 0x80,
    0x0, 0x3f, 0xff, 0xe6, 0x22, 0x7f, 0xfd, 0x0,
    0x0, 0x3f, 0xf6, 0xff, 0xff, 0xff, 0xd2, 0x0,
    0x0, 0x3f, 0xf1, 0x3b, 0xef, 0xd7, 0x0, 0x0,

    /* U+0181 "Ɓ" */
    0x9, 0xef, 0xff, 0xff, 0xff, 0xff, 0xfd, 0xa4,
    0x0, 0x0, 0xaf, 0xff, 0xff, 0xff, 0xff, 0xff,
    0xff, 0xff, 0x90, 0x0, 0xef, 0xd6, 0xef, 0xd6,
    0x66, 0x66, 0x79, 0xef, 0xf7, 0x0, 0xff, 0x50,
    0xef, 0xc0, 0x0, 0x0, 0x0, 0x1d, 0xff, 0x0,
    0xff, 0x40, 0xef, 0xc0, 0x0, 0x0, 0x0, 0x7,
    0xff, 0x30, 0x0, 0x0, 0xef, 0xc0, 0x0, 0x0,
    0x0, 0x5, 0xff, 0x30, 0x0, 0x0, 0xef, 0xc0,
    0x0, 0x0, 0x0, 0x9, 0xff, 0x0, 0x0, 0x0,
    0xef, 0xc0, 0x0, 0x0, 0x3, 0x9f, 0xf8, 0x0,
    0x0, 0x0, 0xef, 0xff, 0xff, 0xff, 0xff, 0xff,
    0xa0, 0x0, 0x0, 0x0, 0xef, 0xff, 0xff, 0xff,
    0xff, 0xfd, 0x20, 0x0, 0x0, 0x0, 0xef, 0xd6,
    0x66, 0x66, 0x79, 0xdf, 0xf8, 0x0, 0x0, 0x0,
    0xef, 0xc0, 0x0, 0x0, 0x0, 0x8, 0xff, 0x70,
    0x0, 0x0, 0xef, 0xc0, 0x0, 0x0, 0x0, 0x0,
    0xcf, 0xe0, 0x0, 0x0, 0xef, 0xc0, 0x0, 0x0,
    0x0, 0x0, 0x8f, 0xf2, 0x0, 0x0, 0xef, 0xc0,
    0x0, 0x0, 0x0, 0x0, 0x8f, 0xf3, 0x0, 0x0,
    0xef, 0xc0, 0x0, 0x0, 0x0, 0x0, 0xcf, 0xf1,
    0x0, 0x0, 0xef, 0xc0, 0x0, 0x0, 0x0, 0x7,
    0xff, 0xc0, 0x0, 0x0, 0xef, 0xd6, 0x66, 0x66,
    0x78, 0xdf, 0xff, 0x30, 0x0, 0x0, 0xef, 0xff,
    0xff, 0xff, 0xff, 0xff, 0xf5, 0x0, 0x0, 0x0,
    0xef, 0xff, 0xff, 0xff, 0xfe, 0xc8, 0x10, 0x0,

    /* U+0182 "Ƃ" */
    0xcf, 0xff, 0xff, 0xff, 0xff, 0xff, 0xf3, 0x0,
    0xcf, 0xff, 0xff, 0xff, 0xff, 0xff, 0xf3, 0x0,
    0xcf, 0xe6, 0x66, 0x66, 0x66, 0x66, 0x61, 0x0,
    0xcf, 0xe0, 0x0, 0x0, 0x0, 0x0, 0x0, 0x0,
    0xcf, 0xe0, 0x0, 0x0, 0x0, 0x0, 0x0, 0x0,
    0xcf, 0xe0, 0x0, 0x0, 0x0, 0x0, 0x0, 0x0,
    0xcf, 0xe0, 0x0, 0x0, 0x0, 0x0, 0x0, 0x0,
    0xcf, 0xe0, 0x0, 0x0, 0x0, 0x0, 0x0, 0x0,
    0xcf, 0xe6, 0x66, 0x66, 0x54, 0x20, 0x0, 0x0,
    0xcf, 0xff, 0xff, 0xff, 0xff, 0xfe, 0x80, 0x0,
    0xcf, 0xff, 0xff, 0xff, 0xff, 0xff, 0xfd, 0x10,
    0xcf, 0xe0, 0x0, 0x0, 0x13, 0x6e, 0xff, 0xa0,
    0xcf, 0xe0, 0x0, 0x0, 0x0, 0x1, 0xef, 0xf1,
    0xcf, 0xe0, 0x0, 0x0, 0x0, 0x0, 0x9f, 0xf4,
    0xcf, 0xe0, 0x0, 0x0, 0x0, 0x0, 0x8f, 0xf5,
    0xcf, 0xe0, 0x0, 0x0, 0x0, 0x0, 0xaf, 0xf3,
    0xcf, 0xe0, 0x0, 0x0, 0x0, 0x3, 0xff, 0xe0,
    0xcf, 0xe4, 0x44, 0x44, 0x46, 0xaf, 0xff, 0x60,
    0xcf, 0xff, 0xff, 0xff, 0xff, 0xff, 0xf8, 0x0,
    0xcf, 0xff, 0xff, 0xff, 0xfe, 0xd9, 0x30, 0x0,

    /* U+0183 "ƃ" */
    0x3f, 0xff, 0xff, 0xff, 0xff, 0xff, 0xf5, 0x3f,
    0xff, 0xff, 0xff, 0xff, 0xff, 0xf5, 0x3f, 0xf4,
    0x0, 0x0, 0x0, 0x0, 0x0, 0x3f, 0xf4, 0x0,
    0x0, 0x0, 0x0, 0x0, 0x3f, 0xf4, 0x0, 0x0,
    0x0, 0x0, 0x0, 0x3f, 0xf4, 0x2a, 0xef, 0xd9,
    0x10, 0x0, 0x3f, 0xf9, 0xff, 0xff, 0xff, 0xf4,
    0x0, 0x3f, 0xff, 0xf7, 0x11, 0x6e, 0xff, 0x20,
    0x3f, 0xff, 0x30, 0x0, 0x2, 0xff, 0xa0, 0x3f,
    0xf9, 0x0, 0x0, 0x0, 0x9f, 0xf0, 0x3f, 0xf4,
    0x0, 0x0, 0x0, 0x4f, 0xf4, 0x3f, 0xf2, 0x0,
    0x0, 0x0, 0x2f, 0xf5, 0x3f, 0xf1, 0x0, 0x0,
    0x0, 0x1f, 0xf6, 0x3f, 0xf2, 0x0, 0x0, 0x0,
    0x2f, 0xf5, 0x3f, 0xf4, 0x0, 0x0, 0x0, 0x5f,
    0xf3, 0x3f, 0xf8, 0x0, 0x0, 0x0, 0xaf, 0xe0,
    0x3f, 0xff, 0x20, 0x0, 0x4, 0xff, 0x80, 0x3f,
    0xff, 0xe6, 0x22, 0x7f, 0xfd, 0x0, 0x3f, 0xf6,
    0xff, 0xff, 0xff, 0xd2, 0x0, 0x3f, 0xf1, 0x3b,
    0xef, 0xd7, 0x0, 0x0,

    /* U+0184 "Ƅ" */
    0x2f, 0xf5, 0x0, 0x0, 0x0, 0x0, 0x0, 0x2f,
    0xf5, 0x0, 0x0, 0x0, 0x0, 0x0, 0x2f, 0xf5,
    0x0, 0x0, 0x0, 0x0, 0x0, 0x2f, 0xf5, 0x0,
    0x0, 0x0, 0x0, 0x0, 0x2f, 0xf5, 0x0, 0x0,
    0x0, 0x0, 0x0, 0x2f, 0xf5, 0x0, 0x0, 0x0,
    0x0, 0x0, 0x2f, 0xf5, 0x0, 0x0, 0x0, 0x0,
    0x0, 0x2f, 0xf7, 0x33, 0x32, 0x10, 0x0, 0x0,
    0x2f, 0xff, 0xff, 0xff, 0xfe, 0x81, 0x0, 0x2f,
    0xff, 0xff, 0xff, 0xff, 0xfe, 0x20, 0x2f, 0xf5,
    0x0, 0x0, 0x28, 0xff, 0xc0, 0x2f, 0xf5, 0x0,
    0x0, 0x0, 0x9f, 0xf2, 0x2f, 0xf5, 0x0, 0x0,
    0x0, 0x3f, 0xf6, 0x1f, 0xf5, 0x0, 0x0, 0x0,
    0x1f, 0xf7, 0xf, 0xf7, 0x0, 0x0, 0x0, 0x1f,
    0xf6, 0xd, 0xfc, 0x0, 0x0, 0x0, 0x3f, 0xf4,
    0x8, 0xff, 0x50, 0x0, 0x0, 0xaf, 0xf1, 0x1,
    0xef, 0xf7, 0x11, 0x28, 0xff, 0x90, 0x0, 0x2e,
    0xff, 0xff, 0xff, 0xfc, 0x10, 0x0, 0x1, 0x7c,
    0xff, 0xeb, 0x60, 0x0,

    /* U+0185 "ƅ" */
    0x2f, 0xf5, 0x0, 0x0, 0x0, 0x0, 0x0, 0x2f,
    0xf5, 0x0, 0x0, 0x0, 0x0, 0x0, 0x2f, 0xf5,
    0x0, 0x0, 0x0, 0x0, 0x0, 0x2f, 0xf5, 0x0,
    0x0, 0x0, 0x0, 0x0, 0x2f, 0xf5, 0x0, 0x0,
    0x0, 0x0, 0x0, 0x2f, 0xf5, 0x2a, 0xef, 0xd9,
    0x20, 0x0, 0x2f, 0xf8, 0xff, 0xff, 0xff, 0xf4,
    0x0, 0x2f, 0xff, 0xf7, 0x11, 0x5e, 0xff, 0x20,
    0x2f, 0xff, 0x40, 0x0, 0x2, 0xff, 0xb0, 0x2f,
    0xfb, 0x0, 0x0, 0x0, 0x9f, 0xf1, 0x2f, 0xf5,
    0x0, 0x0, 0x0, 0x4f, 0xf5, 0x2f, 0xf3, 0x0,
    0x0, 0x0, 0x1f, 0xf6, 0x2f, 0xf2, 0x0, 0x0,
    0x0, 0xf, 0xf7, 0x1f, 0xf3, 0x0, 0x0, 0x0,
    0x1f, 0xf6, 0xf, 0xf5, 0x0, 0x0, 0x0, 0x4f,
    0xf4, 0xc, 0xfa, 0x0, 0x0, 0x0, 0x9f, 0xf0,
    0x7, 0xff, 0x30, 0x0, 0x2, 0xff, 0x90, 0x0,
    0xdf, 0xe6, 0x11, 0x6e, 0xfe, 0x10, 0x0, 0x2e,
    0xff, 0xff, 0xff, 0xe2, 0x0, 0x0, 0x0, 0x7c,
    0xff, 0xd8, 0x0, 0x0,

    /* U+0186 "Ɔ" */
    0x0, 0x0, 0x39, 0xdf, 0xfe, 0xc8, 0x20, 0x0,
    0x0, 0x0, 0xa, 0xff, 0xff, 0xff, 0xff, 0xfa,
    0x0, 0x0, 0x0, 0xcf, 0xff, 0x96, 0x56, 0x9e,
    0xff, 0xd1, 0x0, 0x9, 0xff, 0xc1, 0x0, 0x0,
    0x0, 0x9f, 0xfc, 0x0, 0x2f, 0xfd, 0x10, 0x0,
    0x0, 0x0, 0x9, 0xff, 0x80, 0x5f, 0xf6, 0x0,
    0x0, 0x0, 0x0, 0x0, 0xef, 0xf0, 0x0, 0x20,
    0x0, 0x0, 0x0, 0x0, 0x0, 0x7f, 0xf4, 0x0,
    0x0, 0x0, 0x0, 0x0, 0x0, 0x0, 0x3f, 0xf8,
    0x0, 0x0, 0x0, 0x0, 0x0, 0x0, 0x0, 0xf,
    0xfa, 0x0, 0x0, 0x0, 0x0, 0x0, 0x0, 0x0,
    0xf, 0xfc, 0x0, 0x0, 0x0, 0x0, 0x0, 0x0,
    0x0, 0xf, 0xfb, 0x0, 0x0, 0x0, 0x0, 0x0,
    0x0, 0x0, 0xf, 0xfa, 0x0, 0x0, 0x0, 0x0,
    0x0, 0x0, 0x0, 0x3f, 0xf8, 0x8d, 0xe0, 0x0,
    0x0, 0x0, 0x0, 0x0, 0x7f, 0xf4, 0x9f, 0xf4,
    0x0, 0x0, 0x0, 0x0, 0x0, 0xef, 0xe0, 0x2f,
    0xfd, 0x0, 0x0, 0x0, 0x0, 0x8, 0xff, 0x70,
    0x9, 0xff, 0xc1, 0x0, 0x0, 0x0, 0x9f, 0xfd,
    0x0, 0x0, 0xcf, 0xff, 0x96, 0x56, 0x9e, 0xff,
    0xe2, 0x0, 0x0, 0x9, 0xff, 0xff, 0xff, 0xff,
    0xfc, 0x20, 0x0, 0x0, 0x0, 0x29, 0xdf, 0xfe,
    0xd9, 0x40, 0x0, 0x0,

    /* U+0187 "Ƈ" */
    0x0, 0x0, 0x0, 0x0, 0x0, 0x0, 0x0, 0x0,
    0x2, 0x44, 0x10, 0x0, 0x0, 0x0, 0x0, 0x0,
    0x0, 0x0, 0xb, 0xff, 0xf7, 0x0, 0x0, 0x1,
    0x7b, 0xef, 0xfe, 0xb6, 0x16, 0xff, 0xff, 0x40,
    0x0, 0x7, 0xff, 0xff, 0xff, 0xff, 0xff, 0xdf,
    0xf2, 0x10, 0x0, 0xb, 0xff, 0xfa, 0x65, 0x68,
    0xef, 0xff, 0xfd, 0x0, 0x0, 0xa, 0xff, 0xb1,
    0x0, 0x0, 0x0, 0x9f, 0xff, 0xc0, 0x0, 0x4,
    0xff, 0xc0, 0x0, 0x0, 0x0, 0x0, 0xbf, 0xfc,
    0x0, 0x0, 0xcf, 0xf2, 0x0, 0x0, 0x0, 0x0,
    0x3, 0xff, 0x90, 0x0, 0x1f, 0xfb, 0x0, 0x0,
    0x0, 0x0, 0x0, 0x3, 0x0, 0x0, 0x5, 0xff,
    0x60, 0x0, 0x0, 0x0, 0x0, 0x0, 0x0, 0x0,
    0x0, 0x7f, 0xf4, 0x0, 0x0, 0x0, 0x0, 0x0,
    0x0, 0x0, 0x0, 0x8, 0xff, 0x30, 0x0, 0x0,
    0x0, 0x0, 0x0, 0x0, 0x0, 0x0, 0x8f, 0xf3,
    0x0, 0x0, 0x0, 0x0, 0x0, 0x0, 0x0, 0x0,
    0x7, 0xff, 0x40, 0x0, 0x0, 0x0, 0x0, 0x0,
    0x0, 0x0, 0x0, 0x4f, 0xf7, 0x0, 0x0, 0x0,
    0x0, 0x0, 0x0, 0x0, 0x0, 0x1, 0xff, 0xb0,
    0x0, 0x0, 0x0, 0x0, 0x0, 0xbe, 0xa0, 0x0,
    0xb, 0xff, 0x20, 0x0, 0x0, 0x0, 0x0, 0x1f,
    0xfc, 0x0, 0x0, 0x4f, 0xfc, 0x0, 0x0, 0x0,
    0x0, 0xa, 0xff, 0x50, 0x0, 0x0, 0xaf, 0xfb,
    0x10, 0x0, 0x0, 0x9, 0xff, 0xc0, 0x0, 0x0,
    0x1, 0xcf, 0xff, 0xa6, 0x55, 0x8e, 0xff, 0xe1,
    0x0, 0x0, 0x0, 0x1, 0xaf, 0xff, 0xff, 0xff,
    0xff, 0xb1, 0x0, 0x0, 0x0, 0x0, 0x0, 0x38,
    0xce, 0xff, 0xda, 0x40, 0x0, 0x0, 0x0,

    /* U+0188 "ƈ" */
    0x0, 0x0, 0x0, 0x0, 0x0, 0x0, 0x0, 0x0,
    0x0, 0x0, 0x0, 0x0, 0x0, 0x8, 0xef, 0xe1,
    0x0, 0x4, 0xad, 0xff, 0xc6, 0x7f, 0xff, 0xf0,
    0x0, 0x9f, 0xff, 0xff, 0xff, 0xff, 0xc1, 0x0,
    0x8, 0xff, 0xb3, 0x12, 0x8f, 0xff, 0x80, 0x0,
    0x2f, 0xfa, 0x0, 0x0, 0x8, 0xff, 0x80, 0x0,
    0x8f, 0xf2, 0x0, 0x0, 0x1, 0xdb, 0x40, 0x0,
    0xbf, 0xd0, 0x0, 0x0, 0x0, 0x0, 0x0, 0x0,
    0xdf, 0xa0, 0x0, 0x0, 0x0, 0x0, 0x0, 0x0,
    0xef, 0x90, 0x0, 0x0, 0x0, 0x0, 0x0, 0x0,
    0xdf, 0xa0, 0x0, 0x0, 0x0, 0x0, 0x0, 0x0,
    0xbf, 0xd0, 0x0, 0x0, 0x0, 0x77, 0x40, 0x0,
    0x7f, 0xf1, 0x0, 0x0, 0x0, 0xff, 0x80, 0x0,
    0x1f, 0xfa, 0x0, 0x0, 0x7, 0xff, 0x30, 0x0,
    0x7, 0xff, 0xa3, 0x12, 0x8f, 0xfa, 0x0, 0x0,
    0x0, 0x9f, 0xff, 0xff, 0xff, 0xb0, 0x0, 0x0,
    0x0, 0x4, 0xae, 0xfe, 0xb5, 0x0, 0x0, 0x0,

    /* U+0189 "Ɖ" */
    0x0, 0xcf, 0xff, 0xff, 0xff, 0xfe, 0xc7, 0x10,
    0x0, 0x0, 0xc, 0xff, 0xff, 0xff, 0xff, 0xff,
    0xff, 0x60, 0x0, 0x0, 0xcf, 0xe6, 0x66, 0x66,
    0x79, 0xdf, 0xff, 0x60, 0x0, 0xc, 0xfe, 0x0,
    0x0, 0x0, 0x0, 0x5f, 0xff, 0x20, 0x0, 0xcf,
    0xe0, 0x0, 0x0, 0x0, 0x0, 0x5f, 0xfb, 0x0,
    0xc, 0xfe, 0x0, 0x0, 0x0, 0x0, 0x0, 0xcf,
    0xf2, 0x0, 0xcf, 0xe0, 0x0, 0x0, 0x0, 0x0,
    0x5, 0xff, 0x60, 0xc, 0xfe, 0x0, 0x0, 0x0,
    0x0, 0x0, 0x1f, 0xf9, 0x66, 0xdf, 0xe6, 0x66,
    0x66, 0x20, 0x0, 0x0, 0xff, 0xbf, 0xff, 0xff,
    0xff, 0xff, 0xf5, 0x0, 0x0, 0xf, 0xfc, 0xff,
    0xff, 0xff, 0xff, 0xff, 0x50, 0x0, 0x0, 0xff,
    0xc0, 0xc, 0xfe, 0x0, 0x0, 0x0, 0x0, 0x0,
    0xf, 0xfb, 0x0, 0xcf, 0xe0, 0x0, 0x0, 0x0,
    0x0, 0x2, 0xff, 0x90, 0xc, 0xfe, 0x0, 0x0,
    0x0, 0x0, 0x0, 0x5f, 0xf6, 0x0, 0xcf, 0xe0,
    0x0, 0x0, 0x0, 0x0, 0xc, 0xff, 0x10, 0xc,
    0xfe, 0x0, 0x0, 0x0, 0x0, 0x5, 0xff, 0xa0,
    0x0, 0xcf, 0xe0, 0x0, 0x0, 0x0, 0x6, 0xff,
    0xf2, 0x0, 0xc, 0xfe, 0x66, 0x66, 0x67, 0x9d,
    0xff, 0xf5, 0x0, 0x0, 0xcf, 0xff, 0xff, 0xff,
    0xff, 0xff, 0xe5, 0x0, 0x0, 0xc, 0xff, 0xff,
    0xff, 0xfe, 0xdb, 0x70, 0x0, 0x0,

    /* U+018A "Ɗ" */
    0x9, 0xef, 0xff, 0xff, 0xff, 0xff, 0xfe, 0xb7,
    0x0, 0x0, 0x9, 0xff, 0xff, 0xff, 0xff, 0xff,
    0xff, 0xff, 0xfe, 0x40, 0x0, 0xef, 0xd6, 0xef,
    0xd6, 0x66, 0x66, 0x79, 0xef, 0xff, 0x40, 0xf,
    0xf5, 0xe, 0xfc, 0x0, 0x0, 0x0, 0x0, 0x7f,
    0xfe, 0x10, 0xff, 0x40, 0xef, 0xc0, 0x0, 0x0,
    0x0, 0x0, 0x7f, 0xf9, 0x3, 0x30, 0xe, 0xfc,
    0x0, 0x0, 0x0, 0x0, 0x0, 0xdf, 0xf0, 0x0,
    0x0, 0xef, 0xc0, 0x0, 0x0, 0x0, 0x0, 0x7,
    0xff, 0x40, 0x0, 0xe, 0xfc, 0x0, 0x0, 0x0,
    0x0, 0x0, 0x3f, 0xf7, 0x0, 0x0, 0xef, 0xc0,
    0x0, 0x0, 0x0, 0x0, 0x1, 0xff, 0x90, 0x0,
    0xe, 0xfc, 0x0, 0x0, 0x0, 0x0, 0x0, 0x1f,
    0xfa, 0x0, 0x0, 0xef, 0xc0, 0x0, 0x0, 0x0,
    0x0, 0x1, 0xff, 0xa0, 0x0, 0xe, 0xfc, 0x0,
    0x0, 0x0, 0x0, 0x0, 0x2f, 0xf9, 0x0, 0x0,
    0xef, 0xc0, 0x0, 0x0, 0x0, 0x0, 0x4, 0xff,
    0x70, 0x0, 0xe, 0xfc, 0x0, 0x0, 0x0, 0x0,
    0x0, 0x8f, 0xf3, 0x0, 0x0, 0xef, 0xc0, 0x0,
    0x0, 0x0, 0x0, 0xe, 0xfe, 0x0, 0x0, 0xe,
    0xfc, 0x0, 0x0, 0x0, 0x0, 0x8, 0xff, 0x80,
    0x0, 0x0, 0xef, 0xc0, 0x0, 0x0, 0x0, 0x8,
    0xff, 0xe1, 0x0, 0x0, 0xe, 0xfd, 0x66, 0x66,
    0x67, 0x9e, 0xff, 0xf4, 0x0, 0x0, 0x0, 0xef,
    0xff, 0xff, 0xff, 0xff, 0xff, 0xd3, 0x0, 0x0,
    0x0, 0xe, 0xff, 0xff, 0xff, 0xfe, 0xd9, 0x50,
    0x0, 0x0,

    /* U+018B "Ƌ" */
    0x0, 0xe, 0xff, 0xff, 0xff, 0xff, 0xff, 0xff,
    0x10, 0x0, 0xef, 0xff, 0xff, 0xff, 0xff, 0xff,
    0xf1, 0x0, 0x5, 0x66, 0x66, 0x66, 0x66, 0x6b,
    0xff, 0x10, 0x0, 0x0, 0x0, 0x0, 0x0, 0x0,
    0x9f, 0xf1, 0x0, 0x0, 0x0, 0x0, 0x0, 0x0,
    0x9, 0xff, 0x10, 0x0, 0x0, 0x0, 0x0, 0x0,
    0x0, 0x9f, 0xf1, 0x0, 0x0, 0x0, 0x0, 0x0,
    0x0, 0x9, 0xff, 0x10, 0x0, 0x0, 0x0, 0x0,
    0x0, 0x0, 0x9f, 0xf1, 0x0, 0x0, 0x1, 0x45,
    0x56, 0x66, 0x6b, 0xff, 0x10, 0x0, 0x6d, 0xff,
    0xff, 0xff, 0xff, 0xff, 0xf1, 0x0, 0x9f, 0xff,
    0xff, 0xff, 0xff, 0xff, 0xff, 0x10, 0x4f, 0xff,
    0x84, 0x10, 0x0, 0x0, 0x9f, 0xf1, 0xb, 0xff,
    0x50, 0x0, 0x0, 0x0, 0x9, 0xff, 0x10, 0xff,
    0xf0, 0x0, 0x0, 0x0, 0x0, 0x9f, 0xf1, 0xf,
    0xfd, 0x0, 0x0, 0x0, 0x0, 0x9, 0xff, 0x10,
    0xdf, 0xf0, 0x0, 0x0, 0x0, 0x0, 0x9f, 0xf1,
    0x9, 0xff, 0x90, 0x0, 0x0, 0x0, 0x9, 0xff,
    0x10, 0x1e, 0xff, 0xd7, 0x54, 0x44, 0x44, 0xbf,
    0xf1, 0x0, 0x4e, 0xff, 0xff, 0xff, 0xff, 0xff,
    0xff, 0x10, 0x0, 0x17, 0xce, 0xff, 0xff, 0xff,
    0xff, 0xf1,

    /* U+018C "ƌ" */
    0xbf, 0xff, 0xff, 0xff, 0xff, 0xff, 0xcb, 0xff,
    0xff, 0xff, 0xff, 0xff, 0xfc, 0x0, 0x0, 0x0,
    0x0, 0x0, 0xbf, 0xc0, 0x0, 0x0, 0x0, 0x0,
    0xb, 0xfc, 0x0, 0x0, 0x0, 0x0, 0x0, 0xbf,
    0xc0, 0x0, 0x5b, 0xef, 0xd7, 0xb, 0xfc, 0x0,
    0xaf, 0xff, 0xff, 0xfc, 0xcf, 0xc0, 0x8f, 0xfb,
    0x30, 0x3b, 0xff, 0xfc, 0x1f, 0xfb, 0x0, 0x0,
    0xa, 0xff, 0xc7, 0xff, 0x20, 0x0, 0x0, 0x1f,
    0xfc, 0xbf, 0xd0, 0x0, 0x0, 0x0, 0xbf, 0xcc,
    0xfb, 0x0, 0x0, 0x0, 0x9, 0xfc, 0xdf, 0xa0,
    0x0, 0x0, 0x0, 0x8f, 0xcc, 0xfb, 0x0, 0x0,
    0x0, 0x9, 0xfc, 0x9f, 0xe0, 0x0, 0x0, 0x0,
    0xbf, 0xc5, 0xff, 0x30, 0x0, 0x0, 0xf, 0xfc,
    0xe, 0xfc, 0x0, 0x0, 0x8, 0xff, 0xc0, 0x5f,
    0xfc, 0x41, 0x3a, 0xff, 0xfc, 0x0, 0x6f, 0xff,
    0xff, 0xfc, 0x9f, 0xc0, 0x0, 0x3a, 0xef, 0xd8,
    0x8, 0xfc,

    /* U+018D "ƍ" */
    0x0, 0x0, 0x3a, 0xdf, 0xfd, 0x81, 0x0, 0x0,
    0x0, 0x8f, 0xff, 0xff, 0xff, 0xe3, 0x0, 0x0,
    0x8f, 0xfb, 0x31, 0x16, 0xef, 0xf2, 0x0, 0x2f,
    0xfa, 0x0, 0x0, 0x2, 0xff, 0xb0, 0x8, 0xff,
    0x10, 0x0, 0x0, 0x8, 0xff, 0x20, 0xcf, 0xb0,
    0x0, 0x0, 0x0, 0x2f, 0xf6, 0xf, 0xf8, 0x0,
    0x0, 0x0, 0x0, 0xff, 0x80, 0xff, 0x80, 0x0,
    0x0, 0x0, 0xe, 0xf9, 0xf, 0xf9, 0x0, 0x0,
    0x0, 0x0, 0xff, 0x80, 0xdf, 0xb0, 0x0, 0x0,
    0x0, 0x2f, 0xf6, 0x9, 0xff, 0x10, 0x0, 0x0,
    0x7, 0xff, 0x20, 0x4f, 0xfa, 0x0, 0x0, 0x2,
    0xff, 0xc0, 0x0, 0xbf, 0xfa, 0x30, 0x5, 0xef,
    0xf3, 0x0, 0x1, 0xdf, 0xff, 0xff, 0xff, 0xf5,
    0x0, 0x0, 0x1, 0xcf, 0xff, 0xfe, 0x92, 0x0,
    0x0, 0x0, 0x0, 0x8f, 0xfd, 0x30, 0x0, 0x0,
    0x0, 0x0, 0x0, 0x4e, 0xff, 0x60, 0x0, 0x0,
    0x0, 0x0, 0x0, 0x1b, 0xff, 0xa0, 0x0, 0x0,
    0x0, 0x0, 0x0, 0x7, 0xff, 0xd2, 0x0, 0x5,
    0xff, 0xff, 0xff, 0xff, 0xff, 0xd0, 0x0, 0x5f,
    0xff, 0xff, 0xff, 0xff, 0xfd, 0x0,

    /* U+018E "Ǝ" */
    0xf, 0xff, 0xff, 0xff, 0xff, 0xff, 0xff, 0xf7,
    0xf, 0xff, 0xff, 0xff, 0xff, 0xff, 0xff, 0xf7,
    0x6, 0x66, 0x66, 0x66, 0x66, 0x66, 0x8f, 0xf7,
    0x0, 0x0, 0x0, 0x0, 0x0, 0x0, 0x3f, 0xf7,
    0x0, 0x0, 0x0, 0x0, 0x0, 0x0, 0x3f, 0xf7,
    0x0, 0x0, 0x0, 0x0, 0x0, 0x0, 0x3f, 0xf7,
    0x0, 0x0, 0x0, 0x0, 0x0, 0x0, 0x3f, 0xf7,
    0x0, 0x0, 0x0, 0x0, 0x0, 0x0, 0x3f, 0xf7,
    0x1, 0x66, 0x66, 0x66, 0x66, 0x66, 0x8f, 0xf7,
    0x4, 0xff, 0xff, 0xff, 0xff, 0xff, 0xff, 0xf7,
    0x4, 0xff, 0xff, 0xff, 0xff, 0xff, 0xff, 0xf7,
    0x0, 0x0, 0x0, 0x0, 0x0, 0x0, 0x3f, 0xf7,
    0x0, 0x0, 0x0, 0x0, 0x0, 0x0, 0x3f, 0xf7,
    0x0, 0x0, 0x0, 0x0, 0x0, 0x0, 0x3f, 0xf7,
    0x0, 0x0, 0x0, 0x0, 0x0, 0x0, 0x3f, 0xf7,
    0x0, 0x0, 0x0, 0x0, 0x0, 0x0, 0x3f, 0xf7,
    0x0, 0x0, 0x0, 0x0, 0x0, 0x0, 0x3f, 0xf7,
    0x36, 0x66, 0x66, 0x66, 0x66, 0x66, 0x8f, 0xf7,
    0x8f, 0xff, 0xff, 0xff, 0xff, 0xff, 0xff, 0xf7,
    0x8f, 0xff, 0xff, 0xff, 0xff, 0xff, 0xff, 0xf7,

    /* U+018F "Ə" */
    0x0, 0x0, 0x4, 0xad, 0xff, 0xeb, 0x60, 0x0,
    0x0, 0x0, 0x0, 0x3c, 0xff, 0xff, 0xff, 0xff,
    0xe4, 0x0, 0x0, 0x0, 0x4f, 0xff, 0xfe, 0xcc,
    0xff, 0xff, 0xf7, 0x0, 0x0, 0x1e, 0xff, 0xd4,
    0x0, 0x0, 0x5d, 0xff, 0xf4, 0x0, 0xa, 0xff,
    0xd1, 0x0, 0x0, 0x0, 0x1c, 0xff, 0xe0, 0x0,
    0xac, 0xd3, 0x0, 0x0, 0x0, 0x0, 0x2f, 0xff,
    0x50, 0x0, 0x0, 0x0, 0x0, 0x0, 0x0, 0x0,
    0x9f, 0xfb, 0x0, 0x0, 0x0, 0x0, 0x0, 0x0,
    0x0, 0x4, 0xff, 0xe0, 0x7a, 0xaa, 0xaa, 0xaa,
    0xaa, 0xaa, 0xaa, 0xbf, 0xff, 0x1c, 0xff, 0xff,
    0xff, 0xff, 0xff, 0xff, 0xff, 0xff, 0xf2, 0xbf,
    0xff, 0xff, 0xff, 0xff, 0xff, 0xff, 0xff, 0xff,
    0x1a, 0xff, 0x90, 0x0, 0x0, 0x0, 0x0, 0x1,
    0xff, 0xf0, 0x8f, 0xfc, 0x0, 0x0, 0x0, 0x0,
    0x0, 0x3f, 0xfe, 0x4, 0xff, 0xf1, 0x0, 0x0,
    0x0, 0x0, 0x8, 0xff, 0xa0, 0xe, 0xff, 0x80,
    0x0, 0x0, 0x0, 0x1, 0xef, 0xf5, 0x0, 0x7f,
    0xff, 0x30, 0x0, 0x0, 0x0, 0xbf, 0xfd, 0x0,
    0x0, 0xcf, 0xff, 0x60, 0x0, 0x4, 0xcf, 0xff,
    0x30, 0x0, 0x2, 0xef, 0xff, 0xec, 0xce, 0xff,
    0xff, 0x60, 0x0, 0x0, 0x1, 0xbf, 0xff, 0xff,
    0xff, 0xfd, 0x40, 0x0, 0x0, 0x0, 0x0, 0x49,
    0xdf, 0xfd, 0xa5, 0x0, 0x0, 0x0,

    /* U+0190 "Ɛ" */
    0x0, 0x1, 0x7c, 0xef, 0xeb, 0x60, 0x0, 0x0,
    0x4, 0xef, 0xff, 0xff, 0xff, 0xe3, 0x0, 0x3,
    0xff, 0xfc, 0x87, 0x8c, 0xff, 0xf2, 0x0, 0xcf,
    0xf6, 0x0, 0x0, 0x6, 0xff, 0xb0, 0xf, 0xfd,
    0x0, 0x0, 0x0, 0x9, 0xff, 0x20, 0xff, 0xc0,
    0x0, 0x0, 0x0, 0x3e, 0xb3, 0xa, 0xff, 0x30,
    0x0, 0x0, 0x0, 0x0, 0x0, 0x2e, 0xff, 0x82,
    0x0, 0x0, 0x0, 0x0, 0x0, 0x1b, 0xff, 0xff,
    0xf0, 0x0, 0x0, 0x0, 0x5, 0xdf, 0xff, 0xff,
    0x0, 0x0, 0x0, 0x8, 0xff, 0xf9, 0x65, 0x40,
    0x0, 0x0, 0x3, 0xff, 0xd1, 0x0, 0x0, 0x0,
    0x0, 0x0, 0x9f, 0xf3, 0x0, 0x0, 0x0, 0x0,
    0x0, 0xc, 0xff, 0x0, 0x0, 0x0, 0x0, 0x7,
    0x62, 0xcf, 0xf0, 0x0, 0x0, 0x0, 0x2, 0xff,
    0x99, 0xff, 0x50, 0x0, 0x0, 0x0, 0xbf, 0xf3,
    0x3f, 0xfe, 0x20, 0x0, 0x0, 0x9f, 0xfb, 0x0,
    0x8f, 0xff, 0x95, 0x57, 0xdf, 0xfe, 0x10, 0x0,
    0x8f, 0xff, 0xff, 0xff, 0xfd, 0x20, 0x0, 0x0,
    0x29, 0xdf, 0xfe, 0xb6, 0x0, 0x0,

    /* U+0191 "Ƒ" */
    0x0, 0xc, 0xff, 0xff, 0xff, 0xff, 0xff, 0xff,
    0xc0, 0x0, 0xcf, 0xff, 0xff, 0xff, 0xff, 0xff,
    0xfc, 0x0, 0xc, 0xfe, 0x66, 0x66, 0x66, 0x66,
    0x66, 0x40, 0x0, 0xcf, 0xe0, 0x0, 0x0, 0x0,
    0x0, 0x0, 0x0, 0xc, 0xfe, 0x0, 0x0, 0x0,
    0x0, 0x0, 0x0, 0x0, 0xcf, 0xe0, 0x0, 0x0,
    0x0, 0x0, 0x0, 0x0, 0xc, 0xfe, 0x0, 0x0,
    0x0, 0x0, 0x0, 0x0, 0x0, 0xcf, 0xe0, 0x0,
    0x0, 0x0, 0x0, 0x0, 0x0, 0xc, 0xfe, 0x66,
    0x66, 0x66, 0x66, 0x62, 0x0, 0x0, 0xcf, 0xff,
    0xff, 0xff, 0xff, 0xff, 0x50, 0x0, 0xc, 0xff,
    0xff, 0xff, 0xff, 0xff, 0xf5, 0x0, 0x0, 0xcf,
    0xe0, 0x0, 0x0, 0x0, 0x0, 0x0, 0x0, 0xc,
    0xfe, 0x0, 0x0, 0x0, 0x0, 0x0, 0x0, 0x0,
    0xcf, 0xe0, 0x0, 0x0, 0x0, 0x0, 0x0, 0x0,
    0xc, 0xfe, 0x0, 0x0, 0x0, 0x0, 0x0, 0x0,
    0x0, 0xcf, 0xe0, 0x0, 0x0, 0x0, 0x0, 0x0,
    0x0, 0xc, 0xfe, 0x0, 0x0, 0x0, 0x0, 0x0,
    0x0, 0x0, 0xcf, 0xe0, 0x0, 0x0, 0x0, 0x0,
    0x0, 0x0, 0xc, 0xfe, 0x0, 0x0, 0x0, 0x0,
    0x0, 0x0, 0x0, 0xcf, 0xe0, 0x0, 0x0, 0x0,
    0x0, 0x0, 0x0, 0xc, 0xfd, 0x0, 0x0, 0x0,
    0x0, 0x0, 0x0, 0x2, 0xef, 0xc0, 0x0, 0x0,
    0x0, 0x0, 0x0, 0x5f, 0xff, 0xf9, 0x0, 0x0,
    0x0, 0x0, 0x0, 0x7, 0xff, 0xfd, 0x10, 0x0,
    0x0, 0x0, 0x0, 0x0, 0x13, 0x43, 0x0, 0x0,
    0x0, 0x0, 0x0, 0x0, 0x0,

    /* U+0192 "ƒ" */
    0x0, 0x0, 0x0, 0x8, 0xdf, 0xff, 0x70, 0x0,
    0x0, 0xb, 0xff, 0xff, 0xf7, 0x0, 0x0, 0x4,
    0xff, 0xe8, 0x77, 0x30, 0x0, 0x0, 0x9f, 0xf5,
    0x0, 0x0, 0x0, 0x0, 0xb, 0xff, 0x10, 0x0,
    0x0, 0x5, 0xff, 0xff, 0xff, 0xff, 0xf7, 0x0,
    0x5f, 0xff, 0xff, 0xff, 0xff, 0x70, 0x2, 0x67,
    0xff, 0xf6, 0x66, 0x62, 0x0, 0x0, 0x2f, 0xfa,
    0x0, 0x0, 0x0, 0x0, 0x4, 0xff, 0x80, 0x0,
    0x0, 0x0, 0x0, 0x6f, 0xf6, 0x0, 0x0, 0x0,
    0x0, 0x8, 0xff, 0x50, 0x0, 0x0, 0x0, 0x0,
    0x9f, 0xf3, 0x0, 0x0, 0x0, 0x0, 0xb, 0xff,
    0x10, 0x0, 0x0, 0x0, 0x0, 0xdf, 0xf0, 0x0,
    0x0, 0x0, 0x0, 0xe, 0xfe, 0x0, 0x0, 0x0,
    0x0, 0x2, 0xff, 0xb0, 0x0, 0x0, 0x3, 0x88,
    0xef, 0xf7, 0x0, 0x0, 0x0, 0x7f, 0xff, 0xfd,
    0x0, 0x0, 0x0, 0x7, 0xff, 0xd9, 0x10, 0x0,
    0x0, 0x0,

    /* U+0193 "Ɠ" */
    0x0, 0x0, 0x0, 0x0, 0x0, 0x0, 0x0, 0x0,
    0x0, 0x34, 0x30, 0x0, 0x0, 0x0, 0x0, 0x0,
    0x0, 0x0, 0x0, 0x2e, 0xff, 0xf1, 0x0, 0x0,
    0x0, 0x5a, 0xdf, 0xff, 0xda, 0x50, 0xcf, 0xff,
    0xe0, 0x0, 0x0, 0x5e, 0xff, 0xff, 0xff, 0xff,
    0xfd, 0xff, 0xb0, 0x10, 0x0, 0x8, 0xff, 0xfc,
    0x86, 0x56, 0xaf, 0xff, 0xff, 0x70, 0x0, 0x0,
    0x7f, 0xfe, 0x40, 0x0, 0x0, 0x2, 0xdf, 0xff,
    0x60, 0x0, 0x2, 0xff, 0xe1, 0x0, 0x0, 0x0,
    0x0, 0x1e, 0xff, 0x60, 0x0, 0x9, 0xff, 0x40,
    0x0, 0x0, 0x0, 0x0, 0x8, 0xfc, 0x40, 0x0,
    0xf, 0xfd, 0x0, 0x0, 0x0, 0x0, 0x0, 0x0,
    0x0, 0x0, 0x0, 0x4f, 0xf8, 0x0, 0x0, 0x0,
    0x0, 0x0, 0x0, 0x0, 0x0, 0x0, 0x6f, 0xf4,
    0x0, 0x0, 0x0, 0x0, 0x0, 0x0, 0x0, 0x0,
    0x0, 0x8f, 0xf3, 0x0, 0x0, 0x0, 0x36, 0x66,
    0x66, 0x66, 0x60, 0x0, 0x8f, 0xf4, 0x0, 0x0,
    0x0, 0x7f, 0xff, 0xff, 0xff, 0xf0, 0x0, 0x6f,
    0xf5, 0x0, 0x0, 0x0, 0x7f, 0xff, 0xff, 0xff,
    0xf0, 0x0, 0x4f, 0xf8, 0x0, 0x0, 0x0, 0x0,
    0x0, 0x0, 0x9f, 0xf0, 0x0, 0xf, 0xfd, 0x0,
    0x0, 0x0, 0x0, 0x0, 0x0, 0x9f, 0xf0, 0x0,
    0xa, 0xff, 0x50, 0x0, 0x0, 0x0, 0x0, 0x0,
    0x9f, 0xf0, 0x0, 0x2, 0xff, 0xf2, 0x0, 0x0,
    0x0, 0x0, 0x0, 0xbf, 0xf0, 0x0, 0x0, 0x6f,
    0xff, 0x70, 0x0, 0x0, 0x0, 0x4c, 0xff, 0xf0,
    0x0, 0x0, 0x7, 0xff, 0xff, 0xa8, 0x77, 0xae,
    0xff, 0xfd, 0x30, 0x0, 0x0, 0x0, 0x4d, 0xff,
    0xff, 0xff, 0xff, 0xfe, 0x80, 0x0, 0x0, 0x0,
    0x0, 0x0, 0x49, 0xce, 0xfe, 0xda, 0x50, 0x0,
    0x0, 0x0,

    /* U+0194 "Ɣ" */
    0xcf, 0xf1, 0x0, 0x0, 0x0, 0x0, 0x0, 0xd,
    0xfe, 0x5, 0xff, 0x80, 0x0, 0x0, 0x0, 0x0,
    0x4, 0xff, 0x80, 0xe, 0xfe, 0x0, 0x0, 0x0,
    0x0, 0x0, 0xbf, 0xf1, 0x0, 0x7f, 0xf5, 0x0,
    0x0, 0x0, 0x0, 0x2f, 0xfa, 0x0, 0x1, 0xff,
    0xc0, 0x0, 0x0, 0x0, 0x8, 0xff, 0x30, 0x0,
    0x9, 0xff, 0x30, 0x0, 0x0, 0x0, 0xef, 0xc0,
    0x0, 0x0, 0x2f, 0xfa, 0x0, 0x0, 0x0, 0x6f,
    0xf5, 0x0, 0x0, 0x0, 0xbf, 0xf1, 0x0, 0x0,
    0xd, 0xfe, 0x0, 0x0, 0x0, 0x4, 0xff, 0x80,
    0x0, 0x3, 0xff, 0x80, 0x0, 0x0, 0x0, 0xd,
    0xfe, 0x0, 0x0, 0xaf, 0xf1, 0x0, 0x0, 0x0,
    0x0, 0x7f, 0xf5, 0x0, 0x1f, 0xfa, 0x0, 0x0,
    0x0, 0x0, 0x0, 0xff, 0xc0, 0x8, 0xff, 0x30,
    0x0, 0x0, 0x0, 0x0, 0x9, 0xff, 0x30, 0xef,
    0xc0, 0x0, 0x0, 0x0, 0x0, 0x0, 0x2f, 0xfa,
    0x5f, 0xf5, 0x0, 0x0, 0x0, 0x0, 0x0, 0x0,
    0xbf, 0xfd, 0xfe, 0x0, 0x0, 0x0, 0x0, 0x0,
    0x0, 0x4, 0xff, 0xff, 0x70, 0x0, 0x0, 0x0,
    0x0, 0x0, 0x0, 0xd, 0xff, 0xf1, 0x0, 0x0,
    0x0, 0x0, 0x0, 0x0, 0x0, 0x6f, 0xfa, 0x0,
    0x0, 0x0, 0x0, 0x0, 0x0, 0x0, 0x7, 0xff,
    0xb0, 0x0, 0x0, 0x0, 0x0, 0x0, 0x0, 0x0,
    0xef, 0xff, 0x20, 0x0, 0x0, 0x0, 0x0, 0x0,
    0x0, 0x5f, 0xff, 0xf9, 0x0, 0x0, 0x0, 0x0,
    0x0, 0x0, 0xa, 0xfe, 0xaf, 0xe0, 0x0, 0x0,
    0x0, 0x0, 0x0, 0x0, 0xef, 0x83, 0xff, 0x20,
    0x0, 0x0, 0x0, 0x0, 0x0, 0xd, 0xf7, 0x3f,
    0xf1, 0x0, 0x0, 0x0, 0x0, 0x0, 0x0, 0x9f,
    0xff, 0xfd, 0x0, 0x0, 0x0, 0x0, 0x0, 0x0,
    0x0, 0x9e, 0xfb, 0x20, 0x0, 0x0, 0x0,

    /* U+0195 "ƕ" */
    0x2f, 0xf5, 0x0, 0x0, 0x0, 0x0, 0x0, 0x0,
    0x0, 0x0, 0x2, 0xff, 0x50, 0x0, 0x0, 0x0,
    0x0, 0x0, 0x0, 0x0, 0x0, 0x2f, 0xf5, 0x0,
    0x0, 0x0, 0x0, 0x0, 0x0, 0x0, 0x0, 0x2,
    0xff, 0x50, 0x0, 0x0, 0x0, 0x0, 0x0, 0x0,
    0x0, 0x0, 0x2f, 0xf5, 0x0, 0x0, 0x0, 0x0,
    0x0, 0x0, 0x0, 0x0, 0x2, 0xff, 0x52, 0xae,
    0xfd, 0x81, 0x0, 0x0, 0xa, 0xfc, 0x0, 0x2f,
    0xf9, 0xff, 0xff, 0xff, 0xe2, 0x0, 0x0, 0x4f,
    0xf4, 0x2, 0xff, 0xfe, 0x62, 0x4b, 0xff, 0xa0,
    0x0, 0x0, 0xdf, 0xb0, 0x2f, 0xff, 0x40, 0x0,
    0xd, 0xff, 0x0, 0x0, 0x8, 0xff, 0x12, 0xff,
    0xc0, 0x0, 0x0, 0x7f, 0xf1, 0x0, 0x0, 0x3f,
    0xf4, 0x2f, 0xf7, 0x0, 0x0, 0x5, 0xff, 0x20,
    0x0, 0x0, 0xff, 0x82, 0xff, 0x60, 0x0, 0x0,
    0x5f, 0xf2, 0x0, 0x0, 0xe, 0xf9, 0x2f, 0xf5,
    0x0, 0x0, 0x5, 0xff, 0x20, 0x0, 0x0, 0xdf,
    0xa2, 0xff, 0x50, 0x0, 0x0, 0x5f, 0xf2, 0x0,
    0x0, 0xd, 0xfa, 0x2f, 0xf5, 0x0, 0x0, 0x4,
    0xff, 0x30, 0x0, 0x0, 0xff, 0x82, 0xff, 0x50,
    0x0, 0x0, 0x3f, 0xf5, 0x0, 0x0, 0x4f, 0xf5,
    0x2f, 0xf5, 0x0, 0x0, 0x1, 0xff, 0x90, 0x0,
    0xa, 0xff, 0x2, 0xff, 0x50, 0x0, 0x0, 0xb,
    0xff, 0x61, 0x8, 0xff, 0x80, 0x2f, 0xf5, 0x0,
    0x0, 0x0, 0x1e, 0xff, 0xff, 0xff, 0xb0, 0x2,
    0xff, 0x50, 0x0, 0x0, 0x0, 0x18, 0xdf, 0xfd,
    0x70, 0x0,

    /* U+0196 "Ɩ" */
    0x2f, 0xf5, 0x0, 0x2f, 0xf5, 0x0, 0x2f, 0xf5,
    0x0, 0x2f, 0xf5, 0x0, 0x2f, 0xf5, 0x0, 0x2f,
    0xf5, 0x0, 0x2f, 0xf5, 0x0, 0x2f, 0xf5, 0x0,
    0x2f, 0xf5, 0x0, 0x2f, 0xf5, 0x0, 0x2f, 0xf5,
    0x0, 0x2f, 0xf5, 0x0, 0x2f, 0xf5, 0x0, 0x2f,
    0xf5, 0x0, 0x2f, 0xf5, 0x0, 0x1f, 0xf5, 0x0,
    0x1f, 0xf6, 0x0, 0xf, 0xfc, 0x53, 0xb, 0xff,
    0xfa, 0x1, 0xae, 0xfa,

    /* U+0197 "Ɨ" */
    0x0, 0xd, 0xfd, 0x0, 0x0, 0x0, 0xd, 0xfd,
    0x0, 0x0, 0x0, 0xd, 0xfd, 0x0, 0x0, 0x0,
    0xd, 0xfd, 0x0, 0x0, 0x0, 0xd, 0xfd, 0x0,
    0x0, 0x0, 0xd, 0xfd, 0x0, 0x0, 0x0, 0xd,
    0xfd, 0x0, 0x0, 0x0, 0xd, 0xfd, 0x0, 0x0,
    0xee, 0xef, 0xff, 0xee, 0xe0, 0xff, 0xff, 0xff,
    0xff, 0xf0, 0x0, 0xd, 0xfd, 0x0, 0x0, 0x0,
    0xd, 0xfd, 0x0, 0x0, 0x0, 0xd, 0xfd, 0x0,
    0x0, 0x0, 0xd, 0xfd, 0x0, 0x0, 0x0, 0xd,
    0xfd, 0x0, 0x0, 0x0, 0xd, 0xfd, 0x0, 0x0,
    0x0, 0xd, 0xfd, 0x0, 0x0, 0x0, 0xd, 0xfd,
    0x0, 0x0, 0x0, 0xd, 0xfd, 0x0, 0x0, 0x0,
    0xd, 0xfd, 0x0, 0x0,

    /* U+0198 "Ƙ" */
    0xff, 0xb0, 0x0, 0x0, 0x0, 0x4, 0xcf, 0xea,
    0x10, 0xff, 0xb0, 0x0, 0x0, 0x0, 0x7f, 0xff,
    0xff, 0xa0, 0xff, 0xb0, 0x0, 0x0, 0x7, 0xff,
    0xd7, 0xbf, 0xf1, 0xff, 0xb0, 0x0, 0x0, 0x5f,
    0xfb, 0x0, 0x1c, 0xc3, 0xff, 0xb0, 0x0, 0x4,
    0xff, 0xb0, 0x0, 0x0, 0x0, 0xff, 0xb0, 0x0,
    0x3f, 0xfc, 0x0, 0x0, 0x0, 0x0, 0xff, 0xb0,
    0x3, 0xff, 0xd1, 0x0, 0x0, 0x0, 0x0, 0xff,
    0xb0, 0x2e, 0xfe, 0x10, 0x0, 0x0, 0x0, 0x0,
    0xff, 0xb1, 0xdf, 0xff, 0x30, 0x0, 0x0, 0x0,
    0x0, 0xff, 0xcd, 0xff, 0xff, 0xd0, 0x0, 0x0,
    0x0, 0x0, 0xff, 0xff, 0xf4, 0x9f, 0xfa, 0x0,
    0x0, 0x0, 0x0, 0xff, 0xff, 0x50, 0xd, 0xff,
    0x60, 0x0, 0x0, 0x0, 0xff, 0xf6, 0x0, 0x3,
    0xff, 0xf2, 0x0, 0x0, 0x0, 0xff, 0xb0, 0x0,
    0x0, 0x7f, 0xfd, 0x0, 0x0, 0x0, 0xff, 0xb0,
    0x0, 0x0, 0xc, 0xff, 0x90, 0x0, 0x0, 0xff,
    0xb0, 0x0, 0x0, 0x1, 0xff, 0xf5, 0x0, 0x0,
    0xff, 0xb0, 0x0, 0x0, 0x0, 0x5f, 0xfe, 0x10,
    0x0, 0xff, 0xb0, 0x0, 0x0, 0x0, 0xa, 0xff,
    0xc0, 0x0, 0xff, 0xb0, 0x0, 0x0, 0x0, 0x0,
    0xef, 0xf8, 0x0, 0xff, 0xb0, 0x0, 0x0, 0x0,
    0x0, 0x3f, 0xff, 0x40,

    /* U+0199 "ƙ" */
    0x1, 0x9e, 0xfe, 0x0, 0x0, 0x0, 0x0, 0xbf,
    0xff, 0xe0, 0x0, 0x0, 0x0, 0xf, 0xfa, 0x11,
    0x0, 0x0, 0x0, 0x2, 0xff, 0x50, 0x0, 0x0,
    0x0, 0x0, 0x2f, 0xf5, 0x0, 0x0, 0x0, 0x0,
    0x2, 0xff, 0x50, 0x0, 0x5, 0xff, 0xc0, 0x2f,
    0xf5, 0x0, 0x5, 0xff, 0xc0, 0x2, 0xff, 0x50,
    0x4, 0xff, 0xc0, 0x0, 0x2f, 0xf5, 0x4, 0xff,
    0xc0, 0x0, 0x2, 0xff, 0x53, 0xff, 0xc0, 0x0,
    0x0, 0x2f, 0xf8, 0xff, 0xf0, 0x0, 0x0, 0x2,
    0xff, 0xff, 0xff, 0x60, 0x0, 0x0, 0x2f, 0xff,
    0xcd, 0xfe, 0x10, 0x0, 0x2, 0xff, 0xc1, 0x3f,
    0xfa, 0x0, 0x0, 0x2f, 0xf5, 0x0, 0x9f, 0xf5,
    0x0, 0x2, 0xff, 0x50, 0x0, 0xef, 0xe1, 0x0,
    0x2f, 0xf5, 0x0, 0x5, 0xff, 0x90, 0x2, 0xff,
    0x50, 0x0, 0xb, 0xff, 0x40, 0x2f, 0xf5, 0x0,
    0x0, 0x1f, 0xfd, 0x2, 0xff, 0x50, 0x0, 0x0,
    0x7f, 0xf9,

    /* U+019A "ƚ" */
    0x0, 0xb, 0xfc, 0x0, 0x0, 0x0, 0xb, 0xfc,
    0x0, 0x0, 0x0, 0xb, 0xfc, 0x0, 0x0, 0x0,
    0xb, 0xfc, 0x0, 0x0, 0x0, 0xb, 0xfc, 0x0,
    0x0, 0x0, 0xb, 0xfc, 0x0, 0x0, 0x0, 0xb,
    0xfc, 0x0, 0x0, 0x0, 0xb, 0xfc, 0x0, 0x0,
    0xff, 0xff, 0xff, 0xff, 0xf0, 0xee, 0xef, 0xff,
    0xee, 0xe0, 0x0, 0xb, 0xfc, 0x0, 0x0, 0x0,
    0xb, 0xfc, 0x0, 0x0, 0x0, 0xb, 0xfc, 0x0,
    0x0, 0x0, 0xb, 0xfc, 0x0, 0x0, 0x0, 0xb,
    0xfc, 0x0, 0x0, 0x0, 0xb, 0xfc, 0x0, 0x0,
    0x0, 0xb, 0xfd, 0x0, 0x0, 0x0, 0x9, 0xff,
    0x76, 0x0, 0x0, 0x5, 0xff, 0xff, 0x10, 0x0,
    0x0, 0x7d, 0xfe, 0x20,

    /* U+019B "ƛ" */
    0x0, 0x3, 0xff, 0x50, 0x23, 0x0, 0x0, 0x0,
    0x0, 0xdf, 0xdc, 0xfd, 0x0, 0x0, 0x0, 0x4,
    0xdf, 0xff, 0xe9, 0x0, 0x0, 0x1, 0xef, 0xff,
    0xfa, 0x0, 0x0, 0x0, 0x0, 0xcb, 0x6c, 0xfd,
    0x0, 0x0, 0x0, 0x0, 0x0, 0x6, 0xff, 0x30,
    0x0, 0x0, 0x0, 0x0, 0x8, 0xff, 0x90, 0x0,
    0x0, 0x0, 0x0, 0xe, 0xff, 0xf0, 0x0, 0x0,
    0x0, 0x0, 0x4f, 0xff, 0xf5, 0x0, 0x0, 0x0,
    0x0, 0xaf, 0xed, 0xfb, 0x0, 0x0, 0x0, 0x1,
    0xff, 0x87, 0xff, 0x10, 0x0, 0x0, 0x6, 0xff,
    0x21, 0xff, 0x70, 0x0, 0x0, 0xc, 0xfc, 0x0,
    0xbf, 0xd0, 0x0, 0x0, 0x2f, 0xf6, 0x0, 0x5f,
    0xf3, 0x0, 0x0, 0x8f, 0xf1, 0x0, 0xf, 0xf9,
    0x0, 0x0, 0xef, 0xa0, 0x0, 0x9, 0xff, 0x0,
    0x4, 0xff, 0x40, 0x0, 0x3, 0xff, 0x50, 0xa,
    0xfe, 0x0, 0x0, 0x0, 0xdf, 0xb0, 0x1f, 0xf8,
    0x0, 0x0, 0x0, 0x7f, 0xf1, 0x7f, 0xf2, 0x0,
    0x0, 0x0, 0x2f, 0xf7,

    /* U+019C "Ɯ" */
    0x3f, 0xf4, 0x0, 0x0, 0x8, 0xfe, 0x0, 0x0,
    0x0, 0xef, 0x83, 0xff, 0x40, 0x0, 0x0, 0x8f,
    0xe0, 0x0, 0x0, 0xe, 0xf8, 0x3f, 0xf4, 0x0,
    0x0, 0x8, 0xfe, 0x0, 0x0, 0x0, 0xef, 0x83,
    0xff, 0x40, 0x0, 0x0, 0x8f, 0xe0, 0x0, 0x0,
    0xe, 0xf8, 0x3f, 0xf4, 0x0, 0x0, 0x8, 0xfe,
    0x0, 0x0, 0x0, 0xef, 0x83, 0xff, 0x40, 0x0,
    0x0, 0x8f, 0xe0, 0x0, 0x0, 0xe, 0xf8, 0x3f,
    0xf4, 0x0, 0x0, 0x8, 0xfe, 0x0, 0x0, 0x0,
    0xef, 0x83, 0xff, 0x40, 0x0, 0x0, 0x8f, 0xe0,
    0x0, 0x0, 0xe, 0xf8, 0x3f, 0xf4, 0x0, 0x0,
    0x8, 0xfe, 0x0, 0x0, 0x0, 0xef, 0x83, 0xff,
    0x40, 0x0, 0x0, 0x8f, 0xe0, 0x0, 0x0, 0xe,
    0xf8, 0x3f, 0xf4, 0x0, 0x0, 0x8, 0xfe, 0x0,
    0x0, 0x0, 0xef, 0x83, 0xff, 0x40, 0x0, 0x0,
    0x8f, 0xe0, 0x0, 0x0, 0xe, 0xf8, 0x3f, 0xf4,
    0x0, 0x0, 0x8, 0xfe, 0x0, 0x0, 0x0, 0xef,
    0x83, 0xff, 0x40, 0x0, 0x0, 0x8f, 0xe0, 0x0,
    0x0, 0xf, 0xf8, 0x3f, 0xf4, 0x0, 0x0, 0x9,
    0xfe, 0x0, 0x0, 0x0, 0xff, 0x82, 0xff, 0x50,
    0x0, 0x0, 0xdf, 0xf0, 0x0, 0x0, 0x4f, 0xf8,
    0x1f, 0xf9, 0x0, 0x0, 0x5f, 0xff, 0x30, 0x0,
    0xc, 0xff, 0x80, 0xdf, 0xf8, 0x34, 0x9f, 0xcf,
    0xfd, 0x52, 0x5c, 0xfe, 0xf8, 0x4, 0xff, 0xff,
    0xff, 0xd1, 0x8f, 0xff, 0xff, 0xf8, 0xbf, 0x80,
    0x3, 0xbe, 0xfd, 0x80, 0x0, 0x6c, 0xff, 0xc5,
    0xb, 0xf8,

    /* U+019D "Ɲ" */
    0x0, 0xc, 0xff, 0x40, 0x0, 0x0, 0x0, 0x0,
    0x8f, 0xf0, 0x0, 0xcf, 0xfd, 0x0, 0x0, 0x0,
    0x0, 0x8, 0xff, 0x0, 0xc, 0xff, 0xf9, 0x0,
    0x0, 0x0, 0x0, 0x8f, 0xf0, 0x0, 0xcf, 0xff,
    0xf4, 0x0, 0x0, 0x0, 0x8, 0xff, 0x0, 0xc,
    0xfd, 0xff, 0xd0, 0x0, 0x0, 0x0, 0x8f, 0xf0,
    0x0, 0xcf, 0xb6, 0xff, 0x90, 0x0, 0x0, 0x8,
    0xff, 0x0, 0xc, 0xfb, 0xb, 0xff, 0x40, 0x0,
    0x0, 0x8f, 0xf0, 0x0, 0xcf, 0xb0, 0x2f, 0xfd,
    0x0, 0x0, 0x8, 0xff, 0x0, 0xc, 0xfb, 0x0,
    0x6f, 0xf9, 0x0, 0x0, 0x8f, 0xf0, 0x0, 0xcf,
    0xb0, 0x0, 0xbf, 0xf4, 0x0, 0x8, 0xff, 0x0,
    0xc, 0xfb, 0x0, 0x2, 0xff, 0xd0, 0x0, 0x8f,
    0xf0, 0x0, 0xcf, 0xb0, 0x0, 0x6, 0xff, 0x90,
    0x8, 0xff, 0x0, 0xc, 0xfb, 0x0, 0x0, 0xb,
    0xff, 0x40, 0x8f, 0xf0, 0x0, 0xcf, 0xb0, 0x0,
    0x0, 0x2f, 0xfd, 0x8, 0xff, 0x0, 0xc, 0xfb,
    0x0, 0x0, 0x0, 0x6f, 0xf9, 0x8f, 0xf0, 0x0,
    0xcf, 0xb0, 0x0, 0x0, 0x0, 0xbf, 0xfc, 0xff,
    0x0, 0xc, 0xfb, 0x0, 0x0, 0x0, 0x1, 0xff,
    0xff, 0xf0, 0x0, 0xcf, 0xb0, 0x0, 0x0, 0x0,
    0x6, 0xff, 0xff, 0x0, 0xc, 0xfb, 0x0, 0x0,
    0x0, 0x0, 0xb, 0xff, 0xf0, 0x0, 0xcf, 0xb0,
    0x0, 0x0, 0x0, 0x0, 0x1f, 0xff, 0x0, 0xc,
    0xfb, 0x0, 0x0, 0x0, 0x0, 0x0, 0x0, 0x0,
    0x2, 0xff, 0xa0, 0x0, 0x0, 0x0, 0x0, 0x0,
    0x0, 0x5f, 0xff, 0xf6, 0x0, 0x0, 0x0, 0x0,
    0x0, 0x0, 0x8, 0xff, 0xfb, 0x0, 0x0, 0x0,
    0x0, 0x0, 0x0, 0x0, 0x14, 0x42, 0x0, 0x0,
    0x0, 0x0, 0x0, 0x0, 0x0, 0x0,

    /* U+019E "ƞ" */
    0x1f, 0xf1, 0x18, 0xdf, 0xeb, 0x50, 0x1, 0xff,
    0x4e, 0xff, 0xff, 0xff, 0x80, 0x1f, 0xfe, 0xf8,
    0x33, 0x6e, 0xff, 0x31, 0xff, 0xf4, 0x0, 0x0,
    0x4f, 0xf8, 0x1f, 0xfb, 0x0, 0x0, 0x0, 0xef,
    0xa1, 0xff, 0x70, 0x0, 0x0, 0xc, 0xfb, 0x1f,
    0xf6, 0x0, 0x0, 0x0, 0xcf, 0xb1, 0xff, 0x50,
    0x0, 0x0, 0xc, 0xfb, 0x1f, 0xf5, 0x0, 0x0,
    0x0, 0xcf, 0xb1, 0xff, 0x50, 0x0, 0x0, 0xc,
    0xfb, 0x1f, 0xf5, 0x0, 0x0, 0x0, 0xcf, 0xb1,
    0xff, 0x50, 0x0, 0x0, 0xc, 0xfb, 0x1f, 0xf5,
    0x0, 0x0, 0x0, 0xcf, 0xb1, 0xff, 0x50, 0x0,
    0x0, 0xc, 0xfb, 0x1f, 0xf5, 0x0, 0x0, 0x0,
    0xcf, 0xb0, 0x0, 0x0, 0x0, 0x0, 0xc, 0xfb,
    0x0, 0x0, 0x0, 0x0, 0x0, 0xcf, 0xb0, 0x0,
    0x0, 0x0, 0x0, 0xc, 0xfb, 0x0, 0x0, 0x0,
    0x0, 0x0, 0xcf, 0xb0, 0x0, 0x0, 0x0, 0x0,
    0xc, 0xfb, 0x0, 0x0, 0x0, 0x0, 0x0, 0xcf,
    0xb0,

    /* U+019F "Ɵ" */
    0x0, 0x0, 0x1, 0x6b, 0xef, 0xfd, 0xa5, 0x0,
    0x0, 0x0, 0x0, 0x0, 0x7f, 0xff, 0xff, 0xff,
    0xff, 0xe5, 0x0, 0x0, 0x0, 0xa, 0xff, 0xfb,
    0x75, 0x57, 0xcf, 0xff, 0x70, 0x0, 0x0, 0x9f,
    0xfc, 0x20, 0x0, 0x0, 0x4, 0xef, 0xf6, 0x0,
    0x4, 0xff, 0xc0, 0x0, 0x0, 0x0, 0x0, 0x1e,
    0xff, 0x20, 0xc, 0xff, 0x10, 0x0, 0x0, 0x0,
    0x0, 0x4, 0xff, 0x90, 0x2f, 0xfa, 0x0, 0x0,
    0x0, 0x0, 0x0, 0x0, 0xdf, 0xf0, 0x6f, 0xf5,
    0x0, 0x0, 0x0, 0x0, 0x0, 0x0, 0x8f, 0xf3,
    0x9f, 0xf3, 0x0, 0x0, 0x0, 0x0, 0x0, 0x0,
    0x6f, 0xf6, 0xaf, 0xff, 0xff, 0xff, 0xff, 0xff,
    0xff, 0xff, 0xff, 0xf7, 0xaf, 0xff, 0xff, 0xff,
    0xff, 0xff, 0xff, 0xff, 0xff, 0xf7, 0x9f, 0xf2,
    0x0, 0x0, 0x0, 0x0, 0x0, 0x0, 0x5f, 0xf6,
    0x7f, 0xf5, 0x0, 0x0, 0x0, 0x0, 0x0, 0x0,
    0x8f, 0xf3, 0x2f, 0xfa, 0x0, 0x0, 0x0, 0x0,
    0x0, 0x0, 0xdf, 0xf0, 0xc, 0xff, 0x20, 0x0,
    0x0, 0x0, 0x0, 0x5, 0xff, 0x90, 0x4, 0xff,
    0xc0, 0x0, 0x0, 0x0, 0x0, 0x1e, 0xff, 0x20,
    0x0, 0x9f, 0xfc, 0x20, 0x0, 0x0, 0x4, 0xef,
    0xf6, 0x0, 0x0, 0xa, 0xff, 0xfb, 0x75, 0x57,
    0xcf, 0xff, 0x80, 0x0, 0x0, 0x0, 0x7f, 0xff,
    0xff, 0xff, 0xff, 0xe5, 0x0, 0x0, 0x0, 0x0,
    0x1, 0x6b, 0xef, 0xfd, 0xa6, 0x0, 0x0, 0x0,

    /* U+01A0 "Ơ" */
    0x0, 0x0, 0x0, 0x0, 0x0, 0x0, 0x0, 0x1f,
    0xf6, 0x0, 0x0, 0x0, 0x0, 0x0, 0x0, 0x0,
    0x0, 0xef, 0x90, 0x0, 0x0, 0x0, 0x0, 0x0,
    0x0, 0x0, 0xd, 0xfa, 0x0, 0x0, 0x0, 0x0,
    0x0, 0x0, 0x0, 0x2, 0xff, 0x70, 0x0, 0x0,
    0x3, 0x9d, 0xff, 0xfd, 0xff, 0xff, 0xd1, 0x0,
    0x0, 0x1b, 0xff, 0xff, 0xff, 0xff, 0xff, 0x60,
    0x0, 0x0, 0x2e, 0xff, 0xff, 0xdc, 0xdf, 0xff,
    0xfe, 0x30, 0x0, 0xd, 0xff, 0xf7, 0x10, 0x0,
    0x17, 0xff, 0xfe, 0x10, 0x8, 0xff, 0xf4, 0x0,
    0x0, 0x0, 0x3, 0xff, 0xf9, 0x0, 0xff, 0xf7,
    0x0, 0x0, 0x0, 0x0, 0x7, 0xff, 0xf1, 0x5f,
    0xff, 0x0, 0x0, 0x0, 0x0, 0x0, 0xf, 0xff,
    0x58, 0xff, 0xa0, 0x0, 0x0, 0x0, 0x0, 0x0,
    0xaf, 0xf9, 0xaf, 0xf8, 0x0, 0x0, 0x0, 0x0,
    0x0, 0x7, 0xff, 0xbb, 0xff, 0x60, 0x0, 0x0,
    0x0, 0x0, 0x0, 0x6f, 0xfc, 0xbf, 0xf6, 0x0,
    0x0, 0x0, 0x0, 0x0, 0x6, 0xff, 0xcb, 0xff,
    0x80, 0x0, 0x0, 0x0, 0x0, 0x0, 0x7f, 0xfb,
    0x8f, 0xfa, 0x0, 0x0, 0x0, 0x0, 0x0, 0xa,
    0xff, 0x95, 0xff, 0xf0, 0x0, 0x0, 0x0, 0x0,
    0x0, 0xef, 0xf5, 0xf, 0xff, 0x70, 0x0, 0x0,
    0x0, 0x0, 0x6f, 0xff, 0x10, 0x9f, 0xff, 0x30,
    0x0, 0x0, 0x0, 0x3f, 0xff, 0x90, 0x1, 0xef,
    0xff, 0x71, 0x0, 0x1, 0x7f, 0xff, 0xe1, 0x0,
    0x2, 0xef, 0xff, 0xfd, 0xbd, 0xff, 0xff, 0xe3,
    0x0, 0x0, 0x2, 0xcf, 0xff, 0xff, 0xff, 0xff,
    0xc2, 0x0, 0x0, 0x0, 0x0, 0x49, 0xdf, 0xff,
    0xd9, 0x40, 0x0, 0x0,

    /* U+01A1 "ơ" */
    0x0, 0x0, 0x0, 0x0, 0x0, 0x5, 0xff, 0x20,
    0x0, 0x0, 0x0, 0x0, 0x0, 0x2f, 0xf5, 0x0,
    0x0, 0x0, 0x0, 0x0, 0x0, 0xff, 0x60, 0x0,
    0x0, 0x0, 0x0, 0x0, 0x5f, 0xf3, 0x0, 0x1,
    0x7c, 0xef, 0xdf, 0xff, 0xfa, 0x0, 0x4, 0xef,
    0xff, 0xff, 0xff, 0xf4, 0x0, 0x3, 0xff, 0xfe,
    0x98, 0xbf, 0xff, 0xa0, 0x0, 0xef, 0xfa, 0x0,
    0x0, 0x4f, 0xff, 0x50, 0x4f, 0xfe, 0x0, 0x0,
    0x0, 0x7f, 0xfb, 0x9, 0xff, 0x80, 0x0, 0x0,
    0x1, 0xff, 0xf1, 0xbf, 0xf5, 0x0, 0x0, 0x0,
    0xd, 0xff, 0x2c, 0xff, 0x40, 0x0, 0x0, 0x0,
    0xdf, 0xf4, 0xbf, 0xf5, 0x0, 0x0, 0x0, 0xd,
    0xff, 0x29, 0xff, 0x80, 0x0, 0x0, 0x1, 0xff,
    0xf1, 0x4f, 0xfd, 0x0, 0x0, 0x0, 0x7f, 0xfb,
    0x0, 0xef, 0xfa, 0x0, 0x0, 0x3f, 0xff, 0x50,
    0x4, 0xff, 0xfe, 0x98, 0xbf, 0xff, 0xb0, 0x0,
    0x4, 0xff, 0xff, 0xff, 0xff, 0xa0, 0x0, 0x0,
    0x1, 0x7c, 0xef, 0xda, 0x40, 0x0, 0x0,

    /* U+01A2 "Ƣ" */
    0x0, 0x0, 0x1, 0x6b, 0xef, 0xfd, 0xa5, 0x0,
    0x18, 0xdf, 0xfd, 0x81, 0x0, 0x0, 0x0, 0x7f,
    0xff, 0xff, 0xff, 0xff, 0xd5, 0xef, 0xff, 0xff,
    0xfe, 0x20, 0x0, 0xa, 0xff, 0xfd, 0x87, 0x79,
    0xef, 0xff, 0xff, 0xb7, 0x7c, 0xff, 0xc0, 0x0,
    0x9f, 0xfd, 0x40, 0x0, 0x0, 0x6, 0xff, 0xfb,
    0x0, 0x0, 0xaf, 0xf3, 0x4, 0xff, 0xd1, 0x0,
    0x0, 0x0, 0x0, 0x3f, 0xff, 0x10, 0x0, 0x3f,
    0xf6, 0xc, 0xff, 0x20, 0x0, 0x0, 0x0, 0x0,
    0x6, 0xff, 0x90, 0x0, 0x1f, 0xf8, 0x2f, 0xfb,
    0x0, 0x0, 0x0, 0x0, 0x0, 0x0, 0xef, 0xf0,
    0x0, 0x1f, 0xf9, 0x6f, 0xf6, 0x0, 0x0, 0x0,
    0x0, 0x0, 0x0, 0x9f, 0xf3, 0x0, 0x1f, 0xf9,
    0x9f, 0xf3, 0x0, 0x0, 0x0, 0x0, 0x0, 0x0,
    0x6f, 0xf6, 0x0, 0x1f, 0xf9, 0xaf, 0xf1, 0x0,
    0x0, 0x0, 0x0, 0x0, 0x0, 0x4f, 0xf7, 0x0,
    0x1f, 0xf9, 0xaf, 0xf1, 0x0, 0x0, 0x0, 0x0,
    0x0, 0x0, 0x4f, 0xf7, 0x0, 0x1f, 0xf9, 0x9f,
    0xf2, 0x0, 0x0, 0x0, 0x0, 0x0, 0x0, 0x5f,
    0xf6, 0x0, 0x1f, 0xf9, 0x7f, 0xf5, 0x0, 0x0,
    0x0, 0x0, 0x0, 0x0, 0x8f, 0xf3, 0x0, 0x1f,
    0xf9, 0x2f, 0xfa, 0x0, 0x0, 0x0, 0x0, 0x0,
    0x0, 0xdf, 0xf0, 0x0, 0x1f, 0xf9, 0xc, 0xff,
    0x20, 0x0, 0x0, 0x0, 0x0, 0x5, 0xff, 0xa0,
    0x0, 0x1f, 0xf9, 0x4, 0xff, 0xc0, 0x0, 0x0,
    0x0, 0x0, 0x1e, 0xff, 0x20, 0x0, 0x1f, 0xf9,
    0x0, 0x9f, 0xfc, 0x20, 0x0, 0x0, 0x4, 0xef,
    0xf6, 0x0, 0x0, 0x1f, 0xf9, 0x0, 0xa, 0xff,
    0xfb, 0x65, 0x57, 0xcf, 0xff, 0x80, 0x0, 0x0,
    0x1f, 0xf9, 0x0, 0x0, 0x7f, 0xff, 0xff, 0xff,
    0xff, 0xe5, 0x0, 0x0, 0x0, 0x1f, 0xf9, 0x0,
    0x0, 0x1, 0x6b, 0xef, 0xfd, 0xa6, 0x0, 0x0,
    0x0, 0x0, 0x1f, 0xf9,

    /* U+01A3 "ƣ" */
    0x0, 0x0, 0x3a, 0xef, 0xfc, 0x70, 0x3b, 0xef,
    0xe9, 0x10, 0x0, 0x0, 0x9f, 0xff, 0xff, 0xff,
    0xef, 0xff, 0xff, 0xfe, 0x10, 0x0, 0x9f, 0xfc,
    0x52, 0x38, 0xff, 0xfe, 0x53, 0x9f, 0xf8, 0x0,
    0x3f, 0xfb, 0x0, 0x0, 0x3, 0xff, 0xc0, 0x0,
    0xcf, 0xd0, 0x9, 0xff, 0x10, 0x0, 0x0, 0x8,
    0xff, 0x20, 0x8, 0xff, 0x0, 0xdf, 0xb0, 0x0,
    0x0, 0x0, 0x2f, 0xf6, 0x0, 0x7f, 0xf0, 0xf,
    0xf9, 0x0, 0x0, 0x0, 0x0, 0xff, 0x80, 0x7,
    0xff, 0x0, 0xff, 0x80, 0x0, 0x0, 0x0, 0xf,
    0xf9, 0x0, 0x7f, 0xf0, 0xf, 0xf8, 0x0, 0x0,
    0x0, 0x0, 0xff, 0x80, 0x7, 0xff, 0x0, 0xdf,
    0xb0, 0x0, 0x0, 0x0, 0x2f, 0xf6, 0x0, 0x7f,
    0xf0, 0x9, 0xff, 0x10, 0x0, 0x0, 0x8, 0xff,
    0x20, 0x7, 0xff, 0x0, 0x3f, 0xfa, 0x0, 0x0,
    0x2, 0xff, 0xc0, 0x0, 0x7f, 0xf0, 0x0, 0x9f,
    0xfb, 0x41, 0x16, 0xef, 0xf3, 0x0, 0x7, 0xff,
    0x0, 0x0, 0x9f, 0xff, 0xff, 0xff, 0xe4, 0x0,
    0x0, 0x7f, 0xf0, 0x0, 0x0, 0x3a, 0xef, 0xfc,
    0x70, 0x0, 0x0, 0x7, 0xff, 0x0, 0x0, 0x0,
    0x0, 0x0, 0x0, 0x0, 0x0, 0x0, 0x7f, 0xf0,
    0x0, 0x0, 0x0, 0x0, 0x0, 0x0, 0x0, 0x0,
    0x7, 0xff, 0x0, 0x0, 0x0, 0x0, 0x0, 0x0,
    0x0, 0x0, 0x0, 0x7f, 0xf0, 0x0, 0x0, 0x0,
    0x0, 0x0, 0x0, 0x0, 0x0, 0x7, 0xff, 0x0,
    0x0, 0x0, 0x0, 0x0, 0x0, 0x0, 0x0, 0x0,
    0x7f, 0xf0, 0x0, 0x0, 0x0, 0x0, 0x0, 0x0,
    0x0, 0x0, 0x7, 0xff, 0x0,

    /* U+01A4 "Ƥ" */
    0x9, 0xdf, 0xff, 0xff, 0xff, 0xff, 0xfe, 0xd9,
    0x30, 0x0, 0x9f, 0xff, 0xff, 0xff, 0xff, 0xff,
    0xff, 0xff, 0xf8, 0x0, 0xef, 0xd7, 0xff, 0xd6,
    0x66, 0x66, 0x67, 0xbf, 0xff, 0x60, 0xff, 0x50,
    0xff, 0xb0, 0x0, 0x0, 0x0, 0x4, 0xff, 0xe0,
    0xff, 0x40, 0xff, 0xb0, 0x0, 0x0, 0x0, 0x0,
    0xbf, 0xf2, 0x33, 0x10, 0xff, 0xb0, 0x0, 0x0,
    0x0, 0x0, 0x7f, 0xf4, 0x0, 0x0, 0xff, 0xb0,
    0x0, 0x0, 0x0, 0x0, 0x7f, 0xf4, 0x0, 0x0,
    0xff, 0xb0, 0x0, 0x0, 0x0, 0x0, 0xbf, 0xf2,
    0x0, 0x0, 0xff, 0xb0, 0x0, 0x0, 0x0, 0x7,
    0xff, 0xc0, 0x0, 0x0, 0xff, 0xd6, 0x66, 0x66,
    0x68, 0xdf, 0xff, 0x30, 0x0, 0x0, 0xff, 0xff,
    0xff, 0xff, 0xff, 0xff, 0xf5, 0x0, 0x0, 0x0,
    0xff, 0xff, 0xff, 0xff, 0xfe, 0xb7, 0x10, 0x0,
    0x0, 0x0, 0xff, 0xb0, 0x0, 0x0, 0x0, 0x0,
    0x0, 0x0, 0x0, 0x0, 0xff, 0xb0, 0x0, 0x0,
    0x0, 0x0, 0x0, 0x0, 0x0, 0x0, 0xff, 0xb0,
    0x0, 0x0, 0x0, 0x0, 0x0, 0x0, 0x0, 0x0,
    0xff, 0xb0, 0x0, 0x0, 0x0, 0x0, 0x0, 0x0,
    0x0, 0x0, 0xff, 0xb0, 0x0, 0x0, 0x0, 0x0,
    0x0, 0x0, 0x0, 0x0, 0xff, 0xb0, 0x0, 0x0,
    0x0, 0x0, 0x0, 0x0, 0x0, 0x0, 0xff, 0xb0,
    0x0, 0x0, 0x0, 0x0, 0x0, 0x0, 0x0, 0x0,
    0xff, 0xb0, 0x0, 0x0, 0x0, 0x0, 0x0, 0x0,

    /* U+01A5 "ƥ" */
    0x0, 0x0, 0x0, 0x0, 0x5, 0xdf, 0xe6, 0x0,
    0x0, 0x0, 0x0, 0x1f, 0xff, 0xf4, 0x0, 0x0,
    0x0, 0x0, 0x5f, 0xe2, 0x10, 0x1f, 0xf2, 0x2a,
    0xef, 0xff, 0xc0, 0x0, 0x1f, 0xf6, 0xff, 0xff,
    0xff, 0xf7, 0x0, 0x1f, 0xff, 0xf6, 0x0, 0x4d,
    0xff, 0x30, 0x1f, 0xff, 0x40, 0x0, 0x1, 0xef,
    0xc0, 0x1f, 0xfb, 0x0, 0x0, 0x0, 0x7f, 0xf1,
    0x1f, 0xf5, 0x0, 0x0, 0x0, 0x3f, 0xf5, 0x1f,
    0xf2, 0x0, 0x0, 0x0, 0x1f, 0xf6, 0x1f, 0xf1,
    0x0, 0x0, 0x0, 0xf, 0xf7, 0x1f, 0xf2, 0x0,
    0x0, 0x0, 0x1f, 0xf6, 0x1f, 0xf4, 0x0, 0x0,
    0x0, 0x3f, 0xf4, 0x1f, 0xf9, 0x0, 0x0, 0x0,
    0x8f, 0xf0, 0x1f, 0xff, 0x20, 0x0, 0x2, 0xff,
    0x90, 0x1f, 0xff, 0xe6, 0x11, 0x6e, 0xfe, 0x10,
    0x1f, 0xf9, 0xff, 0xff, 0xff, 0xe2, 0x0, 0x1f,
    0xf5, 0x2a, 0xef, 0xd8, 0x0, 0x0, 0x1f, 0xf5,
    0x0, 0x0, 0x0, 0x0, 0x0, 0x1f, 0xf5, 0x0,
    0x0, 0x0, 0x0, 0x0, 0x1f, 0xf5, 0x0, 0x0,
    0x0, 0x0, 0x0, 0x1f, 0xf5, 0x0, 0x0, 0x0,
    0x0, 0x0, 0x1f, 0xf5, 0x0, 0x0, 0x0, 0x0,
    0x0, 0x1f, 0xf5, 0x0, 0x0, 0x0, 0x0, 0x0,

    /* U+01A6 "Ʀ" */
    0xcf, 0xe0, 0x0, 0x0, 0x0, 0x0, 0x0, 0x0,
    0x0, 0xc, 0xfe, 0x0, 0x0, 0x0, 0x0, 0x0,
    0x0, 0x0, 0x0, 0xcf, 0xff, 0xff, 0xff, 0xff,
    0xfd, 0xa4, 0x0, 0x0, 0xc, 0xff, 0xff, 0xff,
    0xff, 0xff, 0xff, 0xf8, 0x0, 0x0, 0xcf, 0xe3,
    0x33, 0x33, 0x34, 0x59, 0xff, 0xf5, 0x0, 0xc,
    0xfe, 0x0, 0x0, 0x0, 0x0, 0x4, 0xff, 0xd0,
    0x0, 0xcf, 0xe0, 0x0, 0x0, 0x0, 0x0, 0xb,
    0xff, 0x20, 0xc, 0xfe, 0x0, 0x0, 0x0, 0x0,
    0x0, 0x8f, 0xf3, 0x0, 0xcf, 0xe0, 0x0, 0x0,
    0x0, 0x0, 0xa, 0xff, 0x20, 0xc, 0xfe, 0x0,
    0x0, 0x0, 0x0, 0x2, 0xff, 0xe0, 0x0, 0xcf,
    0xe0, 0x0, 0x0, 0x0, 0x26, 0xef, 0xf6, 0x0,
    0xc, 0xff, 0xff, 0xff, 0xff, 0xff, 0xff, 0xf8,
    0x0, 0x0, 0xcf, 0xff, 0xff, 0xff, 0xff, 0xfe,
    0xa3, 0x0, 0x0, 0xc, 0xfe, 0x66, 0x67, 0x9e,
    0xfe, 0x50, 0x0, 0x0, 0x0, 0xcf, 0xe0, 0x0,
    0x0, 0x1c, 0xff, 0x80, 0x0, 0x0, 0xc, 0xfe,
    0x0, 0x0, 0x0, 0x1d, 0xff, 0x70, 0x0, 0x0,
    0xcf, 0xe0, 0x0, 0x0, 0x0, 0x2f, 0xff, 0x30,
    0x0, 0xc, 0xfe, 0x0, 0x0, 0x0, 0x0, 0x7f,
    0xfd, 0x0, 0x0, 0xcf, 0xe0, 0x0, 0x0, 0x0,
    0x0, 0xdf, 0xf7, 0x0, 0xc, 0xfe, 0x0, 0x0,
    0x0, 0x0, 0x3, 0xff, 0xf2, 0x0, 0x0, 0x0,
    0x0, 0x0, 0x0, 0x0, 0x9, 0xff, 0xb0, 0x0,
    0x0, 0x0, 0x0, 0x0, 0x0, 0x0, 0xe, 0xff,
    0x60, 0x0, 0x0, 0x0, 0x0, 0x0, 0x0, 0x0,
    0x4f, 0xfe, 0x10, 0x0, 0x0, 0x0, 0x0, 0x0,
    0x0, 0x0, 0x68, 0x83,

    /* U+01A7 "Ƨ" */
    0x0, 0x0, 0x39, 0xce, 0xff, 0xd9, 0x30, 0x0,
    0x0, 0x0, 0x9f, 0xff, 0xff, 0xff, 0xff, 0x90,
    0x0, 0x0, 0xbf, 0xff, 0xa7, 0x68, 0xaf, 0xff,
    0xa0, 0x0, 0x5f, 0xfc, 0x10, 0x0, 0x0, 0xb,
    0xff, 0x40, 0xb, 0xff, 0x10, 0x0, 0x0, 0x0,
    0x1f, 0xf8, 0x0, 0xcf, 0xb0, 0x0, 0x0, 0x0,
    0x0, 0xff, 0x90, 0x0, 0x0, 0x0, 0x0, 0x0,
    0x0, 0x5f, 0xf7, 0x0, 0x0, 0x0, 0x0, 0x0,
    0x3, 0x9f, 0xff, 0x10, 0x0, 0x0, 0x0, 0x37,
    0xbe, 0xff, 0xff, 0x40, 0x0, 0x0, 0x3a, 0xef,
    0xff, 0xff, 0xf9, 0x10, 0x0, 0x0, 0x9f, 0xff,
    0xff, 0xc8, 0x40, 0x0, 0x0, 0x0, 0xbf, 0xff,
    0x94, 0x0, 0x0, 0x0, 0x0, 0x0, 0x3f, 0xfc,
    0x10, 0x0, 0x0, 0x0, 0x0, 0x0, 0x7, 0xff,
    0x20, 0x0, 0x0, 0x0, 0x0, 0x2b, 0xa3, 0x8f,
    0xf0, 0x0, 0x0, 0x0, 0x0, 0x6, 0xff, 0x46,
    0xff, 0x40, 0x0, 0x0, 0x0, 0x0, 0xdf, 0xf0,
    0x1f, 0xfe, 0x40, 0x0, 0x0, 0x2, 0xcf, 0xf8,
    0x0, 0x5f, 0xff, 0xd9, 0x77, 0x8c, 0xff, 0xfc,
    0x0, 0x0, 0x5e, 0xff, 0xff, 0xff, 0xff, 0xfa,
    0x0, 0x0, 0x0, 0x17, 0xbe, 0xff, 0xec, 0x82,
    0x0, 0x0,

    /* U+01A8 "ƨ" */
    0x0, 0x18, 0xdf, 0xfe, 0xb5, 0x0, 0x0, 0x3f,
    0xff, 0xff, 0xff, 0xf9, 0x0, 0xd, 0xfe, 0x61,
    0x12, 0x9f, 0xf5, 0x4, 0xff, 0x50, 0x0, 0x0,
    0xcf, 0xa0, 0x2, 0x40, 0x0, 0x0, 0xd, 0xfa,
    0x0, 0x0, 0x0, 0x2, 0x7d, 0xff, 0x60, 0x0,
    0x5, 0xae, 0xff, 0xff, 0xb0, 0x0, 0x6e, 0xff,
    0xff, 0xfd, 0x60, 0x0, 0x6f, 0xff, 0xea, 0x61,
    0x0, 0x0, 0xc, 0xff, 0x50, 0x0, 0x0, 0x0,
    0x0, 0xef, 0xa0, 0x0, 0x0, 0x7, 0xeb, 0xc,
    0xfd, 0x0, 0x0, 0x0, 0xdf, 0xd0, 0x5f, 0xfb,
    0x41, 0x14, 0xcf, 0xf6, 0x0, 0x7f, 0xff, 0xff,
    0xff, 0xf9, 0x0, 0x0, 0x3a, 0xef, 0xfd, 0xa4,
    0x0, 0x0,

    /* U+01A9 "Ʃ" */
    0xbf, 0xff, 0xff, 0xff, 0xff, 0xff, 0xff, 0xb,
    0xff, 0xff, 0xff, 0xff, 0xff, 0xff, 0xf0, 0xaf,
    0xfb, 0x66, 0x66, 0x66, 0x66, 0x66, 0x1, 0xdf,
    0xf4, 0x0, 0x0, 0x0, 0x0, 0x0, 0x1, 0xdf,
    0xf3, 0x0, 0x0, 0x0, 0x0, 0x0, 0x2, 0xef,
    0xf3, 0x0, 0x0, 0x0, 0x0, 0x0, 0x2, 0xef,
    0xe2, 0x0, 0x0, 0x0, 0x0, 0x0, 0x3, 0xff,
    0xe2, 0x0, 0x0, 0x0, 0x0, 0x0, 0x3, 0xff,
    0xd1, 0x0, 0x0, 0x0, 0x0, 0x0, 0x6, 0xff,
    0xc0, 0x0, 0x0, 0x0, 0x0, 0x1, 0xdf, 0xf4,
    0x0, 0x0, 0x0, 0x0, 0x0, 0xbf, 0xf6, 0x0,
    0x0, 0x0, 0x0, 0x0, 0x9f, 0xf9, 0x0, 0x0,
    0x0, 0x0, 0x0, 0x7f, 0xfb, 0x0, 0x0, 0x0,
    0x0, 0x0, 0x5f, 0xfc, 0x0, 0x0, 0x0, 0x0,
    0x0, 0x3f, 0xfe, 0x10, 0x0, 0x0, 0x0, 0x0,
    0x2e, 0xff, 0x30, 0x0, 0x0, 0x0, 0x0, 0xa,
    0xff, 0xa6, 0x66, 0x66, 0x66, 0x66, 0x63, 0xbf,
    0xff, 0xff, 0xff, 0xff, 0xff, 0xff, 0x8b, 0xff,
    0xff, 0xff, 0xff, 0xff, 0xff, 0xf8,

    /* U+01AA "ƪ" */
    0x0, 0x7e, 0xfc, 0x50, 0x0, 0x0, 0x8, 0xf8,
    0x6d, 0xf6, 0x0, 0x0, 0xe, 0x70, 0x1, 0xff,
    0x10, 0x0, 0xf, 0x50, 0x0, 0xff, 0x60, 0x0,
    0xa, 0xd3, 0x2a, 0xff, 0x80, 0x0, 0x1, 0xcf,
    0xfe, 0xff, 0x90, 0x0, 0x0, 0x2, 0x30, 0xef,
    0x90, 0x0, 0x0, 0x0, 0x0, 0xef, 0x90, 0x0,
    0x0, 0x0, 0x0, 0xef, 0x90, 0x0, 0x0, 0x0,
    0x0, 0xef, 0x90, 0x0, 0x0, 0x0, 0x0, 0xef,
    0x90, 0x0, 0x0, 0x0, 0x0, 0xef, 0x90, 0x0,
    0x0, 0x0, 0x0, 0xef, 0x80, 0x0, 0x0, 0x0,
    0x0, 0xef, 0x80, 0x0, 0x0, 0x0, 0x0, 0xef,
    0x80, 0x0, 0x0, 0x0, 0x0, 0xef, 0x80, 0x0,
    0x0, 0x0, 0x0, 0xef, 0x80, 0x0, 0x0, 0x0,
    0x0, 0xef, 0x80, 0x0, 0x0, 0x0, 0x0, 0xef,
    0x80, 0x0, 0x0, 0x0, 0x0, 0xef, 0x80, 0x0,
    0x0, 0x0, 0x0, 0xef, 0x80, 0x0, 0x0, 0x0,
    0x0, 0xef, 0x90, 0x0, 0x0, 0x0, 0x0, 0xdf,
    0xe6, 0x60, 0x0, 0x0, 0x0, 0x8f, 0xff, 0xf2,
    0x0, 0x0, 0x0, 0x9, 0xef, 0xe3,

    /* U+01AB "ƫ" */
    0x0, 0x0, 0x0, 0x0, 0x0, 0x6, 0xa0, 0x0,
    0x0, 0xaf, 0xb0, 0x0, 0x0, 0xbf, 0xb0, 0x0,
    0x0, 0xbf, 0xb0, 0x0, 0x0, 0xbf, 0xb0, 0x0,
    0x8f, 0xff, 0xff, 0xf3, 0x7e, 0xff, 0xfe, 0xe2,
    0x0, 0xbf, 0xb0, 0x0, 0x0, 0xbf, 0xb0, 0x0,
    0x0, 0xbf, 0xb0, 0x0, 0x0, 0xbf, 0xb0, 0x0,
    0x0, 0xbf, 0xb0, 0x0, 0x0, 0xbf, 0xb0, 0x0,
    0x0, 0xbf, 0xb0, 0x0, 0x0, 0xbf, 0xb0, 0x0,
    0x0, 0xbf, 0xb0, 0x0, 0x0, 0xbf, 0xc0, 0x0,
    0x0, 0xaf, 0xf6, 0x53, 0x0, 0x6f, 0xff, 0xf8,
    0x0, 0x9, 0xef, 0xf8, 0x0, 0x0, 0xb, 0xf8,
    0x0, 0x0, 0x1e, 0xf6, 0x0, 0x3f, 0xff, 0xf3,
    0x0, 0x5f, 0xfe, 0x60, 0x0, 0x0, 0x0, 0x0,

    /* U+01AC "Ƭ" */
    0x3, 0xbe, 0xff, 0xff, 0xff, 0xff, 0xff, 0xf6,
    0xe, 0xff, 0xff, 0xff, 0xff, 0xff, 0xff, 0xf6,
    0x4f, 0xfa, 0x66, 0x6e, 0xfe, 0x66, 0x66, 0x62,
    0x5f, 0xf0, 0x0, 0xd, 0xfd, 0x0, 0x0, 0x0,
    0x5f, 0xf0, 0x0, 0xd, 0xfd, 0x0, 0x0, 0x0,
    0x13, 0x30, 0x0, 0xd, 0xfd, 0x0, 0x0, 0x0,
    0x0, 0x0, 0x0, 0xd, 0xfd, 0x0, 0x0, 0x0,
    0x0, 0x0, 0x0, 0xd, 0xfd, 0x0, 0x0, 0x0,
    0x0, 0x0, 0x0, 0xd, 0xfd, 0x0, 0x0, 0x0,
    0x0, 0x0, 0x0, 0xd, 0xfd, 0x0, 0x0, 0x0,
    0x0, 0x0, 0x0, 0xd, 0xfd, 0x0, 0x0, 0x0,
    0x0, 0x0, 0x0, 0xd, 0xfd, 0x0, 0x0, 0x0,
    0x0, 0x0, 0x0, 0xd, 0xfd, 0x0, 0x0, 0x0,
    0x0, 0x0, 0x0, 0xd, 0xfd, 0x0, 0x0, 0x0,
    0x0, 0x0, 0x0, 0xd, 0xfd, 0x0, 0x0, 0x0,
    0x0, 0x0, 0x0, 0xd, 0xfd, 0x0, 0x0, 0x0,
    0x0, 0x0, 0x0, 0xd, 0xfd, 0x0, 0x0, 0x0,
    0x0, 0x0, 0x0, 0xd, 0xfd, 0x0, 0x0, 0x0,
    0x0, 0x0, 0x0, 0xd, 0xfd, 0x0, 0x0, 0x0,
    0x0, 0x0, 0x0, 0xd, 0xfd, 0x0, 0x0, 0x0,

    /* U+01AD "ƭ" */
    0x0, 0x8, 0xef, 0xe6, 0x0, 0x6f, 0xff, 0xf5,
    0x0, 0xaf, 0xf7, 0x51, 0x0, 0xbf, 0xc0, 0x0,
    0x0, 0xbf, 0xb0, 0x0, 0x8f, 0xff, 0xff, 0xf3,
    0x7e, 0xff, 0xfe, 0xe2, 0x0, 0xbf, 0xb0, 0x0,
    0x0, 0xbf, 0xb0, 0x0, 0x0, 0xbf, 0xb0, 0x0,
    0x0, 0xbf, 0xb0, 0x0, 0x0, 0xbf, 0xb0, 0x0,
    0x0, 0xbf, 0xb0, 0x0, 0x0, 0xbf, 0xb0, 0x0,
    0x0, 0xbf, 0xb0, 0x0, 0x0, 0xbf, 0xb0, 0x0,
    0x0, 0xbf, 0xc0, 0x0, 0x0, 0xaf, 0xf7, 0x51,
    0x0, 0x5f, 0xff, 0xf5, 0x0, 0x7, 0xdf, 0xe6,

    /* U+01AE "Ʈ" */
    0x6f, 0xff, 0xff, 0xff, 0xff, 0xff, 0xff, 0xff,
    0x76, 0xff, 0xff, 0xff, 0xff, 0xff, 0xff, 0xff,
    0xf7, 0x26, 0x66, 0x66, 0x6e, 0xfe, 0x66, 0x66,
    0x66, 0x30, 0x0, 0x0, 0x0, 0xdf, 0xd0, 0x0,
    0x0, 0x0, 0x0, 0x0, 0x0, 0xd, 0xfd, 0x0,
    0x0, 0x0, 0x0, 0x0, 0x0, 0x0, 0xdf, 0xd0,
    0x0, 0x0, 0x0, 0x0, 0x0, 0x0, 0xd, 0xfd,
    0x0, 0x0, 0x0, 0x0, 0x0, 0x0, 0x0, 0xdf,
    0xd0, 0x0, 0x0, 0x0, 0x0, 0x0, 0x0, 0xd,
    0xfd, 0x0, 0x0, 0x0, 0x0, 0x0, 0x0, 0x0,
    0xdf, 0xd0, 0x0, 0x0, 0x0, 0x0, 0x0, 0x0,
    0xd, 0xfd, 0x0, 0x0, 0x0, 0x0, 0x0, 0x0,
    0x0, 0xdf, 0xd0, 0x0, 0x0, 0x0, 0x0, 0x0,
    0x0, 0xd, 0xfd, 0x0, 0x0, 0x0, 0x0, 0x0,
    0x0, 0x0, 0xdf, 0xd0, 0x0, 0x0, 0x0, 0x0,
    0x0, 0x0, 0xd, 0xfd, 0x0, 0x0, 0x0, 0x0,
    0x0, 0x0, 0x0, 0xdf, 0xd0, 0x0, 0x0, 0x0,
    0x0, 0x0, 0x0, 0xd, 0xfd, 0x0, 0x0, 0x0,
    0x0, 0x0, 0x0, 0x0, 0xdf, 0xd0, 0x0, 0x0,
    0x0, 0x0, 0x0, 0x0, 0xd, 0xfd, 0x0, 0x0,
    0x0, 0x0, 0x0, 0x0, 0x0, 0xdf, 0xd0, 0x0,
    0x0, 0x0, 0x0, 0x0, 0x0, 0xd, 0xfd, 0x0,
    0x0, 0x0, 0x0, 0x0, 0x0, 0x0, 0xcf, 0xd0,
    0x0, 0x0, 0x0, 0x0, 0x0, 0x0, 0xc, 0xfe,
    0x0, 0x0, 0x0, 0x0, 0x0, 0x0, 0x0, 0xaf,
    0xf9, 0x72, 0x0, 0x0, 0x0, 0x0, 0x0, 0x5,
    0xff, 0xff, 0x70, 0x0, 0x0, 0x0, 0x0, 0x0,
    0x6, 0xdf, 0xf8, 0x0, 0x0,

    /* U+01AF "Ư" */
    0x0, 0x0, 0x0, 0x0, 0x0, 0x0, 0x0, 0x0,
    0xbf, 0xc0, 0x0, 0x0, 0x0, 0x0, 0x0, 0x0,
    0x0, 0x0, 0x8f, 0xe0, 0x0, 0x0, 0x0, 0x0,
    0x0, 0x0, 0x0, 0x0, 0x7f, 0xf0, 0x0, 0x0,
    0x0, 0x0, 0x0, 0x0, 0x0, 0x1, 0xbf, 0xd0,
    0xf, 0xff, 0x0, 0x0, 0x0, 0x0, 0xe, 0xff,
    0xff, 0x40, 0xf, 0xff, 0x0, 0x0, 0x0, 0x0,
    0xb, 0xff, 0xc1, 0x0, 0xf, 0xff, 0x0, 0x0,
    0x0, 0x0, 0x9, 0xff, 0x70, 0x0, 0xf, 0xff,
    0x0, 0x0, 0x0, 0x0, 0x9, 0xff, 0x70, 0x0,
    0xf, 0xff, 0x0, 0x0, 0x0, 0x0, 0x9, 0xff,
    0x70, 0x0, 0xf, 0xff, 0x0, 0x0, 0x0, 0x0,
    0x9, 0xff, 0x70, 0x0, 0xf, 0xff, 0x0, 0x0,
    0x0, 0x0, 0x9, 0xff, 0x70, 0x0, 0xf, 0xff,
    0x0, 0x0, 0x0, 0x0, 0x9, 0xff, 0x70, 0x0,
    0xf, 0xff, 0x0, 0x0, 0x0, 0x0, 0x9, 0xff,
    0x70, 0x0, 0xf, 0xff, 0x0, 0x0, 0x0, 0x0,
    0x9, 0xff, 0x70, 0x0, 0xf, 0xff, 0x0, 0x0,
    0x0, 0x0, 0x9, 0xff, 0x70, 0x0, 0xf, 0xff,
    0x0, 0x0, 0x0, 0x0, 0x9, 0xff, 0x70, 0x0,
    0xf, 0xff, 0x0, 0x0, 0x0, 0x0, 0x9, 0xff,
    0x60, 0x0, 0xe, 0xff, 0x10, 0x0, 0x0, 0x0,
    0xa, 0xff, 0x50, 0x0, 0xc, 0xff, 0x40, 0x0,
    0x0, 0x0, 0xd, 0xff, 0x30, 0x0, 0x7, 0xff,
    0xc0, 0x0, 0x0, 0x0, 0x5f, 0xfe, 0x0, 0x0,
    0x1, 0xff, 0xfb, 0x20, 0x0, 0x6, 0xff, 0xf7,
    0x0, 0x0, 0x0, 0x5f, 0xff, 0xfd, 0xbc, 0xff,
    0xff, 0xc0, 0x0, 0x0, 0x0, 0x5, 0xef, 0xff,
    0xff, 0xff, 0xfa, 0x0, 0x0, 0x0, 0x0, 0x0,
    0x16, 0xbe, 0xfe, 0xd9, 0x30, 0x0, 0x0, 0x0,

    /* U+01B0 "ư" */
    0x0, 0x0, 0x0, 0x0, 0x0, 0x0, 0xef, 0x90,
    0x0, 0x0, 0x0, 0x0, 0x0, 0xb, 0xfc, 0x0,
    0x0, 0x0, 0x0, 0x0, 0x0, 0xaf, 0xd0, 0x0,
    0x0, 0x0, 0x0, 0x0, 0x1d, 0xfa, 0xef, 0xf1,
    0x0, 0x0, 0xf, 0xff, 0xfe, 0x2e, 0xff, 0x10,
    0x0, 0x0, 0xdf, 0xfa, 0x0, 0xef, 0xf1, 0x0,
    0x0, 0xa, 0xff, 0x50, 0xe, 0xff, 0x10, 0x0,
    0x0, 0xaf, 0xf5, 0x0, 0xef, 0xf1, 0x0, 0x0,
    0xa, 0xff, 0x50, 0xe, 0xff, 0x10, 0x0, 0x0,
    0xaf, 0xf5, 0x0, 0xef, 0xf1, 0x0, 0x0, 0xa,
    0xff, 0x50, 0xe, 0xff, 0x10, 0x0, 0x0, 0xaf,
    0xf5, 0x0, 0xef, 0xf1, 0x0, 0x0, 0xa, 0xff,
    0x50, 0xe, 0xff, 0x10, 0x0, 0x0, 0xcf, 0xf5,
    0x0, 0xdf, 0xf4, 0x0, 0x0, 0x1f, 0xff, 0x50,
    0xa, 0xff, 0xb0, 0x0, 0xa, 0xff, 0xf5, 0x0,
    0x3f, 0xff, 0xd8, 0x8c, 0xfd, 0xff, 0x50, 0x0,
    0x8f, 0xff, 0xff, 0xfa, 0x7f, 0xf5, 0x0, 0x0,
    0x5c, 0xff, 0xc6, 0x7, 0xff, 0x50, 0x0,

    /* U+01B1 "Ʊ" */
    0x2f, 0xff, 0xda, 0x20, 0x0, 0x0, 0x3a, 0xef,
    0xff, 0x12, 0xff, 0xff, 0xfd, 0x0, 0x0, 0xe,
    0xff, 0xff, 0xf1, 0x6, 0x6a, 0xff, 0xd0, 0x0,
    0x0, 0xff, 0xf8, 0x66, 0x0, 0x0, 0xe, 0xfa,
    0x0, 0x0, 0xc, 0xfc, 0x0, 0x0, 0x0, 0x2,
    0xff, 0x40, 0x0, 0x0, 0x6f, 0xf1, 0x0, 0x0,
    0x0, 0xaf, 0xd0, 0x0, 0x0, 0x0, 0xef, 0x80,
    0x0, 0x0, 0x2f, 0xf5, 0x0, 0x0, 0x0, 0x7,
    0xff, 0x10, 0x0, 0xa, 0xfe, 0x0, 0x0, 0x0,
    0x0, 0x1f, 0xf8, 0x0, 0x1, 0xff, 0x80, 0x0,
    0x0, 0x0, 0x0, 0x9f, 0xf0, 0x0, 0x6f, 0xf2,
    0x0, 0x0, 0x0, 0x0, 0x4, 0xff, 0x50, 0xa,
    0xff, 0x0, 0x0, 0x0, 0x0, 0x0, 0xf, 0xf9,
    0x0, 0xdf, 0xd0, 0x0, 0x0, 0x0, 0x0, 0x0,
    0xef, 0xc0, 0xd, 0xfd, 0x0, 0x0, 0x0, 0x0,
    0x0, 0xf, 0xfd, 0x0, 0xcf, 0xf1, 0x0, 0x0,
    0x0, 0x0, 0x2, 0xff, 0xb0, 0x8, 0xff, 0x70,
    0x0, 0x0, 0x0, 0x0, 0x8f, 0xf7, 0x0, 0x1f,
    0xff, 0x20, 0x0, 0x0, 0x0, 0x2f, 0xff, 0x10,
    0x0, 0x7f, 0xfe, 0x30, 0x0, 0x0, 0x3e, 0xff,
    0x60, 0x0, 0x0, 0x9f, 0xff, 0xa6, 0x56, 0xaf,
    0xff, 0x90, 0x0, 0x0, 0x0, 0x7f, 0xff, 0xff,
    0xff, 0xff, 0x60, 0x0, 0x0, 0x0, 0x0, 0x18,
    0xce, 0xfe, 0xc7, 0x10, 0x0, 0x0,

    /* U+01B2 "Ʋ" */
    0xaf, 0xf3, 0x0, 0x0, 0x0, 0x0, 0x1d, 0xff,
    0x90, 0x3f, 0xf8, 0x0, 0x0, 0x0, 0x0, 0x4f,
    0xff, 0xf4, 0xd, 0xfe, 0x0, 0x0, 0x0, 0x0,
    0x11, 0x5f, 0xf5, 0x7, 0xff, 0x40, 0x0, 0x0,
    0x0, 0x0, 0x2f, 0xf3, 0x1, 0xff, 0xa0, 0x0,
    0x0, 0x0, 0x0, 0x4f, 0xf0, 0x0, 0xbf, 0xf0,
    0x0, 0x0, 0x0, 0x0, 0x7f, 0xd0, 0x0, 0x4f,
    0xf5, 0x0, 0x0, 0x0, 0x0, 0xbf, 0x90, 0x0,
    0xe, 0xfb, 0x0, 0x0, 0x0, 0x1, 0xff, 0x40,
    0x0, 0x8, 0xff, 0x10, 0x0, 0x0, 0x6, 0xfe,
    0x0, 0x0, 0x2, 0xff, 0x60, 0x0, 0x0, 0xc,
    0xf9, 0x0, 0x0, 0x0, 0xcf, 0xc0, 0x0, 0x0,
    0x2f, 0xf3, 0x0, 0x0, 0x0, 0x5f, 0xf2, 0x0,
    0x0, 0x9f, 0xc0, 0x0, 0x0, 0x0, 0xf, 0xf7,
    0x0, 0x1, 0xff, 0x50, 0x0, 0x0, 0x0, 0x9,
    0xfd, 0x0, 0x7, 0xfe, 0x0, 0x0, 0x0, 0x0,
    0x3, 0xff, 0x30, 0xe, 0xf7, 0x0, 0x0, 0x0,
    0x0, 0x0, 0xcf, 0x90, 0x7f, 0xe0, 0x0, 0x0,
    0x0, 0x0, 0x0, 0x6f, 0xe1, 0xff, 0x70, 0x0,
    0x0, 0x0, 0x0, 0x0, 0x1f, 0xfa, 0xfe, 0x0,
    0x0, 0x0, 0x0, 0x0, 0x0, 0xa, 0xff, 0xf6,
    0x0, 0x0, 0x0, 0x0, 0x0, 0x0, 0x4, 0xff,
    0xe0, 0x0, 0x0, 0x0,

    /* U+01B3 "Ƴ" */
    0xa, 0xef, 0xd8, 0x0, 0x0, 0x0, 0x0, 0x0,
    0x8, 0xff, 0x80, 0xaf, 0xff, 0xfd, 0x20, 0x0,
    0x0, 0x0, 0x3, 0xff, 0xd0, 0x2, 0x64, 0x9f,
    0xfd, 0x10, 0x0, 0x0, 0x0, 0xdf, 0xf3, 0x0,
    0x0, 0x0, 0x6f, 0xfb, 0x0, 0x0, 0x0, 0x7f,
    0xf7, 0x0, 0x0, 0x0, 0x0, 0x9f, 0xf5, 0x0,
    0x0, 0x2f, 0xfc, 0x0, 0x0, 0x0, 0x0, 0x0,
    0xdf, 0xd0, 0x0, 0xc, 0xff, 0x20, 0x0, 0x0,
    0x0, 0x0, 0x4, 0xff, 0x50, 0x6, 0xff, 0x70,
    0x0, 0x0, 0x0, 0x0, 0x0, 0xc, 0xfd, 0x1,
    0xef, 0xc0, 0x0, 0x0, 0x0, 0x0, 0x0, 0x0,
    0x4f, 0xf3, 0xaf, 0xf2, 0x0, 0x0, 0x0, 0x0,
    0x0, 0x0, 0x0, 0xdf, 0xcf, 0xf7, 0x0, 0x0,
    0x0, 0x0, 0x0, 0x0, 0x0, 0x5, 0xff, 0xfc,
    0x0, 0x0, 0x0, 0x0, 0x0, 0x0, 0x0, 0x0,
    0xe, 0xff, 0x20, 0x0, 0x0, 0x0, 0x0, 0x0,
    0x0, 0x0, 0x0, 0xcf, 0xe0, 0x0, 0x0, 0x0,
    0x0, 0x0, 0x0, 0x0, 0x0, 0xc, 0xfe, 0x0,
    0x0, 0x0, 0x0, 0x0, 0x0, 0x0, 0x0, 0x0,
    0xcf, 0xe0, 0x0, 0x0, 0x0, 0x0, 0x0, 0x0,
    0x0, 0x0, 0xc, 0xfe, 0x0, 0x0, 0x0, 0x0,
    0x0, 0x0, 0x0, 0x0, 0x0, 0xcf, 0xe0, 0x0,
    0x0, 0x0, 0x0, 0x0, 0x0, 0x0, 0x0, 0xc,
    0xfe, 0x0, 0x0, 0x0, 0x0, 0x0, 0x0, 0x0,
    0x0, 0x0, 0xcf, 0xe0, 0x0, 0x0, 0x0, 0x0,
    0x0, 0x0, 0x0, 0x0, 0xc, 0xfe, 0x0, 0x0,
    0x0, 0x0,

    /* U+01B4 "ƴ" */
    0x5f, 0xf4, 0x0, 0x0, 0x0, 0x0, 0x9e, 0xe8,
    0x0, 0xf, 0xfa, 0x0, 0x0, 0x0, 0xa, 0xff,
    0xff, 0x70, 0xa, 0xff, 0x0, 0x0, 0x0, 0x4f,
    0xfa, 0xaf, 0xe0, 0x4, 0xff, 0x50, 0x0, 0x0,
    0xbf, 0xc0, 0xf, 0xf2, 0x0, 0xef, 0xa0, 0x0,
    0x2, 0xff, 0x50, 0x6, 0x71, 0x0, 0x8f, 0xf0,
    0x0, 0x8, 0xfe, 0x0, 0x0, 0x0, 0x0, 0x2f,
    0xf5, 0x0, 0xe, 0xf8, 0x0, 0x0, 0x0, 0x0,
    0xc, 0xfb, 0x0, 0x4f, 0xf2, 0x0, 0x0, 0x0,
    0x0, 0x7, 0xff, 0x10, 0xaf, 0xc0, 0x0, 0x0,
    0x0, 0x0, 0x1, 0xff, 0x60, 0xff, 0x60, 0x0,
    0x0, 0x0, 0x0, 0x0, 0xbf, 0xb4, 0xff, 0x10,
    0x0, 0x0, 0x0, 0x0, 0x0, 0x5f, 0xf9, 0xfa,
    0x0, 0x0, 0x0, 0x0, 0x0, 0x0, 0xf, 0xff,
    0xf4, 0x0, 0x0, 0x0, 0x0, 0x0, 0x0, 0x9,
    0xff, 0xe0, 0x0, 0x0, 0x0, 0x0, 0x0, 0x0,
    0x3, 0xff, 0x80, 0x0, 0x0, 0x0, 0x0, 0x0,
    0x0, 0x3, 0xff, 0x20, 0x0, 0x0, 0x0, 0x0,
    0x0, 0x0, 0x9, 0xfb, 0x0, 0x0, 0x0, 0x0,
    0x0, 0x0, 0x0, 0x1f, 0xf5, 0x0, 0x0, 0x0,
    0x0, 0x0, 0x4, 0x77, 0xef, 0xd0, 0x0, 0x0,
    0x0, 0x0, 0x0, 0x6, 0xff, 0xff, 0x30, 0x0,
    0x0, 0x0, 0x0, 0x0, 0x3, 0xef, 0xc3, 0x0,
    0x0, 0x0, 0x0, 0x0, 0x0,

    /* U+01B5 "Ƶ" */
    0x5, 0xff, 0xff, 0xff, 0xff, 0xff, 0xff, 0xff,
    0x0, 0x5f, 0xff, 0xff, 0xff, 0xff, 0xff, 0xff,
    0xf0, 0x2, 0x66, 0x66, 0x66, 0x66, 0x66, 0xaf,
    0xfd, 0x0, 0x0, 0x0, 0x0, 0x0, 0x0, 0x4f,
    0xfe, 0x10, 0x0, 0x0, 0x0, 0x0, 0x0, 0x3f,
    0xfe, 0x20, 0x0, 0x0, 0x0, 0x0, 0x0, 0x2e,
    0xff, 0x30, 0x0, 0x0, 0x0, 0x0, 0x0, 0x1e,
    0xff, 0x40, 0x0, 0x0, 0x0, 0x0, 0x0, 0x1d,
    0xff, 0x60, 0x0, 0x0, 0x0, 0x6f, 0xff, 0xff,
    0xff, 0xff, 0xff, 0x0, 0x0, 0x6, 0xff, 0xff,
    0xff, 0xff, 0xff, 0xf0, 0x0, 0x0, 0x0, 0x4,
    0xff, 0xe1, 0x0, 0x0, 0x0, 0x0, 0x0, 0x1,
    0xef, 0xf3, 0x0, 0x0, 0x0, 0x0, 0x0, 0x0,
    0xcf, 0xf6, 0x0, 0x0, 0x0, 0x0, 0x0, 0x0,
    0x8f, 0xfa, 0x0, 0x0, 0x0, 0x0, 0x0, 0x0,
    0x4f, 0xfd, 0x0, 0x0, 0x0, 0x0, 0x0, 0x0,
    0x1e, 0xff, 0x20, 0x0, 0x0, 0x0, 0x0, 0x0,
    0xc, 0xff, 0x60, 0x0, 0x0, 0x0, 0x0, 0x0,
    0x6, 0xff, 0xd6, 0x66, 0x66, 0x66, 0x66, 0x66,
    0x62, 0x8f, 0xff, 0xff, 0xff, 0xff, 0xff, 0xff,
    0xff, 0x58, 0xff, 0xff, 0xff, 0xff, 0xff, 0xff,
    0xff, 0xf5,

    /* U+01B6 "ƶ" */
    0xe, 0xff, 0xff, 0xff, 0xff, 0xff, 0xf0, 0xe,
    0xff, 0xff, 0xff, 0xff, 0xff, 0xe0, 0x0, 0x0,
    0x0, 0x0, 0x9, 0xff, 0x50, 0x0, 0x0, 0x0,
    0x0, 0x5f, 0xf9, 0x0, 0x0, 0x0, 0x0, 0x2,
    0xff, 0xc0, 0x0, 0x0, 0x0, 0x0, 0xd, 0xfe,
    0x10, 0x0, 0xb, 0xff, 0xff, 0xff, 0xff, 0xff,
    0xc0, 0xa, 0xff, 0xff, 0xff, 0xff, 0xff, 0xb0,
    0x0, 0x0, 0x7f, 0xf9, 0x0, 0x0, 0x0, 0x0,
    0x5, 0xff, 0xb0, 0x0, 0x0, 0x0, 0x0, 0x4f,
    0xfc, 0x0, 0x0, 0x0, 0x0, 0x2, 0xef, 0xd1,
    0x0, 0x0, 0x0, 0x0, 0x1e, 0xfe, 0x31, 0x22,
    0x22, 0x22, 0x21, 0x7f, 0xff, 0xff, 0xff, 0xff,
    0xff, 0xf6, 0x7f, 0xff, 0xff, 0xff, 0xff, 0xff,
    0xf6,

    /* U+01B7 "Ʒ" */
    0xd, 0xff, 0xff, 0xff, 0xff, 0xff, 0xff, 0x0,
    0xd, 0xff, 0xff, 0xff, 0xff, 0xff, 0xff, 0x0,
    0x5, 0x66, 0x66, 0x66, 0x66, 0xef, 0xf5, 0x0,
    0x0, 0x0, 0x0, 0x0, 0x1c, 0xfd, 0x30, 0x0,
    0x0, 0x0, 0x0, 0x3, 0xef, 0xb1, 0x0, 0x0,
    0x0, 0x0, 0x0, 0x6f, 0xf8, 0x0, 0x0, 0x0,
    0x0, 0x0, 0x8, 0xff, 0x60, 0x0, 0x0, 0x0,
    0x0, 0x0, 0x2f, 0xff, 0xfe, 0xa4, 0x0, 0x0,
    0x0, 0x0, 0x4f, 0xff, 0xff, 0xff, 0xa0, 0x0,
    0x0, 0x0, 0x12, 0x0, 0x14, 0xbf, 0xfc, 0x0,
    0x0, 0x0, 0x0, 0x0, 0x0, 0x6, 0xff, 0x80,
    0x0, 0x0, 0x0, 0x0, 0x0, 0x0, 0xaf, 0xf0,
    0x0, 0x0, 0x0, 0x0, 0x0, 0x0, 0x5f, 0xf3,
    0x16, 0x60, 0x0, 0x0, 0x0, 0x0, 0x3f, 0xf4,
    0xcf, 0xe0, 0x0, 0x0, 0x0, 0x0, 0x6f, 0xf2,
    0x8f, 0xf5, 0x0, 0x0, 0x0, 0x0, 0xdf, 0xe0,
    0x1f, 0xff, 0x40, 0x0, 0x0, 0x1b, 0xff, 0x60,
    0x6, 0xff, 0xfb, 0x75, 0x69, 0xff, 0xfa, 0x0,
    0x0, 0x5f, 0xff, 0xff, 0xff, 0xff, 0x80, 0x0,
    0x0, 0x1, 0x7b, 0xef, 0xfd, 0x92, 0x0, 0x0,

    /* U+01B8 "Ƹ" */
    0x7, 0xff, 0xff, 0xff, 0xff, 0xff, 0xff, 0x60,
    0x7, 0xff, 0xff, 0xff, 0xff, 0xff, 0xff, 0x60,
    0x0, 0xaf, 0xfb, 0x66, 0x66, 0x66, 0x66, 0x20,
    0x0, 0x7, 0xff, 0x70, 0x0, 0x0, 0x0, 0x0,
    0x0, 0x0, 0x4e, 0xfa, 0x0, 0x0, 0x0, 0x0,
    0x0, 0x0, 0x2, 0xdf, 0xc1, 0x0, 0x0, 0x0,
    0x0, 0x0, 0x0, 0xb, 0xfe, 0x30, 0x0, 0x0,
    0x0, 0x0, 0x7c, 0xff, 0xff, 0xb0, 0x0, 0x0,
    0x0, 0x4e, 0xff, 0xff, 0xff, 0xd0, 0x0, 0x0,
    0x4, 0xff, 0xf7, 0x20, 0x1, 0x30, 0x0, 0x0,
    0xe, 0xfe, 0x10, 0x0, 0x0, 0x0, 0x0, 0x0,
    0x6f, 0xf4, 0x0, 0x0, 0x0, 0x0, 0x0, 0x0,
    0xaf, 0xe0, 0x0, 0x0, 0x0, 0x0, 0x0, 0x0,
    0xbf, 0xd0, 0x0, 0x0, 0x0, 0x0, 0x8, 0x30,
    0x9f, 0xf0, 0x0, 0x0, 0x0, 0x0, 0x5f, 0xf5,
    0x4f, 0xf7, 0x0, 0x0, 0x0, 0x0, 0xcf, 0xf1,
    0xc, 0xff, 0x60, 0x0, 0x0, 0xa, 0xff, 0xa0,
    0x2, 0xef, 0xfc, 0x75, 0x68, 0xef, 0xfe, 0x10,
    0x0, 0x2d, 0xff, 0xff, 0xff, 0xff, 0xc2, 0x0,
    0x0, 0x0, 0x5a, 0xef, 0xfd, 0xa4, 0x0, 0x0,

    /* U+01B9 "ƹ" */
    0x5f, 0xff, 0xff, 0xff, 0xff, 0xff, 0x4, 0xff,
    0xff, 0xff, 0xff, 0xff, 0xf0, 0xb, 0xfe, 0x10,
    0x0, 0x0, 0x0, 0x0, 0x1e, 0xfa, 0x0, 0x0,
    0x0, 0x0, 0x0, 0x4f, 0xf5, 0x0, 0x0, 0x0,
    0x0, 0x0, 0x9f, 0xf2, 0x0, 0x0, 0x0, 0x0,
    0x0, 0xdf, 0xc0, 0x0, 0x0, 0x0, 0x0, 0x3,
    0xff, 0x70, 0x0, 0x0, 0x0, 0x0, 0x7, 0xff,
    0x20, 0x0, 0x0, 0x0, 0x5c, 0xff, 0xf5, 0x0,
    0x0, 0x0, 0xbf, 0xff, 0xff, 0x60, 0x0, 0x0,
    0xbf, 0xf9, 0x20, 0x0, 0x0, 0x0, 0x4f, 0xf8,
    0x0, 0x0, 0x0, 0x0, 0xa, 0xfe, 0x0, 0x0,
    0x0, 0x0, 0x0, 0xcf, 0xb0, 0x0, 0x0, 0x0,
    0x0, 0xc, 0xfc, 0x0, 0x0, 0x0, 0x4, 0x30,
    0x9f, 0xf1, 0x0, 0x0, 0x0, 0xff, 0x73, 0xff,
    0xa0, 0x0, 0x0, 0x7f, 0xf3, 0x8, 0xff, 0xb3,
    0x2, 0x8f, 0xfb, 0x0, 0x8, 0xff, 0xff, 0xff,
    0xfc, 0x0, 0x0, 0x3, 0xae, 0xfe, 0xb6, 0x0,
    0x0,

    /* U+01BA "ƺ" */
    0xff, 0xff, 0xff, 0xff, 0xff, 0x80, 0xff, 0xff,
    0xff, 0xff, 0xff, 0x60, 0x0, 0x0, 0x0, 0x2e,
    0xfa, 0x0, 0x0, 0x0, 0x0, 0xcf, 0xb0, 0x0,
    0x0, 0x0, 0xb, 0xfc, 0x0, 0x0, 0x0, 0x0,
    0xaf, 0xd1, 0x0, 0x0, 0x0, 0x8, 0xfe, 0x20,
    0x0, 0x0, 0x0, 0xd, 0xff, 0xfd, 0x92, 0x0,
    0x0, 0xf, 0xff, 0xff, 0xff, 0x40, 0x0, 0x2,
    0x0, 0x26, 0xef, 0xe0, 0x0, 0x0, 0x0, 0x0,
    0x5f, 0xf2, 0x0, 0x0, 0x0, 0x0, 0x6f, 0xf2,
    0x0, 0x0, 0x0, 0x4, 0xef, 0xd0, 0x0, 0x0,
    0x16, 0xcf, 0xfe, 0x30, 0x0, 0x3a, 0xff, 0xff,
    0x91, 0x0, 0x7, 0xff, 0xe9, 0x40, 0x0, 0x0,
    0x2f, 0xf6, 0x0, 0x0, 0x0, 0x0, 0x6f, 0xa0,
    0x0, 0x0, 0x0, 0x0, 0x4f, 0xf5, 0x11, 0x24,
    0x0, 0x0, 0xd, 0xff, 0xff, 0xff, 0x0, 0x0,
    0x1, 0x8d, 0xff, 0xda, 0x10, 0x0,

    /* U+01BB "ƻ" */
    0x0, 0x0, 0x29, 0xdf, 0xfd, 0x92, 0x0, 0x0,
    0x0, 0x7f, 0xff, 0xff, 0xff, 0xf6, 0x0, 0x0,
    0x7f, 0xfd, 0x75, 0x6a, 0xff, 0xf4, 0x0, 0x1f,
    0xfa, 0x0, 0x0, 0x6, 0xff, 0xc0, 0x7, 0xff,
    0x10, 0x0, 0x0, 0xd, 0xff, 0x0, 0x5a, 0xa0,
    0x0, 0x0, 0x0, 0xbf, 0xf0, 0x0, 0x0, 0x0,
    0x0, 0x0, 0xf, 0xfd, 0x0, 0x0, 0x0, 0x0,
    0x0, 0x7, 0xff, 0x70, 0x0, 0x0, 0x0, 0x0,
    0x4, 0xff, 0xd0, 0x0, 0x0, 0x0, 0x0, 0x5,
    0xff, 0xf2, 0x0, 0x0, 0x1f, 0xff, 0xff, 0xff,
    0xff, 0xff, 0x20, 0x1, 0xff, 0xff, 0xff, 0xff,
    0xff, 0xf2, 0x0, 0x0, 0xa, 0xff, 0xe3, 0x0,
    0x0, 0x0, 0x0, 0xa, 0xff, 0xe2, 0x0, 0x0,
    0x0, 0x0, 0x9, 0xff, 0xe2, 0x0, 0x0, 0x0,
    0x0, 0x6, 0xff, 0xe2, 0x0, 0x0, 0x0, 0x0,
    0x2, 0xff, 0xf3, 0x0, 0x0, 0x0, 0x0, 0x0,
    0x9f, 0xfc, 0x66, 0x66, 0x66, 0x66, 0x60, 0xe,
    0xff, 0xff, 0xff, 0xff, 0xff, 0xff, 0x21, 0xff,
    0xff, 0xff, 0xff, 0xff, 0xff, 0xf2,

    /* U+01BC "Ƽ" */
    0xaf, 0xff, 0xff, 0xff, 0xff, 0xff, 0xf8, 0xa,
    0xff, 0xff, 0xff, 0xff, 0xff, 0xff, 0x80, 0x46,
    0x6f, 0xfa, 0x66, 0x66, 0x66, 0x63, 0x0, 0x1,
    0xff, 0x40, 0x0, 0x0, 0x0, 0x0, 0x0, 0x5f,
    0xf0, 0x0, 0x0, 0x0, 0x0, 0x0, 0x8, 0xfd,
    0x0, 0x0, 0x0, 0x0, 0x0, 0x0, 0xbf, 0x95,
    0xbe, 0xfd, 0x81, 0x0, 0x0, 0xe, 0xff, 0xff,
    0xff, 0xff, 0xe4, 0x0, 0x1, 0xff, 0xfc, 0x65,
    0x6c, 0xff, 0xf3, 0x0, 0x4f, 0xf8, 0x0, 0x0,
    0x8, 0xff, 0xc0, 0x0, 0x2, 0x0, 0x0, 0x0,
    0xc, 0xff, 0x20, 0x0, 0x0, 0x0, 0x0, 0x0,
    0x7f, 0xf5, 0x0, 0x0, 0x0, 0x0, 0x0, 0x5,
    0xff, 0x60, 0x0, 0x0, 0x0, 0x0, 0x0, 0x5f,
    0xf6, 0x9, 0xdc, 0x0, 0x0, 0x0, 0x7, 0xff,
    0x30, 0x9f, 0xf2, 0x0, 0x0, 0x0, 0xdf, 0xe0,
    0x3, 0xff, 0xb0, 0x0, 0x0, 0x7f, 0xf7, 0x0,
    0xa, 0xff, 0xb3, 0x12, 0x8f, 0xfc, 0x0, 0x0,
    0xa, 0xff, 0xff, 0xff, 0xfc, 0x10, 0x0, 0x0,
    0x4, 0xae, 0xfe, 0xb6, 0x0, 0x0,

    /* U+01BD "ƽ" */
    0xff, 0xff, 0xff, 0xff, 0xff, 0xfa, 0xf, 0xff,
    0xff, 0xff, 0xff, 0xff, 0xa0, 0x4, 0xfc, 0x0,
    0x0, 0x0, 0x0, 0x0, 0x6f, 0x80, 0x0, 0x0,
    0x0, 0x0, 0xa, 0xf5, 0x0, 0x0, 0x0, 0x0,
    0x0, 0xef, 0x8c, 0xef, 0xeb, 0x70, 0x0, 0x1f,
    0xff, 0xff, 0xff, 0xff, 0xe3, 0x4, 0xfe, 0x72,
    0x0, 0x16, 0xef, 0xe1, 0x0, 0x0, 0x0, 0x0,
    0x4, 0xff, 0x60, 0x0, 0x0, 0x0, 0x0, 0xf,
    0xf9, 0x25, 0x40, 0x0, 0x0, 0x0, 0xff, 0x8b,
    0xfd, 0x0, 0x0, 0x0, 0x6f, 0xf4, 0x4f, 0xfc,
    0x41, 0x13, 0x9f, 0xfc, 0x0, 0x7f, 0xff, 0xff,
    0xff, 0xfc, 0x10, 0x0, 0x29, 0xdf, 0xfe, 0xb5,
    0x0, 0x0,

    /* U+01BE "ƾ" */
    0x0, 0x0, 0x7, 0xfe, 0x0, 0x0, 0x0, 0x0,
    0x0, 0x7, 0xfe, 0x0, 0x0, 0x0, 0x0, 0x1f,
    0xff, 0xff, 0xff, 0x90, 0x0, 0x0, 0x1f, 0xff,
    0xff, 0xff, 0x90, 0x0, 0x0, 0x0, 0x7, 0xfe,
    0x0, 0x0, 0x0, 0x0, 0x0, 0x5, 0xff, 0x0,
    0x0, 0x0, 0x0, 0x0, 0x2, 0xff, 0x50, 0x0,
    0x0, 0x0, 0x0, 0x0, 0xcf, 0xe1, 0x0, 0x0,
    0x0, 0x0, 0x0, 0x3f, 0xfc, 0x0, 0x0, 0x0,
    0x0, 0x0, 0x6, 0xff, 0xc0, 0x0, 0x0, 0x0,
    0x0, 0x0, 0x7f, 0xfb, 0x0, 0x0, 0x0, 0x0,
    0x0, 0x7, 0xff, 0x60, 0x0, 0x0, 0x0, 0x0,
    0x0, 0xcf, 0xd0, 0x1, 0x20, 0x0, 0x0, 0x0,
    0x6f, 0xf1, 0x9f, 0xf0, 0x0, 0x0, 0x0, 0x5f,
    0xf3, 0x6f, 0xf4, 0x0, 0x0, 0x0, 0x8f, 0xf1,
    0x1f, 0xfc, 0x0, 0x0, 0x3, 0xff, 0xc0, 0x7,
    0xff, 0xc4, 0x1, 0x6f, 0xff, 0x30, 0x0, 0x9f,
    0xff, 0xff, 0xff, 0xf4, 0x0, 0x0, 0x3, 0xae,
    0xff, 0xc8, 0x10, 0x0,

    /* U+01BF "ƿ" */
    0x1f, 0xf2, 0x7, 0xcf, 0xfc, 0x50, 0x1, 0xff,
    0x5d, 0xff, 0xff, 0xff, 0x80, 0x1f, 0xff, 0xf8,
    0x10, 0x2c, 0xff, 0x31, 0xff, 0xe3, 0x0, 0x0,
    0x1f, 0xfa, 0x1f, 0xf6, 0x0, 0x0, 0x0, 0xbf,
    0xd1, 0xff, 0x50, 0x0, 0x0, 0x9, 0xfe, 0x1f,
    0xf5, 0x0, 0x0, 0x0, 0xaf, 0xd1, 0xff, 0x50,
    0x0, 0x0, 0xd, 0xfa, 0x1f, 0xf5, 0x0, 0x0,
    0x4, 0xff, 0x51, 0xff, 0x50, 0x0, 0x0, 0xdf,
    0xc0, 0x1f, 0xf5, 0x0, 0x1, 0xcf, 0xe2, 0x1,
    0xff, 0x50, 0x4, 0xef, 0xe3, 0x0, 0x1f, 0xf5,
    0x4b, 0xff, 0xb1, 0x0, 0x1, 0xff, 0xef, 0xfe,
    0x60, 0x0, 0x0, 0x1f, 0xff, 0xc6, 0x0, 0x0,
    0x0, 0x1, 0xff, 0x60, 0x0, 0x0, 0x0, 0x0,
    0x1f, 0xf5, 0x0, 0x0, 0x0, 0x0, 0x1, 0xff,
    0x50, 0x0, 0x0, 0x0, 0x0, 0x1f, 0xf5, 0x0,
    0x0, 0x0, 0x0, 0x1, 0xff, 0x50, 0x0, 0x0,
    0x0, 0x0, 0x1f, 0xf5, 0x0, 0x0, 0x0, 0x0,
    0x0,

    /* U+01C0 "ǀ" */
    0x6f, 0xb6, 0xfb, 0x6f, 0xb6, 0xfb, 0x6f, 0xb6,
    0xfb, 0x6f, 0xb6, 0xfb, 0x6f, 0xb6, 0xfb, 0x6f,
    0xb6, 0xfb, 0x6f, 0xb6, 0xfb, 0x6f, 0xb6, 0xfb,
    0x6f, 0xb6, 0xfb, 0x6f, 0xb6, 0xfb,

    /* U+01C1 "ǁ" */
    0x6f, 0xa0, 0x0, 0xbf, 0x66, 0xfa, 0x0, 0xb,
    0xf6, 0x6f, 0xa0, 0x0, 0xbf, 0x66, 0xfa, 0x0,
    0xb, 0xf6, 0x6f, 0xa0, 0x0, 0xbf, 0x66, 0xfa,
    0x0, 0xb, 0xf6, 0x6f, 0xa0, 0x0, 0xbf, 0x66,
    0xfa, 0x0, 0xb, 0xf6, 0x6f, 0xa0, 0x0, 0xbf,
    0x66, 0xfa, 0x0, 0xb, 0xf6, 0x6f, 0xa0, 0x0,
    0xbf, 0x66, 0xfa, 0x0, 0xb, 0xf6, 0x6f, 0xa0,
    0x0, 0xbf, 0x66, 0xfa, 0x0, 0xb, 0xf6, 0x6f,
    0xa0, 0x0, 0xbf, 0x66, 0xfa, 0x0, 0xb, 0xf6,
    0x6f, 0xa0, 0x0, 0xbf, 0x66, 0xfa, 0x0, 0xb,
    0xf6, 0x6f, 0xa0, 0x0, 0xbf, 0x66, 0xfa, 0x0,
    0xb, 0xf6,

    /* U+01C2 "ǂ" */
    0x0, 0x0, 0x6, 0xfb, 0x0, 0x0, 0x0, 0x0,
    0x0, 0x6f, 0xb0, 0x0, 0x0, 0x0, 0x0, 0x6,
    0xfb, 0x0, 0x0, 0x0, 0x0, 0x0, 0x6f, 0xb0,
    0x0, 0x0, 0x0, 0x0, 0x6, 0xfb, 0x0, 0x0,
    0x0, 0x0, 0x0, 0x6f, 0xb0, 0x0, 0x0, 0x4f,
    0xff, 0xff, 0xff, 0xff, 0xff, 0x94, 0xee, 0xee,
    0xef, 0xfe, 0xee, 0xe8, 0x0, 0x0, 0x6, 0xfb,
    0x0, 0x0, 0x0, 0x0, 0x0, 0x6f, 0xb0, 0x0,
    0x0, 0x0, 0x0, 0x6, 0xfb, 0x0, 0x0, 0x4,
    0xee, 0xee, 0xef, 0xfe, 0xee, 0xe8, 0x4f, 0xff,
    0xff, 0xff, 0xff, 0xff, 0x90, 0x0, 0x0, 0x6f,
    0xb0, 0x0, 0x0, 0x0, 0x0, 0x6, 0xfb, 0x0,
    0x0, 0x0, 0x0, 0x0, 0x6f, 0xb0, 0x0, 0x0,
    0x0, 0x0, 0x6, 0xfb, 0x0, 0x0, 0x0, 0x0,
    0x0, 0x6f, 0xb0, 0x0, 0x0, 0x0, 0x0, 0x6,
    0xfb, 0x0, 0x0, 0x0, 0x0, 0x0, 0x6f, 0xb0,
    0x0, 0x0,

    /* U+01C3 "ǃ" */
    0xaf, 0xf6, 0xaf, 0xf6, 0xaf, 0xf6, 0xaf, 0xf6,
    0x9f, 0xf6, 0x8f, 0xf5, 0x7f, 0xf4, 0x6f, 0xf3,
    0x5f, 0xf2, 0x4f, 0xf1, 0x3f, 0xf0, 0x2f, 0xf0,
    0x1f, 0xe0, 0xf, 0xd0, 0xe, 0xc0, 0x3, 0x20,
    0x0, 0x0, 0x6d, 0xd3, 0x8f, 0xf4, 0x8f, 0xf4,

    /* U+01C4 "Ǆ" */
    0x0, 0x0, 0x0, 0x0, 0x0, 0x0, 0x0, 0x0,
    0x0, 0x0, 0x0, 0x48, 0x81, 0x0, 0x78, 0x60,
    0x0, 0x0, 0x0, 0x0, 0x0, 0x0, 0x0, 0x0,
    0x0, 0x0, 0x0, 0x0, 0x1, 0xdf, 0xb0, 0x8f,
    0xf3, 0x0, 0x0, 0x0, 0x0, 0x0, 0x0, 0x0,
    0x0, 0x0, 0x0, 0x0, 0x0, 0x0, 0x3, 0xff,
    0x7f, 0xf7, 0x0, 0x0, 0x0, 0x0, 0x0, 0x0,
    0x0, 0x0, 0x0, 0x0, 0x0, 0x0, 0x0, 0x0,
    0x6, 0xff, 0xfb, 0x0, 0x0, 0x0, 0x0, 0x0,
    0x0, 0x0, 0x0, 0x0, 0x0, 0x0, 0x0, 0x0,
    0x0, 0x0, 0x6, 0x87, 0x10, 0x0, 0x0, 0x0,
    0x0, 0x0, 0x0, 0x0, 0x0, 0x0, 0x0, 0x0,
    0x0, 0x0, 0x0, 0x0, 0x0, 0x0, 0x0, 0x0,
    0x0, 0xcf, 0xff, 0xff, 0xff, 0xfe, 0xc7, 0x10,
    0x0, 0x0, 0x3, 0xff, 0xff, 0xff, 0xff, 0xff,
    0xff, 0xff, 0x2c, 0xff, 0xff, 0xff, 0xff, 0xff,
    0xff, 0x60, 0x0, 0x0, 0x3f, 0xff, 0xff, 0xff,
    0xff, 0xff, 0xff, 0xf2, 0xcf, 0xe6, 0x66, 0x66,
    0x79, 0xdf, 0xff, 0x60, 0x0, 0x1, 0x66, 0x66,
    0x66, 0x66, 0x66, 0x9f, 0xfe, 0x1c, 0xfe, 0x0,
    0x0, 0x0, 0x0, 0x6f, 0xff, 0x20, 0x0, 0x0,
    0x0, 0x0, 0x0, 0x0, 0x1e, 0xff, 0x40, 0xcf,
    0xe0, 0x0, 0x0, 0x0, 0x0, 0x5f, 0xfb, 0x0,
    0x0, 0x0, 0x0, 0x0, 0x0, 0xd, 0xff, 0x60,
    0xc, 0xfe, 0x0, 0x0, 0x0, 0x0, 0x0, 0xbf,
    0xf2, 0x0, 0x0, 0x0, 0x0, 0x0, 0xa, 0xff,
    0x90, 0x0, 0xcf, 0xe0, 0x0, 0x0, 0x0, 0x0,
    0x5, 0xff, 0x60, 0x0, 0x0, 0x0, 0x0, 0x7,
    0xff, 0xc0, 0x0, 0xc, 0xfe, 0x0, 0x0, 0x0,
    0x0, 0x0, 0x1f, 0xf9, 0x0, 0x0, 0x0, 0x0,
    0x4, 0xff, 0xe1, 0x0, 0x0, 0xcf, 0xe0, 0x0,
    0x0, 0x0, 0x0, 0x0, 0xff, 0xb0, 0x0, 0x0,
    0x0, 0x2, 0xff, 0xf3, 0x0, 0x0, 0xc, 0xfe,
    0x0, 0x0, 0x0, 0x0, 0x0, 0xf, 0xfc, 0x0,
    0x0, 0x0, 0x1, 0xdf, 0xf5, 0x0, 0x0, 0x0,
    0xcf, 0xe0, 0x0, 0x0, 0x0, 0x0, 0x0, 0xff,
    0xc0, 0x0, 0x0, 0x0, 0xbf, 0xf8, 0x0, 0x0,
    0x0, 0xc, 0xfe, 0x0, 0x0, 0x0, 0x0, 0x0,
    0xf, 0xfb, 0x0, 0x0, 0x0, 0x8f, 0xfb, 0x0,
    0x0, 0x0, 0x0, 0xcf, 0xe0, 0x0, 0x0, 0x0,
    0x0, 0x2, 0xff, 0x90, 0x0, 0x0, 0x5f, 0xfd,
    0x0, 0x0, 0x0, 0x0, 0xc, 0xfe, 0x0, 0x0,
    0x0, 0x0, 0x0, 0x6f, 0xf5, 0x0, 0x0, 0x3f,
    0xfe, 0x20, 0x0, 0x0, 0x0, 0x0, 0xcf, 0xe0,
    0x0, 0x0, 0x0, 0x0, 0xc, 0xff, 0x10, 0x0,
    0x1e, 0xff, 0x40, 0x0, 0x0, 0x0, 0x0, 0xc,
    0xfe, 0x0, 0x0, 0x0, 0x0, 0x6, 0xff, 0xa0,
    0x0, 0xc, 0xff, 0x70, 0x0, 0x0, 0x0, 0x0,
    0x0, 0xcf, 0xe0, 0x0, 0x0, 0x0, 0x6, 0xff,
    0xf2, 0x0, 0x9, 0xff, 0x90, 0x0, 0x0, 0x0,
    0x0, 0x0, 0xc, 0xfe, 0x66, 0x66, 0x67, 0x9d,
    0xff, 0xf5, 0x0, 0x4, 0xff, 0xf6, 0x66, 0x66,
    0x66, 0x66, 0x66, 0x63, 0xcf, 0xff, 0xff, 0xff,
    0xff, 0xff, 0xe5, 0x0, 0x0, 0x6f, 0xff, 0xff,
    0xff, 0xff, 0xff, 0xff, 0xff, 0x7c, 0xff, 0xff,
    0xff, 0xfe, 0xda, 0x60, 0x0, 0x0, 0x6, 0xff,
    0xff, 0xff, 0xff, 0xff, 0xff, 0xff, 0xf7,

    /* U+01C5 "ǅ" */
    0xcf, 0xff, 0xff, 0xff, 0xfe, 0xc7, 0x10, 0x0,
    0x0, 0x0, 0xa, 0xfe, 0x10, 0xaf, 0xe2, 0x0,
    0xcf, 0xff, 0xff, 0xff, 0xff, 0xff, 0xf6, 0x0,
    0x0, 0x0, 0x0, 0xbf, 0xc7, 0xff, 0x30, 0x0,
    0xcf, 0xe6, 0x66, 0x66, 0x79, 0xdf, 0xff, 0x60,
    0x0, 0x0, 0x0, 0xc, 0xff, 0xf4, 0x0, 0x0,
    0xcf, 0xe0, 0x0, 0x0, 0x0, 0x6, 0xff, 0xf2,
    0x0, 0x0, 0x0, 0x1, 0x55, 0x30, 0x0, 0x0,
    0xcf, 0xe0, 0x0, 0x0, 0x0, 0x0, 0x5f, 0xfb,
    0x0, 0x0, 0x0, 0x0, 0x0, 0x0, 0x0, 0x0,
    0xcf, 0xe0, 0x0, 0x0, 0x0, 0x0, 0xb, 0xff,
    0x20, 0xa, 0xff, 0xff, 0xff, 0xff, 0xff, 0xf3,
    0xcf, 0xe0, 0x0, 0x0, 0x0, 0x0, 0x5, 0xff,
    0x60, 0xa, 0xff, 0xff, 0xff, 0xff, 0xff, 0xf2,
    0xcf, 0xe0, 0x0, 0x0, 0x0, 0x0, 0x1, 0xff,
    0x90, 0x0, 0x0, 0x0, 0x0, 0x6, 0xff, 0x70,
    0xcf, 0xe0, 0x0, 0x0, 0x0, 0x0, 0x0, 0xff,
    0xb0, 0x0, 0x0, 0x0, 0x0, 0x4f, 0xfa, 0x0,
    0xcf, 0xe0, 0x0, 0x0, 0x0, 0x0, 0x0, 0xff,
    0xc0, 0x0, 0x0, 0x0, 0x2, 0xef, 0xc0, 0x0,
    0xcf, 0xe0, 0x0, 0x0, 0x0, 0x0, 0x0, 0xff,
    0xc0, 0x0, 0x0, 0x0, 0x1d, 0xfe, 0x10, 0x0,
    0xcf, 0xe0, 0x0, 0x0, 0x0, 0x0, 0x0, 0xff,
    0xb0, 0x0, 0x0, 0x0, 0xbf, 0xf3, 0x0, 0x0,
    0xcf, 0xe0, 0x0, 0x0, 0x0, 0x0, 0x2, 0xff,
    0x90, 0x0, 0x0, 0x9, 0xff, 0x60, 0x0, 0x0,
    0xcf, 0xe0, 0x0, 0x0, 0x0, 0x0, 0x6, 0xff,
    0x50, 0x0, 0x0, 0x6f, 0xf9, 0x0, 0x0, 0x0,
    0xcf, 0xe0, 0x0, 0x0, 0x0, 0x0, 0xc, 0xff,
    0x10, 0x0, 0x4, 0xff, 0xb0, 0x0, 0x0, 0x0,
    0xcf, 0xe0, 0x0, 0x0, 0x0, 0x0, 0x6f, 0xfa,
    0x0, 0x0, 0x2f, 0xfd, 0x10, 0x0, 0x0, 0x0,
    0xcf, 0xe0, 0x0, 0x0, 0x0, 0x6, 0xff, 0xf2,
    0x0, 0x1, 0xdf, 0xf2, 0x0, 0x0, 0x0, 0x0,
    0xcf, 0xe6, 0x66, 0x66, 0x79, 0xdf, 0xff, 0x50,
    0x0, 0xc, 0xff, 0x61, 0x11, 0x11, 0x11, 0x11,
    0xcf, 0xff, 0xff, 0xff, 0xff, 0xff, 0xe5, 0x0,
    0x0, 0x3f, 0xff, 0xff, 0xff, 0xff, 0xff, 0xfa,
    0xcf, 0xff, 0xff, 0xff, 0xed, 0xa6, 0x0, 0x0,
    0x0, 0x3f, 0xff, 0xff, 0xff, 0xff, 0xff, 0xfa,

    /* U+01C6 "ǆ" */
    0x0, 0x0, 0x0, 0x0, 0x0, 0xdf, 0x90, 0x0,
    0x4, 0xff, 0x70, 0x4f, 0xf7, 0x0, 0x0, 0x0,
    0x0, 0x0, 0x0, 0xdf, 0x90, 0x0, 0x0, 0x5f,
    0xf6, 0xff, 0x90, 0x0, 0x0, 0x0, 0x0, 0x0,
    0x0, 0xdf, 0x90, 0x0, 0x0, 0x6, 0xff, 0xfb,
    0x0, 0x0, 0x0, 0x0, 0x0, 0x0, 0x0, 0xdf,
    0x90, 0x0, 0x0, 0x0, 0x45, 0x50, 0x0, 0x0,
    0x0, 0x0, 0x0, 0x0, 0x0, 0xdf, 0x90, 0x0,
    0x0, 0x0, 0x0, 0x0, 0x0, 0x0, 0x0, 0x6,
    0xce, 0xfc, 0x60, 0xdf, 0x90, 0x5, 0xff, 0xff,
    0xff, 0xff, 0xff, 0xf8, 0x0, 0xbf, 0xff, 0xff,
    0xfa, 0xdf, 0x90, 0x5, 0xff, 0xff, 0xff, 0xff,
    0xff, 0xf8, 0xa, 0xff, 0x92, 0x3, 0xbf, 0xff,
    0x90, 0x0, 0x0, 0x0, 0x0, 0x1, 0xef, 0xe2,
    0x3f, 0xf9, 0x0, 0x0, 0xb, 0xff, 0x90, 0x0,
    0x0, 0x0, 0x0, 0xd, 0xff, 0x40, 0x9f, 0xf1,
    0x0, 0x0, 0x3, 0xff, 0x90, 0x0, 0x0, 0x0,
    0x0, 0xbf, 0xf6, 0x0, 0xcf, 0xc0, 0x0, 0x0,
    0x0, 0xef, 0x90, 0x0, 0x0, 0x0, 0x9, 0xff,
    0x80, 0x0, 0xef, 0xa0, 0x0, 0x0, 0x0, 0xbf,
    0x90, 0x0, 0x0, 0x0, 0x6f, 0xfb, 0x0, 0x0,
    0xff, 0x80, 0x0, 0x0, 0x0, 0xaf, 0x90, 0x0,
    0x0, 0x4, 0xff, 0xd0, 0x0, 0x0, 0xef, 0x90,
    0x0, 0x0, 0x0, 0xaf, 0x90, 0x0, 0x0, 0x2f,
    0xfe, 0x10, 0x0, 0x0, 0xcf, 0xc0, 0x0, 0x0,
    0x0, 0xdf, 0x90, 0x0, 0x1, 0xef, 0xf3, 0x0,
    0x0, 0x0, 0x8f, 0xf1, 0x0, 0x0, 0x1, 0xff,
    0x90, 0x0, 0xc, 0xff, 0x50, 0x0, 0x0, 0x0,
    0x2f, 0xfa, 0x0, 0x0, 0xa, 0xff, 0x90, 0x0,
    0xaf, 0xf8, 0x0, 0x0, 0x0, 0x0, 0x7, 0xff,
    0xb3, 0x13, 0xbf, 0xff, 0x90, 0x8, 0xff, 0xb1,
    0x11, 0x11, 0x11, 0x11, 0x0, 0x9f, 0xff, 0xff,
    0xfb, 0xbf, 0x90, 0xd, 0xff, 0xff, 0xff, 0xff,
    0xff, 0xff, 0x0, 0x4, 0xbe, 0xfd, 0x70, 0xbf,
    0x90, 0xd, 0xff, 0xff, 0xff, 0xff, 0xff, 0xff,

    /* U+01C7 "Ǉ" */
    0xef, 0xc0, 0x0, 0x0, 0x0, 0x0, 0x0, 0x0,
    0x0, 0x0, 0x1, 0xff, 0x9e, 0xfc, 0x0, 0x0,
    0x0, 0x0, 0x0, 0x0, 0x0, 0x0, 0x0, 0x1f,
    0xf9, 0xef, 0xc0, 0x0, 0x0, 0x0, 0x0, 0x0,
    0x0, 0x0, 0x0, 0x1, 0xff, 0x9e, 0xfc, 0x0,
    0x0, 0x0, 0x0, 0x0, 0x0, 0x0, 0x0, 0x0,
    0x1f, 0xf9, 0xef, 0xc0, 0x0, 0x0, 0x0, 0x0,
    0x0, 0x0, 0x0, 0x0, 0x1, 0xff, 0x9e, 0xfc,
    0x0, 0x0, 0x0, 0x0, 0x0, 0x0, 0x0, 0x0,
    0x0, 0x1f, 0xf9, 0xef, 0xc0, 0x0, 0x0, 0x0,
    0x0, 0x0, 0x0, 0x0, 0x0, 0x1, 0xff, 0x9e,
    0xfc, 0x0, 0x0, 0x0, 0x0, 0x0, 0x0, 0x0,
    0x0, 0x0, 0x1f, 0xf9, 0xef, 0xc0, 0x0, 0x0,
    0x0, 0x0, 0x0, 0x0, 0x0, 0x0, 0x1, 0xff,
    0x9e, 0xfc, 0x0, 0x0, 0x0, 0x0, 0x0, 0x0,
    0x0, 0x0, 0x0, 0x1f, 0xf9, 0xef, 0xc0, 0x0,
    0x0, 0x0, 0x0, 0x0, 0x0, 0x0, 0x0, 0x1,
    0xff, 0x9e, 0xfc, 0x0, 0x0, 0x0, 0x0, 0x0,
    0x0, 0x0, 0x0, 0x0, 0x1f, 0xf9, 0xef, 0xc0,
    0x0, 0x0, 0x0, 0x0, 0x0, 0x0, 0x0, 0x0,
    0x1, 0xff, 0x9e, 0xfc, 0x0, 0x0, 0x0, 0x0,
    0x0, 0x0, 0x0, 0x0, 0x0, 0x1f, 0xf9, 0xef,
    0xc0, 0x0, 0x0, 0x0, 0x0, 0x4, 0xdf, 0x0,
    0x0, 0x1, 0xff, 0x8e, 0xfc, 0x0, 0x0, 0x0,
    0x0, 0x0, 0x5f, 0xf3, 0x0, 0x0, 0x4f, 0xf6,
    0xef, 0xc0, 0x0, 0x0, 0x0, 0x0, 0x2, 0xff,
    0xa0, 0x0, 0xb, 0xff, 0x2e, 0xfd, 0x66, 0x66,
    0x66, 0x66, 0x64, 0xc, 0xff, 0xc8, 0x7c, 0xff,
    0xc0, 0xef, 0xff, 0xff, 0xff, 0xff, 0xff, 0xa0,
    0x2e, 0xff, 0xff, 0xff, 0xe2, 0xe, 0xff, 0xff,
    0xff, 0xff, 0xff, 0xfa, 0x0, 0x19, 0xdf, 0xfd,
    0x81, 0x0,

    /* U+01C8 "ǈ" */
    0xef, 0xc0, 0x0, 0x0, 0x0, 0x0, 0x0, 0x9,
    0xfd, 0xef, 0xc0, 0x0, 0x0, 0x0, 0x0, 0x0,
    0x9, 0xfd, 0xef, 0xc0, 0x0, 0x0, 0x0, 0x0,
    0x0, 0x7, 0xdb, 0xef, 0xc0, 0x0, 0x0, 0x0,
    0x0, 0x0, 0x0, 0x0, 0xef, 0xc0, 0x0, 0x0,
    0x0, 0x0, 0x0, 0x0, 0x0, 0xef, 0xc0, 0x0,
    0x0, 0x0, 0x0, 0x0, 0x9, 0xfd, 0xef, 0xc0,
    0x0, 0x0, 0x0, 0x0, 0x0, 0x9, 0xfd, 0xef,
    0xc0, 0x0, 0x0, 0x0, 0x0, 0x0, 0x9, 0xfd,
    0xef, 0xc0, 0x0, 0x0, 0x0, 0x0, 0x0, 0x9,
    0xfd, 0xef, 0xc0, 0x0, 0x0, 0x0, 0x0, 0x0,
    0x9, 0xfd, 0xef, 0xc0, 0x0, 0x0, 0x0, 0x0,
    0x0, 0x9, 0xfd, 0xef, 0xc0, 0x0, 0x0, 0x0,
    0x0, 0x0, 0x9, 0xfd, 0xef, 0xc0, 0x0, 0x0,
    0x0, 0x0, 0x0, 0x9, 0xfd, 0xef, 0xc0, 0x0,
    0x0, 0x0, 0x0, 0x0, 0x9, 0xfd, 0xef, 0xc0,
    0x0, 0x0, 0x0, 0x0, 0x0, 0x9, 0xfd, 0xef,
    0xc0, 0x0, 0x0, 0x0, 0x0, 0x0, 0x9, 0xfd,
    0xef, 0xc0, 0x0, 0x0, 0x0, 0x0, 0x0, 0x9,
    0xfd, 0xef, 0xd6, 0x66, 0x66, 0x66, 0x66, 0x40,
    0x9, 0xfd, 0xef, 0xff, 0xff, 0xff, 0xff, 0xff,
    0xa0, 0x9, 0xfd, 0xef, 0xff, 0xff, 0xff, 0xff,
    0xff, 0xa0, 0x9, 0xfd, 0x0, 0x0, 0x0, 0x0,
    0x0, 0x0, 0x0, 0x9, 0xfd, 0x0, 0x0, 0x0,
    0x0, 0x0, 0x0, 0x0, 0x9, 0xfd, 0x0, 0x0,
    0x0, 0x0, 0x0, 0x0, 0x0, 0xb, 0xfc, 0x0,
    0x0, 0x0, 0x0, 0x0, 0x0, 0x13, 0x5f, 0xf9,
    0x0, 0x0, 0x0, 0x0, 0x0, 0x0, 0x7f, 0xff,
    0xf3, 0x0, 0x0, 0x0, 0x0, 0x0, 0x0, 0x8e,
    0xfc, 0x40,

    /* U+01C9 "ǉ" */
    0x2f, 0xf5, 0x0, 0xf, 0xf8, 0x2f, 0xf5, 0x0,
    0xf, 0xf8, 0x2f, 0xf5, 0x0, 0xc, 0xd6, 0x2f,
    0xf5, 0x0, 0x0, 0x0, 0x2f, 0xf5, 0x0, 0x0,
    0x0, 0x2f, 0xf5, 0x0, 0xf, 0xf8, 0x2f, 0xf5,
    0x0, 0xf, 0xf8, 0x2f, 0xf5, 0x0, 0xf, 0xf8,
    0x2f, 0xf5, 0x0, 0xf, 0xf8, 0x2f, 0xf5, 0x0,
    0xf, 0xf8, 0x2f, 0xf5, 0x0, 0xf, 0xf8, 0x2f,
    0xf5, 0x0, 0xf, 0xf8, 0x2f, 0xf5, 0x0, 0xf,
    0xf8, 0x2f, 0xf5, 0x0, 0xf, 0xf8, 0x2f, 0xf5,
    0x0, 0xf, 0xf8, 0x2f, 0xf5, 0x0, 0xf, 0xf8,
    0x2f, 0xf5, 0x0, 0xf, 0xf8, 0x2f, 0xf5, 0x0,
    0xf, 0xf8, 0x2f, 0xf5, 0x0, 0xf, 0xf8, 0x2f,
    0xf5, 0x0, 0xf, 0xf8, 0x0, 0x0, 0x0, 0xf,
    0xf8, 0x0, 0x0, 0x0, 0xf, 0xf7, 0x0, 0x0,
    0x0, 0x1f, 0xf6, 0x0, 0x0, 0x33, 0x9f, 0xf3,
    0x0, 0x0, 0xcf, 0xff, 0xc0, 0x0, 0x0, 0xcf,
    0xea, 0x10,

    /* U+01CA "Ǌ" */
    0xcf, 0xf4, 0x0, 0x0, 0x0, 0x0, 0x8, 0xff,
    0x0, 0x0, 0x0, 0x0, 0x0, 0xb, 0xff, 0xcf,
    0xfe, 0x0, 0x0, 0x0, 0x0, 0x8, 0xff, 0x0,
    0x0, 0x0, 0x0, 0x0, 0xb, 0xff, 0xcf, 0xff,
    0x90, 0x0, 0x0, 0x0, 0x8, 0xff, 0x0, 0x0,
    0x0, 0x0, 0x0, 0xb, 0xff, 0xcf, 0xff, 0xf4,
    0x0, 0x0, 0x0, 0x8, 0xff, 0x0, 0x0, 0x0,
    0x0, 0x0, 0xb, 0xff, 0xcf, 0xde, 0xfe, 0x10,
    0x0, 0x0, 0x8, 0xff, 0x0, 0x0, 0x0, 0x0,
    0x0, 0xb, 0xff, 0xcf, 0xb5, 0xff, 0xa0, 0x0,
    0x0, 0x8, 0xff, 0x0, 0x0, 0x0, 0x0, 0x0,
    0xb, 0xff, 0xcf, 0xb0, 0xbf, 0xf5, 0x0, 0x0,
    0x8, 0xff, 0x0, 0x0, 0x0, 0x0, 0x0, 0xb,
    0xff, 0xcf, 0xb0, 0x1e, 0xfe, 0x10, 0x0, 0x8,
    0xff, 0x0, 0x0, 0x0, 0x0, 0x0, 0xb, 0xff,
    0xcf, 0xb0, 0x5, 0xff, 0xb0, 0x0, 0x8, 0xff,
    0x0, 0x0, 0x0, 0x0, 0x0, 0xb, 0xff, 0xcf,
    0xb0, 0x0, 0xbf, 0xf6, 0x0, 0x8, 0xff, 0x0,
    0x0, 0x0, 0x0, 0x0, 0xb, 0xff, 0xcf, 0xb0,
    0x0, 0x1e, 0xff, 0x10, 0x8, 0xff, 0x0, 0x0,
    0x0, 0x0, 0x0, 0xb, 0xff, 0xcf, 0xb0, 0x0,
    0x6, 0xff, 0xb0, 0x8, 0xff, 0x0, 0x0, 0x0,
    0x0, 0x0, 0xb, 0xff, 0xcf, 0xb0, 0x0, 0x0,
    0xbf, 0xf6, 0x8, 0xff, 0x0, 0x0, 0x0, 0x0,
    0x0, 0xb, 0xff, 0xcf, 0xb0, 0x0, 0x0, 0x1f,
    0xff, 0x28, 0xff, 0x0, 0x1, 0x31, 0x0, 0x0,
    0xb, 0xfe, 0xcf, 0xb0, 0x0, 0x0, 0x6, 0xff,
    0xc8, 0xff, 0x0, 0xf, 0xf6, 0x0, 0x0, 0xc,
    0xfd, 0xcf, 0xb0, 0x0, 0x0, 0x0, 0xbf, 0xfe,
    0xff, 0x0, 0xf, 0xf9, 0x0, 0x0, 0xe, 0xfc,
    0xcf, 0xb0, 0x0, 0x0, 0x0, 0x1f, 0xff, 0xff,
    0x0, 0xb, 0xff, 0x20, 0x0, 0x5f, 0xf8, 0xcf,
    0xb0, 0x0, 0x0, 0x0, 0x6, 0xff, 0xff, 0x0,
    0x5, 0xff, 0xe9, 0x7a, 0xff, 0xf2, 0xcf, 0xb0,
    0x0, 0x0, 0x0, 0x0, 0xbf, 0xff, 0x0, 0x0,
    0xaf, 0xff, 0xff, 0xff, 0x60, 0xcf, 0xb0, 0x0,
    0x0, 0x0, 0x0, 0x1f, 0xff, 0x0, 0x0, 0x6,
    0xcf, 0xfe, 0xa3, 0x0,

    /* U+01CB "ǋ" */
    0xcf, 0xf4, 0x0, 0x0, 0x0, 0x0, 0x8, 0xff,
    0x0, 0x0, 0xff, 0x8c, 0xff, 0xe0, 0x0, 0x0,
    0x0, 0x0, 0x8f, 0xf0, 0x0, 0xf, 0xf8, 0xcf,
    0xff, 0x90, 0x0, 0x0, 0x0, 0x8, 0xff, 0x0,
    0x0, 0xcd, 0x6c, 0xff, 0xff, 0x40, 0x0, 0x0,
    0x0, 0x8f, 0xf0, 0x0, 0x0, 0x0, 0xcf, 0xcd,
    0xfe, 0x0, 0x0, 0x0, 0x8, 0xff, 0x0, 0x0,
    0x0, 0xc, 0xfb, 0x4f, 0xf9, 0x0, 0x0, 0x0,
    0x8f, 0xf0, 0x0, 0xf, 0xf8, 0xcf, 0xb0, 0x9f,
    0xf4, 0x0, 0x0, 0x8, 0xff, 0x0, 0x0, 0xff,
    0x8c, 0xfb, 0x0, 0xef, 0xe1, 0x0, 0x0, 0x8f,
    0xf0, 0x0, 0xf, 0xf8, 0xcf, 0xb0, 0x4, 0xff,
    0xa0, 0x0, 0x8, 0xff, 0x0, 0x0, 0xff, 0x8c,
    0xfb, 0x0, 0xa, 0xff, 0x50, 0x0, 0x8f, 0xf0,
    0x0, 0xf, 0xf8, 0xcf, 0xb0, 0x0, 0x1e, 0xfe,
    0x10, 0x8, 0xff, 0x0, 0x0, 0xff, 0x8c, 0xfb,
    0x0, 0x0, 0x5f, 0xfa, 0x0, 0x8f, 0xf0, 0x0,
    0xf, 0xf8, 0xcf, 0xb0, 0x0, 0x0, 0xaf, 0xf5,
    0x8, 0xff, 0x0, 0x0, 0xff, 0x8c, 0xfb, 0x0,
    0x0, 0x1, 0xef, 0xe1, 0x8f, 0xf0, 0x0, 0xf,
    0xf8, 0xcf, 0xb0, 0x0, 0x0, 0x5, 0xff, 0xa8,
    0xff, 0x0, 0x0, 0xff, 0x8c, 0xfb, 0x0, 0x0,
    0x0, 0xb, 0xff, 0xdf, 0xf0, 0x0, 0xf, 0xf8,
    0xcf, 0xb0, 0x0, 0x0, 0x0, 0x1e, 0xff, 0xff,
    0x0, 0x0, 0xff, 0x8c, 0xfb, 0x0, 0x0, 0x0,
    0x0, 0x6f, 0xff, 0xf0, 0x0, 0xf, 0xf8, 0xcf,
    0xb0, 0x0, 0x0, 0x0, 0x0, 0xbf, 0xff, 0x0,
    0x0, 0xff, 0x8c, 0xfb, 0x0, 0x0, 0x0, 0x0,
    0x1, 0xff, 0xf0, 0x0, 0xf, 0xf8, 0x0, 0x0,
    0x0, 0x0, 0x0, 0x0, 0x0, 0x0, 0x0, 0x0,
    0xff, 0x80, 0x0, 0x0, 0x0, 0x0, 0x0, 0x0,
    0x0, 0x0, 0x0, 0xf, 0xf7, 0x0, 0x0, 0x0,
    0x0, 0x0, 0x0, 0x0, 0x0, 0x0, 0x1, 0xff,
    0x60, 0x0, 0x0, 0x0, 0x0, 0x0, 0x0, 0x0,
    0x0, 0x33, 0x9f, 0xf3, 0x0, 0x0, 0x0, 0x0,
    0x0, 0x0, 0x0, 0x0, 0xc, 0xff, 0xfc, 0x0,
    0x0, 0x0, 0x0, 0x0, 0x0, 0x0, 0x0, 0x0,
    0xcf, 0xea, 0x10,

    /* U+01CC "ǌ" */
    0x0, 0x0, 0x0, 0x0, 0x0, 0x0, 0x0, 0x0,
    0x9f, 0xd0, 0x0, 0x0, 0x0, 0x0, 0x0, 0x0,
    0x0, 0x9, 0xfd, 0x0, 0x0, 0x0, 0x0, 0x0,
    0x0, 0x0, 0x0, 0x7d, 0xb0, 0x0, 0x0, 0x0,
    0x0, 0x0, 0x0, 0x0, 0x0, 0x0, 0x0, 0x0,
    0x0, 0x0, 0x0, 0x0, 0x0, 0x0, 0x0, 0x1,
    0xff, 0x11, 0x8d, 0xfe, 0xb5, 0x0, 0x0, 0x9,
    0xfd, 0x1f, 0xf4, 0xef, 0xff, 0xff, 0xf9, 0x0,
    0x0, 0x9f, 0xd1, 0xff, 0xef, 0x83, 0x36, 0xef,
    0xf3, 0x0, 0x9, 0xfd, 0x1f, 0xff, 0x40, 0x0,
    0x3, 0xff, 0x80, 0x0, 0x9f, 0xd1, 0xff, 0xb0,
    0x0, 0x0, 0xe, 0xfa, 0x0, 0x9, 0xfd, 0x1f,
    0xf7, 0x0, 0x0, 0x0, 0xcf, 0xb0, 0x0, 0x9f,
    0xd1, 0xff, 0x60, 0x0, 0x0, 0xc, 0xfb, 0x0,
    0x9, 0xfd, 0x1f, 0xf5, 0x0, 0x0, 0x0, 0xcf,
    0xb0, 0x0, 0x9f, 0xd1, 0xff, 0x50, 0x0, 0x0,
    0xc, 0xfb, 0x0, 0x9, 0xfd, 0x1f, 0xf5, 0x0,
    0x0, 0x0, 0xcf, 0xb0, 0x0, 0x9f, 0xd1, 0xff,
    0x50, 0x0, 0x0, 0xc, 0xfb, 0x0, 0x9, 0xfd,
    0x1f, 0xf5, 0x0, 0x0, 0x0, 0xcf, 0xb0, 0x0,
    0x9f, 0xd1, 0xff, 0x50, 0x0, 0x0, 0xc, 0xfb,
    0x0, 0x9, 0xfd, 0x1f, 0xf5, 0x0, 0x0, 0x0,
    0xcf, 0xb0, 0x0, 0x9f, 0xd1, 0xff, 0x50, 0x0,
    0x0, 0xc, 0xfb, 0x0, 0x9, 0xfd, 0x0, 0x0,
    0x0, 0x0, 0x0, 0x0, 0x0, 0x0, 0x9f, 0xd0,
    0x0, 0x0, 0x0, 0x0, 0x0, 0x0, 0x0, 0x9,
    0xfd, 0x0, 0x0, 0x0, 0x0, 0x0, 0x0, 0x0,
    0x0, 0xbf, 0xc0, 0x0, 0x0, 0x0, 0x0, 0x0,
    0x0, 0x13, 0x5f, 0xf9, 0x0, 0x0, 0x0, 0x0,
    0x0, 0x0, 0x7, 0xff, 0xff, 0x30, 0x0, 0x0,
    0x0, 0x0, 0x0, 0x0, 0x8e, 0xfc, 0x40,

    /* U+01CD "Ǎ" */
    0x0, 0x0, 0x2, 0xff, 0x30, 0x1d, 0xf6, 0x0,
    0x0, 0x0, 0x0, 0x0, 0x6, 0xfe, 0x2c, 0xfa,
    0x0, 0x0, 0x0, 0x0, 0x0, 0x0, 0xa, 0xff,
    0xfd, 0x0, 0x0, 0x0, 0x0, 0x0, 0x0, 0x0,
    0x7, 0x88, 0x20, 0x0, 0x0, 0x0, 0x0, 0x0,
    0x0, 0x0, 0x0, 0x0, 0x0, 0x0, 0x0, 0x0,
    0x0, 0x0, 0x0, 0x7f, 0xff, 0xb0, 0x0, 0x0,
    0x0, 0x0, 0x0, 0x0, 0xc, 0xff, 0xff, 0x10,
    0x0, 0x0, 0x0, 0x0, 0x0, 0x2, 0xff, 0xff,
    0xf7, 0x0, 0x0, 0x0, 0x0, 0x0, 0x0, 0x8f,
    0xfa, 0xff, 0xd0, 0x0, 0x0, 0x0, 0x0, 0x0,
    0xe, 0xff, 0x1d, 0xff, 0x20, 0x0, 0x0, 0x0,
    0x0, 0x3, 0xff, 0xc0, 0x8f, 0xf8, 0x0, 0x0,
    0x0, 0x0, 0x0, 0x9f, 0xf7, 0x3, 0xff, 0xe0,
    0x0, 0x0, 0x0, 0x0, 0xe, 0xff, 0x10, 0xd,
    0xff, 0x40, 0x0, 0x0, 0x0, 0x5, 0xff, 0xc0,
    0x0, 0x8f, 0xf9, 0x0, 0x0, 0x0, 0x0, 0xaf,
    0xf7, 0x0, 0x2, 0xff, 0xf0, 0x0, 0x0, 0x0,
    0xf, 0xff, 0x20, 0x0, 0xd, 0xff, 0x50, 0x0,
    0x0, 0x6, 0xff, 0xc0, 0x0, 0x0, 0x8f, 0xfa,
    0x0, 0x0, 0x0, 0xcf, 0xfe, 0xbb, 0xbb, 0xbc,
    0xff, 0xf1, 0x0, 0x0, 0x1f, 0xff, 0xff, 0xff,
    0xff, 0xff, 0xff, 0x60, 0x0, 0x7, 0xff, 0xff,
    0xff, 0xff, 0xff, 0xff, 0xfc, 0x0, 0x0, 0xdf,
    0xf6, 0x0, 0x0, 0x0, 0x2, 0xff, 0xf1, 0x0,
    0x2f, 0xff, 0x10, 0x0, 0x0, 0x0, 0xc, 0xff,
    0x70, 0x8, 0xff, 0xa0, 0x0, 0x0, 0x0, 0x0,
    0x6f, 0xfd, 0x0, 0xef, 0xf5, 0x0, 0x0, 0x0,
    0x0, 0x1, 0xff, 0xf3, 0x4f, 0xfe, 0x0, 0x0,
    0x0, 0x0, 0x0, 0xa, 0xff, 0x80,

    /* U+01CE "ǎ" */
    0x0, 0xd, 0xf6, 0x0, 0x8f, 0xc0, 0x0, 0x0,
    0x0, 0x4f, 0xf2, 0x3f, 0xf2, 0x0, 0x0, 0x0,
    0x0, 0xbf, 0xcd, 0xf9, 0x0, 0x0, 0x0, 0x0,
    0x2, 0xff, 0xfe, 0x10, 0x0, 0x0, 0x0, 0x0,
    0x4, 0x55, 0x30, 0x0, 0x0, 0x0, 0x0, 0x0,
    0x0, 0x0, 0x0, 0x0, 0x0, 0x0, 0x6, 0xbe,
    0xff, 0xd9, 0x20, 0x0, 0x0, 0x2d, 0xff, 0xff,
    0xff, 0xff, 0x50, 0x0, 0xd, 0xff, 0xea, 0x89,
    0xcf, 0xff, 0x20, 0x5, 0xff, 0xd1, 0x0, 0x0,
    0x8f, 0xf9, 0x0, 0x12, 0x21, 0x0, 0x0, 0x1,
    0xff, 0xe0, 0x0, 0x0, 0x0, 0x1, 0x47, 0xaf,
    0xff, 0x0, 0x0, 0x5, 0xae, 0xff, 0xff, 0xff,
    0xf0, 0x0, 0x4e, 0xff, 0xff, 0xfe, 0xbf, 0xff,
    0x0, 0x3f, 0xff, 0xd8, 0x51, 0x0, 0xff, 0xf0,
    0xa, 0xff, 0xa0, 0x0, 0x0, 0xf, 0xff, 0x0,
    0xcf, 0xf4, 0x0, 0x0, 0x6, 0xff, 0xf0, 0xc,
    0xff, 0x70, 0x0, 0x3, 0xff, 0xff, 0x0, 0x7f,
    0xff, 0x85, 0x6a, 0xff, 0xff, 0xf8, 0x20, 0xcf,
    0xff, 0xff, 0xff, 0x87, 0xff, 0xf5, 0x0, 0x7c,
    0xff, 0xea, 0x30, 0x9, 0xef, 0x50,

    /* U+01CF "Ǐ" */
    0x28, 0x83, 0x0, 0x68, 0x70, 0xb, 0xfe, 0x4,
    0xff, 0x60, 0x1, 0xef, 0x9e, 0xfa, 0x0, 0x0,
    0x3f, 0xff, 0xe1, 0x0, 0x0, 0x4, 0x88, 0x30,
    0x0, 0x0, 0x0, 0x0, 0x0, 0x0, 0x0, 0x6,
    0xff, 0x30, 0x0, 0x0, 0x6, 0xff, 0x30, 0x0,
    0x0, 0x6, 0xff, 0x30, 0x0, 0x0, 0x6, 0xff,
    0x30, 0x0, 0x0, 0x6, 0xff, 0x30, 0x0, 0x0,
    0x6, 0xff, 0x30, 0x0, 0x0, 0x6, 0xff, 0x30,
    0x0, 0x0, 0x6, 0xff, 0x30, 0x0, 0x0, 0x6,
    0xff, 0x30, 0x0, 0x0, 0x6, 0xff, 0x30, 0x0,
    0x0, 0x6, 0xff, 0x30, 0x0, 0x0, 0x6, 0xff,
    0x30, 0x0, 0x0, 0x6, 0xff, 0x30, 0x0, 0x0,
    0x6, 0xff, 0x30, 0x0, 0x0, 0x6, 0xff, 0x30,
    0x0, 0x0, 0x6, 0xff, 0x30, 0x0, 0x0, 0x6,
    0xff, 0x30, 0x0, 0x0, 0x6, 0xff, 0x30, 0x0,
    0x0, 0x6, 0xff, 0x30, 0x0, 0x0, 0x6, 0xff,
    0x30, 0x0,

    /* U+01D0 "ǐ" */
    0x2e, 0xfa, 0x1, 0xef, 0xb0, 0x2, 0xef, 0x7c,
    0xfc, 0x0, 0x0, 0x3f, 0xff, 0xd1, 0x0, 0x0,
    0x2, 0x44, 0x10, 0x0, 0x0, 0x0, 0x0, 0x0,
    0x0, 0x0, 0x5, 0xff, 0x10, 0x0, 0x0, 0x5,
    0xff, 0x10, 0x0, 0x0, 0x5, 0xff, 0x10, 0x0,
    0x0, 0x5, 0xff, 0x10, 0x0, 0x0, 0x5, 0xff,
    0x10, 0x0, 0x0, 0x5, 0xff, 0x10, 0x0, 0x0,
    0x5, 0xff, 0x10, 0x0, 0x0, 0x5, 0xff, 0x10,
    0x0, 0x0, 0x5, 0xff, 0x10, 0x0, 0x0, 0x5,
    0xff, 0x10, 0x0, 0x0, 0x5, 0xff, 0x10, 0x0,
    0x0, 0x5, 0xff, 0x10, 0x0, 0x0, 0x5, 0xff,
    0x10, 0x0, 0x0, 0x5, 0xff, 0x10, 0x0, 0x0,
    0x5, 0xff, 0x10, 0x0,

    /* U+01D1 "Ǒ" */
    0x0, 0x0, 0x2, 0xff, 0x80, 0x1e, 0xfb, 0x0,
    0x0, 0x0, 0x0, 0x0, 0x0, 0x6f, 0xf3, 0xaf,
    0xe1, 0x0, 0x0, 0x0, 0x0, 0x0, 0x0, 0x9,
    0xfe, 0xff, 0x40, 0x0, 0x0, 0x0, 0x0, 0x0,
    0x0, 0x0, 0xcf, 0xf8, 0x0, 0x0, 0x0, 0x0,
    0x0, 0x0, 0x0, 0x0, 0x0, 0x0, 0x0, 0x0,
    0x0, 0x0, 0x0, 0x0, 0x0, 0x0, 0x0, 0x0,
    0x0, 0x0, 0x0, 0x0, 0x0, 0x0, 0x1, 0x6b,
    0xef, 0xfd, 0xa5, 0x0, 0x0, 0x0, 0x0, 0x0,
    0x7f, 0xff, 0xff, 0xff, 0xff, 0xe5, 0x0, 0x0,
    0x0, 0xa, 0xff, 0xfb, 0x75, 0x57, 0xcf, 0xff,
    0x70, 0x0, 0x0, 0x9f, 0xfc, 0x20, 0x0, 0x0,
    0x4, 0xef, 0xf6, 0x0, 0x4, 0xff, 0xc0, 0x0,
    0x0, 0x0, 0x0, 0x2e, 0xff, 0x20, 0xc, 0xff,
    0x20, 0x0, 0x0, 0x0, 0x0, 0x5, 0xff, 0x90,
    0x2f, 0xfa, 0x0, 0x0, 0x0, 0x0, 0x0, 0x0,
    0xdf, 0xf0, 0x6f, 0xf6, 0x0, 0x0, 0x0, 0x0,
    0x0, 0x0, 0x8f, 0xf3, 0x9f, 0xf3, 0x0, 0x0,
    0x0, 0x0, 0x0, 0x0, 0x5f, 0xf6, 0xaf, 0xf1,
    0x0, 0x0, 0x0, 0x0, 0x0, 0x0, 0x4f, 0xf7,
    0xaf, 0xf1, 0x0, 0x0, 0x0, 0x0, 0x0, 0x0,
    0x4f, 0xf7, 0x9f, 0xf2, 0x0, 0x0, 0x0, 0x0,
    0x0, 0x0, 0x5f, 0xf6, 0x7f, 0xf5, 0x0, 0x0,
    0x0, 0x0, 0x0, 0x0, 0x8f, 0xf3, 0x2f, 0xfa,
    0x0, 0x0, 0x0, 0x0, 0x0, 0x0, 0xdf, 0xf0,
    0xc, 0xff, 0x20, 0x0, 0x0, 0x0, 0x0, 0x5,
    0xff, 0x90, 0x4, 0xff, 0xc0, 0x0, 0x0, 0x0,
    0x0, 0x2e, 0xff, 0x20, 0x0, 0x9f, 0xfc, 0x20,
    0x0, 0x0, 0x4, 0xef, 0xf6, 0x0, 0x0, 0xa,
    0xff, 0xfb, 0x65, 0x57, 0xcf, 0xff, 0x80, 0x0,
    0x0, 0x0, 0x7f, 0xff, 0xff, 0xff, 0xff, 0xe5,
    0x0, 0x0, 0x0, 0x0, 0x1, 0x6b, 0xef, 0xfd,
    0xa6, 0x0, 0x0, 0x0,

    /* U+01D2 "ǒ" */
    0x0, 0x3, 0xff, 0x80, 0x2f, 0xf9, 0x0, 0x0,
    0x0, 0x4, 0xff, 0x4d, 0xfb, 0x0, 0x0, 0x0,
    0x0, 0x5, 0xff, 0xfd, 0x0, 0x0, 0x0, 0x0,
    0x0, 0x5, 0x77, 0x10, 0x0, 0x0, 0x0, 0x0,
    0x0, 0x0, 0x0, 0x0, 0x0, 0x0, 0x0, 0x3,
    0xae, 0xff, 0xc7, 0x0, 0x0, 0x0, 0x9, 0xff,
    0xff, 0xff, 0xfe, 0x30, 0x0, 0x9, 0xff, 0xb3,
    0x11, 0x6e, 0xff, 0x30, 0x3, 0xff, 0xa0, 0x0,
    0x0, 0x2f, 0xfc, 0x0, 0x9f, 0xf1, 0x0, 0x0,
    0x0, 0x7f, 0xf3, 0xd, 0xfb, 0x0, 0x0, 0x0,
    0x2, 0xff, 0x60, 0xff, 0x80, 0x0, 0x0, 0x0,
    0xf, 0xf8, 0xf, 0xf8, 0x0, 0x0, 0x0, 0x0,
    0xff, 0x90, 0xff, 0x80, 0x0, 0x0, 0x0, 0xf,
    0xf8, 0xd, 0xfb, 0x0, 0x0, 0x0, 0x2, 0xff,
    0x60, 0x9f, 0xf1, 0x0, 0x0, 0x0, 0x8f, 0xf2,
    0x3, 0xff, 0xa0, 0x0, 0x0, 0x2f, 0xfc, 0x0,
    0x9, 0xff, 0xb4, 0x11, 0x6e, 0xff, 0x30, 0x0,
    0x9, 0xff, 0xff, 0xff, 0xfe, 0x30, 0x0, 0x0,
    0x3, 0xae, 0xff, 0xc7, 0x0, 0x0,

    /* U+01D3 "Ǔ" */
    0x0, 0x0, 0xdf, 0xd0, 0xb, 0xfe, 0x10, 0x0,
    0x0, 0x0, 0x2f, 0xf7, 0x5f, 0xf4, 0x0, 0x0,
    0x0, 0x0, 0x5, 0xff, 0xef, 0x80, 0x0, 0x0,
    0x0, 0x0, 0x0, 0x8f, 0xfc, 0x0, 0x0, 0x0,
    0x0, 0x0, 0x0, 0x0, 0x0, 0x0, 0x0, 0x0,
    0x0, 0x0, 0x0, 0x0, 0x0, 0x0, 0x0, 0x0,
    0xcf, 0xe0, 0x0, 0x0, 0x0, 0x0, 0xb, 0xff,
    0xcf, 0xe0, 0x0, 0x0, 0x0, 0x0, 0xb, 0xff,
    0xcf, 0xe0, 0x0, 0x0, 0x0, 0x0, 0xb, 0xff,
    0xcf, 0xe0, 0x0, 0x0, 0x0, 0x0, 0xb, 0xff,
    0xcf, 0xe0, 0x0, 0x0, 0x0, 0x0, 0xb, 0xff,
    0xcf, 0xe0, 0x0, 0x0, 0x0, 0x0, 0xb, 0xff,
    0xcf, 0xe0, 0x0, 0x0, 0x0, 0x0, 0xb, 0xff,
    0xcf, 0xe0, 0x0, 0x0, 0x0, 0x0, 0xb, 0xff,
    0xcf, 0xe0, 0x0, 0x0, 0x0, 0x0, 0xb, 0xff,
    0xcf, 0xe0, 0x0, 0x0, 0x0, 0x0, 0xb, 0xff,
    0xcf, 0xe0, 0x0, 0x0, 0x0, 0x0, 0xb, 0xff,
    0xcf, 0xe0, 0x0, 0x0, 0x0, 0x0, 0xb, 0xff,
    0xbf, 0xe0, 0x0, 0x0, 0x0, 0x0, 0xb, 0xfe,
    0xaf, 0xf0, 0x0, 0x0, 0x0, 0x0, 0xd, 0xfd,
    0x8f, 0xf3, 0x0, 0x0, 0x0, 0x0, 0xf, 0xfb,
    0x4f, 0xfa, 0x0, 0x0, 0x0, 0x0, 0x6f, 0xf7,
    0xe, 0xff, 0x70, 0x0, 0x0, 0x5, 0xff, 0xf1,
    0x4, 0xff, 0xfd, 0x87, 0x78, 0xcf, 0xff, 0x60,
    0x0, 0x5e, 0xff, 0xff, 0xff, 0xff, 0xf6, 0x0,
    0x0, 0x1, 0x7b, 0xef, 0xfe, 0xc8, 0x10, 0x0,

    /* U+01D4 "ǔ" */
    0x0, 0x2e, 0xf9, 0x2, 0xff, 0xa0, 0x0, 0x0,
    0x3f, 0xf6, 0xdf, 0xb0, 0x0, 0x0, 0x0, 0x3f,
    0xff, 0xc0, 0x0, 0x0, 0x0, 0x0, 0x24, 0x41,
    0x0, 0x0, 0x0, 0x0, 0x0, 0x0, 0x0, 0x0,
    0x2, 0xff, 0x50, 0x0, 0x0, 0xd, 0xfa, 0x2f,
    0xf5, 0x0, 0x0, 0x0, 0xdf, 0xa2, 0xff, 0x50,
    0x0, 0x0, 0xd, 0xfa, 0x2f, 0xf5, 0x0, 0x0,
    0x0, 0xdf, 0xa2, 0xff, 0x50, 0x0, 0x0, 0xd,
    0xfa, 0x2f, 0xf5, 0x0, 0x0, 0x0, 0xdf, 0xa2,
    0xff, 0x50, 0x0, 0x0, 0xd, 0xfa, 0x2f, 0xf5,
    0x0, 0x0, 0x0, 0xdf, 0xa2, 0xff, 0x50, 0x0,
    0x0, 0xd, 0xfa, 0x2f, 0xf5, 0x0, 0x0, 0x0,
    0xff, 0xa1, 0xff, 0x60, 0x0, 0x0, 0x3f, 0xfa,
    0xe, 0xfc, 0x0, 0x0, 0xb, 0xff, 0xa0, 0x9f,
    0xfb, 0x43, 0x6d, 0xfd, 0xfa, 0x1, 0xdf, 0xff,
    0xff, 0xf7, 0x9f, 0xa0, 0x0, 0x7d, 0xfe, 0xb4,
    0x9, 0xfa,

    /* U+01D5 "Ǖ" */
    0x0, 0x4, 0xff, 0xff, 0xff, 0xff, 0x30, 0x0,
    0x0, 0x4, 0xff, 0xff, 0xff, 0xff, 0x30, 0x0,
    0x0, 0x0, 0x11, 0x11, 0x11, 0x11, 0x0, 0x0,
    0x0, 0x0, 0x0, 0x0, 0x0, 0x0, 0x0, 0x0,
    0x0, 0x0, 0xaf, 0xd0, 0x9, 0xfe, 0x0, 0x0,
    0x0, 0x0, 0xaf, 0xd0, 0x9, 0xfe, 0x0, 0x0,
    0x0, 0x0, 0x9d, 0xb0, 0x8, 0xdc, 0x0, 0x0,
    0x0, 0x0, 0x0, 0x0, 0x0, 0x0, 0x0, 0x0,
    0x0, 0x0, 0x0, 0x0, 0x0, 0x0, 0x0, 0x0,
    0xcf, 0xe0, 0x0, 0x0, 0x0, 0x0, 0xb, 0xff,
    0xcf, 0xe0, 0x0, 0x0, 0x0, 0x0, 0xb, 0xff,
    0xcf, 0xe0, 0x0, 0x0, 0x0, 0x0, 0xb, 0xff,
    0xcf, 0xe0, 0x0, 0x0, 0x0, 0x0, 0xb, 0xff,
    0xcf, 0xe0, 0x0, 0x0, 0x0, 0x0, 0xb, 0xff,
    0xcf, 0xe0, 0x0, 0x0, 0x0, 0x0, 0xb, 0xff,
    0xcf, 0xe0, 0x0, 0x0, 0x0, 0x0, 0xb, 0xff,
    0xcf, 0xe0, 0x0, 0x0, 0x0, 0x0, 0xb, 0xff,
    0xcf, 0xe0, 0x0, 0x0, 0x0, 0x0, 0xb, 0xff,
    0xcf, 0xe0, 0x0, 0x0, 0x0, 0x0, 0xb, 0xff,
    0xcf, 0xe0, 0x0, 0x0, 0x0, 0x0, 0xb, 0xff,
    0xcf, 0xe0, 0x0, 0x0, 0x0, 0x0, 0xb, 0xff,
    0xbf, 0xe0, 0x0, 0x0, 0x0, 0x0, 0xb, 0xfe,
    0xaf, 0xf0, 0x0, 0x0, 0x0, 0x0, 0xd, 0xfd,
    0x8f, 0xf3, 0x0, 0x0, 0x0, 0x0, 0xf, 0xfb,
    0x4f, 0xfa, 0x0, 0x0, 0x0, 0x0, 0x6f, 0xf7,
    0xe, 0xff, 0x70, 0x0, 0x0, 0x5, 0xff, 0xf1,
    0x4, 0xff, 0xfd, 0x87, 0x78, 0xcf, 0xff, 0x60,
    0x0, 0x5e, 0xff, 0xff, 0xff, 0xff, 0xf6, 0x0,
    0x0, 0x1, 0x7b, 0xef, 0xfe, 0xc8, 0x10, 0x0,

    /* U+01D6 "ǖ" */
    0x0, 0x8f, 0xff, 0xff, 0xff, 0xf0, 0x0, 0x8,
    0xff, 0xff, 0xff, 0xff, 0x0, 0x0, 0x0, 0x0,
    0x0, 0x0, 0x0, 0x0, 0x0, 0x0, 0x0, 0x0,
    0x0, 0x0, 0x0, 0xf, 0xf9, 0x0, 0xef, 0xa0,
    0x0, 0x0, 0xff, 0x90, 0xe, 0xfa, 0x0, 0x0,
    0xd, 0xd7, 0x0, 0xcd, 0x80, 0x0, 0x0, 0x0,
    0x0, 0x0, 0x0, 0x0, 0x0, 0x0, 0x0, 0x0,
    0x0, 0x0, 0x2, 0xff, 0x50, 0x0, 0x0, 0xd,
    0xfa, 0x2f, 0xf5, 0x0, 0x0, 0x0, 0xdf, 0xa2,
    0xff, 0x50, 0x0, 0x0, 0xd, 0xfa, 0x2f, 0xf5,
    0x0, 0x0, 0x0, 0xdf, 0xa2, 0xff, 0x50, 0x0,
    0x0, 0xd, 0xfa, 0x2f, 0xf5, 0x0, 0x0, 0x0,
    0xdf, 0xa2, 0xff, 0x50, 0x0, 0x0, 0xd, 0xfa,
    0x2f, 0xf5, 0x0, 0x0, 0x0, 0xdf, 0xa2, 0xff,
    0x50, 0x0, 0x0, 0xd, 0xfa, 0x2f, 0xf5, 0x0,
    0x0, 0x0, 0xff, 0xa1, 0xff, 0x60, 0x0, 0x0,
    0x3f, 0xfa, 0xe, 0xfc, 0x0, 0x0, 0xb, 0xff,
    0xa0, 0x9f, 0xfb, 0x43, 0x6d, 0xfd, 0xfa, 0x1,
    0xdf, 0xff, 0xff, 0xf7, 0x9f, 0xa0, 0x0, 0x7d,
    0xfe, 0xb4, 0x9, 0xfa,

    /* U+01D7 "Ǘ" */
    0x0, 0x0, 0x0, 0x0, 0xbe, 0xe4, 0x0, 0x0,
    0x0, 0x0, 0x0, 0x4, 0xff, 0x80, 0x0, 0x0,
    0x0, 0x0, 0x0, 0xb, 0xfb, 0x0, 0x0, 0x0,
    0x0, 0x0, 0x0, 0x3f, 0xe1, 0x0, 0x0, 0x0,
    0x0, 0x0, 0x0, 0x0, 0x0, 0x0, 0x0, 0x0,
    0x0, 0x0, 0x0, 0x0, 0x0, 0x0, 0x0, 0x0,
    0x0, 0x0, 0xaf, 0xd0, 0x9, 0xfe, 0x0, 0x0,
    0x0, 0x0, 0xaf, 0xd0, 0x9, 0xfe, 0x0, 0x0,
    0x0, 0x0, 0x9d, 0xb0, 0x8, 0xdc, 0x0, 0x0,
    0x0, 0x0, 0x0, 0x0, 0x0, 0x0, 0x0, 0x0,
    0x0, 0x0, 0x0, 0x0, 0x0, 0x0, 0x0, 0x0,
    0xcf, 0xe0, 0x0, 0x0, 0x0, 0x0, 0xb, 0xff,
    0xcf, 0xe0, 0x0, 0x0, 0x0, 0x0, 0xb, 0xff,
    0xcf, 0xe0, 0x0, 0x0, 0x0, 0x0, 0xb, 0xff,
    0xcf, 0xe0, 0x0, 0x0, 0x0, 0x0, 0xb, 0xff,
    0xcf, 0xe0, 0x0, 0x0, 0x0, 0x0, 0xb, 0xff,
    0xcf, 0xe0, 0x0, 0x0, 0x0, 0x0, 0xb, 0xff,
    0xcf, 0xe0, 0x0, 0x0, 0x0, 0x0, 0xb, 0xff,
    0xcf, 0xe0, 0x0, 0x0, 0x0, 0x0, 0xb, 0xff,
    0xcf, 0xe0, 0x0, 0x0, 0x0, 0x0, 0xb, 0xff,
    0xcf, 0xe0, 0x0, 0x0, 0x0, 0x0, 0xb, 0xff,
    0xcf, 0xe0, 0x0, 0x0, 0x0, 0x0, 0xb, 0xff,
    0xcf, 0xe0, 0x0, 0x0, 0x0, 0x0, 0xb, 0xff,
    0xbf, 0xe0, 0x0, 0x0, 0x0, 0x0, 0xb, 0xfe,
    0xaf, 0xf0, 0x0, 0x0, 0x0, 0x0, 0xd, 0xfd,
    0x8f, 0xf3, 0x0, 0x0, 0x0, 0x0, 0xf, 0xfb,
    0x4f, 0xfa, 0x0, 0x0, 0x0, 0x0, 0x6f, 0xf7,
    0xe, 0xff, 0x70, 0x0, 0x0, 0x5, 0xff, 0xf1,
    0x4, 0xff, 0xfd, 0x87, 0x78, 0xcf, 0xff, 0x60,
    0x0, 0x5e, 0xff, 0xff, 0xff, 0xff, 0xf6, 0x0,
    0x0, 0x1, 0x7b, 0xef, 0xfe, 0xc8, 0x10, 0x0,

    /* U+01D8 "ǘ" */
    0x0, 0x0, 0x0, 0x1d, 0xec, 0x10, 0x0, 0x0,
    0x0, 0x8, 0xff, 0x40, 0x0, 0x0, 0x0, 0x1,
    0xff, 0x70, 0x0, 0x0, 0x0, 0x0, 0x7f, 0xa0,
    0x0, 0x0, 0x0, 0x0, 0x0, 0x0, 0x0, 0x0,
    0x0, 0x0, 0x0, 0x0, 0x0, 0x0, 0x0, 0x0,
    0xf, 0xf9, 0x0, 0xef, 0xa0, 0x0, 0x0, 0xff,
    0x90, 0xe, 0xfa, 0x0, 0x0, 0xd, 0xd7, 0x0,
    0xcd, 0x80, 0x0, 0x0, 0x0, 0x0, 0x0, 0x0,
    0x0, 0x0, 0x0, 0x0, 0x0, 0x0, 0x0, 0x2,
    0xff, 0x50, 0x0, 0x0, 0xd, 0xfa, 0x2f, 0xf5,
    0x0, 0x0, 0x0, 0xdf, 0xa2, 0xff, 0x50, 0x0,
    0x0, 0xd, 0xfa, 0x2f, 0xf5, 0x0, 0x0, 0x0,
    0xdf, 0xa2, 0xff, 0x50, 0x0, 0x0, 0xd, 0xfa,
    0x2f, 0xf5, 0x0, 0x0, 0x0, 0xdf, 0xa2, 0xff,
    0x50, 0x0, 0x0, 0xd, 0xfa, 0x2f, 0xf5, 0x0,
    0x0, 0x0, 0xdf, 0xa2, 0xff, 0x50, 0x0, 0x0,
    0xd, 0xfa, 0x2f, 0xf5, 0x0, 0x0, 0x0, 0xff,
    0xa1, 0xff, 0x60, 0x0, 0x0, 0x3f, 0xfa, 0xe,
    0xfc, 0x0, 0x0, 0xb, 0xff, 0xa0, 0x9f, 0xfb,
    0x43, 0x6d, 0xfd, 0xfa, 0x1, 0xdf, 0xff, 0xff,
    0xf7, 0x9f, 0xa0, 0x0, 0x7d, 0xfe, 0xb4, 0x9,
    0xfa,

    /* U+01D9 "Ǚ" */
    0x0, 0x0, 0x78, 0x50, 0x4, 0x88, 0x20, 0x0,
    0x0, 0x0, 0x6f, 0xf3, 0x1e, 0xfb, 0x0, 0x0,
    0x0, 0x0, 0xa, 0xfd, 0xaf, 0xe1, 0x0, 0x0,
    0x0, 0x0, 0x0, 0xdf, 0xff, 0x30, 0x0, 0x0,
    0x0, 0x0, 0x0, 0x28, 0x85, 0x0, 0x0, 0x0,
    0x0, 0x0, 0x0, 0x0, 0x0, 0x0, 0x0, 0x0,
    0x0, 0x0, 0xaf, 0xd0, 0x9, 0xfe, 0x0, 0x0,
    0x0, 0x0, 0xaf, 0xd0, 0x9, 0xfe, 0x0, 0x0,
    0x0, 0x0, 0x9d, 0xb0, 0x8, 0xdc, 0x0, 0x0,
    0x0, 0x0, 0x0, 0x0, 0x0, 0x0, 0x0, 0x0,
    0x0, 0x0, 0x0, 0x0, 0x0, 0x0, 0x0, 0x0,
    0xcf, 0xe0, 0x0, 0x0, 0x0, 0x0, 0xb, 0xff,
    0xcf, 0xe0, 0x0, 0x0, 0x0, 0x0, 0xb, 0xff,
    0xcf, 0xe0, 0x0, 0x0, 0x0, 0x0, 0xb, 0xff,
    0xcf, 0xe0, 0x0, 0x0, 0x0, 0x0, 0xb, 0xff,
    0xcf, 0xe0, 0x0, 0x0, 0x0, 0x0, 0xb, 0xff,
    0xcf, 0xe0, 0x0, 0x0, 0x0, 0x0, 0xb, 0xff,
    0xcf, 0xe0, 0x0, 0x0, 0x0, 0x0, 0xb, 0xff,
    0xcf, 0xe0, 0x0, 0x0, 0x0, 0x0, 0xb, 0xff,
    0xcf, 0xe0, 0x0, 0x0, 0x0, 0x0, 0xb, 0xff,
    0xcf, 0xe0, 0x0, 0x0, 0x0, 0x0, 0xb, 0xff,
    0xcf, 0xe0, 0x0, 0x0, 0x0, 0x0, 0xb, 0xff,
    0xcf, 0xe0, 0x0, 0x0, 0x0, 0x0, 0xb, 0xff,
    0xbf, 0xe0, 0x0, 0x0, 0x0, 0x0, 0xb, 0xfe,
    0xaf, 0xf0, 0x0, 0x0, 0x0, 0x0, 0xd, 0xfd,
    0x8f, 0xf3, 0x0, 0x0, 0x0, 0x0, 0xf, 0xfb,
    0x4f, 0xfa, 0x0, 0x0, 0x0, 0x0, 0x6f, 0xf7,
    0xe, 0xff, 0x70, 0x0, 0x0, 0x5, 0xff, 0xf1,
    0x4, 0xff, 0xfd, 0x87, 0x78, 0xcf, 0xff, 0x60,
    0x0, 0x5e, 0xff, 0xff, 0xff, 0xff, 0xf6, 0x0,
    0x0, 0x1, 0x7b, 0xef, 0xfe, 0xc8, 0x10, 0x0,

    /* U+01DA "ǚ" */
    0x0, 0x38, 0x82, 0x0, 0x78, 0x60, 0x0, 0x0,
    0xcf, 0xd0, 0x8f, 0xf2, 0x0, 0x0, 0x1, 0xdf,
    0xbf, 0xf4, 0x0, 0x0, 0x0, 0x1, 0xef, 0xf7,
    0x0, 0x0, 0x0, 0x0, 0x0, 0x0, 0x0, 0x0,
    0x0, 0x0, 0x0, 0x0, 0x0, 0x0, 0x0, 0x0,
    0xf, 0xf8, 0x0, 0xff, 0x90, 0x0, 0x0, 0xff,
    0x80, 0xf, 0xf9, 0x0, 0x0, 0xd, 0xd6, 0x0,
    0xcd, 0x70, 0x0, 0x0, 0x0, 0x0, 0x0, 0x0,
    0x0, 0x0, 0x0, 0x0, 0x0, 0x0, 0x0, 0x2,
    0xff, 0x50, 0x0, 0x0, 0xd, 0xfa, 0x2f, 0xf5,
    0x0, 0x0, 0x0, 0xdf, 0xa2, 0xff, 0x50, 0x0,
    0x0, 0xd, 0xfa, 0x2f, 0xf5, 0x0, 0x0, 0x0,
    0xdf, 0xa2, 0xff, 0x50, 0x0, 0x0, 0xd, 0xfa,
    0x2f, 0xf5, 0x0, 0x0, 0x0, 0xdf, 0xa2, 0xff,
    0x50, 0x0, 0x0, 0xd, 0xfa, 0x2f, 0xf5, 0x0,
    0x0, 0x0, 0xdf, 0xa2, 0xff, 0x50, 0x0, 0x0,
    0xd, 0xfa, 0x2f, 0xf5, 0x0, 0x0, 0x0, 0xff,
    0xa1, 0xff, 0x60, 0x0, 0x0, 0x3f, 0xfa, 0xe,
    0xfc, 0x0, 0x0, 0xb, 0xff, 0xa0, 0x9f, 0xfb,
    0x43, 0x6d, 0xfd, 0xfa, 0x1, 0xdf, 0xff, 0xff,
    0xf7, 0x9f, 0xa0, 0x0, 0x7d, 0xfe, 0xb4, 0x9,
    0xfa,

    /* U+01DB "Ǜ" */
    0x0, 0x0, 0x1d, 0xed, 0x10, 0x0, 0x0, 0x0,
    0x0, 0x0, 0x4, 0xff, 0x80, 0x0, 0x0, 0x0,
    0x0, 0x0, 0x0, 0x7f, 0xe0, 0x0, 0x0, 0x0,
    0x0, 0x0, 0x0, 0xb, 0xf7, 0x0, 0x0, 0x0,
    0x0, 0x0, 0x0, 0x0, 0x0, 0x0, 0x0, 0x0,
    0x0, 0x0, 0x0, 0x0, 0x0, 0x0, 0x0, 0x0,
    0x0, 0x0, 0xaf, 0xd0, 0x9, 0xfe, 0x0, 0x0,
    0x0, 0x0, 0xaf, 0xd0, 0x9, 0xfe, 0x0, 0x0,
    0x0, 0x0, 0x9d, 0xb0, 0x8, 0xdc, 0x0, 0x0,
    0x0, 0x0, 0x0, 0x0, 0x0, 0x0, 0x0, 0x0,
    0x0, 0x0, 0x0, 0x0, 0x0, 0x0, 0x0, 0x0,
    0xcf, 0xe0, 0x0, 0x0, 0x0, 0x0, 0xb, 0xff,
    0xcf, 0xe0, 0x0, 0x0, 0x0, 0x0, 0xb, 0xff,
    0xcf, 0xe0, 0x0, 0x0, 0x0, 0x0, 0xb, 0xff,
    0xcf, 0xe0, 0x0, 0x0, 0x0, 0x0, 0xb, 0xff,
    0xcf, 0xe0, 0x0, 0x0, 0x0, 0x0, 0xb, 0xff,
    0xcf, 0xe0, 0x0, 0x0, 0x0, 0x0, 0xb, 0xff,
    0xcf, 0xe0, 0x0, 0x0, 0x0, 0x0, 0xb, 0xff,
    0xcf, 0xe0, 0x0, 0x0, 0x0, 0x0, 0xb, 0xff,
    0xcf, 0xe0, 0x0, 0x0, 0x0, 0x0, 0xb, 0xff,
    0xcf, 0xe0, 0x0, 0x0, 0x0, 0x0, 0xb, 0xff,
    0xcf, 0xe0, 0x0, 0x0, 0x0, 0x0, 0xb, 0xff,
    0xcf, 0xe0, 0x0, 0x0, 0x0, 0x0, 0xb, 0xff,
    0xbf, 0xe0, 0x0, 0x0, 0x0, 0x0, 0xb, 0xfe,
    0xaf, 0xf0, 0x0, 0x0, 0x0, 0x0, 0xd, 0xfd,
    0x8f, 0xf3, 0x0, 0x0, 0x0, 0x0, 0xf, 0xfb,
    0x4f, 0xfa, 0x0, 0x0, 0x0, 0x0, 0x6f, 0xf7,
    0xe, 0xff, 0x70, 0x0, 0x0, 0x5, 0xff, 0xf1,
    0x4, 0xff, 0xfd, 0x87, 0x78, 0xcf, 0xff, 0x60,
    0x0, 0x5e, 0xff, 0xff, 0xff, 0xff, 0xf6, 0x0,
    0x0, 0x1, 0x7b, 0xef, 0xfe, 0xc8, 0x10, 0x0,

    /* U+01DC "ǜ" */
    0x0, 0x5, 0xee, 0xa0, 0x0, 0x0, 0x0, 0x0,
    0xa, 0xff, 0x20, 0x0, 0x0, 0x0, 0x0, 0xd,
    0xfa, 0x0, 0x0, 0x0, 0x0, 0x0, 0x2f, 0xf1,
    0x0, 0x0, 0x0, 0x0, 0x0, 0x0, 0x0, 0x0,
    0x0, 0x0, 0x0, 0x0, 0x0, 0x0, 0x0, 0x0,
    0xf, 0xf8, 0x0, 0xff, 0x90, 0x0, 0x0, 0xff,
    0x80, 0xf, 0xf9, 0x0, 0x0, 0xd, 0xd6, 0x0,
    0xcd, 0x70, 0x0, 0x0, 0x0, 0x0, 0x0, 0x0,
    0x0, 0x0, 0x0, 0x0, 0x0, 0x0, 0x0, 0x2,
    0xff, 0x50, 0x0, 0x0, 0xd, 0xfa, 0x2f, 0xf5,
    0x0, 0x0, 0x0, 0xdf, 0xa2, 0xff, 0x50, 0x0,
    0x0, 0xd, 0xfa, 0x2f, 0xf5, 0x0, 0x0, 0x0,
    0xdf, 0xa2, 0xff, 0x50, 0x0, 0x0, 0xd, 0xfa,
    0x2f, 0xf5, 0x0, 0x0, 0x0, 0xdf, 0xa2, 0xff,
    0x50, 0x0, 0x0, 0xd, 0xfa, 0x2f, 0xf5, 0x0,
    0x0, 0x0, 0xdf, 0xa2, 0xff, 0x50, 0x0, 0x0,
    0xd, 0xfa, 0x2f, 0xf5, 0x0, 0x0, 0x0, 0xff,
    0xa1, 0xff, 0x60, 0x0, 0x0, 0x3f, 0xfa, 0xe,
    0xfc, 0x0, 0x0, 0xb, 0xff, 0xa0, 0x9f, 0xfb,
    0x43, 0x6d, 0xfd, 0xfa, 0x1, 0xdf, 0xff, 0xff,
    0xf7, 0x9f, 0xa0, 0x0, 0x7d, 0xfe, 0xb4, 0x9,
    0xfa,

    /* U+01DD "ǝ" */
    0x0, 0x5, 0xbe, 0xfe, 0xc7, 0x0, 0x0, 0x1,
    0xcf, 0xff, 0xff, 0xff, 0xe2, 0x0, 0xc, 0xff,
    0xa3, 0x12, 0x8f, 0xfe, 0x10, 0x6f, 0xf8, 0x0,
    0x0, 0x4, 0xff, 0xa0, 0x8d, 0xd0, 0x0, 0x0,
    0x0, 0xaf, 0xf1, 0x0, 0x0, 0x0, 0x0, 0x0,
    0x4f, 0xf4, 0x11, 0x11, 0x11, 0x11, 0x11, 0x3f,
    0xf6, 0xef, 0xff, 0xff, 0xff, 0xff, 0xff, 0xf7,
    0xdf, 0xff, 0xff, 0xff, 0xff, 0xff, 0xf6, 0xbf,
    0xc0, 0x0, 0x0, 0x0, 0x5f, 0xf4, 0x7f, 0xf0,
    0x0, 0x0, 0x0, 0x9f, 0xf0, 0x1f, 0xf8, 0x0,
    0x0, 0x3, 0xff, 0x90, 0x7, 0xff, 0xb4, 0x12,
    0x7f, 0xfe, 0x10, 0x0, 0x8f, 0xff, 0xff, 0xff,
    0xd2, 0x0, 0x0, 0x3, 0xae, 0xfe, 0xc7, 0x0,
    0x0,

    /* U+01DE "Ǟ" */
    0x0, 0x0, 0x0, 0x11, 0x11, 0x11, 0x11, 0x0,
    0x0, 0x0, 0x0, 0x0, 0x1, 0xff, 0xff, 0xff,
    0xff, 0x70, 0x0, 0x0, 0x0, 0x0, 0x1, 0xff,
    0xff, 0xff, 0xff, 0x70, 0x0, 0x0, 0x0, 0x0,
    0x0, 0x0, 0x0, 0x0, 0x0, 0x0, 0x0, 0x0,
    0x0, 0x0, 0x0, 0x7f, 0xf1, 0x5, 0xff, 0x20,
    0x0, 0x0, 0x0, 0x0, 0x0, 0x7f, 0xf1, 0x5,
    0xff, 0x20, 0x0, 0x0, 0x0, 0x0, 0x0, 0x5d,
    0xd1, 0x4, 0xdd, 0x20, 0x0, 0x0, 0x0, 0x0,
    0x0, 0x0, 0x0, 0x0, 0x0, 0x0, 0x0, 0x0,
    0x0, 0x0, 0x0, 0x0, 0x0, 0x0, 0x0, 0x0,
    0x0, 0x0, 0x0, 0x0, 0x0, 0x0, 0x8f, 0xfb,
    0x0, 0x0, 0x0, 0x0, 0x0, 0x0, 0x0, 0x0,
    0xef, 0xff, 0x20, 0x0, 0x0, 0x0, 0x0, 0x0,
    0x0, 0x4, 0xfe, 0xdf, 0x80, 0x0, 0x0, 0x0,
    0x0, 0x0, 0x0, 0xa, 0xfb, 0x8f, 0xe0, 0x0,
    0x0, 0x0, 0x0, 0x0, 0x0, 0x1f, 0xf6, 0x3f,
    0xf5, 0x0, 0x0, 0x0, 0x0, 0x0, 0x0, 0x7f,
    0xf1, 0xd, 0xfc, 0x0, 0x0, 0x0, 0x0, 0x0,
    0x0, 0xdf, 0xb0, 0x7, 0xff, 0x20, 0x0, 0x0,
    0x0, 0x0, 0x3, 0xff, 0x50, 0x1, 0xff, 0x90,
    0x0, 0x0, 0x0, 0x0, 0x9, 0xff, 0x0, 0x0,
    0xbf, 0xf0, 0x0, 0x0, 0x0, 0x0, 0xf, 0xfa,
    0x0, 0x0, 0x5f, 0xf6, 0x0, 0x0, 0x0, 0x0,
    0x6f, 0xf4, 0x0, 0x0, 0xf, 0xfd, 0x0, 0x0,
    0x0, 0x0, 0xcf, 0xe2, 0x22, 0x22, 0x2a, 0xff,
    0x30, 0x0, 0x0, 0x2, 0xff, 0xff, 0xff, 0xff,
    0xff, 0xff, 0xa0, 0x0, 0x0, 0x8, 0xff, 0xff,
    0xff, 0xff, 0xff, 0xff, 0xf1, 0x0, 0x0, 0xe,
    0xfc, 0x0, 0x0, 0x0, 0x0, 0x7f, 0xf7, 0x0,
    0x0, 0x4f, 0xf6, 0x0, 0x0, 0x0, 0x0, 0x1f,
    0xfd, 0x0, 0x0, 0xaf, 0xf1, 0x0, 0x0, 0x0,
    0x0, 0xa, 0xff, 0x40, 0x1, 0xff, 0xb0, 0x0,
    0x0, 0x0, 0x0, 0x4, 0xff, 0xa0, 0x7, 0xff,
    0x50, 0x0, 0x0, 0x0, 0x0, 0x0, 0xef, 0xf1,
    0xd, 0xfe, 0x0, 0x0, 0x0, 0x0, 0x0, 0x0,
    0x7f, 0xf7,

    /* U+01DF "ǟ" */
    0x0, 0x8f, 0xff, 0xff, 0xff, 0xf0, 0x0, 0x0,
    0x8f, 0xff, 0xff, 0xff, 0xf0, 0x0, 0x0, 0x0,
    0x0, 0x0, 0x0, 0x0, 0x0, 0x0, 0x0, 0x0,
    0x0, 0x0, 0x0, 0x0, 0x0, 0xf, 0xf8, 0x0,
    0xff, 0x90, 0x0, 0x0, 0xf, 0xf8, 0x0, 0xff,
    0x90, 0x0, 0x0, 0xd, 0xd6, 0x0, 0xcd, 0x70,
    0x0, 0x0, 0x0, 0x0, 0x0, 0x0, 0x0, 0x0,
    0x0, 0x0, 0x0, 0x0, 0x0, 0x0, 0x0, 0x0,
    0x6, 0xbe, 0xff, 0xeb, 0x60, 0x0, 0x1, 0xdf,
    0xff, 0xff, 0xff, 0xfa, 0x0, 0xc, 0xff, 0x72,
    0x1, 0x4d, 0xff, 0x40, 0x3f, 0xf6, 0x0, 0x0,
    0x1, 0xff, 0x80, 0x39, 0xa0, 0x0, 0x0, 0x0,
    0xdf, 0x90, 0x0, 0x0, 0x0, 0x0, 0x3, 0xef,
    0xa0, 0x0, 0x2, 0x68, 0xbd, 0xff, 0xff, 0xa0,
    0x3, 0xcf, 0xff, 0xff, 0xea, 0xef, 0xa0, 0x2f,
    0xff, 0xb7, 0x42, 0x0, 0xdf, 0xa0, 0xbf, 0xf3,
    0x0, 0x0, 0x0, 0xef, 0xa0, 0xef, 0xc0, 0x0,
    0x0, 0x2, 0xff, 0xa0, 0xdf, 0xd0, 0x0, 0x0,
    0xb, 0xff, 0xa0, 0x9f, 0xfa, 0x20, 0x5, 0xdf,
    0xff, 0xb0, 0x1d, 0xff, 0xff, 0xff, 0xf7, 0x8f,
    0xe0, 0x1, 0x8d, 0xff, 0xd8, 0x10, 0x4f, 0xf3,

    /* U+01E0 "Ǡ" */
    0x0, 0x0, 0x0, 0x11, 0x11, 0x11, 0x11, 0x0,
    0x0, 0x0, 0x0, 0x0, 0x2, 0xff, 0xff, 0xff,
    0xff, 0x50, 0x0, 0x0, 0x0, 0x0, 0x2, 0xff,
    0xff, 0xff, 0xff, 0x50, 0x0, 0x0, 0x0, 0x0,
    0x0, 0x0, 0x0, 0x0, 0x0, 0x0, 0x0, 0x0,
    0x0, 0x0, 0x0, 0x0, 0x2f, 0xf6, 0x0, 0x0,
    0x0, 0x0, 0x0, 0x0, 0x0, 0x0, 0x2f, 0xf6,
    0x0, 0x0, 0x0, 0x0, 0x0, 0x0, 0x0, 0x0,
    0x1d, 0xd5, 0x0, 0x0, 0x0, 0x0, 0x0, 0x0,
    0x0, 0x0, 0x0, 0x0, 0x0, 0x0, 0x0, 0x0,
    0x0, 0x0, 0x0, 0x0, 0x0, 0x0, 0x0, 0x0,
    0x0, 0x0, 0x0, 0x0, 0x0, 0x0, 0x8f, 0xfb,
    0x0, 0x0, 0x0, 0x0, 0x0, 0x0, 0x0, 0x0,
    0xef, 0xff, 0x20, 0x0, 0x0, 0x0, 0x0, 0x0,
    0x0, 0x4, 0xfe, 0xdf, 0x80, 0x0, 0x0, 0x0,
    0x0, 0x0, 0x0, 0xa, 0xfb, 0x8f, 0xe0, 0x0,
    0x0, 0x0, 0x0, 0x0, 0x0, 0x1f, 0xf6, 0x3f,
    0xf5, 0x0, 0x0, 0x0, 0x0, 0x0, 0x0, 0x7f,
    0xf1, 0xd, 0xfc, 0x0, 0x0, 0x0, 0x0, 0x0,
    0x0, 0xdf, 0xb0, 0x7, 0xff, 0x20, 0x0, 0x0,
    0x0, 0x0, 0x3, 0xff, 0x50, 0x1, 0xff, 0x90,
    0x0, 0x0, 0x0, 0x0, 0x9, 0xff, 0x0, 0x0,
    0xbf, 0xf0, 0x0, 0x0, 0x0, 0x0, 0xf, 0xfa,
    0x0, 0x0, 0x5f, 0xf6, 0x0, 0x0, 0x0, 0x0,
    0x6f, 0xf4, 0x0, 0x0, 0xf, 0xfd, 0x0, 0x0,
    0x0, 0x0, 0xcf, 0xe2, 0x22, 0x22, 0x2a, 0xff,
    0x30, 0x0, 0x0, 0x2, 0xff, 0xff, 0xff, 0xff,
    0xff, 0xff, 0xa0, 0x0, 0x0, 0x8, 0xff, 0xff,
    0xff, 0xff, 0xff, 0xff, 0xf1, 0x0, 0x0, 0xe,
    0xfc, 0x0, 0x0, 0x0, 0x0, 0x7f, 0xf7, 0x0,
    0x0, 0x4f, 0xf6, 0x0, 0x0, 0x0, 0x0, 0x1f,
    0xfd, 0x0, 0x0, 0xaf, 0xf1, 0x0, 0x0, 0x0,
    0x0, 0xa, 0xff, 0x40, 0x1, 0xff, 0xb0, 0x0,
    0x0, 0x0, 0x0, 0x4, 0xff, 0xa0, 0x7, 0xff,
    0x50, 0x0, 0x0, 0x0, 0x0, 0x0, 0xef, 0xf1,
    0xd, 0xfe, 0x0, 0x0, 0x0, 0x0, 0x0, 0x0,
    0x7f, 0xf7,

    /* U+01E1 "ǡ" */
    0x0, 0x7f, 0xff, 0xff, 0xff, 0xf1, 0x0, 0x0,
    0x7f, 0xff, 0xff, 0xff, 0xf1, 0x0, 0x0, 0x0,
    0x0, 0x0, 0x0, 0x0, 0x0, 0x0, 0x0, 0x0,
    0x0, 0x0, 0x0, 0x0, 0x0, 0x0, 0x4, 0xff,
    0x40, 0x0, 0x0, 0x0, 0x0, 0x4, 0xff, 0x40,
    0x0, 0x0, 0x0, 0x0, 0x3, 0xdd, 0x30, 0x0,
    0x0, 0x0, 0x0, 0x0, 0x0, 0x0, 0x0, 0x0,
    0x0, 0x0, 0x0, 0x0, 0x0, 0x0, 0x0, 0x0,
    0x6, 0xbe, 0xff, 0xeb, 0x60, 0x0, 0x1, 0xdf,
    0xff, 0xff, 0xff, 0xfa, 0x0, 0xc, 0xff, 0x72,
    0x1, 0x4d, 0xff, 0x40, 0x3f, 0xf6, 0x0, 0x0,
    0x1, 0xff, 0x80, 0x39, 0xa0, 0x0, 0x0, 0x0,
    0xdf, 0x90, 0x0, 0x0, 0x0, 0x0, 0x3, 0xef,
    0xa0, 0x0, 0x2, 0x68, 0xbd, 0xff, 0xff, 0xa0,
    0x3, 0xcf, 0xff, 0xff, 0xea, 0xef, 0xa0, 0x2f,
    0xff, 0xb7, 0x42, 0x0, 0xdf, 0xa0, 0xbf, 0xf3,
    0x0, 0x0, 0x0, 0xef, 0xa0, 0xef, 0xc0, 0x0,
    0x0, 0x2, 0xff, 0xa0, 0xdf, 0xd0, 0x0, 0x0,
    0xb, 0xff, 0xa0, 0x9f, 0xfa, 0x20, 0x5, 0xdf,
    0xff, 0xb0, 0x1d, 0xff, 0xff, 0xff, 0xf7, 0x8f,
    0xe0, 0x1, 0x8d, 0xff, 0xd8, 0x10, 0x4f, 0xf3,

    /* U+01E2 "Ǣ" */
    0x0, 0x0, 0x0, 0x0, 0x0, 0x1, 0x11, 0x11,
    0x11, 0x10, 0x0, 0x0, 0x0, 0x0, 0x0, 0x0,
    0x0, 0x0, 0x8, 0xff, 0xff, 0xff, 0xff, 0x0,
    0x0, 0x0, 0x0, 0x0, 0x0, 0x0, 0x0, 0x0,
    0x8f, 0xff, 0xff, 0xff, 0xf0, 0x0, 0x0, 0x0,
    0x0, 0x0, 0x0, 0x0, 0x0, 0x0, 0x0, 0x0,
    0x0, 0x0, 0x0, 0x0, 0x0, 0x0, 0x0, 0x0,
    0x0, 0x0, 0x0, 0x0, 0x0, 0x0, 0x0, 0x0,
    0x0, 0x0, 0x0, 0x0, 0x0, 0x0, 0x0, 0x0,
    0x9f, 0xff, 0xff, 0xff, 0xff, 0xff, 0xff, 0xff,
    0xf1, 0x0, 0x0, 0x0, 0x0, 0x1f, 0xff, 0xff,
    0xff, 0xff, 0xff, 0xff, 0xff, 0xff, 0x10, 0x0,
    0x0, 0x0, 0x8, 0xff, 0x86, 0xcf, 0xf6, 0x66,
    0x66, 0x66, 0x66, 0x60, 0x0, 0x0, 0x0, 0x1,
    0xff, 0xc0, 0xa, 0xff, 0x0, 0x0, 0x0, 0x0,
    0x0, 0x0, 0x0, 0x0, 0x0, 0x8f, 0xf4, 0x0,
    0xaf, 0xf0, 0x0, 0x0, 0x0, 0x0, 0x0, 0x0,
    0x0, 0x0, 0xe, 0xfc, 0x0, 0xa, 0xff, 0x0,
    0x0, 0x0, 0x0, 0x0, 0x0, 0x0, 0x0, 0x7,
    0xff, 0x40, 0x0, 0xaf, 0xf0, 0x0, 0x0, 0x0,
    0x0, 0x0, 0x0, 0x0, 0x0, 0xef, 0xc0, 0x0,
    0xa, 0xff, 0x0, 0x0, 0x0, 0x0, 0x0, 0x0,
    0x0, 0x0, 0x7f, 0xf4, 0x0, 0x0, 0xaf, 0xf6,
    0x66, 0x66, 0x66, 0x66, 0x20, 0x0, 0x0, 0xe,
    0xfc, 0x0, 0x0, 0xa, 0xff, 0xff, 0xff, 0xff,
    0xff, 0xf6, 0x0, 0x0, 0x6, 0xff, 0x40, 0x0,
    0x0, 0xaf, 0xff, 0xff, 0xff, 0xff, 0xff, 0x60,
    0x0, 0x0, 0xdf, 0xf6, 0x66, 0x66, 0x6c, 0xff,
    0x0, 0x0, 0x0, 0x0, 0x0, 0x0, 0x0, 0x6f,
    0xff, 0xff, 0xff, 0xff, 0xff, 0xf0, 0x0, 0x0,
    0x0, 0x0, 0x0, 0x0, 0xd, 0xff, 0xff, 0xff,
    0xff, 0xff, 0xff, 0x0, 0x0, 0x0, 0x0, 0x0,
    0x0, 0x5, 0xff, 0x60, 0x0, 0x0, 0x0, 0xaf,
    0xf0, 0x0, 0x0, 0x0, 0x0, 0x0, 0x0, 0xdf,
    0xe0, 0x0, 0x0, 0x0, 0xa, 0xff, 0x0, 0x0,
    0x0, 0x0, 0x0, 0x0, 0x4f, 0xf7, 0x0, 0x0,
    0x0, 0x0, 0xaf, 0xf0, 0x0, 0x0, 0x0, 0x0,
    0x0, 0xc, 0xff, 0x10, 0x0, 0x0, 0x0, 0xa,
    0xff, 0x66, 0x66, 0x66, 0x66, 0x66, 0x24, 0xff,
    0x90, 0x0, 0x0, 0x0, 0x0, 0xaf, 0xff, 0xff,
    0xff, 0xff, 0xff, 0xf7, 0xcf, 0xf2, 0x0, 0x0,
    0x0, 0x0, 0xa, 0xff, 0xff, 0xff, 0xff, 0xff,
    0xff, 0x70,

    /* U+01E3 "ǣ" */
    0x0, 0x0, 0x0, 0x0, 0x1, 0x11, 0x11, 0x11,
    0x0, 0x0, 0x0, 0x0, 0x0, 0x0, 0x0, 0x0,
    0xbf, 0xff, 0xff, 0xff, 0xd0, 0x0, 0x0, 0x0,
    0x0, 0x0, 0x0, 0x0, 0xbf, 0xff, 0xff, 0xff,
    0xd0, 0x0, 0x0, 0x0, 0x0, 0x0, 0x0, 0x0,
    0x0, 0x0, 0x0, 0x0, 0x0, 0x0, 0x0, 0x0,
    0x0, 0x0, 0x0, 0x0, 0x0, 0x0, 0x0, 0x0,
    0x0, 0x0, 0x0, 0x0, 0x0, 0x0, 0x0, 0x0,
    0x0, 0x0, 0x0, 0x0, 0x0, 0x0, 0x0, 0x0,
    0x0, 0x0, 0x7c, 0xef, 0xfd, 0x92, 0x0, 0x5b,
    0xef, 0xea, 0x30, 0x0, 0x0, 0x2d, 0xff, 0xff,
    0xff, 0xff, 0x5b, 0xff, 0xff, 0xff, 0xf8, 0x0,
    0x0, 0xdf, 0xe6, 0x20, 0x15, 0xef, 0xff, 0xf6,
    0x11, 0x3a, 0xff, 0x60, 0x5, 0xff, 0x30, 0x0,
    0x0, 0x6f, 0xff, 0x30, 0x0, 0x0, 0x9f, 0xe0,
    0x3, 0x88, 0x0, 0x0, 0x0, 0x3f, 0xfa, 0x0,
    0x0, 0x0, 0x1f, 0xf5, 0x0, 0x0, 0x0, 0x0,
    0x2, 0x8f, 0xf6, 0x0, 0x0, 0x0, 0xd, 0xf9,
    0x0, 0x0, 0x48, 0xbd, 0xff, 0xff, 0xff, 0xff,
    0xff, 0xff, 0xff, 0xfb, 0x0, 0x4e, 0xff, 0xff,
    0xfc, 0x8f, 0xff, 0xff, 0xff, 0xff, 0xff, 0xfc,
    0x4, 0xff, 0xe8, 0x42, 0x0, 0x2f, 0xf5, 0x0,
    0x0, 0x0, 0x0, 0x0, 0xc, 0xfe, 0x10, 0x0,
    0x0, 0x3f, 0xf6, 0x0, 0x0, 0x0, 0x1, 0x0,
    0xf, 0xfa, 0x0, 0x0, 0x0, 0x7f, 0xfa, 0x0,
    0x0, 0x0, 0x1f, 0xf8, 0xf, 0xfc, 0x0, 0x0,
    0x2, 0xff, 0xff, 0x40, 0x0, 0x0, 0x9f, 0xf3,
    0xa, 0xff, 0xa3, 0x13, 0x8f, 0xfa, 0xcf, 0xf8,
    0x31, 0x3a, 0xff, 0xa0, 0x1, 0xef, 0xff, 0xff,
    0xff, 0x70, 0x1b, 0xff, 0xff, 0xff, 0xfb, 0x0,
    0x0, 0x18, 0xdf, 0xfd, 0x81, 0x0, 0x0, 0x5b,
    0xef, 0xeb, 0x50, 0x0,

    /* U+01E4 "Ǥ" */
    0x0, 0x0, 0x3, 0x9d, 0xff, 0xec, 0x82, 0x0,
    0x0, 0x0, 0x0, 0x0, 0xaf, 0xff, 0xff, 0xff,
    0xff, 0x80, 0x0, 0x0, 0x0, 0x1c, 0xff, 0xff,
    0xdc, 0xdf, 0xff, 0xf9, 0x0, 0x0, 0x0, 0xbf,
    0xff, 0x70, 0x0, 0x1, 0x8f, 0xff, 0x50, 0x0,
    0x6, 0xff, 0xf3, 0x0, 0x0, 0x0, 0x8, 0xff,
    0xd0, 0x0, 0xe, 0xff, 0x70, 0x0, 0x0, 0x0,
    0x0, 0xef, 0xf4, 0x0, 0x4f, 0xfe, 0x0, 0x0,
    0x0, 0x0, 0x0, 0x58, 0x83, 0x0, 0x8f, 0xfa,
    0x0, 0x0, 0x0, 0x0, 0x0, 0x0, 0x0, 0x0,
    0xaf, 0xf7, 0x0, 0x0, 0x0, 0x0, 0x0, 0x0,
    0x0, 0x0, 0xbf, 0xf6, 0x0, 0x0, 0x2, 0x44,
    0x44, 0x44, 0x42, 0x0, 0xbf, 0xf6, 0x0, 0x0,
    0x9, 0xff, 0xff, 0xff, 0xf9, 0x0, 0xaf, 0xf7,
    0x0, 0x0, 0x9, 0xff, 0xff, 0xff, 0xf8, 0x0,
    0x8f, 0xfa, 0x0, 0x0, 0x0, 0x0, 0x0, 0x5f,
    0xf7, 0x0, 0x4f, 0xfe, 0x0, 0x0, 0x9, 0xff,
    0xff, 0xff, 0xff, 0xf1, 0xe, 0xff, 0x60, 0x0,
    0x9, 0xff, 0xff, 0xff, 0xff, 0xf1, 0x7, 0xff,
    0xe2, 0x0, 0x0, 0x0, 0x8, 0xff, 0xb0, 0x0,
    0x0, 0xdf, 0xfe, 0x60, 0x0, 0x1, 0x9f, 0xff,
    0x30, 0x0, 0x0, 0x2e, 0xff, 0xff, 0xdc, 0xdf,
    0xff, 0xf7, 0x0, 0x0, 0x0, 0x1, 0xcf, 0xff,
    0xff, 0xff, 0xff, 0x60, 0x0, 0x0, 0x0, 0x0,
    0x4, 0xad, 0xff, 0xec, 0x81, 0x0, 0x0, 0x0,

    /* U+01E5 "ǥ" */
    0x0, 0x3, 0xad, 0xfe, 0x92, 0xf, 0xfe, 0x0,
    0x0, 0x8f, 0xff, 0xff, 0xff, 0x4f, 0xfe, 0x0,
    0x7, 0xff, 0xfc, 0x88, 0xcf, 0xef, 0xfe, 0x0,
    0x1f, 0xff, 0x80, 0x0, 0x5, 0xff, 0xfe, 0x0,
    0x6f, 0xfd, 0x0, 0x0, 0x0, 0x9f, 0xfe, 0x0,
    0xaf, 0xf7, 0x0, 0x11, 0x11, 0x5f, 0xff, 0x11,
    0xcf, 0xf5, 0x0, 0xff, 0xff, 0xff, 0xff, 0xfc,
    0xcf, 0xf4, 0x0, 0xff, 0xff, 0xff, 0xff, 0xfc,
    0xaf, 0xf6, 0x0, 0x0, 0x0, 0x4f, 0xfe, 0x0,
    0x6f, 0xfc, 0x0, 0x0, 0x0, 0xaf, 0xfe, 0x0,
    0x1f, 0xff, 0x70, 0x0, 0x5, 0xff, 0xfe, 0x0,
    0x6, 0xff, 0xfc, 0x88, 0xbf, 0xef, 0xfe, 0x0,
    0x0, 0x7f, 0xff, 0xff, 0xff, 0x5f, 0xfe, 0x0,
    0x0, 0x3, 0xad, 0xfe, 0xa2, 0x1f, 0xfd, 0x0,
    0x2, 0x21, 0x0, 0x0, 0x0, 0x4f, 0xfc, 0x0,
    0x2f, 0xff, 0x20, 0x0, 0x0, 0xcf, 0xf7, 0x0,
    0x9, 0xff, 0xfa, 0x77, 0x9e, 0xff, 0xe1, 0x0,
    0x0, 0xaf, 0xff, 0xff, 0xff, 0xfd, 0x20, 0x0,
    0x0, 0x3, 0xad, 0xff, 0xeb, 0x60, 0x0, 0x0,

    /* U+01E6 "Ǧ" */
    0x0, 0x0, 0x4, 0x85, 0x0, 0x7, 0x82, 0x0,
    0x0, 0x0, 0x0, 0x1, 0xef, 0x50, 0xaf, 0xb0,
    0x0, 0x0, 0x0, 0x0, 0x0, 0x5f, 0xfb, 0xfe,
    0x10, 0x0, 0x0, 0x0, 0x0, 0x0, 0x9, 0xff,
    0xf4, 0x0, 0x0, 0x0, 0x0, 0x0, 0x0, 0x0,
    0x0, 0x0, 0x0, 0x0, 0x0, 0x0, 0x0, 0x0,
    0x0, 0x0, 0x0, 0x0, 0x0, 0x0, 0x0, 0x0,
    0x3, 0x9d, 0xff, 0xec, 0x72, 0x0, 0x0, 0x0,
    0x0, 0xbf, 0xff, 0xff, 0xff, 0xff, 0x80, 0x0,
    0x0, 0x1d, 0xff, 0xff, 0xdc, 0xdf, 0xff, 0xf9,
    0x0, 0x0, 0xcf, 0xff, 0x70, 0x0, 0x1, 0x8f,
    0xff, 0x50, 0x6, 0xff, 0xf3, 0x0, 0x0, 0x0,
    0x8, 0xff, 0xe0, 0xe, 0xff, 0x70, 0x0, 0x0,
    0x0, 0x0, 0xef, 0xf4, 0x4f, 0xff, 0x0, 0x0,
    0x0, 0x0, 0x0, 0x46, 0x62, 0x8f, 0xfb, 0x0,
    0x0, 0x0, 0x0, 0x0, 0x0, 0x0, 0xaf, 0xf7,
    0x0, 0x0, 0x0, 0x0, 0x0, 0x0, 0x0, 0xbf,
    0xf6, 0x0, 0x0, 0x5, 0x88, 0x88, 0x88, 0x84,
    0xbf, 0xf6, 0x0, 0x0, 0x9, 0xff, 0xff, 0xff,
    0xf9, 0xaf, 0xf7, 0x0, 0x0, 0x9, 0xff, 0xff,
    0xff, 0xf9, 0x8f, 0xfa, 0x0, 0x0, 0x0, 0x0,
    0x0, 0x5f, 0xf9, 0x4f, 0xfe, 0x0, 0x0, 0x0,
    0x0, 0x0, 0x8f, 0xf9, 0xf, 0xff, 0x60, 0x0,
    0x0, 0x0, 0x0, 0xef, 0xf9, 0x8, 0xff, 0xe2,
    0x0, 0x0, 0x0, 0x9, 0xff, 0xf9, 0x0, 0xdf,
    0xfe, 0x60, 0x0, 0x2, 0xbf, 0xfe, 0xf9, 0x0,
    0x2e, 0xff, 0xff, 0xdc, 0xdf, 0xff, 0xa9, 0xf9,
    0x0, 0x1, 0xcf, 0xff, 0xff, 0xff, 0xf9, 0x8,
    0xf9, 0x0, 0x0, 0x4, 0xad, 0xff, 0xd9, 0x30,
    0x8, 0xf9,

    /* U+01E7 "ǧ" */
    0x0, 0x6, 0x84, 0x0, 0x17, 0x70, 0x0, 0x0,
    0x3, 0xff, 0x30, 0xcf, 0x80, 0x0, 0x0, 0x0,
    0x7f, 0xec, 0xfc, 0x0, 0x0, 0x0, 0x0, 0xb,
    0xff, 0xf2, 0x0, 0x0, 0x0, 0x0, 0x0, 0x0,
    0x0, 0x0, 0x0, 0x0, 0x0, 0x0, 0x0, 0x0,
    0x0, 0x0, 0x0, 0x3, 0xad, 0xfe, 0x92, 0xf,
    0xfe, 0x0, 0x8f, 0xff, 0xff, 0xff, 0x4f, 0xfe,
    0x7, 0xff, 0xfc, 0x88, 0xcf, 0xef, 0xfe, 0x1f,
    0xff, 0x80, 0x0, 0x5, 0xff, 0xfe, 0x6f, 0xfd,
    0x0, 0x0, 0x0, 0x9f, 0xfe, 0xaf, 0xf7, 0x0,
    0x0, 0x0, 0x4f, 0xfe, 0xcf, 0xf5, 0x0, 0x0,
    0x0, 0x1f, 0xfe, 0xcf, 0xf4, 0x0, 0x0, 0x0,
    0x1f, 0xfe, 0xaf, 0xf6, 0x0, 0x0, 0x0, 0x4f,
    0xfe, 0x6f, 0xfc, 0x0, 0x0, 0x0, 0xaf, 0xfe,
    0x1f, 0xff, 0x70, 0x0, 0x5, 0xff, 0xfe, 0x6,
    0xff, 0xfc, 0x88, 0xbf, 0xef, 0xfe, 0x0, 0x7f,
    0xff, 0xff, 0xff, 0x5f, 0xfe, 0x0, 0x3, 0xad,
    0xfe, 0xa2, 0x1f, 0xfd, 0x2, 0x21, 0x0, 0x0,
    0x0, 0x4f, 0xfc, 0x2f, 0xff, 0x20, 0x0, 0x0,
    0xcf, 0xf7, 0x9, 0xff, 0xfa, 0x77, 0x9e, 0xff,
    0xe1, 0x0, 0xaf, 0xff, 0xff, 0xff, 0xfd, 0x20,
    0x0, 0x3, 0xad, 0xff, 0xeb, 0x60, 0x0,

    /* U+01E8 "Ǩ" */
    0x0, 0x6, 0xfd, 0x10, 0x3f, 0xf2, 0x0, 0x0,
    0x0, 0x0, 0xaf, 0xc2, 0xef, 0x50, 0x0, 0x0,
    0x0, 0x0, 0xd, 0xff, 0xfa, 0x0, 0x0, 0x0,
    0x0, 0x0, 0x2, 0x88, 0x70, 0x0, 0x0, 0x0,
    0x0, 0x0, 0x0, 0x0, 0x0, 0x0, 0x0, 0x0,
    0x9f, 0xf7, 0x0, 0x0, 0x0, 0xa, 0xff, 0xe2,
    0x9f, 0xf7, 0x0, 0x0, 0x0, 0x8f, 0xff, 0x30,
    0x9f, 0xf7, 0x0, 0x0, 0x6, 0xff, 0xf4, 0x0,
    0x9f, 0xf7, 0x0, 0x0, 0x4f, 0xff, 0x60, 0x0,
    0x9f, 0xf7, 0x0, 0x3, 0xff, 0xf8, 0x0, 0x0,
    0x9f, 0xf7, 0x0, 0x1e, 0xff, 0xa0, 0x0, 0x0,
    0x9f, 0xf7, 0x1, 0xdf, 0xfc, 0x0, 0x0, 0x0,
    0x9f, 0xf7, 0xb, 0xff, 0xd1, 0x0, 0x0, 0x0,
    0x9f, 0xf7, 0xaf, 0xff, 0x20, 0x0, 0x0, 0x0,
    0x9f, 0xfd, 0xff, 0xff, 0x60, 0x0, 0x0, 0x0,
    0x9f, 0xff, 0xff, 0xff, 0xf2, 0x0, 0x0, 0x0,
    0x9f, 0xff, 0xf4, 0xbf, 0xfd, 0x0, 0x0, 0x0,
    0x9f, 0xff, 0x60, 0x1e, 0xff, 0x90, 0x0, 0x0,
    0x9f, 0xf9, 0x0, 0x4, 0xff, 0xf4, 0x0, 0x0,
    0x9f, 0xf7, 0x0, 0x0, 0x8f, 0xfe, 0x10, 0x0,
    0x9f, 0xf7, 0x0, 0x0, 0xc, 0xff, 0xb0, 0x0,
    0x9f, 0xf7, 0x0, 0x0, 0x2, 0xff, 0xf7, 0x0,
    0x9f, 0xf7, 0x0, 0x0, 0x0, 0x6f, 0xff, 0x30,
    0x9f, 0xf7, 0x0, 0x0, 0x0, 0xa, 0xff, 0xd0,
    0x9f, 0xf7, 0x0, 0x0, 0x0, 0x1, 0xef, 0xf9,

    /* U+01E9 "ǩ" */
    0x3f, 0xf3, 0x1, 0xef, 0x50, 0x0, 0x0, 0x0,
    0x0, 0x6f, 0xe2, 0xcf, 0x90, 0x0, 0x0, 0x0,
    0x0, 0x0, 0xbf, 0xff, 0xd0, 0x0, 0x0, 0x0,
    0x0, 0x0, 0x1, 0x78, 0x82, 0x0, 0x0, 0x0,
    0x0, 0x0, 0x0, 0xe, 0xff, 0x10, 0x0, 0x0,
    0x0, 0x0, 0x0, 0x0, 0xef, 0xf1, 0x0, 0x0,
    0x0, 0x0, 0x0, 0x0, 0xe, 0xff, 0x10, 0x0,
    0x0, 0x0, 0x0, 0x0, 0x0, 0xef, 0xf1, 0x0,
    0x0, 0x0, 0x0, 0x0, 0x0, 0xe, 0xff, 0x10,
    0x0, 0x0, 0x0, 0x0, 0x0, 0x0, 0xef, 0xf1,
    0x0, 0x0, 0xa, 0xff, 0xe2, 0x0, 0xe, 0xff,
    0x10, 0x0, 0x9, 0xff, 0xf3, 0x0, 0x0, 0xef,
    0xf1, 0x0, 0x7, 0xff, 0xf3, 0x0, 0x0, 0xe,
    0xff, 0x10, 0x6, 0xff, 0xf4, 0x0, 0x0, 0x0,
    0xef, 0xf1, 0x4, 0xff, 0xf5, 0x0, 0x0, 0x0,
    0xe, 0xff, 0x13, 0xff, 0xf7, 0x0, 0x0, 0x0,
    0x0, 0xef, 0xf3, 0xef, 0xfe, 0x0, 0x0, 0x0,
    0x0, 0xe, 0xff, 0xef, 0xff, 0xf8, 0x0, 0x0,
    0x0, 0x0, 0xef, 0xff, 0xf8, 0xff, 0xf3, 0x0,
    0x0, 0x0, 0xe, 0xff, 0xf7, 0x6, 0xff, 0xd0,
    0x0, 0x0, 0x0, 0xef, 0xf8, 0x0, 0xb, 0xff,
    0x90, 0x0, 0x0, 0xe, 0xff, 0x10, 0x0, 0x1f,
    0xff, 0x40, 0x0, 0x0, 0xef, 0xf1, 0x0, 0x0,
    0x6f, 0xfe, 0x10, 0x0, 0xe, 0xff, 0x10, 0x0,
    0x0, 0xbf, 0xfb, 0x0, 0x0, 0xef, 0xf1, 0x0,
    0x0, 0x1, 0xef, 0xf6,

    /* U+01EA "Ǫ" */
    0x0, 0x0, 0x1, 0x6b, 0xdf, 0xfd, 0xa5, 0x0,
    0x0, 0x0, 0x0, 0x0, 0x6e, 0xff, 0xff, 0xff,
    0xff, 0xd4, 0x0, 0x0, 0x0, 0x9, 0xff, 0xfb,
    0x75, 0x58, 0xdf, 0xff, 0x70, 0x0, 0x0, 0x8f,
    0xfd, 0x20, 0x0, 0x0, 0x5, 0xef, 0xf5, 0x0,
    0x3, 0xff, 0xc0, 0x0, 0x0, 0x0, 0x0, 0x2f,
    0xff, 0x10, 0xb, 0xff, 0x20, 0x0, 0x0, 0x0,
    0x0, 0x6, 0xff, 0x90, 0x1f, 0xfa, 0x0, 0x0,
    0x0, 0x0, 0x0, 0x0, 0xef, 0xe0, 0x5f, 0xf6,
    0x0, 0x0, 0x0, 0x0, 0x0, 0x0, 0x9f, 0xf3,
    0x8f, 0xf3, 0x0, 0x0, 0x0, 0x0, 0x0, 0x0,
    0x6f, 0xf5, 0x9f, 0xf1, 0x0, 0x0, 0x0, 0x0,
    0x0, 0x0, 0x4f, 0xf7, 0xaf, 0xf1, 0x0, 0x0,
    0x0, 0x0, 0x0, 0x0, 0x4f, 0xf7, 0x9f, 0xf2,
    0x0, 0x0, 0x0, 0x0, 0x0, 0x0, 0x5f, 0xf6,
    0x8f, 0xf4, 0x0, 0x0, 0x0, 0x0, 0x0, 0x0,
    0x8f, 0xf4, 0x4f, 0xf9, 0x0, 0x0, 0x0, 0x0,
    0x0, 0x0, 0xcf, 0xf0, 0xe, 0xff, 0x10, 0x0,
    0x0, 0x0, 0x0, 0x4, 0xff, 0xa0, 0x8, 0xff,
    0xb0, 0x0, 0x0, 0x0, 0x0, 0x1d, 0xff, 0x30,
    0x0, 0xdf, 0xfb, 0x10, 0x0, 0x0, 0x2, 0xdf,
    0xf9, 0x0, 0x0, 0x3f, 0xff, 0xe8, 0x42, 0x35,
    0x9f, 0xff, 0xb0, 0x0, 0x0, 0x3, 0xef, 0xff,
    0xff, 0xff, 0xff, 0xf8, 0x0, 0x0, 0x0, 0x0,
    0x8, 0xef, 0xff, 0xfe, 0xc8, 0x20, 0x0, 0x0,
    0x0, 0x0, 0x0, 0x3, 0x8f, 0x60, 0x0, 0x0,
    0x0, 0x0, 0x0, 0x0, 0x0, 0x0, 0x5f, 0x30,
    0x0, 0x0, 0x0, 0x0, 0x0, 0x0, 0x0, 0x0,
    0x7f, 0x50, 0x0, 0x0, 0x0, 0x0, 0x0, 0x0,
    0x0, 0x0, 0x6f, 0xc1, 0x2, 0x30, 0x0, 0x0,
    0x0, 0x0, 0x0, 0x0, 0x2f, 0xff, 0xef, 0x70,
    0x0, 0x0, 0x0, 0x0, 0x0, 0x0, 0x4, 0xdf,
    0xd8, 0x10, 0x0, 0x0,

    /* U+01EB "ǫ" */
    0x0, 0x0, 0x4a, 0xef, 0xec, 0x70, 0x0, 0x0,
    0x0, 0x9f, 0xff, 0xff, 0xff, 0xe2, 0x0, 0x0,
    0x9f, 0xfb, 0x30, 0x17, 0xff, 0xe1, 0x0, 0x2f,
    0xfa, 0x0, 0x0, 0x3, 0xff, 0xa0, 0x9, 0xff,
    0x10, 0x0, 0x0, 0x9, 0xff, 0x10, 0xdf, 0xb0,
    0x0, 0x0, 0x0, 0x4f, 0xf5, 0xf, 0xf8, 0x0,
    0x0, 0x0, 0x1, 0xff, 0x70, 0xff, 0x70, 0x0,
    0x0, 0x0, 0xf, 0xf8, 0xf, 0xf8, 0x0, 0x0,
    0x0, 0x0, 0xff, 0x70, 0xef, 0xa0, 0x0, 0x0,
    0x0, 0x2f, 0xf5, 0xb, 0xfe, 0x0, 0x0, 0x0,
    0x7, 0xff, 0x20, 0x5f, 0xf6, 0x0, 0x0, 0x0,
    0xef, 0xd0, 0x0, 0xdf, 0xf5, 0x0, 0x1, 0xbf,
    0xf5, 0x0, 0x2, 0xef, 0xfd, 0xab, 0xff, 0xf9,
    0x0, 0x0, 0x1, 0xaf, 0xff, 0xff, 0xd5, 0x0,
    0x0, 0x0, 0x0, 0x16, 0xf9, 0x20, 0x0, 0x0,
    0x0, 0x0, 0x0, 0x5f, 0x40, 0x0, 0x0, 0x0,
    0x0, 0x0, 0x7, 0xf4, 0x0, 0x0, 0x0, 0x0,
    0x0, 0x0, 0x6f, 0xb0, 0x1, 0x20, 0x0, 0x0,
    0x0, 0x2, 0xff, 0xfe, 0xf7, 0x0, 0x0, 0x0,
    0x0, 0x4, 0xdf, 0xd8, 0x10, 0x0,

    /* U+01EC "Ǭ" */
    0x0, 0x0, 0x0, 0x11, 0x11, 0x11, 0x11, 0x0,
    0x0, 0x0, 0x0, 0x0, 0x7, 0xff, 0xff, 0xff,
    0xff, 0x0, 0x0, 0x0, 0x0, 0x0, 0x7, 0xff,
    0xff, 0xff, 0xff, 0x0, 0x0, 0x0, 0x0, 0x0,
    0x0, 0x0, 0x0, 0x0, 0x0, 0x0, 0x0, 0x0,
    0x0, 0x0, 0x0, 0x0, 0x0, 0x0, 0x0, 0x0,
    0x0, 0x0, 0x0, 0x0, 0x1, 0x6b, 0xdf, 0xfd,
    0xa5, 0x0, 0x0, 0x0, 0x0, 0x0, 0x6e, 0xff,
    0xff, 0xff, 0xff, 0xd4, 0x0, 0x0, 0x0, 0x9,
    0xff, 0xfb, 0x75, 0x58, 0xdf, 0xff, 0x70, 0x0,
    0x0, 0x8f, 0xfd, 0x20, 0x0, 0x0, 0x5, 0xef,
    0xf5, 0x0, 0x3, 0xff, 0xc0, 0x0, 0x0, 0x0,
    0x0, 0x2f, 0xff, 0x10, 0xb, 0xff, 0x20, 0x0,
    0x0, 0x0, 0x0, 0x6, 0xff, 0x90, 0x1f, 0xfa,
    0x0, 0x0, 0x0, 0x0, 0x0, 0x0, 0xef, 0xe0,
    0x5f, 0xf6, 0x0, 0x0, 0x0, 0x0, 0x0, 0x0,
    0x9f, 0xf3, 0x8f, 0xf3, 0x0, 0x0, 0x0, 0x0,
    0x0, 0x0, 0x6f, 0xf5, 0x9f, 0xf1, 0x0, 0x0,
    0x0, 0x0, 0x0, 0x0, 0x4f, 0xf7, 0xaf, 0xf1,
    0x0, 0x0, 0x0, 0x0, 0x0, 0x0, 0x4f, 0xf7,
    0x9f, 0xf2, 0x0, 0x0, 0x0, 0x0, 0x0, 0x0,
    0x5f, 0xf6, 0x8f, 0xf4, 0x0, 0x0, 0x0, 0x0,
    0x0, 0x0, 0x8f, 0xf4, 0x4f, 0xf9, 0x0, 0x0,
    0x0, 0x0, 0x0, 0x0, 0xcf, 0xf0, 0xe, 0xff,
    0x10, 0x0, 0x0, 0x0, 0x0, 0x4, 0xff, 0xa0,
    0x8, 0xff, 0xb0, 0x0, 0x0, 0x0, 0x0, 0x1d,
    0xff, 0x30, 0x0, 0xdf, 0xfb, 0x10, 0x0, 0x0,
    0x2, 0xdf, 0xf9, 0x0, 0x0, 0x3f, 0xff, 0xe8,
    0x42, 0x35, 0x9f, 0xff, 0xb0, 0x0, 0x0, 0x3,
    0xef, 0xff, 0xff, 0xff, 0xff, 0xf8, 0x0, 0x0,
    0x0, 0x0, 0x8, 0xef, 0xff, 0xfe, 0xc8, 0x20,
    0x0, 0x0, 0x0, 0x0, 0x0, 0x3, 0x8f, 0x60,
    0x0, 0x0, 0x0, 0x0, 0x0, 0x0, 0x0, 0x0,
    0x5f, 0x30, 0x0, 0x0, 0x0, 0x0, 0x0, 0x0,
    0x0, 0x0, 0x7f, 0x50, 0x0, 0x0, 0x0, 0x0,
    0x0, 0x0, 0x0, 0x0, 0x6f, 0xc1, 0x2, 0x30,
    0x0, 0x0, 0x0, 0x0, 0x0, 0x0, 0x2f, 0xff,
    0xef, 0x70, 0x0, 0x0, 0x0, 0x0, 0x0, 0x0,
    0x4, 0xdf, 0xd8, 0x10, 0x0, 0x0,

    /* U+01ED "ǭ" */
    0x0, 0xd, 0xff, 0xff, 0xff, 0xfb, 0x0, 0x0,
    0x0, 0xdf, 0xff, 0xff, 0xff, 0xb0, 0x0, 0x0,
    0x0, 0x11, 0x11, 0x11, 0x10, 0x0, 0x0, 0x0,
    0x0, 0x0, 0x0, 0x0, 0x0, 0x0, 0x0, 0x0,
    0x0, 0x0, 0x0, 0x0, 0x0, 0x0, 0x0, 0x4,
    0xae, 0xfe, 0xc7, 0x0, 0x0, 0x0, 0x9, 0xff,
    0xff, 0xff, 0xfe, 0x20, 0x0, 0x9, 0xff, 0xb3,
    0x1, 0x7f, 0xfe, 0x10, 0x2, 0xff, 0xa0, 0x0,
    0x0, 0x3f, 0xfa, 0x0, 0x9f, 0xf1, 0x0, 0x0,
    0x0, 0x9f, 0xf1, 0xd, 0xfb, 0x0, 0x0, 0x0,
    0x4, 0xff, 0x50, 0xff, 0x80, 0x0, 0x0, 0x0,
    0x1f, 0xf7, 0xf, 0xf7, 0x0, 0x0, 0x0, 0x0,
    0xff, 0x80, 0xff, 0x80, 0x0, 0x0, 0x0, 0xf,
    0xf7, 0xe, 0xfa, 0x0, 0x0, 0x0, 0x2, 0xff,
    0x50, 0xbf, 0xe0, 0x0, 0x0, 0x0, 0x7f, 0xf2,
    0x5, 0xff, 0x60, 0x0, 0x0, 0xe, 0xfd, 0x0,
    0xd, 0xff, 0x50, 0x0, 0x1b, 0xff, 0x50, 0x0,
    0x2e, 0xff, 0xda, 0xbf, 0xff, 0x90, 0x0, 0x0,
    0x1a, 0xff, 0xff, 0xfd, 0x50, 0x0, 0x0, 0x0,
    0x1, 0x6f, 0x92, 0x0, 0x0, 0x0, 0x0, 0x0,
    0x5, 0xf4, 0x0, 0x0, 0x0, 0x0, 0x0, 0x0,
    0x7f, 0x40, 0x0, 0x0, 0x0, 0x0, 0x0, 0x6,
    0xfb, 0x0, 0x12, 0x0, 0x0, 0x0, 0x0, 0x2f,
    0xff, 0xef, 0x70, 0x0, 0x0, 0x0, 0x0, 0x4d,
    0xfd, 0x81, 0x0,

    /* U+01EE "Ǯ" */
    0x0, 0x58, 0x70, 0x1, 0x88, 0x40, 0x0, 0x2,
    0xff, 0x70, 0xbf, 0xe1, 0x0, 0x0, 0x6, 0xff,
    0x7f, 0xf4, 0x0, 0x0, 0x0, 0x9, 0xff, 0xf8,
    0x0, 0x0, 0x0, 0x0, 0x7, 0x87, 0x0, 0x0,
    0x0, 0x0, 0x0, 0x0, 0x0, 0x0, 0x0, 0x1f,
    0xff, 0xff, 0xff, 0xff, 0xff, 0x41, 0xff, 0xff,
    0xff, 0xff, 0xff, 0xf4, 0x6, 0x66, 0x66, 0x66,
    0x7f, 0xfc, 0x0, 0x0, 0x0, 0x0, 0xb, 0xfd,
    0x10, 0x0, 0x0, 0x0, 0x8, 0xfe, 0x20, 0x0,
    0x0, 0x0, 0x5, 0xff, 0x30, 0x0, 0x0, 0x0,
    0x3, 0xff, 0x50, 0x0, 0x0, 0x0, 0x1, 0xef,
    0x70, 0x0, 0x0, 0x0, 0x0, 0x5f, 0xff, 0xd6,
    0x0, 0x0, 0x0, 0x7, 0xde, 0xff, 0xfb, 0x0,
    0x0, 0x0, 0x0, 0x1, 0x9f, 0xfb, 0x0, 0x0,
    0x0, 0x0, 0x0, 0x8f, 0xf4, 0x0, 0x0, 0x0,
    0x0, 0x0, 0xff, 0xa0, 0x0, 0x0, 0x0, 0x0,
    0xc, 0xfc, 0x13, 0x40, 0x0, 0x0, 0x0, 0xdf,
    0xb8, 0xff, 0x0, 0x0, 0x0, 0x1f, 0xf8, 0x3f,
    0xf7, 0x0, 0x0, 0xb, 0xff, 0x20, 0xbf, 0xf8,
    0x21, 0x3c, 0xff, 0x70, 0x1, 0xcf, 0xff, 0xff,
    0xff, 0x80, 0x0, 0x0, 0x6c, 0xff, 0xea, 0x30,
    0x0,

    /* U+01EF "ǯ" */
    0x0, 0x5f, 0xf5, 0x5, 0xff, 0x60, 0x0, 0x0,
    0x6f, 0xf5, 0xff, 0x70, 0x0, 0x0, 0x0, 0x7f,
    0xff, 0x90, 0x0, 0x0, 0x0, 0x0, 0x34, 0x40,
    0x0, 0x0, 0x0, 0x0, 0x0, 0x0, 0x0, 0x0,
    0x1, 0xff, 0xff, 0xff, 0xff, 0xff, 0xf4, 0x1f,
    0xff, 0xff, 0xff, 0xff, 0xff, 0x40, 0x66, 0x66,
    0x66, 0x67, 0xff, 0xc0, 0x0, 0x0, 0x0, 0x0,
    0xaf, 0xe1, 0x0, 0x0, 0x0, 0x0, 0x7f, 0xf3,
    0x0, 0x0, 0x0, 0x0, 0x3f, 0xf5, 0x0, 0x0,
    0x0, 0x0, 0x1e, 0xf8, 0x0, 0x0, 0x0, 0x0,
    0xc, 0xfb, 0x0, 0x0, 0x0, 0x0, 0x4, 0xff,
    0xb7, 0x10, 0x0, 0x0, 0x0, 0x6f, 0xff, 0xff,
    0x50, 0x0, 0x0, 0x3, 0x55, 0x9f, 0xff, 0x50,
    0x0, 0x0, 0x0, 0x0, 0x2e, 0xff, 0x10, 0x0,
    0x0, 0x0, 0x0, 0x4f, 0xf7, 0x0, 0x0, 0x0,
    0x0, 0x0, 0xef, 0xb0, 0x0, 0x0, 0x0, 0x0,
    0xc, 0xfc, 0x37, 0x70, 0x0, 0x0, 0x0, 0xdf,
    0xa7, 0xff, 0x0, 0x0, 0x0, 0x2f, 0xf7, 0x2f,
    0xf7, 0x0, 0x0, 0xc, 0xff, 0x10, 0xaf, 0xf8,
    0x20, 0x3c, 0xff, 0x60, 0x0, 0xbf, 0xff, 0xff,
    0xff, 0x60, 0x0, 0x0, 0x6c, 0xff, 0xe9, 0x20,
    0x0,

    /* U+01F0 "ǰ" */
    0x1c, 0xfc, 0x0, 0xdf, 0xc0, 0x1, 0xdf, 0x9a,
    0xfd, 0x10, 0x0, 0x1e, 0xff, 0xe2, 0x0, 0x0,
    0x1, 0x44, 0x10, 0x0, 0x0, 0x0, 0x0, 0x0,
    0x0, 0x0, 0x2, 0xff, 0x50, 0x0, 0x0, 0x2,
    0xff, 0x50, 0x0, 0x0, 0x2, 0xff, 0x50, 0x0,
    0x0, 0x2, 0xff, 0x50, 0x0, 0x0, 0x2, 0xff,
    0x50, 0x0, 0x0, 0x2, 0xff, 0x50, 0x0, 0x0,
    0x2, 0xff, 0x50, 0x0, 0x0, 0x2, 0xff, 0x50,
    0x0, 0x0, 0x2, 0xff, 0x50, 0x0, 0x0, 0x2,
    0xff, 0x50, 0x0, 0x0, 0x2, 0xff, 0x50, 0x0,
    0x0, 0x2, 0xff, 0x50, 0x0, 0x0, 0x2, 0xff,
    0x50, 0x0, 0x0, 0x2, 0xff, 0x50, 0x0, 0x0,
    0x2, 0xff, 0x50, 0x0, 0x0, 0x2, 0xff, 0x50,
    0x0, 0x0, 0x2, 0xff, 0x40, 0x0, 0x0, 0x3,
    0xff, 0x30, 0x0, 0x3, 0x3b, 0xff, 0x10, 0x0,
    0xf, 0xff, 0xfa, 0x0, 0x0, 0x2d, 0xfe, 0x90,
    0x0, 0x0,

    /* U+01F1 "Ǳ" */
    0xcf, 0xff, 0xff, 0xff, 0xfe, 0xc7, 0x10, 0x0,
    0x0, 0x4, 0xff, 0xff, 0xff, 0xff, 0xff, 0xff,
    0xff, 0x1c, 0xff, 0xff, 0xff, 0xff, 0xff, 0xff,
    0x60, 0x0, 0x0, 0x4f, 0xff, 0xff, 0xff, 0xff,
    0xff, 0xff, 0xf1, 0xcf, 0xe6, 0x66, 0x66, 0x79,
    0xdf, 0xff, 0x60, 0x0, 0x1, 0x66, 0x66, 0x66,
    0x66, 0x66, 0x9f, 0xfe, 0xc, 0xfe, 0x0, 0x0,
    0x0, 0x0, 0x6f, 0xff, 0x20, 0x0, 0x0, 0x0,
    0x0, 0x0, 0x0, 0x2e, 0xff, 0x30, 0xcf, 0xe0,
    0x0, 0x0, 0x0, 0x0, 0x5f, 0xfb, 0x0, 0x0,
    0x0, 0x0, 0x0, 0x0, 0x1d, 0xff, 0x50, 0xc,
    0xfe, 0x0, 0x0, 0x0, 0x0, 0x0, 0xbf, 0xf2,
    0x0, 0x0, 0x0, 0x0, 0x0, 0xb, 0xff, 0x80,
    0x0, 0xcf, 0xe0, 0x0, 0x0, 0x0, 0x0, 0x5,
    0xff, 0x60, 0x0, 0x0, 0x0, 0x0, 0x8, 0xff,
    0xb0, 0x0, 0xc, 0xfe, 0x0, 0x0, 0x0, 0x0,
    0x0, 0x1f, 0xf9, 0x0, 0x0, 0x0, 0x0, 0x5,
    0xff, 0xd1, 0x0, 0x0, 0xcf, 0xe0, 0x0, 0x0,
    0x0, 0x0, 0x0, 0xff, 0xb0, 0x0, 0x0, 0x0,
    0x3, 0xff, 0xf2, 0x0, 0x0, 0xc, 0xfe, 0x0,
    0x0, 0x0, 0x0, 0x0, 0xf, 0xfc, 0x0, 0x0,
    0x0, 0x1, 0xef, 0xf4, 0x0, 0x0, 0x0, 0xcf,
    0xe0, 0x0, 0x0, 0x0, 0x0, 0x0, 0xff, 0xc0,
    0x0, 0x0, 0x0, 0xcf, 0xf7, 0x0, 0x0, 0x0,
    0xc, 0xfe, 0x0, 0x0, 0x0, 0x0, 0x0, 0xf,
    0xfb, 0x0, 0x0, 0x0, 0x9f, 0xfa, 0x0, 0x0,
    0x0, 0x0, 0xcf, 0xe0, 0x0, 0x0, 0x0, 0x0,
    0x2, 0xff, 0x90, 0x0, 0x0, 0x6f, 0xfc, 0x0,
    0x0, 0x0, 0x0, 0xc, 0xfe, 0x0, 0x0, 0x0,
    0x0, 0x0, 0x6f, 0xf5, 0x0, 0x0, 0x3f, 0xfe,
    0x10, 0x0, 0x0, 0x0, 0x0, 0xcf, 0xe0, 0x0,
    0x0, 0x0, 0x0, 0xc, 0xff, 0x10, 0x0, 0x1e,
    0xff, 0x30, 0x0, 0x0, 0x0, 0x0, 0xc, 0xfe,
    0x0, 0x0, 0x0, 0x0, 0x6, 0xff, 0xa0, 0x0,
    0xc, 0xff, 0x60, 0x0, 0x0, 0x0, 0x0, 0x0,
    0xcf, 0xe0, 0x0, 0x0, 0x0, 0x6, 0xff, 0xf2,
    0x0, 0xa, 0xff, 0x80, 0x0, 0x0, 0x0, 0x0,
    0x0, 0xc, 0xfe, 0x66, 0x66, 0x67, 0x9d, 0xff,
    0xf5, 0x0, 0x5, 0xff, 0xe6, 0x66, 0x66, 0x66,
    0x66, 0x66, 0x62, 0xcf, 0xff, 0xff, 0xff, 0xff,
    0xff, 0xe5, 0x0, 0x0, 0x6f, 0xff, 0xff, 0xff,
    0xff, 0xff, 0xff, 0xff, 0x6c, 0xff, 0xff, 0xff,
    0xfe, 0xda, 0x60, 0x0, 0x0, 0x6, 0xff, 0xff,
    0xff, 0xff, 0xff, 0xff, 0xff, 0xf6,

    /* U+01F2 "ǲ" */
    0xcf, 0xff, 0xff, 0xff, 0xfe, 0xc7, 0x10, 0x0,
    0x0, 0x0, 0x0, 0x0, 0x0, 0x0, 0x0, 0x0,
    0xcf, 0xff, 0xff, 0xff, 0xff, 0xff, 0xf6, 0x0,
    0x0, 0x0, 0x0, 0x0, 0x0, 0x0, 0x0, 0x0,
    0xcf, 0xe6, 0x66, 0x66, 0x79, 0xdf, 0xff, 0x60,
    0x0, 0x0, 0x0, 0x0, 0x0, 0x0, 0x0, 0x0,
    0xcf, 0xe0, 0x0, 0x0, 0x0, 0x6, 0xff, 0xf2,
    0x0, 0x0, 0x0, 0x0, 0x0, 0x0, 0x0, 0x0,
    0xcf, 0xe0, 0x0, 0x0, 0x0, 0x0, 0x5f, 0xfb,
    0x0, 0x0, 0x0, 0x0, 0x0, 0x0, 0x0, 0x0,
    0xcf, 0xe0, 0x0, 0x0, 0x0, 0x0, 0xb, 0xff,
    0x20, 0xb, 0xff, 0xff, 0xff, 0xff, 0xff, 0xf2,
    0xcf, 0xe0, 0x0, 0x0, 0x0, 0x0, 0x5, 0xff,
    0x60, 0xb, 0xff, 0xff, 0xff, 0xff, 0xff, 0xf1,
    0xcf, 0xe0, 0x0, 0x0, 0x0, 0x0, 0x1, 0xff,
    0x90, 0x0, 0x0, 0x0, 0x0, 0x7, 0xff, 0x60,
    0xcf, 0xe0, 0x0, 0x0, 0x0, 0x0, 0x0, 0xff,
    0xb0, 0x0, 0x0, 0x0, 0x0, 0x4f, 0xf9, 0x0,
    0xcf, 0xe0, 0x0, 0x0, 0x0, 0x0, 0x0, 0xff,
    0xc0, 0x0, 0x0, 0x0, 0x2, 0xff, 0xc0, 0x0,
    0xcf, 0xe0, 0x0, 0x0, 0x0, 0x0, 0x0, 0xff,
    0xc0, 0x0, 0x0, 0x0, 0x1e, 0xfe, 0x10, 0x0,
    0xcf, 0xe0, 0x0, 0x0, 0x0, 0x0, 0x0, 0xff,
    0xb0, 0x0, 0x0, 0x0, 0xcf, 0xf3, 0x0, 0x0,
    0xcf, 0xe0, 0x0, 0x0, 0x0, 0x0, 0x2, 0xff,
    0x90, 0x0, 0x0, 0xa, 0xff, 0x50, 0x0, 0x0,
    0xcf, 0xe0, 0x0, 0x0, 0x0, 0x0, 0x6, 0xff,
    0x50, 0x0, 0x0, 0x7f, 0xf8, 0x0, 0x0, 0x0,
    0xcf, 0xe0, 0x0, 0x0, 0x0, 0x0, 0xc, 0xff,
    0x10, 0x0, 0x5, 0xff, 0xb0, 0x0, 0x0, 0x0,
    0xcf, 0xe0, 0x0, 0x0, 0x0, 0x0, 0x6f, 0xfa,
    0x0, 0x0, 0x3f, 0xfd, 0x0, 0x0, 0x0, 0x0,
    0xcf, 0xe0, 0x0, 0x0, 0x0, 0x6, 0xff, 0xf2,
    0x0, 0x1, 0xef, 0xe2, 0x0, 0x0, 0x0, 0x0,
    0xcf, 0xe6, 0x66, 0x66, 0x79, 0xdf, 0xff, 0x50,
    0x0, 0xc, 0xff, 0x51, 0x11, 0x11, 0x11, 0x11,
    0xcf, 0xff, 0xff, 0xff, 0xff, 0xff, 0xe5, 0x0,
    0x0, 0x4f, 0xff, 0xff, 0xff, 0xff, 0xff, 0xf9,
    0xcf, 0xff, 0xff, 0xff, 0xed, 0xa6, 0x0, 0x0,
    0x0, 0x4f, 0xff, 0xff, 0xff, 0xff, 0xff, 0xf9,

    /* U+01F3 "ǳ" */
    0x0, 0x0, 0x0, 0x0, 0x0, 0xdf, 0x90, 0x0,
    0x0, 0x0, 0x0, 0x0, 0x0, 0x0, 0x0, 0x0,
    0x0, 0x0, 0x0, 0xdf, 0x90, 0x0, 0x0, 0x0,
    0x0, 0x0, 0x0, 0x0, 0x0, 0x0, 0x0, 0x0,
    0x0, 0xdf, 0x90, 0x0, 0x0, 0x0, 0x0, 0x0,
    0x0, 0x0, 0x0, 0x0, 0x0, 0x0, 0x0, 0xdf,
    0x90, 0x0, 0x0, 0x0, 0x0, 0x0, 0x0, 0x0,
    0x0, 0x0, 0x0, 0x0, 0x0, 0xdf, 0x90, 0x0,
    0x0, 0x0, 0x0, 0x0, 0x0, 0x0, 0x0, 0x6,
    0xce, 0xfc, 0x60, 0xdf, 0x90, 0x6, 0xff, 0xff,
    0xff, 0xff, 0xff, 0xf8, 0x0, 0xbf, 0xff, 0xff,
    0xfa, 0xdf, 0x90, 0x6, 0xff, 0xff, 0xff, 0xff,
    0xff, 0xf7, 0xa, 0xff, 0x92, 0x3, 0xbf, 0xff,
    0x90, 0x0, 0x0, 0x0, 0x0, 0x2, 0xef, 0xe1,
    0x3f, 0xf9, 0x0, 0x0, 0xb, 0xff, 0x90, 0x0,
    0x0, 0x0, 0x0, 0x1d, 0xff, 0x30, 0x9f, 0xf1,
    0x0, 0x0, 0x3, 0xff, 0x90, 0x0, 0x0, 0x0,
    0x0, 0xcf, 0xf5, 0x0, 0xcf, 0xc0, 0x0, 0x0,
    0x0, 0xef, 0x90, 0x0, 0x0, 0x0, 0xa, 0xff,
    0x80, 0x0, 0xef, 0xa0, 0x0, 0x0, 0x0, 0xbf,
    0x90, 0x0, 0x0, 0x0, 0x7f, 0xfa, 0x0, 0x0,
    0xff, 0x80, 0x0, 0x0, 0x0, 0xaf, 0x90, 0x0,
    0x0, 0x5, 0xff, 0xc0, 0x0, 0x0, 0xef, 0x90,
    0x0, 0x0, 0x0, 0xaf, 0x90, 0x0, 0x0, 0x3f,
    0xfe, 0x10, 0x0, 0x0, 0xcf, 0xc0, 0x0, 0x0,
    0x0, 0xdf, 0x90, 0x0, 0x1, 0xef, 0xf2, 0x0,
    0x0, 0x0, 0x8f, 0xf1, 0x0, 0x0, 0x1, 0xff,
    0x90, 0x0, 0xd, 0xff, 0x40, 0x0, 0x0, 0x0,
    0x2f, 0xfa, 0x0, 0x0, 0xa, 0xff, 0x90, 0x0,
    0xbf, 0xf7, 0x0, 0x0, 0x0, 0x0, 0x7, 0xff,
    0xb3, 0x13, 0xbf, 0xff, 0x90, 0x8, 0xff, 0xa1,
    0x11, 0x11, 0x11, 0x11, 0x0, 0x9f, 0xff, 0xff,
    0xfb, 0xbf, 0x90, 0xe, 0xff, 0xff, 0xff, 0xff,
    0xff, 0xff, 0x0, 0x4, 0xbe, 0xfd, 0x70, 0xbf,
    0x90, 0xe, 0xff, 0xff, 0xff, 0xff, 0xff, 0xff,

    /* U+01F4 "Ǵ" */
    0x0, 0x0, 0x0, 0x0, 0x1, 0xde, 0xd1, 0x0,
    0x0, 0x0, 0x0, 0x0, 0x0, 0x0, 0x7f, 0xf5,
    0x0, 0x0, 0x0, 0x0, 0x0, 0x0, 0x0, 0xe,
    0xf8, 0x0, 0x0, 0x0, 0x0, 0x0, 0x0, 0x0,
    0x6, 0xfb, 0x0, 0x0, 0x0, 0x0, 0x0, 0x0,
    0x0, 0x0, 0x0, 0x0, 0x0, 0x0, 0x0, 0x0,
    0x0, 0x0, 0x0, 0x0, 0x0, 0x0, 0x0, 0x0,
    0x0, 0x0, 0x0, 0x0, 0x5a, 0xdf, 0xff, 0xda,
    0x40, 0x0, 0x0, 0x0, 0x5, 0xef, 0xff, 0xff,
    0xff, 0xff, 0xd2, 0x0, 0x0, 0x8, 0xff, 0xfc,
    0x86, 0x56, 0x8e, 0xff, 0xe2, 0x0, 0x7, 0xff,
    0xe4, 0x0, 0x0, 0x0, 0x8, 0xff, 0xc0, 0x2,
    0xff, 0xe1, 0x0, 0x0, 0x0, 0x0, 0x9, 0xff,
    0x40, 0x9f, 0xf4, 0x0, 0x0, 0x0, 0x0, 0x0,
    0x1f, 0xf7, 0xf, 0xfd, 0x0, 0x0, 0x0, 0x0,
    0x0, 0x0, 0x20, 0x4, 0xff, 0x80, 0x0, 0x0,
    0x0, 0x0, 0x0, 0x0, 0x0, 0x6f, 0xf4, 0x0,
    0x0, 0x0, 0x0, 0x0, 0x0, 0x0, 0x8, 0xff,
    0x30, 0x0, 0x0, 0x3, 0x66, 0x66, 0x66, 0x66,
    0x8f, 0xf4, 0x0, 0x0, 0x0, 0x7f, 0xff, 0xff,
    0xff, 0xf6, 0xff, 0x50, 0x0, 0x0, 0x7, 0xff,
    0xff, 0xff, 0xff, 0x4f, 0xf8, 0x0, 0x0, 0x0,
    0x0, 0x0, 0x0, 0x9f, 0xf0, 0xff, 0xd0, 0x0,
    0x0, 0x0, 0x0, 0x0, 0x9, 0xff, 0xa, 0xff,
    0x50, 0x0, 0x0, 0x0, 0x0, 0x0, 0x9f, 0xf0,
    0x2f, 0xff, 0x20, 0x0, 0x0, 0x0, 0x0, 0xb,
    0xff, 0x0, 0x6f, 0xff, 0x70, 0x0, 0x0, 0x0,
    0x4c, 0xff, 0xf0, 0x0, 0x7f, 0xff, 0xfa, 0x87,
    0x7a, 0xef, 0xff, 0xd3, 0x0, 0x0, 0x4d, 0xff,
    0xff, 0xff, 0xff, 0xfe, 0x80, 0x0, 0x0, 0x0,
    0x4, 0x9c, 0xef, 0xed, 0xa5, 0x0, 0x0,

    /* U+01F5 "ǵ" */
    0x0, 0x0, 0x0, 0xb, 0xff, 0x50, 0x0, 0x0,
    0x0, 0x0, 0x3f, 0xf8, 0x0, 0x0, 0x0, 0x0,
    0x0, 0xaf, 0xc0, 0x0, 0x0, 0x0, 0x0, 0x1,
    0xed, 0x10, 0x0, 0x0, 0x0, 0x0, 0x0, 0x0,
    0x0, 0x0, 0x0, 0x0, 0x0, 0x5b, 0xef, 0xd7,
    0x8, 0xfc, 0x0, 0xb, 0xff, 0xff, 0xff, 0xc9,
    0xfc, 0x0, 0x9f, 0xf9, 0x20, 0x3b, 0xff, 0xfc,
    0x2, 0xff, 0x90, 0x0, 0x0, 0xaf, 0xfc, 0x9,
    0xff, 0x0, 0x0, 0x0, 0x1f, 0xfc, 0xd, 0xfa,
    0x0, 0x0, 0x0, 0xc, 0xfc, 0xf, 0xf8, 0x0,
    0x0, 0x0, 0x9, 0xfc, 0xf, 0xf7, 0x0, 0x0,
    0x0, 0x9, 0xfc, 0xf, 0xf8, 0x0, 0x0, 0x0,
    0x9, 0xfc, 0xd, 0xfa, 0x0, 0x0, 0x0, 0xc,
    0xfc, 0x9, 0xff, 0x0, 0x0, 0x0, 0x1f, 0xfc,
    0x3, 0xff, 0x80, 0x0, 0x0, 0xaf, 0xfc, 0x0,
    0x9f, 0xf9, 0x20, 0x3b, 0xff, 0xfb, 0x0, 0xa,
    0xff, 0xff, 0xff, 0xcd, 0xfb, 0x0, 0x0, 0x5b,
    0xef, 0xd7, 0xc, 0xfb, 0x0, 0x0, 0x0, 0x0,
    0x0, 0xd, 0xf9, 0x5, 0x96, 0x0, 0x0, 0x0,
    0x1f, 0xf7, 0x6, 0xff, 0x20, 0x0, 0x0, 0x8f,
    0xf2, 0x1, 0xff, 0xd5, 0x11, 0x28, 0xff, 0xa0,
    0x0, 0x5f, 0xff, 0xff, 0xff, 0xfb, 0x0, 0x0,
    0x2, 0x9d, 0xff, 0xda, 0x40, 0x0,

    /* U+01FA "Ǻ" */
    0x0, 0x0, 0x0, 0x0, 0x0, 0xde, 0xe3, 0x0,
    0x0, 0x0, 0x0, 0x0, 0x0, 0x0, 0x6, 0xff,
    0x70, 0x0, 0x0, 0x0, 0x0, 0x0, 0x0, 0x0,
    0xd, 0xfa, 0x0, 0x0, 0x0, 0x0, 0x0, 0x0,
    0x0, 0x0, 0x4f, 0xd0, 0x0, 0x0, 0x0, 0x0,
    0x0, 0x0, 0x0, 0x0, 0x0, 0x0, 0x0, 0x0,
    0x0, 0x0, 0x0, 0x0, 0x0, 0x0, 0x0, 0x0,
    0x0, 0x0, 0x0, 0x0, 0x0, 0x0, 0x0, 0x0,
    0x4c, 0xd6, 0x0, 0x0, 0x0, 0x0, 0x0, 0x0,
    0x0, 0x1, 0xe4, 0x3d, 0x40, 0x0, 0x0, 0x0,
    0x0, 0x0, 0x0, 0x4, 0xb0, 0x7, 0x80, 0x0,
    0x0, 0x0, 0x0, 0x0, 0x0, 0x1, 0xe3, 0x1c,
    0x50, 0x0, 0x0, 0x0, 0x0, 0x0, 0x0, 0x0,
    0xaf, 0xfd, 0x0, 0x0, 0x0, 0x0, 0x0, 0x0,
    0x0, 0x0, 0xef, 0xff, 0x20, 0x0, 0x0, 0x0,
    0x0, 0x0, 0x0, 0x4, 0xfe, 0xdf, 0x80, 0x0,
    0x0, 0x0, 0x0, 0x0, 0x0, 0xa, 0xfb, 0x8f,
    0xe0, 0x0, 0x0, 0x0, 0x0, 0x0, 0x0, 0x1f,
    0xf6, 0x3f, 0xf5, 0x0, 0x0, 0x0, 0x0, 0x0,
    0x0, 0x7f, 0xf1, 0xd, 0xfc, 0x0, 0x0, 0x0,
    0x0, 0x0, 0x0, 0xdf, 0xb0, 0x7, 0xff, 0x20,
    0x0, 0x0, 0x0, 0x0, 0x3, 0xff, 0x50, 0x1,
    0xff, 0x90, 0x0, 0x0, 0x0, 0x0, 0x9, 0xff,
    0x0, 0x0, 0xbf, 0xf0, 0x0, 0x0, 0x0, 0x0,
    0xf, 0xfa, 0x0, 0x0, 0x5f, 0xf6, 0x0, 0x0,
    0x0, 0x0, 0x5f, 0xf4, 0x0, 0x0, 0xf, 0xfc,
    0x0, 0x0, 0x0, 0x0, 0xcf, 0xe2, 0x22, 0x22,
    0x2a, 0xff, 0x30, 0x0, 0x0, 0x2, 0xff, 0xff,
    0xff, 0xff, 0xff, 0xff, 0xa0, 0x0, 0x0, 0x8,
    0xff, 0xff, 0xff, 0xff, 0xff, 0xff, 0xf1, 0x0,
    0x0, 0xe, 0xfc, 0x0, 0x0, 0x0, 0x0, 0x7f,
    0xf7, 0x0, 0x0, 0x4f, 0xf6, 0x0, 0x0, 0x0,
    0x0, 0x1f, 0xfd, 0x0, 0x0, 0xaf, 0xf1, 0x0,
    0x0, 0x0, 0x0, 0xa, 0xff, 0x40, 0x1, 0xff,
    0xb0, 0x0, 0x0, 0x0, 0x0, 0x4, 0xff, 0xa0,
    0x7, 0xff, 0x50, 0x0, 0x0, 0x0, 0x0, 0x0,
    0xef, 0xf1, 0xd, 0xfe, 0x0, 0x0, 0x0, 0x0,
    0x0, 0x0, 0x7f, 0xf7,

    /* U+01FB "ǻ" */
    0x0, 0x0, 0x0, 0x1e, 0xec, 0x10, 0x0, 0x0,
    0x0, 0x0, 0x8f, 0xf4, 0x0, 0x0, 0x0, 0x0,
    0x1, 0xff, 0x70, 0x0, 0x0, 0x0, 0x0, 0x7,
    0xfa, 0x0, 0x0, 0x0, 0x0, 0x0, 0x0, 0x0,
    0x0, 0x0, 0x0, 0x0, 0x0, 0x8, 0xed, 0x40,
    0x0, 0x0, 0x0, 0x0, 0x6b, 0x14, 0xe0, 0x0,
    0x0, 0x0, 0x0, 0xa5, 0x0, 0xc3, 0x0, 0x0,
    0x0, 0x0, 0x7b, 0x2, 0xe1, 0x0, 0x0, 0x0,
    0x0, 0xa, 0xfe, 0x50, 0x0, 0x0, 0x0, 0x0,
    0x0, 0x0, 0x0, 0x0, 0x0, 0x0, 0x0, 0x0,
    0x0, 0x0, 0x0, 0x0, 0x0, 0x6, 0xbe, 0xff,
    0xeb, 0x60, 0x0, 0x1, 0xdf, 0xff, 0xff, 0xff,
    0xfa, 0x0, 0xc, 0xff, 0x72, 0x1, 0x4d, 0xff,
    0x40, 0x3f, 0xf6, 0x0, 0x0, 0x1, 0xff, 0x80,
    0x39, 0xa0, 0x0, 0x0, 0x0, 0xdf, 0x90, 0x0,
    0x0, 0x0, 0x0, 0x3, 0xef, 0xa0, 0x0, 0x2,
    0x68, 0xbd, 0xff, 0xff, 0xa0, 0x3, 0xcf, 0xff,
    0xff, 0xea, 0xef, 0xa0, 0x2f, 0xff, 0xb7, 0x42,
    0x0, 0xdf, 0xa0, 0xbf, 0xf3, 0x0, 0x0, 0x0,
    0xef, 0xa0, 0xef, 0xc0, 0x0, 0x0, 0x2, 0xff,
    0xa0, 0xdf, 0xd0, 0x0, 0x0, 0xb, 0xff, 0xa0,
    0x9f, 0xfa, 0x20, 0x5, 0xdf, 0xff, 0xb0, 0x1d,
    0xff, 0xff, 0xff, 0xf7, 0x8f, 0xe0, 0x1, 0x8d,
    0xff, 0xd8, 0x10, 0x4f, 0xf3,

    /* U+01FC "Ǽ" */
    0x0, 0x0, 0x0, 0x0, 0x0, 0x0, 0x0, 0x0,
    0xe, 0xff, 0x30, 0x0, 0x0, 0x0, 0x0, 0x0,
    0x0, 0x0, 0x0, 0x0, 0x0, 0x5, 0xff, 0x60,
    0x0, 0x0, 0x0, 0x0, 0x0, 0x0, 0x0, 0x0,
    0x0, 0x0, 0x0, 0xdf, 0x90, 0x0, 0x0, 0x0,
    0x0, 0x0, 0x0, 0x0, 0x0, 0x0, 0x0, 0x0,
    0x3e, 0xb0, 0x0, 0x0, 0x0, 0x0, 0x0, 0x0,
    0x0, 0x0, 0x0, 0x0, 0x0, 0x0, 0x0, 0x0,
    0x0, 0x0, 0x0, 0x0, 0x0, 0x0, 0x0, 0x0,
    0x9f, 0xff, 0xff, 0xff, 0xff, 0xff, 0xff, 0xff,
    0xf1, 0x0, 0x0, 0x0, 0x0, 0x1f, 0xff, 0xff,
    0xff, 0xff, 0xff, 0xff, 0xff, 0xff, 0x10, 0x0,
    0x0, 0x0, 0x8, 0xff, 0x86, 0xcf, 0xf6, 0x66,
    0x66, 0x66, 0x66, 0x60, 0x0, 0x0, 0x0, 0x1,
    0xff, 0xc0, 0xa, 0xff, 0x0, 0x0, 0x0, 0x0,
    0x0, 0x0, 0x0, 0x0, 0x0, 0x8f, 0xf4, 0x0,
    0xaf, 0xf0, 0x0, 0x0, 0x0, 0x0, 0x0, 0x0,
    0x0, 0x0, 0xe, 0xfc, 0x0, 0xa, 0xff, 0x0,
    0x0, 0x0, 0x0, 0x0, 0x0, 0x0, 0x0, 0x7,
    0xff, 0x40, 0x0, 0xaf, 0xf0, 0x0, 0x0, 0x0,
    0x0, 0x0, 0x0, 0x0, 0x0, 0xef, 0xc0, 0x0,
    0xa, 0xff, 0x0, 0x0, 0x0, 0x0, 0x0, 0x0,
    0x0, 0x0, 0x7f, 0xf4, 0x0, 0x0, 0xaf, 0xf6,
    0x66, 0x66, 0x66, 0x66, 0x20, 0x0, 0x0, 0xe,
    0xfc, 0x0, 0x0, 0xa, 0xff, 0xff, 0xff, 0xff,
    0xff, 0xf6, 0x0, 0x0, 0x6, 0xff, 0x40, 0x0,
    0x0, 0xaf, 0xff, 0xff, 0xff, 0xff, 0xff, 0x60,
    0x0, 0x0, 0xdf, 0xf6, 0x66, 0x66, 0x6c, 0xff,
    0x0, 0x0, 0x0, 0x0, 0x0, 0x0, 0x0, 0x6f,
    0xff, 0xff, 0xff, 0xff, 0xff, 0xf0, 0x0, 0x0,
    0x0, 0x0, 0x0, 0x0, 0xd, 0xff, 0xff, 0xff,
    0xff, 0xff, 0xff, 0x0, 0x0, 0x0, 0x0, 0x0,
    0x0, 0x5, 0xff, 0x60, 0x0, 0x0, 0x0, 0xaf,
    0xf0, 0x0, 0x0, 0x0, 0x0, 0x0, 0x0, 0xdf,
    0xe0, 0x0, 0x0, 0x0, 0xa, 0xff, 0x0, 0x0,
    0x0, 0x0, 0x0, 0x0, 0x4f, 0xf7, 0x0, 0x0,
    0x0, 0x0, 0xaf, 0xf0, 0x0, 0x0, 0x0, 0x0,
    0x0, 0xc, 0xff, 0x10, 0x0, 0x0, 0x0, 0xa,
    0xff, 0x66, 0x66, 0x66, 0x66, 0x66, 0x24, 0xff,
    0x90, 0x0, 0x0, 0x0, 0x0, 0xaf, 0xff, 0xff,
    0xff, 0xff, 0xff, 0xf7, 0xcf, 0xf2, 0x0, 0x0,
    0x0, 0x0, 0xa, 0xff, 0xff, 0xff, 0xff, 0xff,
    0xff, 0x70,

    /* U+01FD "ǽ" */
    0x0, 0x0, 0x0, 0x0, 0x0, 0x0, 0xef, 0xf2,
    0x0, 0x0, 0x0, 0x0, 0x0, 0x0, 0x0, 0x0,
    0x0, 0x6, 0xff, 0x50, 0x0, 0x0, 0x0, 0x0,
    0x0, 0x0, 0x0, 0x0, 0x0, 0xe, 0xf8, 0x0,
    0x0, 0x0, 0x0, 0x0, 0x0, 0x0, 0x0, 0x0,
    0x0, 0x4e, 0xb0, 0x0, 0x0, 0x0, 0x0, 0x0,
    0x0, 0x0, 0x0, 0x0, 0x0, 0x0, 0x0, 0x0,
    0x0, 0x0, 0x0, 0x0, 0x0, 0x0, 0x7c, 0xef,
    0xfd, 0x92, 0x0, 0x5b, 0xef, 0xea, 0x30, 0x0,
    0x0, 0x2d, 0xff, 0xff, 0xff, 0xff, 0x5b, 0xff,
    0xff, 0xff, 0xf8, 0x0, 0x0, 0xdf, 0xe6, 0x20,
    0x15, 0xef, 0xff, 0xf6, 0x11, 0x3a, 0xff, 0x60,
    0x5, 0xff, 0x30, 0x0, 0x0, 0x6f, 0xff, 0x30,
    0x0, 0x0, 0x9f, 0xe0, 0x3, 0x88, 0x0, 0x0,
    0x0, 0x3f, 0xfa, 0x0, 0x0, 0x0, 0x1f, 0xf5,
    0x0, 0x0, 0x0, 0x0, 0x2, 0x8f, 0xf6, 0x0,
    0x0, 0x0, 0xd, 0xf9, 0x0, 0x0, 0x48, 0xbd,
    0xff, 0xff, 0xff, 0xff, 0xff, 0xff, 0xff, 0xfb,
    0x0, 0x4e, 0xff, 0xff, 0xfc, 0x8f, 0xff, 0xff,
    0xff, 0xff, 0xff, 0xfc, 0x4, 0xff, 0xe8, 0x42,
    0x0, 0x2f, 0xf5, 0x0, 0x0, 0x0, 0x0, 0x0,
    0xc, 0xfe, 0x10, 0x0, 0x0, 0x3f, 0xf6, 0x0,
    0x0, 0x0, 0x1, 0x0, 0xf, 0xfa, 0x0, 0x0,
    0x0, 0x7f, 0xfa, 0x0, 0x0, 0x0, 0x1f, 0xf8,
    0xf, 0xfc, 0x0, 0x0, 0x2, 0xff, 0xff, 0x40,
    0x0, 0x0, 0x9f, 0xf3, 0xa, 0xff, 0xa3, 0x13,
    0x8f, 0xfa, 0xcf, 0xf8, 0x31, 0x3a, 0xff, 0xa0,
    0x1, 0xef, 0xff, 0xff, 0xff, 0x70, 0x1b, 0xff,
    0xff, 0xff, 0xfb, 0x0, 0x0, 0x18, 0xdf, 0xfd,
    0x81, 0x0, 0x0, 0x5b, 0xef, 0xeb, 0x50, 0x0,

    /* U+01FE "Ǿ" */
    0x0, 0x0, 0x0, 0x0, 0x0, 0xde, 0xd1, 0x0,
    0x0, 0x0, 0x0, 0x0, 0x0, 0x0, 0x7, 0xff,
    0x50, 0x0, 0x0, 0x0, 0x0, 0x0, 0x0, 0x0,
    0xe, 0xf8, 0x0, 0x0, 0x0, 0x0, 0x0, 0x0,
    0x0, 0x0, 0x6f, 0xb0, 0x0, 0x0, 0x0, 0x0,
    0x0, 0x0, 0x0, 0x0, 0x0, 0x0, 0x0, 0x0,
    0x0, 0x0, 0x0, 0x0, 0x0, 0x0, 0x0, 0x0,
    0x0, 0x0, 0x0, 0x90, 0x0, 0x0, 0x1, 0x6b,
    0xef, 0xfd, 0xa5, 0x0, 0x9, 0xf8, 0x0, 0x0,
    0x7f, 0xff, 0xff, 0xff, 0xff, 0xd3, 0x5f, 0xd0,
    0x0, 0xa, 0xff, 0xfb, 0x75, 0x57, 0xcf, 0xff,
    0xff, 0x20, 0x0, 0x9f, 0xfc, 0x20, 0x0, 0x0,
    0x4, 0xef, 0xf8, 0x0, 0x4, 0xff, 0xc0, 0x0,
    0x0, 0x0, 0x2, 0xef, 0xff, 0x10, 0xc, 0xff,
    0x10, 0x0, 0x0, 0x0, 0x1e, 0xfa, 0xff, 0x90,
    0x2f, 0xfa, 0x0, 0x0, 0x0, 0x1, 0xdf, 0x70,
    0xdf, 0xf0, 0x6f, 0xf5, 0x0, 0x0, 0x0, 0xc,
    0xf8, 0x0, 0x9f, 0xf3, 0x9f, 0xf2, 0x0, 0x0,
    0x0, 0xcf, 0x90, 0x0, 0x5f, 0xf6, 0xaf, 0xf1,
    0x0, 0x0, 0xb, 0xfa, 0x0, 0x0, 0x4f, 0xf7,
    0xaf, 0xf1, 0x0, 0x0, 0xaf, 0xb0, 0x0, 0x0,
    0x4f, 0xf7, 0x9f, 0xf2, 0x0, 0x9, 0xfb, 0x0,
    0x0, 0x0, 0x5f, 0xf6, 0x6f, 0xf5, 0x0, 0x8f,
    0xc0, 0x0, 0x0, 0x0, 0x8f, 0xf3, 0x2f, 0xfa,
    0x7, 0xfd, 0x10, 0x0, 0x0, 0x0, 0xdf, 0xf0,
    0xb, 0xff, 0x8f, 0xd1, 0x0, 0x0, 0x0, 0x5,
    0xff, 0xa0, 0x2, 0xff, 0xfe, 0x20, 0x0, 0x0,
    0x0, 0x2e, 0xff, 0x20, 0x0, 0xaf, 0xfd, 0x20,
    0x0, 0x0, 0x4, 0xef, 0xf6, 0x0, 0x3, 0xff,
    0xff, 0xfb, 0x75, 0x57, 0xcf, 0xff, 0x80, 0x0,
    0x2e, 0xf4, 0x5e, 0xff, 0xff, 0xff, 0xff, 0xe5,
    0x0, 0x0, 0x8f, 0x50, 0x0, 0x6a, 0xef, 0xfd,
    0xa6, 0x0, 0x0, 0x0, 0x3, 0x0, 0x0, 0x0,
    0x0, 0x0, 0x0, 0x0, 0x0, 0x0,

    /* U+01FF "ǿ" */
    0x0, 0x0, 0x0, 0x6, 0xff, 0xa0, 0x0, 0x0,
    0x0, 0x0, 0x0, 0xdf, 0xd0, 0x0, 0x0, 0x0,
    0x0, 0x0, 0x5f, 0xf2, 0x0, 0x0, 0x0, 0x0,
    0x0, 0xa, 0xe5, 0x0, 0x0, 0x0, 0x0, 0x0,
    0x0, 0x0, 0x0, 0x0, 0x11, 0x0, 0x0, 0x5,
    0xbe, 0xfe, 0xb5, 0xc, 0xe0, 0x0, 0x1b, 0xff,
    0xff, 0xff, 0xff, 0xf5, 0x0, 0xc, 0xff, 0x93,
    0x13, 0x9f, 0xfe, 0x0, 0x6, 0xff, 0x70, 0x0,
    0x3, 0xff, 0xf8, 0x0, 0xcf, 0xd0, 0x0, 0x1,
    0xee, 0xcf, 0xe0, 0xf, 0xf8, 0x0, 0x0, 0xcf,
    0x46, 0xff, 0x22, 0xff, 0x50, 0x0, 0x9f, 0x70,
    0x3f, 0xf4, 0x3f, 0xf4, 0x0, 0x5f, 0xa0, 0x2,
    0xff, 0x52, 0xff, 0x60, 0x2f, 0xd0, 0x0, 0x3f,
    0xf4, 0x1f, 0xf8, 0x1d, 0xf2, 0x0, 0x5, 0xff,
    0x30, 0xcf, 0xeb, 0xf5, 0x0, 0x0, 0xbf, 0xf0,
    0x6, 0xff, 0xf8, 0x0, 0x0, 0x5f, 0xf9, 0x0,
    0xc, 0xff, 0xa3, 0x12, 0x8f, 0xfe, 0x10, 0x1,
    0xef, 0xff, 0xff, 0xff, 0xfd, 0x20, 0x0, 0xcf,
    0x35, 0xbe, 0xfe, 0xb6, 0x0, 0x0, 0x3, 0x60,
    0x0, 0x0, 0x0, 0x0, 0x0, 0x0,

    /* U+0200 "Ȁ" */
    0x0, 0x0, 0x2f, 0xfe, 0x7, 0xff, 0x90, 0x0,
    0x0, 0x0, 0x0, 0x0, 0x5, 0xff, 0x60, 0xbf,
    0xf1, 0x0, 0x0, 0x0, 0x0, 0x0, 0x0, 0x9f,
    0xe0, 0x1d, 0xf8, 0x0, 0x0, 0x0, 0x0, 0x0,
    0x0, 0xb, 0xe4, 0x3, 0xed, 0x0, 0x0, 0x0,
    0x0, 0x0, 0x0, 0x0, 0x0, 0x0, 0x0, 0x0,
    0x0, 0x0, 0x0, 0x0, 0x0, 0x0, 0x8f, 0xfb,
    0x0, 0x0, 0x0, 0x0, 0x0, 0x0, 0x0, 0x0,
    0xef, 0xff, 0x20, 0x0, 0x0, 0x0, 0x0, 0x0,
    0x0, 0x4, 0xfe, 0xdf, 0x80, 0x0, 0x0, 0x0,
    0x0, 0x0, 0x0, 0xa, 0xfb, 0x8f, 0xe0, 0x0,
    0x0, 0x0, 0x0, 0x0, 0x0, 0x1f, 0xf6, 0x3f,
    0xf5, 0x0, 0x0, 0x0, 0x0, 0x0, 0x0, 0x7f,
    0xf1, 0xd, 0xfc, 0x0, 0x0, 0x0, 0x0, 0x0,
    0x0, 0xdf, 0xb0, 0x7, 0xff, 0x20, 0x0, 0x0,
    0x0, 0x0, 0x3, 0xff, 0x50, 0x1, 0xff, 0x90,
    0x0, 0x0, 0x0, 0x0, 0x9, 0xff, 0x0, 0x0,
    0xbf, 0xf0, 0x0, 0x0, 0x0, 0x0, 0xf, 0xfa,
    0x0, 0x0, 0x5f, 0xf6, 0x0, 0x0, 0x0, 0x0,
    0x6f, 0xf4, 0x0, 0x0, 0xf, 0xfd, 0x0, 0x0,
    0x0, 0x0, 0xcf, 0xe2, 0x22, 0x22, 0x2a, 0xff,
    0x30, 0x0, 0x0, 0x2, 0xff, 0xff, 0xff, 0xff,
    0xff, 0xff, 0xa0, 0x0, 0x0, 0x8, 0xff, 0xff,
    0xff, 0xff, 0xff, 0xff, 0xf1, 0x0, 0x0, 0xe,
    0xfc, 0x0, 0x0, 0x0, 0x0, 0x7f, 0xf7, 0x0,
    0x0, 0x4f, 0xf6, 0x0, 0x0, 0x0, 0x0, 0x1f,
    0xfd, 0x0, 0x0, 0xaf, 0xf1, 0x0, 0x0, 0x0,
    0x0, 0xa, 0xff, 0x40, 0x1, 0xff, 0xb0, 0x0,
    0x0, 0x0, 0x0, 0x4, 0xff, 0xa0, 0x7, 0xff,
    0x50, 0x0, 0x0, 0x0, 0x0, 0x0, 0xef, 0xf1,
    0xd, 0xfe, 0x0, 0x0, 0x0, 0x0, 0x0, 0x0,
    0x7f, 0xf7,

    /* U+0201 "ȁ" */
    0x3, 0xff, 0xd0, 0x9f, 0xf7, 0x0, 0x0, 0x0,
    0x6f, 0xf5, 0xc, 0xfe, 0x0, 0x0, 0x0, 0xa,
    0xfc, 0x1, 0xef, 0x60, 0x0, 0x0, 0x0, 0xce,
    0x30, 0x4e, 0xc0, 0x0, 0x0, 0x0, 0x0, 0x0,
    0x0, 0x0, 0x0, 0x0, 0x6, 0xbe, 0xff, 0xeb,
    0x60, 0x0, 0x1, 0xdf, 0xff, 0xff, 0xff, 0xfa,
    0x0, 0xc, 0xff, 0x72, 0x1, 0x4d, 0xff, 0x40,
    0x3f, 0xf6, 0x0, 0x0, 0x1, 0xff, 0x80, 0x39,
    0xa0, 0x0, 0x0, 0x0, 0xdf, 0x90, 0x0, 0x0,
    0x0, 0x0, 0x3, 0xef, 0xa0, 0x0, 0x2, 0x68,
    0xbd, 0xff, 0xff, 0xa0, 0x3, 0xcf, 0xff, 0xff,
    0xea, 0xef, 0xa0, 0x2f, 0xff, 0xb7, 0x42, 0x0,
    0xdf, 0xa0, 0xbf, 0xf3, 0x0, 0x0, 0x0, 0xef,
    0xa0, 0xef, 0xc0, 0x0, 0x0, 0x2, 0xff, 0xa0,
    0xdf, 0xd0, 0x0, 0x0, 0xb, 0xff, 0xa0, 0x9f,
    0xfa, 0x20, 0x5, 0xdf, 0xff, 0xb0, 0x1d, 0xff,
    0xff, 0xff, 0xf7, 0x8f, 0xe0, 0x1, 0x8d, 0xff,
    0xd8, 0x10, 0x4f, 0xf3,

    /* U+0202 "Ȃ" */
    0x0, 0x0, 0x0, 0x2, 0xae, 0xfc, 0x40, 0x0,
    0x0, 0x0, 0x0, 0x0, 0x0, 0x2f, 0xfd, 0xcf,
    0xf4, 0x0, 0x0, 0x0, 0x0, 0x0, 0x0, 0xaf,
    0x50, 0x2, 0xee, 0x0, 0x0, 0x0, 0x0, 0x0,
    0x0, 0x99, 0x0, 0x0, 0x6a, 0x10, 0x0, 0x0,
    0x0, 0x0, 0x0, 0x0, 0x0, 0x0, 0x0, 0x0,
    0x0, 0x0, 0x0, 0x0, 0x0, 0x0, 0x8f, 0xfb,
    0x0, 0x0, 0x0, 0x0, 0x0, 0x0, 0x0, 0x0,
    0xef, 0xff, 0x20, 0x0, 0x0, 0x0, 0x0, 0x0,
    0x0, 0x4, 0xfe, 0xdf, 0x80, 0x0, 0x0, 0x0,
    0x0, 0x0, 0x0, 0xa, 0xfb, 0x8f, 0xe0, 0x0,
    0x0, 0x0, 0x0, 0x0, 0x0, 0x1f, 0xf6, 0x3f,
    0xf5, 0x0, 0x0, 0x0, 0x0, 0x0, 0x0, 0x7f,
    0xf1, 0xd, 0xfc, 0x0, 0x0, 0x0, 0x0, 0x0,
    0x0, 0xdf, 0xb0, 0x7, 0xff, 0x20, 0x0, 0x0,
    0x0, 0x0, 0x3, 0xff, 0x50, 0x1, 0xff, 0x90,
    0x0, 0x0, 0x0, 0x0, 0x9, 0xff, 0x0, 0x0,
    0xbf, 0xf0, 0x0, 0x0, 0x0, 0x0, 0xf, 0xfa,
    0x0, 0x0, 0x5f, 0xf6, 0x0, 0x0, 0x0, 0x0,
    0x6f, 0xf4, 0x0, 0x0, 0xf, 0xfd, 0x0, 0x0,
    0x0, 0x0, 0xcf, 0xe2, 0x22, 0x22, 0x2a, 0xff,
    0x30, 0x0, 0x0, 0x2, 0xff, 0xff, 0xff, 0xff,
    0xff, 0xff, 0xa0, 0x0, 0x0, 0x8, 0xff, 0xff,
    0xff, 0xff, 0xff, 0xff, 0xf1, 0x0, 0x0, 0xe,
    0xfc, 0x0, 0x0, 0x0, 0x0, 0x7f, 0xf7, 0x0,
    0x0, 0x4f, 0xf6, 0x0, 0x0, 0x0, 0x0, 0x1f,
    0xfd, 0x0, 0x0, 0xaf, 0xf1, 0x0, 0x0, 0x0,
    0x0, 0xa, 0xff, 0x40, 0x1, 0xff, 0xb0, 0x0,
    0x0, 0x0, 0x0, 0x4, 0xff, 0xa0, 0x7, 0xff,
    0x50, 0x0, 0x0, 0x0, 0x0, 0x0, 0xef, 0xf1,
    0xd, 0xfe, 0x0, 0x0, 0x0, 0x0, 0x0, 0x0,
    0x7f, 0xf7,

    /* U+0203 "ȃ" */
    0x0, 0x0, 0x3b, 0xee, 0xb4, 0x0, 0x0, 0x0,
    0x4, 0xff, 0xcc, 0xff, 0x50, 0x0, 0x0, 0xb,
    0xf2, 0x0, 0x2e, 0xd0, 0x0, 0x0, 0x5, 0x40,
    0x0, 0x3, 0x50, 0x0, 0x0, 0x0, 0x0, 0x0,
    0x0, 0x0, 0x0, 0x0, 0x6, 0xbe, 0xff, 0xeb,
    0x60, 0x0, 0x1, 0xdf, 0xff, 0xff, 0xff, 0xfa,
    0x0, 0xc, 0xff, 0x72, 0x1, 0x4d, 0xff, 0x40,
    0x3f, 0xf6, 0x0, 0x0, 0x1, 0xff, 0x80, 0x39,
    0xa0, 0x0, 0x0, 0x0, 0xdf, 0x90, 0x0, 0x0,
    0x0, 0x0, 0x3, 0xef, 0xa0, 0x0, 0x2, 0x68,
    0xbd, 0xff, 0xff, 0xa0, 0x3, 0xcf, 0xff, 0xff,
    0xea, 0xef, 0xa0, 0x2f, 0xff, 0xb7, 0x42, 0x0,
    0xdf, 0xa0, 0xbf, 0xf3, 0x0, 0x0, 0x0, 0xef,
    0xa0, 0xef, 0xc0, 0x0, 0x0, 0x2, 0xff, 0xa0,
    0xdf, 0xd0, 0x0, 0x0, 0xb, 0xff, 0xa0, 0x9f,
    0xfa, 0x20, 0x5, 0xdf, 0xff, 0xb0, 0x1d, 0xff,
    0xff, 0xff, 0xf7, 0x8f, 0xe0, 0x1, 0x8d, 0xff,
    0xd8, 0x10, 0x4f, 0xf3,

    /* U+0204 "Ȅ" */
    0x0, 0xaf, 0xf6, 0x2e, 0xff, 0x10, 0x0, 0x0,
    0x0, 0xd, 0xfd, 0x4, 0xff, 0x70, 0x0, 0x0,
    0x0, 0x2, 0xff, 0x50, 0x8f, 0xe0, 0x0, 0x0,
    0x0, 0x0, 0x5e, 0xb0, 0xa, 0xe5, 0x0, 0x0,
    0x0, 0x0, 0x0, 0x0, 0x0, 0x0, 0x0, 0x0,
    0xcf, 0xff, 0xff, 0xff, 0xff, 0xff, 0xff, 0xb0,
    0xcf, 0xff, 0xff, 0xff, 0xff, 0xff, 0xff, 0xb0,
    0xcf, 0xe6, 0x66, 0x66, 0x66, 0x66, 0x66, 0x40,
    0xcf, 0xe0, 0x0, 0x0, 0x0, 0x0, 0x0, 0x0,
    0xcf, 0xe0, 0x0, 0x0, 0x0, 0x0, 0x0, 0x0,
    0xcf, 0xe0, 0x0, 0x0, 0x0, 0x0, 0x0, 0x0,
    0xcf, 0xe0, 0x0, 0x0, 0x0, 0x0, 0x0, 0x0,
    0xcf, 0xe0, 0x0, 0x0, 0x0, 0x0, 0x0, 0x0,
    0xcf, 0xe6, 0x66, 0x66, 0x66, 0x66, 0x66, 0x0,
    0xcf, 0xff, 0xff, 0xff, 0xff, 0xff, 0xff, 0x0,
    0xcf, 0xff, 0xff, 0xff, 0xff, 0xff, 0xff, 0x0,
    0xcf, 0xe0, 0x0, 0x0, 0x0, 0x0, 0x0, 0x0,
    0xcf, 0xe0, 0x0, 0x0, 0x0, 0x0, 0x0, 0x0,
    0xcf, 0xe0, 0x0, 0x0, 0x0, 0x0, 0x0, 0x0,
    0xcf, 0xe0, 0x0, 0x0, 0x0, 0x0, 0x0, 0x0,
    0xcf, 0xe0, 0x0, 0x0, 0x0, 0x0, 0x0, 0x0,
    0xcf, 0xe0, 0x0, 0x0, 0x0, 0x0, 0x0, 0x0,
    0xcf, 0xe6, 0x66, 0x66, 0x66, 0x66, 0x66, 0x61,
    0xcf, 0xff, 0xff, 0xff, 0xff, 0xff, 0xff, 0xf3,
    0xcf, 0xff, 0xff, 0xff, 0xff, 0xff, 0xff, 0xf3,

    /* U+0205 "ȅ" */
    0x3, 0xff, 0xd0, 0x9f, 0xf7, 0x0, 0x0, 0x0,
    0x6f, 0xf5, 0xc, 0xfe, 0x0, 0x0, 0x0, 0xa,
    0xfc, 0x1, 0xef, 0x60, 0x0, 0x0, 0x0, 0xce,
    0x30, 0x4e, 0xc0, 0x0, 0x0, 0x0, 0x0, 0x0,
    0x0, 0x0, 0x0, 0x0, 0x2, 0x9d, 0xfe, 0xc7,
    0x0, 0x0, 0x0, 0x7f, 0xff, 0xff, 0xff, 0xe3,
    0x0, 0x6, 0xff, 0xc4, 0x12, 0x6e, 0xfe, 0x20,
    0xf, 0xfc, 0x0, 0x0, 0x1, 0xdf, 0xb0, 0x6f,
    0xf2, 0x0, 0x0, 0x0, 0x5f, 0xf1, 0xaf, 0xe0,
    0x0, 0x0, 0x0, 0x2f, 0xf4, 0xdf, 0xff, 0xff,
    0xff, 0xff, 0xff, 0xf6, 0xef, 0xff, 0xff, 0xff,
    0xff, 0xff, 0xf7, 0xdf, 0xa0, 0x0, 0x0, 0x0,
    0x0, 0x0, 0xbf, 0xd0, 0x0, 0x0, 0x0, 0x0,
    0x0, 0x7f, 0xf3, 0x0, 0x0, 0x0, 0x6f, 0xd3,
    0x1f, 0xfc, 0x0, 0x0, 0x1, 0xef, 0xe0, 0x7,
    0xff, 0xd5, 0x11, 0x5d, 0xff, 0x50, 0x0, 0x8f,
    0xff, 0xff, 0xff, 0xf7, 0x0, 0x0, 0x3, 0x9d,
    0xff, 0xd9, 0x20, 0x0,

    /* U+0206 "Ȇ" */
    0x0, 0x0, 0x4, 0xcf, 0xea, 0x20, 0x0, 0x0,
    0x0, 0x0, 0x6f, 0xfc, 0xdf, 0xe1, 0x0, 0x0,
    0x0, 0x0, 0xee, 0x20, 0x6, 0xf9, 0x0, 0x0,
    0x0, 0x1, 0xa6, 0x0, 0x0, 0x98, 0x0, 0x0,
    0x0, 0x0, 0x0, 0x0, 0x0, 0x0, 0x0, 0x0,
    0xcf, 0xff, 0xff, 0xff, 0xff, 0xff, 0xff, 0xb0,
    0xcf, 0xff, 0xff, 0xff, 0xff, 0xff, 0xff, 0xb0,
    0xcf, 0xe6, 0x66, 0x66, 0x66, 0x66, 0x66, 0x40,
    0xcf, 0xe0, 0x0, 0x0, 0x0, 0x0, 0x0, 0x0,
    0xcf, 0xe0, 0x0, 0x0, 0x0, 0x0, 0x0, 0x0,
    0xcf, 0xe0, 0x0, 0x0, 0x0, 0x0, 0x0, 0x0,
    0xcf, 0xe0, 0x0, 0x0, 0x0, 0x0, 0x0, 0x0,
    0xcf, 0xe0, 0x0, 0x0, 0x0, 0x0, 0x0, 0x0,
    0xcf, 0xe6, 0x66, 0x66, 0x66, 0x66, 0x66, 0x0,
    0xcf, 0xff, 0xff, 0xff, 0xff, 0xff, 0xff, 0x0,
    0xcf, 0xff, 0xff, 0xff, 0xff, 0xff, 0xff, 0x0,
    0xcf, 0xe0, 0x0, 0x0, 0x0, 0x0, 0x0, 0x0,
    0xcf, 0xe0, 0x0, 0x0, 0x0, 0x0, 0x0, 0x0,
    0xcf, 0xe0, 0x0, 0x0, 0x0, 0x0, 0x0, 0x0,
    0xcf, 0xe0, 0x0, 0x0, 0x0, 0x0, 0x0, 0x0,
    0xcf, 0xe0, 0x0, 0x0, 0x0, 0x0, 0x0, 0x0,
    0xcf, 0xe0, 0x0, 0x0, 0x0, 0x0, 0x0, 0x0,
    0xcf, 0xe6, 0x66, 0x66, 0x66, 0x66, 0x66, 0x61,
    0xcf, 0xff, 0xff, 0xff, 0xff, 0xff, 0xff, 0xf3,
    0xcf, 0xff, 0xff, 0xff, 0xff, 0xff, 0xff, 0xf3,

    /* U+0207 "ȇ" */
    0x0, 0x0, 0x6c, 0xfe, 0xa2, 0x0, 0x0, 0x0,
    0x8, 0xff, 0xcd, 0xfe, 0x20, 0x0, 0x0, 0xf,
    0xd0, 0x0, 0x5f, 0x90, 0x0, 0x0, 0x15, 0x20,
    0x0, 0x5, 0x40, 0x0, 0x0, 0x0, 0x0, 0x0,
    0x0, 0x0, 0x0, 0x0, 0x2, 0x9d, 0xfe, 0xc7,
    0x0, 0x0, 0x0, 0x7f, 0xff, 0xff, 0xff, 0xe3,
    0x0, 0x6, 0xff, 0xc4, 0x12, 0x6e, 0xfe, 0x20,
    0xf, 0xfc, 0x0, 0x0, 0x1, 0xdf, 0xb0, 0x6f,
    0xf2, 0x0, 0x0, 0x0, 0x5f, 0xf1, 0xaf, 0xe0,
    0x0, 0x0, 0x0, 0x2f, 0xf4, 0xdf, 0xff, 0xff,
    0xff, 0xff, 0xff, 0xf6, 0xef, 0xff, 0xff, 0xff,
    0xff, 0xff, 0xf7, 0xdf, 0xa0, 0x0, 0x0, 0x0,
    0x0, 0x0, 0xbf, 0xd0, 0x0, 0x0, 0x0, 0x0,
    0x0, 0x7f, 0xf3, 0x0, 0x0, 0x0, 0x6f, 0xd3,
    0x1f, 0xfc, 0x0, 0x0, 0x1, 0xef, 0xe0, 0x7,
    0xff, 0xd5, 0x11, 0x5d, 0xff, 0x50, 0x0, 0x8f,
    0xff, 0xff, 0xff, 0xf7, 0x0, 0x0, 0x3, 0x9d,
    0xff, 0xd9, 0x20, 0x0,

    /* U+0208 "Ȉ" */
    0x2f, 0xfe, 0x8, 0xff, 0x80, 0x0, 0x5f, 0xf6,
    0xb, 0xff, 0x10, 0x0, 0x9f, 0xd0, 0x1e, 0xf7,
    0x0, 0x0, 0xbe, 0x40, 0x3e, 0xc0, 0x0, 0x0,
    0x0, 0x0, 0x0, 0x0, 0x0, 0x6, 0xff, 0x30,
    0x0, 0x0, 0x0, 0x6f, 0xf3, 0x0, 0x0, 0x0,
    0x6, 0xff, 0x30, 0x0, 0x0, 0x0, 0x6f, 0xf3,
    0x0, 0x0, 0x0, 0x6, 0xff, 0x30, 0x0, 0x0,
    0x0, 0x6f, 0xf3, 0x0, 0x0, 0x0, 0x6, 0xff,
    0x30, 0x0, 0x0, 0x0, 0x6f, 0xf3, 0x0, 0x0,
    0x0, 0x6, 0xff, 0x30, 0x0, 0x0, 0x0, 0x6f,
    0xf3, 0x0, 0x0, 0x0, 0x6, 0xff, 0x30, 0x0,
    0x0, 0x0, 0x6f, 0xf3, 0x0, 0x0, 0x0, 0x6,
    0xff, 0x30, 0x0, 0x0, 0x0, 0x6f, 0xf3, 0x0,
    0x0, 0x0, 0x6, 0xff, 0x30, 0x0, 0x0, 0x0,
    0x6f, 0xf3, 0x0, 0x0, 0x0, 0x6, 0xff, 0x30,
    0x0, 0x0, 0x0, 0x6f, 0xf3, 0x0, 0x0, 0x0,
    0x6, 0xff, 0x30, 0x0, 0x0, 0x0, 0x6f, 0xf3,
    0x0, 0x0,

    /* U+0209 "ȉ" */
    0x2f, 0xfe, 0x7, 0xff, 0x90, 0x0, 0x5f, 0xf7,
    0xb, 0xff, 0x10, 0x0, 0x8f, 0xe0, 0xd, 0xf8,
    0x0, 0x0, 0xbe, 0x50, 0x2d, 0xd0, 0x0, 0x0,
    0x0, 0x0, 0x0, 0x0, 0x0, 0x5, 0xff, 0x10,
    0x0, 0x0, 0x0, 0x5f, 0xf1, 0x0, 0x0, 0x0,
    0x5, 0xff, 0x10, 0x0, 0x0, 0x0, 0x5f, 0xf1,
    0x0, 0x0, 0x0, 0x5, 0xff, 0x10, 0x0, 0x0,
    0x0, 0x5f, 0xf1, 0x0, 0x0, 0x0, 0x5, 0xff,
    0x10, 0x0, 0x0, 0x0, 0x5f, 0xf1, 0x0, 0x0,
    0x0, 0x5, 0xff, 0x10, 0x0, 0x0, 0x0, 0x5f,
    0xf1, 0x0, 0x0, 0x0, 0x5, 0xff, 0x10, 0x0,
    0x0, 0x0, 0x5f, 0xf1, 0x0, 0x0, 0x0, 0x5,
    0xff, 0x10, 0x0, 0x0, 0x0, 0x5f, 0xf1, 0x0,
    0x0, 0x0, 0x5, 0xff, 0x10, 0x0,

    /* U+020A "Ȋ" */
    0x0, 0x3b, 0xee, 0xa2, 0x0, 0x4f, 0xfc, 0xdf,
    0xf2, 0xd, 0xf3, 0x0, 0x4f, 0xb0, 0xa7, 0x0,
    0x0, 0x89, 0x0, 0x0, 0x0, 0x0, 0x0, 0x0,
    0x6f, 0xf3, 0x0, 0x0, 0x6, 0xff, 0x30, 0x0,
    0x0, 0x6f, 0xf3, 0x0, 0x0, 0x6, 0xff, 0x30,
    0x0, 0x0, 0x6f, 0xf3, 0x0, 0x0, 0x6, 0xff,
    0x30, 0x0, 0x0, 0x6f, 0xf3, 0x0, 0x0, 0x6,
    0xff, 0x30, 0x0, 0x0, 0x6f, 0xf3, 0x0, 0x0,
    0x6, 0xff, 0x30, 0x0, 0x0, 0x6f, 0xf3, 0x0,
    0x0, 0x6, 0xff, 0x30, 0x0, 0x0, 0x6f, 0xf3,
    0x0, 0x0, 0x6, 0xff, 0x30, 0x0, 0x0, 0x6f,
    0xf3, 0x0, 0x0, 0x6, 0xff, 0x30, 0x0, 0x0,
    0x6f, 0xf3, 0x0, 0x0, 0x6, 0xff, 0x30, 0x0,
    0x0, 0x6f, 0xf3, 0x0, 0x0, 0x6, 0xff, 0x30,
    0x0,

    /* U+020B "ȋ" */
    0x0, 0x5c, 0xfe, 0xb3, 0x0, 0x7f, 0xfc, 0xcf,
    0xf3, 0xe, 0xd1, 0x0, 0x3f, 0xb0, 0x32, 0x0,
    0x0, 0x23, 0x0, 0x0, 0x0, 0x0, 0x0, 0x0,
    0x5f, 0xf1, 0x0, 0x0, 0x5, 0xff, 0x10, 0x0,
    0x0, 0x5f, 0xf1, 0x0, 0x0, 0x5, 0xff, 0x10,
    0x0, 0x0, 0x5f, 0xf1, 0x0, 0x0, 0x5, 0xff,
    0x10, 0x0, 0x0, 0x5f, 0xf1, 0x0, 0x0, 0x5,
    0xff, 0x10, 0x0, 0x0, 0x5f, 0xf1, 0x0, 0x0,
    0x5, 0xff, 0x10, 0x0, 0x0, 0x5f, 0xf1, 0x0,
    0x0, 0x5, 0xff, 0x10, 0x0, 0x0, 0x5f, 0xf1,
    0x0, 0x0, 0x5, 0xff, 0x10, 0x0, 0x0, 0x5f,
    0xf1, 0x0,

    /* U+020C "Ȍ" */
    0x0, 0x0, 0xae, 0xe5, 0x2d, 0xed, 0x0, 0x0,
    0x0, 0x0, 0x0, 0x0, 0x1e, 0xfc, 0x6, 0xff,
    0x60, 0x0, 0x0, 0x0, 0x0, 0x0, 0x3, 0xff,
    0x40, 0x9f, 0xd0, 0x0, 0x0, 0x0, 0x0, 0x0,
    0x0, 0x7f, 0xb0, 0xc, 0xf5, 0x0, 0x0, 0x0,
    0x0, 0x0, 0x0, 0x0, 0x0, 0x0, 0x0, 0x0,
    0x0, 0x0, 0x0, 0x0, 0x0, 0x0, 0x0, 0x0,
    0x0, 0x0, 0x0, 0x0, 0x0, 0x0, 0x1, 0x6b,
    0xef, 0xfd, 0xa5, 0x0, 0x0, 0x0, 0x0, 0x0,
    0x7f, 0xff, 0xff, 0xff, 0xff, 0xe5, 0x0, 0x0,
    0x0, 0xa, 0xff, 0xfb, 0x75, 0x57, 0xcf, 0xff,
    0x70, 0x0, 0x0, 0x9f, 0xfc, 0x20, 0x0, 0x0,
    0x4, 0xef, 0xf6, 0x0, 0x4, 0xff, 0xc0, 0x0,
    0x0, 0x0, 0x0, 0x2e, 0xff, 0x20, 0xc, 0xff,
    0x20, 0x0, 0x0, 0x0, 0x0, 0x5, 0xff, 0x90,
    0x2f, 0xfa, 0x0, 0x0, 0x0, 0x0, 0x0, 0x0,
    0xdf, 0xf0, 0x6f, 0xf6, 0x0, 0x0, 0x0, 0x0,
    0x0, 0x0, 0x8f, 0xf3, 0x9f, 0xf3, 0x0, 0x0,
    0x0, 0x0, 0x0, 0x0, 0x5f, 0xf6, 0xaf, 0xf1,
    0x0, 0x0, 0x0, 0x0, 0x0, 0x0, 0x4f, 0xf7,
    0xaf, 0xf1, 0x0, 0x0, 0x0, 0x0, 0x0, 0x0,
    0x4f, 0xf7, 0x9f, 0xf2, 0x0, 0x0, 0x0, 0x0,
    0x0, 0x0, 0x5f, 0xf6, 0x7f, 0xf5, 0x0, 0x0,
    0x0, 0x0, 0x0, 0x0, 0x8f, 0xf3, 0x2f, 0xfa,
    0x0, 0x0, 0x0, 0x0, 0x0, 0x0, 0xdf, 0xf0,
    0xc, 0xff, 0x20, 0x0, 0x0, 0x0, 0x0, 0x5,
    0xff, 0x90, 0x4, 0xff, 0xc0, 0x0, 0x0, 0x0,
    0x0, 0x2e, 0xff, 0x20, 0x0, 0x9f, 0xfc, 0x20,
    0x0, 0x0, 0x4, 0xef, 0xf6, 0x0, 0x0, 0xa,
    0xff, 0xfb, 0x65, 0x57, 0xcf, 0xff, 0x80, 0x0,
    0x0, 0x0, 0x7f, 0xff, 0xff, 0xff, 0xff, 0xe5,
    0x0, 0x0, 0x0, 0x0, 0x1, 0x6b, 0xef, 0xfd,
    0xa6, 0x0, 0x0, 0x0,

    /* U+020D "ȍ" */
    0x0, 0x8f, 0xf8, 0xd, 0xff, 0x20, 0x0, 0x0,
    0x0, 0xbf, 0xf1, 0x2f, 0xfa, 0x0, 0x0, 0x0,
    0x1, 0xef, 0x70, 0x5f, 0xf1, 0x0, 0x0, 0x0,
    0x3, 0xec, 0x0, 0x8e, 0x70, 0x0, 0x0, 0x0,
    0x0, 0x0, 0x0, 0x0, 0x0, 0x0, 0x0, 0x3,
    0xae, 0xff, 0xc7, 0x0, 0x0, 0x0, 0x9, 0xff,
    0xff, 0xff, 0xfe, 0x30, 0x0, 0x9, 0xff, 0xb3,
    0x11, 0x6e, 0xff, 0x30, 0x3, 0xff, 0xa0, 0x0,
    0x0, 0x2f, 0xfc, 0x0, 0x9f, 0xf1, 0x0, 0x0,
    0x0, 0x7f, 0xf3, 0xd, 0xfb, 0x0, 0x0, 0x0,
    0x2, 0xff, 0x60, 0xff, 0x80, 0x0, 0x0, 0x0,
    0xf, 0xf8, 0xf, 0xf8, 0x0, 0x0, 0x0, 0x0,
    0xff, 0x90, 0xff, 0x80, 0x0, 0x0, 0x0, 0xf,
    0xf8, 0xd, 0xfb, 0x0, 0x0, 0x0, 0x2, 0xff,
    0x60, 0x9f, 0xf1, 0x0, 0x0, 0x0, 0x8f, 0xf2,
    0x3, 0xff, 0xa0, 0x0, 0x0, 0x2f, 0xfc, 0x0,
    0x9, 0xff, 0xb4, 0x11, 0x6e, 0xff, 0x30, 0x0,
    0x9, 0xff, 0xff, 0xff, 0xfe, 0x30, 0x0, 0x0,
    0x3, 0xae, 0xff, 0xc7, 0x0, 0x0,

    /* U+020E "Ȏ" */
    0x0, 0x0, 0x0, 0x0, 0x7b, 0xa5, 0x0, 0x0,
    0x0, 0x0, 0x0, 0x0, 0x0, 0x1d, 0xff, 0xff,
    0xa0, 0x0, 0x0, 0x0, 0x0, 0x0, 0x0, 0x9f,
    0x81, 0x2b, 0xf6, 0x0, 0x0, 0x0, 0x0, 0x0,
    0x0, 0xfd, 0x0, 0x1, 0xfb, 0x0, 0x0, 0x0,
    0x0, 0x0, 0x1, 0xa6, 0x0, 0x0, 0x89, 0x0,
    0x0, 0x0, 0x0, 0x0, 0x0, 0x0, 0x0, 0x0,
    0x0, 0x0, 0x0, 0x0, 0x0, 0x0, 0x1, 0x6b,
    0xef, 0xfd, 0xa5, 0x0, 0x0, 0x0, 0x0, 0x0,
    0x7f, 0xff, 0xff, 0xff, 0xff, 0xe5, 0x0, 0x0,
    0x0, 0xa, 0xff, 0xfb, 0x75, 0x57, 0xcf, 0xff,
    0x70, 0x0, 0x0, 0x9f, 0xfc, 0x20, 0x0, 0x0,
    0x4, 0xef, 0xf6, 0x0, 0x4, 0xff, 0xc0, 0x0,
    0x0, 0x0, 0x0, 0x2e, 0xff, 0x20, 0xc, 0xff,
    0x20, 0x0, 0x0, 0x0, 0x0, 0x5, 0xff, 0x90,
    0x2f, 0xfa, 0x0, 0x0, 0x0, 0x0, 0x0, 0x0,
    0xdf, 0xf0, 0x6f, 0xf6, 0x0, 0x0, 0x0, 0x0,
    0x0, 0x0, 0x8f, 0xf3, 0x9f, 0xf3, 0x0, 0x0,
    0x0, 0x0, 0x0, 0x0, 0x5f, 0xf6, 0xaf, 0xf1,
    0x0, 0x0, 0x0, 0x0, 0x0, 0x0, 0x4f, 0xf7,
    0xaf, 0xf1, 0x0, 0x0, 0x0, 0x0, 0x0, 0x0,
    0x4f, 0xf7, 0x9f, 0xf2, 0x0, 0x0, 0x0, 0x0,
    0x0, 0x0, 0x5f, 0xf6, 0x7f, 0xf5, 0x0, 0x0,
    0x0, 0x0, 0x0, 0x0, 0x8f, 0xf3, 0x2f, 0xfa,
    0x0, 0x0, 0x0, 0x0, 0x0, 0x0, 0xdf, 0xf0,
    0xc, 0xff, 0x20, 0x0, 0x0, 0x0, 0x0, 0x5,
    0xff, 0x90, 0x4, 0xff, 0xc0, 0x0, 0x0, 0x0,
    0x0, 0x2e, 0xff, 0x20, 0x0, 0x9f, 0xfc, 0x20,
    0x0, 0x0, 0x4, 0xef, 0xf6, 0x0, 0x0, 0xa,
    0xff, 0xfb, 0x65, 0x57, 0xcf, 0xff, 0x80, 0x0,
    0x0, 0x0, 0x7f, 0xff, 0xff, 0xff, 0xff, 0xe5,
    0x0, 0x0, 0x0, 0x0, 0x1, 0x6b, 0xef, 0xfd,
    0xa6, 0x0, 0x0, 0x0,

    /* U+020F "ȏ" */
    0x0, 0x0, 0x5, 0xcf, 0xea, 0x20, 0x0, 0x0,
    0x0, 0x7, 0xff, 0xcd, 0xff, 0x20, 0x0, 0x0,
    0x0, 0xfd, 0x10, 0x4, 0xfa, 0x0, 0x0, 0x0,
    0x5, 0x30, 0x0, 0x5, 0x40, 0x0, 0x0, 0x0,
    0x0, 0x0, 0x0, 0x0, 0x0, 0x0, 0x0, 0x3,
    0xae, 0xff, 0xc7, 0x0, 0x0, 0x0, 0x9, 0xff,
    0xff, 0xff, 0xfe, 0x30, 0x0, 0x9, 0xff, 0xb3,
    0x11, 0x6e, 0xff, 0x30, 0x3, 0xff, 0xa0, 0x0,
    0x0, 0x2f, 0xfc, 0x0, 0x9f, 0xf1, 0x0, 0x0,
    0x0, 0x7f, 0xf3, 0xd, 0xfb, 0x0, 0x0, 0x0,
    0x2, 0xff, 0x60, 0xff, 0x80, 0x0, 0x0, 0x0,
    0xf, 0xf8, 0xf, 0xf8, 0x0, 0x0, 0x0, 0x0,
    0xff, 0x90, 0xff, 0x80, 0x0, 0x0, 0x0, 0xf,
    0xf8, 0xd, 0xfb, 0x0, 0x0, 0x0, 0x2, 0xff,
    0x60, 0x9f, 0xf1, 0x0, 0x0, 0x0, 0x8f, 0xf2,
    0x3, 0xff, 0xa0, 0x0, 0x0, 0x2f, 0xfc, 0x0,
    0x9, 0xff, 0xb4, 0x11, 0x6e, 0xff, 0x30, 0x0,
    0x9, 0xff, 0xff, 0xff, 0xfe, 0x30, 0x0, 0x0,
    0x3, 0xae, 0xff, 0xc7, 0x0, 0x0,

    /* U+0210 "Ȑ" */
    0x0, 0xcf, 0xf3, 0x3f, 0xfd, 0x0, 0x0, 0x0,
    0x0, 0x0, 0x2e, 0xfb, 0x7, 0xff, 0x50, 0x0,
    0x0, 0x0, 0x0, 0x4, 0xff, 0x20, 0xaf, 0xc0,
    0x0, 0x0, 0x0, 0x0, 0x0, 0x7e, 0x80, 0xc,
    0xe3, 0x0, 0x0, 0x0, 0x0, 0x0, 0x0, 0x0,
    0x0, 0x0, 0x0, 0x0, 0x0, 0xcf, 0xff, 0xff,
    0xff, 0xff, 0xfd, 0xa4, 0x0, 0x0, 0xcf, 0xff,
    0xff, 0xff, 0xff, 0xff, 0xff, 0x90, 0x0, 0xcf,
    0xe3, 0x33, 0x33, 0x34, 0x59, 0xff, 0xf6, 0x0,
    0xcf, 0xe0, 0x0, 0x0, 0x0, 0x0, 0x4f, 0xfe,
    0x0, 0xcf, 0xe0, 0x0, 0x0, 0x0, 0x0, 0xa,
    0xff, 0x20, 0xcf, 0xe0, 0x0, 0x0, 0x0, 0x0,
    0x8, 0xff, 0x30, 0xcf, 0xe0, 0x0, 0x0, 0x0,
    0x0, 0xb, 0xff, 0x10, 0xcf, 0xe0, 0x0, 0x0,
    0x0, 0x0, 0x6f, 0xfc, 0x0, 0xcf, 0xe6, 0x66,
    0x66, 0x67, 0x8c, 0xff, 0xf3, 0x0, 0xcf, 0xff,
    0xff, 0xff, 0xff, 0xff, 0xfd, 0x30, 0x0, 0xcf,
    0xff, 0xff, 0xff, 0xff, 0xe8, 0x40, 0x0, 0x0,
    0xcf, 0xe0, 0x0, 0x2, 0x9f, 0xfb, 0x10, 0x0,
    0x0, 0xcf, 0xe0, 0x0, 0x0, 0x6, 0xff, 0xd1,
    0x0, 0x0, 0xcf, 0xe0, 0x0, 0x0, 0x0, 0x9f,
    0xfb, 0x0, 0x0, 0xcf, 0xe0, 0x0, 0x0, 0x0,
    0xd, 0xff, 0x60, 0x0, 0xcf, 0xe0, 0x0, 0x0,
    0x0, 0x4, 0xff, 0xf1, 0x0, 0xcf, 0xe0, 0x0,
    0x0, 0x0, 0x0, 0x9f, 0xfb, 0x0, 0xcf, 0xe0,
    0x0, 0x0, 0x0, 0x0, 0x1e, 0xff, 0x50, 0xcf,
    0xe0, 0x0, 0x0, 0x0, 0x0, 0x5, 0xff, 0xe0,
    0xcf, 0xe0, 0x0, 0x0, 0x0, 0x0, 0x0, 0xbf,
    0xf9,

    /* U+0211 "ȑ" */
    0x3f, 0xfd, 0x9, 0xff, 0x70, 0x0, 0x7f, 0xf4,
    0xc, 0xfe, 0x0, 0x0, 0xaf, 0xc0, 0x2e, 0xf6,
    0x0, 0x0, 0xce, 0x30, 0x4e, 0xb0, 0x0, 0x0,
    0x0, 0x0, 0x0, 0x0, 0x3f, 0xf0, 0x5d, 0xfb,
    0x40, 0x3, 0xff, 0x5f, 0xff, 0xf6, 0x0, 0x3f,
    0xfe, 0xfa, 0x9e, 0x10, 0x3, 0xff, 0xf3, 0x0,
    0x0, 0x0, 0x3f, 0xfb, 0x0, 0x0, 0x0, 0x3,
    0xff, 0x60, 0x0, 0x0, 0x0, 0x3f, 0xf5, 0x0,
    0x0, 0x0, 0x3, 0xff, 0x40, 0x0, 0x0, 0x0,
    0x3f, 0xf4, 0x0, 0x0, 0x0, 0x3, 0xff, 0x40,
    0x0, 0x0, 0x0, 0x3f, 0xf4, 0x0, 0x0, 0x0,
    0x3, 0xff, 0x40, 0x0, 0x0, 0x0, 0x3f, 0xf4,
    0x0, 0x0, 0x0, 0x3, 0xff, 0x40, 0x0, 0x0,
    0x0, 0x3f, 0xf4, 0x0, 0x0, 0x0,

    /* U+0212 "Ȓ" */
    0x0, 0x0, 0x8, 0xdf, 0xd6, 0x0, 0x0, 0x0,
    0x0, 0x0, 0x0, 0xcf, 0xec, 0xff, 0x90, 0x0,
    0x0, 0x0, 0x0, 0x5, 0xf9, 0x0, 0xc, 0xf2,
    0x0, 0x0, 0x0, 0x0, 0x6, 0xa1, 0x0, 0x3,
    0xa4, 0x0, 0x0, 0x0, 0x0, 0x0, 0x0, 0x0,
    0x0, 0x0, 0x0, 0x0, 0x0, 0xcf, 0xff, 0xff,
    0xff, 0xff, 0xfd, 0xa4, 0x0, 0x0, 0xcf, 0xff,
    0xff, 0xff, 0xff, 0xff, 0xff, 0x90, 0x0, 0xcf,
    0xe3, 0x33, 0x33, 0x34, 0x59, 0xff, 0xf6, 0x0,
    0xcf, 0xe0, 0x0, 0x0, 0x0, 0x0, 0x4f, 0xfe,
    0x0, 0xcf, 0xe0, 0x0, 0x0, 0x0, 0x0, 0xa,
    0xff, 0x20, 0xcf, 0xe0, 0x0, 0x0, 0x0, 0x0,
    0x8, 0xff, 0x30, 0xcf, 0xe0, 0x0, 0x0, 0x0,
    0x0, 0xb, 0xff, 0x10, 0xcf, 0xe0, 0x0, 0x0,
    0x0, 0x0, 0x6f, 0xfc, 0x0, 0xcf, 0xe6, 0x66,
    0x66, 0x67, 0x8c, 0xff, 0xf3, 0x0, 0xcf, 0xff,
    0xff, 0xff, 0xff, 0xff, 0xfd, 0x30, 0x0, 0xcf,
    0xff, 0xff, 0xff, 0xff, 0xe8, 0x40, 0x0, 0x0,
    0xcf, 0xe0, 0x0, 0x2, 0x9f, 0xfb, 0x10, 0x0,
    0x0, 0xcf, 0xe0, 0x0, 0x0, 0x6, 0xff, 0xd1,
    0x0, 0x0, 0xcf, 0xe0, 0x0, 0x0, 0x0, 0x9f,
    0xfb, 0x0, 0x0, 0xcf, 0xe0, 0x0, 0x0, 0x0,
    0xd, 0xff, 0x60, 0x0, 0xcf, 0xe0, 0x0, 0x0,
    0x0, 0x4, 0xff, 0xf1, 0x0, 0xcf, 0xe0, 0x0,
    0x0, 0x0, 0x0, 0x9f, 0xfb, 0x0, 0xcf, 0xe0,
    0x0, 0x0, 0x0, 0x0, 0x1e, 0xff, 0x50, 0xcf,
    0xe0, 0x0, 0x0, 0x0, 0x0, 0x5, 0xff, 0xe0,
    0xcf, 0xe0, 0x0, 0x0, 0x0, 0x0, 0x0, 0xbf,
    0xf9,

    /* U+0213 "ȓ" */
    0x3, 0xbe, 0xfc, 0x40, 0x3, 0xff, 0xcc, 0xff,
    0x60, 0xbf, 0x30, 0x1, 0xee, 0x5, 0x40, 0x0,
    0x3, 0x50, 0x0, 0x0, 0x0, 0x0, 0x3, 0xff,
    0x5, 0xdf, 0xb4, 0x3f, 0xf5, 0xff, 0xff, 0x63,
    0xff, 0xef, 0xa9, 0xe1, 0x3f, 0xff, 0x30, 0x0,
    0x3, 0xff, 0xb0, 0x0, 0x0, 0x3f, 0xf6, 0x0,
    0x0, 0x3, 0xff, 0x50, 0x0, 0x0, 0x3f, 0xf4,
    0x0, 0x0, 0x3, 0xff, 0x40, 0x0, 0x0, 0x3f,
    0xf4, 0x0, 0x0, 0x3, 0xff, 0x40, 0x0, 0x0,
    0x3f, 0xf4, 0x0, 0x0, 0x3, 0xff, 0x40, 0x0,
    0x0, 0x3f, 0xf4, 0x0, 0x0, 0x3, 0xff, 0x40,
    0x0, 0x0,

    /* U+0214 "Ȕ" */
    0x0, 0x1d, 0xed, 0x16, 0xee, 0x90, 0x0, 0x0,
    0x0, 0x5, 0xff, 0x70, 0xbf, 0xf1, 0x0, 0x0,
    0x0, 0x0, 0x8f, 0xe0, 0x1d, 0xf8, 0x0, 0x0,
    0x0, 0x0, 0xc, 0xf6, 0x3, 0xff, 0x10, 0x0,
    0x0, 0x0, 0x0, 0x0, 0x0, 0x0, 0x0, 0x0,
    0x0, 0x0, 0x0, 0x0, 0x0, 0x0, 0x0, 0x0,
    0xcf, 0xe0, 0x0, 0x0, 0x0, 0x0, 0xb, 0xff,
    0xcf, 0xe0, 0x0, 0x0, 0x0, 0x0, 0xb, 0xff,
    0xcf, 0xe0, 0x0, 0x0, 0x0, 0x0, 0xb, 0xff,
    0xcf, 0xe0, 0x0, 0x0, 0x0, 0x0, 0xb, 0xff,
    0xcf, 0xe0, 0x0, 0x0, 0x0, 0x0, 0xb, 0xff,
    0xcf, 0xe0, 0x0, 0x0, 0x0, 0x0, 0xb, 0xff,
    0xcf, 0xe0, 0x0, 0x0, 0x0, 0x0, 0xb, 0xff,
    0xcf, 0xe0, 0x0, 0x0, 0x0, 0x0, 0xb, 0xff,
    0xcf, 0xe0, 0x0, 0x0, 0x0, 0x0, 0xb, 0xff,
    0xcf, 0xe0, 0x0, 0x0, 0x0, 0x0, 0xb, 0xff,
    0xcf, 0xe0, 0x0, 0x0, 0x0, 0x0, 0xb, 0xff,
    0xcf, 0xe0, 0x0, 0x0, 0x0, 0x0, 0xb, 0xff,
    0xbf, 0xe0, 0x0, 0x0, 0x0, 0x0, 0xb, 0xfe,
    0xaf, 0xf0, 0x0, 0x0, 0x0, 0x0, 0xd, 0xfd,
    0x8f, 0xf3, 0x0, 0x0, 0x0, 0x0, 0xf, 0xfb,
    0x4f, 0xfa, 0x0, 0x0, 0x0, 0x0, 0x6f, 0xf7,
    0xe, 0xff, 0x70, 0x0, 0x0, 0x5, 0xff, 0xf1,
    0x4, 0xff, 0xfd, 0x87, 0x78, 0xcf, 0xff, 0x60,
    0x0, 0x5e, 0xff, 0xff, 0xff, 0xff, 0xf6, 0x0,
    0x0, 0x1, 0x7b, 0xef, 0xfe, 0xc8, 0x10, 0x0,

    /* U+0215 "ȕ" */
    0x3, 0xff, 0xd0, 0x9f, 0xf7, 0x0, 0x0, 0x6,
    0xff, 0x50, 0xcf, 0xe0, 0x0, 0x0, 0xa, 0xfc,
    0x1, 0xef, 0x60, 0x0, 0x0, 0xc, 0xe3, 0x4,
    0xec, 0x0, 0x0, 0x0, 0x0, 0x0, 0x0, 0x0,
    0x2, 0xff, 0x50, 0x0, 0x0, 0xd, 0xfa, 0x2f,
    0xf5, 0x0, 0x0, 0x0, 0xdf, 0xa2, 0xff, 0x50,
    0x0, 0x0, 0xd, 0xfa, 0x2f, 0xf5, 0x0, 0x0,
    0x0, 0xdf, 0xa2, 0xff, 0x50, 0x0, 0x0, 0xd,
    0xfa, 0x2f, 0xf5, 0x0, 0x0, 0x0, 0xdf, 0xa2,
    0xff, 0x50, 0x0, 0x0, 0xd, 0xfa, 0x2f, 0xf5,
    0x0, 0x0, 0x0, 0xdf, 0xa2, 0xff, 0x50, 0x0,
    0x0, 0xd, 0xfa, 0x2f, 0xf5, 0x0, 0x0, 0x0,
    0xff, 0xa1, 0xff, 0x60, 0x0, 0x0, 0x3f, 0xfa,
    0xe, 0xfc, 0x0, 0x0, 0xb, 0xff, 0xa0, 0x9f,
    0xfb, 0x43, 0x6d, 0xfd, 0xfa, 0x1, 0xdf, 0xff,
    0xff, 0xf7, 0x9f, 0xa0, 0x0, 0x7d, 0xfe, 0xb4,
    0x9, 0xfa,

    /* U+0216 "Ȗ" */
    0x0, 0x0, 0x0, 0x59, 0xb7, 0x10, 0x0, 0x0,
    0x0, 0x0, 0xb, 0xff, 0xff, 0xd1, 0x0, 0x0,
    0x0, 0x0, 0x7f, 0xa1, 0x18, 0xfa, 0x0, 0x0,
    0x0, 0x0, 0xcf, 0x0, 0x0, 0xcf, 0x0, 0x0,
    0x0, 0x0, 0x54, 0x0, 0x0, 0x36, 0x0, 0x0,
    0x0, 0x0, 0x0, 0x0, 0x0, 0x0, 0x0, 0x0,
    0xcf, 0xe0, 0x0, 0x0, 0x0, 0x0, 0xb, 0xff,
    0xcf, 0xe0, 0x0, 0x0, 0x0, 0x0, 0xb, 0xff,
    0xcf, 0xe0, 0x0, 0x0, 0x0, 0x0, 0xb, 0xff,
    0xcf, 0xe0, 0x0, 0x0, 0x0, 0x0, 0xb, 0xff,
    0xcf, 0xe0, 0x0, 0x0, 0x0, 0x0, 0xb, 0xff,
    0xcf, 0xe0, 0x0, 0x0, 0x0, 0x0, 0xb, 0xff,
    0xcf, 0xe0, 0x0, 0x0, 0x0, 0x0, 0xb, 0xff,
    0xcf, 0xe0, 0x0, 0x0, 0x0, 0x0, 0xb, 0xff,
    0xcf, 0xe0, 0x0, 0x0, 0x0, 0x0, 0xb, 0xff,
    0xcf, 0xe0, 0x0, 0x0, 0x0, 0x0, 0xb, 0xff,
    0xcf, 0xe0, 0x0, 0x0, 0x0, 0x0, 0xb, 0xff,
    0xcf, 0xe0, 0x0, 0x0, 0x0, 0x0, 0xb, 0xff,
    0xbf, 0xe0, 0x0, 0x0, 0x0, 0x0, 0xb, 0xfe,
    0xaf, 0xf0, 0x0, 0x0, 0x0, 0x0, 0xd, 0xfd,
    0x8f, 0xf3, 0x0, 0x0, 0x0, 0x0, 0xf, 0xfb,
    0x4f, 0xfa, 0x0, 0x0, 0x0, 0x0, 0x6f, 0xf7,
    0xe, 0xff, 0x70, 0x0, 0x0, 0x5, 0xff, 0xf1,
    0x4, 0xff, 0xfd, 0x87, 0x78, 0xcf, 0xff, 0x60,
    0x0, 0x5e, 0xff, 0xff, 0xff, 0xff, 0xf6, 0x0,
    0x0, 0x1, 0x7b, 0xef, 0xfe, 0xc8, 0x10, 0x0,

    /* U+0217 "ȗ" */
    0x0, 0x0, 0x7d, 0xfe, 0xa2, 0x0, 0x0, 0x0,
    0x9f, 0xec, 0xdf, 0xe2, 0x0, 0x0, 0x1f, 0xb0,
    0x0, 0x5f, 0x80, 0x0, 0x1, 0x31, 0x0, 0x0,
    0x32, 0x0, 0x0, 0x0, 0x0, 0x0, 0x0, 0x0,
    0x2, 0xff, 0x50, 0x0, 0x0, 0xd, 0xfa, 0x2f,
    0xf5, 0x0, 0x0, 0x0, 0xdf, 0xa2, 0xff, 0x50,
    0x0, 0x0, 0xd, 0xfa, 0x2f, 0xf5, 0x0, 0x0,
    0x0, 0xdf, 0xa2, 0xff, 0x50, 0x0, 0x0, 0xd,
    0xfa, 0x2f, 0xf5, 0x0, 0x0, 0x0, 0xdf, 0xa2,
    0xff, 0x50, 0x0, 0x0, 0xd, 0xfa, 0x2f, 0xf5,
    0x0, 0x0, 0x0, 0xdf, 0xa2, 0xff, 0x50, 0x0,
    0x0, 0xd, 0xfa, 0x2f, 0xf5, 0x0, 0x0, 0x0,
    0xff, 0xa1, 0xff, 0x60, 0x0, 0x0, 0x3f, 0xfa,
    0xe, 0xfc, 0x0, 0x0, 0xb, 0xff, 0xa0, 0x9f,
    0xfb, 0x43, 0x6d, 0xfd, 0xfa, 0x1, 0xdf, 0xff,
    0xff, 0xf7, 0x9f, 0xa0, 0x0, 0x7d, 0xfe, 0xb4,
    0x9, 0xfa,

    /* U+0218 "Ș" */
    0x0, 0x0, 0x6b, 0xef, 0xed, 0x93, 0x0, 0x0,
    0x0, 0x3e, 0xff, 0xff, 0xff, 0xff, 0xa0, 0x0,
    0x2, 0xef, 0xff, 0xdb, 0xcf, 0xff, 0xfb, 0x0,
    0xa, 0xff, 0xe3, 0x0, 0x0, 0x6f, 0xff, 0x70,
    0xe, 0xff, 0x40, 0x0, 0x0, 0x6, 0xff, 0xe0,
    0xf, 0xff, 0x10, 0x0, 0x0, 0x0, 0xef, 0xf3,
    0xf, 0xff, 0x40, 0x0, 0x0, 0x0, 0x45, 0x52,
    0xa, 0xff, 0xe6, 0x0, 0x0, 0x0, 0x0, 0x0,
    0x1, 0xef, 0xff, 0xfa, 0x62, 0x0, 0x0, 0x0,
    0x0, 0x19, 0xff, 0xff, 0xff, 0xe9, 0x20, 0x0,
    0x0, 0x0, 0x16, 0xaf, 0xff, 0xff, 0xf9, 0x0,
    0x0, 0x0, 0x0, 0x0, 0x38, 0xdf, 0xff, 0xb0,
    0x0, 0x0, 0x0, 0x0, 0x0, 0x6, 0xff, 0xf5,
    0x4b, 0xb7, 0x0, 0x0, 0x0, 0x0, 0x8f, 0xfa,
    0x3f, 0xfe, 0x0, 0x0, 0x0, 0x0, 0x5f, 0xfc,
    0xe, 0xff, 0x70, 0x0, 0x0, 0x0, 0x8f, 0xfa,
    0x7, 0xff, 0xf8, 0x0, 0x0, 0x5, 0xff, 0xf5,
    0x0, 0xaf, 0xff, 0xfc, 0xbc, 0xef, 0xff, 0xb0,
    0x0, 0x8, 0xff, 0xff, 0xff, 0xff, 0xfa, 0x0,
    0x0, 0x0, 0x28, 0xce, 0xfe, 0xd9, 0x30, 0x0,
    0x0, 0x0, 0x0, 0x0, 0x0, 0x0, 0x0, 0x0,
    0x0, 0x0, 0x0, 0x2b, 0xba, 0x0, 0x0, 0x0,
    0x0, 0x0, 0x0, 0x3f, 0xfe, 0x0, 0x0, 0x0,
    0x0, 0x0, 0x0, 0x3f, 0xfd, 0x0, 0x0, 0x0,
    0x0, 0x0, 0x0, 0x7, 0xf6, 0x0, 0x0, 0x0,
    0x0, 0x0, 0x0, 0x2f, 0xc0, 0x0, 0x0, 0x0,
    0x0, 0x0, 0x0, 0x48, 0x20, 0x0, 0x0, 0x0,

    /* U+0219 "ș" */
    0x0, 0x7, 0xce, 0xfe, 0xc8, 0x10, 0x0, 0x2d,
    0xff, 0xff, 0xff, 0xfe, 0x30, 0xc, 0xff, 0xf9,
    0x78, 0xdf, 0xfe, 0x12, 0xff, 0xf2, 0x0, 0x0,
    0xbf, 0xf8, 0x4f, 0xfd, 0x0, 0x0, 0x3, 0xdd,
    0xa2, 0xff, 0xf3, 0x0, 0x0, 0x0, 0x0, 0xb,
    0xff, 0xfc, 0x85, 0x20, 0x0, 0x0, 0x8, 0xff,
    0xff, 0xff, 0xd8, 0x0, 0x0, 0x0, 0x59, 0xcf,
    0xff, 0xfd, 0x10, 0x0, 0x0, 0x0, 0x4, 0xdf,
    0xf9, 0xbf, 0xf6, 0x0, 0x0, 0x5, 0xff, 0xc7,
    0xff, 0xd1, 0x0, 0x0, 0x8f, 0xfb, 0x1e, 0xff,
    0xf9, 0x78, 0xbf, 0xff, 0x60, 0x3e, 0xff, 0xff,
    0xff, 0xff, 0x90, 0x0, 0x7, 0xbe, 0xff, 0xda,
    0x40, 0x0, 0x0, 0x0, 0x0, 0x0, 0x0, 0x0,
    0x0, 0x0, 0x9, 0xbb, 0x20, 0x0, 0x0, 0x0,
    0x0, 0xef, 0xf3, 0x0, 0x0, 0x0, 0x0, 0xe,
    0xff, 0x30, 0x0, 0x0, 0x0, 0x0, 0x2f, 0xc0,
    0x0, 0x0, 0x0, 0x0, 0xc, 0xf2, 0x0, 0x0,
    0x0, 0x0, 0x1, 0x85, 0x0, 0x0, 0x0,

    /* U+021A "Ț" */
    0xaf, 0xff, 0xff, 0xff, 0xff, 0xff, 0xff, 0xf9,
    0xaf, 0xff, 0xff, 0xff, 0xff, 0xff, 0xff, 0xf9,
    0x7b, 0xbb, 0xbb, 0xef, 0xfd, 0xbb, 0xbb, 0xb6,
    0x0, 0x0, 0x0, 0x9f, 0xf7, 0x0, 0x0, 0x0,
    0x0, 0x0, 0x0, 0x9f, 0xf7, 0x0, 0x0, 0x0,
    0x0, 0x0, 0x0, 0x9f, 0xf7, 0x0, 0x0, 0x0,
    0x0, 0x0, 0x0, 0x9f, 0xf7, 0x0, 0x0, 0x0,
    0x0, 0x0, 0x0, 0x9f, 0xf7, 0x0, 0x0, 0x0,
    0x0, 0x0, 0x0, 0x9f, 0xf7, 0x0, 0x0, 0x0,
    0x0, 0x0, 0x0, 0x9f, 0xf7, 0x0, 0x0, 0x0,
    0x0, 0x0, 0x0, 0x9f, 0xf7, 0x0, 0x0, 0x0,
    0x0, 0x0, 0x0, 0x9f, 0xf7, 0x0, 0x0, 0x0,
    0x0, 0x0, 0x0, 0x9f, 0xf7, 0x0, 0x0, 0x0,
    0x0, 0x0, 0x0, 0x9f, 0xf7, 0x0, 0x0, 0x0,
    0x0, 0x0, 0x0, 0x9f, 0xf7, 0x0, 0x0, 0x0,
    0x0, 0x0, 0x0, 0x9f, 0xf7, 0x0, 0x0, 0x0,
    0x0, 0x0, 0x0, 0x9f, 0xf7, 0x0, 0x0, 0x0,
    0x0, 0x0, 0x0, 0x9f, 0xf7, 0x0, 0x0, 0x0,
    0x0, 0x0, 0x0, 0x9f, 0xf7, 0x0, 0x0, 0x0,
    0x0, 0x0, 0x0, 0x9f, 0xf7, 0x0, 0x0, 0x0,
    0x0, 0x0, 0x0, 0x0, 0x0, 0x0, 0x0, 0x0,
    0x0, 0x0, 0x0, 0x6b, 0xb5, 0x0, 0x0, 0x0,
    0x0, 0x0, 0x0, 0x9f, 0xf7, 0x0, 0x0, 0x0,
    0x0, 0x0, 0x0, 0x9f, 0xf7, 0x0, 0x0, 0x0,
    0x0, 0x0, 0x0, 0xd, 0xe1, 0x0, 0x0, 0x0,
    0x0, 0x0, 0x0, 0x7f, 0x60, 0x0, 0x0, 0x0,
    0x0, 0x0, 0x0, 0x77, 0x0, 0x0, 0x0, 0x0,

    /* U+021B "ț" */
    0x0, 0x28, 0x85, 0x0, 0x0, 0x0, 0x5f, 0xfa,
    0x0, 0x0, 0x0, 0x5f, 0xfa, 0x0, 0x0, 0x0,
    0x5f, 0xfa, 0x0, 0x0, 0x9f, 0xff, 0xff, 0xff,
    0xf9, 0x9f, 0xff, 0xff, 0xff, 0xf9, 0x36, 0xbf,
    0xff, 0x66, 0x63, 0x0, 0x5f, 0xfa, 0x0, 0x0,
    0x0, 0x5f, 0xfa, 0x0, 0x0, 0x0, 0x5f, 0xfa,
    0x0, 0x0, 0x0, 0x5f, 0xfa, 0x0, 0x0, 0x0,
    0x5f, 0xfa, 0x0, 0x0, 0x0, 0x5f, 0xfa, 0x0,
    0x0, 0x0, 0x5f, 0xfa, 0x0, 0x0, 0x0, 0x5f,
    0xfa, 0x0, 0x0, 0x0, 0x4f, 0xfc, 0x0, 0x0,
    0x0, 0x2f, 0xff, 0x96, 0x63, 0x0, 0xb, 0xff,
    0xff, 0xf9, 0x0, 0x0, 0x8d, 0xff, 0xf9, 0x0,
    0x0, 0x0, 0x0, 0x0, 0x0, 0x0, 0x8b, 0xb3,
    0x0, 0x0, 0x0, 0xbf, 0xf5, 0x0, 0x0, 0x0,
    0xbf, 0xf5, 0x0, 0x0, 0x0, 0x1f, 0xd0, 0x0,
    0x0, 0x0, 0xaf, 0x40, 0x0, 0x0, 0x0, 0x76,
    0x0, 0x0,

    /* U+0237 "ȷ" */
    0x0, 0x1, 0xff, 0xd0, 0x0, 0x1f, 0xfd, 0x0,
    0x1, 0xff, 0xd0, 0x0, 0x1f, 0xfd, 0x0, 0x1,
    0xff, 0xd0, 0x0, 0x1f, 0xfd, 0x0, 0x1, 0xff,
    0xd0, 0x0, 0x1f, 0xfd, 0x0, 0x1, 0xff, 0xd0,
    0x0, 0x1f, 0xfd, 0x0, 0x1, 0xff, 0xd0, 0x0,
    0x1f, 0xfd, 0x0, 0x1, 0xff, 0xd0, 0x0, 0x1f,
    0xfd, 0x0, 0x1, 0xff, 0xd0, 0x0, 0x3f, 0xfd,
    0x6, 0x7d, 0xff, 0xb1, 0xff, 0xff, 0xf4, 0x1f,
    0xff, 0xc5, 0x0,

    /* U+1E00 "Ḁ" */
    0x0, 0x0, 0x0, 0x0, 0x8f, 0xfb, 0x0, 0x0,
    0x0, 0x0, 0x0, 0x0, 0x0, 0x0, 0xef, 0xff,
    0x20, 0x0, 0x0, 0x0, 0x0, 0x0, 0x0, 0x4,
    0xfe, 0xdf, 0x80, 0x0, 0x0, 0x0, 0x0, 0x0,
    0x0, 0xa, 0xfb, 0x8f, 0xe0, 0x0, 0x0, 0x0,
    0x0, 0x0, 0x0, 0x1f, 0xf6, 0x3f, 0xf5, 0x0,
    0x0, 0x0, 0x0, 0x0, 0x0, 0x7f, 0xf1, 0xd,
    0xfc, 0x0, 0x0, 0x0, 0x0, 0x0, 0x0, 0xdf,
    0xb0, 0x7, 0xff, 0x20, 0x0, 0x0, 0x0, 0x0,
    0x3, 0xff, 0x50, 0x1, 0xff, 0x90, 0x0, 0x0,
    0x0, 0x0, 0x9, 0xff, 0x0, 0x0, 0xbf, 0xf0,
    0x0, 0x0, 0x0, 0x0, 0xf, 0xfa, 0x0, 0x0,
    0x5f, 0xf6, 0x0, 0x0, 0x0, 0x0, 0x6f, 0xf4,
    0x0, 0x0, 0xf, 0xfd, 0x0, 0x0, 0x0, 0x0,
    0xcf, 0xe2, 0x22, 0x22, 0x2a, 0xff, 0x30, 0x0,
    0x0, 0x2, 0xff, 0xff, 0xff, 0xff, 0xff, 0xff,
    0xa0, 0x0, 0x0, 0x8, 0xff, 0xff, 0xff, 0xff,
    0xff, 0xff, 0xf1, 0x0, 0x0, 0xe, 0xfc, 0x0,
    0x0, 0x0, 0x0, 0x7f, 0xf7, 0x0, 0x0, 0x4f,
    0xf6, 0x0, 0x0, 0x0, 0x0, 0x1f, 0xfd, 0x0,
    0x0, 0xaf, 0xf1, 0x0, 0x0, 0x0, 0x0, 0xa,
    0xff, 0x40, 0x1, 0xff, 0xb0, 0x0, 0x0, 0x0,
    0x0, 0x4, 0xff, 0xa0, 0x7, 0xff, 0x50, 0x0,
    0x0, 0x0, 0x0, 0x0, 0xef, 0xf1, 0xd, 0xfe,
    0x0, 0x0, 0x0, 0x0, 0x0, 0x0, 0x7f, 0xf7,
    0x0, 0x0, 0x0, 0x0, 0x0, 0x0, 0x0, 0x0,
    0x0, 0x0, 0x0, 0x0, 0x0, 0x0, 0x4c, 0xd6,
    0x0, 0x0, 0x0, 0x0, 0x0, 0x0, 0x0, 0x1,
    0xe4, 0x3d, 0x40, 0x0, 0x0, 0x0, 0x0, 0x0,
    0x0, 0x5, 0xb0, 0x7, 0x80, 0x0, 0x0, 0x0,
    0x0, 0x0, 0x0, 0x2, 0xe3, 0x2d, 0x40, 0x0,
    0x0, 0x0, 0x0, 0x0, 0x0, 0x0, 0x5e, 0xe7,
    0x0, 0x0, 0x0, 0x0,

    /* U+1E01 "ḁ" */
    0x0, 0x6, 0xbe, 0xff, 0xeb, 0x60, 0x0, 0x1,
    0xdf, 0xff, 0xff, 0xff, 0xfa, 0x0, 0xc, 0xff,
    0x72, 0x1, 0x4d, 0xff, 0x40, 0x3f, 0xf6, 0x0,
    0x0, 0x1, 0xff, 0x80, 0x39, 0xa0, 0x0, 0x0,
    0x0, 0xdf, 0x90, 0x0, 0x0, 0x0, 0x0, 0x3,
    0xef, 0xa0, 0x0, 0x2, 0x68, 0xbd, 0xff, 0xff,
    0xa0, 0x3, 0xcf, 0xff, 0xff, 0xea, 0xef, 0xa0,
    0x2f, 0xff, 0xb7, 0x42, 0x0, 0xdf, 0xa0, 0xbf,
    0xf3, 0x0, 0x0, 0x0, 0xef, 0xa0, 0xef, 0xc0,
    0x0, 0x0, 0x2, 0xff, 0xa0, 0xdf, 0xd0, 0x0,
    0x0, 0xb, 0xff, 0xa0, 0x9f, 0xfa, 0x20, 0x5,
    0xdf, 0xff, 0xb0, 0x1d, 0xff, 0xff, 0xff, 0xf7,
    0x8f, 0xe0, 0x1, 0x8d, 0xff, 0xd8, 0x10, 0x4f,
    0xf3, 0x0, 0x0, 0x0, 0x0, 0x0, 0x0, 0x0,
    0x0, 0x0, 0x3c, 0xd7, 0x0, 0x0, 0x0, 0x0,
    0x0, 0xe5, 0x2c, 0x50, 0x0, 0x0, 0x0, 0x3,
    0xc0, 0x6, 0x90, 0x0, 0x0, 0x0, 0x1, 0xe4,
    0x1c, 0x60, 0x0, 0x0, 0x0, 0x0, 0x4d, 0xe8,
    0x0, 0x0, 0x0,

    /* U+1E02 "Ḃ" */
    0x0, 0x0, 0x5, 0xff, 0x20, 0x0, 0x0, 0x0,
    0x0, 0x0, 0x5, 0xff, 0x20, 0x0, 0x0, 0x0,
    0x0, 0x0, 0x4, 0xdd, 0x20, 0x0, 0x0, 0x0,
    0x0, 0x0, 0x0, 0x0, 0x0, 0x0, 0x0, 0x0,
    0x0, 0x0, 0x0, 0x0, 0x0, 0x0, 0x0, 0x0,
    0xef, 0xff, 0xff, 0xff, 0xfd, 0xa4, 0x0, 0x0,
    0xef, 0xff, 0xff, 0xff, 0xff, 0xff, 0x90, 0x0,
    0xef, 0xd6, 0x66, 0x66, 0x7a, 0xff, 0xf6, 0x0,
    0xef, 0xb0, 0x0, 0x0, 0x0, 0x1e, 0xfe, 0x0,
    0xef, 0xb0, 0x0, 0x0, 0x0, 0x7, 0xff, 0x20,
    0xef, 0xb0, 0x0, 0x0, 0x0, 0x6, 0xff, 0x30,
    0xef, 0xb0, 0x0, 0x0, 0x0, 0xa, 0xff, 0x0,
    0xef, 0xb0, 0x0, 0x0, 0x3, 0x9f, 0xf8, 0x0,
    0xef, 0xff, 0xff, 0xff, 0xff, 0xff, 0xa0, 0x0,
    0xef, 0xff, 0xff, 0xff, 0xff, 0xfd, 0x20, 0x0,
    0xef, 0xd6, 0x66, 0x66, 0x79, 0xdf, 0xf8, 0x0,
    0xef, 0xb0, 0x0, 0x0, 0x0, 0x8, 0xff, 0x60,
    0xef, 0xb0, 0x0, 0x0, 0x0, 0x0, 0xdf, 0xe0,
    0xef, 0xb0, 0x0, 0x0, 0x0, 0x0, 0x9f, 0xf2,
    0xef, 0xb0, 0x0, 0x0, 0x0, 0x0, 0x9f, 0xf2,
    0xef, 0xb0, 0x0, 0x0, 0x0, 0x0, 0xcf, 0xf0,
    0xef, 0xb0, 0x0, 0x0, 0x0, 0x7, 0xff, 0xb0,
    0xef, 0xd6, 0x66, 0x66, 0x78, 0xdf, 0xff, 0x30,
    0xef, 0xff, 0xff, 0xff, 0xff, 0xff, 0xe5, 0x0,
    0xef, 0xff, 0xff, 0xff, 0xfe, 0xc8, 0x10, 0x0,

    /* U+1E03 "ḃ" */
    0x0, 0x0, 0x0, 0xff, 0x70, 0x0, 0x0, 0x0,
    0x0, 0x0, 0xff, 0x70, 0x0, 0x0, 0x0, 0x0,
    0x0, 0xdd, 0x60, 0x0, 0x0, 0x0, 0x0, 0x0,
    0x0, 0x0, 0x0, 0x0, 0x0, 0x0, 0x0, 0x0,
    0x0, 0x0, 0x0, 0x2f, 0xf5, 0x0, 0x0, 0x0,
    0x0, 0x0, 0x2f, 0xf5, 0x0, 0x0, 0x0, 0x0,
    0x0, 0x2f, 0xf5, 0x0, 0x0, 0x0, 0x0, 0x0,
    0x2f, 0xf5, 0x0, 0x0, 0x0, 0x0, 0x0, 0x2f,
    0xf5, 0x0, 0x0, 0x0, 0x0, 0x0, 0x2f, 0xf5,
    0x2a, 0xef, 0xd9, 0x20, 0x0, 0x2f, 0xf8, 0xff,
    0xff, 0xff, 0xf4, 0x0, 0x2f, 0xff, 0xf7, 0x11,
    0x5e, 0xff, 0x20, 0x2f, 0xff, 0x40, 0x0, 0x2,
    0xff, 0xb0, 0x2f, 0xfb, 0x0, 0x0, 0x0, 0x9f,
    0xf1, 0x2f, 0xf5, 0x0, 0x0, 0x0, 0x4f, 0xf5,
    0x2f, 0xf3, 0x0, 0x0, 0x0, 0x1f, 0xf6, 0x2f,
    0xf2, 0x0, 0x0, 0x0, 0xf, 0xf7, 0x2f, 0xf2,
    0x0, 0x0, 0x0, 0x1f, 0xf6, 0x2f, 0xf4, 0x0,
    0x0, 0x0, 0x4f, 0xf4, 0x2f, 0xf9, 0x0, 0x0,
    0x0, 0x9f, 0xf0, 0x2f, 0xff, 0x30, 0x0, 0x3,
    0xff, 0x90, 0x2f, 0xff, 0xf7, 0x21, 0x6f, 0xfe,
    0x10, 0x2f, 0xf6, 0xff, 0xff, 0xff, 0xe2, 0x0,
    0x2f, 0xf2, 0x2a, 0xef, 0xd7, 0x0, 0x0,

    /* U+1E04 "Ḅ" */
    0xef, 0xff, 0xff, 0xff, 0xfd, 0xa4, 0x0, 0x0,
    0xef, 0xff, 0xff, 0xff, 0xff, 0xff, 0x90, 0x0,
    0xef, 0xd6, 0x66, 0x66, 0x7a, 0xff, 0xf6, 0x0,
    0xef, 0xb0, 0x0, 0x0, 0x0, 0x1e, 0xfe, 0x0,
    0xef, 0xb0, 0x0, 0x0, 0x0, 0x7, 0xff, 0x20,
    0xef, 0xb0, 0x0, 0x0, 0x0, 0x6, 0xff, 0x30,
    0xef, 0xb0, 0x0, 0x0, 0x0, 0xa, 0xff, 0x0,
    0xef, 0xb0, 0x0, 0x0, 0x3, 0x9f, 0xf8, 0x0,
    0xef, 0xff, 0xff, 0xff, 0xff, 0xff, 0xa0, 0x0,
    0xef, 0xff, 0xff, 0xff, 0xff, 0xfd, 0x20, 0x0,
    0xef, 0xd6, 0x66, 0x66, 0x79, 0xdf, 0xf8, 0x0,
    0xef, 0xb0, 0x0, 0x0, 0x0, 0x8, 0xff, 0x60,
    0xef, 0xb0, 0x0, 0x0, 0x0, 0x0, 0xdf, 0xe0,
    0xef, 0xb0, 0x0, 0x0, 0x0, 0x0, 0x9f, 0xf2,
    0xef, 0xb0, 0x0, 0x0, 0x0, 0x0, 0x9f, 0xf2,
    0xef, 0xb0, 0x0, 0x0, 0x0, 0x0, 0xcf, 0xf0,
    0xef, 0xb0, 0x0, 0x0, 0x0, 0x7, 0xff, 0xb0,
    0xef, 0xd6, 0x66, 0x66, 0x78, 0xdf, 0xff, 0x30,
    0xef, 0xff, 0xff, 0xff, 0xff, 0xff, 0xe5, 0x0,
    0xef, 0xff, 0xff, 0xff, 0xfe, 0xc8, 0x10, 0x0,
    0x0, 0x0, 0x0, 0x0, 0x0, 0x0, 0x0, 0x0,
    0x0, 0x0, 0x0, 0x0, 0x0, 0x0, 0x0, 0x0,
    0x0, 0x0, 0x0, 0x0, 0x0, 0x0, 0x0, 0x0,
    0x0, 0x0, 0x6, 0xdd, 0x0, 0x0, 0x0, 0x0,
    0x0, 0x0, 0x7, 0xff, 0x10, 0x0, 0x0, 0x0,
    0x0, 0x0, 0x7, 0xff, 0x10, 0x0, 0x0, 0x0,

    /* U+1E05 "ḅ" */
    0x2f, 0xf5, 0x0, 0x0, 0x0, 0x0, 0x0, 0x2f,
    0xf5, 0x0, 0x0, 0x0, 0x0, 0x0, 0x2f, 0xf5,
    0x0, 0x0, 0x0, 0x0, 0x0, 0x2f, 0xf5, 0x0,
    0x0, 0x0, 0x0, 0x0, 0x2f, 0xf5, 0x0, 0x0,
    0x0, 0x0, 0x0, 0x2f, 0xf5, 0x2a, 0xef, 0xd9,
    0x20, 0x0, 0x2f, 0xf8, 0xff, 0xff, 0xff, 0xf4,
    0x0, 0x2f, 0xff, 0xf7, 0x11, 0x5e, 0xff, 0x20,
    0x2f, 0xff, 0x40, 0x0, 0x2, 0xff, 0xb0, 0x2f,
    0xfb, 0x0, 0x0, 0x0, 0x9f, 0xf1, 0x2f, 0xf5,
    0x0, 0x0, 0x0, 0x4f, 0xf5, 0x2f, 0xf3, 0x0,
    0x0, 0x0, 0x1f, 0xf6, 0x2f, 0xf2, 0x0, 0x0,
    0x0, 0xf, 0xf7, 0x2f, 0xf2, 0x0, 0x0, 0x0,
    0x1f, 0xf6, 0x2f, 0xf4, 0x0, 0x0, 0x0, 0x4f,
    0xf4, 0x2f, 0xf9, 0x0, 0x0, 0x0, 0x9f, 0xf0,
    0x2f, 0xff, 0x30, 0x0, 0x3, 0xff, 0x90, 0x2f,
    0xff, 0xf7, 0x21, 0x6f, 0xfe, 0x10, 0x2f, 0xf6,
    0xff, 0xff, 0xff, 0xe2, 0x0, 0x2f, 0xf2, 0x2a,
    0xef, 0xd7, 0x0, 0x0, 0x0, 0x0, 0x0, 0x0,
    0x0, 0x0, 0x0, 0x0, 0x0, 0x0, 0x0, 0x0,
    0x0, 0x0, 0x0, 0x0, 0x0, 0x0, 0x0, 0x0,
    0x0, 0x0, 0x0, 0x5, 0xdd, 0x10, 0x0, 0x0,
    0x0, 0x0, 0x7, 0xff, 0x10, 0x0, 0x0, 0x0,
    0x0, 0x7, 0xff, 0x10, 0x0, 0x0,

    /* U+1E06 "Ḇ" */
    0xef, 0xff, 0xff, 0xff, 0xfd, 0xa4, 0x0, 0x0,
    0xef, 0xff, 0xff, 0xff, 0xff, 0xff, 0x90, 0x0,
    0xef, 0xd6, 0x66, 0x66, 0x7a, 0xff, 0xf6, 0x0,
    0xef, 0xb0, 0x0, 0x0, 0x0, 0x1e, 0xfe, 0x0,
    0xef, 0xb0, 0x0, 0x0, 0x0, 0x7, 0xff, 0x20,
    0xef, 0xb0, 0x0, 0x0, 0x0, 0x6, 0xff, 0x30,
    0xef, 0xb0, 0x0, 0x0, 0x0, 0xa, 0xff, 0x0,
    0xef, 0xb0, 0x0, 0x0, 0x3, 0x9f, 0xf8, 0x0,
    0xef, 0xff, 0xff, 0xff, 0xff, 0xff, 0xa0, 0x0,
    0xef, 0xff, 0xff, 0xff, 0xff, 0xfd, 0x20, 0x0,
    0xef, 0xd6, 0x66, 0x66, 0x79, 0xdf, 0xf8, 0x0,
    0xef, 0xb0, 0x0, 0x0, 0x0, 0x8, 0xff, 0x60,
    0xef, 0xb0, 0x0, 0x0, 0x0, 0x0, 0xdf, 0xe0,
    0xef, 0xb0, 0x0, 0x0, 0x0, 0x0, 0x9f, 0xf2,
    0xef, 0xb0, 0x0, 0x0, 0x0, 0x0, 0x9f, 0xf2,
    0xef, 0xb0, 0x0, 0x0, 0x0, 0x0, 0xcf, 0xf0,
    0xef, 0xb0, 0x0, 0x0, 0x0, 0x7, 0xff, 0xb0,
    0xef, 0xd6, 0x66, 0x66, 0x78, 0xdf, 0xff, 0x30,
    0xef, 0xff, 0xff, 0xff, 0xff, 0xff, 0xe5, 0x0,
    0xef, 0xff, 0xff, 0xff, 0xfe, 0xc8, 0x10, 0x0,
    0x0, 0x0, 0x0, 0x0, 0x0, 0x0, 0x0, 0x0,
    0x0, 0x0, 0x0, 0x0, 0x0, 0x0, 0x0, 0x0,
    0x0, 0x0, 0x0, 0x0, 0x0, 0x0, 0x0, 0x0,
    0x0, 0xdf, 0xff, 0xff, 0xff, 0xb0, 0x0, 0x0,
    0x0, 0xdf, 0xff, 0xff, 0xff, 0xb0, 0x0, 0x0,
    0x0, 0x11, 0x11, 0x11, 0x11, 0x0, 0x0, 0x0,

    /* U+1E07 "ḇ" */
    0x2f, 0xf5, 0x0, 0x0, 0x0, 0x0, 0x0, 0x2f,
    0xf5, 0x0, 0x0, 0x0, 0x0, 0x0, 0x2f, 0xf5,
    0x0, 0x0, 0x0, 0x0, 0x0, 0x2f, 0xf5, 0x0,
    0x0, 0x0, 0x0, 0x0, 0x2f, 0xf5, 0x0, 0x0,
    0x0, 0x0, 0x0, 0x2f, 0xf5, 0x2a, 0xef, 0xd9,
    0x20, 0x0, 0x2f, 0xf8, 0xff, 0xff, 0xff, 0xf4,
    0x0, 0x2f, 0xff, 0xf7, 0x11, 0x5e, 0xff, 0x20,
    0x2f, 0xff, 0x40, 0x0, 0x2, 0xff, 0xb0, 0x2f,
    0xfb, 0x0, 0x0, 0x0, 0x9f, 0xf1, 0x2f, 0xf5,
    0x0, 0x0, 0x0, 0x4f, 0xf5, 0x2f, 0xf3, 0x0,
    0x0, 0x0, 0x1f, 0xf6, 0x2f, 0xf2, 0x0, 0x0,
    0x0, 0xf, 0xf7, 0x2f, 0xf2, 0x0, 0x0, 0x0,
    0x1f, 0xf6, 0x2f, 0xf4, 0x0, 0x0, 0x0, 0x4f,
    0xf4, 0x2f, 0xf9, 0x0, 0x0, 0x0, 0x9f, 0xf0,
    0x2f, 0xff, 0x30, 0x0, 0x3, 0xff, 0x90, 0x2f,
    0xff, 0xf7, 0x21, 0x6f, 0xfe, 0x10, 0x2f, 0xf6,
    0xff, 0xff, 0xff, 0xe2, 0x0, 0x2f, 0xf2, 0x2a,
    0xef, 0xd7, 0x0, 0x0, 0x0, 0x0, 0x0, 0x0,
    0x0, 0x0, 0x0, 0x0, 0x0, 0x0, 0x0, 0x0,
    0x0, 0x0, 0x0, 0x11, 0x11, 0x11, 0x11, 0x0,
    0x0, 0x0, 0xdf, 0xff, 0xff, 0xff, 0xb0, 0x0,
    0x0, 0xdf, 0xff, 0xff, 0xff, 0xb0, 0x0,

    /* U+1E08 "Ḉ" */
    0x0, 0x0, 0x0, 0x0, 0x1, 0xff, 0xe1, 0x0,
    0x0, 0x0, 0x0, 0x0, 0x0, 0x0, 0x8f, 0xf3,
    0x0, 0x0, 0x0, 0x0, 0x0, 0x0, 0x0, 0xf,
    0xf6, 0x0, 0x0, 0x0, 0x0, 0x0, 0x0, 0x0,
    0x6, 0xe9, 0x0, 0x0, 0x0, 0x0, 0x0, 0x0,
    0x0, 0x0, 0x0, 0x0, 0x0, 0x0, 0x0, 0x0,
    0x0, 0x0, 0x17, 0xbe, 0xff, 0xda, 0x40, 0x0,
    0x0, 0x0, 0x0, 0x7f, 0xff, 0xff, 0xff, 0xff,
    0xc1, 0x0, 0x0, 0x0, 0xbf, 0xff, 0xa6, 0x56,
    0x8e, 0xff, 0xe1, 0x0, 0x0, 0xaf, 0xfb, 0x10,
    0x0, 0x0, 0x9, 0xff, 0xc0, 0x0, 0x4f, 0xfc,
    0x0, 0x0, 0x0, 0x0, 0xb, 0xff, 0x50, 0xc,
    0xff, 0x20, 0x0, 0x0, 0x0, 0x0, 0x2f, 0xf8,
    0x1, 0xff, 0xb0, 0x0, 0x0, 0x0, 0x0, 0x0,
    0x30, 0x0, 0x5f, 0xf7, 0x0, 0x0, 0x0, 0x0,
    0x0, 0x0, 0x0, 0x7, 0xff, 0x40, 0x0, 0x0,
    0x0, 0x0, 0x0, 0x0, 0x0, 0x8f, 0xf3, 0x0,
    0x0, 0x0, 0x0, 0x0, 0x0, 0x0, 0x8, 0xff,
    0x30, 0x0, 0x0, 0x0, 0x0, 0x0, 0x0, 0x0,
    0x7f, 0xf4, 0x0, 0x0, 0x0, 0x0, 0x0, 0x0,
    0x0, 0x5, 0xff, 0x60, 0x0, 0x0, 0x0, 0x0,
    0x0, 0x0, 0x0, 0x1f, 0xfa, 0x0, 0x0, 0x0,
    0x0, 0x0, 0xa, 0xd9, 0x0, 0xcf, 0xf1, 0x0,
    0x0, 0x0, 0x0, 0x1, 0xff, 0xd0, 0x5, 0xff,
    0xa0, 0x0, 0x0, 0x0, 0x0, 0xaf, 0xf6, 0x0,
    0xb, 0xff, 0xa0, 0x0, 0x0, 0x0, 0x9f, 0xfd,
    0x0, 0x0, 0x1d, 0xff, 0xe9, 0x53, 0x47, 0xef,
    0xff, 0x30, 0x0, 0x0, 0x1a, 0xff, 0xff, 0xff,
    0xff, 0xfd, 0x30, 0x0, 0x0, 0x0, 0x3, 0x9d,
    0xff, 0xfe, 0xb6, 0x0, 0x0, 0x0, 0x0, 0x0,
    0x0, 0xe, 0xf1, 0x0, 0x0, 0x0, 0x0, 0x0,
    0x0, 0x0, 0x3, 0xff, 0xf7, 0x0, 0x0, 0x0,
    0x0, 0x0, 0x0, 0x0, 0x3, 0x9f, 0xf2, 0x0,
    0x0, 0x0, 0x0, 0x0, 0x0, 0x0, 0x3, 0xff,
    0x30, 0x0, 0x0, 0x0, 0x0, 0x0, 0xa, 0xbb,
    0xff, 0xd0, 0x0, 0x0, 0x0, 0x0, 0x0, 0x0,
    0xef, 0xfd, 0x81, 0x0, 0x0, 0x0, 0x0,

    /* U+1E09 "ḉ" */
    0x0, 0x0, 0x0, 0x2f, 0xfd, 0x0, 0x0, 0x0,
    0x0, 0xa, 0xff, 0x20, 0x0, 0x0, 0x0, 0x1,
    0xff, 0x50, 0x0, 0x0, 0x0, 0x0, 0x7e, 0x80,
    0x0, 0x0, 0x0, 0x0, 0x0, 0x0, 0x0, 0x0,
    0x0, 0x0, 0x3a, 0xef, 0xec, 0x60, 0x0, 0x0,
    0x7f, 0xff, 0xff, 0xff, 0xc1, 0x0, 0x6f, 0xfc,
    0x41, 0x28, 0xff, 0xa0, 0xf, 0xfc, 0x0, 0x0,
    0x9, 0xff, 0x26, 0xff, 0x30, 0x0, 0x0, 0x2f,
    0xf5, 0xaf, 0xe0, 0x0, 0x0, 0x0, 0x20, 0xc,
    0xfb, 0x0, 0x0, 0x0, 0x0, 0x0, 0xdf, 0xa0,
    0x0, 0x0, 0x0, 0x0, 0xe, 0xfa, 0x0, 0x0,
    0x0, 0x0, 0x0, 0xdf, 0xb0, 0x0, 0x0, 0x0,
    0x0, 0xa, 0xfd, 0x0, 0x0, 0x0, 0xa, 0xb6,
    0x6f, 0xf2, 0x0, 0x0, 0x0, 0xff, 0x81, 0xff,
    0xb0, 0x0, 0x0, 0x8f, 0xf2, 0x7, 0xff, 0xb3,
    0x2, 0x8f, 0xf9, 0x0, 0x9, 0xff, 0xff, 0xff,
    0xfb, 0x0, 0x0, 0x4, 0xbf, 0xff, 0xb5, 0x0,
    0x0, 0x0, 0x0, 0xef, 0x20, 0x0, 0x0, 0x0,
    0x0, 0x1c, 0xff, 0x80, 0x0, 0x0, 0x0, 0x0,
    0x4, 0xff, 0x0, 0x0, 0x0, 0x3, 0xaa, 0xef,
    0xd0, 0x0, 0x0, 0x0, 0x4f, 0xfd, 0x91, 0x0,
    0x0,

    /* U+1E0A "Ḋ" */
    0x0, 0x0, 0x0, 0xaf, 0xe0, 0x0, 0x0, 0x0,
    0x0, 0x0, 0x0, 0xa, 0xfe, 0x0, 0x0, 0x0,
    0x0, 0x0, 0x0, 0x0, 0x8d, 0xc0, 0x0, 0x0,
    0x0, 0x0, 0x0, 0x0, 0x0, 0x0, 0x0, 0x0,
    0x0, 0x0, 0x0, 0x0, 0x0, 0x0, 0x0, 0x0,
    0x0, 0x0, 0xc, 0xff, 0xff, 0xff, 0xff, 0xec,
    0x71, 0x0, 0x0, 0xcf, 0xff, 0xff, 0xff, 0xff,
    0xff, 0xf6, 0x0, 0xc, 0xfe, 0x66, 0x66, 0x67,
    0x9d, 0xff, 0xf6, 0x0, 0xcf, 0xe0, 0x0, 0x0,
    0x0, 0x6, 0xff, 0xf2, 0xc, 0xfe, 0x0, 0x0,
    0x0, 0x0, 0x5, 0xff, 0xb0, 0xcf, 0xe0, 0x0,
    0x0, 0x0, 0x0, 0xb, 0xff, 0x2c, 0xfe, 0x0,
    0x0, 0x0, 0x0, 0x0, 0x5f, 0xf6, 0xcf, 0xe0,
    0x0, 0x0, 0x0, 0x0, 0x1, 0xff, 0x9c, 0xfe,
    0x0, 0x0, 0x0, 0x0, 0x0, 0xf, 0xfb, 0xcf,
    0xe0, 0x0, 0x0, 0x0, 0x0, 0x0, 0xff, 0xcc,
    0xfe, 0x0, 0x0, 0x0, 0x0, 0x0, 0xf, 0xfc,
    0xcf, 0xe0, 0x0, 0x0, 0x0, 0x0, 0x0, 0xff,
    0xbc, 0xfe, 0x0, 0x0, 0x0, 0x0, 0x0, 0x2f,
    0xf9, 0xcf, 0xe0, 0x0, 0x0, 0x0, 0x0, 0x6,
    0xff, 0x5c, 0xfe, 0x0, 0x0, 0x0, 0x0, 0x0,
    0xcf, 0xf1, 0xcf, 0xe0, 0x0, 0x0, 0x0, 0x0,
    0x6f, 0xfa, 0xc, 0xfe, 0x0, 0x0, 0x0, 0x0,
    0x6f, 0xff, 0x20, 0xcf, 0xe6, 0x66, 0x66, 0x79,
    0xdf, 0xff, 0x50, 0xc, 0xff, 0xff, 0xff, 0xff,
    0xff, 0xfe, 0x50, 0x0, 0xcf, 0xff, 0xff, 0xff,
    0xed, 0xa6, 0x0, 0x0, 0x0,

    /* U+1E0B "ḋ" */
    0x0, 0x0, 0xb, 0xfd, 0x0, 0x0, 0x0, 0x0,
    0x0, 0xbf, 0xd0, 0x0, 0x0, 0x0, 0x0, 0x9,
    0xda, 0x0, 0x0, 0x0, 0x0, 0x0, 0x0, 0x0,
    0x0, 0x0, 0x0, 0x0, 0x0, 0x0, 0x0, 0x0,
    0x0, 0x0, 0x0, 0x0, 0x0, 0xd, 0xf9, 0x0,
    0x0, 0x0, 0x0, 0x0, 0xdf, 0x90, 0x0, 0x0,
    0x0, 0x0, 0xd, 0xf9, 0x0, 0x0, 0x0, 0x0,
    0x0, 0xdf, 0x90, 0x0, 0x0, 0x0, 0x0, 0xd,
    0xf9, 0x0, 0x6, 0xce, 0xfc, 0x60, 0xdf, 0x90,
    0xb, 0xff, 0xff, 0xff, 0xad, 0xf9, 0xa, 0xff,
    0x92, 0x3, 0xbf, 0xff, 0x93, 0xff, 0x90, 0x0,
    0x0, 0xbf, 0xf9, 0x9f, 0xf1, 0x0, 0x0, 0x3,
    0xff, 0x9c, 0xfc, 0x0, 0x0, 0x0, 0xe, 0xf9,
    0xef, 0xa0, 0x0, 0x0, 0x0, 0xbf, 0x9f, 0xf8,
    0x0, 0x0, 0x0, 0xa, 0xf9, 0xef, 0x90, 0x0,
    0x0, 0x0, 0xaf, 0x9c, 0xfc, 0x0, 0x0, 0x0,
    0xd, 0xf9, 0x8f, 0xf1, 0x0, 0x0, 0x1, 0xff,
    0x92, 0xff, 0xa0, 0x0, 0x0, 0xaf, 0xf9, 0x7,
    0xff, 0xb3, 0x13, 0xbf, 0xff, 0x90, 0x9, 0xff,
    0xff, 0xff, 0xab, 0xf9, 0x0, 0x4, 0xbe, 0xfd,
    0x70, 0xbf, 0x90,

    /* U+1E0C "Ḍ" */
    0xcf, 0xff, 0xff, 0xff, 0xfe, 0xc7, 0x10, 0x0,
    0xc, 0xff, 0xff, 0xff, 0xff, 0xff, 0xff, 0x60,
    0x0, 0xcf, 0xe6, 0x66, 0x66, 0x79, 0xdf, 0xff,
    0x60, 0xc, 0xfe, 0x0, 0x0, 0x0, 0x0, 0x6f,
    0xff, 0x20, 0xcf, 0xe0, 0x0, 0x0, 0x0, 0x0,
    0x5f, 0xfb, 0xc, 0xfe, 0x0, 0x0, 0x0, 0x0,
    0x0, 0xbf, 0xf2, 0xcf, 0xe0, 0x0, 0x0, 0x0,
    0x0, 0x5, 0xff, 0x6c, 0xfe, 0x0, 0x0, 0x0,
    0x0, 0x0, 0x1f, 0xf9, 0xcf, 0xe0, 0x0, 0x0,
    0x0, 0x0, 0x0, 0xff, 0xbc, 0xfe, 0x0, 0x0,
    0x0, 0x0, 0x0, 0xf, 0xfc, 0xcf, 0xe0, 0x0,
    0x0, 0x0, 0x0, 0x0, 0xff, 0xcc, 0xfe, 0x0,
    0x0, 0x0, 0x0, 0x0, 0xf, 0xfb, 0xcf, 0xe0,
    0x0, 0x0, 0x0, 0x0, 0x2, 0xff, 0x9c, 0xfe,
    0x0, 0x0, 0x0, 0x0, 0x0, 0x6f, 0xf5, 0xcf,
    0xe0, 0x0, 0x0, 0x0, 0x0, 0xc, 0xff, 0x1c,
    0xfe, 0x0, 0x0, 0x0, 0x0, 0x6, 0xff, 0xa0,
    0xcf, 0xe0, 0x0, 0x0, 0x0, 0x6, 0xff, 0xf2,
    0xc, 0xfe, 0x66, 0x66, 0x67, 0x9d, 0xff, 0xf5,
    0x0, 0xcf, 0xff, 0xff, 0xff, 0xff, 0xff, 0xe5,
    0x0, 0xc, 0xff, 0xff, 0xff, 0xfe, 0xda, 0x60,
    0x0, 0x0, 0x0, 0x0, 0x0, 0x0, 0x0, 0x0,
    0x0, 0x0, 0x0, 0x0, 0x0, 0x0, 0x0, 0x0,
    0x0, 0x0, 0x0, 0x0, 0x0, 0x0, 0x0, 0x0,
    0x0, 0x0, 0x0, 0x0, 0x0, 0x0, 0xc, 0xd8,
    0x0, 0x0, 0x0, 0x0, 0x0, 0x0, 0x0, 0xef,
    0x90, 0x0, 0x0, 0x0, 0x0, 0x0, 0x0, 0xe,
    0xf9, 0x0, 0x0, 0x0, 0x0,

    /* U+1E0D "ḍ" */
    0x0, 0x0, 0x0, 0x0, 0x0, 0xdf, 0x90, 0x0,
    0x0, 0x0, 0x0, 0xd, 0xf9, 0x0, 0x0, 0x0,
    0x0, 0x0, 0xdf, 0x90, 0x0, 0x0, 0x0, 0x0,
    0xd, 0xf9, 0x0, 0x0, 0x0, 0x0, 0x0, 0xdf,
    0x90, 0x0, 0x6c, 0xef, 0xc6, 0xd, 0xf9, 0x0,
    0xbf, 0xff, 0xff, 0xfa, 0xdf, 0x90, 0xaf, 0xf9,
    0x20, 0x3b, 0xff, 0xf9, 0x3f, 0xf9, 0x0, 0x0,
    0xb, 0xff, 0x99, 0xff, 0x10, 0x0, 0x0, 0x3f,
    0xf9, 0xcf, 0xc0, 0x0, 0x0, 0x0, 0xef, 0x9e,
    0xfa, 0x0, 0x0, 0x0, 0xb, 0xf9, 0xff, 0x80,
    0x0, 0x0, 0x0, 0xaf, 0x9e, 0xf9, 0x0, 0x0,
    0x0, 0xa, 0xf9, 0xcf, 0xc0, 0x0, 0x0, 0x0,
    0xdf, 0x98, 0xff, 0x10, 0x0, 0x0, 0x1f, 0xf9,
    0x2f, 0xfa, 0x0, 0x0, 0xa, 0xff, 0x90, 0x7f,
    0xfb, 0x31, 0x3b, 0xff, 0xf9, 0x0, 0x9f, 0xff,
    0xff, 0xfa, 0xbf, 0x90, 0x0, 0x4b, 0xef, 0xd7,
    0xb, 0xf9, 0x0, 0x0, 0x0, 0x0, 0x0, 0x0,
    0x0, 0x0, 0x0, 0x0, 0x0, 0x0, 0x0, 0x0,
    0x0, 0x0, 0x0, 0x0, 0x0, 0x0, 0x0, 0x0,
    0x8d, 0xc0, 0x0, 0x0, 0x0, 0x0, 0x9, 0xfe,
    0x0, 0x0, 0x0, 0x0, 0x0, 0x9f, 0xe0, 0x0,
    0x0,

    /* U+1E0E "Ḏ" */
    0xcf, 0xff, 0xff, 0xff, 0xfe, 0xc7, 0x10, 0x0,
    0xc, 0xff, 0xff, 0xff, 0xff, 0xff, 0xff, 0x60,
    0x0, 0xcf, 0xe6, 0x66, 0x66, 0x79, 0xdf, 0xff,
    0x60, 0xc, 0xfe, 0x0, 0x0, 0x0, 0x0, 0x6f,
    0xff, 0x20, 0xcf, 0xe0, 0x0, 0x0, 0x0, 0x0,
    0x5f, 0xfb, 0xc, 0xfe, 0x0, 0x0, 0x0, 0x0,
    0x0, 0xbf, 0xf2, 0xcf, 0xe0, 0x0, 0x0, 0x0,
    0x0, 0x5, 0xff, 0x6c, 0xfe, 0x0, 0x0, 0x0,
    0x0, 0x0, 0x1f, 0xf9, 0xcf, 0xe0, 0x0, 0x0,
    0x0, 0x0, 0x0, 0xff, 0xbc, 0xfe, 0x0, 0x0,
    0x0, 0x0, 0x0, 0xf, 0xfc, 0xcf, 0xe0, 0x0,
    0x0, 0x0, 0x0, 0x0, 0xff, 0xcc, 0xfe, 0x0,
    0x0, 0x0, 0x0, 0x0, 0xf, 0xfb, 0xcf, 0xe0,
    0x0, 0x0, 0x0, 0x0, 0x2, 0xff, 0x9c, 0xfe,
    0x0, 0x0, 0x0, 0x0, 0x0, 0x6f, 0xf5, 0xcf,
    0xe0, 0x0, 0x0, 0x0, 0x0, 0xc, 0xff, 0x1c,
    0xfe, 0x0, 0x0, 0x0, 0x0, 0x6, 0xff, 0xa0,
    0xcf, 0xe0, 0x0, 0x0, 0x0, 0x6, 0xff, 0xf2,
    0xc, 0xfe, 0x66, 0x66, 0x67, 0x9d, 0xff, 0xf5,
    0x0, 0xcf, 0xff, 0xff, 0xff, 0xff, 0xff, 0xe5,
    0x0, 0xc, 0xff, 0xff, 0xff, 0xfe, 0xda, 0x60,
    0x0, 0x0, 0x0, 0x0, 0x0, 0x0, 0x0, 0x0,
    0x0, 0x0, 0x0, 0x0, 0x0, 0x0, 0x0, 0x0,
    0x0, 0x0, 0x0, 0x0, 0x0, 0x0, 0x0, 0x0,
    0x0, 0x0, 0x0, 0x0, 0x0, 0xff, 0xff, 0xff,
    0xff, 0x80, 0x0, 0x0, 0x0, 0xf, 0xff, 0xff,
    0xff, 0xf8, 0x0, 0x0, 0x0, 0x0, 0x11, 0x11,
    0x11, 0x11, 0x0, 0x0, 0x0,

    /* U+1E0F "ḏ" */
    0x0, 0x0, 0x0, 0x0, 0x0, 0xdf, 0x90, 0x0,
    0x0, 0x0, 0x0, 0xd, 0xf9, 0x0, 0x0, 0x0,
    0x0, 0x0, 0xdf, 0x90, 0x0, 0x0, 0x0, 0x0,
    0xd, 0xf9, 0x0, 0x0, 0x0, 0x0, 0x0, 0xdf,
    0x90, 0x0, 0x6c, 0xef, 0xc6, 0xd, 0xf9, 0x0,
    0xbf, 0xff, 0xff, 0xfa, 0xdf, 0x90, 0xaf, 0xf9,
    0x20, 0x3b, 0xff, 0xf9, 0x3f, 0xf9, 0x0, 0x0,
    0xb, 0xff, 0x99, 0xff, 0x10, 0x0, 0x0, 0x3f,
    0xf9, 0xcf, 0xc0, 0x0, 0x0, 0x0, 0xef, 0x9e,
    0xfa, 0x0, 0x0, 0x0, 0xb, 0xf9, 0xff, 0x80,
    0x0, 0x0, 0x0, 0xaf, 0x9e, 0xf9, 0x0, 0x0,
    0x0, 0xa, 0xf9, 0xcf, 0xc0, 0x0, 0x0, 0x0,
    0xdf, 0x98, 0xff, 0x10, 0x0, 0x0, 0x1f, 0xf9,
    0x2f, 0xfa, 0x0, 0x0, 0xa, 0xff, 0x90, 0x7f,
    0xfb, 0x31, 0x3b, 0xff, 0xf9, 0x0, 0x9f, 0xff,
    0xff, 0xfa, 0xbf, 0x90, 0x0, 0x4b, 0xef, 0xd7,
    0xb, 0xf9, 0x0, 0x0, 0x0, 0x0, 0x0, 0x0,
    0x0, 0x0, 0x0, 0x0, 0x0, 0x0, 0x0, 0x0,
    0x11, 0x11, 0x11, 0x11, 0x0, 0x0, 0xd, 0xff,
    0xff, 0xff, 0xfb, 0x0, 0x0, 0xdf, 0xff, 0xff,
    0xff, 0xb0, 0x0,

    /* U+1E10 "Ḑ" */
    0xcf, 0xff, 0xff, 0xff, 0xfe, 0xc7, 0x10, 0x0,
    0xc, 0xff, 0xff, 0xff, 0xff, 0xff, 0xff, 0x50,
    0x0, 0xcf, 0xe6, 0x66, 0x66, 0x79, 0xdf, 0xff,
    0x60, 0xc, 0xfe, 0x0, 0x0, 0x0, 0x0, 0x6f,
    0xff, 0x20, 0xcf, 0xe0, 0x0, 0x0, 0x0, 0x0,
    0x5f, 0xfb, 0xc, 0xfe, 0x0, 0x0, 0x0, 0x0,
    0x0, 0xbf, 0xf1, 0xcf, 0xe0, 0x0, 0x0, 0x0,
    0x0, 0x5, 0xff, 0x6c, 0xfe, 0x0, 0x0, 0x0,
    0x0, 0x0, 0x2f, 0xf9, 0xcf, 0xe0, 0x0, 0x0,
    0x0, 0x0, 0x0, 0xff, 0xbc, 0xfe, 0x0, 0x0,
    0x0, 0x0, 0x0, 0xf, 0xfc, 0xcf, 0xe0, 0x0,
    0x0, 0x0, 0x0, 0x0, 0xff, 0xcc, 0xfe, 0x0,
    0x0, 0x0, 0x0, 0x0, 0xf, 0xfb, 0xcf, 0xe0,
    0x0, 0x0, 0x0, 0x0, 0x2, 0xff, 0x9c, 0xfe,
    0x0, 0x0, 0x0, 0x0, 0x0, 0x6f, 0xf6, 0xcf,
    0xe0, 0x0, 0x0, 0x0, 0x0, 0xc, 0xff, 0x1c,
    0xfe, 0x0, 0x0, 0x0, 0x0, 0x5, 0xff, 0xb0,
    0xcf, 0xe0, 0x0, 0x0, 0x0, 0x5, 0xff, 0xf2,
    0xc, 0xfe, 0x55, 0x55, 0x56, 0x8c, 0xff, 0xf7,
    0x0, 0xcf, 0xff, 0xff, 0xff, 0xff, 0xff, 0xf6,
    0x0, 0xc, 0xff, 0xff, 0xff, 0xff, 0xec, 0x71,
    0x0, 0x0, 0x0, 0x0, 0x0, 0xcf, 0x0, 0x0,
    0x0, 0x0, 0x0, 0x0, 0x0, 0x1f, 0xf8, 0x10,
    0x0, 0x0, 0x0, 0x0, 0x0, 0x1, 0x5a, 0xfd,
    0x0, 0x0, 0x0, 0x0, 0x0, 0x0, 0x0, 0x4f,
    0xf1, 0x0, 0x0, 0x0, 0x0, 0x0, 0x8b, 0xcf,
    0xfb, 0x0, 0x0, 0x0, 0x0, 0x0, 0xa, 0xff,
    0xd8, 0x0, 0x0, 0x0, 0x0,

    /* U+1E11 "ḑ" */
    0x0, 0x0, 0x0, 0x0, 0x0, 0xdf, 0x90, 0x0,
    0x0, 0x0, 0x0, 0xd, 0xf9, 0x0, 0x0, 0x0,
    0x0, 0x0, 0xdf, 0x90, 0x0, 0x0, 0x0, 0x0,
    0xd, 0xf9, 0x0, 0x0, 0x0, 0x0, 0x0, 0xdf,
    0x90, 0x0, 0x6c, 0xef, 0xc6, 0xd, 0xf9, 0x0,
    0xbf, 0xff, 0xff, 0xfa, 0xdf, 0x90, 0x9f, 0xf9,
    0x20, 0x3b, 0xff, 0xf9, 0x2f, 0xf9, 0x0, 0x0,
    0xc, 0xff, 0x98, 0xff, 0x20, 0x0, 0x0, 0x3f,
    0xf9, 0xcf, 0xc0, 0x0, 0x0, 0x0, 0xef, 0x9e,
    0xfa, 0x0, 0x0, 0x0, 0xb, 0xf9, 0xff, 0x80,
    0x0, 0x0, 0x0, 0xaf, 0x9e, 0xf9, 0x0, 0x0,
    0x0, 0xa, 0xf9, 0xdf, 0xb0, 0x0, 0x0, 0x0,
    0xcf, 0x99, 0xff, 0x0, 0x0, 0x0, 0x1f, 0xf9,
    0x3f, 0xf8, 0x0, 0x0, 0x8, 0xff, 0x90, 0xaf,
    0xf8, 0x0, 0x8, 0xff, 0xf9, 0x1, 0xdf, 0xff,
    0xdf, 0xfd, 0xbf, 0x90, 0x0, 0x9f, 0xff, 0xfb,
    0x1b, 0xf9, 0x0, 0x0, 0xb, 0xf3, 0x0, 0x0,
    0x0, 0x0, 0x0, 0xff, 0xc4, 0x0, 0x0, 0x0,
    0x0, 0x0, 0x5f, 0xf2, 0x0, 0x0, 0x0, 0x0,
    0x2, 0xff, 0x40, 0x0, 0x0, 0x5, 0xbc, 0xff,
    0xd0, 0x0, 0x0, 0x0, 0x8f, 0xfd, 0x91, 0x0,
    0x0,

    /* U+1E12 "Ḓ" */
    0xcf, 0xff, 0xff, 0xff, 0xfe, 0xc7, 0x10, 0x0,
    0xc, 0xff, 0xff, 0xff, 0xff, 0xff, 0xff, 0x60,
    0x0, 0xcf, 0xe6, 0x66, 0x66, 0x79, 0xdf, 0xff,
    0x60, 0xc, 0xfe, 0x0, 0x0, 0x0, 0x0, 0x6f,
    0xff, 0x20, 0xcf, 0xe0, 0x0, 0x0, 0x0, 0x0,
    0x5f, 0xfb, 0xc, 0xfe, 0x0, 0x0, 0x0, 0x0,
    0x0, 0xbf, 0xf2, 0xcf, 0xe0, 0x0, 0x0, 0x0,
    0x0, 0x5, 0xff, 0x6c, 0xfe, 0x0, 0x0, 0x0,
    0x0, 0x0, 0x1f, 0xf9, 0xcf, 0xe0, 0x0, 0x0,
    0x0, 0x0, 0x0, 0xff, 0xbc, 0xfe, 0x0, 0x0,
    0x0, 0x0, 0x0, 0xf, 0xfc, 0xcf, 0xe0, 0x0,
    0x0, 0x0, 0x0, 0x0, 0xff, 0xcc, 0xfe, 0x0,
    0x0, 0x0, 0x0, 0x0, 0xf, 0xfb, 0xcf, 0xe0,
    0x0, 0x0, 0x0, 0x0, 0x2, 0xff, 0x9c, 0xfe,
    0x0, 0x0, 0x0, 0x0, 0x0, 0x6f, 0xf5, 0xcf,
    0xe0, 0x0, 0x0, 0x0, 0x0, 0xc, 0xff, 0x1c,
    0xfe, 0x0, 0x0, 0x0, 0x0, 0x6, 0xff, 0xa0,
    0xcf, 0xe0, 0x0, 0x0, 0x0, 0x6, 0xff, 0xf2,
    0xc, 0xfe, 0x66, 0x66, 0x67, 0x9d, 0xff, 0xf5,
    0x0, 0xcf, 0xff, 0xff, 0xff, 0xff, 0xff, 0xe5,
    0x0, 0xc, 0xff, 0xff, 0xff, 0xfe, 0xda, 0x60,
    0x0, 0x0, 0x0, 0x0, 0x0, 0x0, 0x0, 0x0,
    0x0, 0x0, 0x0, 0x0, 0x0, 0x0, 0x0, 0x0,
    0x0, 0x0, 0x0, 0x0, 0x0, 0x7, 0xee, 0xa0,
    0x0, 0x0, 0x0, 0x0, 0x0, 0x4, 0xff, 0xef,
    0x70, 0x0, 0x0, 0x0, 0x0, 0x1, 0xef, 0x94,
    0xff, 0x40, 0x0, 0x0, 0x0, 0x0, 0xcf, 0xe0,
    0xa, 0xfe, 0x20, 0x0, 0x0,

    /* U+1E13 "ḓ" */
    0x0, 0x0, 0x0, 0x0, 0x0, 0xdf, 0x90, 0x0,
    0x0, 0x0, 0x0, 0xd, 0xf9, 0x0, 0x0, 0x0,
    0x0, 0x0, 0xdf, 0x90, 0x0, 0x0, 0x0, 0x0,
    0xd, 0xf9, 0x0, 0x0, 0x0, 0x0, 0x0, 0xdf,
    0x90, 0x0, 0x6c, 0xef, 0xc6, 0xd, 0xf9, 0x0,
    0xbf, 0xff, 0xff, 0xfa, 0xdf, 0x90, 0xaf, 0xf9,
    0x20, 0x3b, 0xff, 0xf9, 0x3f, 0xf9, 0x0, 0x0,
    0xb, 0xff, 0x99, 0xff, 0x10, 0x0, 0x0, 0x3f,
    0xf9, 0xcf, 0xc0, 0x0, 0x0, 0x0, 0xef, 0x9e,
    0xfa, 0x0, 0x0, 0x0, 0xb, 0xf9, 0xff, 0x80,
    0x0, 0x0, 0x0, 0xaf, 0x9e, 0xf9, 0x0, 0x0,
    0x0, 0xa, 0xf9, 0xcf, 0xc0, 0x0, 0x0, 0x0,
    0xdf, 0x98, 0xff, 0x10, 0x0, 0x0, 0x1f, 0xf9,
    0x2f, 0xfa, 0x0, 0x0, 0xa, 0xff, 0x90, 0x7f,
    0xfb, 0x31, 0x3b, 0xff, 0xf9, 0x0, 0x9f, 0xff,
    0xff, 0xfa, 0xbf, 0x90, 0x0, 0x4b, 0xef, 0xd7,
    0xb, 0xf9, 0x0, 0x0, 0x0, 0x0, 0x0, 0x0,
    0x0, 0x0, 0x0, 0x12, 0x20, 0x0, 0x0, 0x0,
    0x0, 0x1e, 0xff, 0x80, 0x0, 0x0, 0x0, 0xb,
    0xfd, 0xff, 0x40, 0x0, 0x0, 0x7, 0xff, 0x39,
    0xfe, 0x10, 0x0, 0x3, 0xff, 0x90, 0x1e, 0xfb,
    0x0,

    /* U+1E14 "Ḕ" */
    0x0, 0x0, 0x7e, 0xe8, 0x0, 0x0, 0x0, 0x0,
    0x0, 0x0, 0xc, 0xff, 0x10, 0x0, 0x0, 0x0,
    0x0, 0x0, 0x1, 0xef, 0x70, 0x0, 0x0, 0x0,
    0x0, 0x0, 0x0, 0x3f, 0xe0, 0x0, 0x0, 0x0,
    0x0, 0x0, 0x0, 0x0, 0x0, 0x0, 0x0, 0x0,
    0x0, 0x0, 0x11, 0x11, 0x11, 0x10, 0x0, 0x0,
    0x0, 0xe, 0xff, 0xff, 0xff, 0xfa, 0x0, 0x0,
    0x0, 0xe, 0xff, 0xff, 0xff, 0xfa, 0x0, 0x0,
    0x0, 0x0, 0x0, 0x0, 0x0, 0x0, 0x0, 0x0,
    0x0, 0x0, 0x0, 0x0, 0x0, 0x0, 0x0, 0x0,
    0xcf, 0xff, 0xff, 0xff, 0xff, 0xff, 0xff, 0xb0,
    0xcf, 0xff, 0xff, 0xff, 0xff, 0xff, 0xff, 0xb0,
    0xcf, 0xe6, 0x66, 0x66, 0x66, 0x66, 0x66, 0x40,
    0xcf, 0xe0, 0x0, 0x0, 0x0, 0x0, 0x0, 0x0,
    0xcf, 0xe0, 0x0, 0x0, 0x0, 0x0, 0x0, 0x0,
    0xcf, 0xe0, 0x0, 0x0, 0x0, 0x0, 0x0, 0x0,
    0xcf, 0xe0, 0x0, 0x0, 0x0, 0x0, 0x0, 0x0,
    0xcf, 0xe0, 0x0, 0x0, 0x0, 0x0, 0x0, 0x0,
    0xcf, 0xe6, 0x66, 0x66, 0x66, 0x66, 0x66, 0x0,
    0xcf, 0xff, 0xff, 0xff, 0xff, 0xff, 0xff, 0x0,
    0xcf, 0xff, 0xff, 0xff, 0xff, 0xff, 0xff, 0x0,
    0xcf, 0xe0, 0x0, 0x0, 0x0, 0x0, 0x0, 0x0,
    0xcf, 0xe0, 0x0, 0x0, 0x0, 0x0, 0x0, 0x0,
    0xcf, 0xe0, 0x0, 0x0, 0x0, 0x0, 0x0, 0x0,
    0xcf, 0xe0, 0x0, 0x0, 0x0, 0x0, 0x0, 0x0,
    0xcf, 0xe0, 0x0, 0x0, 0x0, 0x0, 0x0, 0x0,
    0xcf, 0xe0, 0x0, 0x0, 0x0, 0x0, 0x0, 0x0,
    0xcf, 0xe6, 0x66, 0x66, 0x66, 0x66, 0x66, 0x61,
    0xcf, 0xff, 0xff, 0xff, 0xff, 0xff, 0xff, 0xf3,
    0xcf, 0xff, 0xff, 0xff, 0xff, 0xff, 0xff, 0xf3,

    /* U+1E15 "ḕ" */
    0x0, 0x5, 0xff, 0xb0, 0x0, 0x0, 0x0, 0x0,
    0x0, 0x8f, 0xf3, 0x0, 0x0, 0x0, 0x0, 0x0,
    0xb, 0xfb, 0x0, 0x0, 0x0, 0x0, 0x0, 0x1,
    0xdd, 0x10, 0x0, 0x0, 0x0, 0x1, 0x11, 0x11,
    0x11, 0x10, 0x0, 0x0, 0x4f, 0xff, 0xff, 0xff,
    0xf4, 0x0, 0x0, 0x4f, 0xff, 0xff, 0xff, 0xf4,
    0x0, 0x0, 0x0, 0x0, 0x0, 0x0, 0x0, 0x0,
    0x0, 0x0, 0x0, 0x0, 0x0, 0x0, 0x0, 0x0,
    0x0, 0x0, 0x0, 0x0, 0x0, 0x0, 0x0, 0x2,
    0x9d, 0xfe, 0xc7, 0x0, 0x0, 0x0, 0x7f, 0xff,
    0xff, 0xff, 0xe3, 0x0, 0x6, 0xff, 0xc4, 0x12,
    0x6e, 0xfe, 0x20, 0xf, 0xfc, 0x0, 0x0, 0x1,
    0xdf, 0xb0, 0x6f, 0xf2, 0x0, 0x0, 0x0, 0x5f,
    0xf1, 0xaf, 0xe0, 0x0, 0x0, 0x0, 0x2f, 0xf4,
    0xdf, 0xff, 0xff, 0xff, 0xff, 0xff, 0xf6, 0xef,
    0xff, 0xff, 0xff, 0xff, 0xff, 0xf7, 0xdf, 0xa0,
    0x0, 0x0, 0x0, 0x0, 0x0, 0xbf, 0xd0, 0x0,
    0x0, 0x0, 0x0, 0x0, 0x7f, 0xf3, 0x0, 0x0,
    0x0, 0x6f, 0xd3, 0x1f, 0xfc, 0x0, 0x0, 0x1,
    0xef, 0xe0, 0x7, 0xff, 0xd5, 0x11, 0x5d, 0xff,
    0x50, 0x0, 0x8f, 0xff, 0xff, 0xff, 0xf7, 0x0,
    0x0, 0x3, 0x9d, 0xff, 0xd9, 0x20, 0x0,

    /* U+1E16 "Ḗ" */
    0x0, 0x0, 0x0, 0x8, 0xee, 0x70, 0x0, 0x0,
    0x0, 0x0, 0x0, 0x1f, 0xfc, 0x0, 0x0, 0x0,
    0x0, 0x0, 0x0, 0x7f, 0xe1, 0x0, 0x0, 0x0,
    0x0, 0x0, 0x0, 0xef, 0x30, 0x0, 0x0, 0x0,
    0x0, 0x0, 0x0, 0x0, 0x0, 0x0, 0x0, 0x0,
    0x0, 0x0, 0x11, 0x11, 0x11, 0x10, 0x0, 0x0,
    0x0, 0xd, 0xff, 0xff, 0xff, 0xfb, 0x0, 0x0,
    0x0, 0xd, 0xff, 0xff, 0xff, 0xfb, 0x0, 0x0,
    0x0, 0x0, 0x0, 0x0, 0x0, 0x0, 0x0, 0x0,
    0x0, 0x0, 0x0, 0x0, 0x0, 0x0, 0x0, 0x0,
    0xcf, 0xff, 0xff, 0xff, 0xff, 0xff, 0xff, 0xb0,
    0xcf, 0xff, 0xff, 0xff, 0xff, 0xff, 0xff, 0xb0,
    0xcf, 0xe6, 0x66, 0x66, 0x66, 0x66, 0x66, 0x40,
    0xcf, 0xe0, 0x0, 0x0, 0x0, 0x0, 0x0, 0x0,
    0xcf, 0xe0, 0x0, 0x0, 0x0, 0x0, 0x0, 0x0,
    0xcf, 0xe0, 0x0, 0x0, 0x0, 0x0, 0x0, 0x0,
    0xcf, 0xe0, 0x0, 0x0, 0x0, 0x0, 0x0, 0x0,
    0xcf, 0xe0, 0x0, 0x0, 0x0, 0x0, 0x0, 0x0,
    0xcf, 0xe6, 0x66, 0x66, 0x66, 0x66, 0x66, 0x0,
    0xcf, 0xff, 0xff, 0xff, 0xff, 0xff, 0xff, 0x0,
    0xcf, 0xff, 0xff, 0xff, 0xff, 0xff, 0xff, 0x0,
    0xcf, 0xe0, 0x0, 0x0, 0x0, 0x0, 0x0, 0x0,
    0xcf, 0xe0, 0x0, 0x0, 0x0, 0x0, 0x0, 0x0,
    0xcf, 0xe0, 0x0, 0x0, 0x0, 0x0, 0x0, 0x0,
    0xcf, 0xe0, 0x0, 0x0, 0x0, 0x0, 0x0, 0x0,
    0xcf, 0xe0, 0x0, 0x0, 0x0, 0x0, 0x0, 0x0,
    0xcf, 0xe0, 0x0, 0x0, 0x0, 0x0, 0x0, 0x0,
    0xcf, 0xe6, 0x66, 0x66, 0x66, 0x66, 0x66, 0x61,
    0xcf, 0xff, 0xff, 0xff, 0xff, 0xff, 0xff, 0xf3,
    0xcf, 0xff, 0xff, 0xff, 0xff, 0xff, 0xff, 0xf3,

    /* U+1E17 "ḗ" */
    0x0, 0x0, 0x0, 0x2f, 0xfd, 0x10, 0x0, 0x0,
    0x0, 0x0, 0x9f, 0xf3, 0x0, 0x0, 0x0, 0x0,
    0x1, 0xff, 0x50, 0x0, 0x0, 0x0, 0x0, 0x7,
    0xe8, 0x0, 0x0, 0x0, 0x0, 0x1, 0x11, 0x11,
    0x11, 0x10, 0x0, 0x0, 0x4f, 0xff, 0xff, 0xff,
    0xf4, 0x0, 0x0, 0x4f, 0xff, 0xff, 0xff, 0xf4,
    0x0, 0x0, 0x0, 0x0, 0x0, 0x0, 0x0, 0x0,
    0x0, 0x0, 0x0, 0x0, 0x0, 0x0, 0x0, 0x0,
    0x0, 0x0, 0x0, 0x0, 0x0, 0x0, 0x0, 0x2,
    0x9d, 0xfe, 0xc7, 0x0, 0x0, 0x0, 0x7f, 0xff,
    0xff, 0xff, 0xe3, 0x0, 0x6, 0xff, 0xc4, 0x12,
    0x6e, 0xfe, 0x20, 0xf, 0xfc, 0x0, 0x0, 0x1,
    0xdf, 0xb0, 0x6f, 0xf2, 0x0, 0x0, 0x0, 0x5f,
    0xf1, 0xaf, 0xe0, 0x0, 0x0, 0x0, 0x2f, 0xf4,
    0xdf, 0xff, 0xff, 0xff, 0xff, 0xff, 0xf6, 0xef,
    0xff, 0xff, 0xff, 0xff, 0xff, 0xf7, 0xdf, 0xa0,
    0x0, 0x0, 0x0, 0x0, 0x0, 0xbf, 0xd0, 0x0,
    0x0, 0x0, 0x0, 0x0, 0x7f, 0xf3, 0x0, 0x0,
    0x0, 0x6f, 0xd3, 0x1f, 0xfc, 0x0, 0x0, 0x1,
    0xef, 0xe0, 0x7, 0xff, 0xd5, 0x11, 0x5d, 0xff,
    0x50, 0x0, 0x8f, 0xff, 0xff, 0xff, 0xf7, 0x0,
    0x0, 0x3, 0x9d, 0xff, 0xd9, 0x20, 0x0,

    /* U+1E18 "Ḙ" */
    0xcf, 0xff, 0xff, 0xff, 0xff, 0xff, 0xff, 0xb0,
    0xcf, 0xff, 0xff, 0xff, 0xff, 0xff, 0xff, 0xb0,
    0xcf, 0xe6, 0x66, 0x66, 0x66, 0x66, 0x66, 0x40,
    0xcf, 0xe0, 0x0, 0x0, 0x0, 0x0, 0x0, 0x0,
    0xcf, 0xe0, 0x0, 0x0, 0x0, 0x0, 0x0, 0x0,
    0xcf, 0xe0, 0x0, 0x0, 0x0, 0x0, 0x0, 0x0,
    0xcf, 0xe0, 0x0, 0x0, 0x0, 0x0, 0x0, 0x0,
    0xcf, 0xe0, 0x0, 0x0, 0x0, 0x0, 0x0, 0x0,
    0xcf, 0xe6, 0x66, 0x66, 0x66, 0x66, 0x66, 0x0,
    0xcf, 0xff, 0xff, 0xff, 0xff, 0xff, 0xff, 0x0,
    0xcf, 0xff, 0xff, 0xff, 0xff, 0xff, 0xff, 0x0,
    0xcf, 0xe0, 0x0, 0x0, 0x0, 0x0, 0x0, 0x0,
    0xcf, 0xe0, 0x0, 0x0, 0x0, 0x0, 0x0, 0x0,
    0xcf, 0xe0, 0x0, 0x0, 0x0, 0x0, 0x0, 0x0,
    0xcf, 0xe0, 0x0, 0x0, 0x0, 0x0, 0x0, 0x0,
    0xcf, 0xe0, 0x0, 0x0, 0x0, 0x0, 0x0, 0x0,
    0xcf, 0xe0, 0x0, 0x0, 0x0, 0x0, 0x0, 0x0,
    0xcf, 0xe6, 0x66, 0x66, 0x66, 0x66, 0x66, 0x61,
    0xcf, 0xff, 0xff, 0xff, 0xff, 0xff, 0xff, 0xf3,
    0xcf, 0xff, 0xff, 0xff, 0xff, 0xff, 0xff, 0xf3,
    0x0, 0x0, 0x0, 0x0, 0x0, 0x0, 0x0, 0x0,
    0x0, 0x0, 0x0, 0x0, 0x0, 0x0, 0x0, 0x0,
    0x0, 0x0, 0x2, 0xee, 0xe2, 0x0, 0x0, 0x0,
    0x0, 0x0, 0xd, 0xfe, 0xfd, 0x0, 0x0, 0x0,
    0x0, 0x0, 0xaf, 0xe1, 0xdf, 0xa0, 0x0, 0x0,
    0x0, 0x6, 0xff, 0x50, 0x4f, 0xf7, 0x0, 0x0,

    /* U+1E19 "ḙ" */
    0x0, 0x2, 0x9d, 0xfe, 0xc7, 0x0, 0x0, 0x0,
    0x7f, 0xff, 0xff, 0xff, 0xe3, 0x0, 0x6, 0xff,
    0xc4, 0x12, 0x6e, 0xfe, 0x10, 0xf, 0xfc, 0x0,
    0x0, 0x1, 0xdf, 0xa0, 0x6f, 0xf2, 0x0, 0x0,
    0x0, 0x5f, 0xf1, 0xaf, 0xe0, 0x0, 0x0, 0x0,
    0x1f, 0xf4, 0xdf, 0xff, 0xff, 0xff, 0xff, 0xff,
    0xf6, 0xef, 0xff, 0xff, 0xff, 0xff, 0xff, 0xf7,
    0xdf, 0xa0, 0x0, 0x0, 0x0, 0x0, 0x0, 0xbf,
    0xd0, 0x0, 0x0, 0x0, 0x0, 0x0, 0x7f, 0xf3,
    0x0, 0x0, 0x0, 0x5f, 0xd3, 0x1f, 0xfc, 0x0,
    0x0, 0x1, 0xdf, 0xe0, 0x7, 0xff, 0xd5, 0x11,
    0x5d, 0xff, 0x50, 0x0, 0x8f, 0xff, 0xff, 0xff,
    0xf7, 0x0, 0x0, 0x3, 0x9d, 0xff, 0xd9, 0x30,
    0x0, 0x0, 0x0, 0x0, 0x0, 0x0, 0x0, 0x0,
    0x0, 0x0, 0x0, 0x22, 0x10, 0x0, 0x0, 0x0,
    0x0, 0xa, 0xff, 0xd0, 0x0, 0x0, 0x0, 0x0,
    0x5f, 0xfd, 0xfa, 0x0, 0x0, 0x0, 0x2, 0xff,
    0x93, 0xff, 0x50, 0x0, 0x0, 0xc, 0xfe, 0x0,
    0x9f, 0xf2, 0x0,

    /* U+1E1A "Ḛ" */
    0xcf, 0xff, 0xff, 0xff, 0xff, 0xff, 0xff, 0xb0,
    0xcf, 0xff, 0xff, 0xff, 0xff, 0xff, 0xff, 0xb0,
    0xcf, 0xe6, 0x66, 0x66, 0x66, 0x66, 0x66, 0x40,
    0xcf, 0xe0, 0x0, 0x0, 0x0, 0x0, 0x0, 0x0,
    0xcf, 0xe0, 0x0, 0x0, 0x0, 0x0, 0x0, 0x0,
    0xcf, 0xe0, 0x0, 0x0, 0x0, 0x0, 0x0, 0x0,
    0xcf, 0xe0, 0x0, 0x0, 0x0, 0x0, 0x0, 0x0,
    0xcf, 0xe0, 0x0, 0x0, 0x0, 0x0, 0x0, 0x0,
    0xcf, 0xe0, 0x0, 0x0, 0x0, 0x0, 0x0, 0x0,
    0xcf, 0xff, 0xff, 0xff, 0xff, 0xff, 0xff, 0x0,
    0xcf, 0xff, 0xff, 0xff, 0xff, 0xff, 0xff, 0x0,
    0xcf, 0xe6, 0x66, 0x66, 0x66, 0x66, 0x66, 0x0,
    0xcf, 0xe0, 0x0, 0x0, 0x0, 0x0, 0x0, 0x0,
    0xcf, 0xe0, 0x0, 0x0, 0x0, 0x0, 0x0, 0x0,
    0xcf, 0xe0, 0x0, 0x0, 0x0, 0x0, 0x0, 0x0,
    0xcf, 0xe0, 0x0, 0x0, 0x0, 0x0, 0x0, 0x0,
    0xcf, 0xe0, 0x0, 0x0, 0x0, 0x0, 0x0, 0x0,
    0xcf, 0xe6, 0x66, 0x66, 0x66, 0x66, 0x66, 0x61,
    0xcf, 0xff, 0xff, 0xff, 0xff, 0xff, 0xff, 0xf3,
    0xcf, 0xff, 0xff, 0xff, 0xff, 0xff, 0xff, 0xf3,
    0x0, 0x0, 0x0, 0x0, 0x0, 0x0, 0x0, 0x0,
    0x0, 0x0, 0x0, 0x0, 0x0, 0x0, 0x0, 0x0,
    0x0, 0x0, 0x0, 0x0, 0x0, 0x0, 0x0, 0x0,
    0x0, 0x0, 0x9e, 0xe9, 0x40, 0xbf, 0x30, 0x0,
    0x0, 0x8, 0xfe, 0xef, 0xff, 0xfe, 0x0, 0x0,
    0x0, 0xd, 0xf1, 0x5, 0xcf, 0xc3, 0x0, 0x0,

    /* U+1E1B "ḛ" */
    0x0, 0x2, 0x9d, 0xfe, 0xc6, 0x0, 0x0, 0x0,
    0x7f, 0xff, 0xff, 0xff, 0xd1, 0x0, 0x6, 0xff,
    0xe5, 0x11, 0x7f, 0xfd, 0x0, 0xf, 0xfe, 0x10,
    0x0, 0x3, 0xff, 0x70, 0x6f, 0xf7, 0x0, 0x0,
    0x0, 0x9f, 0xe0, 0xaf, 0xf1, 0x0, 0x0, 0x0,
    0x4f, 0xf2, 0xdf, 0xd0, 0x0, 0x0, 0x0, 0x1f,
    0xf5, 0xef, 0xff, 0xff, 0xff, 0xff, 0xff, 0xf6,
    0xdf, 0xff, 0xff, 0xff, 0xff, 0xff, 0xf7, 0xbf,
    0xb0, 0x0, 0x0, 0x0, 0x0, 0x0, 0x7f, 0xe0,
    0x0, 0x0, 0x0, 0x15, 0x31, 0x1f, 0xf9, 0x0,
    0x0, 0x0, 0xbf, 0xf2, 0x7, 0xff, 0xc4, 0x21,
    0x4b, 0xff, 0x90, 0x0, 0x8f, 0xff, 0xff, 0xff,
    0xfa, 0x0, 0x0, 0x3, 0x9d, 0xff, 0xea, 0x40,
    0x0, 0x0, 0x0, 0x0, 0x0, 0x0, 0x0, 0x0,
    0x0, 0x0, 0x0, 0x0, 0x0, 0x0, 0x0, 0x0,
    0x0, 0x0, 0x0, 0x0, 0x0, 0x0, 0x0, 0x5,
    0xdf, 0xb6, 0x16, 0xf8, 0x0, 0x0, 0x2f, 0xfe,
    0xff, 0xff, 0xf4, 0x0, 0x0, 0x7f, 0x60, 0x39,
    0xee, 0x70, 0x0,

    /* U+1E1C "Ḝ" */
    0x0, 0x1, 0x84, 0x0, 0x0, 0x76, 0x0, 0x0,
    0x0, 0x0, 0xfe, 0x10, 0x5, 0xf9, 0x0, 0x0,
    0x0, 0x0, 0x7f, 0xfc, 0xdf, 0xe2, 0x0, 0x0,
    0x0, 0x0, 0x5, 0xcf, 0xea, 0x20, 0x0, 0x0,
    0x0, 0x0, 0x0, 0x0, 0x0, 0x0, 0x0, 0x0,
    0x0, 0x0, 0x0, 0x0, 0x0, 0x0, 0x0, 0x0,
    0xcf, 0xff, 0xff, 0xff, 0xff, 0xff, 0xff, 0xb0,
    0xcf, 0xff, 0xff, 0xff, 0xff, 0xff, 0xff, 0xb0,
    0xcf, 0xe6, 0x66, 0x66, 0x66, 0x66, 0x66, 0x40,
    0xcf, 0xe0, 0x0, 0x0, 0x0, 0x0, 0x0, 0x0,
    0xcf, 0xe0, 0x0, 0x0, 0x0, 0x0, 0x0, 0x0,
    0xcf, 0xe0, 0x0, 0x0, 0x0, 0x0, 0x0, 0x0,
    0xcf, 0xe0, 0x0, 0x0, 0x0, 0x0, 0x0, 0x0,
    0xcf, 0xe0, 0x0, 0x0, 0x0, 0x0, 0x0, 0x0,
    0xcf, 0xe6, 0x66, 0x66, 0x66, 0x66, 0x66, 0x0,
    0xcf, 0xff, 0xff, 0xff, 0xff, 0xff, 0xff, 0x0,
    0xcf, 0xff, 0xff, 0xff, 0xff, 0xff, 0xff, 0x0,
    0xcf, 0xe0, 0x0, 0x0, 0x0, 0x0, 0x0, 0x0,
    0xcf, 0xe0, 0x0, 0x0, 0x0, 0x0, 0x0, 0x0,
    0xcf, 0xe0, 0x0, 0x0, 0x0, 0x0, 0x0, 0x0,
    0xcf, 0xe0, 0x0, 0x0, 0x0, 0x0, 0x0, 0x0,
    0xcf, 0xe0, 0x0, 0x0, 0x0, 0x0, 0x0, 0x0,
    0xcf, 0xe0, 0x0, 0x0, 0x0, 0x0, 0x0, 0x0,
    0xcf, 0xe6, 0x66, 0x66, 0x66, 0x66, 0x66, 0x61,
    0xcf, 0xff, 0xff, 0xff, 0xff, 0xff, 0xff, 0xf3,
    0xcf, 0xff, 0xff, 0xff, 0xff, 0xff, 0xff, 0xf3,
    0x0, 0x0, 0x0, 0x3f, 0x90, 0x0, 0x0, 0x0,
    0x0, 0x0, 0x0, 0x8f, 0xd6, 0x0, 0x0, 0x0,
    0x0, 0x0, 0x0, 0x25, 0xef, 0x70, 0x0, 0x0,
    0x0, 0x0, 0x0, 0x0, 0xbf, 0xa0, 0x0, 0x0,
    0x0, 0x0, 0x1b, 0xbd, 0xff, 0x40, 0x0, 0x0,
    0x0, 0x0, 0x2f, 0xfe, 0xb4, 0x0, 0x0, 0x0,

    /* U+1E1D "ḝ" */
    0x0, 0xd, 0xe1, 0x0, 0x1d, 0xe0, 0x0, 0x0,
    0x6, 0xff, 0xcc, 0xff, 0x60, 0x0, 0x0, 0x0,
    0x5c, 0xef, 0xc5, 0x0, 0x0, 0x0, 0x0, 0x0,
    0x0, 0x0, 0x0, 0x0, 0x0, 0x0, 0x0, 0x0,
    0x0, 0x0, 0x0, 0x0, 0x2, 0x9d, 0xfe, 0xc7,
    0x0, 0x0, 0x0, 0x7f, 0xff, 0xff, 0xff, 0xe3,
    0x0, 0x5, 0xff, 0xc4, 0x12, 0x6e, 0xfe, 0x10,
    0xe, 0xfc, 0x0, 0x0, 0x1, 0xdf, 0xa0, 0x6f,
    0xf2, 0x0, 0x0, 0x0, 0x5f, 0xf1, 0xaf, 0xe0,
    0x0, 0x0, 0x0, 0x1f, 0xf4, 0xdf, 0xff, 0xff,
    0xff, 0xff, 0xff, 0xf6, 0xef, 0xff, 0xff, 0xff,
    0xff, 0xff, 0xf7, 0xdf, 0xa0, 0x0, 0x0, 0x0,
    0x0, 0x0, 0xcf, 0xd0, 0x0, 0x0, 0x0, 0x0,
    0x0, 0x8f, 0xf2, 0x0, 0x0, 0x0, 0x4d, 0xb2,
    0x2f, 0xfb, 0x0, 0x0, 0x0, 0xcf, 0xf0, 0x9,
    0xff, 0xb2, 0x0, 0x2b, 0xff, 0x70, 0x0, 0xbf,
    0xff, 0xee, 0xff, 0xfa, 0x0, 0x0, 0x5, 0xcf,
    0xff, 0xfc, 0x50, 0x0, 0x0, 0x0, 0x4, 0xf9,
    0x0, 0x0, 0x0, 0x0, 0x0, 0x8, 0xfe, 0x90,
    0x0, 0x0, 0x0, 0x0, 0x0, 0x2c, 0xf8, 0x0,
    0x0, 0x0, 0x0, 0x0, 0xb, 0xfa, 0x0, 0x0,
    0x0, 0x0, 0xbb, 0xef, 0xf4, 0x0, 0x0, 0x0,
    0x2, 0xff, 0xeb, 0x40, 0x0, 0x0,

    /* U+1E1E "Ḟ" */
    0x0, 0x0, 0x5, 0xff, 0x20, 0x0, 0x0, 0x0,
    0x0, 0x5, 0xff, 0x20, 0x0, 0x0, 0x0, 0x0,
    0x4, 0xdd, 0x20, 0x0, 0x0, 0x0, 0x0, 0x0,
    0x0, 0x0, 0x0, 0x0, 0x0, 0x0, 0x0, 0x0,
    0x0, 0x0, 0x0, 0xcf, 0xff, 0xff, 0xff, 0xff,
    0xff, 0xfc, 0xcf, 0xff, 0xff, 0xff, 0xff, 0xff,
    0xfc, 0xcf, 0xe6, 0x66, 0x66, 0x66, 0x66, 0x64,
    0xcf, 0xe0, 0x0, 0x0, 0x0, 0x0, 0x0, 0xcf,
    0xe0, 0x0, 0x0, 0x0, 0x0, 0x0, 0xcf, 0xe0,
    0x0, 0x0, 0x0, 0x0, 0x0, 0xcf, 0xe0, 0x0,
    0x0, 0x0, 0x0, 0x0, 0xcf, 0xe0, 0x0, 0x0,
    0x0, 0x0, 0x0, 0xcf, 0xe6, 0x66, 0x66, 0x66,
    0x66, 0x20, 0xcf, 0xff, 0xff, 0xff, 0xff, 0xff,
    0x50, 0xcf, 0xff, 0xff, 0xff, 0xff, 0xff, 0x50,
    0xcf, 0xe0, 0x0, 0x0, 0x0, 0x0, 0x0, 0xcf,
    0xe0, 0x0, 0x0, 0x0, 0x0, 0x0, 0xcf, 0xe0,
    0x0, 0x0, 0x0, 0x0, 0x0, 0xcf, 0xe0, 0x0,
    0x0, 0x0, 0x0, 0x0, 0xcf, 0xe0, 0x0, 0x0,
    0x0, 0x0, 0x0, 0xcf, 0xe0, 0x0, 0x0, 0x0,
    0x0, 0x0, 0xcf, 0xe0, 0x0, 0x0, 0x0, 0x0,
    0x0, 0xcf, 0xe0, 0x0, 0x0, 0x0, 0x0, 0x0,
    0xcf, 0xe0, 0x0, 0x0, 0x0, 0x0, 0x0,

    /* U+1E1F "ḟ" */
    0x0, 0x0, 0xff, 0x90, 0x0, 0x0, 0xf, 0xf9,
    0x0, 0x0, 0x0, 0xcd, 0x70, 0x0, 0x0, 0x0,
    0x0, 0x0, 0x0, 0x0, 0x0, 0x0, 0x0, 0x0,
    0x3b, 0xef, 0xe8, 0x0, 0x2f, 0xff, 0xff, 0x70,
    0x7, 0xff, 0xa5, 0x52, 0x0, 0x9f, 0xf0, 0x0,
    0x0, 0x9, 0xfe, 0x0, 0x0, 0xcf, 0xff, 0xff,
    0xfa, 0xb, 0xef, 0xff, 0xee, 0x90, 0x0, 0x9f,
    0xe0, 0x0, 0x0, 0x9, 0xfe, 0x0, 0x0, 0x0,
    0x9f, 0xe0, 0x0, 0x0, 0x9, 0xfe, 0x0, 0x0,
    0x0, 0x9f, 0xe0, 0x0, 0x0, 0x9, 0xfe, 0x0,
    0x0, 0x0, 0x9f, 0xe0, 0x0, 0x0, 0x9, 0xfe,
    0x0, 0x0, 0x0, 0x9f, 0xe0, 0x0, 0x0, 0x9,
    0xfe, 0x0, 0x0, 0x0, 0x9f, 0xe0, 0x0, 0x0,
    0x9, 0xfe, 0x0, 0x0, 0x0, 0x9f, 0xe0, 0x0,
    0x0,

    /* U+1E20 "Ḡ" */
    0x0, 0x0, 0x8, 0xff, 0xff, 0xff, 0xf4, 0x0,
    0x0, 0x0, 0x0, 0x8, 0xff, 0xff, 0xff, 0xf4,
    0x0, 0x0, 0x0, 0x0, 0x2, 0x55, 0x55, 0x55,
    0x51, 0x0, 0x0, 0x0, 0x0, 0x0, 0x0, 0x0,
    0x0, 0x0, 0x0, 0x0, 0x0, 0x0, 0x0, 0x0,
    0x0, 0x0, 0x0, 0x0, 0x0, 0x0, 0x0, 0x3,
    0x9d, 0xff, 0xec, 0x72, 0x0, 0x0, 0x0, 0x0,
    0xbf, 0xff, 0xff, 0xff, 0xff, 0x80, 0x0, 0x0,
    0x1d, 0xff, 0xff, 0xdc, 0xdf, 0xff, 0xf9, 0x0,
    0x0, 0xcf, 0xff, 0x70, 0x0, 0x1, 0x8f, 0xff,
    0x50, 0x6, 0xff, 0xf3, 0x0, 0x0, 0x0, 0x8,
    0xff, 0xe0, 0xe, 0xff, 0x70, 0x0, 0x0, 0x0,
    0x0, 0xef, 0xf4, 0x4f, 0xff, 0x0, 0x0, 0x0,
    0x0, 0x0, 0x46, 0x62, 0x8f, 0xfb, 0x0, 0x0,
    0x0, 0x0, 0x0, 0x0, 0x0, 0xaf, 0xf7, 0x0,
    0x0, 0x0, 0x0, 0x0, 0x0, 0x0, 0xbf, 0xf6,
    0x0, 0x0, 0x5, 0x88, 0x88, 0x88, 0x84, 0xbf,
    0xf6, 0x0, 0x0, 0x9, 0xff, 0xff, 0xff, 0xf9,
    0xaf, 0xf7, 0x0, 0x0, 0x9, 0xff, 0xff, 0xff,
    0xf9, 0x8f, 0xfa, 0x0, 0x0, 0x0, 0x0, 0x0,
    0x5f, 0xf9, 0x4f, 0xfe, 0x0, 0x0, 0x0, 0x0,
    0x0, 0x8f, 0xf9, 0xf, 0xff, 0x60, 0x0, 0x0,
    0x0, 0x0, 0xef, 0xf9, 0x8, 0xff, 0xe2, 0x0,
    0x0, 0x0, 0x9, 0xff, 0xf9, 0x0, 0xdf, 0xfe,
    0x60, 0x0, 0x2, 0xbf, 0xfe, 0xf9, 0x0, 0x2e,
    0xff, 0xff, 0xdc, 0xdf, 0xff, 0xa9, 0xf9, 0x0,
    0x1, 0xcf, 0xff, 0xff, 0xff, 0xf9, 0x8, 0xf9,
    0x0, 0x0, 0x4, 0xad, 0xff, 0xd9, 0x30, 0x8,
    0xf9,

    /* U+1E21 "ḡ" */
    0x0, 0xb, 0xff, 0xff, 0xff, 0xf1, 0x0, 0x0,
    0xb, 0xff, 0xff, 0xff, 0xf1, 0x0, 0x0, 0x3,
    0x55, 0x55, 0x55, 0x50, 0x0, 0x0, 0x0, 0x0,
    0x0, 0x0, 0x0, 0x0, 0x0, 0x0, 0x0, 0x0,
    0x0, 0x0, 0x0, 0x0, 0x3, 0xad, 0xfe, 0x92,
    0xf, 0xfe, 0x0, 0x8f, 0xff, 0xff, 0xff, 0x4f,
    0xfe, 0x7, 0xff, 0xfc, 0x88, 0xcf, 0xef, 0xfe,
    0x1f, 0xff, 0x80, 0x0, 0x5, 0xff, 0xfe, 0x6f,
    0xfd, 0x0, 0x0, 0x0, 0x9f, 0xfe, 0xaf, 0xf7,
    0x0, 0x0, 0x0, 0x4f, 0xfe, 0xcf, 0xf5, 0x0,
    0x0, 0x0, 0x1f, 0xfe, 0xcf, 0xf4, 0x0, 0x0,
    0x0, 0x1f, 0xfe, 0xaf, 0xf6, 0x0, 0x0, 0x0,
    0x4f, 0xfe, 0x6f, 0xfc, 0x0, 0x0, 0x0, 0xaf,
    0xfe, 0x1f, 0xff, 0x70, 0x0, 0x5, 0xff, 0xfe,
    0x6, 0xff, 0xfc, 0x88, 0xbf, 0xef, 0xfe, 0x0,
    0x7f, 0xff, 0xff, 0xff, 0x5f, 0xfe, 0x0, 0x3,
    0xad, 0xfe, 0xa2, 0x1f, 0xfd, 0x2, 0x21, 0x0,
    0x0, 0x0, 0x4f, 0xfc, 0x2f, 0xff, 0x20, 0x0,
    0x0, 0xcf, 0xf7, 0x9, 0xff, 0xfa, 0x77, 0x9e,
    0xff, 0xe1, 0x0, 0xaf, 0xff, 0xff, 0xff, 0xfd,
    0x20, 0x0, 0x3, 0xad, 0xff, 0xeb, 0x60, 0x0,

    /* U+1E22 "Ḣ" */
    0x0, 0x0, 0x0, 0xe, 0xf9, 0x0, 0x0, 0x0,
    0x0, 0x0, 0x0, 0xe, 0xf9, 0x0, 0x0, 0x0,
    0x0, 0x0, 0x0, 0xc, 0xd8, 0x0, 0x0, 0x0,
    0x0, 0x0, 0x0, 0x0, 0x0, 0x0, 0x0, 0x0,
    0x0, 0x0, 0x0, 0x0, 0x0, 0x0, 0x0, 0x0,
    0xcf, 0xe0, 0x0, 0x0, 0x0, 0x0, 0xb, 0xff,
    0xcf, 0xe0, 0x0, 0x0, 0x0, 0x0, 0xb, 0xff,
    0xcf, 0xe0, 0x0, 0x0, 0x0, 0x0, 0xb, 0xff,
    0xcf, 0xe0, 0x0, 0x0, 0x0, 0x0, 0xb, 0xff,
    0xcf, 0xe0, 0x0, 0x0, 0x0, 0x0, 0xb, 0xff,
    0xcf, 0xe0, 0x0, 0x0, 0x0, 0x0, 0xb, 0xff,
    0xcf, 0xe0, 0x0, 0x0, 0x0, 0x0, 0xb, 0xff,
    0xcf, 0xe0, 0x0, 0x0, 0x0, 0x0, 0xb, 0xff,
    0xcf, 0xff, 0xff, 0xff, 0xff, 0xff, 0xff, 0xff,
    0xcf, 0xff, 0xff, 0xff, 0xff, 0xff, 0xff, 0xff,
    0xcf, 0xe6, 0x66, 0x66, 0x66, 0x66, 0x6d, 0xff,
    0xcf, 0xe0, 0x0, 0x0, 0x0, 0x0, 0xb, 0xff,
    0xcf, 0xe0, 0x0, 0x0, 0x0, 0x0, 0xb, 0xff,
    0xcf, 0xe0, 0x0, 0x0, 0x0, 0x0, 0xb, 0xff,
    0xcf, 0xe0, 0x0, 0x0, 0x0, 0x0, 0xb, 0xff,
    0xcf, 0xe0, 0x0, 0x0, 0x0, 0x0, 0xb, 0xff,
    0xcf, 0xe0, 0x0, 0x0, 0x0, 0x0, 0xb, 0xff,
    0xcf, 0xe0, 0x0, 0x0, 0x0, 0x0, 0xb, 0xff,
    0xcf, 0xe0, 0x0, 0x0, 0x0, 0x0, 0xb, 0xff,
    0xcf, 0xe0, 0x0, 0x0, 0x0, 0x0, 0xb, 0xff,

    /* U+1E23 "ḣ" */
    0x1f, 0xf7, 0x0, 0x0, 0x0, 0x0, 0x1, 0xff,
    0x70, 0x0, 0x0, 0x0, 0x0, 0x1d, 0xd5, 0x0,
    0x0, 0x0, 0x0, 0x0, 0x0, 0x0, 0x0, 0x0,
    0x0, 0x0, 0x0, 0x0, 0x0, 0x0, 0x0, 0x0,
    0x2, 0xff, 0x50, 0x0, 0x0, 0x0, 0x0, 0x2f,
    0xf5, 0x0, 0x0, 0x0, 0x0, 0x2, 0xff, 0x50,
    0x0, 0x0, 0x0, 0x0, 0x2f, 0xf5, 0x0, 0x0,
    0x0, 0x0, 0x2, 0xff, 0x50, 0x0, 0x0, 0x0,
    0x0, 0x2f, 0xf5, 0x18, 0xdf, 0xeb, 0x50, 0x2,
    0xff, 0x8e, 0xff, 0xff, 0xff, 0x90, 0x2f, 0xff,
    0xf8, 0x33, 0x6f, 0xff, 0x32, 0xff, 0xf4, 0x0,
    0x0, 0x4f, 0xf8, 0x2f, 0xfb, 0x0, 0x0, 0x0,
    0xef, 0xa2, 0xff, 0x70, 0x0, 0x0, 0xc, 0xfb,
    0x2f, 0xf5, 0x0, 0x0, 0x0, 0xcf, 0xb2, 0xff,
    0x50, 0x0, 0x0, 0xc, 0xfb, 0x2f, 0xf5, 0x0,
    0x0, 0x0, 0xcf, 0xb2, 0xff, 0x50, 0x0, 0x0,
    0xc, 0xfb, 0x2f, 0xf5, 0x0, 0x0, 0x0, 0xcf,
    0xb2, 0xff, 0x50, 0x0, 0x0, 0xc, 0xfb, 0x2f,
    0xf5, 0x0, 0x0, 0x0, 0xcf, 0xb2, 0xff, 0x50,
    0x0, 0x0, 0xc, 0xfb, 0x2f, 0xf5, 0x0, 0x0,
    0x0, 0xcf, 0xb0,

    /* U+1E24 "Ḥ" */
    0xcf, 0xe0, 0x0, 0x0, 0x0, 0x0, 0xb, 0xff,
    0xcf, 0xe0, 0x0, 0x0, 0x0, 0x0, 0xb, 0xff,
    0xcf, 0xe0, 0x0, 0x0, 0x0, 0x0, 0xb, 0xff,
    0xcf, 0xe0, 0x0, 0x0, 0x0, 0x0, 0xb, 0xff,
    0xcf, 0xe0, 0x0, 0x0, 0x0, 0x0, 0xb, 0xff,
    0xcf, 0xe0, 0x0, 0x0, 0x0, 0x0, 0xb, 0xff,
    0xcf, 0xe0, 0x0, 0x0, 0x0, 0x0, 0xb, 0xff,
    0xcf, 0xe0, 0x0, 0x0, 0x0, 0x0, 0xb, 0xff,
    0xcf, 0xff, 0xff, 0xff, 0xff, 0xff, 0xff, 0xff,
    0xcf, 0xff, 0xff, 0xff, 0xff, 0xff, 0xff, 0xff,
    0xcf, 0xe6, 0x66, 0x66, 0x66, 0x66, 0x6d, 0xff,
    0xcf, 0xe0, 0x0, 0x0, 0x0, 0x0, 0xb, 0xff,
    0xcf, 0xe0, 0x0, 0x0, 0x0, 0x0, 0xb, 0xff,
    0xcf, 0xe0, 0x0, 0x0, 0x0, 0x0, 0xb, 0xff,
    0xcf, 0xe0, 0x0, 0x0, 0x0, 0x0, 0xb, 0xff,
    0xcf, 0xe0, 0x0, 0x0, 0x0, 0x0, 0xb, 0xff,
    0xcf, 0xe0, 0x0, 0x0, 0x0, 0x0, 0xb, 0xff,
    0xcf, 0xe0, 0x0, 0x0, 0x0, 0x0, 0xb, 0xff,
    0xcf, 0xe0, 0x0, 0x0, 0x0, 0x0, 0xb, 0xff,
    0xcf, 0xe0, 0x0, 0x0, 0x0, 0x0, 0xb, 0xff,
    0x0, 0x0, 0x0, 0x0, 0x0, 0x0, 0x0, 0x0,
    0x0, 0x0, 0x0, 0x0, 0x0, 0x0, 0x0, 0x0,
    0x0, 0x0, 0x0, 0x0, 0x0, 0x0, 0x0, 0x0,
    0x0, 0x0, 0x0, 0xc, 0xd8, 0x0, 0x0, 0x0,
    0x0, 0x0, 0x0, 0xe, 0xf9, 0x0, 0x0, 0x0,
    0x0, 0x0, 0x0, 0xe, 0xf9, 0x0, 0x0, 0x0,

    /* U+1E25 "ḥ" */
    0x2f, 0xf5, 0x0, 0x0, 0x0, 0x0, 0x2, 0xff,
    0x50, 0x0, 0x0, 0x0, 0x0, 0x2f, 0xf5, 0x0,
    0x0, 0x0, 0x0, 0x2, 0xff, 0x50, 0x0, 0x0,
    0x0, 0x0, 0x2f, 0xf5, 0x0, 0x0, 0x0, 0x0,
    0x2, 0xff, 0x51, 0x8d, 0xfe, 0xb5, 0x0, 0x2f,
    0xf8, 0xef, 0xff, 0xff, 0xf9, 0x2, 0xff, 0xff,
    0x83, 0x36, 0xff, 0xf3, 0x2f, 0xff, 0x40, 0x0,
    0x4, 0xff, 0x82, 0xff, 0xb0, 0x0, 0x0, 0xe,
    0xfa, 0x2f, 0xf7, 0x0, 0x0, 0x0, 0xcf, 0xb2,
    0xff, 0x50, 0x0, 0x0, 0xc, 0xfb, 0x2f, 0xf5,
    0x0, 0x0, 0x0, 0xcf, 0xb2, 0xff, 0x50, 0x0,
    0x0, 0xc, 0xfb, 0x2f, 0xf5, 0x0, 0x0, 0x0,
    0xcf, 0xb2, 0xff, 0x50, 0x0, 0x0, 0xc, 0xfb,
    0x2f, 0xf5, 0x0, 0x0, 0x0, 0xcf, 0xb2, 0xff,
    0x50, 0x0, 0x0, 0xc, 0xfb, 0x2f, 0xf5, 0x0,
    0x0, 0x0, 0xcf, 0xb2, 0xff, 0x50, 0x0, 0x0,
    0xc, 0xfb, 0x0, 0x0, 0x0, 0x0, 0x0, 0x0,
    0x0, 0x0, 0x0, 0x0, 0x0, 0x0, 0x0, 0x0,
    0x0, 0x0, 0x0, 0x0, 0x0, 0x0, 0x0, 0x0,
    0x4d, 0xd2, 0x0, 0x0, 0x0, 0x0, 0x5, 0xff,
    0x30, 0x0, 0x0, 0x0, 0x0, 0x5f, 0xf3, 0x0,
    0x0,

    /* U+1E26 "Ḧ" */
    0x0, 0x0, 0xaf, 0xd0, 0x9, 0xfe, 0x0, 0x0,
    0x0, 0x0, 0xaf, 0xd0, 0x9, 0xfe, 0x0, 0x0,
    0x0, 0x0, 0x9d, 0xb0, 0x8, 0xdc, 0x0, 0x0,
    0x0, 0x0, 0x0, 0x0, 0x0, 0x0, 0x0, 0x0,
    0x0, 0x0, 0x0, 0x0, 0x0, 0x0, 0x0, 0x0,
    0xcf, 0xe0, 0x0, 0x0, 0x0, 0x0, 0xb, 0xff,
    0xcf, 0xe0, 0x0, 0x0, 0x0, 0x0, 0xb, 0xff,
    0xcf, 0xe0, 0x0, 0x0, 0x0, 0x0, 0xb, 0xff,
    0xcf, 0xe0, 0x0, 0x0, 0x0, 0x0, 0xb, 0xff,
    0xcf, 0xe0, 0x0, 0x0, 0x0, 0x0, 0xb, 0xff,
    0xcf, 0xe0, 0x0, 0x0, 0x0, 0x0, 0xb, 0xff,
    0xcf, 0xe0, 0x0, 0x0, 0x0, 0x0, 0xb, 0xff,
    0xcf, 0xe0, 0x0, 0x0, 0x0, 0x0, 0xb, 0xff,
    0xcf, 0xff, 0xff, 0xff, 0xff, 0xff, 0xff, 0xff,
    0xcf, 0xff, 0xff, 0xff, 0xff, 0xff, 0xff, 0xff,
    0xcf, 0xe6, 0x66, 0x66, 0x66, 0x66, 0x6d, 0xff,
    0xcf, 0xe0, 0x0, 0x0, 0x0, 0x0, 0xb, 0xff,
    0xcf, 0xe0, 0x0, 0x0, 0x0, 0x0, 0xb, 0xff,
    0xcf, 0xe0, 0x0, 0x0, 0x0, 0x0, 0xb, 0xff,
    0xcf, 0xe0, 0x0, 0x0, 0x0, 0x0, 0xb, 0xff,
    0xcf, 0xe0, 0x0, 0x0, 0x0, 0x0, 0xb, 0xff,
    0xcf, 0xe0, 0x0, 0x0, 0x0, 0x0, 0xb, 0xff,
    0xcf, 0xe0, 0x0, 0x0, 0x0, 0x0, 0xb, 0xff,
    0xcf, 0xe0, 0x0, 0x0, 0x0, 0x0, 0xb, 0xff,
    0xcf, 0xe0, 0x0, 0x0, 0x0, 0x0, 0xb, 0xff,

    /* U+1E27 "ḧ" */
    0x0, 0xe, 0xfa, 0x0, 0xdf, 0xa0, 0x0, 0x0,
    0xef, 0xa0, 0xd, 0xfa, 0x0, 0x0, 0xc, 0xd8,
    0x0, 0xbd, 0x90, 0x0, 0x0, 0x0, 0x0, 0x0,
    0x0, 0x0, 0x0, 0x0, 0x0, 0x0, 0x0, 0x0,
    0x2, 0xff, 0x50, 0x0, 0x0, 0x0, 0x0, 0x2f,
    0xf5, 0x0, 0x0, 0x0, 0x0, 0x2, 0xff, 0x50,
    0x0, 0x0, 0x0, 0x0, 0x2f, 0xf5, 0x0, 0x0,
    0x0, 0x0, 0x2, 0xff, 0x50, 0x0, 0x0, 0x0,
    0x0, 0x2f, 0xf5, 0x18, 0xdf, 0xeb, 0x50, 0x2,
    0xff, 0x8e, 0xff, 0xff, 0xff, 0x90, 0x2f, 0xff,
    0xf8, 0x33, 0x6f, 0xff, 0x32, 0xff, 0xf4, 0x0,
    0x0, 0x4f, 0xf8, 0x2f, 0xfb, 0x0, 0x0, 0x0,
    0xef, 0xa2, 0xff, 0x70, 0x0, 0x0, 0xc, 0xfb,
    0x2f, 0xf5, 0x0, 0x0, 0x0, 0xcf, 0xb2, 0xff,
    0x50, 0x0, 0x0, 0xc, 0xfb, 0x2f, 0xf5, 0x0,
    0x0, 0x0, 0xcf, 0xb2, 0xff, 0x50, 0x0, 0x0,
    0xc, 0xfb, 0x2f, 0xf5, 0x0, 0x0, 0x0, 0xcf,
    0xb2, 0xff, 0x50, 0x0, 0x0, 0xc, 0xfb, 0x2f,
    0xf5, 0x0, 0x0, 0x0, 0xcf, 0xb2, 0xff, 0x50,
    0x0, 0x0, 0xc, 0xfb, 0x2f, 0xf5, 0x0, 0x0,
    0x0, 0xcf, 0xb0,

    /* U+1E28 "Ḩ" */
    0x0, 0xcf, 0xe0, 0x0, 0x0, 0x0, 0x0, 0xb,
    0xff, 0x0, 0xcf, 0xe0, 0x0, 0x0, 0x0, 0x0,
    0xb, 0xff, 0x0, 0xcf, 0xe0, 0x0, 0x0, 0x0,
    0x0, 0xb, 0xff, 0x0, 0xcf, 0xe0, 0x0, 0x0,
    0x0, 0x0, 0xb, 0xff, 0x0, 0xcf, 0xe0, 0x0,
    0x0, 0x0, 0x0, 0xb, 0xff, 0x0, 0xcf, 0xe0,
    0x0, 0x0, 0x0, 0x0, 0xb, 0xff, 0x0, 0xcf,
    0xe0, 0x0, 0x0, 0x0, 0x0, 0xb, 0xff, 0x0,
    0xcf, 0xe0, 0x0, 0x0, 0x0, 0x0, 0xb, 0xff,
    0x0, 0xcf, 0xff, 0xff, 0xff, 0xff, 0xff, 0xff,
    0xff, 0x0, 0xcf, 0xff, 0xff, 0xff, 0xff, 0xff,
    0xff, 0xff, 0x0, 0xcf, 0xe6, 0x66, 0x66, 0x66,
    0x66, 0x6d, 0xff, 0x0, 0xcf, 0xe0, 0x0, 0x0,
    0x0, 0x0, 0xb, 0xff, 0x0, 0xcf, 0xe0, 0x0,
    0x0, 0x0, 0x0, 0xb, 0xff, 0x0, 0xcf, 0xe0,
    0x0, 0x0, 0x0, 0x0, 0xb, 0xff, 0x0, 0xcf,
    0xe0, 0x0, 0x0, 0x0, 0x0, 0xb, 0xff, 0x0,
    0xcf, 0xe0, 0x0, 0x0, 0x0, 0x0, 0xb, 0xff,
    0x0, 0xcf, 0xe0, 0x0, 0x0, 0x0, 0x0, 0xb,
    0xff, 0x0, 0xcf, 0xe0, 0x0, 0x0, 0x0, 0x0,
    0xb, 0xff, 0x0, 0xcf, 0xe0, 0x0, 0x0, 0x0,
    0x0, 0xb, 0xff, 0x0, 0xcf, 0xe0, 0x0, 0x0,
    0x0, 0x0, 0xb, 0xff, 0x0, 0x4f, 0x80, 0x0,
    0x0, 0x0, 0x0, 0x0, 0x0, 0x0, 0x8f, 0xc6,
    0x0, 0x0, 0x0, 0x0, 0x0, 0x0, 0x0, 0x25,
    0xef, 0x60, 0x0, 0x0, 0x0, 0x0, 0x0, 0x0,
    0x0, 0xbf, 0x90, 0x0, 0x0, 0x0, 0x0, 0x0,
    0x1b, 0xbd, 0xff, 0x40, 0x0, 0x0, 0x0, 0x0,
    0x0, 0x2f, 0xfe, 0xb4, 0x0, 0x0, 0x0, 0x0,
    0x0, 0x0,

    /* U+1E29 "ḩ" */
    0x2, 0xff, 0x50, 0x0, 0x0, 0x0, 0x0, 0x2,
    0xff, 0x50, 0x0, 0x0, 0x0, 0x0, 0x2, 0xff,
    0x50, 0x0, 0x0, 0x0, 0x0, 0x2, 0xff, 0x50,
    0x0, 0x0, 0x0, 0x0, 0x2, 0xff, 0x50, 0x0,
    0x0, 0x0, 0x0, 0x2, 0xff, 0x51, 0x8d, 0xfe,
    0xb5, 0x0, 0x2, 0xff, 0x8e, 0xff, 0xff, 0xff,
    0x90, 0x2, 0xff, 0xff, 0x83, 0x36, 0xef, 0xf3,
    0x2, 0xff, 0xf4, 0x0, 0x0, 0x4f, 0xf8, 0x2,
    0xff, 0xb0, 0x0, 0x0, 0xe, 0xfa, 0x2, 0xff,
    0x70, 0x0, 0x0, 0xc, 0xfb, 0x2, 0xff, 0x50,
    0x0, 0x0, 0xc, 0xfb, 0x2, 0xff, 0x50, 0x0,
    0x0, 0xc, 0xfb, 0x2, 0xff, 0x50, 0x0, 0x0,
    0xc, 0xfb, 0x2, 0xff, 0x50, 0x0, 0x0, 0xc,
    0xfb, 0x2, 0xff, 0x50, 0x0, 0x0, 0xc, 0xfb,
    0x2, 0xff, 0x50, 0x0, 0x0, 0xc, 0xfb, 0x2,
    0xff, 0x50, 0x0, 0x0, 0xc, 0xfb, 0x2, 0xff,
    0x50, 0x0, 0x0, 0xc, 0xfb, 0x2, 0xff, 0x50,
    0x0, 0x0, 0xc, 0xfb, 0x0, 0xfd, 0x0, 0x0,
    0x0, 0x0, 0x0, 0x3, 0xfe, 0x81, 0x0, 0x0,
    0x0, 0x0, 0x1, 0x4c, 0xfb, 0x0, 0x0, 0x0,
    0x0, 0x0, 0x7, 0xfe, 0x0, 0x0, 0x0, 0x0,
    0xab, 0xcf, 0xf9, 0x0, 0x0, 0x0, 0x0, 0xdf,
    0xfd, 0x60, 0x0, 0x0, 0x0, 0x0,

    /* U+1E2A "Ḫ" */
    0xcf, 0xe0, 0x0, 0x0, 0x0, 0x0, 0xb, 0xff,
    0xcf, 0xe0, 0x0, 0x0, 0x0, 0x0, 0xb, 0xff,
    0xcf, 0xe0, 0x0, 0x0, 0x0, 0x0, 0xb, 0xff,
    0xcf, 0xe0, 0x0, 0x0, 0x0, 0x0, 0xb, 0xff,
    0xcf, 0xe0, 0x0, 0x0, 0x0, 0x0, 0xb, 0xff,
    0xcf, 0xe0, 0x0, 0x0, 0x0, 0x0, 0xb, 0xff,
    0xcf, 0xe0, 0x0, 0x0, 0x0, 0x0, 0xb, 0xff,
    0xcf, 0xe0, 0x0, 0x0, 0x0, 0x0, 0xb, 0xff,
    0xcf, 0xe6, 0x66, 0x66, 0x66, 0x66, 0x6d, 0xff,
    0xcf, 0xff, 0xff, 0xff, 0xff, 0xff, 0xff, 0xff,
    0xcf, 0xff, 0xff, 0xff, 0xff, 0xff, 0xff, 0xff,
    0xcf, 0xe0, 0x0, 0x0, 0x0, 0x0, 0xb, 0xff,
    0xcf, 0xe0, 0x0, 0x0, 0x0, 0x0, 0xb, 0xff,
    0xcf, 0xe0, 0x0, 0x0, 0x0, 0x0, 0xb, 0xff,
    0xcf, 0xe0, 0x0, 0x0, 0x0, 0x0, 0xb, 0xff,
    0xcf, 0xe0, 0x0, 0x0, 0x0, 0x0, 0xb, 0xff,
    0xcf, 0xe0, 0x0, 0x0, 0x0, 0x0, 0xb, 0xff,
    0xcf, 0xe0, 0x0, 0x0, 0x0, 0x0, 0xb, 0xff,
    0xcf, 0xe0, 0x0, 0x0, 0x0, 0x0, 0xb, 0xff,
    0xcf, 0xe0, 0x0, 0x0, 0x0, 0x0, 0xb, 0xff,
    0x0, 0x0, 0x0, 0x0, 0x0, 0x0, 0x0, 0x0,
    0x0, 0x0, 0x0, 0x0, 0x0, 0x0, 0x0, 0x0,
    0x0, 0x0, 0xaa, 0x0, 0x0, 0x7b, 0x0, 0x0,
    0x0, 0x0, 0xaf, 0x50, 0x2, 0xfd, 0x0, 0x0,
    0x0, 0x0, 0x2f, 0xfd, 0xcf, 0xf4, 0x0, 0x0,
    0x0, 0x0, 0x2, 0xae, 0xfb, 0x40, 0x0, 0x0,

    /* U+1E2B "ḫ" */
    0x2f, 0xf5, 0x0, 0x0, 0x0, 0x0, 0x2, 0xff,
    0x50, 0x0, 0x0, 0x0, 0x0, 0x2f, 0xf5, 0x0,
    0x0, 0x0, 0x0, 0x2, 0xff, 0x50, 0x0, 0x0,
    0x0, 0x0, 0x2f, 0xf5, 0x0, 0x0, 0x0, 0x0,
    0x2, 0xff, 0x51, 0x8d, 0xfe, 0xb5, 0x0, 0x2f,
    0xf8, 0xef, 0xff, 0xff, 0xf9, 0x2, 0xff, 0xff,
    0x83, 0x36, 0xff, 0xf3, 0x2f, 0xff, 0x40, 0x0,
    0x4, 0xff, 0x82, 0xff, 0xb0, 0x0, 0x0, 0xe,
    0xfa, 0x2f, 0xf7, 0x0, 0x0, 0x0, 0xcf, 0xb2,
    0xff, 0x50, 0x0, 0x0, 0xc, 0xfb, 0x2f, 0xf5,
    0x0, 0x0, 0x0, 0xcf, 0xb2, 0xff, 0x50, 0x0,
    0x0, 0xc, 0xfb, 0x2f, 0xf5, 0x0, 0x0, 0x0,
    0xcf, 0xb2, 0xff, 0x50, 0x0, 0x0, 0xc, 0xfb,
    0x2f, 0xf5, 0x0, 0x0, 0x0, 0xcf, 0xb2, 0xff,
    0x50, 0x0, 0x0, 0xc, 0xfb, 0x2f, 0xf5, 0x0,
    0x0, 0x0, 0xcf, 0xb2, 0xff, 0x50, 0x0, 0x0,
    0xc, 0xfb, 0x0, 0x0, 0x0, 0x0, 0x0, 0x0,
    0x0, 0x0, 0x0, 0x0, 0x0, 0x0, 0x0, 0x0,
    0x3c, 0x50, 0x0, 0xb, 0x80, 0x0, 0x1, 0xfd,
    0x10, 0x8, 0xf7, 0x0, 0x0, 0x8, 0xff, 0xce,
    0xfd, 0x0, 0x0, 0x0, 0x5, 0xcf, 0xe9, 0x10,
    0x0,

    /* U+1E2C "Ḭ" */
    0x0, 0x6, 0xff, 0x30, 0x0, 0x0, 0x6, 0xff,
    0x30, 0x0, 0x0, 0x6, 0xff, 0x30, 0x0, 0x0,
    0x6, 0xff, 0x30, 0x0, 0x0, 0x6, 0xff, 0x30,
    0x0, 0x0, 0x6, 0xff, 0x30, 0x0, 0x0, 0x6,
    0xff, 0x30, 0x0, 0x0, 0x6, 0xff, 0x30, 0x0,
    0x0, 0x6, 0xff, 0x30, 0x0, 0x0, 0x6, 0xff,
    0x30, 0x0, 0x0, 0x6, 0xff, 0x30, 0x0, 0x0,
    0x6, 0xff, 0x30, 0x0, 0x0, 0x6, 0xff, 0x30,
    0x0, 0x0, 0x6, 0xff, 0x30, 0x0, 0x0, 0x6,
    0xff, 0x30, 0x0, 0x0, 0x6, 0xff, 0x30, 0x0,
    0x0, 0x6, 0xff, 0x30, 0x0, 0x0, 0x6, 0xff,
    0x30, 0x0, 0x0, 0x6, 0xff, 0x30, 0x0, 0x0,
    0x6, 0xff, 0x30, 0x0, 0x0, 0x0, 0x0, 0x0,
    0x0, 0x0, 0x0, 0x0, 0x0, 0x0, 0x0, 0x0,
    0x0, 0x0, 0x0, 0x8, 0xee, 0xa4, 0xa, 0xf4,
    0x7f, 0xfe, 0xff, 0xff, 0xf1, 0xbf, 0x20, 0x4b,
    0xfd, 0x40,

    /* U+1E2D "ḭ" */
    0x0, 0x2, 0xff, 0x50, 0x0, 0x0, 0x2, 0xff,
    0x50, 0x0, 0x0, 0x1, 0xdd, 0x40, 0x0, 0x0,
    0x0, 0x0, 0x0, 0x0, 0x0, 0x0, 0x0, 0x0,
    0x0, 0x0, 0x2, 0xff, 0x50, 0x0, 0x0, 0x2,
    0xff, 0x50, 0x0, 0x0, 0x2, 0xff, 0x50, 0x0,
    0x0, 0x2, 0xff, 0x50, 0x0, 0x0, 0x2, 0xff,
    0x50, 0x0, 0x0, 0x2, 0xff, 0x50, 0x0, 0x0,
    0x2, 0xff, 0x50, 0x0, 0x0, 0x2, 0xff, 0x50,
    0x0, 0x0, 0x2, 0xff, 0x50, 0x0, 0x0, 0x2,
    0xff, 0x50, 0x0, 0x0, 0x2, 0xff, 0x50, 0x0,
    0x0, 0x2, 0xff, 0x50, 0x0, 0x0, 0x2, 0xff,
    0x50, 0x0, 0x0, 0x2, 0xff, 0x50, 0x0, 0x0,
    0x2, 0xff, 0x50, 0x0, 0x0, 0x0, 0x0, 0x0,
    0x0, 0x0, 0x0, 0x0, 0x0, 0x0, 0x0, 0x0,
    0x0, 0x0, 0x0, 0x6, 0xef, 0xb5, 0x17, 0xf7,
    0x4f, 0xfe, 0xff, 0xff, 0xf3, 0x8f, 0x50, 0x3a,
    0xee, 0x60,

    /* U+1E2E "Ḯ" */
    0x0, 0x1, 0xff, 0xe1, 0x0, 0x8, 0xff, 0x30,
    0x0, 0x1f, 0xf6, 0x0, 0x0, 0x6e, 0x90, 0x0,
    0x0, 0x0, 0x0, 0x0, 0xef, 0xa0, 0xd, 0xfb,
    0xef, 0xa0, 0xd, 0xfb, 0xcd, 0x80, 0xb, 0xd9,
    0x0, 0x0, 0x0, 0x0, 0x0, 0x0, 0x0, 0x0,
    0x0, 0x6f, 0xf3, 0x0, 0x0, 0x6f, 0xf3, 0x0,
    0x0, 0x6f, 0xf3, 0x0, 0x0, 0x6f, 0xf3, 0x0,
    0x0, 0x6f, 0xf3, 0x0, 0x0, 0x6f, 0xf3, 0x0,
    0x0, 0x6f, 0xf3, 0x0, 0x0, 0x6f, 0xf3, 0x0,
    0x0, 0x6f, 0xf3, 0x0, 0x0, 0x6f, 0xf3, 0x0,
    0x0, 0x6f, 0xf3, 0x0, 0x0, 0x6f, 0xf3, 0x0,
    0x0, 0x6f, 0xf3, 0x0, 0x0, 0x6f, 0xf3, 0x0,
    0x0, 0x6f, 0xf3, 0x0, 0x0, 0x6f, 0xf3, 0x0,
    0x0, 0x6f, 0xf3, 0x0, 0x0, 0x6f, 0xf3, 0x0,
    0x0, 0x6f, 0xf3, 0x0, 0x0, 0x6f, 0xf3, 0x0,

    /* U+1E2F "ḯ" */
    0x0, 0x1, 0xff, 0xe1, 0x0, 0x8, 0xff, 0x30,
    0x0, 0x1f, 0xf6, 0x0, 0x0, 0x6e, 0x90, 0x0,
    0x0, 0x0, 0x0, 0x0, 0xdf, 0xb0, 0xc, 0xfb,
    0xdf, 0xb0, 0xc, 0xfb, 0xbd, 0x90, 0xa, 0xd9,
    0x0, 0x0, 0x0, 0x0, 0x0, 0x0, 0x0, 0x0,
    0x0, 0x5f, 0xf1, 0x0, 0x0, 0x5f, 0xf1, 0x0,
    0x0, 0x5f, 0xf1, 0x0, 0x0, 0x5f, 0xf1, 0x0,
    0x0, 0x5f, 0xf1, 0x0, 0x0, 0x5f, 0xf1, 0x0,
    0x0, 0x5f, 0xf1, 0x0, 0x0, 0x5f, 0xf1, 0x0,
    0x0, 0x5f, 0xf1, 0x0, 0x0, 0x5f, 0xf1, 0x0,
    0x0, 0x5f, 0xf1, 0x0, 0x0, 0x5f, 0xf1, 0x0,
    0x0, 0x5f, 0xf1, 0x0, 0x0, 0x5f, 0xf1, 0x0,
    0x0, 0x5f, 0xf1, 0x0,

    /* U+1E30 "Ḱ" */
    0x0, 0x0, 0x0, 0x3f, 0xfd, 0x0, 0x0, 0x0,
    0x0, 0x0, 0x0, 0xa, 0xff, 0x20, 0x0, 0x0,
    0x0, 0x0, 0x0, 0x2, 0xff, 0x50, 0x0, 0x0,
    0x0, 0x0, 0x0, 0x0, 0x8e, 0x80, 0x0, 0x0,
    0x0, 0x0, 0x0, 0x0, 0x0, 0x0, 0x0, 0x0,
    0x0, 0x0, 0xf, 0xfb, 0x0, 0x0, 0x0, 0x0,
    0xc, 0xff, 0xb0, 0xff, 0xb0, 0x0, 0x0, 0x0,
    0xc, 0xff, 0xa0, 0xf, 0xfb, 0x0, 0x0, 0x0,
    0xc, 0xff, 0xa0, 0x0, 0xff, 0xb0, 0x0, 0x0,
    0xc, 0xff, 0x90, 0x0, 0xf, 0xfb, 0x0, 0x0,
    0xc, 0xff, 0x90, 0x0, 0x0, 0xff, 0xb0, 0x0,
    0x1c, 0xff, 0x80, 0x0, 0x0, 0xf, 0xfb, 0x0,
    0x1c, 0xff, 0x80, 0x0, 0x0, 0x0, 0xff, 0xb0,
    0x1c, 0xff, 0x70, 0x0, 0x0, 0x0, 0xf, 0xfb,
    0x1c, 0xff, 0xf2, 0x0, 0x0, 0x0, 0x0, 0xff,
    0xcc, 0xff, 0xff, 0xd0, 0x0, 0x0, 0x0, 0xf,
    0xff, 0xff, 0x68, 0xff, 0x90, 0x0, 0x0, 0x0,
    0xff, 0xff, 0x50, 0xd, 0xff, 0x50, 0x0, 0x0,
    0xf, 0xff, 0x50, 0x0, 0x2f, 0xff, 0x20, 0x0,
    0x0, 0xff, 0xb0, 0x0, 0x0, 0x7f, 0xfc, 0x0,
    0x0, 0xf, 0xfb, 0x0, 0x0, 0x0, 0xbf, 0xf9,
    0x0, 0x0, 0xff, 0xb0, 0x0, 0x0, 0x1, 0xef,
    0xf4, 0x0, 0xf, 0xfb, 0x0, 0x0, 0x0, 0x5,
    0xff, 0xe1, 0x0, 0xff, 0xb0, 0x0, 0x0, 0x0,
    0xa, 0xff, 0xc0, 0xf, 0xfb, 0x0, 0x0, 0x0,
    0x0, 0xe, 0xff, 0x80, 0xff, 0xb0, 0x0, 0x0,
    0x0, 0x0, 0x3f, 0xff, 0x40,

    /* U+1E31 "ḱ" */
    0x0, 0x0, 0xcf, 0xf4, 0x0, 0x0, 0x0, 0x0,
    0x4f, 0xf7, 0x0, 0x0, 0x0, 0x0, 0xc, 0xfb,
    0x0, 0x0, 0x0, 0x0, 0x2, 0xec, 0x10, 0x0,
    0x0, 0x0, 0x0, 0x0, 0x0, 0x0, 0x0, 0x0,
    0x2, 0xff, 0x50, 0x0, 0x0, 0x0, 0x0, 0x2f,
    0xf5, 0x0, 0x0, 0x0, 0x0, 0x2, 0xff, 0x50,
    0x0, 0x0, 0x0, 0x0, 0x2f, 0xf5, 0x0, 0x0,
    0x0, 0x0, 0x2, 0xff, 0x50, 0x0, 0x0, 0x0,
    0x0, 0x2f, 0xf5, 0x0, 0x0, 0x5f, 0xfc, 0x2,
    0xff, 0x50, 0x0, 0x5f, 0xfc, 0x0, 0x2f, 0xf5,
    0x0, 0x4f, 0xfc, 0x0, 0x2, 0xff, 0x50, 0x4f,
    0xfc, 0x0, 0x0, 0x2f, 0xf5, 0x3f, 0xfc, 0x0,
    0x0, 0x2, 0xff, 0x8f, 0xff, 0x0, 0x0, 0x0,
    0x2f, 0xff, 0xff, 0xf6, 0x0, 0x0, 0x2, 0xff,
    0xfc, 0xdf, 0xe1, 0x0, 0x0, 0x2f, 0xfc, 0x13,
    0xff, 0xa0, 0x0, 0x2, 0xff, 0x50, 0x9, 0xff,
    0x50, 0x0, 0x2f, 0xf5, 0x0, 0xe, 0xfe, 0x10,
    0x2, 0xff, 0x50, 0x0, 0x5f, 0xf9, 0x0, 0x2f,
    0xf5, 0x0, 0x0, 0xbf, 0xf4, 0x2, 0xff, 0x50,
    0x0, 0x1, 0xff, 0xd0, 0x2f, 0xf5, 0x0, 0x0,
    0x7, 0xff, 0x90,

    /* U+1E32 "Ḳ" */
    0xff, 0xb0, 0x0, 0x0, 0x0, 0x0, 0xcf, 0xfb,
    0xf, 0xfb, 0x0, 0x0, 0x0, 0x0, 0xcf, 0xfa,
    0x0, 0xff, 0xb0, 0x0, 0x0, 0x0, 0xcf, 0xfa,
    0x0, 0xf, 0xfb, 0x0, 0x0, 0x0, 0xcf, 0xf9,
    0x0, 0x0, 0xff, 0xb0, 0x0, 0x0, 0xcf, 0xf9,
    0x0, 0x0, 0xf, 0xfb, 0x0, 0x1, 0xcf, 0xf8,
    0x0, 0x0, 0x0, 0xff, 0xb0, 0x1, 0xcf, 0xf8,
    0x0, 0x0, 0x0, 0xf, 0xfb, 0x1, 0xcf, 0xf7,
    0x0, 0x0, 0x0, 0x0, 0xff, 0xb1, 0xcf, 0xff,
    0x20, 0x0, 0x0, 0x0, 0xf, 0xfc, 0xcf, 0xff,
    0xfd, 0x0, 0x0, 0x0, 0x0, 0xff, 0xff, 0xf6,
    0x8f, 0xf9, 0x0, 0x0, 0x0, 0xf, 0xff, 0xf5,
    0x0, 0xdf, 0xf5, 0x0, 0x0, 0x0, 0xff, 0xf5,
    0x0, 0x2, 0xff, 0xf2, 0x0, 0x0, 0xf, 0xfb,
    0x0, 0x0, 0x7, 0xff, 0xc0, 0x0, 0x0, 0xff,
    0xb0, 0x0, 0x0, 0xb, 0xff, 0x90, 0x0, 0xf,
    0xfb, 0x0, 0x0, 0x0, 0x1e, 0xff, 0x40, 0x0,
    0xff, 0xb0, 0x0, 0x0, 0x0, 0x5f, 0xfe, 0x10,
    0xf, 0xfb, 0x0, 0x0, 0x0, 0x0, 0xaf, 0xfc,
    0x0, 0xff, 0xb0, 0x0, 0x0, 0x0, 0x0, 0xef,
    0xf8, 0xf, 0xfb, 0x0, 0x0, 0x0, 0x0, 0x3,
    0xff, 0xf4, 0x0, 0x0, 0x0, 0x0, 0x0, 0x0,
    0x0, 0x0, 0x0, 0x0, 0x0, 0x0, 0x0, 0x0,
    0x0, 0x0, 0x0, 0x0, 0x0, 0x0, 0x0, 0x0,
    0x0, 0x0, 0x0, 0x0, 0x0, 0x0, 0x2d, 0xd4,
    0x0, 0x0, 0x0, 0x0, 0x0, 0x0, 0x2, 0xff,
    0x50, 0x0, 0x0, 0x0, 0x0, 0x0, 0x0, 0x2f,
    0xf5, 0x0, 0x0, 0x0, 0x0,

    /* U+1E33 "ḳ" */
    0x2f, 0xf5, 0x0, 0x0, 0x0, 0x0, 0x2, 0xff,
    0x50, 0x0, 0x0, 0x0, 0x0, 0x2f, 0xf5, 0x0,
    0x0, 0x0, 0x0, 0x2, 0xff, 0x50, 0x0, 0x0,
    0x0, 0x0, 0x2f, 0xf5, 0x0, 0x0, 0x0, 0x0,
    0x2, 0xff, 0x50, 0x0, 0x5, 0xff, 0xc0, 0x2f,
    0xf5, 0x0, 0x5, 0xff, 0xc0, 0x2, 0xff, 0x50,
    0x4, 0xff, 0xc0, 0x0, 0x2f, 0xf5, 0x4, 0xff,
    0xc0, 0x0, 0x2, 0xff, 0x53, 0xff, 0xc0, 0x0,
    0x0, 0x2f, 0xf8, 0xff, 0xf0, 0x0, 0x0, 0x2,
    0xff, 0xff, 0xff, 0x60, 0x0, 0x0, 0x2f, 0xff,
    0xcd, 0xfe, 0x10, 0x0, 0x2, 0xff, 0xc1, 0x3f,
    0xfa, 0x0, 0x0, 0x2f, 0xf5, 0x0, 0x9f, 0xf5,
    0x0, 0x2, 0xff, 0x50, 0x0, 0xef, 0xe1, 0x0,
    0x2f, 0xf5, 0x0, 0x5, 0xff, 0x90, 0x2, 0xff,
    0x50, 0x0, 0xb, 0xff, 0x40, 0x2f, 0xf5, 0x0,
    0x0, 0x1f, 0xfd, 0x2, 0xff, 0x50, 0x0, 0x0,
    0x7f, 0xf9, 0x0, 0x0, 0x0, 0x0, 0x0, 0x0,
    0x0, 0x0, 0x0, 0x0, 0x0, 0x0, 0x0, 0x0,
    0x0, 0x0, 0x0, 0x0, 0x0, 0x0, 0x0, 0x1,
    0xdd, 0x50, 0x0, 0x0, 0x0, 0x0, 0x2f, 0xf6,
    0x0, 0x0, 0x0, 0x0, 0x2, 0xff, 0x60, 0x0,
    0x0,

    /* U+1E34 "Ḵ" */
    0xff, 0xb0, 0x0, 0x0, 0x0, 0x0, 0xcf, 0xfb,
    0xf, 0xfb, 0x0, 0x0, 0x0, 0x0, 0xcf, 0xfa,
    0x0, 0xff, 0xb0, 0x0, 0x0, 0x0, 0xcf, 0xfa,
    0x0, 0xf, 0xfb, 0x0, 0x0, 0x0, 0xcf, 0xf9,
    0x0, 0x0, 0xff, 0xb0, 0x0, 0x0, 0xcf, 0xf9,
    0x0, 0x0, 0xf, 0xfb, 0x0, 0x1, 0xcf, 0xf8,
    0x0, 0x0, 0x0, 0xff, 0xb0, 0x1, 0xcf, 0xf8,
    0x0, 0x0, 0x0, 0xf, 0xfb, 0x1, 0xcf, 0xf7,
    0x0, 0x0, 0x0, 0x0, 0xff, 0xb1, 0xcf, 0xff,
    0x20, 0x0, 0x0, 0x0, 0xf, 0xfc, 0xcf, 0xff,
    0xfd, 0x0, 0x0, 0x0, 0x0, 0xff, 0xff, 0xf6,
    0x8f, 0xf9, 0x0, 0x0, 0x0, 0xf, 0xff, 0xf5,
    0x0, 0xdf, 0xf5, 0x0, 0x0, 0x0, 0xff, 0xf5,
    0x0, 0x2, 0xff, 0xf2, 0x0, 0x0, 0xf, 0xfb,
    0x0, 0x0, 0x7, 0xff, 0xc0, 0x0, 0x0, 0xff,
    0xb0, 0x0, 0x0, 0xb, 0xff, 0x90, 0x0, 0xf,
    0xfb, 0x0, 0x0, 0x0, 0x1e, 0xff, 0x40, 0x0,
    0xff, 0xb0, 0x0, 0x0, 0x0, 0x5f, 0xfe, 0x10,
    0xf, 0xfb, 0x0, 0x0, 0x0, 0x0, 0xaf, 0xfc,
    0x0, 0xff, 0xb0, 0x0, 0x0, 0x0, 0x0, 0xef,
    0xf8, 0xf, 0xfb, 0x0, 0x0, 0x0, 0x0, 0x3,
    0xff, 0xf4, 0x0, 0x0, 0x0, 0x0, 0x0, 0x0,
    0x0, 0x0, 0x0, 0x0, 0x0, 0x0, 0x0, 0x0,
    0x0, 0x0, 0x0, 0x0, 0x0, 0x0, 0x0, 0x0,
    0x0, 0x0, 0x0, 0x0, 0x0, 0xbf, 0xff, 0xff,
    0xff, 0xc0, 0x0, 0x0, 0x0, 0xb, 0xff, 0xff,
    0xff, 0xfc, 0x0, 0x0, 0x0, 0x0, 0x1, 0x11,
    0x11, 0x11, 0x0, 0x0, 0x0,

    /* U+1E35 "ḵ" */
    0x2f, 0xf5, 0x0, 0x0, 0x0, 0x0, 0x2, 0xff,
    0x50, 0x0, 0x0, 0x0, 0x0, 0x2f, 0xf5, 0x0,
    0x0, 0x0, 0x0, 0x2, 0xff, 0x50, 0x0, 0x0,
    0x0, 0x0, 0x2f, 0xf5, 0x0, 0x0, 0x0, 0x0,
    0x2, 0xff, 0x50, 0x0, 0x5, 0xff, 0xc0, 0x2f,
    0xf5, 0x0, 0x5, 0xff, 0xc0, 0x2, 0xff, 0x50,
    0x4, 0xff, 0xc0, 0x0, 0x2f, 0xf5, 0x4, 0xff,
    0xc0, 0x0, 0x2, 0xff, 0x53, 0xff, 0xc0, 0x0,
    0x0, 0x2f, 0xf8, 0xff, 0xf0, 0x0, 0x0, 0x2,
    0xff, 0xff, 0xff, 0x60, 0x0, 0x0, 0x2f, 0xff,
    0xcd, 0xfe, 0x10, 0x0, 0x2, 0xff, 0xc1, 0x3f,
    0xfa, 0x0, 0x0, 0x2f, 0xf5, 0x0, 0x9f, 0xf5,
    0x0, 0x2, 0xff, 0x50, 0x0, 0xef, 0xe1, 0x0,
    0x2f, 0xf5, 0x0, 0x5, 0xff, 0x90, 0x2, 0xff,
    0x50, 0x0, 0xb, 0xff, 0x40, 0x2f, 0xf5, 0x0,
    0x0, 0x1f, 0xfd, 0x2, 0xff, 0x50, 0x0, 0x0,
    0x7f, 0xf9, 0x0, 0x0, 0x0, 0x0, 0x0, 0x0,
    0x0, 0x0, 0x0, 0x0, 0x0, 0x0, 0x0, 0x0,
    0x0, 0x0, 0x0, 0x0, 0x0, 0x0, 0xb, 0xff,
    0xff, 0xff, 0xfd, 0x0, 0x0, 0xbf, 0xff, 0xff,
    0xff, 0xd0, 0x0, 0x0, 0x11, 0x11, 0x11, 0x11,
    0x0,

    /* U+1E36 "Ḷ" */
    0xef, 0xc0, 0x0, 0x0, 0x0, 0x0, 0xe, 0xfc,
    0x0, 0x0, 0x0, 0x0, 0x0, 0xef, 0xc0, 0x0,
    0x0, 0x0, 0x0, 0xe, 0xfc, 0x0, 0x0, 0x0,
    0x0, 0x0, 0xef, 0xc0, 0x0, 0x0, 0x0, 0x0,
    0xe, 0xfc, 0x0, 0x0, 0x0, 0x0, 0x0, 0xef,
    0xc0, 0x0, 0x0, 0x0, 0x0, 0xe, 0xfc, 0x0,
    0x0, 0x0, 0x0, 0x0, 0xef, 0xc0, 0x0, 0x0,
    0x0, 0x0, 0xe, 0xfc, 0x0, 0x0, 0x0, 0x0,
    0x0, 0xef, 0xc0, 0x0, 0x0, 0x0, 0x0, 0xe,
    0xfc, 0x0, 0x0, 0x0, 0x0, 0x0, 0xef, 0xc0,
    0x0, 0x0, 0x0, 0x0, 0xe, 0xfc, 0x0, 0x0,
    0x0, 0x0, 0x0, 0xef, 0xc0, 0x0, 0x0, 0x0,
    0x0, 0xe, 0xfc, 0x0, 0x0, 0x0, 0x0, 0x0,
    0xef, 0xc0, 0x0, 0x0, 0x0, 0x0, 0xe, 0xfd,
    0x66, 0x66, 0x66, 0x66, 0x64, 0xef, 0xff, 0xff,
    0xff, 0xff, 0xff, 0xae, 0xff, 0xff, 0xff, 0xff,
    0xff, 0xfa, 0x0, 0x0, 0x0, 0x0, 0x0, 0x0,
    0x0, 0x0, 0x0, 0x0, 0x0, 0x0, 0x0, 0x0,
    0x0, 0x0, 0x0, 0x0, 0x0, 0x0, 0x0, 0x0,
    0xdd, 0x60, 0x0, 0x0, 0x0, 0x0, 0xf, 0xf7,
    0x0, 0x0, 0x0, 0x0, 0x0, 0xff, 0x70, 0x0,
    0x0,

    /* U+1E37 "ḷ" */
    0x2f, 0xf5, 0x2f, 0xf5, 0x2f, 0xf5, 0x2f, 0xf5,
    0x2f, 0xf5, 0x2f, 0xf5, 0x2f, 0xf5, 0x2f, 0xf5,
    0x2f, 0xf5, 0x2f, 0xf5, 0x2f, 0xf5, 0x2f, 0xf5,
    0x2f, 0xf5, 0x2f, 0xf5, 0x2f, 0xf5, 0x2f, 0xf5,
    0x2f, 0xf5, 0x2f, 0xf5, 0x2f, 0xf5, 0x2f, 0xf5,
    0x0, 0x0, 0x0, 0x0, 0x0, 0x0, 0x1d, 0xd5,
    0x1f, 0xf7, 0x1f, 0xf7,

    /* U+1E38 "Ḹ" */
    0x0, 0x11, 0x11, 0x11, 0x11, 0x0, 0x0, 0x2f,
    0xff, 0xff, 0xff, 0xf6, 0x0, 0x2, 0xff, 0xff,
    0xff, 0xff, 0x60, 0x0, 0x0, 0x0, 0x0, 0x0,
    0x0, 0x0, 0x0, 0x0, 0x0, 0x0, 0x0, 0x0,
    0xe, 0xfc, 0x0, 0x0, 0x0, 0x0, 0x0, 0xef,
    0xc0, 0x0, 0x0, 0x0, 0x0, 0xe, 0xfc, 0x0,
    0x0, 0x0, 0x0, 0x0, 0xef, 0xc0, 0x0, 0x0,
    0x0, 0x0, 0xe, 0xfc, 0x0, 0x0, 0x0, 0x0,
    0x0, 0xef, 0xc0, 0x0, 0x0, 0x0, 0x0, 0xe,
    0xfc, 0x0, 0x0, 0x0, 0x0, 0x0, 0xef, 0xc0,
    0x0, 0x0, 0x0, 0x0, 0xe, 0xfc, 0x0, 0x0,
    0x0, 0x0, 0x0, 0xef, 0xc0, 0x0, 0x0, 0x0,
    0x0, 0xe, 0xfc, 0x0, 0x0, 0x0, 0x0, 0x0,
    0xef, 0xc0, 0x0, 0x0, 0x0, 0x0, 0xe, 0xfc,
    0x0, 0x0, 0x0, 0x0, 0x0, 0xef, 0xc0, 0x0,
    0x0, 0x0, 0x0, 0xe, 0xfc, 0x0, 0x0, 0x0,
    0x0, 0x0, 0xef, 0xc0, 0x0, 0x0, 0x0, 0x0,
    0xe, 0xfc, 0x0, 0x0, 0x0, 0x0, 0x0, 0xef,
    0xd6, 0x66, 0x66, 0x66, 0x66, 0x4e, 0xff, 0xff,
    0xff, 0xff, 0xff, 0xfa, 0xef, 0xff, 0xff, 0xff,
    0xff, 0xff, 0xa0, 0x0, 0x0, 0x0, 0x0, 0x0,
    0x0, 0x0, 0x0, 0x0, 0x0, 0x0, 0x0, 0x0,
    0x0, 0x0, 0x0, 0x0, 0x0, 0x0, 0x0, 0x0,
    0xd, 0xd6, 0x0, 0x0, 0x0, 0x0, 0x0, 0xff,
    0x70, 0x0, 0x0, 0x0, 0x0, 0xf, 0xf7, 0x0,
    0x0, 0x0,

    /* U+1E39 "ḹ" */
    0x1, 0x11, 0x11, 0x11, 0x10, 0x2f, 0xff, 0xff,
    0xff, 0xf6, 0x2f, 0xff, 0xff, 0xff, 0xf6, 0x0,
    0x0, 0x0, 0x0, 0x0, 0x0, 0x0, 0x0, 0x0,
    0x0, 0x0, 0x2, 0xff, 0x50, 0x0, 0x0, 0x2,
    0xff, 0x50, 0x0, 0x0, 0x2, 0xff, 0x50, 0x0,
    0x0, 0x2, 0xff, 0x50, 0x0, 0x0, 0x2, 0xff,
    0x50, 0x0, 0x0, 0x2, 0xff, 0x50, 0x0, 0x0,
    0x2, 0xff, 0x50, 0x0, 0x0, 0x2, 0xff, 0x50,
    0x0, 0x0, 0x2, 0xff, 0x50, 0x0, 0x0, 0x2,
    0xff, 0x50, 0x0, 0x0, 0x2, 0xff, 0x50, 0x0,
    0x0, 0x2, 0xff, 0x50, 0x0, 0x0, 0x2, 0xff,
    0x50, 0x0, 0x0, 0x2, 0xff, 0x50, 0x0, 0x0,
    0x2, 0xff, 0x50, 0x0, 0x0, 0x2, 0xff, 0x50,
    0x0, 0x0, 0x2, 0xff, 0x50, 0x0, 0x0, 0x2,
    0xff, 0x50, 0x0, 0x0, 0x2, 0xff, 0x50, 0x0,
    0x0, 0x2, 0xff, 0x50, 0x0, 0x0, 0x0, 0x0,
    0x0, 0x0, 0x0, 0x0, 0x0, 0x0, 0x0, 0x0,
    0x0, 0x0, 0x0, 0x0, 0x0, 0x1, 0xdd, 0x50,
    0x0, 0x0, 0x1, 0xff, 0x70, 0x0, 0x0, 0x1,
    0xff, 0x70, 0x0,

    /* U+1E3A "Ḻ" */
    0xef, 0xc0, 0x0, 0x0, 0x0, 0x0, 0xe, 0xfc,
    0x0, 0x0, 0x0, 0x0, 0x0, 0xef, 0xc0, 0x0,
    0x0, 0x0, 0x0, 0xe, 0xfc, 0x0, 0x0, 0x0,
    0x0, 0x0, 0xef, 0xc0, 0x0, 0x0, 0x0, 0x0,
    0xe, 0xfc, 0x0, 0x0, 0x0, 0x0, 0x0, 0xef,
    0xc0, 0x0, 0x0, 0x0, 0x0, 0xe, 0xfc, 0x0,
    0x0, 0x0, 0x0, 0x0, 0xef, 0xc0, 0x0, 0x0,
    0x0, 0x0, 0xe, 0xfc, 0x0, 0x0, 0x0, 0x0,
    0x0, 0xef, 0xc0, 0x0, 0x0, 0x0, 0x0, 0xe,
    0xfc, 0x0, 0x0, 0x0, 0x0, 0x0, 0xef, 0xc0,
    0x0, 0x0, 0x0, 0x0, 0xe, 0xfc, 0x0, 0x0,
    0x0, 0x0, 0x0, 0xef, 0xc0, 0x0, 0x0, 0x0,
    0x0, 0xe, 0xfc, 0x0, 0x0, 0x0, 0x0, 0x0,
    0xef, 0xc0, 0x0, 0x0, 0x0, 0x0, 0xe, 0xfd,
    0x66, 0x66, 0x66, 0x66, 0x64, 0xef, 0xff, 0xff,
    0xff, 0xff, 0xff, 0xae, 0xff, 0xff, 0xff, 0xff,
    0xff, 0xfa, 0x0, 0x0, 0x0, 0x0, 0x0, 0x0,
    0x0, 0x0, 0x0, 0x0, 0x0, 0x0, 0x0, 0x0,
    0x0, 0x0, 0x0, 0x0, 0x0, 0x0, 0xf, 0xff,
    0xff, 0xff, 0xf8, 0x0, 0x0, 0xff, 0xff, 0xff,
    0xff, 0x80, 0x0, 0x1, 0x11, 0x11, 0x11, 0x10,
    0x0,

    /* U+1E3B "ḻ" */
    0x0, 0x2, 0xff, 0x50, 0x0, 0x0, 0x2, 0xff,
    0x50, 0x0, 0x0, 0x2, 0xff, 0x50, 0x0, 0x0,
    0x2, 0xff, 0x50, 0x0, 0x0, 0x2, 0xff, 0x50,
    0x0, 0x0, 0x2, 0xff, 0x50, 0x0, 0x0, 0x2,
    0xff, 0x50, 0x0, 0x0, 0x2, 0xff, 0x50, 0x0,
    0x0, 0x2, 0xff, 0x50, 0x0, 0x0, 0x2, 0xff,
    0x50, 0x0, 0x0, 0x2, 0xff, 0x50, 0x0, 0x0,
    0x2, 0xff, 0x50, 0x0, 0x0, 0x2, 0xff, 0x50,
    0x0, 0x0, 0x2, 0xff, 0x50, 0x0, 0x0, 0x2,
    0xff, 0x50, 0x0, 0x0, 0x2, 0xff, 0x50, 0x0,
    0x0, 0x2, 0xff, 0x50, 0x0, 0x0, 0x2, 0xff,
    0x50, 0x0, 0x0, 0x2, 0xff, 0x50, 0x0, 0x0,
    0x2, 0xff, 0x50, 0x0, 0x0, 0x0, 0x0, 0x0,
    0x0, 0x0, 0x0, 0x0, 0x0, 0x0, 0x0, 0x0,
    0x0, 0x0, 0x0, 0x3f, 0xff, 0xff, 0xff, 0xf5,
    0x3f, 0xff, 0xff, 0xff, 0xf5, 0x1, 0x11, 0x11,
    0x11, 0x10,

    /* U+1E3C "Ḽ" */
    0xef, 0xc0, 0x0, 0x0, 0x0, 0x0, 0xe, 0xfc,
    0x0, 0x0, 0x0, 0x0, 0x0, 0xef, 0xc0, 0x0,
    0x0, 0x0, 0x0, 0xe, 0xfc, 0x0, 0x0, 0x0,
    0x0, 0x0, 0xef, 0xc0, 0x0, 0x0, 0x0, 0x0,
    0xe, 0xfc, 0x0, 0x0, 0x0, 0x0, 0x0, 0xef,
    0xc0, 0x0, 0x0, 0x0, 0x0, 0xe, 0xfc, 0x0,
    0x0, 0x0, 0x0, 0x0, 0xef, 0xc0, 0x0, 0x0,
    0x0, 0x0, 0xe, 0xfc, 0x0, 0x0, 0x0, 0x0,
    0x0, 0xef, 0xc0, 0x0, 0x0, 0x0, 0x0, 0xe,
    0xfc, 0x0, 0x0, 0x0, 0x0, 0x0, 0xef, 0xc0,
    0x0, 0x0, 0x0, 0x0, 0xe, 0xfc, 0x0, 0x0,
    0x0, 0x0, 0x0, 0xef, 0xc0, 0x0, 0x0, 0x0,
    0x0, 0xe, 0xfc, 0x0, 0x0, 0x0, 0x0, 0x0,
    0xef, 0xc0, 0x0, 0x0, 0x0, 0x0, 0xe, 0xfd,
    0x66, 0x66, 0x66, 0x66, 0x64, 0xef, 0xff, 0xff,
    0xff, 0xff, 0xff, 0xae, 0xff, 0xff, 0xff, 0xff,
    0xff, 0xfa, 0x0, 0x0, 0x0, 0x0, 0x0, 0x0,
    0x0, 0x0, 0x0, 0x0, 0x0, 0x0, 0x0, 0x0,
    0x0, 0x3e, 0xed, 0x10, 0x0, 0x0, 0x0, 0x1e,
    0xfe, 0xfc, 0x0, 0x0, 0x0, 0xb, 0xfd, 0x1e,
    0xf9, 0x0, 0x0, 0x8, 0xff, 0x30, 0x5f, 0xf5,
    0x0,

    /* U+1E3D "ḽ" */
    0x0, 0x2, 0xff, 0x50, 0x0, 0x0, 0x2, 0xff,
    0x50, 0x0, 0x0, 0x2, 0xff, 0x50, 0x0, 0x0,
    0x2, 0xff, 0x50, 0x0, 0x0, 0x2, 0xff, 0x50,
    0x0, 0x0, 0x2, 0xff, 0x50, 0x0, 0x0, 0x2,
    0xff, 0x50, 0x0, 0x0, 0x2, 0xff, 0x50, 0x0,
    0x0, 0x2, 0xff, 0x50, 0x0, 0x0, 0x2, 0xff,
    0x50, 0x0, 0x0, 0x2, 0xff, 0x50, 0x0, 0x0,
    0x2, 0xff, 0x50, 0x0, 0x0, 0x2, 0xff, 0x50,
    0x0, 0x0, 0x2, 0xff, 0x50, 0x0, 0x0, 0x2,
    0xff, 0x50, 0x0, 0x0, 0x2, 0xff, 0x50, 0x0,
    0x0, 0x2, 0xff, 0x50, 0x0, 0x0, 0x2, 0xff,
    0x50, 0x0, 0x0, 0x2, 0xff, 0x50, 0x0, 0x0,
    0x2, 0xff, 0x50, 0x0, 0x0, 0x0, 0x0, 0x0,
    0x0, 0x0, 0x0, 0x0, 0x0, 0x0, 0x0, 0x6,
    0xee, 0xb0, 0x0, 0x0, 0x3f, 0xfe, 0xf9, 0x0,
    0x1, 0xdf, 0xb3, 0xff, 0x60, 0xb, 0xfe, 0x10,
    0x8f, 0xf3,

    /* U+1E3E "Ḿ" */
    0x0, 0x0, 0x0, 0x0, 0x1, 0xff, 0xe1, 0x0,
    0x0, 0x0, 0x0, 0x0, 0x0, 0x0, 0x8, 0xff,
    0x30, 0x0, 0x0, 0x0, 0x0, 0x0, 0x0, 0x0,
    0x1f, 0xf6, 0x0, 0x0, 0x0, 0x0, 0x0, 0x0,
    0x0, 0x0, 0x6e, 0x90, 0x0, 0x0, 0x0, 0x0,
    0x0, 0x0, 0x0, 0x0, 0x0, 0x0, 0x0, 0x0,
    0x0, 0x0, 0xdf, 0xff, 0x40, 0x0, 0x0, 0x0,
    0x0, 0x8, 0xff, 0xf3, 0xdf, 0xff, 0x90, 0x0,
    0x0, 0x0, 0x0, 0xd, 0xff, 0xf3, 0xdf, 0xff,
    0xe0, 0x0, 0x0, 0x0, 0x0, 0x3f, 0xff, 0xf3,
    0xdf, 0xcf, 0xf4, 0x0, 0x0, 0x0, 0x0, 0x8f,
    0xdf, 0xf3, 0xdf, 0xac, 0xf9, 0x0, 0x0, 0x0,
    0x0, 0xdf, 0x8f, 0xf3, 0xdf, 0xa6, 0xfe, 0x0,
    0x0, 0x0, 0x3, 0xfd, 0x5f, 0xf3, 0xdf, 0xa1,
    0xff, 0x40, 0x0, 0x0, 0x9, 0xf8, 0x5f, 0xf3,
    0xdf, 0xa0, 0xbf, 0x90, 0x0, 0x0, 0xe, 0xf2,
    0x5f, 0xf3, 0xdf, 0xa0, 0x6f, 0xe0, 0x0, 0x0,
    0x4f, 0xd0, 0x5f, 0xf3, 0xdf, 0xa0, 0x1f, 0xf4,
    0x0, 0x0, 0x9f, 0x70, 0x5f, 0xf3, 0xdf, 0xa0,
    0xb, 0xf9, 0x0, 0x0, 0xef, 0x20, 0x5f, 0xf3,
    0xdf, 0xa0, 0x6, 0xfe, 0x0, 0x4, 0xfc, 0x0,
    0x5f, 0xf3, 0xdf, 0xa0, 0x1, 0xff, 0x40, 0xa,
    0xf7, 0x0, 0x5f, 0xf3, 0xdf, 0xa0, 0x0, 0xbf,
    0x90, 0xf, 0xf1, 0x0, 0x5f, 0xf3, 0xdf, 0xa0,
    0x0, 0x6f, 0xe0, 0x5f, 0xc0, 0x0, 0x5f, 0xf3,
    0xdf, 0xa0, 0x0, 0x1f, 0xf4, 0xaf, 0x60, 0x0,
    0x5f, 0xf3, 0xdf, 0xa0, 0x0, 0xb, 0xfa, 0xff,
    0x10, 0x0, 0x5f, 0xf3, 0xdf, 0xa0, 0x0, 0x6,
    0xff, 0xfb, 0x0, 0x0, 0x5f, 0xf3, 0xdf, 0xa0,
    0x0, 0x1, 0xff, 0xf6, 0x0, 0x0, 0x5f, 0xf3,
    0xdf, 0xa0, 0x0, 0x0, 0xbf, 0xf0, 0x0, 0x0,
    0x5f, 0xf3,

    /* U+1E3F "ḿ" */
    0x0, 0x0, 0x0, 0x0, 0x0, 0xa, 0xff, 0x60,
    0x0, 0x0, 0x0, 0x0, 0x0, 0x0, 0x0, 0x2,
    0xff, 0xa0, 0x0, 0x0, 0x0, 0x0, 0x0, 0x0,
    0x0, 0x0, 0x9f, 0xd0, 0x0, 0x0, 0x0, 0x0,
    0x0, 0x0, 0x0, 0x0, 0xd, 0xd2, 0x0, 0x0,
    0x0, 0x0, 0x0, 0x0, 0x0, 0x0, 0x0, 0x0,
    0x0, 0x0, 0x0, 0x0, 0x3, 0xff, 0x2, 0xae,
    0xfe, 0x91, 0x0, 0x5c, 0xff, 0xd6, 0x0, 0x3f,
    0xf4, 0xff, 0xff, 0xff, 0xd0, 0x8f, 0xff, 0xff,
    0xf9, 0x3, 0xff, 0xee, 0x62, 0x3a, 0xff, 0xcf,
    0xc4, 0x25, 0xef, 0xf2, 0x3f, 0xff, 0x20, 0x0,
    0xd, 0xff, 0xb0, 0x0, 0x4, 0xff, 0x63, 0xff,
    0xa0, 0x0, 0x0, 0x9f, 0xf3, 0x0, 0x0, 0xf,
    0xf8, 0x3f, 0xf6, 0x0, 0x0, 0x8, 0xff, 0x0,
    0x0, 0x0, 0xef, 0x83, 0xff, 0x50, 0x0, 0x0,
    0x8f, 0xe0, 0x0, 0x0, 0xe, 0xf8, 0x3f, 0xf4,
    0x0, 0x0, 0x8, 0xfe, 0x0, 0x0, 0x0, 0xef,
    0x83, 0xff, 0x40, 0x0, 0x0, 0x8f, 0xe0, 0x0,
    0x0, 0xe, 0xf8, 0x3f, 0xf4, 0x0, 0x0, 0x8,
    0xfe, 0x0, 0x0, 0x0, 0xef, 0x83, 0xff, 0x40,
    0x0, 0x0, 0x8f, 0xe0, 0x0, 0x0, 0xe, 0xf8,
    0x3f, 0xf4, 0x0, 0x0, 0x8, 0xfe, 0x0, 0x0,
    0x0, 0xef, 0x83, 0xff, 0x40, 0x0, 0x0, 0x8f,
    0xe0, 0x0, 0x0, 0xe, 0xf8, 0x3f, 0xf4, 0x0,
    0x0, 0x8, 0xfe, 0x0, 0x0, 0x0, 0xef, 0x83,
    0xff, 0x40, 0x0, 0x0, 0x8f, 0xe0, 0x0, 0x0,
    0xe, 0xf8,

    /* U+1E40 "Ṁ" */
    0x0, 0x0, 0x0, 0x0, 0x8f, 0xf0, 0x0, 0x0,
    0x0, 0x0, 0x0, 0x0, 0x0, 0x0, 0x8f, 0xf0,
    0x0, 0x0, 0x0, 0x0, 0x0, 0x0, 0x0, 0x0,
    0x7d, 0xd0, 0x0, 0x0, 0x0, 0x0, 0x0, 0x0,
    0x0, 0x0, 0x0, 0x0, 0x0, 0x0, 0x0, 0x0,
    0x0, 0x0, 0x0, 0x0, 0x0, 0x0, 0x0, 0x0,
    0x0, 0x0, 0xdf, 0xff, 0x40, 0x0, 0x0, 0x0,
    0x0, 0x8, 0xff, 0xf3, 0xdf, 0xff, 0x90, 0x0,
    0x0, 0x0, 0x0, 0xd, 0xff, 0xf3, 0xdf, 0xff,
    0xe0, 0x0, 0x0, 0x0, 0x0, 0x3f, 0xff, 0xf3,
    0xdf, 0xcf, 0xf4, 0x0, 0x0, 0x0, 0x0, 0x8f,
    0xdf, 0xf3, 0xdf, 0xac, 0xf9, 0x0, 0x0, 0x0,
    0x0, 0xdf, 0x8f, 0xf3, 0xdf, 0xa6, 0xfe, 0x0,
    0x0, 0x0, 0x3, 0xfd, 0x5f, 0xf3, 0xdf, 0xa1,
    0xff, 0x40, 0x0, 0x0, 0x9, 0xf8, 0x5f, 0xf3,
    0xdf, 0xa0, 0xbf, 0x90, 0x0, 0x0, 0xe, 0xf2,
    0x5f, 0xf3, 0xdf, 0xa0, 0x6f, 0xe0, 0x0, 0x0,
    0x4f, 0xd0, 0x5f, 0xf3, 0xdf, 0xa0, 0x1f, 0xf4,
    0x0, 0x0, 0x9f, 0x70, 0x5f, 0xf3, 0xdf, 0xa0,
    0xb, 0xf9, 0x0, 0x0, 0xef, 0x20, 0x5f, 0xf3,
    0xdf, 0xa0, 0x6, 0xfe, 0x0, 0x4, 0xfc, 0x0,
    0x5f, 0xf3, 0xdf, 0xa0, 0x1, 0xff, 0x40, 0xa,
    0xf7, 0x0, 0x5f, 0xf3, 0xdf, 0xa0, 0x0, 0xbf,
    0x90, 0xf, 0xf1, 0x0, 0x5f, 0xf3, 0xdf, 0xa0,
    0x0, 0x6f, 0xe0, 0x5f, 0xc0, 0x0, 0x5f, 0xf3,
    0xdf, 0xa0, 0x0, 0x1f, 0xf4, 0xaf, 0x60, 0x0,
    0x5f, 0xf3, 0xdf, 0xa0, 0x0, 0xb, 0xfa, 0xff,
    0x10, 0x0, 0x5f, 0xf3, 0xdf, 0xa0, 0x0, 0x6,
    0xff, 0xfb, 0x0, 0x0, 0x5f, 0xf3, 0xdf, 0xa0,
    0x0, 0x1, 0xff, 0xf6, 0x0, 0x0, 0x5f, 0xf3,
    0xdf, 0xa0, 0x0, 0x0, 0xbf, 0xf0, 0x0, 0x0,
    0x5f, 0xf3,

    /* U+1E41 "ṁ" */
    0x0, 0x0, 0x0, 0x0, 0x5, 0xff, 0x30, 0x0,
    0x0, 0x0, 0x0, 0x0, 0x0, 0x0, 0x0, 0x5f,
    0xf3, 0x0, 0x0, 0x0, 0x0, 0x0, 0x0, 0x0,
    0x0, 0x4, 0xdd, 0x20, 0x0, 0x0, 0x0, 0x0,
    0x0, 0x0, 0x0, 0x0, 0x0, 0x0, 0x0, 0x0,
    0x0, 0x0, 0x0, 0x0, 0x0, 0x0, 0x0, 0x0,
    0x0, 0x0, 0x0, 0x0, 0x3, 0xff, 0x2, 0xae,
    0xfe, 0x91, 0x0, 0x5c, 0xff, 0xd6, 0x0, 0x3f,
    0xf4, 0xff, 0xff, 0xff, 0xd0, 0x8f, 0xff, 0xff,
    0xf9, 0x3, 0xff, 0xee, 0x62, 0x3a, 0xff, 0xcf,
    0xc4, 0x25, 0xef, 0xf2, 0x3f, 0xff, 0x20, 0x0,
    0xd, 0xff, 0xb0, 0x0, 0x4, 0xff, 0x63, 0xff,
    0xa0, 0x0, 0x0, 0x9f, 0xf3, 0x0, 0x0, 0xf,
    0xf8, 0x3f, 0xf6, 0x0, 0x0, 0x8, 0xff, 0x0,
    0x0, 0x0, 0xef, 0x83, 0xff, 0x50, 0x0, 0x0,
    0x8f, 0xe0, 0x0, 0x0, 0xe, 0xf8, 0x3f, 0xf4,
    0x0, 0x0, 0x8, 0xfe, 0x0, 0x0, 0x0, 0xef,
    0x83, 0xff, 0x40, 0x0, 0x0, 0x8f, 0xe0, 0x0,
    0x0, 0xe, 0xf8, 0x3f, 0xf4, 0x0, 0x0, 0x8,
    0xfe, 0x0, 0x0, 0x0, 0xef, 0x83, 0xff, 0x40,
    0x0, 0x0, 0x8f, 0xe0, 0x0, 0x0, 0xe, 0xf8,
    0x3f, 0xf4, 0x0, 0x0, 0x8, 0xfe, 0x0, 0x0,
    0x0, 0xef, 0x83, 0xff, 0x40, 0x0, 0x0, 0x8f,
    0xe0, 0x0, 0x0, 0xe, 0xf8, 0x3f, 0xf4, 0x0,
    0x0, 0x8, 0xfe, 0x0, 0x0, 0x0, 0xef, 0x83,
    0xff, 0x40, 0x0, 0x0, 0x8f, 0xe0, 0x0, 0x0,
    0xe, 0xf8,

    /* U+1E42 "Ṃ" */
    0xdf, 0xff, 0x40, 0x0, 0x0, 0x0, 0x0, 0x8,
    0xff, 0xf3, 0xdf, 0xff, 0x90, 0x0, 0x0, 0x0,
    0x0, 0xd, 0xff, 0xf3, 0xdf, 0xff, 0xe0, 0x0,
    0x0, 0x0, 0x0, 0x3f, 0xff, 0xf3, 0xdf, 0xcf,
    0xf4, 0x0, 0x0, 0x0, 0x0, 0x8f, 0xdf, 0xf3,
    0xdf, 0xac, 0xf9, 0x0, 0x0, 0x0, 0x0, 0xdf,
    0x8f, 0xf3, 0xdf, 0xa6, 0xfe, 0x0, 0x0, 0x0,
    0x3, 0xfd, 0x5f, 0xf3, 0xdf, 0xa1, 0xff, 0x40,
    0x0, 0x0, 0x9, 0xf8, 0x5f, 0xf3, 0xdf, 0xa0,
    0xbf, 0x90, 0x0, 0x0, 0xe, 0xf2, 0x5f, 0xf3,
    0xdf, 0xa0, 0x6f, 0xe0, 0x0, 0x0, 0x4f, 0xd0,
    0x5f, 0xf3, 0xdf, 0xa0, 0x1f, 0xf4, 0x0, 0x0,
    0x9f, 0x70, 0x5f, 0xf3, 0xdf, 0xa0, 0xb, 0xf9,
    0x0, 0x0, 0xef, 0x20, 0x5f, 0xf3, 0xdf, 0xa0,
    0x6, 0xfe, 0x0, 0x4, 0xfc, 0x0, 0x5f, 0xf3,
    0xdf, 0xa0, 0x1, 0xff, 0x40, 0xa, 0xf7, 0x0,
    0x5f, 0xf3, 0xdf, 0xa0, 0x0, 0xbf, 0x90, 0xf,
    0xf1, 0x0, 0x5f, 0xf3, 0xdf, 0xa0, 0x0, 0x6f,
    0xe0, 0x5f, 0xc0, 0x0, 0x5f, 0xf3, 0xdf, 0xa0,
    0x0, 0x1f, 0xf4, 0xaf, 0x60, 0x0, 0x5f, 0xf3,
    0xdf, 0xa0, 0x0, 0xb, 0xfa, 0xff, 0x10, 0x0,
    0x5f, 0xf3, 0xdf, 0xa0, 0x0, 0x6, 0xff, 0xfb,
    0x0, 0x0, 0x5f, 0xf3, 0xdf, 0xa0, 0x0, 0x1,
    0xff, 0xf6, 0x0, 0x0, 0x5f, 0xf3, 0xdf, 0xa0,
    0x0, 0x0, 0xbf, 0xf0, 0x0, 0x0, 0x5f, 0xf3,
    0x0, 0x0, 0x0, 0x0, 0x0, 0x0, 0x0, 0x0,
    0x0, 0x0, 0x0, 0x0, 0x0, 0x0, 0x0, 0x0,
    0x0, 0x0, 0x0, 0x0, 0x0, 0x0, 0x0, 0x0,
    0x0, 0x0, 0x0, 0x0, 0x0, 0x0, 0x0, 0x0,
    0x0, 0x0, 0x5d, 0xd1, 0x0, 0x0, 0x0, 0x0,
    0x0, 0x0, 0x0, 0x0, 0x6f, 0xf2, 0x0, 0x0,
    0x0, 0x0, 0x0, 0x0, 0x0, 0x0, 0x6f, 0xf2,
    0x0, 0x0, 0x0, 0x0,

    /* U+1E43 "ṃ" */
    0x3f, 0xf0, 0x2a, 0xef, 0xe9, 0x10, 0x5, 0xcf,
    0xfd, 0x60, 0x3, 0xff, 0x4f, 0xff, 0xff, 0xfd,
    0x8, 0xff, 0xff, 0xff, 0x90, 0x3f, 0xfe, 0xe6,
    0x23, 0xaf, 0xfc, 0xfc, 0x42, 0x5e, 0xff, 0x23,
    0xff, 0xf2, 0x0, 0x0, 0xdf, 0xfb, 0x0, 0x0,
    0x4f, 0xf6, 0x3f, 0xfa, 0x0, 0x0, 0x9, 0xff,
    0x30, 0x0, 0x0, 0xff, 0x83, 0xff, 0x60, 0x0,
    0x0, 0x8f, 0xf0, 0x0, 0x0, 0xe, 0xf8, 0x3f,
    0xf5, 0x0, 0x0, 0x8, 0xfe, 0x0, 0x0, 0x0,
    0xef, 0x83, 0xff, 0x40, 0x0, 0x0, 0x8f, 0xe0,
    0x0, 0x0, 0xe, 0xf8, 0x3f, 0xf4, 0x0, 0x0,
    0x8, 0xfe, 0x0, 0x0, 0x0, 0xef, 0x83, 0xff,
    0x40, 0x0, 0x0, 0x8f, 0xe0, 0x0, 0x0, 0xe,
    0xf8, 0x3f, 0xf4, 0x0, 0x0, 0x8, 0xfe, 0x0,
    0x0, 0x0, 0xef, 0x83, 0xff, 0x40, 0x0, 0x0,
    0x8f, 0xe0, 0x0, 0x0, 0xe, 0xf8, 0x3f, 0xf4,
    0x0, 0x0, 0x8, 0xfe, 0x0, 0x0, 0x0, 0xef,
    0x83, 0xff, 0x40, 0x0, 0x0, 0x8f, 0xe0, 0x0,
    0x0, 0xe, 0xf8, 0x3f, 0xf4, 0x0, 0x0, 0x8,
    0xfe, 0x0, 0x0, 0x0, 0xef, 0x80, 0x0, 0x0,
    0x0, 0x0, 0x0, 0x0, 0x0, 0x0, 0x0, 0x0,
    0x0, 0x0, 0x0, 0x0, 0x0, 0x0, 0x0, 0x0,
    0x0, 0x0, 0x0, 0x0, 0x0, 0x0, 0x0, 0x0,
    0x0, 0x0, 0x0, 0x0, 0x0, 0x0, 0x0, 0x0,
    0x0, 0x5, 0xdd, 0x10, 0x0, 0x0, 0x0, 0x0,
    0x0, 0x0, 0x0, 0x0, 0x6f, 0xf2, 0x0, 0x0,
    0x0, 0x0, 0x0, 0x0, 0x0, 0x0, 0x6, 0xff,
    0x20, 0x0, 0x0, 0x0, 0x0,

    /* U+1E44 "Ṅ" */
    0x0, 0x0, 0x0, 0xe, 0xf9, 0x0, 0x0, 0x0,
    0x0, 0x0, 0x0, 0xe, 0xf9, 0x0, 0x0, 0x0,
    0x0, 0x0, 0x0, 0xc, 0xd8, 0x0, 0x0, 0x0,
    0x0, 0x0, 0x0, 0x0, 0x0, 0x0, 0x0, 0x0,
    0x0, 0x0, 0x0, 0x0, 0x0, 0x0, 0x0, 0x0,
    0xcf, 0xf4, 0x0, 0x0, 0x0, 0x0, 0x8, 0xff,
    0xcf, 0xfd, 0x0, 0x0, 0x0, 0x0, 0x8, 0xff,
    0xcf, 0xff, 0x90, 0x0, 0x0, 0x0, 0x8, 0xff,
    0xcf, 0xff, 0xf4, 0x0, 0x0, 0x0, 0x8, 0xff,
    0xcf, 0xdf, 0xfd, 0x0, 0x0, 0x0, 0x8, 0xff,
    0xcf, 0xb6, 0xff, 0x90, 0x0, 0x0, 0x8, 0xff,
    0xcf, 0xb0, 0xbf, 0xf4, 0x0, 0x0, 0x8, 0xff,
    0xcf, 0xb0, 0x2f, 0xfd, 0x0, 0x0, 0x8, 0xff,
    0xcf, 0xb0, 0x6, 0xff, 0x90, 0x0, 0x8, 0xff,
    0xcf, 0xb0, 0x0, 0xbf, 0xf4, 0x0, 0x8, 0xff,
    0xcf, 0xb0, 0x0, 0x2f, 0xfd, 0x0, 0x8, 0xff,
    0xcf, 0xb0, 0x0, 0x6, 0xff, 0x90, 0x8, 0xff,
    0xcf, 0xb0, 0x0, 0x0, 0xbf, 0xf4, 0x8, 0xff,
    0xcf, 0xb0, 0x0, 0x0, 0x2f, 0xfd, 0x8, 0xff,
    0xcf, 0xb0, 0x0, 0x0, 0x6, 0xff, 0x98, 0xff,
    0xcf, 0xb0, 0x0, 0x0, 0x0, 0xbf, 0xfc, 0xff,
    0xcf, 0xb0, 0x0, 0x0, 0x0, 0x1f, 0xff, 0xff,
    0xcf, 0xb0, 0x0, 0x0, 0x0, 0x6, 0xff, 0xff,
    0xcf, 0xb0, 0x0, 0x0, 0x0, 0x0, 0xbf, 0xff,
    0xcf, 0xb0, 0x0, 0x0, 0x0, 0x0, 0x1f, 0xff,

    /* U+1E45 "ṅ" */
    0x0, 0x0, 0x0, 0xcf, 0xb0, 0x0, 0x0, 0x0,
    0x0, 0xc, 0xfb, 0x0, 0x0, 0x0, 0x0, 0x0,
    0xad, 0x90, 0x0, 0x0, 0x0, 0x0, 0x0, 0x0,
    0x0, 0x0, 0x0, 0x0, 0x0, 0x0, 0x0, 0x0,
    0x1, 0xff, 0x11, 0x8d, 0xfe, 0xb5, 0x0, 0x1f,
    0xf4, 0xef, 0xff, 0xff, 0xf9, 0x1, 0xff, 0xef,
    0x83, 0x36, 0xef, 0xf3, 0x1f, 0xff, 0x40, 0x0,
    0x3, 0xff, 0x81, 0xff, 0xb0, 0x0, 0x0, 0xe,
    0xfa, 0x1f, 0xf7, 0x0, 0x0, 0x0, 0xcf, 0xb1,
    0xff, 0x60, 0x0, 0x0, 0xc, 0xfb, 0x1f, 0xf5,
    0x0, 0x0, 0x0, 0xcf, 0xb1, 0xff, 0x50, 0x0,
    0x0, 0xc, 0xfb, 0x1f, 0xf5, 0x0, 0x0, 0x0,
    0xcf, 0xb1, 0xff, 0x50, 0x0, 0x0, 0xc, 0xfb,
    0x1f, 0xf5, 0x0, 0x0, 0x0, 0xcf, 0xb1, 0xff,
    0x50, 0x0, 0x0, 0xc, 0xfb, 0x1f, 0xf5, 0x0,
    0x0, 0x0, 0xcf, 0xb1, 0xff, 0x50, 0x0, 0x0,
    0xc, 0xfb,

    /* U+1E46 "Ṇ" */
    0xcf, 0xf4, 0x0, 0x0, 0x0, 0x0, 0x8, 0xff,
    0xcf, 0xfd, 0x0, 0x0, 0x0, 0x0, 0x8, 0xff,
    0xcf, 0xff, 0x90, 0x0, 0x0, 0x0, 0x8, 0xff,
    0xcf, 0xff, 0xf4, 0x0, 0x0, 0x0, 0x8, 0xff,
    0xcf, 0xdf, 0xfd, 0x0, 0x0, 0x0, 0x8, 0xff,
    0xcf, 0xb6, 0xff, 0x90, 0x0, 0x0, 0x8, 0xff,
    0xcf, 0xb0, 0xbf, 0xf4, 0x0, 0x0, 0x8, 0xff,
    0xcf, 0xb0, 0x2f, 0xfd, 0x0, 0x0, 0x8, 0xff,
    0xcf, 0xb0, 0x6, 0xff, 0x90, 0x0, 0x8, 0xff,
    0xcf, 0xb0, 0x0, 0xbf, 0xf4, 0x0, 0x8, 0xff,
    0xcf, 0xb0, 0x0, 0x2f, 0xfd, 0x0, 0x8, 0xff,
    0xcf, 0xb0, 0x0, 0x6, 0xff, 0x90, 0x8, 0xff,
    0xcf, 0xb0, 0x0, 0x0, 0xbf, 0xf4, 0x8, 0xff,
    0xcf, 0xb0, 0x0, 0x0, 0x2f, 0xfd, 0x8, 0xff,
    0xcf, 0xb0, 0x0, 0x0, 0x6, 0xff, 0x98, 0xff,
    0xcf, 0xb0, 0x0, 0x0, 0x0, 0xbf, 0xfc, 0xff,
    0xcf, 0xb0, 0x0, 0x0, 0x0, 0x1f, 0xff, 0xff,
    0xcf, 0xb0, 0x0, 0x0, 0x0, 0x6, 0xff, 0xff,
    0xcf, 0xb0, 0x0, 0x0, 0x0, 0x0, 0xbf, 0xff,
    0xcf, 0xb0, 0x0, 0x0, 0x0, 0x0, 0x1f, 0xff,
    0x0, 0x0, 0x0, 0x0, 0x0, 0x0, 0x0, 0x0,
    0x0, 0x0, 0x0, 0x0, 0x0, 0x0, 0x0, 0x0,
    0x0, 0x0, 0x0, 0x0, 0x0, 0x0, 0x0, 0x0,
    0x0, 0x0, 0x0, 0xc, 0xd8, 0x0, 0x0, 0x0,
    0x0, 0x0, 0x0, 0xe, 0xf9, 0x0, 0x0, 0x0,
    0x0, 0x0, 0x0, 0xe, 0xf9, 0x0, 0x0, 0x0,

    /* U+1E47 "ṇ" */
    0x1f, 0xf1, 0x18, 0xdf, 0xeb, 0x50, 0x1, 0xff,
    0x4e, 0xff, 0xff, 0xff, 0x90, 0x1f, 0xfe, 0xf8,
    0x33, 0x6e, 0xff, 0x31, 0xff, 0xf4, 0x0, 0x0,
    0x3f, 0xf8, 0x1f, 0xfb, 0x0, 0x0, 0x0, 0xef,
    0xa1, 0xff, 0x70, 0x0, 0x0, 0xc, 0xfb, 0x1f,
    0xf6, 0x0, 0x0, 0x0, 0xcf, 0xb1, 0xff, 0x50,
    0x0, 0x0, 0xc, 0xfb, 0x1f, 0xf5, 0x0, 0x0,
    0x0, 0xcf, 0xb1, 0xff, 0x50, 0x0, 0x0, 0xc,
    0xfb, 0x1f, 0xf5, 0x0, 0x0, 0x0, 0xcf, 0xb1,
    0xff, 0x50, 0x0, 0x0, 0xc, 0xfb, 0x1f, 0xf5,
    0x0, 0x0, 0x0, 0xcf, 0xb1, 0xff, 0x50, 0x0,
    0x0, 0xc, 0xfb, 0x1f, 0xf5, 0x0, 0x0, 0x0,
    0xcf, 0xb0, 0x0, 0x0, 0x0, 0x0, 0x0, 0x0,
    0x0, 0x0, 0x0, 0x0, 0x0, 0x0, 0x0, 0x0,
    0x0, 0x0, 0x0, 0x0, 0x0, 0x0, 0x0, 0x2,
    0xdd, 0x40, 0x0, 0x0, 0x0, 0x0, 0x2f, 0xf5,
    0x0, 0x0, 0x0, 0x0, 0x2, 0xff, 0x50, 0x0,
    0x0,

    /* U+1E48 "Ṉ" */
    0xcf, 0xf4, 0x0, 0x0, 0x0, 0x0, 0x8, 0xff,
    0xcf, 0xfd, 0x0, 0x0, 0x0, 0x0, 0x8, 0xff,
    0xcf, 0xff, 0x90, 0x0, 0x0, 0x0, 0x8, 0xff,
    0xcf, 0xff, 0xf4, 0x0, 0x0, 0x0, 0x8, 0xff,
    0xcf, 0xdf, 0xfd, 0x0, 0x0, 0x0, 0x8, 0xff,
    0xcf, 0xb6, 0xff, 0x90, 0x0, 0x0, 0x8, 0xff,
    0xcf, 0xb0, 0xbf, 0xf4, 0x0, 0x0, 0x8, 0xff,
    0xcf, 0xb0, 0x2f, 0xfd, 0x0, 0x0, 0x8, 0xff,
    0xcf, 0xb0, 0x6, 0xff, 0x90, 0x0, 0x8, 0xff,
    0xcf, 0xb0, 0x0, 0xbf, 0xf4, 0x0, 0x8, 0xff,
    0xcf, 0xb0, 0x0, 0x2f, 0xfd, 0x0, 0x8, 0xff,
    0xcf, 0xb0, 0x0, 0x6, 0xff, 0x90, 0x8, 0xff,
    0xcf, 0xb0, 0x0, 0x0, 0xbf, 0xf4, 0x8, 0xff,
    0xcf, 0xb0, 0x0, 0x0, 0x2f, 0xfd, 0x8, 0xff,
    0xcf, 0xb0, 0x0, 0x0, 0x6, 0xff, 0x98, 0xff,
    0xcf, 0xb0, 0x0, 0x0, 0x0, 0xbf, 0xfc, 0xff,
    0xcf, 0xb0, 0x0, 0x0, 0x0, 0x1f, 0xff, 0xff,
    0xcf, 0xb0, 0x0, 0x0, 0x0, 0x6, 0xff, 0xff,
    0xcf, 0xb0, 0x0, 0x0, 0x0, 0x0, 0xbf, 0xff,
    0xcf, 0xb0, 0x0, 0x0, 0x0, 0x0, 0x1f, 0xff,
    0x0, 0x0, 0x0, 0x0, 0x0, 0x0, 0x0, 0x0,
    0x0, 0x0, 0x0, 0x0, 0x0, 0x0, 0x0, 0x0,
    0x0, 0x0, 0x0, 0x0, 0x0, 0x0, 0x0, 0x0,
    0x0, 0x2, 0xff, 0xff, 0xff, 0xff, 0x60, 0x0,
    0x0, 0x2, 0xff, 0xff, 0xff, 0xff, 0x60, 0x0,
    0x0, 0x0, 0x11, 0x11, 0x11, 0x11, 0x0, 0x0,

    /* U+1E49 "ṉ" */
    0x1f, 0xf1, 0x18, 0xdf, 0xeb, 0x50, 0x1, 0xff,
    0x4e, 0xff, 0xff, 0xff, 0x90, 0x1f, 0xfe, 0xf8,
    0x33, 0x6e, 0xff, 0x31, 0xff, 0xf4, 0x0, 0x0,
    0x3f, 0xf8, 0x1f, 0xfb, 0x0, 0x0, 0x0, 0xef,
    0xa1, 0xff, 0x70, 0x0, 0x0, 0xc, 0xfb, 0x1f,
    0xf6, 0x0, 0x0, 0x0, 0xcf, 0xb1, 0xff, 0x50,
    0x0, 0x0, 0xc, 0xfb, 0x1f, 0xf5, 0x0, 0x0,
    0x0, 0xcf, 0xb1, 0xff, 0x50, 0x0, 0x0, 0xc,
    0xfb, 0x1f, 0xf5, 0x0, 0x0, 0x0, 0xcf, 0xb1,
    0xff, 0x50, 0x0, 0x0, 0xc, 0xfb, 0x1f, 0xf5,
    0x0, 0x0, 0x0, 0xcf, 0xb1, 0xff, 0x50, 0x0,
    0x0, 0xc, 0xfb, 0x1f, 0xf5, 0x0, 0x0, 0x0,
    0xcf, 0xb0, 0x0, 0x0, 0x0, 0x0, 0x0, 0x0,
    0x0, 0x0, 0x0, 0x0, 0x0, 0x0, 0x0, 0x0,
    0x0, 0x0, 0x0, 0x0, 0x0, 0x0, 0x6f, 0xff,
    0xff, 0xff, 0xf2, 0x0, 0x6, 0xff, 0xff, 0xff,
    0xff, 0x20, 0x0, 0x1, 0x11, 0x11, 0x11, 0x10,
    0x0,

    /* U+1E4A "Ṋ" */
    0xcf, 0xf4, 0x0, 0x0, 0x0, 0x0, 0x8, 0xff,
    0xcf, 0xfd, 0x0, 0x0, 0x0, 0x0, 0x8, 0xff,
    0xcf, 0xff, 0x90, 0x0, 0x0, 0x0, 0x8, 0xff,
    0xcf, 0xff, 0xf4, 0x0, 0x0, 0x0, 0x8, 0xff,
    0xcf, 0xdf, 0xfd, 0x0, 0x0, 0x0, 0x8, 0xff,
    0xcf, 0xb6, 0xff, 0x90, 0x0, 0x0, 0x8, 0xff,
    0xcf, 0xb0, 0xbf, 0xf4, 0x0, 0x0, 0x8, 0xff,
    0xcf, 0xb0, 0x2f, 0xfd, 0x0, 0x0, 0x8, 0xff,
    0xcf, 0xb0, 0x6, 0xff, 0x90, 0x0, 0x8, 0xff,
    0xcf, 0xb0, 0x0, 0xbf, 0xf4, 0x0, 0x8, 0xff,
    0xcf, 0xb0, 0x0, 0x2f, 0xfd, 0x0, 0x8, 0xff,
    0xcf, 0xb0, 0x0, 0x6, 0xff, 0x90, 0x8, 0xff,
    0xcf, 0xb0, 0x0, 0x0, 0xbf, 0xf4, 0x8, 0xff,
    0xcf, 0xb0, 0x0, 0x0, 0x2f, 0xfd, 0x8, 0xff,
    0xcf, 0xb0, 0x0, 0x0, 0x6, 0xff, 0x98, 0xff,
    0xcf, 0xb0, 0x0, 0x0, 0x0, 0xbf, 0xfc, 0xff,
    0xcf, 0xb0, 0x0, 0x0, 0x0, 0x1f, 0xff, 0xff,
    0xcf, 0xb0, 0x0, 0x0, 0x0, 0x6, 0xff, 0xff,
    0xcf, 0xb0, 0x0, 0x0, 0x0, 0x0, 0xbf, 0xff,
    0xcf, 0xb0, 0x0, 0x0, 0x0, 0x0, 0x1f, 0xff,
    0x0, 0x0, 0x0, 0x0, 0x0, 0x0, 0x0, 0x0,
    0x0, 0x0, 0x0, 0x0, 0x0, 0x0, 0x0, 0x0,
    0x0, 0x0, 0x0, 0x2e, 0xed, 0x20, 0x0, 0x0,
    0x0, 0x0, 0x0, 0xdf, 0xef, 0xd0, 0x0, 0x0,
    0x0, 0x0, 0xa, 0xfe, 0x1d, 0xfa, 0x0, 0x0,
    0x0, 0x0, 0x6f, 0xf5, 0x4, 0xff, 0x60, 0x0,

    /* U+1E4B "ṋ" */
    0x1f, 0xf1, 0x18, 0xdf, 0xeb, 0x50, 0x1, 0xff,
    0x4e, 0xff, 0xff, 0xff, 0x90, 0x1f, 0xfe, 0xf8,
    0x33, 0x6e, 0xff, 0x31, 0xff, 0xf4, 0x0, 0x0,
    0x3f, 0xf8, 0x1f, 0xfb, 0x0, 0x0, 0x0, 0xef,
    0xa1, 0xff, 0x70, 0x0, 0x0, 0xc, 0xfb, 0x1f,
    0xf6, 0x0, 0x0, 0x0, 0xcf, 0xb1, 0xff, 0x50,
    0x0, 0x0, 0xc, 0xfb, 0x1f, 0xf5, 0x0, 0x0,
    0x0, 0xcf, 0xb1, 0xff, 0x50, 0x0, 0x0, 0xc,
    0xfb, 0x1f, 0xf5, 0x0, 0x0, 0x0, 0xcf, 0xb1,
    0xff, 0x50, 0x0, 0x0, 0xc, 0xfb, 0x1f, 0xf5,
    0x0, 0x0, 0x0, 0xcf, 0xb1, 0xff, 0x50, 0x0,
    0x0, 0xc, 0xfb, 0x1f, 0xf5, 0x0, 0x0, 0x0,
    0xcf, 0xb0, 0x0, 0x0, 0x0, 0x0, 0x0, 0x0,
    0x0, 0x0, 0x0, 0x0, 0x0, 0x0, 0x0, 0x0,
    0x0, 0xce, 0xe5, 0x0, 0x0, 0x0, 0x0, 0xaf,
    0xef, 0xf2, 0x0, 0x0, 0x0, 0x6f, 0xf4, 0x9f,
    0xd1, 0x0, 0x0, 0x2f, 0xf9, 0x1, 0xef, 0xb0,
    0x0,

    /* U+1E4C "Ṍ" */
    0x0, 0x0, 0x0, 0x0, 0x1, 0xde, 0xd1, 0x0,
    0x0, 0x0, 0x0, 0x0, 0x0, 0x0, 0x7, 0xff,
    0x40, 0x0, 0x0, 0x0, 0x0, 0x0, 0x0, 0x0,
    0xe, 0xf8, 0x0, 0x0, 0x0, 0x0, 0x0, 0x0,
    0x0, 0x0, 0x6f, 0xb0, 0x0, 0x0, 0x0, 0x0,
    0x0, 0x0, 0x0, 0x0, 0x0, 0x0, 0x0, 0x0,
    0x0, 0x0, 0x0, 0x0, 0x0, 0x2b, 0xb4, 0x0,
    0x2d, 0x60, 0x0, 0x0, 0x0, 0x0, 0x1, 0xff,
    0xff, 0x91, 0x8f, 0x50, 0x0, 0x0, 0x0, 0x0,
    0x7, 0xf6, 0x1a, 0xff, 0xfe, 0x0, 0x0, 0x0,
    0x0, 0x0, 0x7, 0xd1, 0x0, 0x7c, 0xa2, 0x0,
    0x0, 0x0, 0x0, 0x0, 0x0, 0x0, 0x0, 0x0,
    0x0, 0x0, 0x0, 0x0, 0x0, 0x0, 0x0, 0x0,
    0x0, 0x0, 0x0, 0x0, 0x0, 0x0, 0x0, 0x0,
    0x1, 0x6b, 0xef, 0xfd, 0xa5, 0x0, 0x0, 0x0,
    0x0, 0x0, 0x7f, 0xff, 0xff, 0xff, 0xff, 0xe5,
    0x0, 0x0, 0x0, 0xa, 0xff, 0xfb, 0x75, 0x57,
    0xcf, 0xff, 0x70, 0x0, 0x0, 0x9f, 0xfc, 0x20,
    0x0, 0x0, 0x4, 0xef, 0xf6, 0x0, 0x4, 0xff,
    0xc0, 0x0, 0x0, 0x0, 0x0, 0x2e, 0xff, 0x20,
    0xc, 0xff, 0x20, 0x0, 0x0, 0x0, 0x0, 0x5,
    0xff, 0x90, 0x2f, 0xfa, 0x0, 0x0, 0x0, 0x0,
    0x0, 0x0, 0xdf, 0xf0, 0x6f, 0xf6, 0x0, 0x0,
    0x0, 0x0, 0x0, 0x0, 0x8f, 0xf3, 0x9f, 0xf3,
    0x0, 0x0, 0x0, 0x0, 0x0, 0x0, 0x5f, 0xf6,
    0xaf, 0xf1, 0x0, 0x0, 0x0, 0x0, 0x0, 0x0,
    0x4f, 0xf7, 0xaf, 0xf1, 0x0, 0x0, 0x0, 0x0,
    0x0, 0x0, 0x4f, 0xf7, 0x9f, 0xf2, 0x0, 0x0,
    0x0, 0x0, 0x0, 0x0, 0x5f, 0xf6, 0x7f, 0xf5,
    0x0, 0x0, 0x0, 0x0, 0x0, 0x0, 0x8f, 0xf3,
    0x2f, 0xfa, 0x0, 0x0, 0x0, 0x0, 0x0, 0x0,
    0xdf, 0xf0, 0xc, 0xff, 0x20, 0x0, 0x0, 0x0,
    0x0, 0x5, 0xff, 0x90, 0x4, 0xff, 0xc0, 0x0,
    0x0, 0x0, 0x0, 0x2e, 0xff, 0x20, 0x0, 0x9f,
    0xfc, 0x20, 0x0, 0x0, 0x4, 0xef, 0xf6, 0x0,
    0x0, 0xa, 0xff, 0xfb, 0x65, 0x57, 0xcf, 0xff,
    0x80, 0x0, 0x0, 0x0, 0x7f, 0xff, 0xff, 0xff,
    0xff, 0xe5, 0x0, 0x0, 0x0, 0x0, 0x1, 0x6b,
    0xef, 0xfd, 0xa6, 0x0, 0x0, 0x0,

    /* U+1E4D "ṍ" */
    0x0, 0x0, 0x0, 0x1, 0xee, 0xc1, 0x0, 0x0,
    0x0, 0x0, 0x0, 0x8f, 0xf4, 0x0, 0x0, 0x0,
    0x0, 0x0, 0x1f, 0xf7, 0x0, 0x0, 0x0, 0x0,
    0x0, 0x7, 0xfa, 0x0, 0x0, 0x0, 0x0, 0x0,
    0x0, 0x0, 0x0, 0x0, 0x0, 0x0, 0x0, 0x0,
    0x0, 0x0, 0x0, 0x0, 0x0, 0x0, 0x0, 0x8e,
    0xea, 0x40, 0x9f, 0x40, 0x0, 0x0, 0x7f, 0xfe,
    0xff, 0xff, 0xe0, 0x0, 0x0, 0x9, 0xc0, 0x4,
    0xac, 0xa2, 0x0, 0x0, 0x0, 0x0, 0x0, 0x0,
    0x0, 0x0, 0x0, 0x0, 0x0, 0x0, 0x0, 0x0,
    0x0, 0x0, 0x0, 0x0, 0x3, 0xae, 0xff, 0xc7,
    0x0, 0x0, 0x0, 0x9, 0xff, 0xff, 0xff, 0xfe,
    0x30, 0x0, 0x9, 0xff, 0xb3, 0x11, 0x6e, 0xff,
    0x30, 0x3, 0xff, 0xa0, 0x0, 0x0, 0x2f, 0xfc,
    0x0, 0x9f, 0xf1, 0x0, 0x0, 0x0, 0x7f, 0xf3,
    0xd, 0xfb, 0x0, 0x0, 0x0, 0x2, 0xff, 0x60,
    0xff, 0x80, 0x0, 0x0, 0x0, 0xf, 0xf8, 0xf,
    0xf8, 0x0, 0x0, 0x0, 0x0, 0xff, 0x90, 0xff,
    0x80, 0x0, 0x0, 0x0, 0xf, 0xf8, 0xd, 0xfb,
    0x0, 0x0, 0x0, 0x2, 0xff, 0x60, 0x9f, 0xf1,
    0x0, 0x0, 0x0, 0x8f, 0xf2, 0x3, 0xff, 0xa0,
    0x0, 0x0, 0x2f, 0xfc, 0x0, 0x9, 0xff, 0xb4,
    0x11, 0x6e, 0xff, 0x30, 0x0, 0x9, 0xff, 0xff,
    0xff, 0xfe, 0x30, 0x0, 0x0, 0x3, 0xae, 0xff,
    0xc7, 0x0, 0x0,

    /* U+1E4E "Ṏ" */
    0x0, 0x0, 0x0, 0xcd, 0x80, 0xb, 0xd9, 0x0,
    0x0, 0x0, 0x0, 0x0, 0x0, 0xef, 0xa0, 0xd,
    0xfb, 0x0, 0x0, 0x0, 0x0, 0x0, 0x0, 0xef,
    0xa0, 0xd, 0xfb, 0x0, 0x0, 0x0, 0x0, 0x0,
    0x0, 0x0, 0x0, 0x0, 0x0, 0x0, 0x0, 0x0,
    0x0, 0x0, 0x0, 0x2b, 0xb4, 0x0, 0x2d, 0x60,
    0x0, 0x0, 0x0, 0x0, 0x1, 0xff, 0xff, 0x91,
    0x8f, 0x50, 0x0, 0x0, 0x0, 0x0, 0x7, 0xf6,
    0x1a, 0xff, 0xfe, 0x0, 0x0, 0x0, 0x0, 0x0,
    0x7, 0xd1, 0x0, 0x7c, 0xa2, 0x0, 0x0, 0x0,
    0x0, 0x0, 0x0, 0x0, 0x0, 0x0, 0x0, 0x0,
    0x0, 0x0, 0x0, 0x0, 0x0, 0x0, 0x0, 0x0,
    0x0, 0x0, 0x0, 0x0, 0x0, 0x0, 0x1, 0x6b,
    0xef, 0xfd, 0xa5, 0x0, 0x0, 0x0, 0x0, 0x0,
    0x7f, 0xff, 0xff, 0xff, 0xff, 0xe5, 0x0, 0x0,
    0x0, 0xa, 0xff, 0xfb, 0x75, 0x57, 0xcf, 0xff,
    0x70, 0x0, 0x0, 0x9f, 0xfc, 0x20, 0x0, 0x0,
    0x4, 0xef, 0xf6, 0x0, 0x4, 0xff, 0xc0, 0x0,
    0x0, 0x0, 0x0, 0x2e, 0xff, 0x20, 0xc, 0xff,
    0x20, 0x0, 0x0, 0x0, 0x0, 0x5, 0xff, 0x90,
    0x2f, 0xfa, 0x0, 0x0, 0x0, 0x0, 0x0, 0x0,
    0xdf, 0xf0, 0x6f, 0xf6, 0x0, 0x0, 0x0, 0x0,
    0x0, 0x0, 0x8f, 0xf3, 0x9f, 0xf3, 0x0, 0x0,
    0x0, 0x0, 0x0, 0x0, 0x5f, 0xf6, 0xaf, 0xf1,
    0x0, 0x0, 0x0, 0x0, 0x0, 0x0, 0x4f, 0xf7,
    0xaf, 0xf1, 0x0, 0x0, 0x0, 0x0, 0x0, 0x0,
    0x4f, 0xf7, 0x9f, 0xf2, 0x0, 0x0, 0x0, 0x0,
    0x0, 0x0, 0x5f, 0xf6, 0x7f, 0xf5, 0x0, 0x0,
    0x0, 0x0, 0x0, 0x0, 0x8f, 0xf3, 0x2f, 0xfa,
    0x0, 0x0, 0x0, 0x0, 0x0, 0x0, 0xdf, 0xf0,
    0xc, 0xff, 0x20, 0x0, 0x0, 0x0, 0x0, 0x5,
    0xff, 0x90, 0x4, 0xff, 0xc0, 0x0, 0x0, 0x0,
    0x0, 0x2e, 0xff, 0x20, 0x0, 0x9f, 0xfc, 0x20,
    0x0, 0x0, 0x4, 0xef, 0xf6, 0x0, 0x0, 0xa,
    0xff, 0xfb, 0x65, 0x57, 0xcf, 0xff, 0x80, 0x0,
    0x0, 0x0, 0x7f, 0xff, 0xff, 0xff, 0xff, 0xe5,
    0x0, 0x0, 0x0, 0x0, 0x1, 0x6b, 0xef, 0xfd,
    0xa6, 0x0, 0x0, 0x0,

    /* U+1E4F "ṏ" */
    0x0, 0x0, 0xcd, 0x70, 0xb, 0xd8, 0x0, 0x0,
    0x0, 0xf, 0xf9, 0x0, 0xef, 0xa0, 0x0, 0x0,
    0x0, 0xff, 0x90, 0xe, 0xfa, 0x0, 0x0, 0x0,
    0x0, 0x0, 0x0, 0x0, 0x0, 0x0, 0x0, 0x0,
    0x0, 0x0, 0x0, 0x0, 0x0, 0x0, 0x0, 0x8,
    0xee, 0xa4, 0x9, 0xf4, 0x0, 0x0, 0x7, 0xff,
    0xef, 0xff, 0xfe, 0x0, 0x0, 0x0, 0x9c, 0x0,
    0x4a, 0xca, 0x20, 0x0, 0x0, 0x0, 0x0, 0x0,
    0x0, 0x0, 0x0, 0x0, 0x0, 0x0, 0x0, 0x0,
    0x0, 0x0, 0x0, 0x0, 0x0, 0x3a, 0xef, 0xfc,
    0x70, 0x0, 0x0, 0x0, 0x9f, 0xff, 0xff, 0xff,
    0xe3, 0x0, 0x0, 0x9f, 0xfb, 0x31, 0x16, 0xef,
    0xf3, 0x0, 0x3f, 0xfa, 0x0, 0x0, 0x2, 0xff,
    0xc0, 0x9, 0xff, 0x10, 0x0, 0x0, 0x7, 0xff,
    0x30, 0xdf, 0xb0, 0x0, 0x0, 0x0, 0x2f, 0xf6,
    0xf, 0xf8, 0x0, 0x0, 0x0, 0x0, 0xff, 0x80,
    0xff, 0x80, 0x0, 0x0, 0x0, 0xf, 0xf9, 0xf,
    0xf8, 0x0, 0x0, 0x0, 0x0, 0xff, 0x80, 0xdf,
    0xb0, 0x0, 0x0, 0x0, 0x2f, 0xf6, 0x9, 0xff,
    0x10, 0x0, 0x0, 0x8, 0xff, 0x20, 0x3f, 0xfa,
    0x0, 0x0, 0x2, 0xff, 0xc0, 0x0, 0x9f, 0xfb,
    0x41, 0x16, 0xef, 0xf3, 0x0, 0x0, 0x9f, 0xff,
    0xff, 0xff, 0xe3, 0x0, 0x0, 0x0, 0x3a, 0xef,
    0xfc, 0x70, 0x0, 0x0,

    /* U+1E50 "Ṑ" */
    0x0, 0x0, 0x0, 0xc, 0xff, 0x30, 0x0, 0x0,
    0x0, 0x0, 0x0, 0x0, 0x0, 0x1, 0xef, 0xb0,
    0x0, 0x0, 0x0, 0x0, 0x0, 0x0, 0x0, 0x0,
    0x4f, 0xf3, 0x0, 0x0, 0x0, 0x0, 0x0, 0x0,
    0x0, 0x0, 0x7, 0xe9, 0x0, 0x0, 0x0, 0x0,
    0x0, 0x0, 0x0, 0x0, 0x0, 0x0, 0x0, 0x0,
    0x0, 0x0, 0x0, 0x0, 0x3, 0xff, 0xff, 0xff,
    0xff, 0x50, 0x0, 0x0, 0x0, 0x0, 0x3, 0xff,
    0xff, 0xff, 0xff, 0x50, 0x0, 0x0, 0x0, 0x0,
    0x0, 0x11, 0x11, 0x11, 0x11, 0x0, 0x0, 0x0,
    0x0, 0x0, 0x0, 0x0, 0x0, 0x0, 0x0, 0x0,
    0x0, 0x0, 0x0, 0x0, 0x0, 0x0, 0x0, 0x0,
    0x0, 0x0, 0x0, 0x0, 0x0, 0x0, 0x1, 0x6b,
    0xef, 0xfd, 0xa5, 0x0, 0x0, 0x0, 0x0, 0x0,
    0x7f, 0xff, 0xff, 0xff, 0xff, 0xe5, 0x0, 0x0,
    0x0, 0xa, 0xff, 0xfb, 0x75, 0x57, 0xcf, 0xff,
    0x70, 0x0, 0x0, 0x9f, 0xfc, 0x20, 0x0, 0x0,
    0x4, 0xef, 0xf6, 0x0, 0x4, 0xff, 0xc0, 0x0,
    0x0, 0x0, 0x0, 0x2e, 0xff, 0x20, 0xc, 0xff,
    0x20, 0x0, 0x0, 0x0, 0x0, 0x5, 0xff, 0x90,
    0x2f, 0xfa, 0x0, 0x0, 0x0, 0x0, 0x0, 0x0,
    0xdf, 0xf0, 0x6f, 0xf6, 0x0, 0x0, 0x0, 0x0,
    0x0, 0x0, 0x8f, 0xf3, 0x9f, 0xf3, 0x0, 0x0,
    0x0, 0x0, 0x0, 0x0, 0x5f, 0xf6, 0xaf, 0xf1,
    0x0, 0x0, 0x0, 0x0, 0x0, 0x0, 0x4f, 0xf7,
    0xaf, 0xf1, 0x0, 0x0, 0x0, 0x0, 0x0, 0x0,
    0x4f, 0xf7, 0x9f, 0xf2, 0x0, 0x0, 0x0, 0x0,
    0x0, 0x0, 0x5f, 0xf6, 0x7f, 0xf5, 0x0, 0x0,
    0x0, 0x0, 0x0, 0x0, 0x8f, 0xf3, 0x2f, 0xfa,
    0x0, 0x0, 0x0, 0x0, 0x0, 0x0, 0xdf, 0xf0,
    0xc, 0xff, 0x20, 0x0, 0x0, 0x0, 0x0, 0x5,
    0xff, 0x90, 0x4, 0xff, 0xc0, 0x0, 0x0, 0x0,
    0x0, 0x2e, 0xff, 0x20, 0x0, 0x9f, 0xfc, 0x20,
    0x0, 0x0, 0x4, 0xef, 0xf6, 0x0, 0x0, 0xa,
    0xff, 0xfb, 0x65, 0x57, 0xcf, 0xff, 0x80, 0x0,
    0x0, 0x0, 0x7f, 0xff, 0xff, 0xff, 0xff, 0xe5,
    0x0, 0x0, 0x0, 0x0, 0x1, 0x6b, 0xef, 0xfd,
    0xa6, 0x0, 0x0, 0x0,

    /* U+1E51 "ṑ" */
    0x0, 0x0, 0x5f, 0xfb, 0x0, 0x0, 0x0, 0x0,
    0x0, 0x0, 0x8f, 0xf3, 0x0, 0x0, 0x0, 0x0,
    0x0, 0x0, 0xbf, 0xb0, 0x0, 0x0, 0x0, 0x0,
    0x0, 0x1, 0xdd, 0x10, 0x0, 0x0, 0x0, 0x0,
    0x11, 0x11, 0x11, 0x10, 0x0, 0x0, 0x0, 0x9f,
    0xff, 0xff, 0xff, 0xf0, 0x0, 0x0, 0x9, 0xff,
    0xff, 0xff, 0xff, 0x0, 0x0, 0x0, 0x0, 0x0,
    0x0, 0x0, 0x0, 0x0, 0x0, 0x0, 0x0, 0x0,
    0x0, 0x0, 0x0, 0x0, 0x0, 0x0, 0x0, 0x0,
    0x0, 0x0, 0x0, 0x0, 0x0, 0x3a, 0xef, 0xfc,
    0x70, 0x0, 0x0, 0x0, 0x9f, 0xff, 0xff, 0xff,
    0xe3, 0x0, 0x0, 0x9f, 0xfb, 0x31, 0x16, 0xef,
    0xf3, 0x0, 0x3f, 0xfa, 0x0, 0x0, 0x2, 0xff,
    0xc0, 0x9, 0xff, 0x10, 0x0, 0x0, 0x7, 0xff,
    0x30, 0xdf, 0xb0, 0x0, 0x0, 0x0, 0x2f, 0xf6,
    0xf, 0xf8, 0x0, 0x0, 0x0, 0x0, 0xff, 0x80,
    0xff, 0x80, 0x0, 0x0, 0x0, 0xf, 0xf9, 0xf,
    0xf8, 0x0, 0x0, 0x0, 0x0, 0xff, 0x80, 0xdf,
    0xb0, 0x0, 0x0, 0x0, 0x2f, 0xf6, 0x9, 0xff,
    0x10, 0x0, 0x0, 0x8, 0xff, 0x20, 0x3f, 0xfa,
    0x0, 0x0, 0x2, 0xff, 0xc0, 0x0, 0x9f, 0xfb,
    0x41, 0x16, 0xef, 0xf3, 0x0, 0x0, 0x9f, 0xff,
    0xff, 0xff, 0xe3, 0x0, 0x0, 0x0, 0x3a, 0xef,
    0xfc, 0x70, 0x0, 0x0,

    /* U+1E52 "Ṓ" */
    0x0, 0x0, 0x0, 0x0, 0x1, 0xff, 0xe1, 0x0,
    0x0, 0x0, 0x0, 0x0, 0x0, 0x0, 0x8, 0xff,
    0x30, 0x0, 0x0, 0x0, 0x0, 0x0, 0x0, 0x0,
    0xf, 0xf7, 0x0, 0x0, 0x0, 0x0, 0x0, 0x0,
    0x0, 0x0, 0x6e, 0xa0, 0x0, 0x0, 0x0, 0x0,
    0x0, 0x0, 0x0, 0x0, 0x0, 0x0, 0x0, 0x0,
    0x0, 0x0, 0x0, 0x0, 0x3, 0xff, 0xff, 0xff,
    0xff, 0x50, 0x0, 0x0, 0x0, 0x0, 0x3, 0xff,
    0xff, 0xff, 0xff, 0x50, 0x0, 0x0, 0x0, 0x0,
    0x0, 0x11, 0x11, 0x11, 0x11, 0x0, 0x0, 0x0,
    0x0, 0x0, 0x0, 0x0, 0x0, 0x0, 0x0, 0x0,
    0x0, 0x0, 0x0, 0x0, 0x0, 0x0, 0x0, 0x0,
    0x0, 0x0, 0x0, 0x0, 0x0, 0x0, 0x1, 0x6b,
    0xef, 0xfd, 0xa5, 0x0, 0x0, 0x0, 0x0, 0x0,
    0x7f, 0xff, 0xff, 0xff, 0xff, 0xe5, 0x0, 0x0,
    0x0, 0xa, 0xff, 0xfb, 0x75, 0x57, 0xcf, 0xff,
    0x70, 0x0, 0x0, 0x9f, 0xfc, 0x20, 0x0, 0x0,
    0x4, 0xef, 0xf6, 0x0, 0x4, 0xff, 0xc0, 0x0,
    0x0, 0x0, 0x0, 0x2e, 0xff, 0x20, 0xc, 0xff,
    0x20, 0x0, 0x0, 0x0, 0x0, 0x5, 0xff, 0x90,
    0x2f, 0xfa, 0x0, 0x0, 0x0, 0x0, 0x0, 0x0,
    0xdf, 0xf0, 0x6f, 0xf6, 0x0, 0x0, 0x0, 0x0,
    0x0, 0x0, 0x8f, 0xf3, 0x9f, 0xf3, 0x0, 0x0,
    0x0, 0x0, 0x0, 0x0, 0x5f, 0xf6, 0xaf, 0xf1,
    0x0, 0x0, 0x0, 0x0, 0x0, 0x0, 0x4f, 0xf7,
    0xaf, 0xf1, 0x0, 0x0, 0x0, 0x0, 0x0, 0x0,
    0x4f, 0xf7, 0x9f, 0xf2, 0x0, 0x0, 0x0, 0x0,
    0x0, 0x0, 0x5f, 0xf6, 0x7f, 0xf5, 0x0, 0x0,
    0x0, 0x0, 0x0, 0x0, 0x8f, 0xf3, 0x2f, 0xfa,
    0x0, 0x0, 0x0, 0x0, 0x0, 0x0, 0xdf, 0xf0,
    0xc, 0xff, 0x20, 0x0, 0x0, 0x0, 0x0, 0x5,
    0xff, 0x90, 0x4, 0xff, 0xc0, 0x0, 0x0, 0x0,
    0x0, 0x2e, 0xff, 0x20, 0x0, 0x9f, 0xfc, 0x20,
    0x0, 0x0, 0x4, 0xef, 0xf6, 0x0, 0x0, 0xa,
    0xff, 0xfb, 0x65, 0x57, 0xcf, 0xff, 0x80, 0x0,
    0x0, 0x0, 0x7f, 0xff, 0xff, 0xff, 0xff, 0xe5,
    0x0, 0x0, 0x0, 0x0, 0x1, 0x6b, 0xef, 0xfd,
    0xa6, 0x0, 0x0, 0x0,

    /* U+1E53 "ṓ" */
    0x0, 0x0, 0x0, 0x2, 0xff, 0xd1, 0x0, 0x0,
    0x0, 0x0, 0x0, 0x9f, 0xf3, 0x0, 0x0, 0x0,
    0x0, 0x0, 0x1f, 0xf5, 0x0, 0x0, 0x0, 0x0,
    0x0, 0x7, 0xe8, 0x0, 0x0, 0x0, 0x0, 0x0,
    0x11, 0x11, 0x11, 0x10, 0x0, 0x0, 0x0, 0x9f,
    0xff, 0xff, 0xff, 0xf0, 0x0, 0x0, 0x9, 0xff,
    0xff, 0xff, 0xff, 0x0, 0x0, 0x0, 0x0, 0x0,
    0x0, 0x0, 0x0, 0x0, 0x0, 0x0, 0x0, 0x0,
    0x0, 0x0, 0x0, 0x0, 0x0, 0x0, 0x0, 0x0,
    0x0, 0x0, 0x0, 0x0, 0x0, 0x3a, 0xef, 0xfc,
    0x70, 0x0, 0x0, 0x0, 0x9f, 0xff, 0xff, 0xff,
    0xe3, 0x0, 0x0, 0x9f, 0xfb, 0x31, 0x16, 0xef,
    0xf3, 0x0, 0x3f, 0xfa, 0x0, 0x0, 0x2, 0xff,
    0xc0, 0x9, 0xff, 0x10, 0x0, 0x0, 0x7, 0xff,
    0x30, 0xdf, 0xb0, 0x0, 0x0, 0x0, 0x2f, 0xf6,
    0xf, 0xf8, 0x0, 0x0, 0x0, 0x0, 0xff, 0x80,
    0xff, 0x80, 0x0, 0x0, 0x0, 0xf, 0xf9, 0xf,
    0xf8, 0x0, 0x0, 0x0, 0x0, 0xff, 0x80, 0xdf,
    0xb0, 0x0, 0x0, 0x0, 0x2f, 0xf6, 0x9, 0xff,
    0x10, 0x0, 0x0, 0x8, 0xff, 0x20, 0x3f, 0xfa,
    0x0, 0x0, 0x2, 0xff, 0xc0, 0x0, 0x9f, 0xfb,
    0x41, 0x16, 0xef, 0xf3, 0x0, 0x0, 0x9f, 0xff,
    0xff, 0xff, 0xe3, 0x0, 0x0, 0x0, 0x3a, 0xef,
    0xfc, 0x70, 0x0, 0x0,

    /* U+1E54 "Ṕ" */
    0x0, 0x0, 0x0, 0xe, 0xff, 0x20, 0x0, 0x0,
    0x0, 0x0, 0x0, 0x6f, 0xf5, 0x0, 0x0, 0x0,
    0x0, 0x0, 0x0, 0xdf, 0x90, 0x0, 0x0, 0x0,
    0x0, 0x0, 0x4, 0xeb, 0x0, 0x0, 0x0, 0x0,
    0x0, 0x0, 0x0, 0x0, 0x0, 0x0, 0x0, 0x0,
    0xdf, 0xff, 0xff, 0xff, 0xfe, 0xda, 0x40, 0x0,
    0xdf, 0xff, 0xff, 0xff, 0xff, 0xff, 0xf9, 0x0,
    0xdf, 0xe6, 0x66, 0x66, 0x67, 0xaf, 0xff, 0x70,
    0xdf, 0xd0, 0x0, 0x0, 0x0, 0x3, 0xff, 0xf0,
    0xdf, 0xd0, 0x0, 0x0, 0x0, 0x0, 0x9f, 0xf4,
    0xdf, 0xd0, 0x0, 0x0, 0x0, 0x0, 0x5f, 0xf6,
    0xdf, 0xd0, 0x0, 0x0, 0x0, 0x0, 0x5f, 0xf6,
    0xdf, 0xd0, 0x0, 0x0, 0x0, 0x0, 0x9f, 0xf3,
    0xdf, 0xd0, 0x0, 0x0, 0x0, 0x5, 0xff, 0xe0,
    0xdf, 0xe6, 0x66, 0x66, 0x68, 0xcf, 0xff, 0x50,
    0xdf, 0xff, 0xff, 0xff, 0xff, 0xff, 0xf6, 0x0,
    0xdf, 0xff, 0xff, 0xff, 0xfe, 0xc8, 0x10, 0x0,
    0xdf, 0xd0, 0x0, 0x0, 0x0, 0x0, 0x0, 0x0,
    0xdf, 0xd0, 0x0, 0x0, 0x0, 0x0, 0x0, 0x0,
    0xdf, 0xd0, 0x0, 0x0, 0x0, 0x0, 0x0, 0x0,
    0xdf, 0xd0, 0x0, 0x0, 0x0, 0x0, 0x0, 0x0,
    0xdf, 0xd0, 0x0, 0x0, 0x0, 0x0, 0x0, 0x0,
    0xdf, 0xd0, 0x0, 0x0, 0x0, 0x0, 0x0, 0x0,
    0xdf, 0xd0, 0x0, 0x0, 0x0, 0x0, 0x0, 0x0,
    0xdf, 0xd0, 0x0, 0x0, 0x0, 0x0, 0x0, 0x0,

    /* U+1E55 "ṕ" */
    0x0, 0x0, 0x0, 0x2f, 0xfd, 0x10, 0x0, 0x0,
    0x0, 0x0, 0x9f, 0xf3, 0x0, 0x0, 0x0, 0x0,
    0x1, 0xff, 0x60, 0x0, 0x0, 0x0, 0x0, 0x7,
    0xe9, 0x0, 0x0, 0x0, 0x0, 0x0, 0x0, 0x0,
    0x0, 0x0, 0x0, 0x1f, 0xf2, 0x2a, 0xef, 0xe9,
    0x20, 0x0, 0x1f, 0xf6, 0xff, 0xff, 0xff, 0xf5,
    0x0, 0x1f, 0xff, 0xf6, 0x0, 0x4d, 0xff, 0x20,
    0x1f, 0xff, 0x40, 0x0, 0x1, 0xef, 0xb0, 0x1f,
    0xfb, 0x0, 0x0, 0x0, 0x7f, 0xf1, 0x1f, 0xf5,
    0x0, 0x0, 0x0, 0x3f, 0xf5, 0x1f, 0xf2, 0x0,
    0x0, 0x0, 0x1f, 0xf7, 0x1f, 0xf1, 0x0, 0x0,
    0x0, 0xf, 0xf7, 0x1f, 0xf2, 0x0, 0x0, 0x0,
    0x1f, 0xf6, 0x1f, 0xf4, 0x0, 0x0, 0x0, 0x3f,
    0xf4, 0x1f, 0xf9, 0x0, 0x0, 0x0, 0x8f, 0xf0,
    0x1f, 0xff, 0x20, 0x0, 0x2, 0xff, 0x90, 0x1f,
    0xff, 0xe6, 0x11, 0x6e, 0xfe, 0x10, 0x1f, 0xf9,
    0xff, 0xff, 0xff, 0xe2, 0x0, 0x1f, 0xf5, 0x2a,
    0xef, 0xd8, 0x0, 0x0, 0x1f, 0xf5, 0x0, 0x0,
    0x0, 0x0, 0x0, 0x1f, 0xf5, 0x0, 0x0, 0x0,
    0x0, 0x0, 0x1f, 0xf5, 0x0, 0x0, 0x0, 0x0,
    0x0, 0x1f, 0xf5, 0x0, 0x0, 0x0, 0x0, 0x0,
    0x1f, 0xf5, 0x0, 0x0, 0x0, 0x0, 0x0, 0x1f,
    0xf5, 0x0, 0x0, 0x0, 0x0, 0x0,

    /* U+1E56 "Ṗ" */
    0x0, 0x0, 0x5, 0xff, 0x20, 0x0, 0x0, 0x0,
    0x0, 0x0, 0x5, 0xff, 0x20, 0x0, 0x0, 0x0,
    0x0, 0x0, 0x4, 0xdd, 0x20, 0x0, 0x0, 0x0,
    0x0, 0x0, 0x0, 0x0, 0x0, 0x0, 0x0, 0x0,
    0x0, 0x0, 0x0, 0x0, 0x0, 0x0, 0x0, 0x0,
    0xdf, 0xff, 0xff, 0xff, 0xfe, 0xda, 0x40, 0x0,
    0xdf, 0xff, 0xff, 0xff, 0xff, 0xff, 0xf9, 0x0,
    0xdf, 0xe6, 0x66, 0x66, 0x67, 0xaf, 0xff, 0x70,
    0xdf, 0xd0, 0x0, 0x0, 0x0, 0x3, 0xff, 0xf0,
    0xdf, 0xd0, 0x0, 0x0, 0x0, 0x0, 0x9f, 0xf4,
    0xdf, 0xd0, 0x0, 0x0, 0x0, 0x0, 0x5f, 0xf6,
    0xdf, 0xd0, 0x0, 0x0, 0x0, 0x0, 0x5f, 0xf6,
    0xdf, 0xd0, 0x0, 0x0, 0x0, 0x0, 0x9f, 0xf3,
    0xdf, 0xd0, 0x0, 0x0, 0x0, 0x5, 0xff, 0xe0,
    0xdf, 0xe6, 0x66, 0x66, 0x68, 0xcf, 0xff, 0x50,
    0xdf, 0xff, 0xff, 0xff, 0xff, 0xff, 0xf6, 0x0,
    0xdf, 0xff, 0xff, 0xff, 0xfe, 0xc8, 0x10, 0x0,
    0xdf, 0xd0, 0x0, 0x0, 0x0, 0x0, 0x0, 0x0,
    0xdf, 0xd0, 0x0, 0x0, 0x0, 0x0, 0x0, 0x0,
    0xdf, 0xd0, 0x0, 0x0, 0x0, 0x0, 0x0, 0x0,
    0xdf, 0xd0, 0x0, 0x0, 0x0, 0x0, 0x0, 0x0,
    0xdf, 0xd0, 0x0, 0x0, 0x0, 0x0, 0x0, 0x0,
    0xdf, 0xd0, 0x0, 0x0, 0x0, 0x0, 0x0, 0x0,
    0xdf, 0xd0, 0x0, 0x0, 0x0, 0x0, 0x0, 0x0,
    0xdf, 0xd0, 0x0, 0x0, 0x0, 0x0, 0x0, 0x0,

    /* U+1E57 "ṗ" */
    0x0, 0x0, 0x3, 0xff, 0x40, 0x0, 0x0, 0x0,
    0x0, 0x3, 0xff, 0x40, 0x0, 0x0, 0x0, 0x0,
    0x2, 0xdd, 0x40, 0x0, 0x0, 0x0, 0x0, 0x0,
    0x0, 0x0, 0x0, 0x0, 0x0, 0x0, 0x0, 0x0,
    0x0, 0x0, 0x0, 0x1f, 0xf2, 0x2a, 0xef, 0xe9,
    0x20, 0x0, 0x1f, 0xf6, 0xff, 0xff, 0xff, 0xf5,
    0x0, 0x1f, 0xff, 0xf6, 0x0, 0x4d, 0xff, 0x20,
    0x1f, 0xff, 0x40, 0x0, 0x1, 0xef, 0xb0, 0x1f,
    0xfb, 0x0, 0x0, 0x0, 0x7f, 0xf1, 0x1f, 0xf5,
    0x0, 0x0, 0x0, 0x3f, 0xf5, 0x1f, 0xf2, 0x0,
    0x0, 0x0, 0x1f, 0xf7, 0x1f, 0xf1, 0x0, 0x0,
    0x0, 0xf, 0xf7, 0x1f, 0xf2, 0x0, 0x0, 0x0,
    0x1f, 0xf6, 0x1f, 0xf4, 0x0, 0x0, 0x0, 0x3f,
    0xf4, 0x1f, 0xf9, 0x0, 0x0, 0x0, 0x8f, 0xf0,
    0x1f, 0xff, 0x20, 0x0, 0x2, 0xff, 0x90, 0x1f,
    0xff, 0xe6, 0x11, 0x6e, 0xfe, 0x10, 0x1f, 0xf9,
    0xff, 0xff, 0xff, 0xe2, 0x0, 0x1f, 0xf5, 0x2a,
    0xef, 0xd8, 0x0, 0x0, 0x1f, 0xf5, 0x0, 0x0,
    0x0, 0x0, 0x0, 0x1f, 0xf5, 0x0, 0x0, 0x0,
    0x0, 0x0, 0x1f, 0xf5, 0x0, 0x0, 0x0, 0x0,
    0x0, 0x1f, 0xf5, 0x0, 0x0, 0x0, 0x0, 0x0,
    0x1f, 0xf5, 0x0, 0x0, 0x0, 0x0, 0x0, 0x1f,
    0xf5, 0x0, 0x0, 0x0, 0x0, 0x0,

    /* U+1E58 "Ṙ" */
    0x0, 0x0, 0x0, 0x7f, 0xf0, 0x0, 0x0, 0x0,
    0x0, 0x0, 0x0, 0x0, 0x7f, 0xf0, 0x0, 0x0,
    0x0, 0x0, 0x0, 0x0, 0x0, 0x6d, 0xd0, 0x0,
    0x0, 0x0, 0x0, 0x0, 0x0, 0x0, 0x0, 0x0,
    0x0, 0x0, 0x0, 0x0, 0x0, 0x0, 0x0, 0x0,
    0x0, 0x0, 0x0, 0x0, 0x0, 0xcf, 0xff, 0xff,
    0xff, 0xff, 0xfd, 0xa4, 0x0, 0x0, 0xcf, 0xff,
    0xff, 0xff, 0xff, 0xff, 0xff, 0x90, 0x0, 0xcf,
    0xe3, 0x33, 0x33, 0x34, 0x59, 0xff, 0xf6, 0x0,
    0xcf, 0xe0, 0x0, 0x0, 0x0, 0x0, 0x4f, 0xfe,
    0x0, 0xcf, 0xe0, 0x0, 0x0, 0x0, 0x0, 0xa,
    0xff, 0x20, 0xcf, 0xe0, 0x0, 0x0, 0x0, 0x0,
    0x8, 0xff, 0x30, 0xcf, 0xe0, 0x0, 0x0, 0x0,
    0x0, 0xb, 0xff, 0x10, 0xcf, 0xe0, 0x0, 0x0,
    0x0, 0x0, 0x6f, 0xfc, 0x0, 0xcf, 0xe6, 0x66,
    0x66, 0x67, 0x8c, 0xff, 0xf3, 0x0, 0xcf, 0xff,
    0xff, 0xff, 0xff, 0xff, 0xfd, 0x30, 0x0, 0xcf,
    0xff, 0xff, 0xff, 0xff, 0xe8, 0x40, 0x0, 0x0,
    0xcf, 0xe0, 0x0, 0x2, 0x9f, 0xfb, 0x10, 0x0,
    0x0, 0xcf, 0xe0, 0x0, 0x0, 0x6, 0xff, 0xd1,
    0x0, 0x0, 0xcf, 0xe0, 0x0, 0x0, 0x0, 0x9f,
    0xfb, 0x0, 0x0, 0xcf, 0xe0, 0x0, 0x0, 0x0,
    0xd, 0xff, 0x60, 0x0, 0xcf, 0xe0, 0x0, 0x0,
    0x0, 0x4, 0xff, 0xf1, 0x0, 0xcf, 0xe0, 0x0,
    0x0, 0x0, 0x0, 0x9f, 0xfb, 0x0, 0xcf, 0xe0,
    0x0, 0x0, 0x0, 0x0, 0x1e, 0xff, 0x50, 0xcf,
    0xe0, 0x0, 0x0, 0x0, 0x0, 0x5, 0xff, 0xe0,
    0xcf, 0xe0, 0x0, 0x0, 0x0, 0x0, 0x0, 0xbf,
    0xf9,

    /* U+1E59 "ṙ" */
    0x0, 0x9f, 0xe0, 0x0, 0x0, 0x9, 0xfe, 0x0,
    0x0, 0x0, 0x8d, 0xc0, 0x0, 0x0, 0x0, 0x0,
    0x0, 0x0, 0x0, 0x0, 0x0, 0x0, 0x3, 0xff,
    0x5, 0xdf, 0xb4, 0x3f, 0xf5, 0xff, 0xff, 0x63,
    0xff, 0xef, 0xa9, 0xe1, 0x3f, 0xff, 0x30, 0x0,
    0x3, 0xff, 0xb0, 0x0, 0x0, 0x3f, 0xf6, 0x0,
    0x0, 0x3, 0xff, 0x50, 0x0, 0x0, 0x3f, 0xf4,
    0x0, 0x0, 0x3, 0xff, 0x40, 0x0, 0x0, 0x3f,
    0xf4, 0x0, 0x0, 0x3, 0xff, 0x40, 0x0, 0x0,
    0x3f, 0xf4, 0x0, 0x0, 0x3, 0xff, 0x40, 0x0,
    0x0, 0x3f, 0xf4, 0x0, 0x0, 0x3, 0xff, 0x40,
    0x0, 0x0,

    /* U+1E5A "Ṛ" */
    0xcf, 0xff, 0xff, 0xff, 0xff, 0xfd, 0xa4, 0x0,
    0x0, 0xcf, 0xff, 0xff, 0xff, 0xff, 0xff, 0xff,
    0x90, 0x0, 0xcf, 0xe3, 0x33, 0x33, 0x34, 0x59,
    0xff, 0xf6, 0x0, 0xcf, 0xe0, 0x0, 0x0, 0x0,
    0x0, 0x4f, 0xfe, 0x0, 0xcf, 0xe0, 0x0, 0x0,
    0x0, 0x0, 0xa, 0xff, 0x20, 0xcf, 0xe0, 0x0,
    0x0, 0x0, 0x0, 0x8, 0xff, 0x30, 0xcf, 0xe0,
    0x0, 0x0, 0x0, 0x0, 0xb, 0xff, 0x10, 0xcf,
    0xe0, 0x0, 0x0, 0x0, 0x0, 0x6f, 0xfc, 0x0,
    0xcf, 0xe6, 0x66, 0x66, 0x67, 0x8c, 0xff, 0xf3,
    0x0, 0xcf, 0xff, 0xff, 0xff, 0xff, 0xff, 0xfd,
    0x30, 0x0, 0xcf, 0xff, 0xff, 0xff, 0xff, 0xe8,
    0x40, 0x0, 0x0, 0xcf, 0xe0, 0x0, 0x2, 0x9f,
    0xfb, 0x10, 0x0, 0x0, 0xcf, 0xe0, 0x0, 0x0,
    0x6, 0xff, 0xd1, 0x0, 0x0, 0xcf, 0xe0, 0x0,
    0x0, 0x0, 0x9f, 0xfb, 0x0, 0x0, 0xcf, 0xe0,
    0x0, 0x0, 0x0, 0xd, 0xff, 0x60, 0x0, 0xcf,
    0xe0, 0x0, 0x0, 0x0, 0x4, 0xff, 0xf1, 0x0,
    0xcf, 0xe0, 0x0, 0x0, 0x0, 0x0, 0x9f, 0xfb,
    0x0, 0xcf, 0xe0, 0x0, 0x0, 0x0, 0x0, 0x1e,
    0xff, 0x50, 0xcf, 0xe0, 0x0, 0x0, 0x0, 0x0,
    0x5, 0xff, 0xe0, 0xcf, 0xe0, 0x0, 0x0, 0x0,
    0x0, 0x0, 0xbf, 0xf9, 0x0, 0x0, 0x0, 0x0,
    0x0, 0x0, 0x0, 0x0, 0x0, 0x0, 0x0, 0x0,
    0x0, 0x0, 0x0, 0x0, 0x0, 0x0, 0x0, 0x0,
    0x0, 0x0, 0x0, 0x0, 0x0, 0x0, 0x0, 0x0,
    0x0, 0x0, 0x4d, 0xd2, 0x0, 0x0, 0x0, 0x0,
    0x0, 0x0, 0x0, 0x5f, 0xf2, 0x0, 0x0, 0x0,
    0x0, 0x0, 0x0, 0x0, 0x5f, 0xf2, 0x0, 0x0,
    0x0, 0x0,

    /* U+1E5B "ṛ" */
    0x3f, 0xf0, 0x5d, 0xfb, 0x43, 0xff, 0x5f, 0xff,
    0xf6, 0x3f, 0xfe, 0xfa, 0x9e, 0x13, 0xff, 0xf3,
    0x0, 0x0, 0x3f, 0xfb, 0x0, 0x0, 0x3, 0xff,
    0x60, 0x0, 0x0, 0x3f, 0xf5, 0x0, 0x0, 0x3,
    0xff, 0x40, 0x0, 0x0, 0x3f, 0xf4, 0x0, 0x0,
    0x3, 0xff, 0x40, 0x0, 0x0, 0x3f, 0xf4, 0x0,
    0x0, 0x3, 0xff, 0x40, 0x0, 0x0, 0x3f, 0xf4,
    0x0, 0x0, 0x3, 0xff, 0x40, 0x0, 0x0, 0x3f,
    0xf4, 0x0, 0x0, 0x0, 0x0, 0x0, 0x0, 0x0,
    0x0, 0x0, 0x0, 0x0, 0x0, 0x0, 0x0, 0x0,
    0x0, 0x0, 0x7d, 0xd0, 0x0, 0x0, 0x8, 0xff,
    0x0, 0x0, 0x0, 0x8f, 0xf0, 0x0, 0x0,

    /* U+1E5C "Ṝ" */
    0x0, 0x0, 0x11, 0x11, 0x11, 0x10, 0x0, 0x0,
    0x0, 0x0, 0xa, 0xff, 0xff, 0xff, 0xfe, 0x0,
    0x0, 0x0, 0x0, 0xa, 0xff, 0xff, 0xff, 0xfe,
    0x0, 0x0, 0x0, 0x0, 0x0, 0x0, 0x0, 0x0,
    0x0, 0x0, 0x0, 0x0, 0x0, 0x0, 0x0, 0x0,
    0x0, 0x0, 0x0, 0x0, 0x0, 0xcf, 0xff, 0xff,
    0xff, 0xff, 0xfd, 0xa4, 0x0, 0x0, 0xcf, 0xff,
    0xff, 0xff, 0xff, 0xff, 0xff, 0x90, 0x0, 0xcf,
    0xe3, 0x33, 0x33, 0x34, 0x59, 0xff, 0xf6, 0x0,
    0xcf, 0xe0, 0x0, 0x0, 0x0, 0x0, 0x4f, 0xfe,
    0x0, 0xcf, 0xe0, 0x0, 0x0, 0x0, 0x0, 0xa,
    0xff, 0x20, 0xcf, 0xe0, 0x0, 0x0, 0x0, 0x0,
    0x8, 0xff, 0x30, 0xcf, 0xe0, 0x0, 0x0, 0x0,
    0x0, 0xb, 0xff, 0x10, 0xcf, 0xe0, 0x0, 0x0,
    0x0, 0x0, 0x6f, 0xfc, 0x0, 0xcf, 0xe6, 0x66,
    0x66, 0x67, 0x8c, 0xff, 0xf3, 0x0, 0xcf, 0xff,
    0xff, 0xff, 0xff, 0xff, 0xfd, 0x30, 0x0, 0xcf,
    0xff, 0xff, 0xff, 0xff, 0xe8, 0x40, 0x0, 0x0,
    0xcf, 0xe0, 0x0, 0x2, 0x9f, 0xfb, 0x10, 0x0,
    0x0, 0xcf, 0xe0, 0x0, 0x0, 0x6, 0xff, 0xd1,
    0x0, 0x0, 0xcf, 0xe0, 0x0, 0x0, 0x0, 0x9f,
    0xfb, 0x0, 0x0, 0xcf, 0xe0, 0x0, 0x0, 0x0,
    0xd, 0xff, 0x60, 0x0, 0xcf, 0xe0, 0x0, 0x0,
    0x0, 0x4, 0xff, 0xf1, 0x0, 0xcf, 0xe0, 0x0,
    0x0, 0x0, 0x0, 0x9f, 0xfb, 0x0, 0xcf, 0xe0,
    0x0, 0x0, 0x0, 0x0, 0x1e, 0xff, 0x50, 0xcf,
    0xe0, 0x0, 0x0, 0x0, 0x0, 0x5, 0xff, 0xe0,
    0xcf, 0xe0, 0x0, 0x0, 0x0, 0x0, 0x0, 0xbf,
    0xf9, 0x0, 0x0, 0x0, 0x0, 0x0, 0x0, 0x0,
    0x0, 0x0, 0x0, 0x0, 0x0, 0x0, 0x0, 0x0,
    0x0, 0x0, 0x0, 0x0, 0x0, 0x0, 0x0, 0x0,
    0x0, 0x0, 0x0, 0x0, 0x0, 0x0, 0x0, 0x4d,
    0xd2, 0x0, 0x0, 0x0, 0x0, 0x0, 0x0, 0x0,
    0x5f, 0xf2, 0x0, 0x0, 0x0, 0x0, 0x0, 0x0,
    0x0, 0x5f, 0xf2, 0x0, 0x0, 0x0, 0x0,

    /* U+1E5D "ṝ" */
    0x9f, 0xff, 0xff, 0xff, 0xe0, 0x9f, 0xff, 0xff,
    0xff, 0xe0, 0x1, 0x11, 0x11, 0x11, 0x0, 0x0,
    0x0, 0x0, 0x0, 0x0, 0x0, 0x0, 0x0, 0x0,
    0x0, 0x3, 0xff, 0x5, 0xdf, 0xb4, 0x3, 0xff,
    0x5f, 0xff, 0xf6, 0x3, 0xff, 0xef, 0xa9, 0xe1,
    0x3, 0xff, 0xf3, 0x0, 0x0, 0x3, 0xff, 0xb0,
    0x0, 0x0, 0x3, 0xff, 0x60, 0x0, 0x0, 0x3,
    0xff, 0x50, 0x0, 0x0, 0x3, 0xff, 0x40, 0x0,
    0x0, 0x3, 0xff, 0x40, 0x0, 0x0, 0x3, 0xff,
    0x40, 0x0, 0x0, 0x3, 0xff, 0x40, 0x0, 0x0,
    0x3, 0xff, 0x40, 0x0, 0x0, 0x3, 0xff, 0x40,
    0x0, 0x0, 0x3, 0xff, 0x40, 0x0, 0x0, 0x3,
    0xff, 0x40, 0x0, 0x0, 0x0, 0x0, 0x0, 0x0,
    0x0, 0x0, 0x0, 0x0, 0x0, 0x0, 0x0, 0x0,
    0x0, 0x0, 0x0, 0x0, 0x7, 0xdd, 0x0, 0x0,
    0x0, 0x8, 0xff, 0x0, 0x0, 0x0, 0x8, 0xff,
    0x0, 0x0,

    /* U+1E5E "Ṟ" */
    0xcf, 0xff, 0xff, 0xff, 0xff, 0xfd, 0xa4, 0x0,
    0x0, 0xcf, 0xff, 0xff, 0xff, 0xff, 0xff, 0xff,
    0x90, 0x0, 0xcf, 0xe3, 0x33, 0x33, 0x34, 0x59,
    0xff, 0xf6, 0x0, 0xcf, 0xe0, 0x0, 0x0, 0x0,
    0x0, 0x4f, 0xfe, 0x0, 0xcf, 0xe0, 0x0, 0x0,
    0x0, 0x0, 0xa, 0xff, 0x20, 0xcf, 0xe0, 0x0,
    0x0, 0x0, 0x0, 0x8, 0xff, 0x30, 0xcf, 0xe0,
    0x0, 0x0, 0x0, 0x0, 0xb, 0xff, 0x10, 0xcf,
    0xe0, 0x0, 0x0, 0x0, 0x0, 0x6f, 0xfc, 0x0,
    0xcf, 0xe6, 0x66, 0x66, 0x67, 0x8c, 0xff, 0xf3,
    0x0, 0xcf, 0xff, 0xff, 0xff, 0xff, 0xff, 0xfd,
    0x30, 0x0, 0xcf, 0xff, 0xff, 0xff, 0xff, 0xe8,
    0x40, 0x0, 0x0, 0xcf, 0xe0, 0x0, 0x2, 0x9f,
    0xfb, 0x10, 0x0, 0x0, 0xcf, 0xe0, 0x0, 0x0,
    0x6, 0xff, 0xd1, 0x0, 0x0, 0xcf, 0xe0, 0x0,
    0x0, 0x0, 0x9f, 0xfb, 0x0, 0x0, 0xcf, 0xe0,
    0x0, 0x0, 0x0, 0xd, 0xff, 0x60, 0x0, 0xcf,
    0xe0, 0x0, 0x0, 0x0, 0x4, 0xff, 0xf1, 0x0,
    0xcf, 0xe0, 0x0, 0x0, 0x0, 0x0, 0x9f, 0xfb,
    0x0, 0xcf, 0xe0, 0x0, 0x0, 0x0, 0x0, 0x1e,
    0xff, 0x50, 0xcf, 0xe0, 0x0, 0x0, 0x0, 0x0,
    0x5, 0xff, 0xe0, 0xcf, 0xe0, 0x0, 0x0, 0x0,
    0x0, 0x0, 0xbf, 0xf9, 0x0, 0x0, 0x0, 0x0,
    0x0, 0x0, 0x0, 0x0, 0x0, 0x0, 0x0, 0x0,
    0x0, 0x0, 0x0, 0x0, 0x0, 0x0, 0x0, 0x0,
    0x0, 0x0, 0x0, 0x0, 0x0, 0x0, 0x0, 0x0,
    0x0, 0xdf, 0xff, 0xff, 0xff, 0xa0, 0x0, 0x0,
    0x0, 0x0, 0xdf, 0xff, 0xff, 0xff, 0xa0, 0x0,
    0x0, 0x0, 0x0, 0x11, 0x11, 0x11, 0x11, 0x0,
    0x0, 0x0,

    /* U+1E5F "ṟ" */
    0x3, 0xff, 0x5, 0xdf, 0xb4, 0x3, 0xff, 0x5f,
    0xff, 0xf6, 0x3, 0xff, 0xef, 0xa9, 0xe1, 0x3,
    0xff, 0xf3, 0x0, 0x0, 0x3, 0xff, 0xb0, 0x0,
    0x0, 0x3, 0xff, 0x60, 0x0, 0x0, 0x3, 0xff,
    0x50, 0x0, 0x0, 0x3, 0xff, 0x40, 0x0, 0x0,
    0x3, 0xff, 0x40, 0x0, 0x0, 0x3, 0xff, 0x40,
    0x0, 0x0, 0x3, 0xff, 0x40, 0x0, 0x0, 0x3,
    0xff, 0x40, 0x0, 0x0, 0x3, 0xff, 0x40, 0x0,
    0x0, 0x3, 0xff, 0x40, 0x0, 0x0, 0x3, 0xff,
    0x40, 0x0, 0x0, 0x0, 0x0, 0x0, 0x0, 0x0,
    0x0, 0x0, 0x0, 0x0, 0x0, 0x0, 0x0, 0x0,
    0x0, 0x0, 0xcf, 0xff, 0xff, 0xff, 0xc0, 0xcf,
    0xff, 0xff, 0xff, 0xc0, 0x1, 0x11, 0x11, 0x11,
    0x0,

    /* U+1E60 "Ṡ" */
    0x0, 0x0, 0x0, 0x5f, 0xf2, 0x0, 0x0, 0x0,
    0x0, 0x0, 0x0, 0x5, 0xff, 0x20, 0x0, 0x0,
    0x0, 0x0, 0x0, 0x0, 0x4d, 0xd2, 0x0, 0x0,
    0x0, 0x0, 0x0, 0x0, 0x0, 0x0, 0x0, 0x0,
    0x0, 0x0, 0x0, 0x0, 0x0, 0x0, 0x0, 0x0,
    0x0, 0x0, 0x0, 0x0, 0x5, 0xae, 0xff, 0xeb,
    0x71, 0x0, 0x0, 0x0, 0x2d, 0xff, 0xff, 0xff,
    0xff, 0xf6, 0x0, 0x0, 0x1e, 0xff, 0xe9, 0x76,
    0x8c, 0xff, 0xf6, 0x0, 0x9, 0xff, 0x60, 0x0,
    0x0, 0x3, 0xef, 0xf1, 0x0, 0xdf, 0xb0, 0x0,
    0x0, 0x0, 0x6, 0xff, 0x50, 0xe, 0xf9, 0x0,
    0x0, 0x0, 0x0, 0xf, 0xf7, 0x0, 0xcf, 0xe1,
    0x0, 0x0, 0x0, 0x0, 0x0, 0x0, 0x6, 0xff,
    0xe6, 0x10, 0x0, 0x0, 0x0, 0x0, 0x0, 0x9,
    0xff, 0xff, 0xd9, 0x62, 0x0, 0x0, 0x0, 0x0,
    0x4, 0xbf, 0xff, 0xff, 0xfd, 0x81, 0x0, 0x0,
    0x0, 0x0, 0x16, 0xad, 0xff, 0xff, 0xf5, 0x0,
    0x0, 0x0, 0x0, 0x0, 0x1, 0x6b, 0xff, 0xf6,
    0x0, 0x0, 0x0, 0x0, 0x0, 0x0, 0x3, 0xef,
    0xe0, 0x6b, 0xa0, 0x0, 0x0, 0x0, 0x0, 0x7,
    0xff, 0x29, 0xff, 0x10, 0x0, 0x0, 0x0, 0x0,
    0x5f, 0xf3, 0x5f, 0xf9, 0x0, 0x0, 0x0, 0x0,
    0x9, 0xff, 0x10, 0xdf, 0xf9, 0x10, 0x0, 0x0,
    0x7, 0xff, 0xb0, 0x3, 0xff, 0xff, 0xb8, 0x78,
    0xae, 0xff, 0xe1, 0x0, 0x3, 0xdf, 0xff, 0xff,
    0xff, 0xff, 0xc2, 0x0, 0x0, 0x0, 0x49, 0xde,
    0xff, 0xda, 0x50, 0x0, 0x0,

    /* U+1E61 "ṡ" */
    0x0, 0x0, 0x3, 0xff, 0x50, 0x0, 0x0, 0x0,
    0x0, 0x3f, 0xf5, 0x0, 0x0, 0x0, 0x0, 0x2,
    0xdd, 0x40, 0x0, 0x0, 0x0, 0x0, 0x0, 0x0,
    0x0, 0x0, 0x0, 0x0, 0x0, 0x0, 0x0, 0x0,
    0x0, 0x0, 0x5b, 0xef, 0xfd, 0x81, 0x0, 0x0,
    0xaf, 0xff, 0xff, 0xff, 0xe3, 0x0, 0x5f, 0xf9,
    0x21, 0x16, 0xff, 0xd0, 0xa, 0xfb, 0x0, 0x0,
    0x5, 0xff, 0x30, 0xaf, 0xd0, 0x0, 0x0, 0x4,
    0x20, 0x6, 0xff, 0xd7, 0x20, 0x0, 0x0, 0x0,
    0xb, 0xff, 0xff, 0xea, 0x50, 0x0, 0x0, 0x6,
    0xdf, 0xff, 0xff, 0xe6, 0x0, 0x0, 0x0, 0x16,
    0xae, 0xff, 0xf5, 0x0, 0x0, 0x0, 0x0, 0x5,
    0xff, 0xc0, 0xbe, 0x70, 0x0, 0x0, 0xa, 0xfe,
    0xd, 0xfd, 0x0, 0x0, 0x0, 0xdf, 0xb0, 0x6f,
    0xfc, 0x41, 0x14, 0xbf, 0xf5, 0x0, 0x9f, 0xff,
    0xff, 0xff, 0xf7, 0x0, 0x0, 0x4a, 0xef, 0xfd,
    0xa3, 0x0,

    /* U+1E62 "Ṣ" */
    0x0, 0x0, 0x5a, 0xef, 0xfe, 0xb7, 0x10, 0x0,
    0x0, 0x2, 0xdf, 0xff, 0xff, 0xff, 0xff, 0x60,
    0x0, 0x1, 0xef, 0xfe, 0x97, 0x68, 0xcf, 0xff,
    0x60, 0x0, 0x9f, 0xf6, 0x0, 0x0, 0x0, 0x3e,
    0xff, 0x10, 0xd, 0xfb, 0x0, 0x0, 0x0, 0x0,
    0x6f, 0xf5, 0x0, 0xef, 0x90, 0x0, 0x0, 0x0,
    0x0, 0xff, 0x70, 0xc, 0xfe, 0x10, 0x0, 0x0,
    0x0, 0x0, 0x0, 0x0, 0x6f, 0xfe, 0x61, 0x0,
    0x0, 0x0, 0x0, 0x0, 0x0, 0x9f, 0xff, 0xfd,
    0x96, 0x20, 0x0, 0x0, 0x0, 0x0, 0x4b, 0xff,
    0xff, 0xff, 0xd8, 0x10, 0x0, 0x0, 0x0, 0x1,
    0x6a, 0xdf, 0xff, 0xff, 0x50, 0x0, 0x0, 0x0,
    0x0, 0x0, 0x16, 0xbf, 0xff, 0x60, 0x0, 0x0,
    0x0, 0x0, 0x0, 0x0, 0x3e, 0xfe, 0x6, 0xba,
    0x0, 0x0, 0x0, 0x0, 0x0, 0x7f, 0xf2, 0x9f,
    0xf1, 0x0, 0x0, 0x0, 0x0, 0x5, 0xff, 0x35,
    0xff, 0x90, 0x0, 0x0, 0x0, 0x0, 0x9f, 0xf1,
    0xd, 0xff, 0x91, 0x0, 0x0, 0x0, 0x7f, 0xfb,
    0x0, 0x3f, 0xff, 0xfb, 0x87, 0x8a, 0xef, 0xfe,
    0x10, 0x0, 0x3d, 0xff, 0xff, 0xff, 0xff, 0xfc,
    0x20, 0x0, 0x0, 0x4, 0x9d, 0xef, 0xfd, 0xa5,
    0x0, 0x0, 0x0, 0x0, 0x0, 0x0, 0x0, 0x0,
    0x0, 0x0, 0x0, 0x0, 0x0, 0x0, 0x0, 0x0,
    0x0, 0x0, 0x0, 0x0, 0x0, 0x0, 0x0, 0x0,
    0x0, 0x0, 0x0, 0x0, 0x0, 0x0, 0x0, 0xcd,
    0x80, 0x0, 0x0, 0x0, 0x0, 0x0, 0x0, 0xe,
    0xf9, 0x0, 0x0, 0x0, 0x0, 0x0, 0x0, 0x0,
    0xef, 0x90, 0x0, 0x0, 0x0,

    /* U+1E63 "ṣ" */
    0x0, 0x5, 0xbe, 0xff, 0xd8, 0x10, 0x0, 0xa,
    0xff, 0xff, 0xff, 0xfe, 0x30, 0x5, 0xff, 0x92,
    0x11, 0x6f, 0xfd, 0x0, 0xaf, 0xb0, 0x0, 0x0,
    0x5f, 0xf3, 0xa, 0xfd, 0x0, 0x0, 0x0, 0x42,
    0x0, 0x6f, 0xfd, 0x72, 0x0, 0x0, 0x0, 0x0,
    0xbf, 0xff, 0xfe, 0xa5, 0x0, 0x0, 0x0, 0x6d,
    0xff, 0xff, 0xfe, 0x60, 0x0, 0x0, 0x1, 0x6a,
    0xef, 0xff, 0x50, 0x0, 0x0, 0x0, 0x0, 0x5f,
    0xfc, 0xb, 0xe7, 0x0, 0x0, 0x0, 0xaf, 0xe0,
    0xdf, 0xd0, 0x0, 0x0, 0xd, 0xfb, 0x6, 0xff,
    0xc4, 0x11, 0x4b, 0xff, 0x50, 0x9, 0xff, 0xff,
    0xff, 0xff, 0x70, 0x0, 0x4, 0xae, 0xff, 0xda,
    0x30, 0x0, 0x0, 0x0, 0x0, 0x0, 0x0, 0x0,
    0x0, 0x0, 0x0, 0x0, 0x0, 0x0, 0x0, 0x0,
    0x0, 0x0, 0x0, 0x0, 0x0, 0x0, 0x0, 0x4,
    0xdd, 0x20, 0x0, 0x0, 0x0, 0x0, 0x5f, 0xf3,
    0x0, 0x0, 0x0, 0x0, 0x5, 0xff, 0x30, 0x0,
    0x0,

    /* U+1E64 "Ṥ" */
    0x0, 0x0, 0x2f, 0xf6, 0x0, 0x0, 0x0, 0x0,
    0x0, 0x0, 0x2, 0xff, 0x60, 0x3e, 0xeb, 0x0,
    0x0, 0x0, 0x0, 0x1d, 0xd4, 0xb, 0xff, 0x20,
    0x0, 0x0, 0x0, 0x0, 0x0, 0x2, 0xff, 0x40,
    0x0, 0x0, 0x0, 0x0, 0x0, 0x0, 0xaf, 0x80,
    0x0, 0x0, 0x0, 0x0, 0x0, 0x0, 0x0, 0x0,
    0x0, 0x0, 0x0, 0x0, 0x0, 0x0, 0x0, 0x0,
    0x0, 0x0, 0x0, 0x0, 0x0, 0x5, 0xae, 0xff,
    0xeb, 0x71, 0x0, 0x0, 0x0, 0x2d, 0xff, 0xff,
    0xff, 0xff, 0xf6, 0x0, 0x0, 0x1e, 0xff, 0xe9,
    0x76, 0x8c, 0xff, 0xf6, 0x0, 0x9, 0xff, 0x60,
    0x0, 0x0, 0x3, 0xef, 0xf1, 0x0, 0xdf, 0xb0,
    0x0, 0x0, 0x0, 0x6, 0xff, 0x50, 0xe, 0xf9,
    0x0, 0x0, 0x0, 0x0, 0xf, 0xf7, 0x0, 0xcf,
    0xe1, 0x0, 0x0, 0x0, 0x0, 0x0, 0x0, 0x6,
    0xff, 0xe6, 0x10, 0x0, 0x0, 0x0, 0x0, 0x0,
    0x9, 0xff, 0xff, 0xd9, 0x62, 0x0, 0x0, 0x0,
    0x0, 0x4, 0xbf, 0xff, 0xff, 0xfd, 0x81, 0x0,
    0x0, 0x0, 0x0, 0x16, 0xad, 0xff, 0xff, 0xf5,
    0x0, 0x0, 0x0, 0x0, 0x0, 0x1, 0x6b, 0xff,
    0xf6, 0x0, 0x0, 0x0, 0x0, 0x0, 0x0, 0x3,
    0xef, 0xe0, 0x6b, 0xa0, 0x0, 0x0, 0x0, 0x0,
    0x7, 0xff, 0x29, 0xff, 0x10, 0x0, 0x0, 0x0,
    0x0, 0x5f, 0xf3, 0x5f, 0xf9, 0x0, 0x0, 0x0,
    0x0, 0x9, 0xff, 0x10, 0xdf, 0xf9, 0x10, 0x0,
    0x0, 0x7, 0xff, 0xb0, 0x3, 0xff, 0xff, 0xb8,
    0x78, 0xae, 0xff, 0xe1, 0x0, 0x3, 0xdf, 0xff,
    0xff, 0xff, 0xff, 0xc2, 0x0, 0x0, 0x0, 0x49,
    0xde, 0xff, 0xda, 0x50, 0x0, 0x0,

    /* U+1E65 "ṥ" */
    0x0, 0xe, 0xfa, 0x0, 0x0, 0x0, 0x0, 0x0,
    0xef, 0xa0, 0x0, 0x0, 0x0, 0x0, 0xb, 0xd8,
    0x2, 0xff, 0xd1, 0x0, 0x0, 0x0, 0x0, 0x9f,
    0xf3, 0x0, 0x0, 0x0, 0x0, 0x1f, 0xf6, 0x0,
    0x0, 0x0, 0x0, 0x7, 0xe9, 0x0, 0x0, 0x0,
    0x0, 0x0, 0x0, 0x0, 0x0, 0x0, 0x0, 0x5b,
    0xef, 0xfd, 0x81, 0x0, 0x0, 0xaf, 0xff, 0xff,
    0xff, 0xe3, 0x0, 0x5f, 0xf9, 0x21, 0x16, 0xff,
    0xd0, 0xa, 0xfb, 0x0, 0x0, 0x5, 0xff, 0x30,
    0xaf, 0xd0, 0x0, 0x0, 0x4, 0x20, 0x6, 0xff,
    0xd7, 0x20, 0x0, 0x0, 0x0, 0xb, 0xff, 0xff,
    0xea, 0x50, 0x0, 0x0, 0x6, 0xdf, 0xff, 0xff,
    0xe6, 0x0, 0x0, 0x0, 0x16, 0xae, 0xff, 0xf5,
    0x0, 0x0, 0x0, 0x0, 0x5, 0xff, 0xc0, 0xbe,
    0x70, 0x0, 0x0, 0xa, 0xfe, 0xd, 0xfd, 0x0,
    0x0, 0x0, 0xdf, 0xb0, 0x6f, 0xfc, 0x41, 0x14,
    0xbf, 0xf5, 0x0, 0x9f, 0xff, 0xff, 0xff, 0xf7,
    0x0, 0x0, 0x4a, 0xef, 0xfd, 0xa3, 0x0,

    /* U+1E66 "Ṧ" */
    0x0, 0x0, 0x0, 0xf, 0xf8, 0x0, 0x0, 0x0,
    0x0, 0x0, 0x0, 0x0, 0xff, 0x80, 0x0, 0x0,
    0x0, 0x0, 0x0, 0x0, 0xd, 0xd6, 0x0, 0x0,
    0x0, 0x0, 0x0, 0x0, 0x0, 0x0, 0x0, 0x0,
    0x0, 0x0, 0x0, 0x0, 0x79, 0x80, 0x2, 0x99,
    0x30, 0x0, 0x0, 0x0, 0x4, 0xff, 0x50, 0xcf,
    0xe0, 0x0, 0x0, 0x0, 0x0, 0x9, 0xfe, 0x6f,
    0xf4, 0x0, 0x0, 0x0, 0x0, 0x0, 0xd, 0xff,
    0xf9, 0x0, 0x0, 0x0, 0x0, 0x0, 0x0, 0x3e,
    0xfd, 0x10, 0x0, 0x0, 0x0, 0x0, 0x0, 0x0,
    0x0, 0x0, 0x0, 0x0, 0x0, 0x0, 0x0, 0x5a,
    0xef, 0xfe, 0xb7, 0x10, 0x0, 0x0, 0x2, 0xdf,
    0xff, 0xff, 0xff, 0xff, 0x60, 0x0, 0x1, 0xef,
    0xfe, 0x97, 0x68, 0xcf, 0xff, 0x60, 0x0, 0x9f,
    0xf6, 0x0, 0x0, 0x0, 0x3e, 0xff, 0x10, 0xd,
    0xfb, 0x0, 0x0, 0x0, 0x0, 0x6f, 0xf5, 0x0,
    0xef, 0x90, 0x0, 0x0, 0x0, 0x0, 0xff, 0x70,
    0xc, 0xfe, 0x10, 0x0, 0x0, 0x0, 0x0, 0x0,
    0x0, 0x6f, 0xfe, 0x61, 0x0, 0x0, 0x0, 0x0,
    0x0, 0x0, 0x9f, 0xff, 0xfd, 0x96, 0x20, 0x0,
    0x0, 0x0, 0x0, 0x4b, 0xff, 0xff, 0xff, 0xd8,
    0x10, 0x0, 0x0, 0x0, 0x1, 0x6a, 0xdf, 0xff,
    0xff, 0x50, 0x0, 0x0, 0x0, 0x0, 0x0, 0x16,
    0xbf, 0xff, 0x60, 0x0, 0x0, 0x0, 0x0, 0x0,
    0x0, 0x3e, 0xfe, 0x6, 0xba, 0x0, 0x0, 0x0,
    0x0, 0x0, 0x7f, 0xf2, 0x9f, 0xf1, 0x0, 0x0,
    0x0, 0x0, 0x5, 0xff, 0x35, 0xff, 0x90, 0x0,
    0x0, 0x0, 0x0, 0x9f, 0xf1, 0xd, 0xff, 0x91,
    0x0, 0x0, 0x0, 0x7f, 0xfb, 0x0, 0x3f, 0xff,
    0xfb, 0x87, 0x8a, 0xef, 0xfe, 0x10, 0x0, 0x3d,
    0xff, 0xff, 0xff, 0xff, 0xfc, 0x20, 0x0, 0x0,
    0x4, 0x9d, 0xef, 0xfd, 0xa5, 0x0, 0x0,

    /* U+1E67 "ṧ" */
    0x0, 0x0, 0x3, 0xff, 0x50, 0x0, 0x0, 0x0,
    0x0, 0x3f, 0xf5, 0x0, 0x0, 0x0, 0x0, 0x2,
    0xdd, 0x40, 0x0, 0x0, 0x0, 0x0, 0x0, 0x0,
    0x0, 0x0, 0x0, 0x0, 0x0, 0x0, 0x0, 0x0,
    0x0, 0x0, 0xdf, 0xc0, 0xc, 0xfd, 0x10, 0x0,
    0x1, 0xef, 0x89, 0xfe, 0x20, 0x0, 0x0, 0x2,
    0xef, 0xff, 0x30, 0x0, 0x0, 0x0, 0x3, 0x77,
    0x40, 0x0, 0x0, 0x0, 0x0, 0x0, 0x0, 0x0,
    0x0, 0x0, 0x5, 0xbe, 0xff, 0xd8, 0x10, 0x0,
    0xa, 0xff, 0xff, 0xff, 0xfe, 0x30, 0x5, 0xff,
    0x92, 0x11, 0x6f, 0xfd, 0x0, 0xaf, 0xb0, 0x0,
    0x0, 0x5f, 0xf3, 0xa, 0xfd, 0x0, 0x0, 0x0,
    0x42, 0x0, 0x6f, 0xfd, 0x72, 0x0, 0x0, 0x0,
    0x0, 0xbf, 0xff, 0xfe, 0xa5, 0x0, 0x0, 0x0,
    0x6d, 0xff, 0xff, 0xfe, 0x60, 0x0, 0x0, 0x1,
    0x6a, 0xef, 0xff, 0x50, 0x0, 0x0, 0x0, 0x0,
    0x5f, 0xfc, 0xb, 0xe7, 0x0, 0x0, 0x0, 0xaf,
    0xe0, 0xdf, 0xd0, 0x0, 0x0, 0xd, 0xfb, 0x6,
    0xff, 0xc4, 0x11, 0x4b, 0xff, 0x50, 0x9, 0xff,
    0xff, 0xff, 0xff, 0x70, 0x0, 0x4, 0xae, 0xff,
    0xda, 0x30, 0x0,

    /* U+1E68 "Ṩ" */
    0x0, 0x0, 0x0, 0xc, 0xd8, 0x0, 0x0, 0x0,
    0x0, 0x0, 0x0, 0x0, 0xef, 0x90, 0x0, 0x0,
    0x0, 0x0, 0x0, 0x0, 0xe, 0xf9, 0x0, 0x0,
    0x0, 0x0, 0x0, 0x0, 0x0, 0x0, 0x0, 0x0,
    0x0, 0x0, 0x0, 0x0, 0x0, 0x0, 0x0, 0x0,
    0x0, 0x0, 0x0, 0x0, 0x5, 0xae, 0xff, 0xeb,
    0x71, 0x0, 0x0, 0x0, 0x2d, 0xff, 0xff, 0xff,
    0xff, 0xf6, 0x0, 0x0, 0x1e, 0xff, 0xe9, 0x76,
    0x8c, 0xff, 0xf6, 0x0, 0x9, 0xff, 0x60, 0x0,
    0x0, 0x3, 0xef, 0xf1, 0x0, 0xdf, 0xb0, 0x0,
    0x0, 0x0, 0x6, 0xff, 0x50, 0xe, 0xf9, 0x0,
    0x0, 0x0, 0x0, 0xf, 0xf7, 0x0, 0xcf, 0xe1,
    0x0, 0x0, 0x0, 0x0, 0x0, 0x0, 0x6, 0xff,
    0xe6, 0x10, 0x0, 0x0, 0x0, 0x0, 0x0, 0x9,
    0xff, 0xff, 0xd9, 0x62, 0x0, 0x0, 0x0, 0x0,
    0x4, 0xbf, 0xff, 0xff, 0xfd, 0x81, 0x0, 0x0,
    0x0, 0x0, 0x16, 0xad, 0xff, 0xff, 0xf5, 0x0,
    0x0, 0x0, 0x0, 0x0, 0x1, 0x6b, 0xff, 0xf6,
    0x0, 0x0, 0x0, 0x0, 0x0, 0x0, 0x3, 0xef,
    0xe0, 0x6b, 0xa0, 0x0, 0x0, 0x0, 0x0, 0x7,
    0xff, 0x29, 0xff, 0x10, 0x0, 0x0, 0x0, 0x0,
    0x5f, 0xf3, 0x5f, 0xf9, 0x0, 0x0, 0x0, 0x0,
    0x9, 0xff, 0x10, 0xdf, 0xf9, 0x10, 0x0, 0x0,
    0x7, 0xff, 0xb0, 0x3, 0xff, 0xff, 0xb8, 0x78,
    0xae, 0xff, 0xe1, 0x0, 0x3, 0xdf, 0xff, 0xff,
    0xff, 0xff, 0xc2, 0x0, 0x0, 0x0, 0x49, 0xde,
    0xff, 0xda, 0x50, 0x0, 0x0, 0x0, 0x0, 0x0,
    0x0, 0x0, 0x0, 0x0, 0x0, 0x0, 0x0, 0x0,
    0x0, 0x0, 0x0, 0x0, 0x0, 0x0, 0x0, 0x0,
    0x0, 0x0, 0x0, 0x0, 0x0, 0x0, 0x0, 0x0,
    0x0, 0xc, 0xd8, 0x0, 0x0, 0x0, 0x0, 0x0,
    0x0, 0x0, 0xef, 0x90, 0x0, 0x0, 0x0, 0x0,
    0x0, 0x0, 0xe, 0xf9, 0x0, 0x0, 0x0, 0x0,

    /* U+1E69 "ṩ" */
    0x0, 0x0, 0x3, 0xff, 0x50, 0x0, 0x0, 0x0,
    0x0, 0x3f, 0xf5, 0x0, 0x0, 0x0, 0x0, 0x2,
    0xdd, 0x40, 0x0, 0x0, 0x0, 0x0, 0x0, 0x0,
    0x0, 0x0, 0x0, 0x0, 0x0, 0x0, 0x0, 0x0,
    0x0, 0x0, 0x5b, 0xef, 0xfd, 0x81, 0x0, 0x0,
    0xaf, 0xff, 0xff, 0xff, 0xe3, 0x0, 0x5f, 0xf9,
    0x21, 0x16, 0xff, 0xd0, 0xa, 0xfb, 0x0, 0x0,
    0x5, 0xff, 0x30, 0xaf, 0xd0, 0x0, 0x0, 0x4,
    0x20, 0x6, 0xff, 0xd7, 0x20, 0x0, 0x0, 0x0,
    0xb, 0xff, 0xff, 0xea, 0x50, 0x0, 0x0, 0x6,
    0xdf, 0xff, 0xff, 0xe6, 0x0, 0x0, 0x0, 0x16,
    0xae, 0xff, 0xf5, 0x0, 0x0, 0x0, 0x0, 0x5,
    0xff, 0xc0, 0xbe, 0x70, 0x0, 0x0, 0xa, 0xfe,
    0xd, 0xfd, 0x0, 0x0, 0x0, 0xdf, 0xb0, 0x6f,
    0xfc, 0x41, 0x14, 0xbf, 0xf5, 0x0, 0x9f, 0xff,
    0xff, 0xff, 0xf7, 0x0, 0x0, 0x4a, 0xef, 0xfd,
    0xa3, 0x0, 0x0, 0x0, 0x0, 0x0, 0x0, 0x0,
    0x0, 0x0, 0x0, 0x0, 0x0, 0x0, 0x0, 0x0,
    0x0, 0x0, 0x0, 0x0, 0x0, 0x0, 0x0, 0x0,
    0x2d, 0xd4, 0x0, 0x0, 0x0, 0x0, 0x3, 0xff,
    0x50, 0x0, 0x0, 0x0, 0x0, 0x3f, 0xf5, 0x0,
    0x0,

    /* U+1E6A "Ṫ" */
    0x0, 0x0, 0x0, 0x9, 0xfe, 0x0, 0x0, 0x0,
    0x0, 0x0, 0x0, 0x0, 0x9f, 0xe0, 0x0, 0x0,
    0x0, 0x0, 0x0, 0x0, 0x8, 0xdc, 0x0, 0x0,
    0x0, 0x0, 0x0, 0x0, 0x0, 0x0, 0x0, 0x0,
    0x0, 0x0, 0x0, 0x0, 0x0, 0x0, 0x0, 0x0,
    0x0, 0x0, 0x6, 0xff, 0xff, 0xff, 0xff, 0xff,
    0xff, 0xff, 0xf7, 0x6f, 0xff, 0xff, 0xff, 0xff,
    0xff, 0xff, 0xff, 0x72, 0x66, 0x66, 0x66, 0xef,
    0xe6, 0x66, 0x66, 0x63, 0x0, 0x0, 0x0, 0xd,
    0xfd, 0x0, 0x0, 0x0, 0x0, 0x0, 0x0, 0x0,
    0xdf, 0xd0, 0x0, 0x0, 0x0, 0x0, 0x0, 0x0,
    0xd, 0xfd, 0x0, 0x0, 0x0, 0x0, 0x0, 0x0,
    0x0, 0xdf, 0xd0, 0x0, 0x0, 0x0, 0x0, 0x0,
    0x0, 0xd, 0xfd, 0x0, 0x0, 0x0, 0x0, 0x0,
    0x0, 0x0, 0xdf, 0xd0, 0x0, 0x0, 0x0, 0x0,
    0x0, 0x0, 0xd, 0xfd, 0x0, 0x0, 0x0, 0x0,
    0x0, 0x0, 0x0, 0xdf, 0xd0, 0x0, 0x0, 0x0,
    0x0, 0x0, 0x0, 0xd, 0xfd, 0x0, 0x0, 0x0,
    0x0, 0x0, 0x0, 0x0, 0xdf, 0xd0, 0x0, 0x0,
    0x0, 0x0, 0x0, 0x0, 0xd, 0xfd, 0x0, 0x0,
    0x0, 0x0, 0x0, 0x0, 0x0, 0xdf, 0xd0, 0x0,
    0x0, 0x0, 0x0, 0x0, 0x0, 0xd, 0xfd, 0x0,
    0x0, 0x0, 0x0, 0x0, 0x0, 0x0, 0xdf, 0xd0,
    0x0, 0x0, 0x0, 0x0, 0x0, 0x0, 0xd, 0xfd,
    0x0, 0x0, 0x0, 0x0, 0x0, 0x0, 0x0, 0xdf,
    0xd0, 0x0, 0x0, 0x0, 0x0, 0x0, 0x0, 0xd,
    0xfd, 0x0, 0x0, 0x0, 0x0,

    /* U+1E6B "ṫ" */
    0x0, 0xbf, 0xd0, 0x0, 0x0, 0xbf, 0xd0, 0x0,
    0x0, 0x9d, 0xa0, 0x0, 0x0, 0x0, 0x0, 0x0,
    0x0, 0x0, 0x0, 0x0, 0x0, 0x3, 0x80, 0x0,
    0x0, 0x8f, 0xb0, 0x0, 0x0, 0xbf, 0xb0, 0x0,
    0x0, 0xbf, 0xb0, 0x0, 0x0, 0xbf, 0xb0, 0x0,
    0x8f, 0xff, 0xff, 0xf3, 0x7e, 0xff, 0xfe, 0xe2,
    0x0, 0xbf, 0xb0, 0x0, 0x0, 0xbf, 0xb0, 0x0,
    0x0, 0xbf, 0xb0, 0x0, 0x0, 0xbf, 0xb0, 0x0,
    0x0, 0xbf, 0xb0, 0x0, 0x0, 0xbf, 0xb0, 0x0,
    0x0, 0xbf, 0xb0, 0x0, 0x0, 0xbf, 0xb0, 0x0,
    0x0, 0xbf, 0xb0, 0x0, 0x0, 0xbf, 0xc0, 0x0,
    0x0, 0xaf, 0xf7, 0x51, 0x0, 0x5f, 0xff, 0xf5,
    0x0, 0x7, 0xdf, 0xe6,

    /* U+1E6C "Ṭ" */
    0x6f, 0xff, 0xff, 0xff, 0xff, 0xff, 0xff, 0xff,
    0x76, 0xff, 0xff, 0xff, 0xff, 0xff, 0xff, 0xff,
    0xf7, 0x26, 0x66, 0x66, 0x6e, 0xfe, 0x66, 0x66,
    0x66, 0x30, 0x0, 0x0, 0x0, 0xdf, 0xd0, 0x0,
    0x0, 0x0, 0x0, 0x0, 0x0, 0xd, 0xfd, 0x0,
    0x0, 0x0, 0x0, 0x0, 0x0, 0x0, 0xdf, 0xd0,
    0x0, 0x0, 0x0, 0x0, 0x0, 0x0, 0xd, 0xfd,
    0x0, 0x0, 0x0, 0x0, 0x0, 0x0, 0x0, 0xdf,
    0xd0, 0x0, 0x0, 0x0, 0x0, 0x0, 0x0, 0xd,
    0xfd, 0x0, 0x0, 0x0, 0x0, 0x0, 0x0, 0x0,
    0xdf, 0xd0, 0x0, 0x0, 0x0, 0x0, 0x0, 0x0,
    0xd, 0xfd, 0x0, 0x0, 0x0, 0x0, 0x0, 0x0,
    0x0, 0xdf, 0xd0, 0x0, 0x0, 0x0, 0x0, 0x0,
    0x0, 0xd, 0xfd, 0x0, 0x0, 0x0, 0x0, 0x0,
    0x0, 0x0, 0xdf, 0xd0, 0x0, 0x0, 0x0, 0x0,
    0x0, 0x0, 0xd, 0xfd, 0x0, 0x0, 0x0, 0x0,
    0x0, 0x0, 0x0, 0xdf, 0xd0, 0x0, 0x0, 0x0,
    0x0, 0x0, 0x0, 0xd, 0xfd, 0x0, 0x0, 0x0,
    0x0, 0x0, 0x0, 0x0, 0xdf, 0xd0, 0x0, 0x0,
    0x0, 0x0, 0x0, 0x0, 0xd, 0xfd, 0x0, 0x0,
    0x0, 0x0, 0x0, 0x0, 0x0, 0xdf, 0xd0, 0x0,
    0x0, 0x0, 0x0, 0x0, 0x0, 0x0, 0x0, 0x0,
    0x0, 0x0, 0x0, 0x0, 0x0, 0x0, 0x0, 0x0,
    0x0, 0x0, 0x0, 0x0, 0x0, 0x0, 0x0, 0x0,
    0x0, 0x0, 0x0, 0x0, 0x0, 0x0, 0x0, 0xad,
    0x90, 0x0, 0x0, 0x0, 0x0, 0x0, 0x0, 0xc,
    0xfb, 0x0, 0x0, 0x0, 0x0, 0x0, 0x0, 0x0,
    0xcf, 0xb0, 0x0, 0x0, 0x0,

    /* U+1E6D "ṭ" */
    0x0, 0x0, 0x0, 0x0, 0x0, 0x6, 0xa0, 0x0,
    0x0, 0xaf, 0xb0, 0x0, 0x0, 0xbf, 0xb0, 0x0,
    0x0, 0xbf, 0xb0, 0x0, 0x0, 0xbf, 0xb0, 0x0,
    0x8f, 0xff, 0xff, 0xf3, 0x7e, 0xff, 0xfe, 0xe2,
    0x0, 0xbf, 0xb0, 0x0, 0x0, 0xbf, 0xb0, 0x0,
    0x0, 0xbf, 0xb0, 0x0, 0x0, 0xbf, 0xb0, 0x0,
    0x0, 0xbf, 0xb0, 0x0, 0x0, 0xbf, 0xb0, 0x0,
    0x0, 0xbf, 0xb0, 0x0, 0x0, 0xbf, 0xb0, 0x0,
    0x0, 0xbf, 0xb0, 0x0, 0x0, 0xbf, 0xc0, 0x0,
    0x0, 0xaf, 0xf7, 0x51, 0x0, 0x5f, 0xff, 0xf5,
    0x0, 0x7, 0xdf, 0xe6, 0x0, 0x0, 0x0, 0x0,
    0x0, 0x0, 0x0, 0x0, 0x0, 0x0, 0x0, 0x0,
    0x0, 0x8, 0xdc, 0x0, 0x0, 0x9, 0xfe, 0x0,
    0x0, 0x9, 0xfe, 0x0,

    /* U+1E6E "Ṯ" */
    0x6f, 0xff, 0xff, 0xff, 0xff, 0xff, 0xff, 0xff,
    0x76, 0xff, 0xff, 0xff, 0xff, 0xff, 0xff, 0xff,
    0xf7, 0x26, 0x66, 0x66, 0x6e, 0xfe, 0x66, 0x66,
    0x66, 0x30, 0x0, 0x0, 0x0, 0xdf, 0xd0, 0x0,
    0x0, 0x0, 0x0, 0x0, 0x0, 0xd, 0xfd, 0x0,
    0x0, 0x0, 0x0, 0x0, 0x0, 0x0, 0xdf, 0xd0,
    0x0, 0x0, 0x0, 0x0, 0x0, 0x0, 0xd, 0xfd,
    0x0, 0x0, 0x0, 0x0, 0x0, 0x0, 0x0, 0xdf,
    0xd0, 0x0, 0x0, 0x0, 0x0, 0x0, 0x0, 0xd,
    0xfd, 0x0, 0x0, 0x0, 0x0, 0x0, 0x0, 0x0,
    0xdf, 0xd0, 0x0, 0x0, 0x0, 0x0, 0x0, 0x0,
    0xd, 0xfd, 0x0, 0x0, 0x0, 0x0, 0x0, 0x0,
    0x0, 0xdf, 0xd0, 0x0, 0x0, 0x0, 0x0, 0x0,
    0x0, 0xd, 0xfd, 0x0, 0x0, 0x0, 0x0, 0x0,
    0x0, 0x0, 0xdf, 0xd0, 0x0, 0x0, 0x0, 0x0,
    0x0, 0x0, 0xd, 0xfd, 0x0, 0x0, 0x0, 0x0,
    0x0, 0x0, 0x0, 0xdf, 0xd0, 0x0, 0x0, 0x0,
    0x0, 0x0, 0x0, 0xd, 0xfd, 0x0, 0x0, 0x0,
    0x0, 0x0, 0x0, 0x0, 0xdf, 0xd0, 0x0, 0x0,
    0x0, 0x0, 0x0, 0x0, 0xd, 0xfd, 0x0, 0x0,
    0x0, 0x0, 0x0, 0x0, 0x0, 0xdf, 0xd0, 0x0,
    0x0, 0x0, 0x0, 0x0, 0x0, 0x0, 0x0, 0x0,
    0x0, 0x0, 0x0, 0x0, 0x0, 0x0, 0x0, 0x0,
    0x0, 0x0, 0x0, 0x0, 0x0, 0x0, 0x0, 0x0,
    0x0, 0x0, 0x0, 0x0, 0x0, 0xd, 0xff, 0xff,
    0xff, 0xfb, 0x0, 0x0, 0x0, 0x0, 0xdf, 0xff,
    0xff, 0xff, 0xb0, 0x0, 0x0, 0x0, 0x1, 0x11,
    0x11, 0x11, 0x10, 0x0, 0x0,

    /* U+1E6F "ṯ" */
    0x0, 0x0, 0x0, 0x0, 0x0, 0x0, 0x0, 0x6a,
    0x0, 0x0, 0x0, 0xa, 0xfb, 0x0, 0x0, 0x0,
    0xb, 0xfb, 0x0, 0x0, 0x0, 0xb, 0xfb, 0x0,
    0x0, 0x0, 0xb, 0xfb, 0x0, 0x0, 0x8, 0xff,
    0xff, 0xff, 0x30, 0x7, 0xef, 0xff, 0xee, 0x20,
    0x0, 0xb, 0xfb, 0x0, 0x0, 0x0, 0xb, 0xfb,
    0x0, 0x0, 0x0, 0xb, 0xfb, 0x0, 0x0, 0x0,
    0xb, 0xfb, 0x0, 0x0, 0x0, 0xb, 0xfb, 0x0,
    0x0, 0x0, 0xb, 0xfb, 0x0, 0x0, 0x0, 0xb,
    0xfb, 0x0, 0x0, 0x0, 0xb, 0xfb, 0x0, 0x0,
    0x0, 0xb, 0xfb, 0x0, 0x0, 0x0, 0xb, 0xfc,
    0x0, 0x0, 0x0, 0xa, 0xff, 0x75, 0x10, 0x0,
    0x5, 0xff, 0xff, 0x50, 0x0, 0x0, 0x7d, 0xfe,
    0x60, 0x0, 0x0, 0x0, 0x0, 0x0, 0x0, 0x0,
    0x0, 0x0, 0x0, 0x1, 0x11, 0x11, 0x11, 0x10,
    0x5f, 0xff, 0xff, 0xff, 0xf3, 0x5f, 0xff, 0xff,
    0xff, 0xf3,

    /* U+1E70 "Ṱ" */
    0x6f, 0xff, 0xff, 0xff, 0xff, 0xff, 0xff, 0xff,
    0x76, 0xff, 0xff, 0xff, 0xff, 0xff, 0xff, 0xff,
    0xf7, 0x26, 0x66, 0x66, 0x6e, 0xfe, 0x66, 0x66,
    0x66, 0x30, 0x0, 0x0, 0x0, 0xdf, 0xd0, 0x0,
    0x0, 0x0, 0x0, 0x0, 0x0, 0xd, 0xfd, 0x0,
    0x0, 0x0, 0x0, 0x0, 0x0, 0x0, 0xdf, 0xd0,
    0x0, 0x0, 0x0, 0x0, 0x0, 0x0, 0xd, 0xfd,
    0x0, 0x0, 0x0, 0x0, 0x0, 0x0, 0x0, 0xdf,
    0xd0, 0x0, 0x0, 0x0, 0x0, 0x0, 0x0, 0xd,
    0xfd, 0x0, 0x0, 0x0, 0x0, 0x0, 0x0, 0x0,
    0xdf, 0xd0, 0x0, 0x0, 0x0, 0x0, 0x0, 0x0,
    0xd, 0xfd, 0x0, 0x0, 0x0, 0x0, 0x0, 0x0,
    0x0, 0xdf, 0xd0, 0x0, 0x0, 0x0, 0x0, 0x0,
    0x0, 0xd, 0xfd, 0x0, 0x0, 0x0, 0x0, 0x0,
    0x0, 0x0, 0xdf, 0xd0, 0x0, 0x0, 0x0, 0x0,
    0x0, 0x0, 0xd, 0xfd, 0x0, 0x0, 0x0, 0x0,
    0x0, 0x0, 0x0, 0xdf, 0xd0, 0x0, 0x0, 0x0,
    0x0, 0x0, 0x0, 0xd, 0xfd, 0x0, 0x0, 0x0,
    0x0, 0x0, 0x0, 0x0, 0xdf, 0xd0, 0x0, 0x0,
    0x0, 0x0, 0x0, 0x0, 0xd, 0xfd, 0x0, 0x0,
    0x0, 0x0, 0x0, 0x0, 0x0, 0xdf, 0xd0, 0x0,
    0x0, 0x0, 0x0, 0x0, 0x0, 0x0, 0x0, 0x0,
    0x0, 0x0, 0x0, 0x0, 0x0, 0x0, 0x0, 0x0,
    0x0, 0x0, 0x0, 0x0, 0x0, 0x0, 0x2e, 0xee,
    0x20, 0x0, 0x0, 0x0, 0x0, 0x0, 0xd, 0xfe,
    0xfd, 0x0, 0x0, 0x0, 0x0, 0x0, 0xa, 0xfe,
    0x1d, 0xfa, 0x0, 0x0, 0x0, 0x0, 0x6, 0xff,
    0x50, 0x3f, 0xf7, 0x0, 0x0,

    /* U+1E71 "ṱ" */
    0x0, 0x0, 0x0, 0x0, 0x0, 0x0, 0x6a, 0x0,
    0x0, 0x0, 0xaf, 0xb0, 0x0, 0x0, 0xb, 0xfb,
    0x0, 0x0, 0x0, 0xbf, 0xb0, 0x0, 0x0, 0xb,
    0xfb, 0x0, 0x0, 0x8f, 0xff, 0xff, 0xf3, 0x7,
    0xef, 0xff, 0xee, 0x20, 0x0, 0xbf, 0xb0, 0x0,
    0x0, 0xb, 0xfb, 0x0, 0x0, 0x0, 0xbf, 0xb0,
    0x0, 0x0, 0xb, 0xfb, 0x0, 0x0, 0x0, 0xbf,
    0xb0, 0x0, 0x0, 0xb, 0xfb, 0x0, 0x0, 0x0,
    0xbf, 0xb0, 0x0, 0x0, 0xb, 0xfb, 0x0, 0x0,
    0x0, 0xbf, 0xb0, 0x0, 0x0, 0xb, 0xfc, 0x0,
    0x0, 0x0, 0xaf, 0xf7, 0x51, 0x0, 0x5, 0xff,
    0xff, 0x50, 0x0, 0x7, 0xdf, 0xe6, 0x0, 0x0,
    0x0, 0x0, 0x0, 0x0, 0x0, 0x0, 0x0, 0x0,
    0x4, 0xff, 0xf2, 0x0, 0x1, 0xef, 0xdf, 0xd0,
    0x0, 0xbf, 0xe1, 0xdf, 0xa0, 0x7f, 0xf4, 0x4,
    0xff, 0x60,

    /* U+1E72 "Ṳ" */
    0xcf, 0xe0, 0x0, 0x0, 0x0, 0x0, 0xb, 0xff,
    0xcf, 0xe0, 0x0, 0x0, 0x0, 0x0, 0xb, 0xff,
    0xcf, 0xe0, 0x0, 0x0, 0x0, 0x0, 0xb, 0xff,
    0xcf, 0xe0, 0x0, 0x0, 0x0, 0x0, 0xb, 0xff,
    0xcf, 0xe0, 0x0, 0x0, 0x0, 0x0, 0xb, 0xff,
    0xcf, 0xe0, 0x0, 0x0, 0x0, 0x0, 0xb, 0xff,
    0xcf, 0xe0, 0x0, 0x0, 0x0, 0x0, 0xb, 0xff,
    0xcf, 0xe0, 0x0, 0x0, 0x0, 0x0, 0xb, 0xff,
    0xcf, 0xe0, 0x0, 0x0, 0x0, 0x0, 0xb, 0xff,
    0xcf, 0xe0, 0x0, 0x0, 0x0, 0x0, 0xb, 0xff,
    0xcf, 0xe0, 0x0, 0x0, 0x0, 0x0, 0xb, 0xff,
    0xcf, 0xe0, 0x0, 0x0, 0x0, 0x0, 0xb, 0xff,
    0xbf, 0xe0, 0x0, 0x0, 0x0, 0x0, 0xb, 0xfe,
    0xaf, 0xf0, 0x0, 0x0, 0x0, 0x0, 0xd, 0xfd,
    0x8f, 0xf3, 0x0, 0x0, 0x0, 0x0, 0xf, 0xfb,
    0x4f, 0xfa, 0x0, 0x0, 0x0, 0x0, 0x6f, 0xf7,
    0xe, 0xff, 0x70, 0x0, 0x0, 0x5, 0xff, 0xf1,
    0x4, 0xff, 0xfd, 0x87, 0x78, 0xcf, 0xff, 0x60,
    0x0, 0x5e, 0xff, 0xff, 0xff, 0xff, 0xf6, 0x0,
    0x0, 0x1, 0x7b, 0xef, 0xfe, 0xc8, 0x10, 0x0,
    0x0, 0x0, 0x0, 0x0, 0x0, 0x0, 0x0, 0x0,
    0x0, 0x0, 0x0, 0x0, 0x0, 0x0, 0x0, 0x0,
    0x0, 0x0, 0x0, 0x0, 0x0, 0x0, 0x0, 0x0,
    0x0, 0x0, 0xbd, 0x90, 0xa, 0xda, 0x0, 0x0,
    0x0, 0x0, 0xdf, 0xb0, 0xc, 0xfc, 0x0, 0x0,
    0x0, 0x0, 0xdf, 0xb0, 0xc, 0xfc, 0x0, 0x0,

    /* U+1E73 "ṳ" */
    0x2f, 0xf5, 0x0, 0x0, 0x0, 0xdf, 0xa2, 0xff,
    0x50, 0x0, 0x0, 0xd, 0xfa, 0x2f, 0xf5, 0x0,
    0x0, 0x0, 0xdf, 0xa2, 0xff, 0x50, 0x0, 0x0,
    0xd, 0xfa, 0x2f, 0xf5, 0x0, 0x0, 0x0, 0xdf,
    0xa2, 0xff, 0x50, 0x0, 0x0, 0xd, 0xfa, 0x2f,
    0xf5, 0x0, 0x0, 0x0, 0xdf, 0xa2, 0xff, 0x50,
    0x0, 0x0, 0xd, 0xfa, 0x2f, 0xf5, 0x0, 0x0,
    0x0, 0xdf, 0xa2, 0xff, 0x50, 0x0, 0x0, 0xf,
    0xfa, 0x1f, 0xf6, 0x0, 0x0, 0x3, 0xff, 0xa0,
    0xef, 0xc0, 0x0, 0x0, 0xbf, 0xfa, 0x9, 0xff,
    0xb4, 0x36, 0xdf, 0xdf, 0xa0, 0x1d, 0xff, 0xff,
    0xff, 0x79, 0xfa, 0x0, 0x7, 0xdf, 0xeb, 0x40,
    0x9f, 0xa0, 0x0, 0x0, 0x0, 0x0, 0x0, 0x0,
    0x0, 0x0, 0x0, 0x0, 0x0, 0x0, 0x0, 0x0,
    0x0, 0x0, 0x0, 0x0, 0x0, 0x0, 0x2d, 0xd4,
    0x1, 0xdd, 0x50, 0x0, 0x3, 0xff, 0x50, 0x1f,
    0xf6, 0x0, 0x0, 0x3f, 0xf5, 0x1, 0xff, 0x60,
    0x0,

    /* U+1E74 "Ṵ" */
    0xcf, 0xe0, 0x0, 0x0, 0x0, 0x0, 0xb, 0xff,
    0xcf, 0xe0, 0x0, 0x0, 0x0, 0x0, 0xb, 0xff,
    0xcf, 0xe0, 0x0, 0x0, 0x0, 0x0, 0xb, 0xff,
    0xcf, 0xe0, 0x0, 0x0, 0x0, 0x0, 0xb, 0xff,
    0xcf, 0xe0, 0x0, 0x0, 0x0, 0x0, 0xb, 0xff,
    0xcf, 0xe0, 0x0, 0x0, 0x0, 0x0, 0xb, 0xff,
    0xcf, 0xe0, 0x0, 0x0, 0x0, 0x0, 0xb, 0xff,
    0xcf, 0xe0, 0x0, 0x0, 0x0, 0x0, 0xb, 0xff,
    0xcf, 0xe0, 0x0, 0x0, 0x0, 0x0, 0xb, 0xff,
    0xcf, 0xe0, 0x0, 0x0, 0x0, 0x0, 0xb, 0xff,
    0xcf, 0xe0, 0x0, 0x0, 0x0, 0x0, 0xb, 0xff,
    0xcf, 0xe0, 0x0, 0x0, 0x0, 0x0, 0xb, 0xff,
    0xbf, 0xe0, 0x0, 0x0, 0x0, 0x0, 0xb, 0xfe,
    0xaf, 0xf0, 0x0, 0x0, 0x0, 0x0, 0xd, 0xfd,
    0x8f, 0xf3, 0x0, 0x0, 0x0, 0x0, 0xf, 0xfb,
    0x4f, 0xfa, 0x0, 0x0, 0x0, 0x0, 0x6f, 0xf7,
    0xe, 0xff, 0x70, 0x0, 0x0, 0x5, 0xff, 0xf1,
    0x4, 0xff, 0xfd, 0x87, 0x78, 0xcf, 0xff, 0x60,
    0x0, 0x5e, 0xff, 0xff, 0xff, 0xff, 0xf6, 0x0,
    0x0, 0x1, 0x7b, 0xef, 0xfe, 0xc8, 0x10, 0x0,
    0x0, 0x0, 0x0, 0x0, 0x0, 0x0, 0x0, 0x0,
    0x0, 0x0, 0x0, 0x0, 0x0, 0x0, 0x0, 0x0,
    0x0, 0x0, 0x0, 0x0, 0x0, 0x0, 0x0, 0x0,
    0x0, 0x0, 0x3c, 0xfc, 0x72, 0x3f, 0xb0, 0x0,
    0x0, 0x1, 0xef, 0xdf, 0xff, 0xff, 0x70, 0x0,
    0x0, 0x4, 0xf9, 0x1, 0x8d, 0xe9, 0x0, 0x0,

    /* U+1E75 "ṵ" */
    0x2f, 0xf5, 0x0, 0x0, 0x0, 0xdf, 0xa2, 0xff,
    0x50, 0x0, 0x0, 0xd, 0xfa, 0x2f, 0xf5, 0x0,
    0x0, 0x0, 0xdf, 0xa2, 0xff, 0x50, 0x0, 0x0,
    0xd, 0xfa, 0x2f, 0xf5, 0x0, 0x0, 0x0, 0xdf,
    0xa2, 0xff, 0x50, 0x0, 0x0, 0xd, 0xfa, 0x2f,
    0xf5, 0x0, 0x0, 0x0, 0xdf, 0xa2, 0xff, 0x50,
    0x0, 0x0, 0xd, 0xfa, 0x2f, 0xf5, 0x0, 0x0,
    0x0, 0xdf, 0xa2, 0xff, 0x50, 0x0, 0x0, 0xf,
    0xfa, 0x1f, 0xf6, 0x0, 0x0, 0x3, 0xff, 0xa0,
    0xef, 0xc0, 0x0, 0x0, 0xbf, 0xfa, 0x9, 0xff,
    0xb4, 0x36, 0xdf, 0xdf, 0xa0, 0x1d, 0xff, 0xff,
    0xff, 0x79, 0xfa, 0x0, 0x7, 0xdf, 0xeb, 0x40,
    0x9f, 0xa0, 0x0, 0x0, 0x0, 0x0, 0x0, 0x0,
    0x0, 0x0, 0x0, 0x0, 0x0, 0x0, 0x0, 0x0,
    0x0, 0x0, 0x0, 0x0, 0x0, 0x0, 0x9, 0xee,
    0xa4, 0xb, 0xf3, 0x0, 0x8, 0xfe, 0xef, 0xff,
    0xfe, 0x0, 0x0, 0xcf, 0x10, 0x5b, 0xfd, 0x30,
    0x0,

    /* U+1E76 "Ṷ" */
    0xcf, 0xe0, 0x0, 0x0, 0x0, 0x0, 0xb, 0xff,
    0xcf, 0xe0, 0x0, 0x0, 0x0, 0x0, 0xb, 0xff,
    0xcf, 0xe0, 0x0, 0x0, 0x0, 0x0, 0xb, 0xff,
    0xcf, 0xe0, 0x0, 0x0, 0x0, 0x0, 0xb, 0xff,
    0xcf, 0xe0, 0x0, 0x0, 0x0, 0x0, 0xb, 0xff,
    0xcf, 0xe0, 0x0, 0x0, 0x0, 0x0, 0xb, 0xff,
    0xcf, 0xe0, 0x0, 0x0, 0x0, 0x0, 0xb, 0xff,
    0xcf, 0xe0, 0x0, 0x0, 0x0, 0x0, 0xb, 0xff,
    0xcf, 0xe0, 0x0, 0x0, 0x0, 0x0, 0xb, 0xff,
    0xcf, 0xe0, 0x0, 0x0, 0x0, 0x0, 0xb, 0xff,
    0xcf, 0xe0, 0x0, 0x0, 0x0, 0x0, 0xb, 0xff,
    0xcf, 0xe0, 0x0, 0x0, 0x0, 0x0, 0xb, 0xff,
    0xbf, 0xe0, 0x0, 0x0, 0x0, 0x0, 0xb, 0xfe,
    0xaf, 0xf0, 0x0, 0x0, 0x0, 0x0, 0xd, 0xfd,
    0x8f, 0xf3, 0x0, 0x0, 0x0, 0x0, 0xf, 0xfb,
    0x4f, 0xfa, 0x0, 0x0, 0x0, 0x0, 0x6f, 0xf7,
    0xe, 0xff, 0x70, 0x0, 0x0, 0x5, 0xff, 0xf1,
    0x4, 0xff, 0xfd, 0x87, 0x78, 0xcf, 0xff, 0x60,
    0x0, 0x5e, 0xff, 0xff, 0xff, 0xff, 0xf6, 0x0,
    0x0, 0x1, 0x7b, 0xef, 0xfe, 0xc8, 0x10, 0x0,
    0x0, 0x0, 0x0, 0x0, 0x0, 0x0, 0x0, 0x0,
    0x0, 0x0, 0x0, 0x2, 0x21, 0x0, 0x0, 0x0,
    0x0, 0x0, 0x0, 0xaf, 0xfd, 0x0, 0x0, 0x0,
    0x0, 0x0, 0x5, 0xff, 0xdf, 0xa0, 0x0, 0x0,
    0x0, 0x0, 0x2f, 0xf9, 0x2f, 0xf6, 0x0, 0x0,
    0x0, 0x0, 0xcf, 0xe1, 0x9, 0xff, 0x20, 0x0,

    /* U+1E77 "ṷ" */
    0x2f, 0xf5, 0x0, 0x0, 0x0, 0xdf, 0xa2, 0xff,
    0x50, 0x0, 0x0, 0xd, 0xfa, 0x2f, 0xf5, 0x0,
    0x0, 0x0, 0xdf, 0xa2, 0xff, 0x50, 0x0, 0x0,
    0xd, 0xfa, 0x2f, 0xf5, 0x0, 0x0, 0x0, 0xdf,
    0xa2, 0xff, 0x50, 0x0, 0x0, 0xd, 0xfa, 0x2f,
    0xf5, 0x0, 0x0, 0x0, 0xdf, 0xa2, 0xff, 0x50,
    0x0, 0x0, 0xd, 0xfa, 0x2f, 0xf5, 0x0, 0x0,
    0x0, 0xdf, 0xa2, 0xff, 0x50, 0x0, 0x0, 0xf,
    0xfa, 0x1f, 0xf6, 0x0, 0x0, 0x3, 0xff, 0xa0,
    0xef, 0xc0, 0x0, 0x0, 0xbf, 0xfa, 0x9, 0xff,
    0xb4, 0x36, 0xdf, 0xdf, 0xa0, 0x1d, 0xff, 0xff,
    0xff, 0x79, 0xfa, 0x0, 0x7, 0xdf, 0xeb, 0x40,
    0x9f, 0xa0, 0x0, 0x0, 0x0, 0x0, 0x0, 0x0,
    0x0, 0x0, 0x1, 0x22, 0x0, 0x0, 0x0, 0x0,
    0x2, 0xff, 0xf7, 0x0, 0x0, 0x0, 0x0, 0xcf,
    0xdf, 0xf3, 0x0, 0x0, 0x0, 0x8f, 0xf2, 0xaf,
    0xd0, 0x0, 0x0, 0x3f, 0xf8, 0x1, 0xff, 0xa0,
    0x0,

    /* U+1E78 "Ṹ" */
    0x0, 0x0, 0x0, 0x0, 0xbe, 0xe4, 0x0, 0x0,
    0x0, 0x0, 0x0, 0x4, 0xff, 0x80, 0x0, 0x0,
    0x0, 0x0, 0x0, 0xb, 0xfb, 0x0, 0x0, 0x0,
    0x0, 0x0, 0x0, 0x3f, 0xe1, 0x0, 0x0, 0x0,
    0x0, 0x0, 0x0, 0x0, 0x0, 0x0, 0x0, 0x0,
    0x0, 0x0, 0x8, 0xc9, 0x0, 0xa, 0xc0, 0x0,
    0x0, 0x0, 0x9f, 0xff, 0xd4, 0x2f, 0xc0, 0x0,
    0x0, 0x0, 0xfd, 0x15, 0xff, 0xff, 0x60, 0x0,
    0x0, 0x1, 0xd7, 0x0, 0x2a, 0xc6, 0x0, 0x0,
    0x0, 0x0, 0x0, 0x0, 0x0, 0x0, 0x0, 0x0,
    0x0, 0x0, 0x0, 0x0, 0x0, 0x0, 0x0, 0x0,
    0xcf, 0xe0, 0x0, 0x0, 0x0, 0x0, 0xb, 0xff,
    0xcf, 0xe0, 0x0, 0x0, 0x0, 0x0, 0xb, 0xff,
    0xcf, 0xe0, 0x0, 0x0, 0x0, 0x0, 0xb, 0xff,
    0xcf, 0xe0, 0x0, 0x0, 0x0, 0x0, 0xb, 0xff,
    0xcf, 0xe0, 0x0, 0x0, 0x0, 0x0, 0xb, 0xff,
    0xcf, 0xe0, 0x0, 0x0, 0x0, 0x0, 0xb, 0xff,
    0xcf, 0xe0, 0x0, 0x0, 0x0, 0x0, 0xb, 0xff,
    0xcf, 0xe0, 0x0, 0x0, 0x0, 0x0, 0xb, 0xff,
    0xcf, 0xe0, 0x0, 0x0, 0x0, 0x0, 0xb, 0xff,
    0xcf, 0xe0, 0x0, 0x0, 0x0, 0x0, 0xb, 0xff,
    0xcf, 0xe0, 0x0, 0x0, 0x0, 0x0, 0xb, 0xff,
    0xcf, 0xe0, 0x0, 0x0, 0x0, 0x0, 0xb, 0xff,
    0xbf, 0xe0, 0x0, 0x0, 0x0, 0x0, 0xb, 0xfe,
    0xaf, 0xf0, 0x0, 0x0, 0x0, 0x0, 0xd, 0xfd,
    0x8f, 0xf3, 0x0, 0x0, 0x0, 0x0, 0xf, 0xfb,
    0x4f, 0xfa, 0x0, 0x0, 0x0, 0x0, 0x6f, 0xf7,
    0xe, 0xff, 0x70, 0x0, 0x0, 0x5, 0xff, 0xf1,
    0x4, 0xff, 0xfd, 0x87, 0x78, 0xcf, 0xff, 0x60,
    0x0, 0x5e, 0xff, 0xff, 0xff, 0xff, 0xf6, 0x0,
    0x0, 0x1, 0x7b, 0xef, 0xfe, 0xc8, 0x10, 0x0,

    /* U+1E79 "ṹ" */
    0x0, 0x0, 0x0, 0x1e, 0xec, 0x10, 0x0, 0x0,
    0x0, 0x8, 0xff, 0x40, 0x0, 0x0, 0x0, 0x1,
    0xff, 0x70, 0x0, 0x0, 0x0, 0x0, 0x7f, 0xa0,
    0x0, 0x0, 0x0, 0x0, 0x0, 0x0, 0x0, 0x0,
    0x0, 0x0, 0x0, 0x0, 0x0, 0x0, 0x0, 0x0,
    0x8, 0xee, 0xa4, 0x9, 0xf4, 0x0, 0x7, 0xff,
    0xef, 0xff, 0xfe, 0x0, 0x0, 0x9c, 0x0, 0x4a,
    0xca, 0x20, 0x0, 0x0, 0x0, 0x0, 0x0, 0x0,
    0x0, 0x0, 0x0, 0x0, 0x0, 0x0, 0x0, 0x2,
    0xff, 0x50, 0x0, 0x0, 0xd, 0xfa, 0x2f, 0xf5,
    0x0, 0x0, 0x0, 0xdf, 0xa2, 0xff, 0x50, 0x0,
    0x0, 0xd, 0xfa, 0x2f, 0xf5, 0x0, 0x0, 0x0,
    0xdf, 0xa2, 0xff, 0x50, 0x0, 0x0, 0xd, 0xfa,
    0x2f, 0xf5, 0x0, 0x0, 0x0, 0xdf, 0xa2, 0xff,
    0x50, 0x0, 0x0, 0xd, 0xfa, 0x2f, 0xf5, 0x0,
    0x0, 0x0, 0xdf, 0xa2, 0xff, 0x50, 0x0, 0x0,
    0xd, 0xfa, 0x2f, 0xf5, 0x0, 0x0, 0x0, 0xff,
    0xa1, 0xff, 0x60, 0x0, 0x0, 0x3f, 0xfa, 0xe,
    0xfc, 0x0, 0x0, 0xb, 0xff, 0xa0, 0x9f, 0xfb,
    0x43, 0x6d, 0xfd, 0xfa, 0x1, 0xdf, 0xff, 0xff,
    0xf7, 0x9f, 0xa0, 0x0, 0x7d, 0xfe, 0xb4, 0x9,
    0xfa,

    /* U+1E7A "Ṻ" */
    0x0, 0x0, 0x8d, 0xb0, 0x7, 0xdc, 0x0, 0x0,
    0x0, 0x0, 0xaf, 0xd0, 0x9, 0xfe, 0x0, 0x0,
    0x0, 0x0, 0xaf, 0xd0, 0x9, 0xfe, 0x0, 0x0,
    0x0, 0x0, 0x0, 0x0, 0x0, 0x0, 0x0, 0x0,
    0x0, 0x0, 0x11, 0x11, 0x11, 0x11, 0x0, 0x0,
    0x0, 0x2, 0xff, 0xff, 0xff, 0xff, 0x60, 0x0,
    0x0, 0x2, 0xff, 0xff, 0xff, 0xff, 0x60, 0x0,
    0x0, 0x0, 0x0, 0x0, 0x0, 0x0, 0x0, 0x0,
    0x0, 0x0, 0x0, 0x0, 0x0, 0x0, 0x0, 0x0,
    0xcf, 0xe0, 0x0, 0x0, 0x0, 0x0, 0xb, 0xff,
    0xcf, 0xe0, 0x0, 0x0, 0x0, 0x0, 0xb, 0xff,
    0xcf, 0xe0, 0x0, 0x0, 0x0, 0x0, 0xb, 0xff,
    0xcf, 0xe0, 0x0, 0x0, 0x0, 0x0, 0xb, 0xff,
    0xcf, 0xe0, 0x0, 0x0, 0x0, 0x0, 0xb, 0xff,
    0xcf, 0xe0, 0x0, 0x0, 0x0, 0x0, 0xb, 0xff,
    0xcf, 0xe0, 0x0, 0x0, 0x0, 0x0, 0xb, 0xff,
    0xcf, 0xe0, 0x0, 0x0, 0x0, 0x0, 0xb, 0xff,
    0xcf, 0xe0, 0x0, 0x0, 0x0, 0x0, 0xb, 0xff,
    0xcf, 0xe0, 0x0, 0x0, 0x0, 0x0, 0xb, 0xff,
    0xcf, 0xe0, 0x0, 0x0, 0x0, 0x0, 0xb, 0xff,
    0xcf, 0xe0, 0x0, 0x0, 0x0, 0x0, 0xb, 0xff,
    0xbf, 0xe0, 0x0, 0x0, 0x0, 0x0, 0xb, 0xfe,
    0xaf, 0xf0, 0x0, 0x0, 0x0, 0x0, 0xd, 0xfd,
    0x8f, 0xf3, 0x0, 0x0, 0x0, 0x0, 0xf, 0xfb,
    0x4f, 0xfa, 0x0, 0x0, 0x0, 0x0, 0x6f, 0xf7,
    0xe, 0xff, 0x70, 0x0, 0x0, 0x5, 0xff, 0xf1,
    0x4, 0xff, 0xfd, 0x87, 0x78, 0xcf, 0xff, 0x60,
    0x0, 0x5e, 0xff, 0xff, 0xff, 0xff, 0xf6, 0x0,
    0x0, 0x1, 0x7b, 0xef, 0xfe, 0xc8, 0x10, 0x0,

    /* U+1E7B "ṻ" */
    0x0, 0xf, 0xf9, 0x0, 0xef, 0xa0, 0x0, 0x0,
    0xff, 0x90, 0xe, 0xfa, 0x0, 0x0, 0xc, 0xd7,
    0x0, 0xbd, 0x80, 0x0, 0x0, 0x11, 0x11, 0x11,
    0x11, 0x0, 0x0, 0x7f, 0xff, 0xff, 0xff, 0xf0,
    0x0, 0x7, 0xff, 0xff, 0xff, 0xff, 0x0, 0x0,
    0x0, 0x0, 0x0, 0x0, 0x0, 0x0, 0x0, 0x0,
    0x0, 0x0, 0x0, 0x0, 0x0, 0x0, 0x0, 0x0,
    0x0, 0x0, 0x2, 0xff, 0x50, 0x0, 0x0, 0xd,
    0xfa, 0x2f, 0xf5, 0x0, 0x0, 0x0, 0xdf, 0xa2,
    0xff, 0x50, 0x0, 0x0, 0xd, 0xfa, 0x2f, 0xf5,
    0x0, 0x0, 0x0, 0xdf, 0xa2, 0xff, 0x50, 0x0,
    0x0, 0xd, 0xfa, 0x2f, 0xf5, 0x0, 0x0, 0x0,
    0xdf, 0xa2, 0xff, 0x50, 0x0, 0x0, 0xd, 0xfa,
    0x2f, 0xf5, 0x0, 0x0, 0x0, 0xdf, 0xa2, 0xff,
    0x50, 0x0, 0x0, 0xd, 0xfa, 0x2f, 0xf5, 0x0,
    0x0, 0x0, 0xff, 0xa1, 0xff, 0x60, 0x0, 0x0,
    0x3f, 0xfa, 0xe, 0xfc, 0x0, 0x0, 0xb, 0xff,
    0xa0, 0x9f, 0xfb, 0x43, 0x6d, 0xfd, 0xfa, 0x1,
    0xdf, 0xff, 0xff, 0xf7, 0x9f, 0xa0, 0x0, 0x7d,
    0xfe, 0xb4, 0x9, 0xfa,

    /* U+1E7C "Ṽ" */
    0x0, 0x0, 0x3, 0xcf, 0xc5, 0x1, 0xfc, 0x0,
    0x0, 0x0, 0x0, 0x0, 0xef, 0xef, 0xfe, 0xef,
    0x70, 0x0, 0x0, 0x0, 0x0, 0x4f, 0x80, 0x29,
    0xee, 0x90, 0x0, 0x0, 0x0, 0x0, 0x0, 0x0,
    0x0, 0x0, 0x0, 0x0, 0x0, 0x0, 0x0, 0x0,
    0x0, 0x0, 0x0, 0x0, 0x0, 0x0, 0x0, 0xa,
    0xff, 0x30, 0x0, 0x0, 0x0, 0x0, 0x0, 0x6f,
    0xf4, 0x3f, 0xf8, 0x0, 0x0, 0x0, 0x0, 0x0,
    0xc, 0xfe, 0x0, 0xdf, 0xe0, 0x0, 0x0, 0x0,
    0x0, 0x2, 0xff, 0x80, 0x7, 0xff, 0x40, 0x0,
    0x0, 0x0, 0x0, 0x8f, 0xf1, 0x0, 0x1f, 0xfa,
    0x0, 0x0, 0x0, 0x0, 0xe, 0xfb, 0x0, 0x0,
    0xbf, 0xf0, 0x0, 0x0, 0x0, 0x4, 0xff, 0x50,
    0x0, 0x4, 0xff, 0x50, 0x0, 0x0, 0x0, 0xaf,
    0xe0, 0x0, 0x0, 0xe, 0xfb, 0x0, 0x0, 0x0,
    0xf, 0xf8, 0x0, 0x0, 0x0, 0x8f, 0xf1, 0x0,
    0x0, 0x6, 0xff, 0x20, 0x0, 0x0, 0x2, 0xff,
    0x60, 0x0, 0x0, 0xcf, 0xc0, 0x0, 0x0, 0x0,
    0xc, 0xfc, 0x0, 0x0, 0x2f, 0xf5, 0x0, 0x0,
    0x0, 0x0, 0x5f, 0xf2, 0x0, 0x8, 0xfe, 0x0,
    0x0, 0x0, 0x0, 0x0, 0xff, 0x80, 0x0, 0xef,
    0x90, 0x0, 0x0, 0x0, 0x0, 0x9, 0xfd, 0x0,
    0x4f, 0xf3, 0x0, 0x0, 0x0, 0x0, 0x0, 0x3f,
    0xf3, 0x9, 0xfc, 0x0, 0x0, 0x0, 0x0, 0x0,
    0x0, 0xcf, 0x90, 0xef, 0x60, 0x0, 0x0, 0x0,
    0x0, 0x0, 0x6, 0xfe, 0x4f, 0xf0, 0x0, 0x0,
    0x0, 0x0, 0x0, 0x0, 0x1f, 0xfc, 0xf9, 0x0,
    0x0, 0x0, 0x0, 0x0, 0x0, 0x0, 0xaf, 0xff,
    0x30, 0x0, 0x0, 0x0, 0x0, 0x0, 0x0, 0x4,
    0xff, 0xd0, 0x0, 0x0, 0x0, 0x0,

    /* U+1E7D "ṽ" */
    0x0, 0x4, 0xcf, 0xc6, 0x13, 0xfb, 0x0, 0x0,
    0x1f, 0xfe, 0xff, 0xff, 0xf6, 0x0, 0x0, 0x3d,
    0x60, 0x17, 0xcc, 0x60, 0x0, 0x0, 0x0, 0x0,
    0x0, 0x0, 0x0, 0x0, 0x0, 0x0, 0x0, 0x0,
    0x0, 0x0, 0x0, 0x7f, 0xf2, 0x0, 0x0, 0x0,
    0x1f, 0xf7, 0x1f, 0xf7, 0x0, 0x0, 0x0, 0x6f,
    0xf1, 0xb, 0xfd, 0x0, 0x0, 0x0, 0xbf, 0xb0,
    0x5, 0xff, 0x20, 0x0, 0x1, 0xff, 0x60, 0x0,
    0xff, 0x80, 0x0, 0x7, 0xff, 0x0, 0x0, 0x9f,
    0xd0, 0x0, 0xc, 0xfa, 0x0, 0x0, 0x3f, 0xf3,
    0x0, 0x2f, 0xf4, 0x0, 0x0, 0xd, 0xf8, 0x0,
    0x7f, 0xe0, 0x0, 0x0, 0x8, 0xfe, 0x0, 0xdf,
    0x80, 0x0, 0x0, 0x2, 0xff, 0x32, 0xff, 0x20,
    0x0, 0x0, 0x0, 0xcf, 0x98, 0xfd, 0x0, 0x0,
    0x0, 0x0, 0x6f, 0xdd, 0xf7, 0x0, 0x0, 0x0,
    0x0, 0x1f, 0xff, 0xf1, 0x0, 0x0, 0x0, 0x0,
    0xa, 0xff, 0xb0, 0x0, 0x0, 0x0, 0x0, 0x4,
    0xff, 0x50, 0x0, 0x0,

    /* U+1E7E "Ṿ" */
    0xaf, 0xf3, 0x0, 0x0, 0x0, 0x0, 0x0, 0x6,
    0xff, 0x43, 0xff, 0x80, 0x0, 0x0, 0x0, 0x0,
    0x0, 0xcf, 0xe0, 0xd, 0xfe, 0x0, 0x0, 0x0,
    0x0, 0x0, 0x2f, 0xf8, 0x0, 0x7f, 0xf4, 0x0,
    0x0, 0x0, 0x0, 0x8, 0xff, 0x10, 0x1, 0xff,
    0xa0, 0x0, 0x0, 0x0, 0x0, 0xef, 0xb0, 0x0,
    0xb, 0xff, 0x0, 0x0, 0x0, 0x0, 0x4f, 0xf5,
    0x0, 0x0, 0x4f, 0xf5, 0x0, 0x0, 0x0, 0xa,
    0xfe, 0x0, 0x0, 0x0, 0xef, 0xb0, 0x0, 0x0,
    0x0, 0xff, 0x80, 0x0, 0x0, 0x8, 0xff, 0x10,
    0x0, 0x0, 0x6f, 0xf2, 0x0, 0x0, 0x0, 0x2f,
    0xf6, 0x0, 0x0, 0xc, 0xfc, 0x0, 0x0, 0x0,
    0x0, 0xcf, 0xc0, 0x0, 0x2, 0xff, 0x50, 0x0,
    0x0, 0x0, 0x5, 0xff, 0x20, 0x0, 0x8f, 0xe0,
    0x0, 0x0, 0x0, 0x0, 0xf, 0xf8, 0x0, 0xe,
    0xf9, 0x0, 0x0, 0x0, 0x0, 0x0, 0x9f, 0xd0,
    0x4, 0xff, 0x30, 0x0, 0x0, 0x0, 0x0, 0x3,
    0xff, 0x30, 0x9f, 0xc0, 0x0, 0x0, 0x0, 0x0,
    0x0, 0xc, 0xf9, 0xe, 0xf6, 0x0, 0x0, 0x0,
    0x0, 0x0, 0x0, 0x6f, 0xe4, 0xff, 0x0, 0x0,
    0x0, 0x0, 0x0, 0x0, 0x1, 0xff, 0xcf, 0x90,
    0x0, 0x0, 0x0, 0x0, 0x0, 0x0, 0xa, 0xff,
    0xf3, 0x0, 0x0, 0x0, 0x0, 0x0, 0x0, 0x0,
    0x4f, 0xfd, 0x0, 0x0, 0x0, 0x0, 0x0, 0x0,
    0x0, 0x0, 0x0, 0x0, 0x0, 0x0, 0x0, 0x0,
    0x0, 0x0, 0x0, 0x0, 0x0, 0x0, 0x0, 0x0,
    0x0, 0x0, 0x0, 0x0, 0x0, 0x0, 0x0, 0x0,
    0x0, 0x0, 0x0, 0x0, 0x0, 0x0, 0xc, 0xd8,
    0x0, 0x0, 0x0, 0x0, 0x0, 0x0, 0x0, 0x0,
    0xef, 0x90, 0x0, 0x0, 0x0, 0x0, 0x0, 0x0,
    0x0, 0xe, 0xf9, 0x0, 0x0, 0x0, 0x0,

    /* U+1E7F "ṿ" */
    0x7f, 0xf2, 0x0, 0x0, 0x0, 0x1f, 0xf7, 0x1f,
    0xf7, 0x0, 0x0, 0x0, 0x6f, 0xf1, 0xb, 0xfd,
    0x0, 0x0, 0x0, 0xbf, 0xb0, 0x5, 0xff, 0x20,
    0x0, 0x1, 0xff, 0x60, 0x0, 0xff, 0x80, 0x0,
    0x7, 0xff, 0x0, 0x0, 0x9f, 0xd0, 0x0, 0xc,
    0xfa, 0x0, 0x0, 0x3f, 0xf3, 0x0, 0x2f, 0xf4,
    0x0, 0x0, 0xd, 0xf8, 0x0, 0x7f, 0xe0, 0x0,
    0x0, 0x8, 0xfe, 0x0, 0xdf, 0x80, 0x0, 0x0,
    0x2, 0xff, 0x32, 0xff, 0x20, 0x0, 0x0, 0x0,
    0xcf, 0x98, 0xfd, 0x0, 0x0, 0x0, 0x0, 0x6f,
    0xdd, 0xf7, 0x0, 0x0, 0x0, 0x0, 0x1f, 0xff,
    0xf1, 0x0, 0x0, 0x0, 0x0, 0xa, 0xff, 0xb0,
    0x0, 0x0, 0x0, 0x0, 0x4, 0xff, 0x50, 0x0,
    0x0, 0x0, 0x0, 0x0, 0x0, 0x0, 0x0, 0x0,
    0x0, 0x0, 0x0, 0x0, 0x0, 0x0, 0x0, 0x0,
    0x0, 0x0, 0x0, 0x0, 0x0, 0x0, 0x0, 0x0,
    0x1, 0xdd, 0x50, 0x0, 0x0, 0x0, 0x0, 0x1,
    0xff, 0x60, 0x0, 0x0, 0x0, 0x0, 0x1, 0xff,
    0x60, 0x0, 0x0,

    /* U+1E80 "Ẁ" */
    0x0, 0x0, 0x0, 0x0, 0xa, 0xff, 0x50, 0x0,
    0x0, 0x0, 0x0, 0x0, 0x0, 0x0, 0x0, 0x0,
    0x0, 0x0, 0xef, 0xd0, 0x0, 0x0, 0x0, 0x0,
    0x0, 0x0, 0x0, 0x0, 0x0, 0x0, 0x0, 0x4f,
    0xf5, 0x0, 0x0, 0x0, 0x0, 0x0, 0x0, 0x0,
    0x0, 0x0, 0x0, 0x0, 0x7, 0xb7, 0x0, 0x0,
    0x0, 0x0, 0x0, 0x0, 0x0, 0x0, 0x0, 0x0,
    0x0, 0x0, 0x0, 0x0, 0x0, 0x0, 0x0, 0x0,
    0x0, 0xcf, 0xf6, 0x0, 0x0, 0x0, 0x1f, 0xff,
    0x30, 0x0, 0x0, 0x5, 0xff, 0xe0, 0x8f, 0xfa,
    0x0, 0x0, 0x0, 0x5f, 0xff, 0x70, 0x0, 0x0,
    0x9, 0xff, 0xa0, 0x4f, 0xfe, 0x0, 0x0, 0x0,
    0x9f, 0xff, 0xb0, 0x0, 0x0, 0xd, 0xff, 0x60,
    0xf, 0xff, 0x20, 0x0, 0x0, 0xdf, 0xff, 0xf0,
    0x0, 0x0, 0x1f, 0xff, 0x20, 0xc, 0xff, 0x60,
    0x0, 0x1, 0xff, 0xff, 0xf3, 0x0, 0x0, 0x4f,
    0xfd, 0x0, 0x7, 0xff, 0x90, 0x0, 0x5, 0xff,
    0xef, 0xf6, 0x0, 0x0, 0x8f, 0xf9, 0x0, 0x3,
    0xff, 0xd0, 0x0, 0x9, 0xff, 0x7f, 0xfa, 0x0,
    0x0, 0xcf, 0xf5, 0x0, 0x0, 0xff, 0xf1, 0x0,
    0xd, 0xff, 0xe, 0xfe, 0x0, 0x0, 0xff, 0xf1,
    0x0, 0x0, 0xbf, 0xf5, 0x0, 0x1f, 0xfc, 0xa,
    0xff, 0x20, 0x4, 0xff, 0xd0, 0x0, 0x0, 0x7f,
    0xf9, 0x0, 0x5f, 0xf8, 0x6, 0xff, 0x60, 0x8,
    0xff, 0x80, 0x0, 0x0, 0x2f, 0xfd, 0x0, 0x8f,
    0xf4, 0x2, 0xff, 0xa0, 0xc, 0xff, 0x40, 0x0,
    0x0, 0xe, 0xff, 0x10, 0xcf, 0xf0, 0x0, 0xef,
    0xe0, 0xf, 0xff, 0x0, 0x0, 0x0, 0xa, 0xff,
    0x50, 0xff, 0xc0, 0x0, 0xaf, 0xf2, 0x3f, 0xfc,
    0x0, 0x0, 0x0, 0x6, 0xff, 0x94, 0xff, 0x80,
    0x0, 0x6f, 0xf6, 0x7f, 0xf7, 0x0, 0x0, 0x0,
    0x1, 0xff, 0xd8, 0xff, 0x30, 0x0, 0x2f, 0xfa,
    0xbf, 0xf3, 0x0, 0x0, 0x0, 0x0, 0xdf, 0xfd,
    0xff, 0x0, 0x0, 0xe, 0xfe, 0xff, 0xf0, 0x0,
    0x0, 0x0, 0x0, 0x9f, 0xff, 0xfb, 0x0, 0x0,
    0xa, 0xff, 0xff, 0xb0, 0x0, 0x0, 0x0, 0x0,
    0x5f, 0xff, 0xf7, 0x0, 0x0, 0x6, 0xff, 0xff,
    0x70, 0x0, 0x0, 0x0, 0x0, 0x1f, 0xff, 0xf3,
    0x0, 0x0, 0x2, 0xff, 0xff, 0x20, 0x0, 0x0,
    0x0, 0x0, 0xc, 0xff, 0xf0, 0x0, 0x0, 0x0,
    0xef, 0xfe, 0x0, 0x0, 0x0,

    /* U+1E81 "ẁ" */
    0x0, 0x0, 0x0, 0x0, 0x9f, 0xf7, 0x0, 0x0,
    0x0, 0x0, 0x0, 0x0, 0x0, 0x0, 0x0, 0x0,
    0xdf, 0xe0, 0x0, 0x0, 0x0, 0x0, 0x0, 0x0,
    0x0, 0x0, 0x0, 0x3, 0xff, 0x60, 0x0, 0x0,
    0x0, 0x0, 0x0, 0x0, 0x0, 0x0, 0x0, 0x6,
    0xb8, 0x0, 0x0, 0x0, 0x0, 0x0, 0x0, 0x0,
    0x0, 0x0, 0x0, 0x0, 0x0, 0x0, 0x0, 0x0,
    0x0, 0x3, 0xff, 0xd0, 0x0, 0x0, 0xf, 0xff,
    0x10, 0x0, 0x0, 0xaf, 0xf7, 0xe, 0xff, 0x20,
    0x0, 0x3, 0xff, 0xf6, 0x0, 0x0, 0xe, 0xff,
    0x20, 0xaf, 0xf6, 0x0, 0x0, 0x8f, 0xff, 0xa0,
    0x0, 0x3, 0xff, 0xd0, 0x5, 0xff, 0xa0, 0x0,
    0xc, 0xff, 0xff, 0x0, 0x0, 0x7f, 0xf8, 0x0,
    0xf, 0xfe, 0x0, 0x1, 0xff, 0xdf, 0xf3, 0x0,
    0xc, 0xff, 0x30, 0x0, 0xbf, 0xf3, 0x0, 0x5f,
    0xf4, 0xff, 0x80, 0x0, 0xff, 0xe0, 0x0, 0x6,
    0xff, 0x70, 0x9, 0xfe, 0xc, 0xfc, 0x0, 0x4f,
    0xfa, 0x0, 0x0, 0x1f, 0xfc, 0x0, 0xef, 0xa0,
    0x7f, 0xf1, 0x9, 0xff, 0x50, 0x0, 0x0, 0xdf,
    0xf0, 0x2f, 0xf5, 0x2, 0xff, 0x50, 0xdf, 0xf0,
    0x0, 0x0, 0x8, 0xff, 0x47, 0xff, 0x10, 0xe,
    0xfa, 0x1f, 0xfb, 0x0, 0x0, 0x0, 0x3f, 0xf9,
    0xbf, 0xc0, 0x0, 0x9f, 0xe6, 0xff, 0x60, 0x0,
    0x0, 0x0, 0xef, 0xef, 0xf7, 0x0, 0x4, 0xff,
    0xdf, 0xf1, 0x0, 0x0, 0x0, 0x9, 0xff, 0xff,
    0x20, 0x0, 0xf, 0xff, 0xfd, 0x0, 0x0, 0x0,
    0x0, 0x4f, 0xff, 0xe0, 0x0, 0x0, 0xbf, 0xff,
    0x80, 0x0, 0x0, 0x0, 0x0, 0xff, 0xf9, 0x0,
    0x0, 0x6, 0xff, 0xf3, 0x0, 0x0,

    /* U+1E82 "Ẃ" */
    0x0, 0x0, 0x0, 0x0, 0x0, 0x0, 0x3f, 0xfc,
    0x0, 0x0, 0x0, 0x0, 0x0, 0x0, 0x0, 0x0,
    0x0, 0x0, 0x0, 0xbf, 0xf2, 0x0, 0x0, 0x0,
    0x0, 0x0, 0x0, 0x0, 0x0, 0x0, 0x0, 0x3,
    0xff, 0x60, 0x0, 0x0, 0x0, 0x0, 0x0, 0x0,
    0x0, 0x0, 0x0, 0x0, 0x6, 0xb9, 0x0, 0x0,
    0x0, 0x0, 0x0, 0x0, 0x0, 0x0, 0x0, 0x0,
    0x0, 0x0, 0x0, 0x0, 0x0, 0x0, 0x0, 0x0,
    0x0, 0xcf, 0xf6, 0x0, 0x0, 0x0, 0x1f, 0xff,
    0x30, 0x0, 0x0, 0x5, 0xff, 0xe0, 0x8f, 0xfa,
    0x0, 0x0, 0x0, 0x5f, 0xff, 0x70, 0x0, 0x0,
    0x9, 0xff, 0xa0, 0x4f, 0xfe, 0x0, 0x0, 0x0,
    0x9f, 0xff, 0xb0, 0x0, 0x0, 0xd, 0xff, 0x60,
    0xf, 0xff, 0x20, 0x0, 0x0, 0xdf, 0xff, 0xf0,
    0x0, 0x0, 0x1f, 0xff, 0x20, 0xc, 0xff, 0x60,
    0x0, 0x1, 0xff, 0xff, 0xf3, 0x0, 0x0, 0x4f,
    0xfd, 0x0, 0x7, 0xff, 0x90, 0x0, 0x5, 0xff,
    0xef, 0xf6, 0x0, 0x0, 0x8f, 0xf9, 0x0, 0x3,
    0xff, 0xd0, 0x0, 0x9, 0xff, 0x7f, 0xfa, 0x0,
    0x0, 0xcf, 0xf5, 0x0, 0x0, 0xff, 0xf1, 0x0,
    0xd, 0xff, 0xe, 0xfe, 0x0, 0x0, 0xff, 0xf1,
    0x0, 0x0, 0xbf, 0xf5, 0x0, 0x1f, 0xfc, 0xa,
    0xff, 0x20, 0x4, 0xff, 0xd0, 0x0, 0x0, 0x7f,
    0xf9, 0x0, 0x5f, 0xf8, 0x6, 0xff, 0x60, 0x8,
    0xff, 0x80, 0x0, 0x0, 0x2f, 0xfd, 0x0, 0x8f,
    0xf4, 0x2, 0xff, 0xa0, 0xc, 0xff, 0x40, 0x0,
    0x0, 0xe, 0xff, 0x10, 0xcf, 0xf0, 0x0, 0xef,
    0xe0, 0xf, 0xff, 0x0, 0x0, 0x0, 0xa, 0xff,
    0x50, 0xff, 0xc0, 0x0, 0xaf, 0xf2, 0x3f, 0xfc,
    0x0, 0x0, 0x0, 0x6, 0xff, 0x94, 0xff, 0x80,
    0x0, 0x6f, 0xf6, 0x7f, 0xf7, 0x0, 0x0, 0x0,
    0x1, 0xff, 0xd8, 0xff, 0x30, 0x0, 0x2f, 0xfa,
    0xbf, 0xf3, 0x0, 0x0, 0x0, 0x0, 0xdf, 0xfd,
    0xff, 0x0, 0x0, 0xe, 0xfe, 0xff, 0xf0, 0x0,
    0x0, 0x0, 0x0, 0x9f, 0xff, 0xfb, 0x0, 0x0,
    0xa, 0xff, 0xff, 0xb0, 0x0, 0x0, 0x0, 0x0,
    0x5f, 0xff, 0xf7, 0x0, 0x0, 0x6, 0xff, 0xff,
    0x70, 0x0, 0x0, 0x0, 0x0, 0x1f, 0xff, 0xf3,
    0x0, 0x0, 0x2, 0xff, 0xff, 0x20, 0x0, 0x0,
    0x0, 0x0, 0xc, 0xff, 0xf0, 0x0, 0x0, 0x0,
    0xef, 0xfe, 0x0, 0x0, 0x0,

    /* U+1E83 "ẃ" */
    0x0, 0x0, 0x0, 0x0, 0x0, 0x2, 0xff, 0xc0,
    0x0, 0x0, 0x0, 0x0, 0x0, 0x0, 0x0, 0x0,
    0x0, 0xaf, 0xf2, 0x0, 0x0, 0x0, 0x0, 0x0,
    0x0, 0x0, 0x0, 0x0, 0x2f, 0xf7, 0x0, 0x0,
    0x0, 0x0, 0x0, 0x0, 0x0, 0x0, 0x0, 0x5,
    0xb9, 0x0, 0x0, 0x0, 0x0, 0x0, 0x0, 0x0,
    0x0, 0x0, 0x0, 0x0, 0x0, 0x0, 0x0, 0x0,
    0x0, 0x3, 0xff, 0xd0, 0x0, 0x0, 0xf, 0xff,
    0x10, 0x0, 0x0, 0xaf, 0xf7, 0xe, 0xff, 0x20,
    0x0, 0x3, 0xff, 0xf6, 0x0, 0x0, 0xe, 0xff,
    0x20, 0xaf, 0xf6, 0x0, 0x0, 0x8f, 0xff, 0xa0,
    0x0, 0x3, 0xff, 0xd0, 0x5, 0xff, 0xa0, 0x0,
    0xc, 0xff, 0xff, 0x0, 0x0, 0x7f, 0xf8, 0x0,
    0xf, 0xfe, 0x0, 0x1, 0xff, 0xdf, 0xf3, 0x0,
    0xc, 0xff, 0x30, 0x0, 0xbf, 0xf3, 0x0, 0x5f,
    0xf4, 0xff, 0x80, 0x0, 0xff, 0xe0, 0x0, 0x6,
    0xff, 0x70, 0x9, 0xfe, 0xc, 0xfc, 0x0, 0x4f,
    0xfa, 0x0, 0x0, 0x1f, 0xfc, 0x0, 0xef, 0xa0,
    0x7f, 0xf1, 0x9, 0xff, 0x50, 0x0, 0x0, 0xdf,
    0xf0, 0x2f, 0xf5, 0x2, 0xff, 0x50, 0xdf, 0xf0,
    0x0, 0x0, 0x8, 0xff, 0x47, 0xff, 0x10, 0xe,
    0xfa, 0x1f, 0xfb, 0x0, 0x0, 0x0, 0x3f, 0xf9,
    0xbf, 0xc0, 0x0, 0x9f, 0xe6, 0xff, 0x60, 0x0,
    0x0, 0x0, 0xef, 0xef, 0xf7, 0x0, 0x4, 0xff,
    0xdf, 0xf1, 0x0, 0x0, 0x0, 0x9, 0xff, 0xff,
    0x20, 0x0, 0xf, 0xff, 0xfd, 0x0, 0x0, 0x0,
    0x0, 0x4f, 0xff, 0xe0, 0x0, 0x0, 0xbf, 0xff,
    0x80, 0x0, 0x0, 0x0, 0x0, 0xff, 0xf9, 0x0,
    0x0, 0x6, 0xff, 0xf3, 0x0, 0x0,

    /* U+1E84 "Ẅ" */
    0x0, 0x0, 0x0, 0x0, 0x8e, 0xe5, 0x4, 0xee,
    0x90, 0x0, 0x0, 0x0, 0x0, 0x0, 0x0, 0x0,
    0x0, 0x9f, 0xf6, 0x5, 0xff, 0xa0, 0x0, 0x0,
    0x0, 0x0, 0x0, 0x0, 0x0, 0x0, 0x9f, 0xf6,
    0x5, 0xff, 0xa0, 0x0, 0x0, 0x0, 0x0, 0x0,
    0x0, 0x0, 0x0, 0x0, 0x0, 0x0, 0x0, 0x0,
    0x0, 0x0, 0x0, 0x0, 0x0, 0x0, 0x0, 0x0,
    0x0, 0x0, 0x0, 0x0, 0x0, 0x0, 0x0, 0x0,
    0x0, 0xcf, 0xf6, 0x0, 0x0, 0x0, 0x1f, 0xff,
    0x30, 0x0, 0x0, 0x5, 0xff, 0xe0, 0x8f, 0xfa,
    0x0, 0x0, 0x0, 0x5f, 0xff, 0x70, 0x0, 0x0,
    0x9, 0xff, 0xa0, 0x4f, 0xfe, 0x0, 0x0, 0x0,
    0x9f, 0xff, 0xb0, 0x0, 0x0, 0xd, 0xff, 0x60,
    0xf, 0xff, 0x20, 0x0, 0x0, 0xdf, 0xff, 0xf0,
    0x0, 0x0, 0x1f, 0xff, 0x20, 0xc, 0xff, 0x60,
    0x0, 0x1, 0xff, 0xff, 0xf3, 0x0, 0x0, 0x4f,
    0xfd, 0x0, 0x7, 0xff, 0x90, 0x0, 0x5, 0xff,
    0xef, 0xf6, 0x0, 0x0, 0x8f, 0xf9, 0x0, 0x3,
    0xff, 0xd0, 0x0, 0x9, 0xff, 0x7f, 0xfa, 0x0,
    0x0, 0xcf, 0xf5, 0x0, 0x0, 0xff, 0xf1, 0x0,
    0xd, 0xff, 0xe, 0xfe, 0x0, 0x0, 0xff, 0xf1,
    0x0, 0x0, 0xbf, 0xf5, 0x0, 0x1f, 0xfc, 0xa,
    0xff, 0x20, 0x4, 0xff, 0xd0, 0x0, 0x0, 0x7f,
    0xf9, 0x0, 0x5f, 0xf8, 0x6, 0xff, 0x60, 0x8,
    0xff, 0x80, 0x0, 0x0, 0x2f, 0xfd, 0x0, 0x8f,
    0xf4, 0x2, 0xff, 0xa0, 0xc, 0xff, 0x40, 0x0,
    0x0, 0xe, 0xff, 0x10, 0xcf, 0xf0, 0x0, 0xef,
    0xe0, 0xf, 0xff, 0x0, 0x0, 0x0, 0xa, 0xff,
    0x50, 0xff, 0xc0, 0x0, 0xaf, 0xf2, 0x3f, 0xfc,
    0x0, 0x0, 0x0, 0x6, 0xff, 0x94, 0xff, 0x80,
    0x0, 0x6f, 0xf6, 0x7f, 0xf7, 0x0, 0x0, 0x0,
    0x1, 0xff, 0xd8, 0xff, 0x30, 0x0, 0x2f, 0xfa,
    0xbf, 0xf3, 0x0, 0x0, 0x0, 0x0, 0xdf, 0xfd,
    0xff, 0x0, 0x0, 0xe, 0xfe, 0xff, 0xf0, 0x0,
    0x0, 0x0, 0x0, 0x9f, 0xff, 0xfb, 0x0, 0x0,
    0xa, 0xff, 0xff, 0xb0, 0x0, 0x0, 0x0, 0x0,
    0x5f, 0xff, 0xf7, 0x0, 0x0, 0x6, 0xff, 0xff,
    0x70, 0x0, 0x0, 0x0, 0x0, 0x1f, 0xff, 0xf3,
    0x0, 0x0, 0x2, 0xff, 0xff, 0x20, 0x0, 0x0,
    0x0, 0x0, 0xc, 0xff, 0xf0, 0x0, 0x0, 0x0,
    0xef, 0xfe, 0x0, 0x0, 0x0,

    /* U+1E85 "ẅ" */
    0x0, 0x0, 0x0, 0x8, 0xff, 0x70, 0x4f, 0xfb,
    0x0, 0x0, 0x0, 0x0, 0x0, 0x0, 0x0, 0x8f,
    0xf7, 0x4, 0xff, 0xb0, 0x0, 0x0, 0x0, 0x0,
    0x0, 0x0, 0x7, 0xee, 0x60, 0x3e, 0xea, 0x0,
    0x0, 0x0, 0x0, 0x0, 0x0, 0x0, 0x0, 0x0,
    0x0, 0x0, 0x0, 0x0, 0x0, 0x0, 0x0, 0x0,
    0x0, 0x0, 0x0, 0x0, 0x0, 0x0, 0x0, 0x0,
    0x0, 0x3, 0xff, 0xd0, 0x0, 0x0, 0xf, 0xff,
    0x10, 0x0, 0x0, 0xaf, 0xf7, 0xe, 0xff, 0x20,
    0x0, 0x3, 0xff, 0xf6, 0x0, 0x0, 0xe, 0xff,
    0x20, 0xaf, 0xf6, 0x0, 0x0, 0x8f, 0xff, 0xa0,
    0x0, 0x3, 0xff, 0xd0, 0x5, 0xff, 0xa0, 0x0,
    0xc, 0xff, 0xff, 0x0, 0x0, 0x7f, 0xf8, 0x0,
    0xf, 0xfe, 0x0, 0x1, 0xff, 0xdf, 0xf3, 0x0,
    0xc, 0xff, 0x30, 0x0, 0xbf, 0xf3, 0x0, 0x5f,
    0xf4, 0xff, 0x80, 0x0, 0xff, 0xe0, 0x0, 0x6,
    0xff, 0x70, 0x9, 0xfe, 0xc, 0xfc, 0x0, 0x4f,
    0xfa, 0x0, 0x0, 0x1f, 0xfc, 0x0, 0xef, 0xa0,
    0x7f, 0xf1, 0x9, 0xff, 0x50, 0x0, 0x0, 0xdf,
    0xf0, 0x2f, 0xf5, 0x2, 0xff, 0x50, 0xdf, 0xf0,
    0x0, 0x0, 0x8, 0xff, 0x47, 0xff, 0x10, 0xe,
    0xfa, 0x1f, 0xfb, 0x0, 0x0, 0x0, 0x3f, 0xf9,
    0xbf, 0xc0, 0x0, 0x9f, 0xe6, 0xff, 0x60, 0x0,
    0x0, 0x0, 0xef, 0xef, 0xf7, 0x0, 0x4, 0xff,
    0xdf, 0xf1, 0x0, 0x0, 0x0, 0x9, 0xff, 0xff,
    0x20, 0x0, 0xf, 0xff, 0xfd, 0x0, 0x0, 0x0,
    0x0, 0x4f, 0xff, 0xe0, 0x0, 0x0, 0xbf, 0xff,
    0x80, 0x0, 0x0, 0x0, 0x0, 0xff, 0xf9, 0x0,
    0x0, 0x6, 0xff, 0xf3, 0x0, 0x0,

    /* U+1E86 "Ẇ" */
    0x0, 0x0, 0x0, 0x0, 0x0, 0x0, 0xff, 0x80,
    0x0, 0x0, 0x0, 0x0, 0x0, 0x0, 0x0, 0x0,
    0x0, 0x0, 0x0, 0xf, 0xf8, 0x0, 0x0, 0x0,
    0x0, 0x0, 0x0, 0x0, 0x0, 0x0, 0x0, 0x0,
    0x0, 0xdd, 0x70, 0x0, 0x0, 0x0, 0x0, 0x0,
    0x0, 0x0, 0x0, 0x0, 0x0, 0x0, 0x0, 0x0,
    0x0, 0x0, 0x0, 0x0, 0x0, 0x0, 0x0, 0x0,
    0x0, 0x0, 0x0, 0x0, 0x0, 0x0, 0x0, 0x0,
    0x0, 0x0, 0x0, 0x8, 0xff, 0x20, 0x0, 0x0,
    0x0, 0x7f, 0xff, 0x0, 0x0, 0x0, 0x0, 0xaf,
    0xf0, 0x4f, 0xf6, 0x0, 0x0, 0x0, 0xb, 0xff,
    0xf5, 0x0, 0x0, 0x0, 0xe, 0xfb, 0x0, 0xff,
    0xa0, 0x0, 0x0, 0x0, 0xff, 0xef, 0x90, 0x0,
    0x0, 0x2, 0xff, 0x60, 0xb, 0xfd, 0x0, 0x0,
    0x0, 0x4f, 0xe8, 0xfe, 0x0, 0x0, 0x0, 0x6f,
    0xf2, 0x0, 0x7f, 0xf1, 0x0, 0x0, 0x9, 0xfb,
    0x3f, 0xf2, 0x0, 0x0, 0xa, 0xfe, 0x0, 0x3,
    0xff, 0x50, 0x0, 0x0, 0xdf, 0x70, 0xff, 0x70,
    0x0, 0x0, 0xef, 0x90, 0x0, 0xe, 0xf8, 0x0,
    0x0, 0x2f, 0xf2, 0xb, 0xfb, 0x0, 0x0, 0x2f,
    0xf5, 0x0, 0x0, 0xaf, 0xc0, 0x0, 0x6, 0xfe,
    0x0, 0x6f, 0xf0, 0x0, 0x6, 0xff, 0x10, 0x0,
    0x6, 0xff, 0x0, 0x0, 0xbf, 0x90, 0x2, 0xff,
    0x40, 0x0, 0xaf, 0xc0, 0x0, 0x0, 0x1f, 0xf4,
    0x0, 0xf, 0xf5, 0x0, 0xd, 0xf9, 0x0, 0xe,
    0xf8, 0x0, 0x0, 0x0, 0xdf, 0x70, 0x4, 0xff,
    0x0, 0x0, 0x9f, 0xd0, 0x2, 0xff, 0x30, 0x0,
    0x0, 0x9, 0xfb, 0x0, 0x8f, 0xc0, 0x0, 0x4,
    0xff, 0x10, 0x5f, 0xe0, 0x0, 0x0, 0x0, 0x5f,
    0xf0, 0xc, 0xf7, 0x0, 0x0, 0xf, 0xf5, 0x9,
    0xfa, 0x0, 0x0, 0x0, 0x1, 0xff, 0x21, 0xff,
    0x30, 0x0, 0x0, 0xbf, 0x90, 0xdf, 0x60, 0x0,
    0x0, 0x0, 0xc, 0xf6, 0x5f, 0xe0, 0x0, 0x0,
    0x7, 0xfc, 0x1f, 0xf2, 0x0, 0x0, 0x0, 0x0,
    0x8f, 0x99, 0xfa, 0x0, 0x0, 0x0, 0x3f, 0xf5,
    0xfd, 0x0, 0x0, 0x0, 0x0, 0x4, 0xfc, 0xcf,
    0x50, 0x0, 0x0, 0x0, 0xef, 0xbf, 0x90, 0x0,
    0x0, 0x0, 0x0, 0xf, 0xff, 0xf1, 0x0, 0x0,
    0x0, 0xa, 0xff, 0xf4, 0x0, 0x0, 0x0, 0x0,
    0x0, 0xbf, 0xfc, 0x0, 0x0, 0x0, 0x0, 0x5f,
    0xff, 0x0, 0x0, 0x0, 0x0, 0x0, 0x7, 0xff,
    0x80, 0x0, 0x0, 0x0, 0x1, 0xff, 0xb0, 0x0,
    0x0, 0x0,

    /* U+1E87 "ẇ" */
    0x0, 0x0, 0x0, 0x0, 0xf, 0xf8, 0x0, 0x0,
    0x0, 0x0, 0x0, 0x0, 0x0, 0x0, 0x0, 0xff,
    0x80, 0x0, 0x0, 0x0, 0x0, 0x0, 0x0, 0x0,
    0x0, 0xd, 0xd7, 0x0, 0x0, 0x0, 0x0, 0x0,
    0x0, 0x0, 0x0, 0x0, 0x0, 0x0, 0x0, 0x0,
    0x0, 0x0, 0x0, 0x0, 0x0, 0x0, 0x0, 0x0,
    0x0, 0x0, 0x0, 0x0, 0xb, 0xfd, 0x0, 0x0,
    0x3, 0xff, 0x90, 0x0, 0x0, 0x7f, 0xe0, 0x6f,
    0xf1, 0x0, 0x0, 0x7f, 0xfd, 0x0, 0x0, 0xc,
    0xf9, 0x1, 0xff, 0x50, 0x0, 0xb, 0xff, 0xf1,
    0x0, 0x0, 0xff, 0x50, 0xd, 0xf9, 0x0, 0x0,
    0xff, 0xff, 0x50, 0x0, 0x5f, 0xf0, 0x0, 0x8f,
    0xe0, 0x0, 0x4f, 0xdb, 0xf9, 0x0, 0x9, 0xfb,
    0x0, 0x3, 0xff, 0x20, 0x8, 0xf9, 0x8f, 0xd0,
    0x0, 0xef, 0x60, 0x0, 0xe, 0xf6, 0x0, 0xcf,
    0x53, 0xff, 0x10, 0x2f, 0xf1, 0x0, 0x0, 0xaf,
    0xb0, 0xf, 0xf1, 0xf, 0xf5, 0x7, 0xfc, 0x0,
    0x0, 0x5, 0xff, 0x4, 0xfd, 0x0, 0xbf, 0x90,
    0xcf, 0x70, 0x0, 0x0, 0xf, 0xf3, 0x9f, 0x90,
    0x7, 0xfd, 0xf, 0xf3, 0x0, 0x0, 0x0, 0xbf,
    0x7d, 0xf5, 0x0, 0x3f, 0xf6, 0xfe, 0x0, 0x0,
    0x0, 0x7, 0xfd, 0xff, 0x10, 0x0, 0xef, 0xef,
    0x90, 0x0, 0x0, 0x0, 0x2f, 0xff, 0xc0, 0x0,
    0xa, 0xff, 0xf4, 0x0, 0x0, 0x0, 0x0, 0xdf,
    0xf8, 0x0, 0x0, 0x6f, 0xff, 0x0, 0x0, 0x0,
    0x0, 0x8, 0xff, 0x40, 0x0, 0x2, 0xff, 0xa0,
    0x0, 0x0,

    /* U+1E88 "Ẉ" */
    0x8f, 0xf2, 0x0, 0x0, 0x0, 0x7, 0xff, 0xf0,
    0x0, 0x0, 0x0, 0xa, 0xff, 0x4, 0xff, 0x60,
    0x0, 0x0, 0x0, 0xbf, 0xff, 0x50, 0x0, 0x0,
    0x0, 0xef, 0xb0, 0xf, 0xfa, 0x0, 0x0, 0x0,
    0xf, 0xfe, 0xf9, 0x0, 0x0, 0x0, 0x2f, 0xf6,
    0x0, 0xbf, 0xd0, 0x0, 0x0, 0x4, 0xfe, 0x8f,
    0xe0, 0x0, 0x0, 0x6, 0xff, 0x20, 0x7, 0xff,
    0x10, 0x0, 0x0, 0x9f, 0xb3, 0xff, 0x20, 0x0,
    0x0, 0xaf, 0xe0, 0x0, 0x3f, 0xf5, 0x0, 0x0,
    0xd, 0xf7, 0xf, 0xf7, 0x0, 0x0, 0xe, 0xf9,
    0x0, 0x0, 0xef, 0x80, 0x0, 0x2, 0xff, 0x20,
    0xbf, 0xb0, 0x0, 0x2, 0xff, 0x50, 0x0, 0xa,
    0xfc, 0x0, 0x0, 0x6f, 0xe0, 0x6, 0xff, 0x0,
    0x0, 0x6f, 0xf1, 0x0, 0x0, 0x6f, 0xf0, 0x0,
    0xb, 0xf9, 0x0, 0x2f, 0xf4, 0x0, 0xa, 0xfc,
    0x0, 0x0, 0x1, 0xff, 0x40, 0x0, 0xff, 0x50,
    0x0, 0xdf, 0x90, 0x0, 0xef, 0x80, 0x0, 0x0,
    0xd, 0xf7, 0x0, 0x4f, 0xf0, 0x0, 0x9, 0xfd,
    0x0, 0x2f, 0xf3, 0x0, 0x0, 0x0, 0x9f, 0xb0,
    0x8, 0xfc, 0x0, 0x0, 0x4f, 0xf1, 0x5, 0xfe,
    0x0, 0x0, 0x0, 0x5, 0xff, 0x0, 0xcf, 0x70,
    0x0, 0x0, 0xff, 0x50, 0x9f, 0xa0, 0x0, 0x0,
    0x0, 0x1f, 0xf2, 0x1f, 0xf3, 0x0, 0x0, 0xb,
    0xf9, 0xd, 0xf6, 0x0, 0x0, 0x0, 0x0, 0xcf,
    0x65, 0xfe, 0x0, 0x0, 0x0, 0x7f, 0xc1, 0xff,
    0x20, 0x0, 0x0, 0x0, 0x8, 0xf9, 0x9f, 0xa0,
    0x0, 0x0, 0x3, 0xff, 0x5f, 0xd0, 0x0, 0x0,
    0x0, 0x0, 0x4f, 0xcc, 0xf5, 0x0, 0x0, 0x0,
    0xe, 0xfb, 0xf9, 0x0, 0x0, 0x0, 0x0, 0x0,
    0xff, 0xff, 0x10, 0x0, 0x0, 0x0, 0xaf, 0xff,
    0x40, 0x0, 0x0, 0x0, 0x0, 0xb, 0xff, 0xc0,
    0x0, 0x0, 0x0, 0x5, 0xff, 0xf0, 0x0, 0x0,
    0x0, 0x0, 0x0, 0x7f, 0xf8, 0x0, 0x0, 0x0,
    0x0, 0x1f, 0xfb, 0x0, 0x0, 0x0, 0x0, 0x0,
    0x0, 0x0, 0x0, 0x0, 0x0, 0x0, 0x0, 0x0,
    0x0, 0x0, 0x0, 0x0, 0x0, 0x0, 0x0, 0x0,
    0x0, 0x0, 0x0, 0x0, 0x0, 0x0, 0x0, 0x0,
    0x0, 0x0, 0x0, 0x0, 0x0, 0x0, 0x0, 0x0,
    0x0, 0x0, 0x0, 0x0, 0x0, 0x0, 0x0, 0x0,
    0x0, 0x0, 0x0, 0x0, 0xd, 0xd7, 0x0, 0x0,
    0x0, 0x0, 0x0, 0x0, 0x0, 0x0, 0x0, 0x0,
    0x0, 0x0, 0xff, 0x80, 0x0, 0x0, 0x0, 0x0,
    0x0, 0x0, 0x0, 0x0, 0x0, 0x0, 0x0, 0xf,
    0xf8, 0x0, 0x0, 0x0, 0x0, 0x0, 0x0,

    /* U+1E89 "ẉ" */
    0xbf, 0xd0, 0x0, 0x0, 0x3f, 0xf9, 0x0, 0x0,
    0x7, 0xfe, 0x6, 0xff, 0x10, 0x0, 0x7, 0xff,
    0xd0, 0x0, 0x0, 0xcf, 0x90, 0x1f, 0xf5, 0x0,
    0x0, 0xbf, 0xff, 0x10, 0x0, 0xf, 0xf5, 0x0,
    0xdf, 0x90, 0x0, 0xf, 0xff, 0xf5, 0x0, 0x5,
    0xff, 0x0, 0x8, 0xfe, 0x0, 0x4, 0xfd, 0xbf,
    0x90, 0x0, 0x9f, 0xb0, 0x0, 0x3f, 0xf2, 0x0,
    0x8f, 0x98, 0xfd, 0x0, 0xe, 0xf6, 0x0, 0x0,
    0xef, 0x60, 0xc, 0xf5, 0x3f, 0xf1, 0x2, 0xff,
    0x10, 0x0, 0xa, 0xfb, 0x0, 0xff, 0x10, 0xff,
    0x50, 0x7f, 0xc0, 0x0, 0x0, 0x5f, 0xf0, 0x4f,
    0xd0, 0xb, 0xf9, 0xc, 0xf7, 0x0, 0x0, 0x0,
    0xff, 0x39, 0xf9, 0x0, 0x7f, 0xd0, 0xff, 0x30,
    0x0, 0x0, 0xb, 0xf7, 0xdf, 0x50, 0x3, 0xff,
    0x6f, 0xe0, 0x0, 0x0, 0x0, 0x7f, 0xdf, 0xf1,
    0x0, 0xe, 0xfe, 0xf9, 0x0, 0x0, 0x0, 0x2,
    0xff, 0xfc, 0x0, 0x0, 0xaf, 0xff, 0x40, 0x0,
    0x0, 0x0, 0xd, 0xff, 0x80, 0x0, 0x6, 0xff,
    0xf0, 0x0, 0x0, 0x0, 0x0, 0x8f, 0xf4, 0x0,
    0x0, 0x2f, 0xfa, 0x0, 0x0, 0x0, 0x0, 0x0,
    0x0, 0x0, 0x0, 0x0, 0x0, 0x0, 0x0, 0x0,
    0x0, 0x0, 0x0, 0x0, 0x0, 0x0, 0x0, 0x0,
    0x0, 0x0, 0x0, 0x0, 0x0, 0x0, 0x0, 0x0,
    0x0, 0x0, 0x0, 0x0, 0x0, 0x0, 0x0, 0x0,
    0x0, 0xd, 0xd7, 0x0, 0x0, 0x0, 0x0, 0x0,
    0x0, 0x0, 0x0, 0x0, 0xff, 0x80, 0x0, 0x0,
    0x0, 0x0, 0x0, 0x0, 0x0, 0x0, 0xf, 0xf8,
    0x0, 0x0, 0x0, 0x0, 0x0,

    /* U+1E8A "Ẋ" */
    0x0, 0x0, 0x0, 0x0, 0x7f, 0xf0, 0x0, 0x0,
    0x0, 0x0, 0x0, 0x0, 0x0, 0x7, 0xff, 0x0,
    0x0, 0x0, 0x0, 0x0, 0x0, 0x0, 0x0, 0x6d,
    0xd0, 0x0, 0x0, 0x0, 0x0, 0x0, 0x0, 0x0,
    0x0, 0x0, 0x0, 0x0, 0x0, 0x0, 0x0, 0x0,
    0x0, 0x0, 0x0, 0x0, 0x0, 0x0, 0x0, 0x0,
    0x9f, 0xf8, 0x0, 0x0, 0x0, 0x0, 0x5, 0xff,
    0x90, 0x0, 0xdf, 0xf4, 0x0, 0x0, 0x0, 0x2,
    0xff, 0xc0, 0x0, 0x3, 0xff, 0xe1, 0x0, 0x0,
    0x0, 0xcf, 0xf2, 0x0, 0x0, 0x7, 0xff, 0xa0,
    0x0, 0x0, 0x9f, 0xf5, 0x0, 0x0, 0x0, 0xb,
    0xff, 0x60, 0x0, 0x5f, 0xf9, 0x0, 0x0, 0x0,
    0x0, 0x1e, 0xff, 0x20, 0x2f, 0xfc, 0x0, 0x0,
    0x0, 0x0, 0x0, 0x4f, 0xfc, 0xc, 0xff, 0x20,
    0x0, 0x0, 0x0, 0x0, 0x0, 0x9f, 0xfc, 0xff,
    0x50, 0x0, 0x0, 0x0, 0x0, 0x0, 0x0, 0xdf,
    0xff, 0x90, 0x0, 0x0, 0x0, 0x0, 0x0, 0x0,
    0x4, 0xff, 0xf1, 0x0, 0x0, 0x0, 0x0, 0x0,
    0x0, 0x0, 0xcf, 0xff, 0xb0, 0x0, 0x0, 0x0,
    0x0, 0x0, 0x0, 0x8f, 0xfd, 0xff, 0x60, 0x0,
    0x0, 0x0, 0x0, 0x0, 0x4f, 0xfa, 0x1e, 0xff,
    0x20, 0x0, 0x0, 0x0, 0x0, 0x1e, 0xfe, 0x10,
    0x5f, 0xfd, 0x0, 0x0, 0x0, 0x0, 0xb, 0xff,
    0x40, 0x0, 0xaf, 0xf9, 0x0, 0x0, 0x0, 0x8,
    0xff, 0x90, 0x0, 0x1, 0xef, 0xf4, 0x0, 0x0,
    0x4, 0xff, 0xd0, 0x0, 0x0, 0x4, 0xff, 0xe1,
    0x0, 0x1, 0xef, 0xf2, 0x0, 0x0, 0x0, 0x8,
    0xff, 0xb0, 0x0, 0xbf, 0xf6, 0x0, 0x0, 0x0,
    0x0, 0xc, 0xff, 0x70, 0x7f, 0xfb, 0x0, 0x0,
    0x0, 0x0, 0x0, 0x2f, 0xff, 0x20,

    /* U+1E8B "ẋ" */
    0x0, 0x0, 0x2, 0xff, 0x60, 0x0, 0x0, 0x0,
    0x0, 0x2, 0xff, 0x60, 0x0, 0x0, 0x0, 0x0,
    0x1, 0xdd, 0x50, 0x0, 0x0, 0x0, 0x0, 0x0,
    0x0, 0x0, 0x0, 0x0, 0x0, 0x0, 0x0, 0x0,
    0x0, 0x0, 0x0, 0x1f, 0xfe, 0x10, 0x0, 0x0,
    0xdf, 0xe1, 0x5, 0xff, 0xa0, 0x0, 0x8, 0xff,
    0x50, 0x0, 0xaf, 0xf4, 0x0, 0x3f, 0xfa, 0x0,
    0x0, 0x1e, 0xfd, 0x0, 0xdf, 0xd0, 0x0, 0x0,
    0x5, 0xff, 0x89, 0xff, 0x30, 0x0, 0x0, 0x0,
    0xaf, 0xff, 0xf7, 0x0, 0x0, 0x0, 0x0, 0x1e,
    0xff, 0xc0, 0x0, 0x0, 0x0, 0x0, 0xb, 0xff,
    0xb0, 0x0, 0x0, 0x0, 0x0, 0x6f, 0xff, 0xf6,
    0x0, 0x0, 0x0, 0x1, 0xff, 0xbb, 0xff, 0x10,
    0x0, 0x0, 0xb, 0xff, 0x12, 0xff, 0xb0, 0x0,
    0x0, 0x6f, 0xf6, 0x0, 0x7f, 0xf6, 0x0, 0x2,
    0xff, 0xc0, 0x0, 0xc, 0xff, 0x20, 0xc, 0xff,
    0x20, 0x0, 0x3, 0xff, 0xc0, 0x7f, 0xf8, 0x0,
    0x0, 0x0, 0x8f, 0xf7,

    /* U+1E8C "Ẍ" */
    0x0, 0x0, 0x8, 0xff, 0x0, 0x7f, 0xf0, 0x0,
    0x0, 0x0, 0x0, 0x0, 0x8f, 0xf0, 0x7, 0xff,
    0x0, 0x0, 0x0, 0x0, 0x0, 0x7, 0xdd, 0x0,
    0x6d, 0xd0, 0x0, 0x0, 0x0, 0x0, 0x0, 0x0,
    0x0, 0x0, 0x0, 0x0, 0x0, 0x0, 0x0, 0x0,
    0x0, 0x0, 0x0, 0x0, 0x0, 0x0, 0x0, 0x0,
    0x9f, 0xf8, 0x0, 0x0, 0x0, 0x0, 0x5, 0xff,
    0x90, 0x0, 0xdf, 0xf4, 0x0, 0x0, 0x0, 0x2,
    0xff, 0xc0, 0x0, 0x3, 0xff, 0xe1, 0x0, 0x0,
    0x0, 0xcf, 0xf2, 0x0, 0x0, 0x7, 0xff, 0xa0,
    0x0, 0x0, 0x9f, 0xf5, 0x0, 0x0, 0x0, 0xb,
    0xff, 0x60, 0x0, 0x5f, 0xf9, 0x0, 0x0, 0x0,
    0x0, 0x1e, 0xff, 0x20, 0x2f, 0xfc, 0x0, 0x0,
    0x0, 0x0, 0x0, 0x4f, 0xfc, 0xc, 0xff, 0x20,
    0x0, 0x0, 0x0, 0x0, 0x0, 0x9f, 0xfc, 0xff,
    0x50, 0x0, 0x0, 0x0, 0x0, 0x0, 0x0, 0xdf,
    0xff, 0x90, 0x0, 0x0, 0x0, 0x0, 0x0, 0x0,
    0x4, 0xff, 0xf1, 0x0, 0x0, 0x0, 0x0, 0x0,
    0x0, 0x0, 0xcf, 0xff, 0xb0, 0x0, 0x0, 0x0,
    0x0, 0x0, 0x0, 0x8f, 0xfd, 0xff, 0x60, 0x0,
    0x0, 0x0, 0x0, 0x0, 0x4f, 0xfa, 0x1e, 0xff,
    0x20, 0x0, 0x0, 0x0, 0x0, 0x1e, 0xfe, 0x10,
    0x5f, 0xfd, 0x0, 0x0, 0x0, 0x0, 0xb, 0xff,
    0x40, 0x0, 0xaf, 0xf9, 0x0, 0x0, 0x0, 0x8,
    0xff, 0x90, 0x0, 0x1, 0xef, 0xf4, 0x0, 0x0,
    0x4, 0xff, 0xd0, 0x0, 0x0, 0x4, 0xff, 0xe1,
    0x0, 0x1, 0xef, 0xf2, 0x0, 0x0, 0x0, 0x8,
    0xff, 0xb0, 0x0, 0xbf, 0xf6, 0x0, 0x0, 0x0,
    0x0, 0xc, 0xff, 0x70, 0x7f, 0xfb, 0x0, 0x0,
    0x0, 0x0, 0x0, 0x2f, 0xff, 0x20,

    /* U+1E8D "ẍ" */
    0x0, 0xf, 0xf9, 0x0, 0xef, 0xa0, 0x0, 0x0,
    0xf, 0xf9, 0x0, 0xef, 0xa0, 0x0, 0x0, 0xc,
    0xd7, 0x0, 0xbd, 0x80, 0x0, 0x0, 0x0, 0x0,
    0x0, 0x0, 0x0, 0x0, 0x0, 0x0, 0x0, 0x0,
    0x0, 0x0, 0x0, 0x1f, 0xfe, 0x10, 0x0, 0x0,
    0xdf, 0xe1, 0x5, 0xff, 0xa0, 0x0, 0x8, 0xff,
    0x50, 0x0, 0xaf, 0xf4, 0x0, 0x3f, 0xfa, 0x0,
    0x0, 0x1e, 0xfd, 0x0, 0xdf, 0xd0, 0x0, 0x0,
    0x5, 0xff, 0x89, 0xff, 0x30, 0x0, 0x0, 0x0,
    0xaf, 0xff, 0xf7, 0x0, 0x0, 0x0, 0x0, 0x1e,
    0xff, 0xc0, 0x0, 0x0, 0x0, 0x0, 0xb, 0xff,
    0xb0, 0x0, 0x0, 0x0, 0x0, 0x6f, 0xff, 0xf6,
    0x0, 0x0, 0x0, 0x1, 0xff, 0xbb, 0xff, 0x10,
    0x0, 0x0, 0xb, 0xff, 0x12, 0xff, 0xb0, 0x0,
    0x0, 0x6f, 0xf6, 0x0, 0x7f, 0xf6, 0x0, 0x2,
    0xff, 0xc0, 0x0, 0xc, 0xff, 0x20, 0xc, 0xff,
    0x20, 0x0, 0x3, 0xff, 0xc0, 0x7f, 0xf8, 0x0,
    0x0, 0x0, 0x8f, 0xf7,

    /* U+1E8E "Ẏ" */
    0x0, 0x0, 0x0, 0x0, 0xdf, 0xa0, 0x0, 0x0,
    0x0, 0x0, 0x0, 0x0, 0x0, 0xd, 0xfa, 0x0,
    0x0, 0x0, 0x0, 0x0, 0x0, 0x0, 0x0, 0xbd,
    0x90, 0x0, 0x0, 0x0, 0x0, 0x0, 0x0, 0x0,
    0x0, 0x0, 0x0, 0x0, 0x0, 0x0, 0x0, 0x0,
    0x0, 0x0, 0x0, 0x0, 0x0, 0x0, 0x0, 0x8,
    0xff, 0xa0, 0x0, 0x0, 0x0, 0x0, 0x0, 0xdf,
    0xf3, 0xd, 0xff, 0x50, 0x0, 0x0, 0x0, 0x0,
    0x9f, 0xf7, 0x0, 0x3f, 0xfe, 0x10, 0x0, 0x0,
    0x0, 0x3f, 0xfc, 0x0, 0x0, 0x8f, 0xfa, 0x0,
    0x0, 0x0, 0xd, 0xff, 0x20, 0x0, 0x0, 0xdf,
    0xf4, 0x0, 0x0, 0x8, 0xff, 0x60, 0x0, 0x0,
    0x3, 0xff, 0xe0, 0x0, 0x3, 0xff, 0xb0, 0x0,
    0x0, 0x0, 0x8, 0xff, 0x90, 0x0, 0xdf, 0xe1,
    0x0, 0x0, 0x0, 0x0, 0xd, 0xff, 0x30, 0x7f,
    0xf5, 0x0, 0x0, 0x0, 0x0, 0x0, 0x3f, 0xfd,
    0x2f, 0xfa, 0x0, 0x0, 0x0, 0x0, 0x0, 0x0,
    0x8f, 0xfe, 0xfe, 0x0, 0x0, 0x0, 0x0, 0x0,
    0x0, 0x0, 0xdf, 0xff, 0x40, 0x0, 0x0, 0x0,
    0x0, 0x0, 0x0, 0x3, 0xff, 0xa0, 0x0, 0x0,
    0x0, 0x0, 0x0, 0x0, 0x0, 0x2f, 0xf8, 0x0,
    0x0, 0x0, 0x0, 0x0, 0x0, 0x0, 0x2, 0xff,
    0x80, 0x0, 0x0, 0x0, 0x0, 0x0, 0x0, 0x0,
    0x2f, 0xf8, 0x0, 0x0, 0x0, 0x0, 0x0, 0x0,
    0x0, 0x2, 0xff, 0x80, 0x0, 0x0, 0x0, 0x0,
    0x0, 0x0, 0x0, 0x2f, 0xf8, 0x0, 0x0, 0x0,
    0x0, 0x0, 0x0, 0x0, 0x2, 0xff, 0x80, 0x0,
    0x0, 0x0, 0x0, 0x0, 0x0, 0x0, 0x2f, 0xf8,
    0x0, 0x0, 0x0, 0x0, 0x0, 0x0, 0x0, 0x2,
    0xff, 0x80, 0x0, 0x0, 0x0, 0x0,

    /* U+1E8F "ẏ" */
    0x0, 0x0, 0x0, 0xff, 0x80, 0x0, 0x0, 0x0,
    0x0, 0x0, 0xff, 0x80, 0x0, 0x0, 0x0, 0x0,
    0x0, 0xdd, 0x70, 0x0, 0x0, 0x0, 0x0, 0x0,
    0x0, 0x0, 0x0, 0x0, 0x0, 0x0, 0x0, 0x0,
    0x0, 0x0, 0x0, 0x5f, 0xf4, 0x0, 0x0, 0x0,
    0xe, 0xf9, 0xf, 0xfa, 0x0, 0x0, 0x0, 0x4f,
    0xf3, 0xa, 0xff, 0x0, 0x0, 0x0, 0x9f, 0xd0,
    0x4, 0xff, 0x50, 0x0, 0x0, 0xef, 0x80, 0x0,
    0xef, 0xa0, 0x0, 0x5, 0xff, 0x20, 0x0, 0x8f,
    0xf0, 0x0, 0xa, 0xfc, 0x0, 0x0, 0x2f, 0xf5,
    0x0, 0xf, 0xf6, 0x0, 0x0, 0xc, 0xfb, 0x0,
    0x5f, 0xf1, 0x0, 0x0, 0x6, 0xff, 0x10, 0xbf,
    0xa0, 0x0, 0x0, 0x1, 0xff, 0x60, 0xff, 0x40,
    0x0, 0x0, 0x0, 0xbf, 0xb5, 0xfe, 0x0, 0x0,
    0x0, 0x0, 0x5f, 0xfa, 0xf9, 0x0, 0x0, 0x0,
    0x0, 0xe, 0xff, 0xf3, 0x0, 0x0, 0x0, 0x0,
    0x9, 0xff, 0xd0, 0x0, 0x0, 0x0, 0x0, 0x3,
    0xff, 0x70, 0x0, 0x0, 0x0, 0x0, 0x3, 0xff,
    0x20, 0x0, 0x0, 0x0, 0x0, 0x9, 0xfb, 0x0,
    0x0, 0x0, 0x0, 0x0, 0x1f, 0xf5, 0x0, 0x0,
    0x0, 0x4, 0x78, 0xef, 0xd0, 0x0, 0x0, 0x0,
    0x6, 0xff, 0xff, 0x40, 0x0, 0x0, 0x0, 0x3,
    0xef, 0xc4, 0x0, 0x0, 0x0, 0x0,

    /* U+1E90 "Ẑ" */
    0x0, 0x0, 0x0, 0x5, 0x88, 0x20, 0x0, 0x0,
    0x0, 0x0, 0x0, 0x4, 0xff, 0xfc, 0x0, 0x0,
    0x0, 0x0, 0x0, 0x1, 0xef, 0x9d, 0xf9, 0x0,
    0x0, 0x0, 0x0, 0x0, 0xbf, 0xe0, 0x4f, 0xf5,
    0x0, 0x0, 0x0, 0x0, 0x28, 0x83, 0x0, 0x68,
    0x70, 0x0, 0x0, 0x0, 0x0, 0x0, 0x0, 0x0,
    0x0, 0x0, 0x0, 0x5, 0xff, 0xff, 0xff, 0xff,
    0xff, 0xff, 0xff, 0x0, 0x5f, 0xff, 0xff, 0xff,
    0xff, 0xff, 0xff, 0xf0, 0x2, 0x66, 0x66, 0x66,
    0x66, 0x66, 0xaf, 0xfd, 0x0, 0x0, 0x0, 0x0,
    0x0, 0x0, 0x3f, 0xff, 0x20, 0x0, 0x0, 0x0,
    0x0, 0x0, 0x1e, 0xff, 0x40, 0x0, 0x0, 0x0,
    0x0, 0x0, 0xc, 0xff, 0x70, 0x0, 0x0, 0x0,
    0x0, 0x0, 0x9, 0xff, 0xa0, 0x0, 0x0, 0x0,
    0x0, 0x0, 0x6, 0xff, 0xc0, 0x0, 0x0, 0x0,
    0x0, 0x0, 0x4, 0xff, 0xe1, 0x0, 0x0, 0x0,
    0x0, 0x0, 0x2, 0xef, 0xf3, 0x0, 0x0, 0x0,
    0x0, 0x0, 0x0, 0xdf, 0xf6, 0x0, 0x0, 0x0,
    0x0, 0x0, 0x0, 0xaf, 0xf9, 0x0, 0x0, 0x0,
    0x0, 0x0, 0x0, 0x7f, 0xfb, 0x0, 0x0, 0x0,
    0x0, 0x0, 0x0, 0x4f, 0xfd, 0x10, 0x0, 0x0,
    0x0, 0x0, 0x0, 0x2f, 0xff, 0x20, 0x0, 0x0,
    0x0, 0x0, 0x0, 0xd, 0xff, 0x50, 0x0, 0x0,
    0x0, 0x0, 0x0, 0xb, 0xff, 0x70, 0x0, 0x0,
    0x0, 0x0, 0x0, 0x6, 0xff, 0xe6, 0x66, 0x66,
    0x66, 0x66, 0x66, 0x62, 0x8f, 0xff, 0xff, 0xff,
    0xff, 0xff, 0xff, 0xff, 0x58, 0xff, 0xff, 0xff,
    0xff, 0xff, 0xff, 0xff, 0xf5,

    /* U+1E91 "ẑ" */
    0x0, 0x0, 0x9, 0xff, 0xd1, 0x0, 0x0, 0x0,
    0x0, 0x7f, 0xfa, 0xfd, 0x10, 0x0, 0x0, 0x6,
    0xff, 0x50, 0xcf, 0xc0, 0x0, 0x0, 0x4, 0x43,
    0x0, 0x14, 0x41, 0x0, 0x0, 0x0, 0x0, 0x0,
    0x0, 0x0, 0x0, 0xe, 0xff, 0xff, 0xff, 0xff,
    0xff, 0xf0, 0xe, 0xff, 0xff, 0xff, 0xff, 0xff,
    0xe0, 0x0, 0x0, 0x0, 0x0, 0x9, 0xff, 0x40,
    0x0, 0x0, 0x0, 0x0, 0x7f, 0xf6, 0x0, 0x0,
    0x0, 0x0, 0x4, 0xff, 0x90, 0x0, 0x0, 0x0,
    0x0, 0x3f, 0xfc, 0x0, 0x0, 0x0, 0x0, 0x1,
    0xef, 0xe1, 0x0, 0x0, 0x0, 0x0, 0xc, 0xff,
    0x30, 0x0, 0x0, 0x0, 0x0, 0xaf, 0xf5, 0x0,
    0x0, 0x0, 0x0, 0x8, 0xff, 0x80, 0x0, 0x0,
    0x0, 0x0, 0x5f, 0xfb, 0x0, 0x0, 0x0, 0x0,
    0x3, 0xff, 0xd0, 0x0, 0x0, 0x0, 0x0, 0x1e,
    0xfe, 0x31, 0x11, 0x11, 0x11, 0x10, 0x7f, 0xff,
    0xff, 0xff, 0xff, 0xff, 0xf6, 0x7f, 0xff, 0xff,
    0xff, 0xff, 0xff, 0xf6,

    /* U+1E92 "Ẓ" */
    0x5, 0xff, 0xff, 0xff, 0xff, 0xff, 0xff, 0xff,
    0x0, 0x5f, 0xff, 0xff, 0xff, 0xff, 0xff, 0xff,
    0xf0, 0x2, 0x66, 0x66, 0x66, 0x66, 0x66, 0xaf,
    0xfd, 0x0, 0x0, 0x0, 0x0, 0x0, 0x0, 0x3f,
    0xff, 0x20, 0x0, 0x0, 0x0, 0x0, 0x0, 0x1e,
    0xff, 0x40, 0x0, 0x0, 0x0, 0x0, 0x0, 0xc,
    0xff, 0x70, 0x0, 0x0, 0x0, 0x0, 0x0, 0x9,
    0xff, 0xa0, 0x0, 0x0, 0x0, 0x0, 0x0, 0x6,
    0xff, 0xc0, 0x0, 0x0, 0x0, 0x0, 0x0, 0x4,
    0xff, 0xe1, 0x0, 0x0, 0x0, 0x0, 0x0, 0x2,
    0xef, 0xf3, 0x0, 0x0, 0x0, 0x0, 0x0, 0x0,
    0xdf, 0xf6, 0x0, 0x0, 0x0, 0x0, 0x0, 0x0,
    0xaf, 0xf9, 0x0, 0x0, 0x0, 0x0, 0x0, 0x0,
    0x7f, 0xfb, 0x0, 0x0, 0x0, 0x0, 0x0, 0x0,
    0x4f, 0xfd, 0x10, 0x0, 0x0, 0x0, 0x0, 0x0,
    0x2f, 0xff, 0x20, 0x0, 0x0, 0x0, 0x0, 0x0,
    0xd, 0xff, 0x50, 0x0, 0x0, 0x0, 0x0, 0x0,
    0xb, 0xff, 0x70, 0x0, 0x0, 0x0, 0x0, 0x0,
    0x6, 0xff, 0xe6, 0x66, 0x66, 0x66, 0x66, 0x66,
    0x62, 0x8f, 0xff, 0xff, 0xff, 0xff, 0xff, 0xff,
    0xff, 0x58, 0xff, 0xff, 0xff, 0xff, 0xff, 0xff,
    0xff, 0xf5, 0x0, 0x0, 0x0, 0x0, 0x0, 0x0,
    0x0, 0x0, 0x0, 0x0, 0x0, 0x0, 0x0, 0x0,
    0x0, 0x0, 0x0, 0x0, 0x0, 0x0, 0x0, 0x0,
    0x0, 0x0, 0x0, 0x0, 0x0, 0x0, 0x0, 0xdd,
    0x60, 0x0, 0x0, 0x0, 0x0, 0x0, 0x0, 0xf,
    0xf7, 0x0, 0x0, 0x0, 0x0, 0x0, 0x0, 0x0,
    0xff, 0x70, 0x0, 0x0, 0x0,

    /* U+1E93 "ẓ" */
    0xe, 0xff, 0xff, 0xff, 0xff, 0xff, 0xf0, 0xe,
    0xff, 0xff, 0xff, 0xff, 0xff, 0xe0, 0x0, 0x0,
    0x0, 0x0, 0x9, 0xff, 0x40, 0x0, 0x0, 0x0,
    0x0, 0x7f, 0xf6, 0x0, 0x0, 0x0, 0x0, 0x4,
    0xff, 0x90, 0x0, 0x0, 0x0, 0x0, 0x3f, 0xfc,
    0x0, 0x0, 0x0, 0x0, 0x1, 0xef, 0xe1, 0x0,
    0x0, 0x0, 0x0, 0xc, 0xff, 0x30, 0x0, 0x0,
    0x0, 0x0, 0xaf, 0xf5, 0x0, 0x0, 0x0, 0x0,
    0x8, 0xff, 0x80, 0x0, 0x0, 0x0, 0x0, 0x5f,
    0xfb, 0x0, 0x0, 0x0, 0x0, 0x3, 0xff, 0xd0,
    0x0, 0x0, 0x0, 0x0, 0x1e, 0xfe, 0x31, 0x11,
    0x11, 0x11, 0x10, 0x7f, 0xff, 0xff, 0xff, 0xff,
    0xff, 0xf6, 0x7f, 0xff, 0xff, 0xff, 0xff, 0xff,
    0xf6, 0x0, 0x0, 0x0, 0x0, 0x0, 0x0, 0x0,
    0x0, 0x0, 0x0, 0x0, 0x0, 0x0, 0x0, 0x0,
    0x0, 0x0, 0x0, 0x0, 0x0, 0x0, 0x0, 0x0,
    0x4, 0xdd, 0x20, 0x0, 0x0, 0x0, 0x0, 0x5,
    0xff, 0x30, 0x0, 0x0, 0x0, 0x0, 0x5, 0xff,
    0x30, 0x0, 0x0,

    /* U+1E94 "Ẕ" */
    0x5, 0xff, 0xff, 0xff, 0xff, 0xff, 0xff, 0xff,
    0x0, 0x5f, 0xff, 0xff, 0xff, 0xff, 0xff, 0xff,
    0xf0, 0x2, 0x66, 0x66, 0x66, 0x66, 0x66, 0xaf,
    0xfd, 0x0, 0x0, 0x0, 0x0, 0x0, 0x0, 0x3f,
    0xff, 0x20, 0x0, 0x0, 0x0, 0x0, 0x0, 0x1e,
    0xff, 0x40, 0x0, 0x0, 0x0, 0x0, 0x0, 0xc,
    0xff, 0x70, 0x0, 0x0, 0x0, 0x0, 0x0, 0x9,
    0xff, 0xa0, 0x0, 0x0, 0x0, 0x0, 0x0, 0x6,
    0xff, 0xc0, 0x0, 0x0, 0x0, 0x0, 0x0, 0x4,
    0xff, 0xe1, 0x0, 0x0, 0x0, 0x0, 0x0, 0x2,
    0xef, 0xf3, 0x0, 0x0, 0x0, 0x0, 0x0, 0x0,
    0xdf, 0xf6, 0x0, 0x0, 0x0, 0x0, 0x0, 0x0,
    0xaf, 0xf9, 0x0, 0x0, 0x0, 0x0, 0x0, 0x0,
    0x7f, 0xfb, 0x0, 0x0, 0x0, 0x0, 0x0, 0x0,
    0x4f, 0xfd, 0x10, 0x0, 0x0, 0x0, 0x0, 0x0,
    0x2f, 0xff, 0x20, 0x0, 0x0, 0x0, 0x0, 0x0,
    0xd, 0xff, 0x50, 0x0, 0x0, 0x0, 0x0, 0x0,
    0xb, 0xff, 0x70, 0x0, 0x0, 0x0, 0x0, 0x0,
    0x6, 0xff, 0xe6, 0x66, 0x66, 0x66, 0x66, 0x66,
    0x62, 0x8f, 0xff, 0xff, 0xff, 0xff, 0xff, 0xff,
    0xff, 0x58, 0xff, 0xff, 0xff, 0xff, 0xff, 0xff,
    0xff, 0xf5, 0x0, 0x0, 0x0, 0x0, 0x0, 0x0,
    0x0, 0x0, 0x0, 0x0, 0x0, 0x0, 0x0, 0x0,
    0x0, 0x0, 0x0, 0x0, 0x0, 0x0, 0x0, 0x0,
    0x0, 0x0, 0x0, 0x0, 0x0, 0xd, 0xff, 0xff,
    0xff, 0xfb, 0x0, 0x0, 0x0, 0x0, 0xdf, 0xff,
    0xff, 0xff, 0xb0, 0x0, 0x0, 0x0, 0x1, 0x11,
    0x11, 0x11, 0x10, 0x0, 0x0,

    /* U+1E95 "ẕ" */
    0xe, 0xff, 0xff, 0xff, 0xff, 0xff, 0xf0, 0xe,
    0xff, 0xff, 0xff, 0xff, 0xff, 0xe0, 0x0, 0x0,
    0x0, 0x0, 0x9, 0xff, 0x40, 0x0, 0x0, 0x0,
    0x0, 0x7f, 0xf6, 0x0, 0x0, 0x0, 0x0, 0x4,
    0xff, 0x90, 0x0, 0x0, 0x0, 0x0, 0x3f, 0xfc,
    0x0, 0x0, 0x0, 0x0, 0x1, 0xef, 0xe1, 0x0,
    0x0, 0x0, 0x0, 0xc, 0xff, 0x30, 0x0, 0x0,
    0x0, 0x0, 0xaf, 0xf5, 0x0, 0x0, 0x0, 0x0,
    0x8, 0xff, 0x80, 0x0, 0x0, 0x0, 0x0, 0x5f,
    0xfb, 0x0, 0x0, 0x0, 0x0, 0x3, 0xff, 0xd0,
    0x0, 0x0, 0x0, 0x0, 0x1e, 0xfe, 0x31, 0x11,
    0x11, 0x11, 0x10, 0x7f, 0xff, 0xff, 0xff, 0xff,
    0xff, 0xf6, 0x7f, 0xff, 0xff, 0xff, 0xff, 0xff,
    0xf6, 0x0, 0x0, 0x0, 0x0, 0x0, 0x0, 0x0,
    0x0, 0x0, 0x0, 0x0, 0x0, 0x0, 0x0, 0x0,
    0x0, 0x0, 0x0, 0x0, 0x0, 0x0, 0x0, 0x3f,
    0xff, 0xff, 0xff, 0xf5, 0x0, 0x0, 0x3f, 0xff,
    0xff, 0xff, 0xf5, 0x0, 0x0, 0x1, 0x11, 0x11,
    0x11, 0x10, 0x0,

    /* U+1E96 "ẖ" */
    0x2f, 0xf5, 0x0, 0x0, 0x0, 0x0, 0x2, 0xff,
    0x50, 0x0, 0x0, 0x0, 0x0, 0x2f, 0xf5, 0x0,
    0x0, 0x0, 0x0, 0x2, 0xff, 0x50, 0x0, 0x0,
    0x0, 0x0, 0x2f, 0xf5, 0x0, 0x0, 0x0, 0x0,
    0x2, 0xff, 0x51, 0x8d, 0xfe, 0xb5, 0x0, 0x2f,
    0xf8, 0xef, 0xff, 0xff, 0xf9, 0x2, 0xff, 0xff,
    0x83, 0x36, 0xff, 0xf3, 0x2f, 0xff, 0x40, 0x0,
    0x4, 0xff, 0x82, 0xff, 0xb0, 0x0, 0x0, 0xe,
    0xfa, 0x2f, 0xf7, 0x0, 0x0, 0x0, 0xcf, 0xb2,
    0xff, 0x50, 0x0, 0x0, 0xc, 0xfb, 0x2f, 0xf5,
    0x0, 0x0, 0x0, 0xcf, 0xb2, 0xff, 0x50, 0x0,
    0x0, 0xc, 0xfb, 0x2f, 0xf5, 0x0, 0x0, 0x0,
    0xcf, 0xb2, 0xff, 0x50, 0x0, 0x0, 0xc, 0xfb,
    0x2f, 0xf5, 0x0, 0x0, 0x0, 0xcf, 0xb2, 0xff,
    0x50, 0x0, 0x0, 0xc, 0xfb, 0x2f, 0xf5, 0x0,
    0x0, 0x0, 0xcf, 0xb2, 0xff, 0x50, 0x0, 0x0,
    0xc, 0xfb, 0x0, 0x0, 0x0, 0x0, 0x0, 0x0,
    0x0, 0x0, 0x0, 0x0, 0x0, 0x0, 0x0, 0x0,
    0x0, 0x0, 0x0, 0x0, 0x0, 0x0, 0x6, 0xff,
    0xff, 0xff, 0xff, 0x20, 0x0, 0x6f, 0xff, 0xff,
    0xff, 0xf2, 0x0, 0x0, 0x11, 0x11, 0x11, 0x11,
    0x0,

    /* U+1E97 "ẗ" */
    0xff, 0x90, 0xe, 0xfa, 0xff, 0x90, 0xe, 0xfa,
    0xcd, 0x70, 0xc, 0xd8, 0x0, 0x0, 0x0, 0x0,
    0x0, 0x0, 0x0, 0x0, 0x0, 0x3, 0x80, 0x0,
    0x0, 0x8f, 0xb0, 0x0, 0x0, 0xbf, 0xb0, 0x0,
    0x0, 0xbf, 0xb0, 0x0, 0x0, 0xbf, 0xb0, 0x0,
    0x8f, 0xff, 0xff, 0xf3, 0x7e, 0xff, 0xfe, 0xe2,
    0x0, 0xbf, 0xb0, 0x0, 0x0, 0xbf, 0xb0, 0x0,
    0x0, 0xbf, 0xb0, 0x0, 0x0, 0xbf, 0xb0, 0x0,
    0x0, 0xbf, 0xb0, 0x0, 0x0, 0xbf, 0xb0, 0x0,
    0x0, 0xbf, 0xb0, 0x0, 0x0, 0xbf, 0xb0, 0x0,
    0x0, 0xbf, 0xb0, 0x0, 0x0, 0xbf, 0xc0, 0x0,
    0x0, 0xaf, 0xf7, 0x51, 0x0, 0x5f, 0xff, 0xf5,
    0x0, 0x7, 0xdf, 0xe6,

    /* U+1E98 "ẘ" */
    0x0, 0x0, 0x0, 0x0, 0x3c, 0xf9, 0x0, 0x0,
    0x0, 0x0, 0x0, 0x0, 0x0, 0x0, 0xe, 0x50,
    0xa7, 0x0, 0x0, 0x0, 0x0, 0x0, 0x0, 0x0,
    0x1, 0xe0, 0x4, 0xb0, 0x0, 0x0, 0x0, 0x0,
    0x0, 0x0, 0x0, 0xe, 0x30, 0x98, 0x0, 0x0,
    0x0, 0x0, 0x0, 0x0, 0x0, 0x0, 0x4e, 0xfb,
    0x0, 0x0, 0x0, 0x0, 0x0, 0x0, 0x0, 0x0,
    0x0, 0x0, 0x0, 0x0, 0x0, 0x0, 0x0, 0xbf,
    0xd0, 0x0, 0x0, 0x3f, 0xf9, 0x0, 0x0, 0x7,
    0xfe, 0x6, 0xff, 0x10, 0x0, 0x7, 0xff, 0xd0,
    0x0, 0x0, 0xcf, 0x90, 0x1f, 0xf5, 0x0, 0x0,
    0xbf, 0xff, 0x10, 0x0, 0xf, 0xf5, 0x0, 0xdf,
    0x90, 0x0, 0xf, 0xff, 0xf5, 0x0, 0x5, 0xff,
    0x0, 0x8, 0xfe, 0x0, 0x4, 0xfd, 0xbf, 0x90,
    0x0, 0x9f, 0xb0, 0x0, 0x3f, 0xf2, 0x0, 0x8f,
    0x98, 0xfd, 0x0, 0xe, 0xf6, 0x0, 0x0, 0xef,
    0x60, 0xc, 0xf5, 0x3f, 0xf1, 0x2, 0xff, 0x10,
    0x0, 0xa, 0xfb, 0x0, 0xff, 0x10, 0xff, 0x50,
    0x7f, 0xc0, 0x0, 0x0, 0x5f, 0xf0, 0x4f, 0xd0,
    0xb, 0xf9, 0xc, 0xf7, 0x0, 0x0, 0x0, 0xff,
    0x39, 0xf9, 0x0, 0x7f, 0xd0, 0xff, 0x30, 0x0,
    0x0, 0xb, 0xf7, 0xdf, 0x50, 0x3, 0xff, 0x6f,
    0xe0, 0x0, 0x0, 0x0, 0x7f, 0xdf, 0xf1, 0x0,
    0xe, 0xfe, 0xf9, 0x0, 0x0, 0x0, 0x2, 0xff,
    0xfc, 0x0, 0x0, 0xaf, 0xff, 0x40, 0x0, 0x0,
    0x0, 0xd, 0xff, 0x80, 0x0, 0x6, 0xff, 0xf0,
    0x0, 0x0, 0x0, 0x0, 0x8f, 0xf4, 0x0, 0x0,
    0x2f, 0xfa, 0x0, 0x0, 0x0,

    /* U+1E99 "ẙ" */
    0x0, 0x0, 0x4, 0xde, 0x80, 0x0, 0x0, 0x0,
    0x0, 0xe, 0x41, 0xc6, 0x0, 0x0, 0x0, 0x0,
    0x3c, 0x0, 0x69, 0x0, 0x0, 0x0, 0x0, 0x1e,
    0x20, 0xb6, 0x0, 0x0, 0x0, 0x0, 0x5, 0xef,
    0xa0, 0x0, 0x0, 0x0, 0x0, 0x0, 0x0, 0x0,
    0x0, 0x0, 0x5f, 0xf4, 0x0, 0x0, 0x0, 0xe,
    0xf9, 0xf, 0xfa, 0x0, 0x0, 0x0, 0x4f, 0xf3,
    0xa, 0xff, 0x0, 0x0, 0x0, 0x9f, 0xd0, 0x4,
    0xff, 0x50, 0x0, 0x0, 0xef, 0x80, 0x0, 0xef,
    0xa0, 0x0, 0x5, 0xff, 0x20, 0x0, 0x8f, 0xf0,
    0x0, 0xa, 0xfc, 0x0, 0x0, 0x2f, 0xf5, 0x0,
    0xf, 0xf6, 0x0, 0x0, 0xc, 0xfb, 0x0, 0x5f,
    0xf1, 0x0, 0x0, 0x6, 0xff, 0x10, 0xbf, 0xa0,
    0x0, 0x0, 0x1, 0xff, 0x60, 0xff, 0x40, 0x0,
    0x0, 0x0, 0xbf, 0xb5, 0xfe, 0x0, 0x0, 0x0,
    0x0, 0x5f, 0xfa, 0xf9, 0x0, 0x0, 0x0, 0x0,
    0xe, 0xff, 0xf3, 0x0, 0x0, 0x0, 0x0, 0x9,
    0xff, 0xd0, 0x0, 0x0, 0x0, 0x0, 0x3, 0xff,
    0x70, 0x0, 0x0, 0x0, 0x0, 0x3, 0xff, 0x20,
    0x0, 0x0, 0x0, 0x0, 0x9, 0xfb, 0x0, 0x0,
    0x0, 0x0, 0x0, 0x1f, 0xf5, 0x0, 0x0, 0x0,
    0x4, 0x78, 0xef, 0xd0, 0x0, 0x0, 0x0, 0x6,
    0xff, 0xff, 0x40, 0x0, 0x0, 0x0, 0x3, 0xef,
    0xc4, 0x0, 0x0, 0x0, 0x0,

    /* U+1E9A "ẚ" */
    0x0, 0x0, 0x0, 0x0, 0x0, 0x0, 0x0, 0x0,
    0x0, 0x0, 0x0, 0x0, 0x2, 0xfc, 0x30, 0x0,
    0x0, 0x0, 0x0, 0x0, 0x4, 0xaf, 0x20, 0x0,
    0x0, 0x0, 0x0, 0x0, 0x0, 0xd7, 0x0, 0x0,
    0x0, 0x0, 0x0, 0x0, 0xc, 0x80, 0x0, 0x0,
    0x0, 0x0, 0x0, 0x27, 0xf3, 0x0, 0x0, 0x0,
    0x0, 0x0, 0x2f, 0xf6, 0x0, 0x0, 0x0, 0x0,
    0x0, 0x0, 0x20, 0x0, 0x0, 0x6, 0xbe, 0xff,
    0xeb, 0x60, 0x0, 0x0, 0x1d, 0xff, 0xff, 0xff,
    0xff, 0xa0, 0x0, 0xc, 0xff, 0x72, 0x1, 0x4d,
    0xff, 0x40, 0x3, 0xff, 0x60, 0x0, 0x0, 0x1f,
    0xf8, 0x0, 0x39, 0xa0, 0x0, 0x0, 0x0, 0xdf,
    0x90, 0x0, 0x0, 0x0, 0x0, 0x0, 0x3e, 0xfa,
    0x0, 0x0, 0x2, 0x68, 0xbd, 0xff, 0xff, 0xa0,
    0x0, 0x3c, 0xff, 0xff, 0xfe, 0xae, 0xfa, 0x0,
    0x2f, 0xff, 0xb7, 0x42, 0x0, 0xdf, 0xa0, 0xb,
    0xff, 0x30, 0x0, 0x0, 0xe, 0xfa, 0x0, 0xef,
    0xc0, 0x0, 0x0, 0x2, 0xff, 0xa0, 0xd, 0xfd,
    0x0, 0x0, 0x0, 0xbf, 0xfa, 0x0, 0x9f, 0xfa,
    0x20, 0x5, 0xdf, 0xff, 0xb0, 0x1, 0xdf, 0xff,
    0xff, 0xff, 0x78, 0xfe, 0x0, 0x1, 0x8d, 0xff,
    0xd8, 0x10, 0x4f, 0xf3, 0x0,

    /* U+1E9B "ẛ" */
    0x0, 0x0, 0xff, 0x80, 0x0, 0x0, 0xf, 0xf8,
    0x0, 0x0, 0x0, 0xdd, 0x60, 0x0, 0x0, 0x0,
    0x0, 0x0, 0x0, 0x0, 0x0, 0x0, 0x0, 0x0,
    0x3b, 0xef, 0xe8, 0x0, 0x2f, 0xff, 0xff, 0x70,
    0x7, 0xff, 0xb5, 0x52, 0x0, 0x9f, 0xf0, 0x0,
    0x0, 0x9, 0xfe, 0x0, 0x0, 0xcf, 0xff, 0xe0,
    0x0, 0xb, 0xef, 0xfe, 0x0, 0x0, 0x0, 0x9f,
    0xe0, 0x0, 0x0, 0x9, 0xfe, 0x0, 0x0, 0x0,
    0x9f, 0xe0, 0x0, 0x0, 0x9, 0xfe, 0x0, 0x0,
    0x0, 0x9f, 0xe0, 0x0, 0x0, 0x9, 0xfe, 0x0,
    0x0, 0x0, 0x9f, 0xe0, 0x0, 0x0, 0x9, 0xfe,
    0x0, 0x0, 0x0, 0x9f, 0xe0, 0x0, 0x0, 0x9,
    0xfe, 0x0, 0x0, 0x0, 0x9f, 0xe0, 0x0, 0x0,
    0x9, 0xfe, 0x0, 0x0, 0x0, 0x9f, 0xe0, 0x0,
    0x0,

    /* U+1E9E "ẞ" */
    0x0, 0x5, 0xbe, 0xff, 0xff, 0xff, 0xff, 0xf0,
    0x0, 0xb, 0xff, 0xff, 0xff, 0xff, 0xff, 0xff,
    0x0, 0x9, 0xff, 0xfe, 0xcb, 0xbb, 0xbf, 0xff,
    0xf0, 0x2, 0xff, 0xf7, 0x0, 0x0, 0x7, 0xff,
    0xf5, 0x0, 0x6f, 0xfc, 0x0, 0x0, 0x8, 0xff,
    0xf4, 0x0, 0x8, 0xff, 0x80, 0x0, 0x9, 0xff,
    0xf3, 0x0, 0x0, 0x9f, 0xf7, 0x0, 0x9, 0xff,
    0xe3, 0x0, 0x0, 0x9, 0xff, 0x70, 0xa, 0xff,
    0xd2, 0x0, 0x0, 0x0, 0x9f, 0xf7, 0x3, 0xff,
    0xff, 0xda, 0x50, 0x0, 0x9, 0xff, 0x70, 0x3f,
    0xff, 0xff, 0xff, 0xd3, 0x0, 0x9f, 0xf7, 0x1,
    0x66, 0x67, 0xaf, 0xff, 0xf3, 0x9, 0xff, 0x70,
    0x0, 0x0, 0x0, 0x2d, 0xff, 0xb0, 0x9f, 0xf7,
    0x0, 0x0, 0x0, 0x0, 0x3f, 0xff, 0x9, 0xff,
    0x70, 0x0, 0x0, 0x0, 0x0, 0xff, 0xf2, 0x9f,
    0xf7, 0x0, 0x0, 0x0, 0x0, 0xf, 0xff, 0x19,
    0xff, 0x70, 0x0, 0x0, 0x0, 0x5, 0xff, 0xf0,
    0x9f, 0xf7, 0x0, 0x0, 0x0, 0x6, 0xff, 0xf9,
    0x9, 0xff, 0x70, 0x8b, 0xbb, 0xcf, 0xff, 0xfd,
    0x10, 0x9f, 0xf7, 0xb, 0xff, 0xff, 0xff, 0xfc,
    0x20, 0x9, 0xff, 0x70, 0xbf, 0xff, 0xfd, 0xa5,
    0x0, 0x0,

    /* U+1EA0 "Ạ" */
    0x0, 0x0, 0x0, 0x7, 0xff, 0xfb, 0x0, 0x0,
    0x0, 0x0, 0x0, 0x0, 0x0, 0xcf, 0xff, 0xf1,
    0x0, 0x0, 0x0, 0x0, 0x0, 0x0, 0x2f, 0xff,
    0xff, 0x70, 0x0, 0x0, 0x0, 0x0, 0x0, 0x8,
    0xff, 0x9f, 0xfd, 0x0, 0x0, 0x0, 0x0, 0x0,
    0x0, 0xef, 0xf1, 0xdf, 0xf2, 0x0, 0x0, 0x0,
    0x0, 0x0, 0x3f, 0xfb, 0x7, 0xff, 0x80, 0x0,
    0x0, 0x0, 0x0, 0x9, 0xff, 0x60, 0x2f, 0xfe,
    0x0, 0x0, 0x0, 0x0, 0x0, 0xef, 0xf1, 0x0,
    0xcf, 0xf4, 0x0, 0x0, 0x0, 0x0, 0x5f, 0xfb,
    0x0, 0x7, 0xff, 0x90, 0x0, 0x0, 0x0, 0xa,
    0xff, 0x60, 0x0, 0x1f, 0xff, 0x0, 0x0, 0x0,
    0x0, 0xff, 0xf1, 0x0, 0x0, 0xcf, 0xf5, 0x0,
    0x0, 0x0, 0x6f, 0xfb, 0x0, 0x0, 0x6, 0xff,
    0xa0, 0x0, 0x0, 0xc, 0xff, 0xff, 0xff, 0xff,
    0xff, 0xff, 0x10, 0x0, 0x1, 0xff, 0xff, 0xff,
    0xff, 0xff, 0xff, 0xf6, 0x0, 0x0, 0x7f, 0xfd,
    0xbb, 0xbb, 0xbb, 0xbc, 0xff, 0xc0, 0x0, 0xd,
    0xff, 0x40, 0x0, 0x0, 0x0, 0x1f, 0xff, 0x10,
    0x2, 0xff, 0xf0, 0x0, 0x0, 0x0, 0x0, 0xbf,
    0xf7, 0x0, 0x8f, 0xfa, 0x0, 0x0, 0x0, 0x0,
    0x5, 0xff, 0xd0, 0xe, 0xff, 0x40, 0x0, 0x0,
    0x0, 0x0, 0xf, 0xff, 0x34, 0xff, 0xe0, 0x0,
    0x0, 0x0, 0x0, 0x0, 0xaf, 0xf8, 0x0, 0x0,
    0x0, 0x0, 0x0, 0x0, 0x0, 0x0, 0x0, 0x0,
    0x0, 0x0, 0x0, 0x7, 0xaa, 0x0, 0x0, 0x0,
    0x0, 0x0, 0x0, 0x0, 0x0, 0xcf, 0xf1, 0x0,
    0x0, 0x0, 0x0, 0x0, 0x0, 0x0, 0xc, 0xff,
    0x10, 0x0, 0x0, 0x0,

    /* U+1EA1 "ạ" */
    0x0, 0x4, 0xae, 0xff, 0xd9, 0x20, 0x0, 0x0,
    0xa, 0xff, 0xff, 0xff, 0xff, 0x50, 0x0, 0x9,
    0xff, 0xfb, 0x89, 0xdf, 0xff, 0x20, 0x2, 0xff,
    0xf3, 0x0, 0x0, 0xaf, 0xf9, 0x0, 0x6d, 0xd8,
    0x0, 0x0, 0x2, 0xff, 0xe0, 0x0, 0x0, 0x0,
    0x0, 0x0, 0xf, 0xff, 0x0, 0x0, 0x0, 0x14,
    0x7a, 0xdf, 0xff, 0xf0, 0x0, 0x7, 0xdf, 0xff,
    0xff, 0xff, 0xff, 0x0, 0xc, 0xff, 0xfe, 0xa8,
    0x52, 0xff, 0xf0, 0x8, 0xff, 0xd3, 0x0, 0x0,
    0xf, 0xff, 0x0, 0xcf, 0xf5, 0x0, 0x0, 0x4,
    0xff, 0xf0, 0xc, 0xff, 0x60, 0x0, 0x2, 0xef,
    0xff, 0x0, 0x8f, 0xff, 0x85, 0x69, 0xff, 0xff,
    0xf8, 0x21, 0xdf, 0xff, 0xff, 0xff, 0x87, 0xff,
    0xf5, 0x0, 0x7c, 0xff, 0xea, 0x30, 0x9, 0xef,
    0x50, 0x0, 0x0, 0x0, 0x0, 0x0, 0x0, 0x0,
    0x0, 0x0, 0x7, 0xaa, 0x10, 0x0, 0x0, 0x0,
    0x0, 0x0, 0xbf, 0xf2, 0x0, 0x0, 0x0, 0x0,
    0x0, 0xb, 0xff, 0x20, 0x0, 0x0, 0x0,

    /* U+1EA2 "Ả" */
    0x0, 0x0, 0x0, 0x5, 0xbb, 0x91, 0x0, 0x0,
    0x0, 0x0, 0x0, 0x0, 0x0, 0x9f, 0xff, 0xc0,
    0x0, 0x0, 0x0, 0x0, 0x0, 0x0, 0x1, 0x4,
    0xfe, 0x0, 0x0, 0x0, 0x0, 0x0, 0x0, 0x0,
    0x0, 0x6f, 0x90, 0x0, 0x0, 0x0, 0x0, 0x0,
    0x0, 0x0, 0x19, 0x80, 0x0, 0x0, 0x0, 0x0,
    0x0, 0x0, 0x0, 0x0, 0x0, 0x0, 0x0, 0x0,
    0x0, 0x0, 0x0, 0x0, 0x7, 0xff, 0xfb, 0x0,
    0x0, 0x0, 0x0, 0x0, 0x0, 0x0, 0xcf, 0xff,
    0xf1, 0x0, 0x0, 0x0, 0x0, 0x0, 0x0, 0x2f,
    0xff, 0xff, 0x70, 0x0, 0x0, 0x0, 0x0, 0x0,
    0x8, 0xff, 0xaf, 0xfd, 0x0, 0x0, 0x0, 0x0,
    0x0, 0x0, 0xef, 0xf1, 0xdf, 0xf2, 0x0, 0x0,
    0x0, 0x0, 0x0, 0x3f, 0xfc, 0x8, 0xff, 0x80,
    0x0, 0x0, 0x0, 0x0, 0x9, 0xff, 0x70, 0x3f,
    0xfe, 0x0, 0x0, 0x0, 0x0, 0x0, 0xef, 0xf1,
    0x0, 0xdf, 0xf4, 0x0, 0x0, 0x0, 0x0, 0x5f,
    0xfc, 0x0, 0x8, 0xff, 0x90, 0x0, 0x0, 0x0,
    0xa, 0xff, 0x70, 0x0, 0x2f, 0xff, 0x0, 0x0,
    0x0, 0x0, 0xff, 0xf2, 0x0, 0x0, 0xdf, 0xf5,
    0x0, 0x0, 0x0, 0x6f, 0xfc, 0x0, 0x0, 0x8,
    0xff, 0xa0, 0x0, 0x0, 0xc, 0xff, 0xeb, 0xbb,
    0xbb, 0xcf, 0xff, 0x10, 0x0, 0x1, 0xff, 0xff,
    0xff, 0xff, 0xff, 0xff, 0xf6, 0x0, 0x0, 0x7f,
    0xff, 0xff, 0xff, 0xff, 0xff, 0xff, 0xc0, 0x0,
    0xd, 0xff, 0x60, 0x0, 0x0, 0x0, 0x2f, 0xff,
    0x10, 0x2, 0xff, 0xf1, 0x0, 0x0, 0x0, 0x0,
    0xcf, 0xf7, 0x0, 0x8f, 0xfa, 0x0, 0x0, 0x0,
    0x0, 0x6, 0xff, 0xd0, 0xe, 0xff, 0x50, 0x0,
    0x0, 0x0, 0x0, 0x1f, 0xff, 0x34, 0xff, 0xe0,
    0x0, 0x0, 0x0, 0x0, 0x0, 0xaf, 0xf8,

    /* U+1EA3 "ả" */
    0x0, 0x0, 0x3e, 0xfe, 0x70, 0x0, 0x0, 0x0,
    0x0, 0x3, 0xcd, 0xff, 0x20, 0x0, 0x0, 0x0,
    0x0, 0x0, 0xe, 0xf3, 0x0, 0x0, 0x0, 0x0,
    0x0, 0x2, 0xfe, 0x0, 0x0, 0x0, 0x0, 0x0,
    0x0, 0x9b, 0x20, 0x0, 0x0, 0x0, 0x0, 0x0,
    0x0, 0x0, 0x0, 0x0, 0x0, 0x0, 0x4, 0xae,
    0xff, 0xd9, 0x20, 0x0, 0x0, 0xa, 0xff, 0xff,
    0xff, 0xff, 0x50, 0x0, 0x9, 0xff, 0xfb, 0x89,
    0xdf, 0xff, 0x20, 0x2, 0xff, 0xf3, 0x0, 0x0,
    0xaf, 0xf9, 0x0, 0x6d, 0xd8, 0x0, 0x0, 0x2,
    0xff, 0xe0, 0x0, 0x0, 0x0, 0x0, 0x0, 0xf,
    0xff, 0x0, 0x0, 0x0, 0x14, 0x7a, 0xdf, 0xff,
    0xf0, 0x0, 0x7, 0xdf, 0xff, 0xff, 0xff, 0xff,
    0x0, 0xc, 0xff, 0xfe, 0xa8, 0x52, 0xff, 0xf0,
    0x8, 0xff, 0xd3, 0x0, 0x0, 0xf, 0xff, 0x0,
    0xcf, 0xf5, 0x0, 0x0, 0x4, 0xff, 0xf0, 0xc,
    0xff, 0x60, 0x0, 0x2, 0xef, 0xff, 0x0, 0x8f,
    0xff, 0x85, 0x69, 0xff, 0xff, 0xf8, 0x21, 0xdf,
    0xff, 0xff, 0xff, 0x87, 0xff, 0xf5, 0x0, 0x7c,
    0xff, 0xea, 0x30, 0x9, 0xef, 0x50,

    /* U+1EA4 "Ấ" */
    0x0, 0x0, 0x0, 0x0, 0x0, 0x0, 0x4, 0xbb,
    0x50, 0x0, 0x0, 0x0, 0x0, 0x0, 0x0, 0x0,
    0xcf, 0xe1, 0x0, 0x0, 0x0, 0x0, 0x0, 0x0,
    0x0, 0x2f, 0xf6, 0x0, 0x0, 0x0, 0x0, 0x0,
    0x1b, 0xbb, 0x58, 0xfc, 0x0, 0x0, 0x0, 0x0,
    0x0, 0xc, 0xff, 0xff, 0x20, 0x0, 0x0, 0x0,
    0x0, 0x0, 0x9, 0xfc, 0x9, 0xfd, 0x0, 0x0,
    0x0, 0x0, 0x0, 0x2, 0x99, 0x10, 0x8, 0xa5,
    0x0, 0x0, 0x0, 0x0, 0x0, 0x0, 0x0, 0x0,
    0x0, 0x0, 0x0, 0x0, 0x0, 0x0, 0x0, 0x7,
    0xff, 0xfb, 0x0, 0x0, 0x0, 0x0, 0x0, 0x0,
    0x0, 0xcf, 0xff, 0xf1, 0x0, 0x0, 0x0, 0x0,
    0x0, 0x0, 0x2f, 0xff, 0xff, 0x70, 0x0, 0x0,
    0x0, 0x0, 0x0, 0x8, 0xff, 0xaf, 0xfd, 0x0,
    0x0, 0x0, 0x0, 0x0, 0x0, 0xef, 0xf1, 0xdf,
    0xf2, 0x0, 0x0, 0x0, 0x0, 0x0, 0x3f, 0xfc,
    0x8, 0xff, 0x80, 0x0, 0x0, 0x0, 0x0, 0x9,
    0xff, 0x70, 0x3f, 0xfe, 0x0, 0x0, 0x0, 0x0,
    0x0, 0xef, 0xf1, 0x0, 0xdf, 0xf4, 0x0, 0x0,
    0x0, 0x0, 0x5f, 0xfc, 0x0, 0x8, 0xff, 0x90,
    0x0, 0x0, 0x0, 0xa, 0xff, 0x70, 0x0, 0x2f,
    0xff, 0x0, 0x0, 0x0, 0x0, 0xff, 0xf2, 0x0,
    0x0, 0xdf, 0xf5, 0x0, 0x0, 0x0, 0x6f, 0xfc,
    0x0, 0x0, 0x8, 0xff, 0xa0, 0x0, 0x0, 0xc,
    0xff, 0xeb, 0xbb, 0xbb, 0xcf, 0xff, 0x10, 0x0,
    0x1, 0xff, 0xff, 0xff, 0xff, 0xff, 0xff, 0xf6,
    0x0, 0x0, 0x7f, 0xff, 0xff, 0xff, 0xff, 0xff,
    0xff, 0xc0, 0x0, 0xd, 0xff, 0x60, 0x0, 0x0,
    0x0, 0x2f, 0xff, 0x10, 0x2, 0xff, 0xf1, 0x0,
    0x0, 0x0, 0x0, 0xcf, 0xf7, 0x0, 0x8f, 0xfa,
    0x0, 0x0, 0x0, 0x0, 0x6, 0xff, 0xd0, 0xe,
    0xff, 0x50, 0x0, 0x0, 0x0, 0x0, 0x1f, 0xff,
    0x34, 0xff, 0xe0, 0x0, 0x0, 0x0, 0x0, 0x0,
    0xaf, 0xf8,

    /* U+1EA5 "ấ" */
    0x0, 0x0, 0x0, 0x0, 0x0, 0x2f, 0xfb, 0x0,
    0x0, 0x0, 0x0, 0x0, 0x8, 0xff, 0x20, 0x0,
    0x0, 0x0, 0x0, 0x0, 0xef, 0x90, 0x0, 0x0,
    0x0, 0xdf, 0xfc, 0x3b, 0xb1, 0x0, 0x0, 0x0,
    0x9f, 0xff, 0xf8, 0x0, 0x0, 0x0, 0x0, 0x4f,
    0xf2, 0x4f, 0xf3, 0x0, 0x0, 0x0, 0xa, 0xc5,
    0x0, 0x6c, 0x90, 0x0, 0x0, 0x0, 0x0, 0x0,
    0x0, 0x0, 0x0, 0x0, 0x0, 0x4, 0xae, 0xff,
    0xd9, 0x20, 0x0, 0x0, 0xa, 0xff, 0xff, 0xff,
    0xff, 0x50, 0x0, 0x9, 0xff, 0xfb, 0x89, 0xdf,
    0xff, 0x20, 0x2, 0xff, 0xf3, 0x0, 0x0, 0xaf,
    0xf9, 0x0, 0x6d, 0xd8, 0x0, 0x0, 0x2, 0xff,
    0xe0, 0x0, 0x0, 0x0, 0x0, 0x0, 0xf, 0xff,
    0x0, 0x0, 0x0, 0x14, 0x7a, 0xdf, 0xff, 0xf0,
    0x0, 0x7, 0xdf, 0xff, 0xff, 0xff, 0xff, 0x0,
    0xc, 0xff, 0xfe, 0xa8, 0x52, 0xff, 0xf0, 0x8,
    0xff, 0xd3, 0x0, 0x0, 0xf, 0xff, 0x0, 0xcf,
    0xf5, 0x0, 0x0, 0x4, 0xff, 0xf0, 0xc, 0xff,
    0x60, 0x0, 0x2, 0xef, 0xff, 0x0, 0x8f, 0xff,
    0x85, 0x69, 0xff, 0xff, 0xf8, 0x21, 0xdf, 0xff,
    0xff, 0xff, 0x87, 0xff, 0xf5, 0x0, 0x7c, 0xff,
    0xea, 0x30, 0x9, 0xef, 0x50,

    /* U+1EA6 "Ầ" */
    0x0, 0x0, 0x0, 0x0, 0x0, 0x4, 0xbb, 0x60,
    0x0, 0x0, 0x0, 0x0, 0x0, 0x0, 0x0, 0xd,
    0xfd, 0x0, 0x0, 0x0, 0x0, 0x0, 0x0, 0x0,
    0x0, 0x4f, 0xf4, 0x0, 0x0, 0x0, 0x0, 0x0,
    0x1b, 0xbb, 0x50, 0xbf, 0xa0, 0x0, 0x0, 0x0,
    0x0, 0xc, 0xff, 0xff, 0x20, 0x0, 0x0, 0x0,
    0x0, 0x0, 0x9, 0xfc, 0x9, 0xfd, 0x0, 0x0,
    0x0, 0x0, 0x0, 0x2, 0x99, 0x10, 0x8, 0xa5,
    0x0, 0x0, 0x0, 0x0, 0x0, 0x0, 0x0, 0x0,
    0x0, 0x0, 0x0, 0x0, 0x0, 0x0, 0x0, 0x7,
    0xff, 0xfb, 0x0, 0x0, 0x0, 0x0, 0x0, 0x0,
    0x0, 0xcf, 0xff, 0xf1, 0x0, 0x0, 0x0, 0x0,
    0x0, 0x0, 0x2f, 0xff, 0xff, 0x70, 0x0, 0x0,
    0x0, 0x0, 0x0, 0x8, 0xff, 0xaf, 0xfd, 0x0,
    0x0, 0x0, 0x0, 0x0, 0x0, 0xef, 0xf1, 0xdf,
    0xf2, 0x0, 0x0, 0x0, 0x0, 0x0, 0x3f, 0xfc,
    0x8, 0xff, 0x80, 0x0, 0x0, 0x0, 0x0, 0x9,
    0xff, 0x70, 0x3f, 0xfe, 0x0, 0x0, 0x0, 0x0,
    0x0, 0xef, 0xf1, 0x0, 0xdf, 0xf4, 0x0, 0x0,
    0x0, 0x0, 0x5f, 0xfc, 0x0, 0x8, 0xff, 0x90,
    0x0, 0x0, 0x0, 0xa, 0xff, 0x70, 0x0, 0x2f,
    0xff, 0x0, 0x0, 0x0, 0x0, 0xff, 0xf2, 0x0,
    0x0, 0xdf, 0xf5, 0x0, 0x0, 0x0, 0x6f, 0xfc,
    0x0, 0x0, 0x8, 0xff, 0xa0, 0x0, 0x0, 0xc,
    0xff, 0xeb, 0xbb, 0xbb, 0xcf, 0xff, 0x10, 0x0,
    0x1, 0xff, 0xff, 0xff, 0xff, 0xff, 0xff, 0xf6,
    0x0, 0x0, 0x7f, 0xff, 0xff, 0xff, 0xff, 0xff,
    0xff, 0xc0, 0x0, 0xd, 0xff, 0x60, 0x0, 0x0,
    0x0, 0x2f, 0xff, 0x10, 0x2, 0xff, 0xf1, 0x0,
    0x0, 0x0, 0x0, 0xcf, 0xf7, 0x0, 0x8f, 0xfa,
    0x0, 0x0, 0x0, 0x0, 0x6, 0xff, 0xd0, 0xe,
    0xff, 0x50, 0x0, 0x0, 0x0, 0x0, 0x1f, 0xff,
    0x34, 0xff, 0xe0, 0x0, 0x0, 0x0, 0x0, 0x0,
    0xaf, 0xf8,

    /* U+1EA7 "ầ" */
    0x0, 0x0, 0x0, 0x0, 0xe, 0xfe, 0x0, 0x0,
    0x0, 0x0, 0x0, 0x0, 0x6f, 0xf4, 0x0, 0x0,
    0x0, 0x0, 0x0, 0x0, 0xcf, 0xb0, 0x0, 0x0,
    0x0, 0xdf, 0xfc, 0x3, 0xbb, 0x0, 0x0, 0x0,
    0x9f, 0xff, 0xf8, 0x0, 0x0, 0x0, 0x0, 0x4f,
    0xf2, 0x4f, 0xf3, 0x0, 0x0, 0x0, 0xa, 0xc5,
    0x0, 0x6c, 0x90, 0x0, 0x0, 0x0, 0x0, 0x0,
    0x0, 0x0, 0x0, 0x0, 0x0, 0x4, 0xae, 0xff,
    0xd9, 0x20, 0x0, 0x0, 0xa, 0xff, 0xff, 0xff,
    0xff, 0x50, 0x0, 0x9, 0xff, 0xfb, 0x89, 0xdf,
    0xff, 0x20, 0x2, 0xff, 0xf3, 0x0, 0x0, 0xaf,
    0xf9, 0x0, 0x6d, 0xd8, 0x0, 0x0, 0x2, 0xff,
    0xe0, 0x0, 0x0, 0x0, 0x0, 0x0, 0xf, 0xff,
    0x0, 0x0, 0x0, 0x14, 0x7a, 0xdf, 0xff, 0xf0,
    0x0, 0x7, 0xdf, 0xff, 0xff, 0xff, 0xff, 0x0,
    0xc, 0xff, 0xfe, 0xa8, 0x52, 0xff, 0xf0, 0x8,
    0xff, 0xd3, 0x0, 0x0, 0xf, 0xff, 0x0, 0xcf,
    0xf5, 0x0, 0x0, 0x4, 0xff, 0xf0, 0xc, 0xff,
    0x60, 0x0, 0x2, 0xef, 0xff, 0x0, 0x8f, 0xff,
    0x85, 0x69, 0xff, 0xff, 0xf8, 0x21, 0xdf, 0xff,
    0xff, 0xff, 0x87, 0xff, 0xf5, 0x0, 0x7c, 0xff,
    0xea, 0x30, 0x9, 0xef, 0x50,

    /* U+1EA8 "Ẩ" */
    0x0, 0x0, 0x0, 0x0, 0x0, 0xd, 0xfe, 0x80,
    0x0, 0x0, 0x0, 0x0, 0x0, 0x0, 0x0, 0xaa,
    0xff, 0x10, 0x0, 0x0, 0x0, 0x0, 0x0, 0x0,
    0x0, 0xc, 0xf1, 0x0, 0x0, 0x0, 0x0, 0x0,
    0x1b, 0xbb, 0x55, 0xf8, 0x0, 0x0, 0x0, 0x0,
    0x0, 0xc, 0xff, 0xff, 0x31, 0x0, 0x0, 0x0,
    0x0, 0x0, 0x9, 0xfc, 0x9, 0xfd, 0x0, 0x0,
    0x0, 0x0, 0x0, 0x2, 0x99, 0x10, 0x7, 0x94,
    0x0, 0x0, 0x0, 0x0, 0x0, 0x0, 0x0, 0x0,
    0x0, 0x0, 0x0, 0x0, 0x0, 0x0, 0x0, 0x7,
    0xff, 0xfb, 0x0, 0x0, 0x0, 0x0, 0x0, 0x0,
    0x0, 0xcf, 0xff, 0xf1, 0x0, 0x0, 0x0, 0x0,
    0x0, 0x0, 0x2f, 0xff, 0xff, 0x70, 0x0, 0x0,
    0x0, 0x0, 0x0, 0x8, 0xff, 0xaf, 0xfd, 0x0,
    0x0, 0x0, 0x0, 0x0, 0x0, 0xef, 0xf1, 0xdf,
    0xf2, 0x0, 0x0, 0x0, 0x0, 0x0, 0x3f, 0xfc,
    0x8, 0xff, 0x80, 0x0, 0x0, 0x0, 0x0, 0x9,
    0xff, 0x70, 0x3f, 0xfe, 0x0, 0x0, 0x0, 0x0,
    0x0, 0xef, 0xf1, 0x0, 0xdf, 0xf4, 0x0, 0x0,
    0x0, 0x0, 0x5f, 0xfc, 0x0, 0x8, 0xff, 0x90,
    0x0, 0x0, 0x0, 0xa, 0xff, 0x70, 0x0, 0x2f,
    0xff, 0x0, 0x0, 0x0, 0x0, 0xff, 0xf2, 0x0,
    0x0, 0xdf, 0xf5, 0x0, 0x0, 0x0, 0x6f, 0xfc,
    0x0, 0x0, 0x8, 0xff, 0xa0, 0x0, 0x0, 0xc,
    0xff, 0xeb, 0xbb, 0xbb, 0xcf, 0xff, 0x10, 0x0,
    0x1, 0xff, 0xff, 0xff, 0xff, 0xff, 0xff, 0xf6,
    0x0, 0x0, 0x7f, 0xff, 0xff, 0xff, 0xff, 0xff,
    0xff, 0xc0, 0x0, 0xd, 0xff, 0x60, 0x0, 0x0,
    0x0, 0x2f, 0xff, 0x10, 0x2, 0xff, 0xf1, 0x0,
    0x0, 0x0, 0x0, 0xcf, 0xf7, 0x0, 0x8f, 0xfa,
    0x0, 0x0, 0x0, 0x0, 0x6, 0xff, 0xd0, 0xe,
    0xff, 0x50, 0x0, 0x0, 0x0, 0x0, 0x1f, 0xff,
    0x34, 0xff, 0xe0, 0x0, 0x0, 0x0, 0x0, 0x0,
    0xaf, 0xf8,

    /* U+1EA9 "ẩ" */
    0x0, 0x0, 0x0, 0x0, 0x48, 0x84, 0x0, 0x0,
    0x0, 0x0, 0x0, 0xa, 0xff, 0xf4, 0x0, 0x0,
    0x0, 0x0, 0x0, 0x10, 0x8f, 0x70, 0x0, 0x0,
    0x0, 0x0, 0x0, 0x9, 0xf4, 0x0, 0x0, 0x0,
    0xd, 0xff, 0xc3, 0xe9, 0x0, 0x0, 0x0, 0x9,
    0xff, 0xff, 0x80, 0x0, 0x0, 0x0, 0x4, 0xff,
    0x34, 0xff, 0x30, 0x0, 0x0, 0x0, 0xac, 0x50,
    0x6, 0xc9, 0x0, 0x0, 0x0, 0x0, 0x0, 0x0,
    0x0, 0x0, 0x0, 0x0, 0x0, 0x4a, 0xef, 0xfd,
    0x92, 0x0, 0x0, 0x0, 0xaf, 0xff, 0xff, 0xff,
    0xf5, 0x0, 0x0, 0x9f, 0xff, 0xb8, 0x9d, 0xff,
    0xf2, 0x0, 0x2f, 0xff, 0x30, 0x0, 0xa, 0xff,
    0x90, 0x6, 0xdd, 0x80, 0x0, 0x0, 0x2f, 0xfe,
    0x0, 0x0, 0x0, 0x0, 0x0, 0x0, 0xff, 0xf0,
    0x0, 0x0, 0x1, 0x47, 0xad, 0xff, 0xff, 0x0,
    0x0, 0x7d, 0xff, 0xff, 0xff, 0xff, 0xf0, 0x0,
    0xcf, 0xff, 0xea, 0x85, 0x2f, 0xff, 0x0, 0x8f,
    0xfd, 0x30, 0x0, 0x0, 0xff, 0xf0, 0xc, 0xff,
    0x50, 0x0, 0x0, 0x4f, 0xff, 0x0, 0xcf, 0xf6,
    0x0, 0x0, 0x2e, 0xff, 0xf0, 0x8, 0xff, 0xf8,
    0x56, 0x9f, 0xff, 0xff, 0x82, 0x1d, 0xff, 0xff,
    0xff, 0xf8, 0x7f, 0xff, 0x50, 0x7, 0xcf, 0xfe,
    0xa3, 0x0, 0x9e, 0xf5,

    /* U+1EAA "Ẫ" */
    0x0, 0x0, 0x0, 0x2a, 0xa4, 0x0, 0x9a, 0x0,
    0x0, 0x0, 0x0, 0x0, 0x1f, 0xff, 0xf7, 0x1e,
    0xc0, 0x0, 0x0, 0x0, 0x0, 0x6, 0xf5, 0x2d,
    0xff, 0xf5, 0x0, 0x0, 0x0, 0x0, 0x0, 0x6c,
    0x0, 0x19, 0xb5, 0x0, 0x0, 0x0, 0x0, 0x0,
    0x0, 0x0, 0x66, 0x62, 0x0, 0x0, 0x0, 0x0,
    0x0, 0x0, 0x0, 0x9f, 0xff, 0xd1, 0x0, 0x0,
    0x0, 0x0, 0x0, 0x0, 0x6f, 0xe2, 0xbf, 0xb0,
    0x0, 0x0, 0x0, 0x0, 0x0, 0x1b, 0xb2, 0x0,
    0x9b, 0x50, 0x0, 0x0, 0x0, 0x0, 0x0, 0x0,
    0x0, 0x0, 0x0, 0x0, 0x0, 0x0, 0x0, 0x0,
    0x0, 0x7f, 0xff, 0xb0, 0x0, 0x0, 0x0, 0x0,
    0x0, 0x0, 0xc, 0xff, 0xff, 0x10, 0x0, 0x0,
    0x0, 0x0, 0x0, 0x2, 0xff, 0xff, 0xf7, 0x0,
    0x0, 0x0, 0x0, 0x0, 0x0, 0x8f, 0xfa, 0xff,
    0xd0, 0x0, 0x0, 0x0, 0x0, 0x0, 0xe, 0xff,
    0x1d, 0xff, 0x20, 0x0, 0x0, 0x0, 0x0, 0x3,
    0xff, 0xc0, 0x8f, 0xf8, 0x0, 0x0, 0x0, 0x0,
    0x0, 0x9f, 0xf7, 0x3, 0xff, 0xe0, 0x0, 0x0,
    0x0, 0x0, 0xe, 0xff, 0x10, 0xd, 0xff, 0x40,
    0x0, 0x0, 0x0, 0x5, 0xff, 0xc0, 0x0, 0x8f,
    0xf9, 0x0, 0x0, 0x0, 0x0, 0xaf, 0xf7, 0x0,
    0x2, 0xff, 0xf0, 0x0, 0x0, 0x0, 0xf, 0xff,
    0x20, 0x0, 0xd, 0xff, 0x50, 0x0, 0x0, 0x6,
    0xff, 0xc0, 0x0, 0x0, 0x8f, 0xfa, 0x0, 0x0,
    0x0, 0xcf, 0xfe, 0xbb, 0xbb, 0xbc, 0xff, 0xf1,
    0x0, 0x0, 0x1f, 0xff, 0xff, 0xff, 0xff, 0xff,
    0xff, 0x60, 0x0, 0x7, 0xff, 0xff, 0xff, 0xff,
    0xff, 0xff, 0xfc, 0x0, 0x0, 0xdf, 0xf6, 0x0,
    0x0, 0x0, 0x2, 0xff, 0xf1, 0x0, 0x2f, 0xff,
    0x10, 0x0, 0x0, 0x0, 0xc, 0xff, 0x70, 0x8,
    0xff, 0xa0, 0x0, 0x0, 0x0, 0x0, 0x6f, 0xfd,
    0x0, 0xef, 0xf5, 0x0, 0x0, 0x0, 0x0, 0x1,
    0xff, 0xf3, 0x4f, 0xfe, 0x0, 0x0, 0x0, 0x0,
    0x0, 0xa, 0xff, 0x80,

    /* U+1EAB "ẫ" */
    0x0, 0x3, 0xdf, 0xc4, 0x8, 0xf2, 0x0, 0x0,
    0x0, 0xef, 0xdf, 0xfc, 0xfe, 0x0, 0x0, 0x0,
    0x3f, 0x70, 0x3c, 0xfc, 0x30, 0x0, 0x0, 0x0,
    0x0, 0x0, 0x0, 0x0, 0x0, 0x0, 0x0, 0x0,
    0xd, 0xff, 0xd0, 0x0, 0x0, 0x0, 0x0, 0x9,
    0xff, 0xff, 0x80, 0x0, 0x0, 0x0, 0x4, 0xff,
    0x34, 0xff, 0x30, 0x0, 0x0, 0x0, 0xac, 0x50,
    0x6, 0xca, 0x0, 0x0, 0x0, 0x0, 0x0, 0x0,
    0x0, 0x0, 0x0, 0x0, 0x0, 0x4a, 0xef, 0xfd,
    0x92, 0x0, 0x0, 0x0, 0xaf, 0xff, 0xff, 0xff,
    0xf5, 0x0, 0x0, 0x9f, 0xff, 0xb8, 0x9d, 0xff,
    0xf2, 0x0, 0x2f, 0xff, 0x30, 0x0, 0xa, 0xff,
    0x90, 0x6, 0xdd, 0x80, 0x0, 0x0, 0x2f, 0xfe,
    0x0, 0x0, 0x0, 0x0, 0x0, 0x0, 0xff, 0xf0,
    0x0, 0x0, 0x1, 0x47, 0xad, 0xff, 0xff, 0x0,
    0x0, 0x7d, 0xff, 0xff, 0xff, 0xff, 0xf0, 0x0,
    0xcf, 0xff, 0xea, 0x85, 0x2f, 0xff, 0x0, 0x8f,
    0xfd, 0x30, 0x0, 0x0, 0xff, 0xf0, 0xc, 0xff,
    0x50, 0x0, 0x0, 0x4f, 0xff, 0x0, 0xcf, 0xf6,
    0x0, 0x0, 0x2e, 0xff, 0xf0, 0x8, 0xff, 0xf8,
    0x56, 0x9f, 0xff, 0xff, 0x82, 0x1d, 0xff, 0xff,
    0xff, 0xf8, 0x7f, 0xff, 0x50, 0x7, 0xcf, 0xfe,
    0xa3, 0x0, 0x9e, 0xf5,

    /* U+1EAC "Ậ" */
    0x0, 0x0, 0x0, 0x0, 0x78, 0x82, 0x0, 0x0,
    0x0, 0x0, 0x0, 0x0, 0x0, 0x8f, 0xff, 0xc0,
    0x0, 0x0, 0x0, 0x0, 0x0, 0x0, 0x3f, 0xf4,
    0xef, 0x70, 0x0, 0x0, 0x0, 0x0, 0x0, 0xd,
    0xf7, 0x3, 0xff, 0x20, 0x0, 0x0, 0x0, 0x0,
    0x2, 0x87, 0x0, 0x5, 0x84, 0x0, 0x0, 0x0,
    0x0, 0x0, 0x0, 0x0, 0x0, 0x0, 0x0, 0x0,
    0x0, 0x0, 0x0, 0x0, 0x7, 0xff, 0xfb, 0x0,
    0x0, 0x0, 0x0, 0x0, 0x0, 0x0, 0xcf, 0xff,
    0xf1, 0x0, 0x0, 0x0, 0x0, 0x0, 0x0, 0x2f,
    0xff, 0xff, 0x70, 0x0, 0x0, 0x0, 0x0, 0x0,
    0x8, 0xff, 0x9f, 0xfd, 0x0, 0x0, 0x0, 0x0,
    0x0, 0x0, 0xef, 0xf1, 0xdf, 0xf2, 0x0, 0x0,
    0x0, 0x0, 0x0, 0x3f, 0xfb, 0x7, 0xff, 0x80,
    0x0, 0x0, 0x0, 0x0, 0x9, 0xff, 0x60, 0x2f,
    0xfe, 0x0, 0x0, 0x0, 0x0, 0x0, 0xef, 0xf1,
    0x0, 0xcf, 0xf4, 0x0, 0x0, 0x0, 0x0, 0x5f,
    0xfb, 0x0, 0x7, 0xff, 0x90, 0x0, 0x0, 0x0,
    0xa, 0xff, 0x60, 0x0, 0x1f, 0xff, 0x0, 0x0,
    0x0, 0x0, 0xff, 0xf1, 0x0, 0x0, 0xcf, 0xf5,
    0x0, 0x0, 0x0, 0x6f, 0xfb, 0x0, 0x0, 0x6,
    0xff, 0xa0, 0x0, 0x0, 0xc, 0xff, 0xff, 0xff,
    0xff, 0xff, 0xff, 0x10, 0x0, 0x1, 0xff, 0xff,
    0xff, 0xff, 0xff, 0xff, 0xf6, 0x0, 0x0, 0x7f,
    0xfd, 0xbb, 0xbb, 0xbb, 0xbc, 0xff, 0xc0, 0x0,
    0xd, 0xff, 0x40, 0x0, 0x0, 0x0, 0x1f, 0xff,
    0x10, 0x2, 0xff, 0xf0, 0x0, 0x0, 0x0, 0x0,
    0xbf, 0xf7, 0x0, 0x8f, 0xfa, 0x0, 0x0, 0x0,
    0x0, 0x5, 0xff, 0xd0, 0xe, 0xff, 0x40, 0x0,
    0x0, 0x0, 0x0, 0xf, 0xff, 0x34, 0xff, 0xe0,
    0x0, 0x0, 0x0, 0x0, 0x0, 0xaf, 0xf8, 0x0,
    0x0, 0x0, 0x0, 0x0, 0x0, 0x0, 0x0, 0x0,
    0x0, 0x0, 0x0, 0x0, 0x7, 0xaa, 0x0, 0x0,
    0x0, 0x0, 0x0, 0x0, 0x0, 0x0, 0xcf, 0xf1,
    0x0, 0x0, 0x0, 0x0, 0x0, 0x0, 0x0, 0xc,
    0xff, 0x10, 0x0, 0x0, 0x0,

    /* U+1EAD "ậ" */
    0x0, 0x0, 0x6, 0x88, 0x50, 0x0, 0x0, 0x0,
    0x0, 0x4, 0xff, 0xff, 0x20, 0x0, 0x0, 0x0,
    0x0, 0xef, 0x45, 0xfd, 0x0, 0x0, 0x0, 0x0,
    0x9f, 0xa0, 0xb, 0xf8, 0x0, 0x0, 0x0, 0x4,
    0x51, 0x0, 0x15, 0x40, 0x0, 0x0, 0x0, 0x0,
    0x0, 0x0, 0x0, 0x0, 0x0, 0x0, 0x4, 0xae,
    0xff, 0xd9, 0x20, 0x0, 0x0, 0xa, 0xff, 0xff,
    0xff, 0xff, 0x50, 0x0, 0x9, 0xff, 0xfb, 0x89,
    0xdf, 0xff, 0x20, 0x2, 0xff, 0xf3, 0x0, 0x0,
    0xaf, 0xf9, 0x0, 0x6d, 0xd8, 0x0, 0x0, 0x2,
    0xff, 0xe0, 0x0, 0x0, 0x0, 0x0, 0x0, 0xf,
    0xff, 0x0, 0x0, 0x0, 0x14, 0x7a, 0xdf, 0xff,
    0xf0, 0x0, 0x7, 0xdf, 0xff, 0xff, 0xff, 0xff,
    0x0, 0xc, 0xff, 0xfe, 0xa8, 0x52, 0xff, 0xf0,
    0x8, 0xff, 0xd3, 0x0, 0x0, 0xf, 0xff, 0x0,
    0xcf, 0xf5, 0x0, 0x0, 0x4, 0xff, 0xf0, 0xc,
    0xff, 0x60, 0x0, 0x2, 0xef, 0xff, 0x0, 0x8f,
    0xff, 0x85, 0x69, 0xff, 0xff, 0xf8, 0x21, 0xdf,
    0xff, 0xff, 0xff, 0x87, 0xff, 0xf5, 0x0, 0x7c,
    0xff, 0xea, 0x30, 0x9, 0xef, 0x50, 0x0, 0x0,
    0x0, 0x0, 0x0, 0x0, 0x0, 0x0, 0x0, 0x7,
    0xaa, 0x10, 0x0, 0x0, 0x0, 0x0, 0x0, 0xbf,
    0xf2, 0x0, 0x0, 0x0, 0x0, 0x0, 0xb, 0xff,
    0x20, 0x0, 0x0, 0x0,

    /* U+1EAE "Ắ" */
    0x0, 0x0, 0x0, 0x0, 0x0, 0x22, 0x10, 0x0,
    0x0, 0x0, 0x0, 0x0, 0x0, 0x0, 0x5f, 0xf5,
    0x0, 0x0, 0x0, 0x0, 0x0, 0x0, 0x0, 0xc,
    0xfb, 0x0, 0x0, 0x0, 0x0, 0x0, 0x0, 0x0,
    0x3, 0xff, 0x20, 0x0, 0x0, 0x0, 0x0, 0x0,
    0x4, 0xb6, 0x0, 0x3, 0xb6, 0x0, 0x0, 0x0,
    0x0, 0x0, 0x2f, 0xe4, 0x2, 0xcf, 0x60, 0x0,
    0x0, 0x0, 0x0, 0x0, 0xaf, 0xff, 0xff, 0xd0,
    0x0, 0x0, 0x0, 0x0, 0x0, 0x0, 0x6b, 0xdc,
    0x80, 0x0, 0x0, 0x0, 0x0, 0x0, 0x0, 0x0,
    0x0, 0x0, 0x0, 0x0, 0x0, 0x0, 0x0, 0x0,
    0x0, 0x7f, 0xff, 0xb0, 0x0, 0x0, 0x0, 0x0,
    0x0, 0x0, 0xc, 0xff, 0xff, 0x10, 0x0, 0x0,
    0x0, 0x0, 0x0, 0x2, 0xff, 0xff, 0xf7, 0x0,
    0x0, 0x0, 0x0, 0x0, 0x0, 0x8f, 0xfa, 0xff,
    0xd0, 0x0, 0x0, 0x0, 0x0, 0x0, 0xe, 0xff,
    0x1d, 0xff, 0x20, 0x0, 0x0, 0x0, 0x0, 0x3,
    0xff, 0xc0, 0x8f, 0xf8, 0x0, 0x0, 0x0, 0x0,
    0x0, 0x9f, 0xf7, 0x3, 0xff, 0xe0, 0x0, 0x0,
    0x0, 0x0, 0xe, 0xff, 0x10, 0xd, 0xff, 0x40,
    0x0, 0x0, 0x0, 0x5, 0xff, 0xc0, 0x0, 0x8f,
    0xf9, 0x0, 0x0, 0x0, 0x0, 0xaf, 0xf7, 0x0,
    0x2, 0xff, 0xf0, 0x0, 0x0, 0x0, 0xf, 0xff,
    0x20, 0x0, 0xd, 0xff, 0x50, 0x0, 0x0, 0x6,
    0xff, 0xc0, 0x0, 0x0, 0x8f, 0xfa, 0x0, 0x0,
    0x0, 0xcf, 0xfe, 0xbb, 0xbb, 0xbc, 0xff, 0xf1,
    0x0, 0x0, 0x1f, 0xff, 0xff, 0xff, 0xff, 0xff,
    0xff, 0x60, 0x0, 0x7, 0xff, 0xff, 0xff, 0xff,
    0xff, 0xff, 0xfc, 0x0, 0x0, 0xdf, 0xf6, 0x0,
    0x0, 0x0, 0x2, 0xff, 0xf1, 0x0, 0x2f, 0xff,
    0x10, 0x0, 0x0, 0x0, 0xc, 0xff, 0x70, 0x8,
    0xff, 0xa0, 0x0, 0x0, 0x0, 0x0, 0x6f, 0xfd,
    0x0, 0xef, 0xf5, 0x0, 0x0, 0x0, 0x0, 0x1,
    0xff, 0xf3, 0x4f, 0xfe, 0x0, 0x0, 0x0, 0x0,
    0x0, 0xa, 0xff, 0x80,

    /* U+1EAF "ắ" */
    0x0, 0x0, 0x0, 0xe, 0xfc, 0x0, 0x0, 0x0,
    0x0, 0x0, 0x6, 0xff, 0x20, 0x0, 0x0, 0x0,
    0x0, 0x0, 0xdf, 0x80, 0x0, 0x0, 0x0, 0x0,
    0x0, 0x2, 0x20, 0x0, 0x0, 0x0, 0x0, 0xf,
    0xf3, 0x0, 0x3f, 0xe0, 0x0, 0x0, 0x0, 0x9f,
    0xff, 0xff, 0xf6, 0x0, 0x0, 0x0, 0x0, 0x6c,
    0xfe, 0xc5, 0x0, 0x0, 0x0, 0x0, 0x0, 0x0,
    0x0, 0x0, 0x0, 0x0, 0x0, 0x0, 0x0, 0x0,
    0x0, 0x0, 0x0, 0x0, 0x0, 0x4a, 0xef, 0xfd,
    0x92, 0x0, 0x0, 0x0, 0xaf, 0xff, 0xff, 0xff,
    0xf5, 0x0, 0x0, 0x9f, 0xff, 0xb8, 0x9d, 0xff,
    0xf2, 0x0, 0x2f, 0xff, 0x30, 0x0, 0xa, 0xff,
    0x90, 0x6, 0xdd, 0x80, 0x0, 0x0, 0x2f, 0xfe,
    0x0, 0x0, 0x0, 0x0, 0x0, 0x1, 0xff, 0xf0,
    0x0, 0x0, 0x2, 0x58, 0xbe, 0xff, 0xff, 0x0,
    0x0, 0x7d, 0xff, 0xff, 0xff, 0xff, 0xf0, 0x0,
    0xdf, 0xff, 0xda, 0x75, 0x2f, 0xff, 0x0, 0x8f,
    0xfd, 0x20, 0x0, 0x0, 0xff, 0xf0, 0xc, 0xff,
    0x50, 0x0, 0x0, 0x4f, 0xff, 0x0, 0xcf, 0xf6,
    0x0, 0x0, 0x2e, 0xff, 0xf0, 0x8, 0xff, 0xf8,
    0x56, 0x9f, 0xff, 0xff, 0x82, 0x1d, 0xff, 0xff,
    0xff, 0xf8, 0x7f, 0xff, 0x50, 0x7, 0xcf, 0xfe,
    0xa3, 0x0, 0x9e, 0xf5,

    /* U+1EB0 "Ằ" */
    0x0, 0x0, 0x0, 0x2, 0x21, 0x0, 0x0, 0x0,
    0x0, 0x0, 0x0, 0x0, 0x1, 0xef, 0xb0, 0x0,
    0x0, 0x0, 0x0, 0x0, 0x0, 0x0, 0x5, 0xff,
    0x20, 0x0, 0x0, 0x0, 0x0, 0x0, 0x0, 0x0,
    0xb, 0xf9, 0x0, 0x0, 0x0, 0x0, 0x0, 0x0,
    0x4, 0xb6, 0x0, 0x3, 0xb6, 0x0, 0x0, 0x0,
    0x0, 0x0, 0x2f, 0xe4, 0x2, 0xcf, 0x60, 0x0,
    0x0, 0x0, 0x0, 0x0, 0xaf, 0xff, 0xff, 0xd0,
    0x0, 0x0, 0x0, 0x0, 0x0, 0x0, 0x6b, 0xdc,
    0x80, 0x0, 0x0, 0x0, 0x0, 0x0, 0x0, 0x0,
    0x0, 0x0, 0x0, 0x0, 0x0, 0x0, 0x0, 0x0,
    0x0, 0x7f, 0xff, 0xb0, 0x0, 0x0, 0x0, 0x0,
    0x0, 0x0, 0xc, 0xff, 0xff, 0x10, 0x0, 0x0,
    0x0, 0x0, 0x0, 0x2, 0xff, 0xff, 0xf7, 0x0,
    0x0, 0x0, 0x0, 0x0, 0x0, 0x8f, 0xfa, 0xff,
    0xd0, 0x0, 0x0, 0x0, 0x0, 0x0, 0xe, 0xff,
    0x1d, 0xff, 0x20, 0x0, 0x0, 0x0, 0x0, 0x3,
    0xff, 0xc0, 0x8f, 0xf8, 0x0, 0x0, 0x0, 0x0,
    0x0, 0x9f, 0xf7, 0x3, 0xff, 0xe0, 0x0, 0x0,
    0x0, 0x0, 0xe, 0xff, 0x10, 0xd, 0xff, 0x40,
    0x0, 0x0, 0x0, 0x5, 0xff, 0xc0, 0x0, 0x8f,
    0xf9, 0x0, 0x0, 0x0, 0x0, 0xaf, 0xf7, 0x0,
    0x2, 0xff, 0xf0, 0x0, 0x0, 0x0, 0xf, 0xff,
    0x20, 0x0, 0xd, 0xff, 0x50, 0x0, 0x0, 0x6,
    0xff, 0xc0, 0x0, 0x0, 0x8f, 0xfa, 0x0, 0x0,
    0x0, 0xcf, 0xfe, 0xbb, 0xbb, 0xbc, 0xff, 0xf1,
    0x0, 0x0, 0x1f, 0xff, 0xff, 0xff, 0xff, 0xff,
    0xff, 0x60, 0x0, 0x7, 0xff, 0xff, 0xff, 0xff,
    0xff, 0xff, 0xfc, 0x0, 0x0, 0xdf, 0xf6, 0x0,
    0x0, 0x0, 0x2, 0xff, 0xf1, 0x0, 0x2f, 0xff,
    0x10, 0x0, 0x0, 0x0, 0xc, 0xff, 0x70, 0x8,
    0xff, 0xa0, 0x0, 0x0, 0x0, 0x0, 0x6f, 0xfd,
    0x0, 0xef, 0xf5, 0x0, 0x0, 0x0, 0x0, 0x1,
    0xff, 0xf3, 0x4f, 0xfe, 0x0, 0x0, 0x0, 0x0,
    0x0, 0xa, 0xff, 0x80,

    /* U+1EB1 "ằ" */
    0x0, 0x0, 0xcf, 0xe0, 0x0, 0x0, 0x0, 0x0,
    0x0, 0x2, 0xff, 0x60, 0x0, 0x0, 0x0, 0x0,
    0x0, 0x8, 0xfd, 0x0, 0x0, 0x0, 0x0, 0x0,
    0x0, 0x2, 0x20, 0x0, 0x0, 0x0, 0x0, 0xf,
    0xf3, 0x0, 0x3f, 0xe0, 0x0, 0x0, 0x0, 0x9f,
    0xff, 0xff, 0xf6, 0x0, 0x0, 0x0, 0x0, 0x6c,
    0xfe, 0xc5, 0x0, 0x0, 0x0, 0x0, 0x0, 0x0,
    0x0, 0x0, 0x0, 0x0, 0x0, 0x0, 0x0, 0x0,
    0x0, 0x0, 0x0, 0x0, 0x0, 0x4a, 0xef, 0xfd,
    0x92, 0x0, 0x0, 0x0, 0xaf, 0xff, 0xff, 0xff,
    0xf5, 0x0, 0x0, 0x9f, 0xff, 0xb8, 0x9d, 0xff,
    0xf2, 0x0, 0x2f, 0xff, 0x30, 0x0, 0xa, 0xff,
    0x90, 0x6, 0xdd, 0x80, 0x0, 0x0, 0x2f, 0xfe,
    0x0, 0x0, 0x0, 0x0, 0x0, 0x1, 0xff, 0xf0,
    0x0, 0x0, 0x2, 0x58, 0xbe, 0xff, 0xff, 0x0,
    0x0, 0x7d, 0xff, 0xff, 0xff, 0xff, 0xf0, 0x0,
    0xdf, 0xff, 0xda, 0x75, 0x2f, 0xff, 0x0, 0x8f,
    0xfd, 0x20, 0x0, 0x0, 0xff, 0xf0, 0xc, 0xff,
    0x50, 0x0, 0x0, 0x4f, 0xff, 0x0, 0xcf, 0xf6,
    0x0, 0x0, 0x2e, 0xff, 0xf0, 0x8, 0xff, 0xf8,
    0x56, 0x9f, 0xff, 0xff, 0x82, 0x1d, 0xff, 0xff,
    0xff, 0xf8, 0x7f, 0xff, 0x50, 0x7, 0xcf, 0xfe,
    0xa3, 0x0, 0x9e, 0xf5,

    /* U+1EB2 "Ẳ" */
    0x0, 0x0, 0x0, 0x4, 0xff, 0xc2, 0x0, 0x0,
    0x0, 0x0, 0x0, 0x0, 0x0, 0x3a, 0xcf, 0xa0,
    0x0, 0x0, 0x0, 0x0, 0x0, 0x0, 0x0, 0x2,
    0xfa, 0x0, 0x0, 0x0, 0x0, 0x0, 0x0, 0x0,
    0x0, 0x9f, 0x40, 0x0, 0x0, 0x0, 0x0, 0x0,
    0x4, 0xd7, 0x5, 0x34, 0xd8, 0x0, 0x0, 0x0,
    0x0, 0x0, 0x2f, 0xf4, 0x2, 0xcf, 0x60, 0x0,
    0x0, 0x0, 0x0, 0x0, 0x9f, 0xff, 0xff, 0xc0,
    0x0, 0x0, 0x0, 0x0, 0x0, 0x0, 0x5b, 0xdc,
    0x80, 0x0, 0x0, 0x0, 0x0, 0x0, 0x0, 0x0,
    0x0, 0x0, 0x0, 0x0, 0x0, 0x0, 0x0, 0x0,
    0x0, 0x7f, 0xff, 0xb0, 0x0, 0x0, 0x0, 0x0,
    0x0, 0x0, 0xc, 0xff, 0xff, 0x10, 0x0, 0x0,
    0x0, 0x0, 0x0, 0x2, 0xff, 0xff, 0xf7, 0x0,
    0x0, 0x0, 0x0, 0x0, 0x0, 0x8f, 0xfa, 0xff,
    0xd0, 0x0, 0x0, 0x0, 0x0, 0x0, 0xe, 0xff,
    0x1d, 0xff, 0x20, 0x0, 0x0, 0x0, 0x0, 0x3,
    0xff, 0xc0, 0x8f, 0xf8, 0x0, 0x0, 0x0, 0x0,
    0x0, 0x9f, 0xf7, 0x3, 0xff, 0xe0, 0x0, 0x0,
    0x0, 0x0, 0xe, 0xff, 0x10, 0xd, 0xff, 0x40,
    0x0, 0x0, 0x0, 0x5, 0xff, 0xc0, 0x0, 0x8f,
    0xf9, 0x0, 0x0, 0x0, 0x0, 0xaf, 0xf7, 0x0,
    0x2, 0xff, 0xf0, 0x0, 0x0, 0x0, 0xf, 0xff,
    0x20, 0x0, 0xd, 0xff, 0x50, 0x0, 0x0, 0x6,
    0xff, 0xc0, 0x0, 0x0, 0x8f, 0xfa, 0x0, 0x0,
    0x0, 0xcf, 0xfe, 0xbb, 0xbb, 0xbc, 0xff, 0xf1,
    0x0, 0x0, 0x1f, 0xff, 0xff, 0xff, 0xff, 0xff,
    0xff, 0x60, 0x0, 0x7, 0xff, 0xff, 0xff, 0xff,
    0xff, 0xff, 0xfc, 0x0, 0x0, 0xdf, 0xf6, 0x0,
    0x0, 0x0, 0x2, 0xff, 0xf1, 0x0, 0x2f, 0xff,
    0x10, 0x0, 0x0, 0x0, 0xc, 0xff, 0x70, 0x8,
    0xff, 0xa0, 0x0, 0x0, 0x0, 0x0, 0x6f, 0xfd,
    0x0, 0xef, 0xf5, 0x0, 0x0, 0x0, 0x0, 0x1,
    0xff, 0xf3, 0x4f, 0xfe, 0x0, 0x0, 0x0, 0x0,
    0x0, 0xa, 0xff, 0x80,

    /* U+1EB3 "ẳ" */
    0x0, 0x0, 0x8, 0x98, 0x20, 0x0, 0x0, 0x0,
    0x0, 0x0, 0xff, 0xfe, 0x0, 0x0, 0x0, 0x0,
    0x0, 0x1, 0xe, 0xf0, 0x0, 0x0, 0x0, 0x0,
    0x0, 0x4, 0xf8, 0x0, 0x0, 0x0, 0x0, 0xf,
    0xe0, 0x22, 0xf, 0xe0, 0x0, 0x0, 0x0, 0xcf,
    0x70, 0x8, 0xfa, 0x0, 0x0, 0x0, 0x4, 0xff,
    0xff, 0xff, 0x20, 0x0, 0x0, 0x0, 0x4, 0xcf,
    0xfb, 0x30, 0x0, 0x0, 0x0, 0x0, 0x0, 0x0,
    0x0, 0x0, 0x0, 0x0, 0x0, 0x0, 0x0, 0x0,
    0x0, 0x0, 0x0, 0x0, 0x6, 0xbe, 0xff, 0xd9,
    0x20, 0x0, 0x0, 0x2d, 0xff, 0xff, 0xff, 0xff,
    0x50, 0x0, 0xd, 0xff, 0xea, 0x89, 0xcf, 0xff,
    0x20, 0x6, 0xff, 0xd1, 0x0, 0x0, 0x8f, 0xf9,
    0x0, 0x1, 0x10, 0x0, 0x0, 0x0, 0xff, 0xe0,
    0x0, 0x0, 0x0, 0x2, 0x58, 0xbf, 0xff, 0x0,
    0x0, 0x16, 0xbe, 0xff, 0xff, 0xff, 0xf0, 0x0,
    0x5e, 0xff, 0xff, 0xfe, 0xbf, 0xff, 0x0, 0x3f,
    0xff, 0xd7, 0x41, 0x0, 0xff, 0xf0, 0xa, 0xff,
    0xa0, 0x0, 0x0, 0x1f, 0xff, 0x0, 0xcf, 0xf4,
    0x0, 0x0, 0x6, 0xff, 0xf0, 0xc, 0xff, 0x70,
    0x0, 0x3, 0xff, 0xff, 0x0, 0x7f, 0xff, 0x85,
    0x6a, 0xff, 0xff, 0xf8, 0x20, 0xcf, 0xff, 0xff,
    0xff, 0x87, 0xff, 0xf5, 0x0, 0x7c, 0xff, 0xea,
    0x30, 0x9, 0xef, 0x50,

    /* U+1EB4 "Ẵ" */
    0x0, 0x0, 0x0, 0x7e, 0xe9, 0x10, 0xdd, 0x0,
    0x0, 0x0, 0x0, 0x0, 0x4f, 0xee, 0xff, 0xdf,
    0x80, 0x0, 0x0, 0x0, 0x0, 0x9, 0xf1, 0x7,
    0xef, 0xa0, 0x0, 0x0, 0x0, 0x0, 0x0, 0x0,
    0x0, 0x0, 0x0, 0x0, 0x0, 0x0, 0x0, 0x0,
    0x4, 0xd7, 0x0, 0x3, 0xd8, 0x0, 0x0, 0x0,
    0x0, 0x0, 0x2f, 0xf4, 0x2, 0xcf, 0x60, 0x0,
    0x0, 0x0, 0x0, 0x0, 0x9f, 0xff, 0xff, 0xd0,
    0x0, 0x0, 0x0, 0x0, 0x0, 0x0, 0x5b, 0xdc,
    0x80, 0x0, 0x0, 0x0, 0x0, 0x0, 0x0, 0x0,
    0x0, 0x0, 0x0, 0x0, 0x0, 0x0, 0x0, 0x0,
    0x0, 0x7f, 0xff, 0xb0, 0x0, 0x0, 0x0, 0x0,
    0x0, 0x0, 0xc, 0xff, 0xff, 0x10, 0x0, 0x0,
    0x0, 0x0, 0x0, 0x2, 0xff, 0xff, 0xf7, 0x0,
    0x0, 0x0, 0x0, 0x0, 0x0, 0x8f, 0xfa, 0xff,
    0xd0, 0x0, 0x0, 0x0, 0x0, 0x0, 0xe, 0xff,
    0x1d, 0xff, 0x20, 0x0, 0x0, 0x0, 0x0, 0x3,
    0xff, 0xc0, 0x8f, 0xf8, 0x0, 0x0, 0x0, 0x0,
    0x0, 0x9f, 0xf7, 0x3, 0xff, 0xe0, 0x0, 0x0,
    0x0, 0x0, 0xe, 0xff, 0x10, 0xd, 0xff, 0x40,
    0x0, 0x0, 0x0, 0x5, 0xff, 0xc0, 0x0, 0x8f,
    0xf9, 0x0, 0x0, 0x0, 0x0, 0xaf, 0xf7, 0x0,
    0x2, 0xff, 0xf0, 0x0, 0x0, 0x0, 0xf, 0xff,
    0x20, 0x0, 0xd, 0xff, 0x50, 0x0, 0x0, 0x6,
    0xff, 0xc0, 0x0, 0x0, 0x8f, 0xfa, 0x0, 0x0,
    0x0, 0xcf, 0xfe, 0xbb, 0xbb, 0xbc, 0xff, 0xf1,
    0x0, 0x0, 0x1f, 0xff, 0xff, 0xff, 0xff, 0xff,
    0xff, 0x60, 0x0, 0x7, 0xff, 0xff, 0xff, 0xff,
    0xff, 0xff, 0xfc, 0x0, 0x0, 0xdf, 0xf6, 0x0,
    0x0, 0x0, 0x2, 0xff, 0xf1, 0x0, 0x2f, 0xff,
    0x10, 0x0, 0x0, 0x0, 0xc, 0xff, 0x70, 0x8,
    0xff, 0xa0, 0x0, 0x0, 0x0, 0x0, 0x6f, 0xfd,
    0x0, 0xef, 0xf5, 0x0, 0x0, 0x0, 0x0, 0x1,
    0xff, 0xf3, 0x4f, 0xfe, 0x0, 0x0, 0x0, 0x0,
    0x0, 0xa, 0xff, 0x80,

    /* U+1EB5 "ẵ" */
    0x0, 0x0, 0x8b, 0x60, 0x5, 0xc2, 0x0, 0x0,
    0x0, 0xbf, 0xff, 0xa1, 0xbf, 0x0, 0x0, 0x0,
    0x2f, 0xa1, 0xaf, 0xff, 0xa0, 0x0, 0x0, 0x3,
    0xc4, 0x0, 0x7b, 0x80, 0x0, 0x0, 0x0, 0x0,
    0x0, 0x0, 0x0, 0x0, 0x0, 0x0, 0x0, 0xff,
    0x30, 0x3, 0xfe, 0x0, 0x0, 0x0, 0x9, 0xff,
    0xff, 0xff, 0x70, 0x0, 0x0, 0x0, 0x6, 0xcf,
    0xfc, 0x60, 0x0, 0x0, 0x0, 0x0, 0x0, 0x0,
    0x0, 0x0, 0x0, 0x0, 0x0, 0x0, 0x0, 0x0,
    0x0, 0x0, 0x0, 0x0, 0x4, 0xae, 0xff, 0xd9,
    0x20, 0x0, 0x0, 0xa, 0xff, 0xff, 0xff, 0xff,
    0x50, 0x0, 0x9, 0xff, 0xfb, 0x89, 0xdf, 0xff,
    0x20, 0x2, 0xff, 0xf3, 0x0, 0x0, 0xaf, 0xf9,
    0x0, 0x6d, 0xd8, 0x0, 0x0, 0x2, 0xff, 0xe0,
    0x0, 0x0, 0x0, 0x0, 0x0, 0x1f, 0xff, 0x0,
    0x0, 0x0, 0x25, 0x8b, 0xef, 0xff, 0xf0, 0x0,
    0x7, 0xdf, 0xff, 0xff, 0xff, 0xff, 0x0, 0xd,
    0xff, 0xfd, 0xa7, 0x52, 0xff, 0xf0, 0x8, 0xff,
    0xd2, 0x0, 0x0, 0xf, 0xff, 0x0, 0xcf, 0xf5,
    0x0, 0x0, 0x4, 0xff, 0xf0, 0xc, 0xff, 0x60,
    0x0, 0x2, 0xef, 0xff, 0x0, 0x8f, 0xff, 0x85,
    0x69, 0xff, 0xff, 0xf8, 0x21, 0xdf, 0xff, 0xff,
    0xff, 0x87, 0xff, 0xf5, 0x0, 0x7c, 0xff, 0xea,
    0x30, 0x9, 0xef, 0x50,

    /* U+1EB6 "Ặ" */
    0x0, 0x0, 0x3, 0x84, 0x0, 0x2, 0x85, 0x0,
    0x0, 0x0, 0x0, 0x0, 0x3f, 0xe2, 0x0, 0xaf,
    0x70, 0x0, 0x0, 0x0, 0x0, 0x0, 0xbf, 0xfe,
    0xff, 0xe1, 0x0, 0x0, 0x0, 0x0, 0x0, 0x0,
    0x7d, 0xfe, 0x91, 0x0, 0x0, 0x0, 0x0, 0x0,
    0x0, 0x0, 0x0, 0x0, 0x0, 0x0, 0x0, 0x0,
    0x0, 0x0, 0x0, 0x0, 0x0, 0x0, 0x0, 0x0,
    0x0, 0x0, 0x0, 0x0, 0x7, 0xff, 0xfb, 0x0,
    0x0, 0x0, 0x0, 0x0, 0x0, 0x0, 0xcf, 0xff,
    0xf1, 0x0, 0x0, 0x0, 0x0, 0x0, 0x0, 0x2f,
    0xff, 0xff, 0x70, 0x0, 0x0, 0x0, 0x0, 0x0,
    0x8, 0xff, 0x9f, 0xfd, 0x0, 0x0, 0x0, 0x0,
    0x0, 0x0, 0xef, 0xf1, 0xdf, 0xf2, 0x0, 0x0,
    0x0, 0x0, 0x0, 0x3f, 0xfb, 0x7, 0xff, 0x80,
    0x0, 0x0, 0x0, 0x0, 0x9, 0xff, 0x60, 0x2f,
    0xfe, 0x0, 0x0, 0x0, 0x0, 0x0, 0xef, 0xf1,
    0x0, 0xcf, 0xf4, 0x0, 0x0, 0x0, 0x0, 0x5f,
    0xfb, 0x0, 0x7, 0xff, 0x90, 0x0, 0x0, 0x0,
    0xa, 0xff, 0x60, 0x0, 0x1f, 0xff, 0x0, 0x0,
    0x0, 0x0, 0xff, 0xf1, 0x0, 0x0, 0xcf, 0xf5,
    0x0, 0x0, 0x0, 0x6f, 0xfb, 0x0, 0x0, 0x6,
    0xff, 0xa0, 0x0, 0x0, 0xc, 0xff, 0xff, 0xff,
    0xff, 0xff, 0xff, 0x10, 0x0, 0x1, 0xff, 0xff,
    0xff, 0xff, 0xff, 0xff, 0xf6, 0x0, 0x0, 0x7f,
    0xfd, 0xbb, 0xbb, 0xbb, 0xbc, 0xff, 0xc0, 0x0,
    0xd, 0xff, 0x40, 0x0, 0x0, 0x0, 0x1f, 0xff,
    0x10, 0x2, 0xff, 0xf0, 0x0, 0x0, 0x0, 0x0,
    0xbf, 0xf7, 0x0, 0x8f, 0xfa, 0x0, 0x0, 0x0,
    0x0, 0x5, 0xff, 0xd0, 0xe, 0xff, 0x40, 0x0,
    0x0, 0x0, 0x0, 0xf, 0xff, 0x34, 0xff, 0xe0,
    0x0, 0x0, 0x0, 0x0, 0x0, 0xaf, 0xf8, 0x0,
    0x0, 0x0, 0x0, 0x0, 0x0, 0x0, 0x0, 0x0,
    0x0, 0x0, 0x0, 0x0, 0x7, 0xaa, 0x0, 0x0,
    0x0, 0x0, 0x0, 0x0, 0x0, 0x0, 0xcf, 0xf1,
    0x0, 0x0, 0x0, 0x0, 0x0, 0x0, 0x0, 0xc,
    0xff, 0x10, 0x0, 0x0, 0x0,

    /* U+1EB7 "ặ" */
    0x0, 0x1, 0x10, 0x0, 0x1, 0x10, 0x0, 0x0,
    0x0, 0xff, 0x30, 0x4, 0xfd, 0x0, 0x0, 0x0,
    0x8, 0xff, 0xff, 0xff, 0x60, 0x0, 0x0, 0x0,
    0x6, 0xcf, 0xec, 0x50, 0x0, 0x0, 0x0, 0x0,
    0x0, 0x0, 0x0, 0x0, 0x0, 0x0, 0x0, 0x0,
    0x0, 0x0, 0x0, 0x0, 0x0, 0x0, 0x4, 0xae,
    0xff, 0xd9, 0x20, 0x0, 0x0, 0x9, 0xff, 0xff,
    0xff, 0xff, 0x50, 0x0, 0x8, 0xff, 0xfb, 0x89,
    0xdf, 0xff, 0x20, 0x1, 0xff, 0xf4, 0x0, 0x0,
    0xbf, 0xf9, 0x0, 0x7f, 0xfa, 0x0, 0x0, 0x2,
    0xff, 0xe0, 0x0, 0x0, 0x0, 0x0, 0x0, 0xf,
    0xff, 0x0, 0x0, 0x0, 0x3, 0x58, 0xbe, 0xff,
    0xf0, 0x0, 0x5, 0xbf, 0xff, 0xff, 0xff, 0xff,
    0x0, 0xb, 0xff, 0xff, 0xc9, 0x63, 0xff, 0xf0,
    0x7, 0xff, 0xd4, 0x0, 0x0, 0xf, 0xff, 0x0,
    0xcf, 0xf5, 0x0, 0x0, 0x4, 0xff, 0xf0, 0xc,
    0xff, 0x60, 0x0, 0x2, 0xef, 0xff, 0x0, 0x9f,
    0xff, 0x85, 0x69, 0xff, 0xff, 0xf8, 0x21, 0xdf,
    0xff, 0xff, 0xff, 0x97, 0xff, 0xf5, 0x0, 0x6c,
    0xef, 0xea, 0x40, 0x9, 0xef, 0x50, 0x0, 0x0,
    0x0, 0x0, 0x0, 0x0, 0x0, 0x0, 0x0, 0x7,
    0xaa, 0x10, 0x0, 0x0, 0x0, 0x0, 0x0, 0xbf,
    0xf2, 0x0, 0x0, 0x0, 0x0, 0x0, 0xb, 0xff,
    0x20, 0x0, 0x0, 0x0,

    /* U+1EB8 "Ẹ" */
    0x9f, 0xff, 0xff, 0xff, 0xff, 0xff, 0xf5, 0x9f,
    0xff, 0xff, 0xff, 0xff, 0xff, 0xf5, 0x9f, 0xfd,
    0xbb, 0xbb, 0xbb, 0xbb, 0xb4, 0x9f, 0xf7, 0x0,
    0x0, 0x0, 0x0, 0x0, 0x9f, 0xf7, 0x0, 0x0,
    0x0, 0x0, 0x0, 0x9f, 0xf7, 0x0, 0x0, 0x0,
    0x0, 0x0, 0x9f, 0xf7, 0x0, 0x0, 0x0, 0x0,
    0x0, 0x9f, 0xf7, 0x0, 0x0, 0x0, 0x0, 0x0,
    0x9f, 0xf7, 0x0, 0x0, 0x0, 0x0, 0x0, 0x9f,
    0xff, 0xff, 0xff, 0xff, 0xff, 0xf0, 0x9f, 0xff,
    0xff, 0xff, 0xff, 0xff, 0xf0, 0x9f, 0xfc, 0xaa,
    0xaa, 0xaa, 0xaa, 0xa0, 0x9f, 0xf7, 0x0, 0x0,
    0x0, 0x0, 0x0, 0x9f, 0xf7, 0x0, 0x0, 0x0,
    0x0, 0x0, 0x9f, 0xf7, 0x0, 0x0, 0x0, 0x0,
    0x0, 0x9f, 0xf7, 0x0, 0x0, 0x0, 0x0, 0x0,
    0x9f, 0xf7, 0x0, 0x0, 0x0, 0x0, 0x0, 0x9f,
    0xfd, 0xbb, 0xbb, 0xbb, 0xbb, 0xb6, 0x9f, 0xff,
    0xff, 0xff, 0xff, 0xff, 0xf9, 0x9f, 0xff, 0xff,
    0xff, 0xff, 0xff, 0xf9, 0x0, 0x0, 0x0, 0x0,
    0x0, 0x0, 0x0, 0x0, 0x0, 0x4, 0xaa, 0x40,
    0x0, 0x0, 0x0, 0x0, 0x7, 0xff, 0x60, 0x0,
    0x0, 0x0, 0x0, 0x7, 0xff, 0x60, 0x0, 0x0,

    /* U+1EB9 "ẹ" */
    0x0, 0x1, 0x7c, 0xef, 0xd9, 0x20, 0x0, 0x0,
    0x4f, 0xff, 0xff, 0xff, 0xf7, 0x0, 0x4, 0xff,
    0xfd, 0x98, 0xbf, 0xff, 0x60, 0xe, 0xff, 0x80,
    0x0, 0x4, 0xff, 0xf1, 0x4f, 0xfc, 0x0, 0x0,
    0x0, 0x9f, 0xf7, 0x9f, 0xf6, 0x0, 0x0, 0x0,
    0x4f, 0xfb, 0xbf, 0xff, 0xff, 0xff, 0xff, 0xff,
    0xfd, 0xcf, 0xff, 0xff, 0xff, 0xff, 0xff, 0xff,
    0xbf, 0xf7, 0x33, 0x33, 0x33, 0x33, 0x33, 0x9f,
    0xf7, 0x0, 0x0, 0x0, 0x0, 0x0, 0x4f, 0xfc,
    0x0, 0x0, 0x0, 0x5a, 0xa6, 0xe, 0xff, 0x80,
    0x0, 0x3, 0xef, 0xf4, 0x4, 0xff, 0xfd, 0x98,
    0xbf, 0xff, 0xa0, 0x0, 0x5f, 0xff, 0xff, 0xff,
    0xfa, 0x0, 0x0, 0x1, 0x8c, 0xef, 0xea, 0x40,
    0x0, 0x0, 0x0, 0x0, 0x0, 0x0, 0x0, 0x0,
    0x0, 0x0, 0x1, 0xaa, 0x60, 0x0, 0x0, 0x0,
    0x0, 0x2, 0xff, 0xa0, 0x0, 0x0, 0x0, 0x0,
    0x2, 0xff, 0xa0, 0x0, 0x0,

    /* U+1EBA "Ẻ" */
    0x0, 0x0, 0x2a, 0xba, 0x30, 0x0, 0x0, 0x0,
    0x0, 0x5f, 0xff, 0xf1, 0x0, 0x0, 0x0, 0x0,
    0x0, 0x1f, 0xf2, 0x0, 0x0, 0x0, 0x0, 0x0,
    0x2f, 0xd0, 0x0, 0x0, 0x0, 0x0, 0x0, 0x89,
    0x10, 0x0, 0x0, 0x0, 0x0, 0x0, 0x0, 0x0,
    0x0, 0x0, 0x9f, 0xff, 0xff, 0xff, 0xff, 0xff,
    0xf5, 0x9f, 0xff, 0xff, 0xff, 0xff, 0xff, 0xf5,
    0x9f, 0xfd, 0xbb, 0xbb, 0xbb, 0xbb, 0xb4, 0x9f,
    0xf7, 0x0, 0x0, 0x0, 0x0, 0x0, 0x9f, 0xf7,
    0x0, 0x0, 0x0, 0x0, 0x0, 0x9f, 0xf7, 0x0,
    0x0, 0x0, 0x0, 0x0, 0x9f, 0xf7, 0x0, 0x0,
    0x0, 0x0, 0x0, 0x9f, 0xf7, 0x0, 0x0, 0x0,
    0x0, 0x0, 0x9f, 0xf7, 0x0, 0x0, 0x0, 0x0,
    0x0, 0x9f, 0xff, 0xff, 0xff, 0xff, 0xff, 0xf0,
    0x9f, 0xff, 0xff, 0xff, 0xff, 0xff, 0xf0, 0x9f,
    0xfc, 0xaa, 0xaa, 0xaa, 0xaa, 0xa0, 0x9f, 0xf7,
    0x0, 0x0, 0x0, 0x0, 0x0, 0x9f, 0xf7, 0x0,
    0x0, 0x0, 0x0, 0x0, 0x9f, 0xf7, 0x0, 0x0,
    0x0, 0x0, 0x0, 0x9f, 0xf7, 0x0, 0x0, 0x0,
    0x0, 0x0, 0x9f, 0xf7, 0x0, 0x0, 0x0, 0x0,
    0x0, 0x9f, 0xfd, 0xbb, 0xbb, 0xbb, 0xbb, 0xb6,
    0x9f, 0xff, 0xff, 0xff, 0xff, 0xff, 0xf9, 0x9f,
    0xff, 0xff, 0xff, 0xff, 0xff, 0xf9,

    /* U+1EBB "ẻ" */
    0x0, 0x0, 0xe, 0xfe, 0xa0, 0x0, 0x0, 0x0,
    0x0, 0xd, 0xcf, 0xf6, 0x0, 0x0, 0x0, 0x0,
    0x0, 0x9, 0xf8, 0x0, 0x0, 0x0, 0x0, 0x0,
    0xc, 0xf3, 0x0, 0x0, 0x0, 0x0, 0x0, 0x5c,
    0x60, 0x0, 0x0, 0x0, 0x0, 0x0, 0x0, 0x0,
    0x0, 0x0, 0x0, 0x1, 0x7c, 0xef, 0xd9, 0x20,
    0x0, 0x0, 0x4f, 0xff, 0xff, 0xff, 0xf7, 0x0,
    0x4, 0xff, 0xfd, 0x98, 0xbf, 0xff, 0x60, 0xe,
    0xff, 0x80, 0x0, 0x4, 0xff, 0xf1, 0x4f, 0xfc,
    0x0, 0x0, 0x0, 0x9f, 0xf7, 0x9f, 0xf6, 0x0,
    0x0, 0x0, 0x4f, 0xfb, 0xbf, 0xff, 0xff, 0xff,
    0xff, 0xff, 0xfd, 0xcf, 0xff, 0xff, 0xff, 0xff,
    0xff, 0xff, 0xbf, 0xf7, 0x33, 0x33, 0x33, 0x33,
    0x33, 0x9f, 0xf7, 0x0, 0x0, 0x0, 0x0, 0x0,
    0x4f, 0xfc, 0x0, 0x0, 0x0, 0x5a, 0xa6, 0xe,
    0xff, 0x80, 0x0, 0x3, 0xef, 0xf4, 0x4, 0xff,
    0xfd, 0x98, 0xbf, 0xff, 0xa0, 0x0, 0x5f, 0xff,
    0xff, 0xff, 0xfa, 0x0, 0x0, 0x1, 0x8c, 0xef,
    0xea, 0x40, 0x0,

    /* U+1EBC "Ẽ" */
    0x0, 0x6, 0xef, 0xb3, 0x6, 0xf5, 0x0, 0x0,
    0x4f, 0xfe, 0xff, 0xef, 0xe1, 0x0, 0x0, 0x8f,
    0x20, 0x5c, 0xfd, 0x40, 0x0, 0x0, 0x0, 0x0,
    0x0, 0x0, 0x0, 0x0, 0x0, 0x0, 0x0, 0x0,
    0x0, 0x0, 0x0, 0x9f, 0xff, 0xff, 0xff, 0xff,
    0xff, 0xf5, 0x9f, 0xff, 0xff, 0xff, 0xff, 0xff,
    0xf5, 0x9f, 0xfd, 0xbb, 0xbb, 0xbb, 0xbb, 0xb4,
    0x9f, 0xf7, 0x0, 0x0, 0x0, 0x0, 0x0, 0x9f,
    0xf7, 0x0, 0x0, 0x0, 0x0, 0x0, 0x9f, 0xf7,
    0x0, 0x0, 0x0, 0x0, 0x0, 0x9f, 0xf7, 0x0,
    0x0, 0x0, 0x0, 0x0, 0x9f, 0xf7, 0x0, 0x0,
    0x0, 0x0, 0x0, 0x9f, 0xf7, 0x0, 0x0, 0x0,
    0x0, 0x0, 0x9f, 0xff, 0xff, 0xff, 0xff, 0xff,
    0xf0, 0x9f, 0xff, 0xff, 0xff, 0xff, 0xff, 0xf0,
    0x9f, 0xfc, 0xaa, 0xaa, 0xaa, 0xaa, 0xa0, 0x9f,
    0xf7, 0x0, 0x0, 0x0, 0x0, 0x0, 0x9f, 0xf7,
    0x0, 0x0, 0x0, 0x0, 0x0, 0x9f, 0xf7, 0x0,
    0x0, 0x0, 0x0, 0x0, 0x9f, 0xf7, 0x0, 0x0,
    0x0, 0x0, 0x0, 0x9f, 0xf7, 0x0, 0x0, 0x0,
    0x0, 0x0, 0x9f, 0xfd, 0xbb, 0xbb, 0xbb, 0xbb,
    0xb6, 0x9f, 0xff, 0xff, 0xff, 0xff, 0xff, 0xf9,
    0x9f, 0xff, 0xff, 0xff, 0xff, 0xff, 0xf9,

    /* U+1EBD "ẽ" */
    0x0, 0x0, 0x0, 0x0, 0x0, 0x75, 0x0, 0x0,
    0x3, 0xcf, 0xd6, 0x2, 0xf9, 0x0, 0x0, 0xe,
    0xfe, 0xff, 0xff, 0xf3, 0x0, 0x0, 0x3f, 0x80,
    0x2b, 0xfe, 0x60, 0x0, 0x0, 0x0, 0x0, 0x0,
    0x0, 0x0, 0x0, 0x0, 0x0, 0x0, 0x0, 0x0,
    0x0, 0x0, 0x0, 0x1, 0x7c, 0xef, 0xd9, 0x20,
    0x0, 0x0, 0x4f, 0xff, 0xff, 0xff, 0xf7, 0x0,
    0x4, 0xff, 0xfd, 0x98, 0xbf, 0xff, 0x60, 0xe,
    0xff, 0x80, 0x0, 0x4, 0xff, 0xf1, 0x4f, 0xfc,
    0x0, 0x0, 0x0, 0x9f, 0xf7, 0x9f, 0xf6, 0x0,
    0x0, 0x0, 0x4f, 0xfb, 0xbf, 0xff, 0xff, 0xff,
    0xff, 0xff, 0xfd, 0xcf, 0xff, 0xff, 0xff, 0xff,
    0xff, 0xff, 0xbf, 0xf7, 0x33, 0x33, 0x33, 0x33,
    0x33, 0x9f, 0xf7, 0x0, 0x0, 0x0, 0x0, 0x0,
    0x4f, 0xfc, 0x0, 0x0, 0x0, 0x5a, 0xa6, 0xe,
    0xff, 0x80, 0x0, 0x3, 0xef, 0xf4, 0x4, 0xff,
    0xfd, 0x98, 0xbf, 0xff, 0xa0, 0x0, 0x5f, 0xff,
    0xff, 0xff, 0xfa, 0x0, 0x0, 0x1, 0x8c, 0xef,
    0xea, 0x40, 0x0,

    /* U+1EBE "Ế" */
    0x0, 0x0, 0x0, 0x0, 0x0, 0x1b, 0xb8, 0x0,
    0x0, 0x0, 0x0, 0x0, 0x7f, 0xf3, 0x0, 0x0,
    0x0, 0x0, 0x0, 0xdf, 0xa0, 0x0, 0x0, 0x9,
    0xbb, 0x84, 0xff, 0x10, 0x0, 0x0, 0x8f, 0xff,
    0xf6, 0x0, 0x0, 0x0, 0x5, 0xff, 0x35, 0xff,
    0x20, 0x0, 0x0, 0x9, 0xa3, 0x0, 0x5a, 0x70,
    0x0, 0x0, 0x0, 0x0, 0x0, 0x0, 0x0, 0x0,
    0x9f, 0xff, 0xff, 0xff, 0xff, 0xff, 0xf5, 0x9f,
    0xff, 0xff, 0xff, 0xff, 0xff, 0xf5, 0x9f, 0xfd,
    0xbb, 0xbb, 0xbb, 0xbb, 0xb4, 0x9f, 0xf7, 0x0,
    0x0, 0x0, 0x0, 0x0, 0x9f, 0xf7, 0x0, 0x0,
    0x0, 0x0, 0x0, 0x9f, 0xf7, 0x0, 0x0, 0x0,
    0x0, 0x0, 0x9f, 0xf7, 0x0, 0x0, 0x0, 0x0,
    0x0, 0x9f, 0xf7, 0x0, 0x0, 0x0, 0x0, 0x0,
    0x9f, 0xf7, 0x0, 0x0, 0x0, 0x0, 0x0, 0x9f,
    0xff, 0xff, 0xff, 0xff, 0xff, 0xf0, 0x9f, 0xff,
    0xff, 0xff, 0xff, 0xff, 0xf0, 0x9f, 0xfc, 0xaa,
    0xaa, 0xaa, 0xaa, 0xa0, 0x9f, 0xf7, 0x0, 0x0,
    0x0, 0x0, 0x0, 0x9f, 0xf7, 0x0, 0x0, 0x0,
    0x0, 0x0, 0x9f, 0xf7, 0x0, 0x0, 0x0, 0x0,
    0x0, 0x9f, 0xf7, 0x0, 0x0, 0x0, 0x0, 0x0,
    0x9f, 0xf7, 0x0, 0x0, 0x0, 0x0, 0x0, 0x9f,
    0xfd, 0xbb, 0xbb, 0xbb, 0xbb, 0xb6, 0x9f, 0xff,
    0xff, 0xff, 0xff, 0xff, 0xf9, 0x9f, 0xff, 0xff,
    0xff, 0xff, 0xff, 0xf9,

    /* U+1EBF "ế" */
    0x0, 0x0, 0x0, 0x0, 0x0, 0xe, 0xfe, 0x10,
    0x0, 0x0, 0x0, 0x0, 0x4, 0xff, 0x60, 0x0,
    0x0, 0x0, 0x0, 0x0, 0xaf, 0xd0, 0x0, 0x0,
    0x0, 0x9f, 0xff, 0x2b, 0xb3, 0x0, 0x0, 0x0,
    0x4f, 0xff, 0xfc, 0x0, 0x0, 0x0, 0x0, 0x1e,
    0xf7, 0x1e, 0xf7, 0x0, 0x0, 0x0, 0x7, 0xd9,
    0x0, 0x3c, 0xc1, 0x0, 0x0, 0x0, 0x0, 0x0,
    0x0, 0x0, 0x0, 0x0, 0x0, 0x1, 0x7c, 0xef,
    0xd9, 0x20, 0x0, 0x0, 0x4, 0xff, 0xff, 0xff,
    0xff, 0x70, 0x0, 0x4, 0xff, 0xfd, 0x98, 0xbf,
    0xff, 0x60, 0x0, 0xef, 0xf8, 0x0, 0x0, 0x4f,
    0xff, 0x10, 0x4f, 0xfc, 0x0, 0x0, 0x0, 0x9f,
    0xf7, 0x9, 0xff, 0x60, 0x0, 0x0, 0x4, 0xff,
    0xb0, 0xbf, 0xff, 0xff, 0xff, 0xff, 0xff, 0xfd,
    0xc, 0xff, 0xff, 0xff, 0xff, 0xff, 0xff, 0xf0,
    0xbf, 0xf7, 0x33, 0x33, 0x33, 0x33, 0x33, 0x9,
    0xff, 0x70, 0x0, 0x0, 0x0, 0x0, 0x0, 0x4f,
    0xfc, 0x0, 0x0, 0x0, 0x5a, 0xa6, 0x0, 0xef,
    0xf8, 0x0, 0x0, 0x3e, 0xff, 0x40, 0x4, 0xff,
    0xfd, 0x98, 0xbf, 0xff, 0xa0, 0x0, 0x5, 0xff,
    0xff, 0xff, 0xff, 0xa0, 0x0, 0x0, 0x1, 0x8c,
    0xef, 0xea, 0x40, 0x0, 0x0,

    /* U+1EC0 "Ề" */
    0x0, 0x0, 0x0, 0x0, 0x1b, 0xb9, 0x0, 0x0,
    0x0, 0x0, 0x0, 0x9, 0xff, 0x20, 0x0, 0x0,
    0x0, 0x0, 0x1, 0xef, 0x80, 0x0, 0x0, 0x9,
    0xbb, 0x80, 0x6f, 0xe0, 0x0, 0x0, 0x8f, 0xff,
    0xf6, 0x0, 0x0, 0x0, 0x5, 0xff, 0x35, 0xff,
    0x20, 0x0, 0x0, 0x9, 0xa3, 0x0, 0x5a, 0x70,
    0x0, 0x0, 0x0, 0x0, 0x0, 0x0, 0x0, 0x0,
    0x9f, 0xff, 0xff, 0xff, 0xff, 0xff, 0xf5, 0x9f,
    0xff, 0xff, 0xff, 0xff, 0xff, 0xf5, 0x9f, 0xfd,
    0xbb, 0xbb, 0xbb, 0xbb, 0xb4, 0x9f, 0xf7, 0x0,
    0x0, 0x0, 0x0, 0x0, 0x9f, 0xf7, 0x0, 0x0,
    0x0, 0x0, 0x0, 0x9f, 0xf7, 0x0, 0x0, 0x0,
    0x0, 0x0, 0x9f, 0xf7, 0x0, 0x0, 0x0, 0x0,
    0x0, 0x9f, 0xf7, 0x0, 0x0, 0x0, 0x0, 0x0,
    0x9f, 0xf7, 0x0, 0x0, 0x0, 0x0, 0x0, 0x9f,
    0xff, 0xff, 0xff, 0xff, 0xff, 0xf0, 0x9f, 0xff,
    0xff, 0xff, 0xff, 0xff, 0xf0, 0x9f, 0xfc, 0xaa,
    0xaa, 0xaa, 0xaa, 0xa0, 0x9f, 0xf7, 0x0, 0x0,
    0x0, 0x0, 0x0, 0x9f, 0xf7, 0x0, 0x0, 0x0,
    0x0, 0x0, 0x9f, 0xf7, 0x0, 0x0, 0x0, 0x0,
    0x0, 0x9f, 0xf7, 0x0, 0x0, 0x0, 0x0, 0x0,
    0x9f, 0xf7, 0x0, 0x0, 0x0, 0x0, 0x0, 0x9f,
    0xfd, 0xbb, 0xbb, 0xbb, 0xbb, 0xb6, 0x9f, 0xff,
    0xff, 0xff, 0xff, 0xff, 0xf9, 0x9f, 0xff, 0xff,
    0xff, 0xff, 0xff, 0xf9,

    /* U+1EC1 "ề" */
    0x0, 0x0, 0x0, 0x0, 0xa, 0xff, 0x20, 0x0,
    0x0, 0x0, 0x0, 0x2, 0xff, 0x90, 0x0, 0x0,
    0x0, 0x0, 0x0, 0x8f, 0xe0, 0x0, 0x0, 0x9,
    0xff, 0xf2, 0xb, 0xb3, 0x0, 0x0, 0x4f, 0xff,
    0xfc, 0x0, 0x0, 0x0, 0x1, 0xef, 0x71, 0xef,
    0x70, 0x0, 0x0, 0x7, 0xd9, 0x0, 0x3c, 0xc1,
    0x0, 0x0, 0x0, 0x0, 0x0, 0x0, 0x0, 0x0,
    0x0, 0x1, 0x7c, 0xef, 0xd9, 0x20, 0x0, 0x0,
    0x4f, 0xff, 0xff, 0xff, 0xf7, 0x0, 0x4, 0xff,
    0xfd, 0x98, 0xbf, 0xff, 0x60, 0xe, 0xff, 0x80,
    0x0, 0x4, 0xff, 0xf1, 0x4f, 0xfc, 0x0, 0x0,
    0x0, 0x9f, 0xf7, 0x9f, 0xf6, 0x0, 0x0, 0x0,
    0x4f, 0xfb, 0xbf, 0xff, 0xff, 0xff, 0xff, 0xff,
    0xfd, 0xcf, 0xff, 0xff, 0xff, 0xff, 0xff, 0xff,
    0xbf, 0xf7, 0x33, 0x33, 0x33, 0x33, 0x33, 0x9f,
    0xf7, 0x0, 0x0, 0x0, 0x0, 0x0, 0x4f, 0xfc,
    0x0, 0x0, 0x0, 0x5a, 0xa6, 0xe, 0xff, 0x80,
    0x0, 0x3, 0xef, 0xf4, 0x4, 0xff, 0xfd, 0x98,
    0xbf, 0xff, 0xa0, 0x0, 0x5f, 0xff, 0xff, 0xff,
    0xfa, 0x0, 0x0, 0x1, 0x8c, 0xef, 0xea, 0x40,
    0x0,

    /* U+1EC2 "Ể" */
    0x0, 0x0, 0x0, 0x0, 0x9f, 0xfb, 0x0, 0x0,
    0x0, 0x0, 0x0, 0x79, 0xef, 0x60, 0x0, 0x0,
    0x0, 0x0, 0x0, 0x8f, 0x50, 0x0, 0x0, 0x9,
    0xbb, 0x72, 0xec, 0x0, 0x0, 0x0, 0x8f, 0xff,
    0xf6, 0x10, 0x0, 0x0, 0x5, 0xfe, 0x25, 0xff,
    0x20, 0x0, 0x0, 0x8, 0x93, 0x0, 0x59, 0x70,
    0x0, 0x0, 0x0, 0x0, 0x0, 0x0, 0x0, 0x0,
    0x9f, 0xff, 0xff, 0xff, 0xff, 0xff, 0xf5, 0x9f,
    0xff, 0xff, 0xff, 0xff, 0xff, 0xf5, 0x9f, 0xfd,
    0xbb, 0xbb, 0xbb, 0xbb, 0xb4, 0x9f, 0xf7, 0x0,
    0x0, 0x0, 0x0, 0x0, 0x9f, 0xf7, 0x0, 0x0,
    0x0, 0x0, 0x0, 0x9f, 0xf7, 0x0, 0x0, 0x0,
    0x0, 0x0, 0x9f, 0xf7, 0x0, 0x0, 0x0, 0x0,
    0x0, 0x9f, 0xf7, 0x0, 0x0, 0x0, 0x0, 0x0,
    0x9f, 0xf7, 0x0, 0x0, 0x0, 0x0, 0x0, 0x9f,
    0xff, 0xff, 0xff, 0xff, 0xff, 0xf0, 0x9f, 0xff,
    0xff, 0xff, 0xff, 0xff, 0xf0, 0x9f, 0xfc, 0xaa,
    0xaa, 0xaa, 0xaa, 0xa0, 0x9f, 0xf7, 0x0, 0x0,
    0x0, 0x0, 0x0, 0x9f, 0xf7, 0x0, 0x0, 0x0,
    0x0, 0x0, 0x9f, 0xf7, 0x0, 0x0, 0x0, 0x0,
    0x0, 0x9f, 0xf7, 0x0, 0x0, 0x0, 0x0, 0x0,
    0x9f, 0xf7, 0x0, 0x0, 0x0, 0x0, 0x0, 0x9f,
    0xfd, 0xbb, 0xbb, 0xbb, 0xbb, 0xb6, 0x9f, 0xff,
    0xff, 0xff, 0xff, 0xff, 0xf9, 0x9f, 0xff, 0xff,
    0xff, 0xff, 0xff, 0xf9,

    /* U+1EC3 "ể" */
    0x0, 0x0, 0x0, 0x0, 0x28, 0x96, 0x0, 0x0,
    0x0, 0x0, 0x0, 0x5f, 0xff, 0x80, 0x0, 0x0,
    0x0, 0x0, 0x0, 0x4f, 0xb0, 0x0, 0x0, 0x0,
    0x0, 0x0, 0x4f, 0x90, 0x0, 0x0, 0x9, 0xff,
    0xf2, 0xcc, 0x10, 0x0, 0x0, 0x4f, 0xff, 0xfc,
    0x0, 0x0, 0x0, 0x1, 0xef, 0x71, 0xef, 0x70,
    0x0, 0x0, 0x7, 0xd9, 0x0, 0x3d, 0xc1, 0x0,
    0x0, 0x0, 0x0, 0x0, 0x0, 0x0, 0x0, 0x0,
    0x1, 0x7c, 0xef, 0xd9, 0x20, 0x0, 0x0, 0x4f,
    0xff, 0xff, 0xff, 0xf7, 0x0, 0x4, 0xff, 0xfd,
    0x98, 0xbf, 0xff, 0x60, 0xe, 0xff, 0x80, 0x0,
    0x4, 0xff, 0xf1, 0x4f, 0xfc, 0x0, 0x0, 0x0,
    0x9f, 0xf7, 0x9f, 0xf6, 0x0, 0x0, 0x0, 0x4f,
    0xfb, 0xbf, 0xff, 0xff, 0xff, 0xff, 0xff, 0xfd,
    0xcf, 0xff, 0xff, 0xff, 0xff, 0xff, 0xff, 0xbf,
    0xf7, 0x33, 0x33, 0x33, 0x33, 0x33, 0x9f, 0xf7,
    0x0, 0x0, 0x0, 0x0, 0x0, 0x4f, 0xfc, 0x0,
    0x0, 0x0, 0x5a, 0xa6, 0xe, 0xff, 0x80, 0x0,
    0x3, 0xef, 0xf4, 0x4, 0xff, 0xfd, 0x98, 0xbf,
    0xff, 0xa0, 0x0, 0x5f, 0xff, 0xff, 0xff, 0xfa,
    0x0, 0x0, 0x1, 0x8c, 0xef, 0xea, 0x40, 0x0,

    /* U+1EC4 "Ễ" */
    0x0, 0x1, 0x8b, 0x60, 0x5, 0xc1, 0x0, 0x0,
    0xc, 0xff, 0xfa, 0x1b, 0xf0, 0x0, 0x0, 0x2f,
    0x91, 0xaf, 0xff, 0x90, 0x0, 0x0, 0x3c, 0x40,
    0x7, 0xb8, 0x0, 0x0, 0x0, 0x0, 0x4, 0x66,
    0x30, 0x0, 0x0, 0x0, 0x0, 0x5f, 0xff, 0xf3,
    0x0, 0x0, 0x0, 0x3, 0xff, 0x57, 0xfe, 0x10,
    0x0, 0x0, 0xa, 0xb5, 0x0, 0x6b, 0x80, 0x0,
    0x0, 0x0, 0x0, 0x0, 0x0, 0x0, 0x0, 0x9f,
    0xff, 0xff, 0xff, 0xff, 0xff, 0xf5, 0x9f, 0xff,
    0xff, 0xff, 0xff, 0xff, 0xf5, 0x9f, 0xfd, 0xbb,
    0xbb, 0xbb, 0xbb, 0xb4, 0x9f, 0xf7, 0x0, 0x0,
    0x0, 0x0, 0x0, 0x9f, 0xf7, 0x0, 0x0, 0x0,
    0x0, 0x0, 0x9f, 0xf7, 0x0, 0x0, 0x0, 0x0,
    0x0, 0x9f, 0xf7, 0x0, 0x0, 0x0, 0x0, 0x0,
    0x9f, 0xf7, 0x0, 0x0, 0x0, 0x0, 0x0, 0x9f,
    0xf7, 0x0, 0x0, 0x0, 0x0, 0x0, 0x9f, 0xff,
    0xff, 0xff, 0xff, 0xff, 0xf0, 0x9f, 0xff, 0xff,
    0xff, 0xff, 0xff, 0xf0, 0x9f, 0xfc, 0xaa, 0xaa,
    0xaa, 0xaa, 0xa0, 0x9f, 0xf7, 0x0, 0x0, 0x0,
    0x0, 0x0, 0x9f, 0xf7, 0x0, 0x0, 0x0, 0x0,
    0x0, 0x9f, 0xf7, 0x0, 0x0, 0x0, 0x0, 0x0,
    0x9f, 0xf7, 0x0, 0x0, 0x0, 0x0, 0x0, 0x9f,
    0xf7, 0x0, 0x0, 0x0, 0x0, 0x0, 0x9f, 0xfd,
    0xbb, 0xbb, 0xbb, 0xbb, 0xb6, 0x9f, 0xff, 0xff,
    0xff, 0xff, 0xff, 0xf9, 0x9f, 0xff, 0xff, 0xff,
    0xff, 0xff, 0xf9,

    /* U+1EC5 "ễ" */
    0x0, 0x1, 0xbf, 0xd6, 0x3, 0xf7, 0x0, 0x0,
    0xa, 0xfd, 0xff, 0xee, 0xf3, 0x0, 0x0, 0xf,
    0xc0, 0x1a, 0xfe, 0x60, 0x0, 0x0, 0x0, 0x0,
    0x0, 0x0, 0x0, 0x0, 0x0, 0x0, 0x9, 0xff,
    0xf2, 0x0, 0x0, 0x0, 0x0, 0x4f, 0xff, 0xfc,
    0x0, 0x0, 0x0, 0x1, 0xef, 0x71, 0xef, 0x70,
    0x0, 0x0, 0x7, 0xd9, 0x0, 0x3d, 0xc1, 0x0,
    0x0, 0x0, 0x0, 0x0, 0x0, 0x0, 0x0, 0x0,
    0x1, 0x7c, 0xef, 0xd9, 0x20, 0x0, 0x0, 0x4f,
    0xff, 0xff, 0xff, 0xf7, 0x0, 0x4, 0xff, 0xfd,
    0x98, 0xbf, 0xff, 0x60, 0xe, 0xff, 0x80, 0x0,
    0x4, 0xff, 0xf1, 0x4f, 0xfc, 0x0, 0x0, 0x0,
    0x9f, 0xf7, 0x9f, 0xf6, 0x0, 0x0, 0x0, 0x4f,
    0xfb, 0xbf, 0xff, 0xff, 0xff, 0xff, 0xff, 0xfd,
    0xcf, 0xff, 0xff, 0xff, 0xff, 0xff, 0xff, 0xbf,
    0xf7, 0x33, 0x33, 0x33, 0x33, 0x33, 0x9f, 0xf7,
    0x0, 0x0, 0x0, 0x0, 0x0, 0x4f, 0xfc, 0x0,
    0x0, 0x0, 0x5a, 0xa6, 0xe, 0xff, 0x80, 0x0,
    0x3, 0xef, 0xf4, 0x4, 0xff, 0xfd, 0x98, 0xbf,
    0xff, 0xa0, 0x0, 0x5f, 0xff, 0xff, 0xff, 0xfa,
    0x0, 0x0, 0x1, 0x8c, 0xef, 0xea, 0x40, 0x0,

    /* U+1EC6 "Ệ" */
    0x0, 0x0, 0x6, 0x88, 0x50, 0x0, 0x0, 0x0,
    0x0, 0x4f, 0xff, 0xf2, 0x0, 0x0, 0x0, 0x0,
    0xdf, 0x8a, 0xfc, 0x0, 0x0, 0x0, 0x8, 0xfc,
    0x0, 0xdf, 0x60, 0x0, 0x0, 0x7, 0x82, 0x0,
    0x38, 0x70, 0x0, 0x0, 0x0, 0x0, 0x0, 0x0,
    0x0, 0x0, 0x9f, 0xff, 0xff, 0xff, 0xff, 0xff,
    0xf5, 0x9f, 0xff, 0xff, 0xff, 0xff, 0xff, 0xf5,
    0x9f, 0xfd, 0xbb, 0xbb, 0xbb, 0xbb, 0xb4, 0x9f,
    0xf7, 0x0, 0x0, 0x0, 0x0, 0x0, 0x9f, 0xf7,
    0x0, 0x0, 0x0, 0x0, 0x0, 0x9f, 0xf7, 0x0,
    0x0, 0x0, 0x0, 0x0, 0x9f, 0xf7, 0x0, 0x0,
    0x0, 0x0, 0x0, 0x9f, 0xf7, 0x0, 0x0, 0x0,
    0x0, 0x0, 0x9f, 0xf7, 0x0, 0x0, 0x0, 0x0,
    0x0, 0x9f, 0xff, 0xff, 0xff, 0xff, 0xff, 0xf0,
    0x9f, 0xff, 0xff, 0xff, 0xff, 0xff, 0xf0, 0x9f,
    0xfc, 0xaa, 0xaa, 0xaa, 0xaa, 0xa0, 0x9f, 0xf7,
    0x0, 0x0, 0x0, 0x0, 0x0, 0x9f, 0xf7, 0x0,
    0x0, 0x0, 0x0, 0x0, 0x9f, 0xf7, 0x0, 0x0,
    0x0, 0x0, 0x0, 0x9f, 0xf7, 0x0, 0x0, 0x0,
    0x0, 0x0, 0x9f, 0xf7, 0x0, 0x0, 0x0, 0x0,
    0x0, 0x9f, 0xfd, 0xbb, 0xbb, 0xbb, 0xbb, 0xb6,
    0x9f, 0xff, 0xff, 0xff, 0xff, 0xff, 0xf9, 0x9f,
    0xff, 0xff, 0xff, 0xff, 0xff, 0xf9, 0x0, 0x0,
    0x0, 0x0, 0x0, 0x0, 0x0, 0x0, 0x0, 0x4,
    0xaa, 0x40, 0x0, 0x0, 0x0, 0x0, 0x7, 0xff,
    0x60, 0x0, 0x0, 0x0, 0x0, 0x7, 0xff, 0x60,
    0x0, 0x0,

    /* U+1EC7 "ệ" */
    0x0, 0x0, 0x3, 0x88, 0x70, 0x0, 0x0, 0x0,
    0x0, 0x1e, 0xff, 0xf6, 0x0, 0x0, 0x0, 0x0,
    0xaf, 0x92, 0xff, 0x20, 0x0, 0x0, 0x4, 0xfe,
    0x0, 0x7f, 0xc0, 0x0, 0x0, 0x4, 0x63, 0x0,
    0x5, 0x61, 0x0, 0x0, 0x0, 0x0, 0x0, 0x0,
    0x0, 0x0, 0x0, 0x1, 0x7c, 0xef, 0xd9, 0x20,
    0x0, 0x0, 0x4f, 0xff, 0xff, 0xff, 0xf7, 0x0,
    0x4, 0xff, 0xfd, 0x98, 0xbf, 0xff, 0x60, 0xe,
    0xff, 0x80, 0x0, 0x4, 0xff, 0xf1, 0x4f, 0xfc,
    0x0, 0x0, 0x0, 0x9f, 0xf7, 0x9f, 0xf6, 0x0,
    0x0, 0x0, 0x4f, 0xfb, 0xbf, 0xff, 0xff, 0xff,
    0xff, 0xff, 0xfd, 0xcf, 0xff, 0xff, 0xff, 0xff,
    0xff, 0xff, 0xbf, 0xf7, 0x33, 0x33, 0x33, 0x33,
    0x33, 0x9f, 0xf7, 0x0, 0x0, 0x0, 0x0, 0x0,
    0x4f, 0xfc, 0x0, 0x0, 0x0, 0x5a, 0xa6, 0xe,
    0xff, 0x80, 0x0, 0x3, 0xef, 0xf4, 0x4, 0xff,
    0xfd, 0x98, 0xbf, 0xff, 0xa0, 0x0, 0x5f, 0xff,
    0xff, 0xff, 0xfa, 0x0, 0x0, 0x1, 0x8c, 0xef,
    0xea, 0x40, 0x0, 0x0, 0x0, 0x0, 0x0, 0x0,
    0x0, 0x0, 0x0, 0x0, 0x1, 0xaa, 0x60, 0x0,
    0x0, 0x0, 0x0, 0x2, 0xff, 0xa0, 0x0, 0x0,
    0x0, 0x0, 0x2, 0xff, 0xa0, 0x0, 0x0,

    /* U+1EC8 "Ỉ" */
    0x2a, 0xba, 0x30, 0x4f, 0xff, 0xf1, 0x0, 0x1e,
    0xf3, 0x0, 0x2f, 0xd0, 0x0, 0x79, 0x10, 0x0,
    0x0, 0x0, 0x9, 0xff, 0x70, 0x9, 0xff, 0x70,
    0x9, 0xff, 0x70, 0x9, 0xff, 0x70, 0x9, 0xff,
    0x70, 0x9, 0xff, 0x70, 0x9, 0xff, 0x70, 0x9,
    0xff, 0x70, 0x9, 0xff, 0x70, 0x9, 0xff, 0x70,
    0x9, 0xff, 0x70, 0x9, 0xff, 0x70, 0x9, 0xff,
    0x70, 0x9, 0xff, 0x70, 0x9, 0xff, 0x70, 0x9,
    0xff, 0x70, 0x9, 0xff, 0x70, 0x9, 0xff, 0x70,
    0x9, 0xff, 0x70, 0x9, 0xff, 0x70,

    /* U+1EC9 "ỉ" */
    0x8f, 0xfc, 0x38, 0xce, 0xfc, 0x0, 0x3f, 0xd0,
    0x8, 0xf6, 0x1, 0x86, 0x0, 0x0, 0x0, 0xe,
    0xff, 0x10, 0xef, 0xf1, 0xe, 0xff, 0x10, 0xef,
    0xf1, 0xe, 0xff, 0x10, 0xef, 0xf1, 0xe, 0xff,
    0x10, 0xef, 0xf1, 0xe, 0xff, 0x10, 0xef, 0xf1,
    0xe, 0xff, 0x10, 0xef, 0xf1, 0xe, 0xff, 0x10,
    0xef, 0xf1, 0xe, 0xff, 0x10,

    /* U+1ECA "Ị" */
    0x9f, 0xf7, 0x9f, 0xf7, 0x9f, 0xf7, 0x9f, 0xf7,
    0x9f, 0xf7, 0x9f, 0xf7, 0x9f, 0xf7, 0x9f, 0xf7,
    0x9f, 0xf7, 0x9f, 0xf7, 0x9f, 0xf7, 0x9f, 0xf7,
    0x9f, 0xf7, 0x9f, 0xf7, 0x9f, 0xf7, 0x9f, 0xf7,
    0x9f, 0xf7, 0x9f, 0xf7, 0x9f, 0xf7, 0x9f, 0xf7,
    0x0, 0x0, 0x4a, 0xa3, 0x7f, 0xf5, 0x7f, 0xf5,

    /* U+1ECB "ị" */
    0xff, 0xf2, 0xff, 0xf2, 0xee, 0xe1, 0x0, 0x0,
    0x0, 0x0, 0xef, 0xf1, 0xef, 0xf1, 0xef, 0xf1,
    0xef, 0xf1, 0xef, 0xf1, 0xef, 0xf1, 0xef, 0xf1,
    0xef, 0xf1, 0xef, 0xf1, 0xef, 0xf1, 0xef, 0xf1,
    0xef, 0xf1, 0xef, 0xf1, 0xef, 0xf1, 0xef, 0xf1,
    0x0, 0x0, 0x8a, 0xa0, 0xdf, 0xf0, 0xdf, 0xf0,

    /* U+1ECC "Ọ" */
    0x0, 0x0, 0x3, 0x9d, 0xff, 0xfd, 0x93, 0x0,
    0x0, 0x0, 0x0, 0x1b, 0xff, 0xff, 0xff, 0xff,
    0xfb, 0x20, 0x0, 0x0, 0x2e, 0xff, 0xff, 0xdc,
    0xdf, 0xff, 0xfe, 0x30, 0x0, 0xd, 0xff, 0xf7,
    0x10, 0x0, 0x17, 0xff, 0xfe, 0x10, 0x8, 0xff,
    0xf4, 0x0, 0x0, 0x0, 0x3, 0xff, 0xf9, 0x0,
    0xff, 0xf7, 0x0, 0x0, 0x0, 0x0, 0x7, 0xff,
    0xf1, 0x5f, 0xff, 0x0, 0x0, 0x0, 0x0, 0x0,
    0xf, 0xff, 0x58, 0xff, 0xa0, 0x0, 0x0, 0x0,
    0x0, 0x0, 0xaf, 0xf9, 0xaf, 0xf8, 0x0, 0x0,
    0x0, 0x0, 0x0, 0x7, 0xff, 0xbb, 0xff, 0x60,
    0x0, 0x0, 0x0, 0x0, 0x0, 0x6f, 0xfc, 0xbf,
    0xf6, 0x0, 0x0, 0x0, 0x0, 0x0, 0x6, 0xff,
    0xcb, 0xff, 0x80, 0x0, 0x0, 0x0, 0x0, 0x0,
    0x7f, 0xfb, 0x8f, 0xfa, 0x0, 0x0, 0x0, 0x0,
    0x0, 0xa, 0xff, 0x95, 0xff, 0xf0, 0x0, 0x0,
    0x0, 0x0, 0x0, 0xef, 0xf5, 0xf, 0xff, 0x70,
    0x0, 0x0, 0x0, 0x0, 0x6f, 0xff, 0x10, 0x9f,
    0xff, 0x30, 0x0, 0x0, 0x0, 0x3f, 0xff, 0x90,
    0x1, 0xef, 0xff, 0x71, 0x0, 0x1, 0x7f, 0xff,
    0xe1, 0x0, 0x2, 0xef, 0xff, 0xfd, 0xbd, 0xff,
    0xff, 0xe3, 0x0, 0x0, 0x2, 0xcf, 0xff, 0xff,
    0xff, 0xff, 0xc2, 0x0, 0x0, 0x0, 0x0, 0x49,
    0xdf, 0xff, 0xd9, 0x40, 0x0, 0x0, 0x0, 0x0,
    0x0, 0x0, 0x0, 0x0, 0x0, 0x0, 0x0, 0x0,
    0x0, 0x0, 0x0, 0x9, 0xa9, 0x0, 0x0, 0x0,
    0x0, 0x0, 0x0, 0x0, 0x0, 0xef, 0xe0, 0x0,
    0x0, 0x0, 0x0, 0x0, 0x0, 0x0, 0xe, 0xfe,
    0x0, 0x0, 0x0, 0x0,

    /* U+1ECD "ọ" */
    0x0, 0x1, 0x7c, 0xef, 0xda, 0x30, 0x0, 0x0,
    0x4, 0xef, 0xff, 0xff, 0xff, 0xa0, 0x0, 0x3,
    0xff, 0xfe, 0x98, 0xbf, 0xff, 0xa0, 0x0, 0xef,
    0xfa, 0x0, 0x0, 0x4f, 0xff, 0x50, 0x4f, 0xfe,
    0x0, 0x0, 0x0, 0x7f, 0xfb, 0x9, 0xff, 0x80,
    0x0, 0x0, 0x1, 0xff, 0xf1, 0xbf, 0xf5, 0x0,
    0x0, 0x0, 0xd, 0xff, 0x2c, 0xff, 0x40, 0x0,
    0x0, 0x0, 0xdf, 0xf4, 0xbf, 0xf5, 0x0, 0x0,
    0x0, 0xd, 0xff, 0x29, 0xff, 0x80, 0x0, 0x0,
    0x1, 0xff, 0xf1, 0x4f, 0xfd, 0x0, 0x0, 0x0,
    0x7f, 0xfb, 0x0, 0xef, 0xfa, 0x0, 0x0, 0x3f,
    0xff, 0x50, 0x4, 0xff, 0xfe, 0x98, 0xbf, 0xff,
    0xb0, 0x0, 0x4, 0xff, 0xff, 0xff, 0xff, 0xa0,
    0x0, 0x0, 0x1, 0x7c, 0xef, 0xda, 0x40, 0x0,
    0x0, 0x0, 0x0, 0x0, 0x0, 0x0, 0x0, 0x0,
    0x0, 0x0, 0x1, 0xaa, 0x60, 0x0, 0x0, 0x0,
    0x0, 0x0, 0x2f, 0xfa, 0x0, 0x0, 0x0, 0x0,
    0x0, 0x2, 0xff, 0xa0, 0x0, 0x0, 0x0,

    /* U+1ECE "Ỏ" */
    0x0, 0x0, 0x0, 0xa, 0xff, 0xc2, 0x0, 0x0,
    0x0, 0x0, 0x0, 0x0, 0x0, 0xac, 0xef, 0xb0,
    0x0, 0x0, 0x0, 0x0, 0x0, 0x0, 0x0, 0x5,
    0xfc, 0x0, 0x0, 0x0, 0x0, 0x0, 0x0, 0x0,
    0x0, 0x8f, 0x70, 0x0, 0x0, 0x0, 0x0, 0x0,
    0x0, 0x0, 0x2d, 0xa0, 0x0, 0x0, 0x0, 0x0,
    0x0, 0x0, 0x0, 0x0, 0x0, 0x0, 0x0, 0x0,
    0x0, 0x0, 0x0, 0x3, 0x9d, 0xff, 0xfd, 0x93,
    0x0, 0x0, 0x0, 0x0, 0x1b, 0xff, 0xff, 0xff,
    0xff, 0xfb, 0x20, 0x0, 0x0, 0x2e, 0xff, 0xff,
    0xdc, 0xdf, 0xff, 0xfe, 0x30, 0x0, 0xd, 0xff,
    0xf7, 0x10, 0x0, 0x17, 0xff, 0xfe, 0x10, 0x8,
    0xff, 0xf4, 0x0, 0x0, 0x0, 0x3, 0xff, 0xf9,
    0x0, 0xff, 0xf7, 0x0, 0x0, 0x0, 0x0, 0x7,
    0xff, 0xf1, 0x5f, 0xff, 0x0, 0x0, 0x0, 0x0,
    0x0, 0xf, 0xff, 0x58, 0xff, 0xa0, 0x0, 0x0,
    0x0, 0x0, 0x0, 0xaf, 0xf9, 0xaf, 0xf8, 0x0,
    0x0, 0x0, 0x0, 0x0, 0x7, 0xff, 0xbb, 0xff,
    0x60, 0x0, 0x0, 0x0, 0x0, 0x0, 0x6f, 0xfc,
    0xbf, 0xf6, 0x0, 0x0, 0x0, 0x0, 0x0, 0x6,
    0xff, 0xcb, 0xff, 0x80, 0x0, 0x0, 0x0, 0x0,
    0x0, 0x7f, 0xfb, 0x8f, 0xfa, 0x0, 0x0, 0x0,
    0x0, 0x0, 0xa, 0xff, 0x95, 0xff, 0xf0, 0x0,
    0x0, 0x0, 0x0, 0x0, 0xef, 0xf5, 0xf, 0xff,
    0x70, 0x0, 0x0, 0x0, 0x0, 0x6f, 0xff, 0x10,
    0x9f, 0xff, 0x30, 0x0, 0x0, 0x0, 0x3f, 0xff,
    0x90, 0x1, 0xef, 0xff, 0x71, 0x0, 0x1, 0x7f,
    0xff, 0xe1, 0x0, 0x2, 0xef, 0xff, 0xfd, 0xbd,
    0xff, 0xff, 0xe3, 0x0, 0x0, 0x2, 0xcf, 0xff,
    0xff, 0xff, 0xff, 0xc2, 0x0, 0x0, 0x0, 0x0,
    0x49, 0xdf, 0xff, 0xd9, 0x40, 0x0, 0x0,

    /* U+1ECF "ỏ" */
    0x0, 0x0, 0xe, 0xfe, 0xa0, 0x0, 0x0, 0x0,
    0x0, 0x0, 0xdc, 0xff, 0x60, 0x0, 0x0, 0x0,
    0x0, 0x0, 0x9, 0xf8, 0x0, 0x0, 0x0, 0x0,
    0x0, 0x0, 0xcf, 0x30, 0x0, 0x0, 0x0, 0x0,
    0x0, 0x5c, 0x60, 0x0, 0x0, 0x0, 0x0, 0x0,
    0x0, 0x0, 0x0, 0x0, 0x0, 0x0, 0x1, 0x7c,
    0xef, 0xda, 0x30, 0x0, 0x0, 0x4, 0xef, 0xff,
    0xff, 0xff, 0xa0, 0x0, 0x3, 0xff, 0xfe, 0x98,
    0xbf, 0xff, 0xa0, 0x0, 0xef, 0xfa, 0x0, 0x0,
    0x4f, 0xff, 0x50, 0x4f, 0xfe, 0x0, 0x0, 0x0,
    0x7f, 0xfb, 0x9, 0xff, 0x80, 0x0, 0x0, 0x1,
    0xff, 0xf1, 0xbf, 0xf5, 0x0, 0x0, 0x0, 0xd,
    0xff, 0x2c, 0xff, 0x40, 0x0, 0x0, 0x0, 0xdf,
    0xf4, 0xbf, 0xf5, 0x0, 0x0, 0x0, 0xd, 0xff,
    0x29, 0xff, 0x80, 0x0, 0x0, 0x1, 0xff, 0xf1,
    0x4f, 0xfd, 0x0, 0x0, 0x0, 0x7f, 0xfb, 0x0,
    0xef, 0xfa, 0x0, 0x0, 0x3f, 0xff, 0x50, 0x4,
    0xff, 0xfe, 0x98, 0xbf, 0xff, 0xb0, 0x0, 0x4,
    0xff, 0xff, 0xff, 0xff, 0xa0, 0x0, 0x0, 0x1,
    0x7c, 0xef, 0xda, 0x40, 0x0, 0x0,

    /* U+1ED0 "Ố" */
    0x0, 0x0, 0x0, 0x0, 0x0, 0x0, 0x9, 0xff,
    0x40, 0x0, 0x0, 0x0, 0x0, 0x0, 0x0, 0x0,
    0xff, 0xb0, 0x0, 0x0, 0x0, 0x0, 0x0, 0x0,
    0x0, 0x6f, 0xf2, 0x0, 0x0, 0x0, 0x0, 0x0,
    0x5f, 0xff, 0x68, 0xb7, 0x0, 0x0, 0x0, 0x0,
    0x0, 0x1e, 0xff, 0xfe, 0x10, 0x0, 0x0, 0x0,
    0x0, 0x0, 0xb, 0xfb, 0xb, 0xfb, 0x0, 0x0,
    0x0, 0x0, 0x0, 0x4, 0xdc, 0x10, 0x1c, 0xd4,
    0x0, 0x0, 0x0, 0x0, 0x0, 0x0, 0x0, 0x0,
    0x0, 0x0, 0x0, 0x0, 0x0, 0x0, 0x3, 0x9d,
    0xff, 0xfd, 0x93, 0x0, 0x0, 0x0, 0x0, 0x1b,
    0xff, 0xff, 0xff, 0xff, 0xfb, 0x20, 0x0, 0x0,
    0x2e, 0xff, 0xff, 0xdc, 0xdf, 0xff, 0xfe, 0x30,
    0x0, 0xd, 0xff, 0xf7, 0x10, 0x0, 0x17, 0xff,
    0xfe, 0x10, 0x8, 0xff, 0xf4, 0x0, 0x0, 0x0,
    0x3, 0xff, 0xf9, 0x0, 0xff, 0xf7, 0x0, 0x0,
    0x0, 0x0, 0x7, 0xff, 0xf1, 0x5f, 0xff, 0x0,
    0x0, 0x0, 0x0, 0x0, 0xf, 0xff, 0x58, 0xff,
    0xa0, 0x0, 0x0, 0x0, 0x0, 0x0, 0xaf, 0xf9,
    0xaf, 0xf8, 0x0, 0x0, 0x0, 0x0, 0x0, 0x7,
    0xff, 0xbb, 0xff, 0x60, 0x0, 0x0, 0x0, 0x0,
    0x0, 0x6f, 0xfc, 0xbf, 0xf6, 0x0, 0x0, 0x0,
    0x0, 0x0, 0x6, 0xff, 0xcb, 0xff, 0x80, 0x0,
    0x0, 0x0, 0x0, 0x0, 0x7f, 0xfb, 0x8f, 0xfa,
    0x0, 0x0, 0x0, 0x0, 0x0, 0xa, 0xff, 0x95,
    0xff, 0xf0, 0x0, 0x0, 0x0, 0x0, 0x0, 0xef,
    0xf5, 0xf, 0xff, 0x70, 0x0, 0x0, 0x0, 0x0,
    0x6f, 0xff, 0x10, 0x9f, 0xff, 0x30, 0x0, 0x0,
    0x0, 0x3f, 0xff, 0x90, 0x1, 0xef, 0xff, 0x71,
    0x0, 0x1, 0x7f, 0xff, 0xe1, 0x0, 0x2, 0xef,
    0xff, 0xfd, 0xbd, 0xff, 0xff, 0xe3, 0x0, 0x0,
    0x2, 0xcf, 0xff, 0xff, 0xff, 0xff, 0xc2, 0x0,
    0x0, 0x0, 0x0, 0x49, 0xdf, 0xff, 0xd9, 0x40,
    0x0, 0x0,

    /* U+1ED1 "ố" */
    0x0, 0x0, 0x0, 0x0, 0x0, 0xe, 0xfe, 0x10,
    0x0, 0x0, 0x0, 0x0, 0x4, 0xff, 0x60, 0x0,
    0x0, 0x0, 0x0, 0x0, 0xaf, 0xd0, 0x0, 0x0,
    0x0, 0xaf, 0xff, 0x2b, 0xb3, 0x0, 0x0, 0x0,
    0x4f, 0xff, 0xfc, 0x0, 0x0, 0x0, 0x0, 0x1e,
    0xf6, 0x1e, 0xf7, 0x0, 0x0, 0x0, 0x7, 0xc8,
    0x0, 0x3c, 0xb1, 0x0, 0x0, 0x0, 0x0, 0x0,
    0x0, 0x0, 0x0, 0x0, 0x0, 0x1, 0x7c, 0xef,
    0xda, 0x30, 0x0, 0x0, 0x4, 0xef, 0xff, 0xff,
    0xff, 0xa0, 0x0, 0x3, 0xff, 0xfe, 0x98, 0xbf,
    0xff, 0xa0, 0x0, 0xef, 0xfa, 0x0, 0x0, 0x4f,
    0xff, 0x50, 0x4f, 0xfe, 0x0, 0x0, 0x0, 0x7f,
    0xfb, 0x9, 0xff, 0x80, 0x0, 0x0, 0x1, 0xff,
    0xf1, 0xbf, 0xf5, 0x0, 0x0, 0x0, 0xd, 0xff,
    0x2c, 0xff, 0x40, 0x0, 0x0, 0x0, 0xdf, 0xf4,
    0xbf, 0xf5, 0x0, 0x0, 0x0, 0xd, 0xff, 0x29,
    0xff, 0x80, 0x0, 0x0, 0x1, 0xff, 0xf1, 0x4f,
    0xfd, 0x0, 0x0, 0x0, 0x7f, 0xfb, 0x0, 0xef,
    0xfa, 0x0, 0x0, 0x3f, 0xff, 0x50, 0x4, 0xff,
    0xfe, 0x98, 0xbf, 0xff, 0xb0, 0x0, 0x4, 0xff,
    0xff, 0xff, 0xff, 0xa0, 0x0, 0x0, 0x1, 0x7c,
    0xef, 0xda, 0x40, 0x0, 0x0,

    /* U+1ED2 "Ồ" */
    0x0, 0x0, 0x0, 0x0, 0x0, 0x6, 0xff, 0x70,
    0x0, 0x0, 0x0, 0x0, 0x0, 0x0, 0x0, 0xd,
    0xfd, 0x0, 0x0, 0x0, 0x0, 0x0, 0x0, 0x0,
    0x0, 0x4f, 0xf3, 0x0, 0x0, 0x0, 0x0, 0x0,
    0x5f, 0xff, 0x60, 0x8b, 0x60, 0x0, 0x0, 0x0,
    0x0, 0x1e, 0xff, 0xfe, 0x10, 0x0, 0x0, 0x0,
    0x0, 0x0, 0xb, 0xfb, 0xb, 0xfb, 0x0, 0x0,
    0x0, 0x0, 0x0, 0x4, 0xdc, 0x10, 0x1c, 0xd4,
    0x0, 0x0, 0x0, 0x0, 0x0, 0x0, 0x0, 0x0,
    0x0, 0x0, 0x0, 0x0, 0x0, 0x0, 0x3, 0x9d,
    0xff, 0xfd, 0x93, 0x0, 0x0, 0x0, 0x0, 0x1b,
    0xff, 0xff, 0xff, 0xff, 0xfb, 0x20, 0x0, 0x0,
    0x2e, 0xff, 0xff, 0xdc, 0xdf, 0xff, 0xfe, 0x30,
    0x0, 0xd, 0xff, 0xf7, 0x10, 0x0, 0x17, 0xff,
    0xfe, 0x10, 0x8, 0xff, 0xf4, 0x0, 0x0, 0x0,
    0x3, 0xff, 0xf9, 0x0, 0xff, 0xf7, 0x0, 0x0,
    0x0, 0x0, 0x7, 0xff, 0xf1, 0x5f, 0xff, 0x0,
    0x0, 0x0, 0x0, 0x0, 0xf, 0xff, 0x58, 0xff,
    0xa0, 0x0, 0x0, 0x0, 0x0, 0x0, 0xaf, 0xf9,
    0xaf, 0xf8, 0x0, 0x0, 0x0, 0x0, 0x0, 0x7,
    0xff, 0xbb, 0xff, 0x60, 0x0, 0x0, 0x0, 0x0,
    0x0, 0x6f, 0xfc, 0xbf, 0xf6, 0x0, 0x0, 0x0,
    0x0, 0x0, 0x6, 0xff, 0xcb, 0xff, 0x80, 0x0,
    0x0, 0x0, 0x0, 0x0, 0x7f, 0xfb, 0x8f, 0xfa,
    0x0, 0x0, 0x0, 0x0, 0x0, 0xa, 0xff, 0x95,
    0xff, 0xf0, 0x0, 0x0, 0x0, 0x0, 0x0, 0xef,
    0xf5, 0xf, 0xff, 0x70, 0x0, 0x0, 0x0, 0x0,
    0x6f, 0xff, 0x10, 0x9f, 0xff, 0x30, 0x0, 0x0,
    0x0, 0x3f, 0xff, 0x90, 0x1, 0xef, 0xff, 0x71,
    0x0, 0x1, 0x7f, 0xff, 0xe1, 0x0, 0x2, 0xef,
    0xff, 0xfd, 0xbd, 0xff, 0xff, 0xe3, 0x0, 0x0,
    0x2, 0xcf, 0xff, 0xff, 0xff, 0xff, 0xc2, 0x0,
    0x0, 0x0, 0x0, 0x49, 0xdf, 0xff, 0xd9, 0x40,
    0x0, 0x0,

    /* U+1ED3 "ồ" */
    0x0, 0x0, 0x0, 0x0, 0xa, 0xff, 0x20, 0x0,
    0x0, 0x0, 0x0, 0x0, 0x2f, 0xf9, 0x0, 0x0,
    0x0, 0x0, 0x0, 0x0, 0x8f, 0xe0, 0x0, 0x0,
    0x0, 0xaf, 0xff, 0x20, 0xbb, 0x30, 0x0, 0x0,
    0x4f, 0xff, 0xfc, 0x0, 0x0, 0x0, 0x0, 0x1e,
    0xf6, 0x1e, 0xf7, 0x0, 0x0, 0x0, 0x7, 0xc8,
    0x0, 0x3c, 0xb1, 0x0, 0x0, 0x0, 0x0, 0x0,
    0x0, 0x0, 0x0, 0x0, 0x0, 0x1, 0x7c, 0xef,
    0xda, 0x30, 0x0, 0x0, 0x4, 0xef, 0xff, 0xff,
    0xff, 0xa0, 0x0, 0x3, 0xff, 0xfe, 0x98, 0xbf,
    0xff, 0xa0, 0x0, 0xef, 0xfa, 0x0, 0x0, 0x4f,
    0xff, 0x50, 0x4f, 0xfe, 0x0, 0x0, 0x0, 0x7f,
    0xfb, 0x9, 0xff, 0x80, 0x0, 0x0, 0x1, 0xff,
    0xf1, 0xbf, 0xf5, 0x0, 0x0, 0x0, 0xd, 0xff,
    0x2c, 0xff, 0x40, 0x0, 0x0, 0x0, 0xdf, 0xf4,
    0xbf, 0xf5, 0x0, 0x0, 0x0, 0xd, 0xff, 0x29,
    0xff, 0x80, 0x0, 0x0, 0x1, 0xff, 0xf1, 0x4f,
    0xfd, 0x0, 0x0, 0x0, 0x7f, 0xfb, 0x0, 0xef,
    0xfa, 0x0, 0x0, 0x3f, 0xff, 0x50, 0x4, 0xff,
    0xfe, 0x98, 0xbf, 0xff, 0xb0, 0x0, 0x4, 0xff,
    0xff, 0xff, 0xff, 0xa0, 0x0, 0x0, 0x1, 0x7c,
    0xef, 0xda, 0x40, 0x0, 0x0,

    /* U+1ED4 "Ổ" */
    0x0, 0x0, 0x0, 0x0, 0x0, 0x8, 0x97, 0x10,
    0x0, 0x0, 0x0, 0x0, 0x0, 0x0, 0x1, 0xff,
    0xfd, 0x0, 0x0, 0x0, 0x0, 0x0, 0x0, 0x0,
    0x1, 0x1e, 0xf0, 0x0, 0x0, 0x0, 0x0, 0x0,
    0x0, 0x0, 0x0, 0xfd, 0x0, 0x0, 0x0, 0x0,
    0x0, 0x5, 0xff, 0xf6, 0x9e, 0x30, 0x0, 0x0,
    0x0, 0x0, 0x1, 0xef, 0xff, 0xf1, 0x0, 0x0,
    0x0, 0x0, 0x0, 0x0, 0xbf, 0xb0, 0xbf, 0xb0,
    0x0, 0x0, 0x0, 0x0, 0x0, 0x4d, 0xc1, 0x1,
    0xcd, 0x40, 0x0, 0x0, 0x0, 0x0, 0x0, 0x0,
    0x0, 0x0, 0x0, 0x0, 0x0, 0x0, 0x0, 0x0,
    0x39, 0xdf, 0xff, 0xd9, 0x30, 0x0, 0x0, 0x0,
    0x1, 0xbf, 0xff, 0xff, 0xff, 0xff, 0xb2, 0x0,
    0x0, 0x2, 0xef, 0xff, 0xfd, 0xcd, 0xff, 0xff,
    0xe3, 0x0, 0x0, 0xdf, 0xff, 0x71, 0x0, 0x1,
    0x7f, 0xff, 0xe1, 0x0, 0x8f, 0xff, 0x40, 0x0,
    0x0, 0x0, 0x3f, 0xff, 0x90, 0xf, 0xff, 0x70,
    0x0, 0x0, 0x0, 0x0, 0x7f, 0xff, 0x15, 0xff,
    0xf0, 0x0, 0x0, 0x0, 0x0, 0x0, 0xff, 0xf5,
    0x8f, 0xfa, 0x0, 0x0, 0x0, 0x0, 0x0, 0xa,
    0xff, 0x9a, 0xff, 0x80, 0x0, 0x0, 0x0, 0x0,
    0x0, 0x7f, 0xfb, 0xbf, 0xf6, 0x0, 0x0, 0x0,
    0x0, 0x0, 0x6, 0xff, 0xcb, 0xff, 0x60, 0x0,
    0x0, 0x0, 0x0, 0x0, 0x6f, 0xfc, 0xbf, 0xf8,
    0x0, 0x0, 0x0, 0x0, 0x0, 0x7, 0xff, 0xb8,
    0xff, 0xa0, 0x0, 0x0, 0x0, 0x0, 0x0, 0xaf,
    0xf9, 0x5f, 0xff, 0x0, 0x0, 0x0, 0x0, 0x0,
    0xe, 0xff, 0x50, 0xff, 0xf7, 0x0, 0x0, 0x0,
    0x0, 0x6, 0xff, 0xf1, 0x9, 0xff, 0xf3, 0x0,
    0x0, 0x0, 0x3, 0xff, 0xf9, 0x0, 0x1e, 0xff,
    0xf7, 0x10, 0x0, 0x17, 0xff, 0xfe, 0x10, 0x0,
    0x2e, 0xff, 0xff, 0xdb, 0xdf, 0xff, 0xfe, 0x30,
    0x0, 0x0, 0x2c, 0xff, 0xff, 0xff, 0xff, 0xfc,
    0x20, 0x0, 0x0, 0x0, 0x4, 0x9d, 0xff, 0xfd,
    0x94, 0x0, 0x0, 0x0,

    /* U+1ED5 "ổ" */
    0x0, 0x0, 0x0, 0x0, 0x28, 0x96, 0x0, 0x0,
    0x0, 0x0, 0x0, 0x5, 0xff, 0xf8, 0x0, 0x0,
    0x0, 0x0, 0x0, 0x0, 0x4f, 0xb0, 0x0, 0x0,
    0x0, 0x0, 0x0, 0x4, 0xf9, 0x0, 0x0, 0x0,
    0xa, 0xff, 0xf2, 0xcc, 0x10, 0x0, 0x0, 0x4,
    0xff, 0xff, 0xc0, 0x0, 0x0, 0x0, 0x1, 0xef,
    0x71, 0xef, 0x70, 0x0, 0x0, 0x0, 0x7c, 0x90,
    0x3, 0xcc, 0x10, 0x0, 0x0, 0x0, 0x0, 0x0,
    0x0, 0x0, 0x0, 0x0, 0x0, 0x17, 0xce, 0xfd,
    0xa3, 0x0, 0x0, 0x0, 0x4e, 0xff, 0xff, 0xff,
    0xfa, 0x0, 0x0, 0x3f, 0xff, 0xe9, 0x8b, 0xff,
    0xfa, 0x0, 0xe, 0xff, 0xa0, 0x0, 0x4, 0xff,
    0xf5, 0x4, 0xff, 0xe0, 0x0, 0x0, 0x7, 0xff,
    0xb0, 0x9f, 0xf8, 0x0, 0x0, 0x0, 0x1f, 0xff,
    0x1b, 0xff, 0x50, 0x0, 0x0, 0x0, 0xdf, 0xf2,
    0xcf, 0xf4, 0x0, 0x0, 0x0, 0xd, 0xff, 0x4b,
    0xff, 0x50, 0x0, 0x0, 0x0, 0xdf, 0xf2, 0x9f,
    0xf8, 0x0, 0x0, 0x0, 0x1f, 0xff, 0x14, 0xff,
    0xd0, 0x0, 0x0, 0x7, 0xff, 0xb0, 0xe, 0xff,
    0xa0, 0x0, 0x3, 0xff, 0xf5, 0x0, 0x4f, 0xff,
    0xe9, 0x8b, 0xff, 0xfb, 0x0, 0x0, 0x4f, 0xff,
    0xff, 0xff, 0xfa, 0x0, 0x0, 0x0, 0x17, 0xce,
    0xfd, 0xa4, 0x0, 0x0,

    /* U+1ED6 "Ỗ" */
    0x0, 0x0, 0x0, 0x8e, 0xe9, 0x10, 0xeb, 0x0,
    0x0, 0x0, 0x0, 0x0, 0x6f, 0xee, 0xfe, 0xdf,
    0x70, 0x0, 0x0, 0x0, 0x0, 0xa, 0xf0, 0x7,
    0xee, 0x90, 0x0, 0x0, 0x0, 0x0, 0x0, 0x0,
    0x0, 0x0, 0x0, 0x0, 0x0, 0x0, 0x0, 0x0,
    0x0, 0x5, 0xff, 0xf5, 0x0, 0x0, 0x0, 0x0,
    0x0, 0x0, 0x1, 0xef, 0xff, 0xe1, 0x0, 0x0,
    0x0, 0x0, 0x0, 0x0, 0xaf, 0xc0, 0xbf, 0xb0,
    0x0, 0x0, 0x0, 0x0, 0x0, 0x4e, 0xd1, 0x1,
    0xde, 0x40, 0x0, 0x0, 0x0, 0x0, 0x0, 0x0,
    0x0, 0x0, 0x0, 0x0, 0x0, 0x0, 0x0, 0x0,
    0x39, 0xdf, 0xff, 0xd9, 0x30, 0x0, 0x0, 0x0,
    0x1, 0xbf, 0xff, 0xff, 0xff, 0xff, 0xb2, 0x0,
    0x0, 0x2, 0xef, 0xff, 0xfd, 0xcd, 0xff, 0xff,
    0xe3, 0x0, 0x0, 0xdf, 0xff, 0x71, 0x0, 0x1,
    0x7f, 0xff, 0xe1, 0x0, 0x8f, 0xff, 0x40, 0x0,
    0x0, 0x0, 0x3f, 0xff, 0x90, 0xf, 0xff, 0x70,
    0x0, 0x0, 0x0, 0x0, 0x7f, 0xff, 0x15, 0xff,
    0xf0, 0x0, 0x0, 0x0, 0x0, 0x0, 0xff, 0xf5,
    0x8f, 0xfa, 0x0, 0x0, 0x0, 0x0, 0x0, 0xa,
    0xff, 0x9a, 0xff, 0x80, 0x0, 0x0, 0x0, 0x0,
    0x0, 0x7f, 0xfb, 0xbf, 0xf6, 0x0, 0x0, 0x0,
    0x0, 0x0, 0x6, 0xff, 0xcb, 0xff, 0x60, 0x0,
    0x0, 0x0, 0x0, 0x0, 0x6f, 0xfc, 0xbf, 0xf8,
    0x0, 0x0, 0x0, 0x0, 0x0, 0x7, 0xff, 0xb8,
    0xff, 0xa0, 0x0, 0x0, 0x0, 0x0, 0x0, 0xaf,
    0xf9, 0x5f, 0xff, 0x0, 0x0, 0x0, 0x0, 0x0,
    0xe, 0xff, 0x50, 0xff, 0xf7, 0x0, 0x0, 0x0,
    0x0, 0x6, 0xff, 0xf1, 0x9, 0xff, 0xf3, 0x0,
    0x0, 0x0, 0x3, 0xff, 0xf9, 0x0, 0x1e, 0xff,
    0xf7, 0x10, 0x0, 0x17, 0xff, 0xfe, 0x10, 0x0,
    0x2e, 0xff, 0xff, 0xdb, 0xdf, 0xff, 0xfe, 0x30,
    0x0, 0x0, 0x2c, 0xff, 0xff, 0xff, 0xff, 0xfc,
    0x20, 0x0, 0x0, 0x0, 0x4, 0x9d, 0xff, 0xfd,
    0x94, 0x0, 0x0, 0x0,

    /* U+1ED7 "ỗ" */
    0x0, 0x1, 0xbf, 0xd6, 0x3, 0xf7, 0x0, 0x0,
    0x0, 0xaf, 0xdf, 0xfd, 0xef, 0x30, 0x0, 0x0,
    0xf, 0xc0, 0x1a, 0xfe, 0x60, 0x0, 0x0, 0x0,
    0x0, 0x0, 0x0, 0x0, 0x0, 0x0, 0x0, 0x0,
    0x9, 0xff, 0xf2, 0x0, 0x0, 0x0, 0x0, 0x4,
    0xff, 0xff, 0xc0, 0x0, 0x0, 0x0, 0x1, 0xef,
    0x71, 0xdf, 0x70, 0x0, 0x0, 0x0, 0x7c, 0x90,
    0x2, 0xcc, 0x10, 0x0, 0x0, 0x0, 0x0, 0x0,
    0x0, 0x0, 0x0, 0x0, 0x0, 0x17, 0xce, 0xfd,
    0xa3, 0x0, 0x0, 0x0, 0x4e, 0xff, 0xff, 0xff,
    0xfa, 0x0, 0x0, 0x3f, 0xff, 0xe9, 0x8b, 0xff,
    0xfa, 0x0, 0xe, 0xff, 0xa0, 0x0, 0x4, 0xff,
    0xf5, 0x4, 0xff, 0xe0, 0x0, 0x0, 0x7, 0xff,
    0xb0, 0x9f, 0xf8, 0x0, 0x0, 0x0, 0x1f, 0xff,
    0x1b, 0xff, 0x50, 0x0, 0x0, 0x0, 0xdf, 0xf2,
    0xcf, 0xf4, 0x0, 0x0, 0x0, 0xd, 0xff, 0x4b,
    0xff, 0x50, 0x0, 0x0, 0x0, 0xdf, 0xf2, 0x9f,
    0xf8, 0x0, 0x0, 0x0, 0x1f, 0xff, 0x14, 0xff,
    0xd0, 0x0, 0x0, 0x7, 0xff, 0xb0, 0xe, 0xff,
    0xa0, 0x0, 0x3, 0xff, 0xf5, 0x0, 0x4f, 0xff,
    0xe9, 0x8b, 0xff, 0xfb, 0x0, 0x0, 0x4f, 0xff,
    0xff, 0xff, 0xfa, 0x0, 0x0, 0x0, 0x17, 0xce,
    0xfd, 0xa4, 0x0, 0x0,

    /* U+1ED8 "Ộ" */
    0x0, 0x0, 0x0, 0x1, 0x88, 0x81, 0x0, 0x0,
    0x0, 0x0, 0x0, 0x0, 0x0, 0xbf, 0xff, 0xa0,
    0x0, 0x0, 0x0, 0x0, 0x0, 0x0, 0x5f, 0xf4,
    0xff, 0x50, 0x0, 0x0, 0x0, 0x0, 0x0, 0x1e,
    0xf5, 0x5, 0xfe, 0x10, 0x0, 0x0, 0x0, 0x0,
    0x3, 0x86, 0x0, 0x6, 0x83, 0x0, 0x0, 0x0,
    0x0, 0x0, 0x0, 0x0, 0x0, 0x0, 0x0, 0x0,
    0x0, 0x0, 0x0, 0x3, 0x9d, 0xff, 0xfd, 0x93,
    0x0, 0x0, 0x0, 0x0, 0x1b, 0xff, 0xff, 0xff,
    0xff, 0xfb, 0x20, 0x0, 0x0, 0x2e, 0xff, 0xff,
    0xdc, 0xdf, 0xff, 0xfe, 0x30, 0x0, 0xd, 0xff,
    0xf7, 0x10, 0x0, 0x17, 0xff, 0xfe, 0x10, 0x8,
    0xff, 0xf4, 0x0, 0x0, 0x0, 0x3, 0xff, 0xf9,
    0x0, 0xff, 0xf7, 0x0, 0x0, 0x0, 0x0, 0x7,
    0xff, 0xf1, 0x5f, 0xff, 0x0, 0x0, 0x0, 0x0,
    0x0, 0xf, 0xff, 0x58, 0xff, 0xa0, 0x0, 0x0,
    0x0, 0x0, 0x0, 0xaf, 0xf9, 0xaf, 0xf8, 0x0,
    0x0, 0x0, 0x0, 0x0, 0x7, 0xff, 0xbb, 0xff,
    0x60, 0x0, 0x0, 0x0, 0x0, 0x0, 0x6f, 0xfc,
    0xbf, 0xf6, 0x0, 0x0, 0x0, 0x0, 0x0, 0x6,
    0xff, 0xcb, 0xff, 0x80, 0x0, 0x0, 0x0, 0x0,
    0x0, 0x7f, 0xfb, 0x8f, 0xfa, 0x0, 0x0, 0x0,
    0x0, 0x0, 0xa, 0xff, 0x95, 0xff, 0xf0, 0x0,
    0x0, 0x0, 0x0, 0x0, 0xef, 0xf5, 0xf, 0xff,
    0x70, 0x0, 0x0, 0x0, 0x0, 0x6f, 0xff, 0x10,
    0x9f, 0xff, 0x30, 0x0, 0x0, 0x0, 0x3f, 0xff,
    0x90, 0x1, 0xef, 0xff, 0x71, 0x0, 0x1, 0x7f,
    0xff, 0xe1, 0x0, 0x2, 0xef, 0xff, 0xfd, 0xbd,
    0xff, 0xff, 0xe3, 0x0, 0x0, 0x2, 0xcf, 0xff,
    0xff, 0xff, 0xff, 0xc2, 0x0, 0x0, 0x0, 0x0,
    0x49, 0xdf, 0xff, 0xd9, 0x40, 0x0, 0x0, 0x0,
    0x0, 0x0, 0x0, 0x0, 0x0, 0x0, 0x0, 0x0,
    0x0, 0x0, 0x0, 0x0, 0x9, 0xa9, 0x0, 0x0,
    0x0, 0x0, 0x0, 0x0, 0x0, 0x0, 0xef, 0xe0,
    0x0, 0x0, 0x0, 0x0, 0x0, 0x0, 0x0, 0xe,
    0xfe, 0x0, 0x0, 0x0, 0x0,

    /* U+1ED9 "ộ" */
    0x0, 0x0, 0x3, 0x88, 0x70, 0x0, 0x0, 0x0,
    0x0, 0x1, 0xef, 0xef, 0x70, 0x0, 0x0, 0x0,
    0x0, 0xaf, 0x82, 0xff, 0x20, 0x0, 0x0, 0x0,
    0x5f, 0xd0, 0x7, 0xfc, 0x0, 0x0, 0x0, 0x3,
    0x52, 0x0, 0x4, 0x51, 0x0, 0x0, 0x0, 0x0,
    0x0, 0x0, 0x0, 0x0, 0x0, 0x0, 0x1, 0x7c,
    0xef, 0xda, 0x30, 0x0, 0x0, 0x4, 0xef, 0xff,
    0xff, 0xff, 0xa0, 0x0, 0x3, 0xff, 0xfe, 0x98,
    0xbf, 0xff, 0xa0, 0x0, 0xef, 0xfa, 0x0, 0x0,
    0x4f, 0xff, 0x50, 0x4f, 0xfe, 0x0, 0x0, 0x0,
    0x7f, 0xfb, 0x9, 0xff, 0x80, 0x0, 0x0, 0x1,
    0xff, 0xf1, 0xbf, 0xf5, 0x0, 0x0, 0x0, 0xd,
    0xff, 0x2c, 0xff, 0x40, 0x0, 0x0, 0x0, 0xdf,
    0xf4, 0xbf, 0xf5, 0x0, 0x0, 0x0, 0xd, 0xff,
    0x29, 0xff, 0x80, 0x0, 0x0, 0x1, 0xff, 0xf1,
    0x4f, 0xfd, 0x0, 0x0, 0x0, 0x7f, 0xfb, 0x0,
    0xef, 0xfa, 0x0, 0x0, 0x3f, 0xff, 0x50, 0x4,
    0xff, 0xfe, 0x98, 0xbf, 0xff, 0xb0, 0x0, 0x4,
    0xff, 0xff, 0xff, 0xff, 0xa0, 0x0, 0x0, 0x1,
    0x7c, 0xef, 0xda, 0x40, 0x0, 0x0, 0x0, 0x0,
    0x0, 0x0, 0x0, 0x0, 0x0, 0x0, 0x0, 0x1,
    0xaa, 0x60, 0x0, 0x0, 0x0, 0x0, 0x0, 0x2f,
    0xfa, 0x0, 0x0, 0x0, 0x0, 0x0, 0x2, 0xff,
    0xa0, 0x0, 0x0, 0x0,

    /* U+1EDA "Ớ" */
    0x0, 0x0, 0x0, 0x0, 0x2, 0xbb, 0x90, 0x0,
    0x0, 0x0, 0x0, 0x0, 0x0, 0x0, 0x9f, 0xf4,
    0x0, 0x33, 0x0, 0x0, 0x0, 0x0, 0x0, 0x1f,
    0xf8, 0x0, 0xf, 0xf7, 0x0, 0x0, 0x0, 0x0,
    0x9, 0xfd, 0x0, 0x0, 0xef, 0x90, 0x0, 0x0,
    0x0, 0x0, 0x0, 0x0, 0x0, 0xc, 0xfa, 0x0,
    0x0, 0x0, 0x0, 0x0, 0x0, 0x0, 0x3, 0xff,
    0x70, 0x0, 0x0, 0x3, 0x9d, 0xff, 0xfd, 0xff,
    0xff, 0xd0, 0x0, 0x0, 0x1b, 0xff, 0xff, 0xff,
    0xff, 0xff, 0x60, 0x0, 0x0, 0x2e, 0xff, 0xff,
    0xdc, 0xdf, 0xff, 0xfe, 0x30, 0x0, 0xd, 0xff,
    0xf7, 0x10, 0x0, 0x17, 0xff, 0xfe, 0x10, 0x8,
    0xff, 0xf4, 0x0, 0x0, 0x0, 0x3, 0xff, 0xf9,
    0x0, 0xff, 0xf7, 0x0, 0x0, 0x0, 0x0, 0x7,
    0xff, 0xf1, 0x5f, 0xff, 0x0, 0x0, 0x0, 0x0,
    0x0, 0xf, 0xff, 0x58, 0xff, 0xa0, 0x0, 0x0,
    0x0, 0x0, 0x0, 0xaf, 0xf9, 0xaf, 0xf8, 0x0,
    0x0, 0x0, 0x0, 0x0, 0x7, 0xff, 0xbb, 0xff,
    0x60, 0x0, 0x0, 0x0, 0x0, 0x0, 0x6f, 0xfc,
    0xbf, 0xf6, 0x0, 0x0, 0x0, 0x0, 0x0, 0x6,
    0xff, 0xcb, 0xff, 0x80, 0x0, 0x0, 0x0, 0x0,
    0x0, 0x7f, 0xfb, 0x8f, 0xfa, 0x0, 0x0, 0x0,
    0x0, 0x0, 0xa, 0xff, 0x95, 0xff, 0xf0, 0x0,
    0x0, 0x0, 0x0, 0x0, 0xef, 0xf5, 0xf, 0xff,
    0x70, 0x0, 0x0, 0x0, 0x0, 0x6f, 0xff, 0x10,
    0x9f, 0xff, 0x30, 0x0, 0x0, 0x0, 0x3f, 0xff,
    0x90, 0x1, 0xef, 0xff, 0x71, 0x0, 0x1, 0x7f,
    0xff, 0xe1, 0x0, 0x2, 0xef, 0xff, 0xfd, 0xbd,
    0xff, 0xff, 0xe3, 0x0, 0x0, 0x2, 0xcf, 0xff,
    0xff, 0xff, 0xff, 0xc2, 0x0, 0x0, 0x0, 0x0,
    0x49, 0xdf, 0xff, 0xd9, 0x40, 0x0, 0x0,

    /* U+1EDB "ớ" */
    0x0, 0x0, 0x0, 0x9, 0xba, 0x20, 0x0, 0x0,
    0x0, 0x0, 0x3, 0xff, 0xa0, 0x13, 0x30, 0x0,
    0x0, 0x0, 0xbf, 0xe1, 0x4, 0xff, 0x30, 0x0,
    0x0, 0x2f, 0xf4, 0x0, 0x1f, 0xf5, 0x0, 0x0,
    0x0, 0x0, 0x0, 0x0, 0xff, 0x60, 0x0, 0x0,
    0x0, 0x0, 0x0, 0x6f, 0xf3, 0x0, 0x1, 0x7c,
    0xef, 0xdf, 0xff, 0xfa, 0x0, 0x4, 0xef, 0xff,
    0xff, 0xff, 0xf3, 0x0, 0x3, 0xff, 0xfe, 0x98,
    0xbf, 0xff, 0xa0, 0x0, 0xef, 0xfa, 0x0, 0x0,
    0x4f, 0xff, 0x50, 0x4f, 0xfe, 0x0, 0x0, 0x0,
    0x7f, 0xfb, 0x9, 0xff, 0x80, 0x0, 0x0, 0x1,
    0xff, 0xf1, 0xbf, 0xf5, 0x0, 0x0, 0x0, 0xd,
    0xff, 0x2c, 0xff, 0x40, 0x0, 0x0, 0x0, 0xdf,
    0xf4, 0xbf, 0xf5, 0x0, 0x0, 0x0, 0xd, 0xff,
    0x29, 0xff, 0x80, 0x0, 0x0, 0x1, 0xff, 0xf1,
    0x4f, 0xfd, 0x0, 0x0, 0x0, 0x7f, 0xfb, 0x0,
    0xef, 0xfa, 0x0, 0x0, 0x3f, 0xff, 0x50, 0x4,
    0xff, 0xfe, 0x98, 0xbf, 0xff, 0xb0, 0x0, 0x4,
    0xff, 0xff, 0xff, 0xff, 0xa0, 0x0, 0x0, 0x1,
    0x7c, 0xef, 0xda, 0x40, 0x0, 0x0,

    /* U+1EDC "Ờ" */
    0x0, 0x0, 0x0, 0x8b, 0xb2, 0x0, 0x0, 0x0,
    0x0, 0x0, 0x0, 0x0, 0x3, 0xff, 0xa0, 0x0,
    0x0, 0x33, 0x0, 0x0, 0x0, 0x0, 0x8, 0xff,
    0x20, 0x0, 0xf, 0xf7, 0x0, 0x0, 0x0, 0x0,
    0xd, 0xf9, 0x0, 0x0, 0xef, 0x90, 0x0, 0x0,
    0x0, 0x0, 0x0, 0x0, 0x0, 0xc, 0xfa, 0x0,
    0x0, 0x0, 0x0, 0x0, 0x0, 0x0, 0x3, 0xff,
    0x70, 0x0, 0x0, 0x3, 0x9d, 0xff, 0xfd, 0xff,
    0xff, 0xd0, 0x0, 0x0, 0x1b, 0xff, 0xff, 0xff,
    0xff, 0xff, 0x60, 0x0, 0x0, 0x2e, 0xff, 0xff,
    0xdc, 0xdf, 0xff, 0xfe, 0x30, 0x0, 0xd, 0xff,
    0xf7, 0x10, 0x0, 0x17, 0xff, 0xfe, 0x10, 0x8,
    0xff, 0xf4, 0x0, 0x0, 0x0, 0x3, 0xff, 0xf9,
    0x0, 0xff, 0xf7, 0x0, 0x0, 0x0, 0x0, 0x7,
    0xff, 0xf1, 0x5f, 0xff, 0x0, 0x0, 0x0, 0x0,
    0x0, 0xf, 0xff, 0x58, 0xff, 0xa0, 0x0, 0x0,
    0x0, 0x0, 0x0, 0xaf, 0xf9, 0xaf, 0xf8, 0x0,
    0x0, 0x0, 0x0, 0x0, 0x7, 0xff, 0xbb, 0xff,
    0x60, 0x0, 0x0, 0x0, 0x0, 0x0, 0x6f, 0xfc,
    0xbf, 0xf6, 0x0, 0x0, 0x0, 0x0, 0x0, 0x6,
    0xff, 0xcb, 0xff, 0x80, 0x0, 0x0, 0x0, 0x0,
    0x0, 0x7f, 0xfb, 0x8f, 0xfa, 0x0, 0x0, 0x0,
    0x0, 0x0, 0xa, 0xff, 0x95, 0xff, 0xf0, 0x0,
    0x0, 0x0, 0x0, 0x0, 0xef, 0xf5, 0xf, 0xff,
    0x70, 0x0, 0x0, 0x0, 0x0, 0x6f, 0xff, 0x10,
    0x9f, 0xff, 0x30, 0x0, 0x0, 0x0, 0x3f, 0xff,
    0x90, 0x1, 0xef, 0xff, 0x71, 0x0, 0x1, 0x7f,
    0xff, 0xe1, 0x0, 0x2, 0xef, 0xff, 0xfd, 0xbd,
    0xff, 0xff, 0xe3, 0x0, 0x0, 0x2, 0xcf, 0xff,
    0xff, 0xff, 0xff, 0xc2, 0x0, 0x0, 0x0, 0x0,
    0x49, 0xdf, 0xff, 0xd9, 0x40, 0x0, 0x0,

    /* U+1EDD "ờ" */
    0x0, 0x4, 0xbb, 0x60, 0x0, 0x0, 0x0, 0x0,
    0x0, 0xc, 0xff, 0x10, 0x0, 0x13, 0x30, 0x0,
    0x0, 0x2f, 0xf8, 0x0, 0x4, 0xff, 0x30, 0x0,
    0x0, 0x7f, 0xe0, 0x0, 0x1f, 0xf5, 0x0, 0x0,
    0x0, 0x0, 0x0, 0x0, 0xff, 0x60, 0x0, 0x0,
    0x0, 0x0, 0x0, 0x6f, 0xf3, 0x0, 0x1, 0x7c,
    0xef, 0xdf, 0xff, 0xfa, 0x0, 0x4, 0xef, 0xff,
    0xff, 0xff, 0xf3, 0x0, 0x3, 0xff, 0xfe, 0x98,
    0xbf, 0xff, 0xa0, 0x0, 0xef, 0xfa, 0x0, 0x0,
    0x4f, 0xff, 0x50, 0x4f, 0xfe, 0x0, 0x0, 0x0,
    0x7f, 0xfb, 0x9, 0xff, 0x80, 0x0, 0x0, 0x1,
    0xff, 0xf1, 0xbf, 0xf5, 0x0, 0x0, 0x0, 0xd,
    0xff, 0x2c, 0xff, 0x40, 0x0, 0x0, 0x0, 0xdf,
    0xf4, 0xbf, 0xf5, 0x0, 0x0, 0x0, 0xd, 0xff,
    0x29, 0xff, 0x80, 0x0, 0x0, 0x1, 0xff, 0xf1,
    0x4f, 0xfd, 0x0, 0x0, 0x0, 0x7f, 0xfb, 0x0,
    0xef, 0xfa, 0x0, 0x0, 0x3f, 0xff, 0x50, 0x4,
    0xff, 0xfe, 0x98, 0xbf, 0xff, 0xb0, 0x0, 0x4,
    0xff, 0xff, 0xff, 0xff, 0xa0, 0x0, 0x0, 0x1,
    0x7c, 0xef, 0xda, 0x40, 0x0, 0x0,

    /* U+1EDE "Ở" */
    0x0, 0x0, 0x0, 0xa, 0xff, 0xc2, 0x0, 0x0,
    0x0, 0x0, 0x0, 0x0, 0x0, 0xac, 0xef, 0xb0,
    0x0, 0x0, 0x0, 0x0, 0x0, 0x0, 0x0, 0x5,
    0xfc, 0x0, 0x1b, 0xb4, 0x0, 0x0, 0x0, 0x0,
    0x0, 0x8f, 0x70, 0x0, 0xef, 0x80, 0x0, 0x0,
    0x0, 0x0, 0x2d, 0xa0, 0x0, 0xd, 0xfa, 0x0,
    0x0, 0x0, 0x0, 0x0, 0x0, 0x0, 0x2, 0xff,
    0x80, 0x0, 0x0, 0x3, 0x9d, 0xff, 0xfd, 0xff,
    0xff, 0xd1, 0x0, 0x0, 0x1b, 0xff, 0xff, 0xff,
    0xff, 0xff, 0x70, 0x0, 0x0, 0x2e, 0xff, 0xff,
    0xdc, 0xdf, 0xff, 0xfe, 0x30, 0x0, 0xd, 0xff,
    0xf7, 0x10, 0x0, 0x17, 0xff, 0xfe, 0x10, 0x8,
    0xff, 0xf4, 0x0, 0x0, 0x0, 0x3, 0xff, 0xf9,
    0x0, 0xff, 0xf7, 0x0, 0x0, 0x0, 0x0, 0x7,
    0xff, 0xf1, 0x5f, 0xff, 0x0, 0x0, 0x0, 0x0,
    0x0, 0xf, 0xff, 0x58, 0xff, 0xa0, 0x0, 0x0,
    0x0, 0x0, 0x0, 0xaf, 0xf9, 0xaf, 0xf8, 0x0,
    0x0, 0x0, 0x0, 0x0, 0x7, 0xff, 0xbb, 0xff,
    0x60, 0x0, 0x0, 0x0, 0x0, 0x0, 0x6f, 0xfc,
    0xbf, 0xf6, 0x0, 0x0, 0x0, 0x0, 0x0, 0x6,
    0xff, 0xcb, 0xff, 0x80, 0x0, 0x0, 0x0, 0x0,
    0x0, 0x7f, 0xfb, 0x8f, 0xfa, 0x0, 0x0, 0x0,
    0x0, 0x0, 0xa, 0xff, 0x95, 0xff, 0xf0, 0x0,
    0x0, 0x0, 0x0, 0x0, 0xef, 0xf5, 0xf, 0xff,
    0x70, 0x0, 0x0, 0x0, 0x0, 0x6f, 0xff, 0x10,
    0x9f, 0xff, 0x30, 0x0, 0x0, 0x0, 0x3f, 0xff,
    0x90, 0x1, 0xef, 0xff, 0x71, 0x0, 0x1, 0x7f,
    0xff, 0xe1, 0x0, 0x2, 0xef, 0xff, 0xfd, 0xbd,
    0xff, 0xff, 0xe3, 0x0, 0x0, 0x2, 0xcf, 0xff,
    0xff, 0xff, 0xff, 0xc2, 0x0, 0x0, 0x0, 0x0,
    0x49, 0xdf, 0xff, 0xd9, 0x40, 0x0, 0x0,

    /* U+1EDF "ở" */
    0x0, 0x0, 0x4e, 0xfe, 0x60, 0x0, 0x0, 0x0,
    0x0, 0x4, 0xcd, 0xff, 0x10, 0x0, 0x0, 0x0,
    0x0, 0x0, 0xe, 0xf2, 0x3, 0xbb, 0x10, 0x0,
    0x0, 0x2, 0xfd, 0x0, 0x2f, 0xf4, 0x0, 0x0,
    0x0, 0x9b, 0x20, 0x1, 0xff, 0x60, 0x0, 0x0,
    0x0, 0x0, 0x0, 0x5f, 0xf4, 0x0, 0x1, 0x7c,
    0xef, 0xdf, 0xff, 0xfb, 0x0, 0x4, 0xef, 0xff,
    0xff, 0xff, 0xf4, 0x0, 0x3, 0xff, 0xfe, 0x98,
    0xbf, 0xff, 0xa0, 0x0, 0xef, 0xfa, 0x0, 0x0,
    0x4f, 0xff, 0x50, 0x4f, 0xfe, 0x0, 0x0, 0x0,
    0x7f, 0xfb, 0x9, 0xff, 0x80, 0x0, 0x0, 0x1,
    0xff, 0xf1, 0xbf, 0xf5, 0x0, 0x0, 0x0, 0xd,
    0xff, 0x2c, 0xff, 0x40, 0x0, 0x0, 0x0, 0xdf,
    0xf4, 0xbf, 0xf5, 0x0, 0x0, 0x0, 0xd, 0xff,
    0x29, 0xff, 0x80, 0x0, 0x0, 0x1, 0xff, 0xf1,
    0x4f, 0xfd, 0x0, 0x0, 0x0, 0x7f, 0xfb, 0x0,
    0xef, 0xfa, 0x0, 0x0, 0x3f, 0xff, 0x50, 0x4,
    0xff, 0xfe, 0x98, 0xbf, 0xff, 0xb0, 0x0, 0x4,
    0xff, 0xff, 0xff, 0xff, 0xa0, 0x0, 0x0, 0x1,
    0x7c, 0xef, 0xda, 0x40, 0x0, 0x0,

    /* U+1EE0 "Ỡ" */
    0x0, 0x0, 0x0, 0x0, 0x0, 0x0, 0x57, 0x0,
    0x0, 0x0, 0x0, 0x0, 0x1b, 0xfe, 0x92, 0x1e,
    0xd0, 0x0, 0x0, 0x0, 0x0, 0xb, 0xfe, 0xff,
    0xff, 0xf7, 0x1f, 0xf6, 0x0, 0x0, 0x0, 0xdb,
    0x1, 0x8d, 0xd8, 0x0, 0xef, 0x90, 0x0, 0x0,
    0x0, 0x0, 0x0, 0x0, 0x0, 0xd, 0xfa, 0x0,
    0x0, 0x0, 0x0, 0x0, 0x0, 0x0, 0x2, 0xff,
    0x70, 0x0, 0x0, 0x3, 0x9d, 0xff, 0xfd, 0xff,
    0xff, 0xd1, 0x0, 0x0, 0x1b, 0xff, 0xff, 0xff,
    0xff, 0xff, 0x60, 0x0, 0x0, 0x2e, 0xff, 0xff,
    0xdc, 0xdf, 0xff, 0xfe, 0x30, 0x0, 0xd, 0xff,
    0xf7, 0x10, 0x0, 0x17, 0xff, 0xfe, 0x10, 0x8,
    0xff, 0xf4, 0x0, 0x0, 0x0, 0x3, 0xff, 0xf9,
    0x0, 0xff, 0xf7, 0x0, 0x0, 0x0, 0x0, 0x7,
    0xff, 0xf1, 0x5f, 0xff, 0x0, 0x0, 0x0, 0x0,
    0x0, 0xf, 0xff, 0x58, 0xff, 0xa0, 0x0, 0x0,
    0x0, 0x0, 0x0, 0xaf, 0xf9, 0xaf, 0xf8, 0x0,
    0x0, 0x0, 0x0, 0x0, 0x7, 0xff, 0xbb, 0xff,
    0x60, 0x0, 0x0, 0x0, 0x0, 0x0, 0x6f, 0xfc,
    0xbf, 0xf6, 0x0, 0x0, 0x0, 0x0, 0x0, 0x6,
    0xff, 0xcb, 0xff, 0x80, 0x0, 0x0, 0x0, 0x0,
    0x0, 0x7f, 0xfb, 0x8f, 0xfa, 0x0, 0x0, 0x0,
    0x0, 0x0, 0xa, 0xff, 0x95, 0xff, 0xf0, 0x0,
    0x0, 0x0, 0x0, 0x0, 0xef, 0xf5, 0xf, 0xff,
    0x70, 0x0, 0x0, 0x0, 0x0, 0x6f, 0xff, 0x10,
    0x9f, 0xff, 0x30, 0x0, 0x0, 0x0, 0x3f, 0xff,
    0x90, 0x1, 0xef, 0xff, 0x71, 0x0, 0x1, 0x7f,
    0xff, 0xe1, 0x0, 0x2, 0xef, 0xff, 0xfd, 0xbd,
    0xff, 0xff, 0xe3, 0x0, 0x0, 0x2, 0xcf, 0xff,
    0xff, 0xff, 0xff, 0xc2, 0x0, 0x0, 0x0, 0x0,
    0x49, 0xdf, 0xff, 0xd9, 0x40, 0x0, 0x0,

    /* U+1EE1 "ỡ" */
    0x0, 0x0, 0x0, 0x0, 0x2, 0x83, 0x0, 0x0,
    0x0, 0x7e, 0xfc, 0x50, 0x8f, 0x40, 0x0, 0x0,
    0x4f, 0xfe, 0xff, 0xff, 0xd5, 0xff, 0x20, 0x8,
    0xe2, 0x5, 0xbd, 0xb2, 0x2f, 0xf5, 0x0, 0x0,
    0x0, 0x0, 0x0, 0x0, 0xff, 0x60, 0x0, 0x0,
    0x0, 0x0, 0x0, 0x5f, 0xf3, 0x0, 0x1, 0x7c,
    0xef, 0xdf, 0xff, 0xfa, 0x0, 0x4, 0xef, 0xff,
    0xff, 0xff, 0xf4, 0x0, 0x3, 0xff, 0xfe, 0x98,
    0xbf, 0xff, 0xa0, 0x0, 0xef, 0xfa, 0x0, 0x0,
    0x4f, 0xff, 0x50, 0x4f, 0xfe, 0x0, 0x0, 0x0,
    0x7f, 0xfb, 0x9, 0xff, 0x80, 0x0, 0x0, 0x1,
    0xff, 0xf1, 0xbf, 0xf5, 0x0, 0x0, 0x0, 0xd,
    0xff, 0x2c, 0xff, 0x40, 0x0, 0x0, 0x0, 0xdf,
    0xf4, 0xbf, 0xf5, 0x0, 0x0, 0x0, 0xd, 0xff,
    0x29, 0xff, 0x80, 0x0, 0x0, 0x1, 0xff, 0xf1,
    0x4f, 0xfd, 0x0, 0x0, 0x0, 0x7f, 0xfb, 0x0,
    0xef, 0xfa, 0x0, 0x0, 0x3f, 0xff, 0x50, 0x4,
    0xff, 0xfe, 0x98, 0xbf, 0xff, 0xb0, 0x0, 0x4,
    0xff, 0xff, 0xff, 0xff, 0xa0, 0x0, 0x0, 0x1,
    0x7c, 0xef, 0xda, 0x40, 0x0, 0x0,

    /* U+1EE2 "Ợ" */
    0x0, 0x0, 0x0, 0x0, 0x0, 0x0, 0x0, 0x18,
    0x82, 0x0, 0x0, 0x0, 0x0, 0x0, 0x0, 0x0,
    0x0, 0xff, 0x80, 0x0, 0x0, 0x0, 0x0, 0x0,
    0x0, 0x0, 0xd, 0xfa, 0x0, 0x0, 0x0, 0x0,
    0x0, 0x0, 0x0, 0x2, 0xff, 0x80, 0x0, 0x0,
    0x3, 0x9d, 0xff, 0xfd, 0xff, 0xff, 0xe1, 0x0,
    0x0, 0x1b, 0xff, 0xff, 0xff, 0xff, 0xff, 0x70,
    0x0, 0x0, 0x2e, 0xff, 0xff, 0xdc, 0xdf, 0xff,
    0xfe, 0x30, 0x0, 0xd, 0xff, 0xf7, 0x10, 0x0,
    0x17, 0xff, 0xfe, 0x10, 0x8, 0xff, 0xf4, 0x0,
    0x0, 0x0, 0x3, 0xff, 0xf9, 0x0, 0xff, 0xf7,
    0x0, 0x0, 0x0, 0x0, 0x7, 0xff, 0xf1, 0x5f,
    0xff, 0x0, 0x0, 0x0, 0x0, 0x0, 0xf, 0xff,
    0x58, 0xff, 0xa0, 0x0, 0x0, 0x0, 0x0, 0x0,
    0xaf, 0xf9, 0xaf, 0xf8, 0x0, 0x0, 0x0, 0x0,
    0x0, 0x7, 0xff, 0xbb, 0xff, 0x60, 0x0, 0x0,
    0x0, 0x0, 0x0, 0x6f, 0xfc, 0xbf, 0xf6, 0x0,
    0x0, 0x0, 0x0, 0x0, 0x6, 0xff, 0xcb, 0xff,
    0x80, 0x0, 0x0, 0x0, 0x0, 0x0, 0x7f, 0xfb,
    0x8f, 0xfa, 0x0, 0x0, 0x0, 0x0, 0x0, 0xa,
    0xff, 0x95, 0xff, 0xf0, 0x0, 0x0, 0x0, 0x0,
    0x0, 0xef, 0xf5, 0xf, 0xff, 0x70, 0x0, 0x0,
    0x0, 0x0, 0x6f, 0xff, 0x10, 0x9f, 0xff, 0x30,
    0x0, 0x0, 0x0, 0x3f, 0xff, 0x90, 0x1, 0xef,
    0xff, 0x71, 0x0, 0x1, 0x7f, 0xff, 0xe1, 0x0,
    0x2, 0xef, 0xff, 0xfd, 0xbd, 0xff, 0xff, 0xe3,
    0x0, 0x0, 0x2, 0xcf, 0xff, 0xff, 0xff, 0xff,
    0xc2, 0x0, 0x0, 0x0, 0x0, 0x49, 0xdf, 0xff,
    0xd9, 0x40, 0x0, 0x0, 0x0, 0x0, 0x0, 0x0,
    0x0, 0x0, 0x0, 0x0, 0x0, 0x0, 0x0, 0x0,
    0x0, 0x9, 0xa9, 0x0, 0x0, 0x0, 0x0, 0x0,
    0x0, 0x0, 0x0, 0xef, 0xe0, 0x0, 0x0, 0x0,
    0x0, 0x0, 0x0, 0x0, 0xe, 0xfe, 0x0, 0x0,
    0x0, 0x0,

    /* U+1EE3 "ợ" */
    0x0, 0x0, 0x0, 0x0, 0x0, 0x5, 0xff, 0x20,
    0x0, 0x0, 0x0, 0x0, 0x0, 0x2f, 0xf5, 0x0,
    0x0, 0x0, 0x0, 0x0, 0x0, 0xff, 0x60, 0x0,
    0x0, 0x0, 0x0, 0x0, 0x5f, 0xf3, 0x0, 0x1,
    0x7c, 0xef, 0xdf, 0xff, 0xfa, 0x0, 0x4, 0xef,
    0xff, 0xff, 0xff, 0xf4, 0x0, 0x3, 0xff, 0xfe,
    0x98, 0xbf, 0xff, 0xa0, 0x0, 0xef, 0xfa, 0x0,
    0x0, 0x4f, 0xff, 0x50, 0x4f, 0xfe, 0x0, 0x0,
    0x0, 0x7f, 0xfb, 0x9, 0xff, 0x80, 0x0, 0x0,
    0x1, 0xff, 0xf1, 0xbf, 0xf5, 0x0, 0x0, 0x0,
    0xd, 0xff, 0x2c, 0xff, 0x40, 0x0, 0x0, 0x0,
    0xdf, 0xf4, 0xbf, 0xf5, 0x0, 0x0, 0x0, 0xd,
    0xff, 0x29, 0xff, 0x80, 0x0, 0x0, 0x1, 0xff,
    0xf1, 0x4f, 0xfd, 0x0, 0x0, 0x0, 0x7f, 0xfb,
    0x0, 0xef, 0xfa, 0x0, 0x0, 0x3f, 0xff, 0x50,
    0x4, 0xff, 0xfe, 0x98, 0xbf, 0xff, 0xb0, 0x0,
    0x4, 0xff, 0xff, 0xff, 0xff, 0xa0, 0x0, 0x0,
    0x1, 0x7c, 0xef, 0xda, 0x40, 0x0, 0x0, 0x0,
    0x0, 0x0, 0x0, 0x0, 0x0, 0x0, 0x0, 0x0,
    0x1, 0xaa, 0x60, 0x0, 0x0, 0x0, 0x0, 0x0,
    0x2f, 0xfa, 0x0, 0x0, 0x0, 0x0, 0x0, 0x2,
    0xff, 0xa0, 0x0, 0x0, 0x0,

    /* U+1EE4 "Ụ" */
    0xf, 0xff, 0x0, 0x0, 0x0, 0x0, 0x9, 0xff,
    0x70, 0xff, 0xf0, 0x0, 0x0, 0x0, 0x0, 0x9f,
    0xf7, 0xf, 0xff, 0x0, 0x0, 0x0, 0x0, 0x9,
    0xff, 0x70, 0xff, 0xf0, 0x0, 0x0, 0x0, 0x0,
    0x9f, 0xf7, 0xf, 0xff, 0x0, 0x0, 0x0, 0x0,
    0x9, 0xff, 0x70, 0xff, 0xf0, 0x0, 0x0, 0x0,
    0x0, 0x9f, 0xf7, 0xf, 0xff, 0x0, 0x0, 0x0,
    0x0, 0x9, 0xff, 0x70, 0xff, 0xf0, 0x0, 0x0,
    0x0, 0x0, 0x9f, 0xf7, 0xf, 0xff, 0x0, 0x0,
    0x0, 0x0, 0x9, 0xff, 0x70, 0xff, 0xf0, 0x0,
    0x0, 0x0, 0x0, 0x9f, 0xf7, 0xf, 0xff, 0x0,
    0x0, 0x0, 0x0, 0x9, 0xff, 0x70, 0xff, 0xf0,
    0x0, 0x0, 0x0, 0x0, 0x9f, 0xf7, 0xf, 0xff,
    0x0, 0x0, 0x0, 0x0, 0x9, 0xff, 0x60, 0xef,
    0xf1, 0x0, 0x0, 0x0, 0x0, 0xaf, 0xf5, 0xc,
    0xff, 0x40, 0x0, 0x0, 0x0, 0xd, 0xff, 0x30,
    0x7f, 0xfc, 0x0, 0x0, 0x0, 0x5, 0xff, 0xe0,
    0x1, 0xff, 0xfb, 0x20, 0x0, 0x6, 0xff, 0xf7,
    0x0, 0x5, 0xff, 0xff, 0xdb, 0xcf, 0xff, 0xfc,
    0x0, 0x0, 0x5, 0xef, 0xff, 0xff, 0xff, 0xfa,
    0x0, 0x0, 0x0, 0x1, 0x6b, 0xef, 0xed, 0x93,
    0x0, 0x0, 0x0, 0x0, 0x0, 0x0, 0x0, 0x0,
    0x0, 0x0, 0x0, 0x0, 0x0, 0x0, 0x7a, 0xa1,
    0x0, 0x0, 0x0, 0x0, 0x0, 0x0, 0xb, 0xff,
    0x20, 0x0, 0x0, 0x0, 0x0, 0x0, 0x0, 0xbf,
    0xf2, 0x0, 0x0, 0x0,

    /* U+1EE5 "ụ" */
    0xef, 0xf1, 0x0, 0x0, 0xa, 0xff, 0x5e, 0xff,
    0x10, 0x0, 0x0, 0xaf, 0xf5, 0xef, 0xf1, 0x0,
    0x0, 0xa, 0xff, 0x5e, 0xff, 0x10, 0x0, 0x0,
    0xaf, 0xf5, 0xef, 0xf1, 0x0, 0x0, 0xa, 0xff,
    0x5e, 0xff, 0x10, 0x0, 0x0, 0xaf, 0xf5, 0xef,
    0xf1, 0x0, 0x0, 0xa, 0xff, 0x5e, 0xff, 0x10,
    0x0, 0x0, 0xaf, 0xf5, 0xef, 0xf1, 0x0, 0x0,
    0xa, 0xff, 0x5e, 0xff, 0x10, 0x0, 0x0, 0xcf,
    0xf5, 0xdf, 0xf4, 0x0, 0x0, 0x1f, 0xff, 0x5a,
    0xff, 0xb0, 0x0, 0xa, 0xff, 0xf5, 0x3f, 0xff,
    0xd8, 0x8c, 0xfd, 0xff, 0x50, 0x8f, 0xff, 0xff,
    0xfa, 0x7f, 0xf5, 0x0, 0x5c, 0xff, 0xc6, 0x7,
    0xff, 0x50, 0x0, 0x0, 0x0, 0x0, 0x0, 0x0,
    0x0, 0x0, 0x3a, 0xa5, 0x0, 0x0, 0x0, 0x0,
    0x5, 0xff, 0x80, 0x0, 0x0, 0x0, 0x0, 0x5f,
    0xf8, 0x0, 0x0, 0x0,

    /* U+1EE6 "Ủ" */
    0x0, 0x0, 0x0, 0x6f, 0xfd, 0x40, 0x0, 0x0,
    0x0, 0x0, 0x0, 0x7, 0xcd, 0xfe, 0x0, 0x0,
    0x0, 0x0, 0x0, 0x0, 0x0, 0x1f, 0xf0, 0x0,
    0x0, 0x0, 0x0, 0x0, 0x0, 0x6, 0xf9, 0x0,
    0x0, 0x0, 0x0, 0x0, 0x0, 0x0, 0x87, 0x0,
    0x0, 0x0, 0x0, 0x0, 0x0, 0x0, 0x0, 0x0,
    0x0, 0x0, 0x0, 0xf, 0xff, 0x0, 0x0, 0x0,
    0x0, 0x9, 0xff, 0x70, 0xff, 0xf0, 0x0, 0x0,
    0x0, 0x0, 0x9f, 0xf7, 0xf, 0xff, 0x0, 0x0,
    0x0, 0x0, 0x9, 0xff, 0x70, 0xff, 0xf0, 0x0,
    0x0, 0x0, 0x0, 0x9f, 0xf7, 0xf, 0xff, 0x0,
    0x0, 0x0, 0x0, 0x9, 0xff, 0x70, 0xff, 0xf0,
    0x0, 0x0, 0x0, 0x0, 0x9f, 0xf7, 0xf, 0xff,
    0x0, 0x0, 0x0, 0x0, 0x9, 0xff, 0x70, 0xff,
    0xf0, 0x0, 0x0, 0x0, 0x0, 0x9f, 0xf7, 0xf,
    0xff, 0x0, 0x0, 0x0, 0x0, 0x9, 0xff, 0x70,
    0xff, 0xf0, 0x0, 0x0, 0x0, 0x0, 0x9f, 0xf7,
    0xf, 0xff, 0x0, 0x0, 0x0, 0x0, 0x9, 0xff,
    0x70, 0xff, 0xf0, 0x0, 0x0, 0x0, 0x0, 0x9f,
    0xf7, 0xf, 0xff, 0x0, 0x0, 0x0, 0x0, 0x9,
    0xff, 0x60, 0xef, 0xf1, 0x0, 0x0, 0x0, 0x0,
    0xaf, 0xf5, 0xc, 0xff, 0x40, 0x0, 0x0, 0x0,
    0xd, 0xff, 0x30, 0x7f, 0xfc, 0x0, 0x0, 0x0,
    0x5, 0xff, 0xe0, 0x1, 0xff, 0xfb, 0x20, 0x0,
    0x6, 0xff, 0xf7, 0x0, 0x5, 0xff, 0xff, 0xdb,
    0xcf, 0xff, 0xfc, 0x0, 0x0, 0x5, 0xef, 0xff,
    0xff, 0xff, 0xfa, 0x0, 0x0, 0x0, 0x1, 0x6b,
    0xef, 0xed, 0x93, 0x0, 0x0,

    /* U+1EE7 "ủ" */
    0x0, 0x1, 0xef, 0xe9, 0x0, 0x0, 0x0, 0x0,
    0x1d, 0xcf, 0xf5, 0x0, 0x0, 0x0, 0x0, 0x0,
    0xbf, 0x50, 0x0, 0x0, 0x0, 0x0, 0x1e, 0xe1,
    0x0, 0x0, 0x0, 0x0, 0x5, 0x82, 0x0, 0x0,
    0x0, 0x0, 0x0, 0x0, 0x0, 0x0, 0x0, 0xef,
    0xf1, 0x0, 0x0, 0xa, 0xff, 0x5e, 0xff, 0x10,
    0x0, 0x0, 0xaf, 0xf5, 0xef, 0xf1, 0x0, 0x0,
    0xa, 0xff, 0x5e, 0xff, 0x10, 0x0, 0x0, 0xaf,
    0xf5, 0xef, 0xf1, 0x0, 0x0, 0xa, 0xff, 0x5e,
    0xff, 0x10, 0x0, 0x0, 0xaf, 0xf5, 0xef, 0xf1,
    0x0, 0x0, 0xa, 0xff, 0x5e, 0xff, 0x10, 0x0,
    0x0, 0xaf, 0xf5, 0xef, 0xf1, 0x0, 0x0, 0xa,
    0xff, 0x5e, 0xff, 0x10, 0x0, 0x0, 0xcf, 0xf5,
    0xdf, 0xf4, 0x0, 0x0, 0x1f, 0xff, 0x5a, 0xff,
    0xb0, 0x0, 0xa, 0xff, 0xf5, 0x3f, 0xff, 0xd8,
    0x8c, 0xfd, 0xff, 0x50, 0x8f, 0xff, 0xff, 0xfa,
    0x7f, 0xf5, 0x0, 0x5c, 0xff, 0xc6, 0x7, 0xff,
    0x50,

    /* U+1EE8 "Ứ" */
    0x0, 0x0, 0x0, 0x0, 0xa, 0xba, 0x0, 0x0,
    0x0, 0x0, 0x0, 0x0, 0x0, 0x0, 0x6f, 0xf7,
    0x0, 0x0, 0x23, 0x20, 0x0, 0x0, 0x0, 0x0,
    0xdf, 0xc0, 0x0, 0x0, 0xbf, 0xc0, 0x0, 0x0,
    0x0, 0x5, 0xff, 0x20, 0x0, 0x0, 0x8f, 0xe0,
    0x0, 0x0, 0x0, 0x0, 0x0, 0x0, 0x0, 0x0,
    0x7f, 0xf0, 0x0, 0x0, 0x0, 0x0, 0x0, 0x0,
    0x0, 0x1, 0xbf, 0xd0, 0xf, 0xff, 0x0, 0x0,
    0x0, 0x0, 0xe, 0xff, 0xff, 0x40, 0xf, 0xff,
    0x0, 0x0, 0x0, 0x0, 0xb, 0xff, 0xc1, 0x0,
    0xf, 0xff, 0x0, 0x0, 0x0, 0x0, 0x9, 0xff,
    0x70, 0x0, 0xf, 0xff, 0x0, 0x0, 0x0, 0x0,
    0x9, 0xff, 0x70, 0x0, 0xf, 0xff, 0x0, 0x0,
    0x0, 0x0, 0x9, 0xff, 0x70, 0x0, 0xf, 0xff,
    0x0, 0x0, 0x0, 0x0, 0x9, 0xff, 0x70, 0x0,
    0xf, 0xff, 0x0, 0x0, 0x0, 0x0, 0x9, 0xff,
    0x70, 0x0, 0xf, 0xff, 0x0, 0x0, 0x0, 0x0,
    0x9, 0xff, 0x70, 0x0, 0xf, 0xff, 0x0, 0x0,
    0x0, 0x0, 0x9, 0xff, 0x70, 0x0, 0xf, 0xff,
    0x0, 0x0, 0x0, 0x0, 0x9, 0xff, 0x70, 0x0,
    0xf, 0xff, 0x0, 0x0, 0x0, 0x0, 0x9, 0xff,
    0x70, 0x0, 0xf, 0xff, 0x0, 0x0, 0x0, 0x0,
    0x9, 0xff, 0x70, 0x0, 0xf, 0xff, 0x0, 0x0,
    0x0, 0x0, 0x9, 0xff, 0x60, 0x0, 0xe, 0xff,
    0x10, 0x0, 0x0, 0x0, 0xa, 0xff, 0x50, 0x0,
    0xc, 0xff, 0x40, 0x0, 0x0, 0x0, 0xd, 0xff,
    0x30, 0x0, 0x7, 0xff, 0xc0, 0x0, 0x0, 0x0,
    0x5f, 0xfe, 0x0, 0x0, 0x1, 0xff, 0xfb, 0x20,
    0x0, 0x6, 0xff, 0xf7, 0x0, 0x0, 0x0, 0x5f,
    0xff, 0xfd, 0xbc, 0xff, 0xff, 0xc0, 0x0, 0x0,
    0x0, 0x5, 0xef, 0xff, 0xff, 0xff, 0xfa, 0x0,
    0x0, 0x0, 0x0, 0x0, 0x16, 0xbe, 0xfe, 0xd9,
    0x30, 0x0, 0x0, 0x0,

    /* U+1EE9 "ứ" */
    0x0, 0x0, 0x0, 0x7b, 0xb4, 0x0, 0x0, 0x0,
    0x0, 0x0, 0x1f, 0xfc, 0x0, 0x3, 0x31, 0x0,
    0x0, 0x8, 0xff, 0x20, 0x0, 0xdf, 0xa0, 0x0,
    0x1, 0xff, 0x60, 0x0, 0xb, 0xfc, 0x0, 0x0,
    0x0, 0x0, 0x0, 0x0, 0xaf, 0xd0, 0x0, 0x0,
    0x0, 0x0, 0x0, 0x1d, 0xfa, 0xef, 0xf1, 0x0,
    0x0, 0xf, 0xff, 0xfe, 0x2e, 0xff, 0x10, 0x0,
    0x0, 0xdf, 0xfa, 0x0, 0xef, 0xf1, 0x0, 0x0,
    0xa, 0xff, 0x50, 0xe, 0xff, 0x10, 0x0, 0x0,
    0xaf, 0xf5, 0x0, 0xef, 0xf1, 0x0, 0x0, 0xa,
    0xff, 0x50, 0xe, 0xff, 0x10, 0x0, 0x0, 0xaf,
    0xf5, 0x0, 0xef, 0xf1, 0x0, 0x0, 0xa, 0xff,
    0x50, 0xe, 0xff, 0x10, 0x0, 0x0, 0xaf, 0xf5,
    0x0, 0xef, 0xf1, 0x0, 0x0, 0xa, 0xff, 0x50,
    0xe, 0xff, 0x10, 0x0, 0x0, 0xcf, 0xf5, 0x0,
    0xdf, 0xf4, 0x0, 0x0, 0x1f, 0xff, 0x50, 0xa,
    0xff, 0xb0, 0x0, 0xa, 0xff, 0xf5, 0x0, 0x3f,
    0xff, 0xd8, 0x8c, 0xfd, 0xff, 0x50, 0x0, 0x8f,
    0xff, 0xff, 0xfa, 0x7f, 0xf5, 0x0, 0x0, 0x5c,
    0xff, 0xc6, 0x7, 0xff, 0x50, 0x0,

    /* U+1EEA "Ừ" */
    0x0, 0x0, 0x6, 0xbb, 0x50, 0x0, 0x0, 0x0,
    0x0, 0x0, 0x0, 0x0, 0x1, 0xef, 0xd0, 0x0,
    0x0, 0x0, 0x23, 0x20, 0x0, 0x0, 0x0, 0x5f,
    0xf5, 0x0, 0x0, 0x0, 0xbf, 0xc0, 0x0, 0x0,
    0x0, 0xa, 0xfd, 0x0, 0x0, 0x0, 0x8f, 0xe0,
    0x0, 0x0, 0x0, 0x0, 0x0, 0x0, 0x0, 0x0,
    0x7f, 0xf0, 0x0, 0x0, 0x0, 0x0, 0x0, 0x0,
    0x0, 0x1, 0xbf, 0xd0, 0xf, 0xff, 0x0, 0x0,
    0x0, 0x0, 0xe, 0xff, 0xff, 0x40, 0xf, 0xff,
    0x0, 0x0, 0x0, 0x0, 0xb, 0xff, 0xc1, 0x0,
    0xf, 0xff, 0x0, 0x0, 0x0, 0x0, 0x9, 0xff,
    0x70, 0x0, 0xf, 0xff, 0x0, 0x0, 0x0, 0x0,
    0x9, 0xff, 0x70, 0x0, 0xf, 0xff, 0x0, 0x0,
    0x0, 0x0, 0x9, 0xff, 0x70, 0x0, 0xf, 0xff,
    0x0, 0x0, 0x0, 0x0, 0x9, 0xff, 0x70, 0x0,
    0xf, 0xff, 0x0, 0x0, 0x0, 0x0, 0x9, 0xff,
    0x70, 0x0, 0xf, 0xff, 0x0, 0x0, 0x0, 0x0,
    0x9, 0xff, 0x70, 0x0, 0xf, 0xff, 0x0, 0x0,
    0x0, 0x0, 0x9, 0xff, 0x70, 0x0, 0xf, 0xff,
    0x0, 0x0, 0x0, 0x0, 0x9, 0xff, 0x70, 0x0,
    0xf, 0xff, 0x0, 0x0, 0x0, 0x0, 0x9, 0xff,
    0x70, 0x0, 0xf, 0xff, 0x0, 0x0, 0x0, 0x0,
    0x9, 0xff, 0x70, 0x0, 0xf, 0xff, 0x0, 0x0,
    0x0, 0x0, 0x9, 0xff, 0x60, 0x0, 0xe, 0xff,
    0x10, 0x0, 0x0, 0x0, 0xa, 0xff, 0x50, 0x0,
    0xc, 0xff, 0x40, 0x0, 0x0, 0x0, 0xd, 0xff,
    0x30, 0x0, 0x7, 0xff, 0xc0, 0x0, 0x0, 0x0,
    0x5f, 0xfe, 0x0, 0x0, 0x1, 0xff, 0xfb, 0x20,
    0x0, 0x6, 0xff, 0xf7, 0x0, 0x0, 0x0, 0x5f,
    0xff, 0xfd, 0xbc, 0xff, 0xff, 0xc0, 0x0, 0x0,
    0x0, 0x5, 0xef, 0xff, 0xff, 0xff, 0xfa, 0x0,
    0x0, 0x0, 0x0, 0x0, 0x16, 0xbe, 0xfe, 0xd9,
    0x30, 0x0, 0x0, 0x0,

    /* U+1EEB "ừ" */
    0x0, 0x2b, 0xb8, 0x0, 0x0, 0x0, 0x0, 0x0,
    0x0, 0xaf, 0xf3, 0x0, 0x0, 0x3, 0x31, 0x0,
    0x1, 0xef, 0xa0, 0x0, 0x0, 0xdf, 0xa0, 0x0,
    0x4, 0xff, 0x20, 0x0, 0xb, 0xfc, 0x0, 0x0,
    0x0, 0x0, 0x0, 0x0, 0xaf, 0xd0, 0x0, 0x0,
    0x0, 0x0, 0x0, 0x1d, 0xfa, 0xef, 0xf1, 0x0,
    0x0, 0xf, 0xff, 0xfe, 0x2e, 0xff, 0x10, 0x0,
    0x0, 0xdf, 0xfa, 0x0, 0xef, 0xf1, 0x0, 0x0,
    0xa, 0xff, 0x50, 0xe, 0xff, 0x10, 0x0, 0x0,
    0xaf, 0xf5, 0x0, 0xef, 0xf1, 0x0, 0x0, 0xa,
    0xff, 0x50, 0xe, 0xff, 0x10, 0x0, 0x0, 0xaf,
    0xf5, 0x0, 0xef, 0xf1, 0x0, 0x0, 0xa, 0xff,
    0x50, 0xe, 0xff, 0x10, 0x0, 0x0, 0xaf, 0xf5,
    0x0, 0xef, 0xf1, 0x0, 0x0, 0xa, 0xff, 0x50,
    0xe, 0xff, 0x10, 0x0, 0x0, 0xcf, 0xf5, 0x0,
    0xdf, 0xf4, 0x0, 0x0, 0x1f, 0xff, 0x50, 0xa,
    0xff, 0xb0, 0x0, 0xa, 0xff, 0xf5, 0x0, 0x3f,
    0xff, 0xd8, 0x8c, 0xfd, 0xff, 0x50, 0x0, 0x8f,
    0xff, 0xff, 0xfa, 0x7f, 0xf5, 0x0, 0x0, 0x5c,
    0xff, 0xc6, 0x7, 0xff, 0x50, 0x0,

    /* U+1EEC "Ử" */
    0x0, 0x0, 0x0, 0x6f, 0xfd, 0x40, 0x0, 0x0,
    0x0, 0x0, 0x0, 0x0, 0x0, 0x7c, 0xdf, 0xe0,
    0x0, 0x0, 0x0, 0x0, 0x0, 0x0, 0x0, 0x0,
    0x1f, 0xf0, 0x0, 0x0, 0x8c, 0x80, 0x0, 0x0,
    0x0, 0x0, 0x6f, 0x90, 0x0, 0x0, 0x9f, 0xe0,
    0x0, 0x0, 0x0, 0x0, 0x87, 0x0, 0x0, 0x0,
    0x7f, 0xf0, 0x0, 0x0, 0x0, 0x0, 0x0, 0x0,
    0x0, 0x1, 0xbf, 0xd0, 0xf, 0xff, 0x0, 0x0,
    0x0, 0x0, 0xe, 0xff, 0xff, 0x50, 0xf, 0xff,
    0x0, 0x0, 0x0, 0x0, 0xb, 0xff, 0xd1, 0x0,
    0xf, 0xff, 0x0, 0x0, 0x0, 0x0, 0x9, 0xff,
    0x70, 0x0, 0xf, 0xff, 0x0, 0x0, 0x0, 0x0,
    0x9, 0xff, 0x70, 0x0, 0xf, 0xff, 0x0, 0x0,
    0x0, 0x0, 0x9, 0xff, 0x70, 0x0, 0xf, 0xff,
    0x0, 0x0, 0x0, 0x0, 0x9, 0xff, 0x70, 0x0,
    0xf, 0xff, 0x0, 0x0, 0x0, 0x0, 0x9, 0xff,
    0x70, 0x0, 0xf, 0xff, 0x0, 0x0, 0x0, 0x0,
    0x9, 0xff, 0x70, 0x0, 0xf, 0xff, 0x0, 0x0,
    0x0, 0x0, 0x9, 0xff, 0x70, 0x0, 0xf, 0xff,
    0x0, 0x0, 0x0, 0x0, 0x9, 0xff, 0x70, 0x0,
    0xf, 0xff, 0x0, 0x0, 0x0, 0x0, 0x9, 0xff,
    0x70, 0x0, 0xf, 0xff, 0x0, 0x0, 0x0, 0x0,
    0x9, 0xff, 0x70, 0x0, 0xf, 0xff, 0x0, 0x0,
    0x0, 0x0, 0x9, 0xff, 0x60, 0x0, 0xe, 0xff,
    0x10, 0x0, 0x0, 0x0, 0xa, 0xff, 0x50, 0x0,
    0xc, 0xff, 0x40, 0x0, 0x0, 0x0, 0xd, 0xff,
    0x30, 0x0, 0x7, 0xff, 0xc0, 0x0, 0x0, 0x0,
    0x5f, 0xfe, 0x0, 0x0, 0x1, 0xff, 0xfb, 0x20,
    0x0, 0x6, 0xff, 0xf7, 0x0, 0x0, 0x0, 0x5f,
    0xff, 0xfd, 0xbc, 0xff, 0xff, 0xc0, 0x0, 0x0,
    0x0, 0x5, 0xef, 0xff, 0xff, 0xff, 0xfa, 0x0,
    0x0, 0x0, 0x0, 0x0, 0x16, 0xbe, 0xfe, 0xd9,
    0x30, 0x0, 0x0, 0x0,

    /* U+1EED "ử" */
    0x0, 0x1, 0xef, 0xe8, 0x0, 0x0, 0x0, 0x0,
    0x0, 0x2c, 0xcf, 0xf4, 0x0, 0x0, 0x0, 0x0,
    0x0, 0x0, 0xcf, 0x50, 0x0, 0xac, 0x60, 0x0,
    0x0, 0x2f, 0xd0, 0x0, 0xb, 0xfb, 0x0, 0x0,
    0x6, 0x82, 0x0, 0x0, 0xaf, 0xd0, 0x0, 0x0,
    0x0, 0x0, 0x0, 0x1d, 0xfb, 0xef, 0xf1, 0x0,
    0x0, 0xf, 0xff, 0xff, 0x3e, 0xff, 0x10, 0x0,
    0x0, 0xdf, 0xfa, 0x0, 0xef, 0xf1, 0x0, 0x0,
    0xa, 0xff, 0x50, 0xe, 0xff, 0x10, 0x0, 0x0,
    0xaf, 0xf5, 0x0, 0xef, 0xf1, 0x0, 0x0, 0xa,
    0xff, 0x50, 0xe, 0xff, 0x10, 0x0, 0x0, 0xaf,
    0xf5, 0x0, 0xef, 0xf1, 0x0, 0x0, 0xa, 0xff,
    0x50, 0xe, 0xff, 0x10, 0x0, 0x0, 0xaf, 0xf5,
    0x0, 0xef, 0xf1, 0x0, 0x0, 0xa, 0xff, 0x50,
    0xe, 0xff, 0x10, 0x0, 0x0, 0xcf, 0xf5, 0x0,
    0xdf, 0xf4, 0x0, 0x0, 0x1f, 0xff, 0x50, 0xa,
    0xff, 0xb0, 0x0, 0xa, 0xff, 0xf5, 0x0, 0x3f,
    0xff, 0xd8, 0x8c, 0xfd, 0xff, 0x50, 0x0, 0x8f,
    0xff, 0xff, 0xfa, 0x7f, 0xf5, 0x0, 0x0, 0x5c,
    0xff, 0xc6, 0x7, 0xff, 0x50, 0x0,

    /* U+1EEE "Ữ" */
    0x0, 0x0, 0x0, 0x0, 0x0, 0x3, 0x81, 0x0,
    0x0, 0x0, 0x0, 0x0, 0x9, 0xee, 0xb4, 0xb,
    0xf1, 0x0, 0x0, 0x0, 0x0, 0x0, 0x7f, 0xff,
    0xff, 0xff, 0xa0, 0x0, 0xbf, 0xc0, 0x0, 0x0,
    0xad, 0x0, 0x6c, 0xd9, 0x10, 0x0, 0x8f, 0xe0,
    0x0, 0x0, 0x0, 0x0, 0x0, 0x0, 0x0, 0x0,
    0x7f, 0xf0, 0x0, 0x0, 0x0, 0x0, 0x0, 0x0,
    0x0, 0x1, 0xbf, 0xd0, 0xf, 0xff, 0x0, 0x0,
    0x0, 0x0, 0xe, 0xff, 0xff, 0x40, 0xf, 0xff,
    0x0, 0x0, 0x0, 0x0, 0xb, 0xff, 0xc1, 0x0,
    0xf, 0xff, 0x0, 0x0, 0x0, 0x0, 0x9, 0xff,
    0x70, 0x0, 0xf, 0xff, 0x0, 0x0, 0x0, 0x0,
    0x9, 0xff, 0x70, 0x0, 0xf, 0xff, 0x0, 0x0,
    0x0, 0x0, 0x9, 0xff, 0x70, 0x0, 0xf, 0xff,
    0x0, 0x0, 0x0, 0x0, 0x9, 0xff, 0x70, 0x0,
    0xf, 0xff, 0x0, 0x0, 0x0, 0x0, 0x9, 0xff,
    0x70, 0x0, 0xf, 0xff, 0x0, 0x0, 0x0, 0x0,
    0x9, 0xff, 0x70, 0x0, 0xf, 0xff, 0x0, 0x0,
    0x0, 0x0, 0x9, 0xff, 0x70, 0x0, 0xf, 0xff,
    0x0, 0x0, 0x0, 0x0, 0x9, 0xff, 0x70, 0x0,
    0xf, 0xff, 0x0, 0x0, 0x0, 0x0, 0x9, 0xff,
    0x70, 0x0, 0xf, 0xff, 0x0, 0x0, 0x0, 0x0,
    0x9, 0xff, 0x70, 0x0, 0xf, 0xff, 0x0, 0x0,
    0x0, 0x0, 0x9, 0xff, 0x60, 0x0, 0xe, 0xff,
    0x10, 0x0, 0x0, 0x0, 0xa, 0xff, 0x50, 0x0,
    0xc, 0xff, 0x40, 0x0, 0x0, 0x0, 0xd, 0xff,
    0x30, 0x0, 0x7, 0xff, 0xc0, 0x0, 0x0, 0x0,
    0x5f, 0xfe, 0x0, 0x0, 0x1, 0xff, 0xfb, 0x20,
    0x0, 0x6, 0xff, 0xf7, 0x0, 0x0, 0x0, 0x5f,
    0xff, 0xfd, 0xbc, 0xff, 0xff, 0xc0, 0x0, 0x0,
    0x0, 0x5, 0xef, 0xff, 0xff, 0xff, 0xfa, 0x0,
    0x0, 0x0, 0x0, 0x0, 0x16, 0xbe, 0xfe, 0xd9,
    0x30, 0x0, 0x0, 0x0,

    /* U+1EEF "ữ" */
    0x0, 0x0, 0x0, 0x0, 0x8, 0x40, 0x0, 0x0,
    0x5, 0xdf, 0xc6, 0x6, 0xf6, 0x0, 0x0, 0x2,
    0xff, 0xef, 0xff, 0xff, 0x10, 0xef, 0x90, 0x5e,
    0x40, 0x3a, 0xdb, 0x30, 0xb, 0xfc, 0x0, 0x0,
    0x0, 0x0, 0x0, 0x0, 0xaf, 0xd0, 0x0, 0x0,
    0x0, 0x0, 0x0, 0x1d, 0xfa, 0xef, 0xf1, 0x0,
    0x0, 0xf, 0xff, 0xfe, 0x2e, 0xff, 0x10, 0x0,
    0x0, 0xdf, 0xfa, 0x0, 0xef, 0xf1, 0x0, 0x0,
    0xa, 0xff, 0x50, 0xe, 0xff, 0x10, 0x0, 0x0,
    0xaf, 0xf5, 0x0, 0xef, 0xf1, 0x0, 0x0, 0xa,
    0xff, 0x50, 0xe, 0xff, 0x10, 0x0, 0x0, 0xaf,
    0xf5, 0x0, 0xef, 0xf1, 0x0, 0x0, 0xa, 0xff,
    0x50, 0xe, 0xff, 0x10, 0x0, 0x0, 0xaf, 0xf5,
    0x0, 0xef, 0xf1, 0x0, 0x0, 0xa, 0xff, 0x50,
    0xe, 0xff, 0x10, 0x0, 0x0, 0xcf, 0xf5, 0x0,
    0xdf, 0xf4, 0x0, 0x0, 0x1f, 0xff, 0x50, 0xa,
    0xff, 0xb0, 0x0, 0xa, 0xff, 0xf5, 0x0, 0x3f,
    0xff, 0xd8, 0x8c, 0xfd, 0xff, 0x50, 0x0, 0x8f,
    0xff, 0xff, 0xfa, 0x7f, 0xf5, 0x0, 0x0, 0x5c,
    0xff, 0xc6, 0x7, 0xff, 0x50, 0x0,

    /* U+1EF0 "Ự" */
    0x0, 0x0, 0x0, 0x0, 0x0, 0x0, 0x0, 0x0,
    0x68, 0x50, 0x0, 0x0, 0x0, 0x0, 0x0, 0x0,
    0x0, 0x0, 0x9f, 0xd0, 0x0, 0x0, 0x0, 0x0,
    0x0, 0x0, 0x0, 0x0, 0x7f, 0xf0, 0x0, 0x0,
    0x0, 0x0, 0x0, 0x0, 0x0, 0x0, 0xbf, 0xe0,
    0xf, 0xff, 0x0, 0x0, 0x0, 0x0, 0xe, 0xff,
    0xff, 0x50, 0xf, 0xff, 0x0, 0x0, 0x0, 0x0,
    0xb, 0xff, 0xd1, 0x0, 0xf, 0xff, 0x0, 0x0,
    0x0, 0x0, 0x9, 0xff, 0x70, 0x0, 0xf, 0xff,
    0x0, 0x0, 0x0, 0x0, 0x9, 0xff, 0x70, 0x0,
    0xf, 0xff, 0x0, 0x0, 0x0, 0x0, 0x9, 0xff,
    0x70, 0x0, 0xf, 0xff, 0x0, 0x0, 0x0, 0x0,
    0x9, 0xff, 0x70, 0x0, 0xf, 0xff, 0x0, 0x0,
    0x0, 0x0, 0x9, 0xff, 0x70, 0x0, 0xf, 0xff,
    0x0, 0x0, 0x0, 0x0, 0x9, 0xff, 0x70, 0x0,
    0xf, 0xff, 0x0, 0x0, 0x0, 0x0, 0x9, 0xff,
    0x70, 0x0, 0xf, 0xff, 0x0, 0x0, 0x0, 0x0,
    0x9, 0xff, 0x70, 0x0, 0xf, 0xff, 0x0, 0x0,
    0x0, 0x0, 0x9, 0xff, 0x70, 0x0, 0xf, 0xff,
    0x0, 0x0, 0x0, 0x0, 0x9, 0xff, 0x70, 0x0,
    0xf, 0xff, 0x0, 0x0, 0x0, 0x0, 0x9, 0xff,
    0x60, 0x0, 0xe, 0xff, 0x10, 0x0, 0x0, 0x0,
    0xa, 0xff, 0x50, 0x0, 0xc, 0xff, 0x40, 0x0,
    0x0, 0x0, 0xd, 0xff, 0x30, 0x0, 0x7, 0xff,
    0xc0, 0x0, 0x0, 0x0, 0x5f, 0xfe, 0x0, 0x0,
    0x1, 0xff, 0xfb, 0x20, 0x0, 0x6, 0xff, 0xf7,
    0x0, 0x0, 0x0, 0x5f, 0xff, 0xfd, 0xbc, 0xff,
    0xff, 0xc0, 0x0, 0x0, 0x0, 0x5, 0xef, 0xff,
    0xff, 0xff, 0xfa, 0x0, 0x0, 0x0, 0x0, 0x0,
    0x16, 0xbe, 0xfe, 0xd9, 0x30, 0x0, 0x0, 0x0,
    0x0, 0x0, 0x0, 0x0, 0x0, 0x0, 0x0, 0x0,
    0x0, 0x0, 0x0, 0x0, 0x0, 0x7, 0xaa, 0x10,
    0x0, 0x0, 0x0, 0x0, 0x0, 0x0, 0x0, 0xb,
    0xff, 0x20, 0x0, 0x0, 0x0, 0x0, 0x0, 0x0,
    0x0, 0xb, 0xff, 0x20, 0x0, 0x0, 0x0, 0x0,

    /* U+1EF1 "ự" */
    0x0, 0x0, 0x0, 0x0, 0x0, 0x0, 0xef, 0x90,
    0x0, 0x0, 0x0, 0x0, 0x0, 0xb, 0xfc, 0x0,
    0x0, 0x0, 0x0, 0x0, 0x0, 0xaf, 0xd0, 0x0,
    0x0, 0x0, 0x0, 0x0, 0x1d, 0xfa, 0xef, 0xf1,
    0x0, 0x0, 0xf, 0xff, 0xfe, 0x2e, 0xff, 0x10,
    0x0, 0x0, 0xdf, 0xfa, 0x0, 0xef, 0xf1, 0x0,
    0x0, 0xa, 0xff, 0x50, 0xe, 0xff, 0x10, 0x0,
    0x0, 0xaf, 0xf5, 0x0, 0xef, 0xf1, 0x0, 0x0,
    0xa, 0xff, 0x50, 0xe, 0xff, 0x10, 0x0, 0x0,
    0xaf, 0xf5, 0x0, 0xef, 0xf1, 0x0, 0x0, 0xa,
    0xff, 0x50, 0xe, 0xff, 0x10, 0x0, 0x0, 0xaf,
    0xf5, 0x0, 0xef, 0xf1, 0x0, 0x0, 0xa, 0xff,
    0x50, 0xe, 0xff, 0x10, 0x0, 0x0, 0xcf, 0xf5,
    0x0, 0xdf, 0xf4, 0x0, 0x0, 0x1f, 0xff, 0x50,
    0xa, 0xff, 0xb0, 0x0, 0xa, 0xff, 0xf5, 0x0,
    0x3f, 0xff, 0xd8, 0x8c, 0xfd, 0xff, 0x50, 0x0,
    0x8f, 0xff, 0xff, 0xfa, 0x7f, 0xf5, 0x0, 0x0,
    0x5c, 0xff, 0xc6, 0x7, 0xff, 0x50, 0x0, 0x0,
    0x0, 0x0, 0x0, 0x0, 0x0, 0x0, 0x0, 0x0,
    0x3a, 0xa5, 0x0, 0x0, 0x0, 0x0, 0x0, 0x5,
    0xff, 0x80, 0x0, 0x0, 0x0, 0x0, 0x0, 0x5f,
    0xf8, 0x0, 0x0, 0x0, 0x0,

    /* U+1EF2 "Ỳ" */
    0x0, 0x0, 0x0, 0xdf, 0xf2, 0x0, 0x0, 0x0,
    0x0, 0x0, 0x0, 0x0, 0x3f, 0xf9, 0x0, 0x0,
    0x0, 0x0, 0x0, 0x0, 0x0, 0x8, 0xff, 0x10,
    0x0, 0x0, 0x0, 0x0, 0x0, 0x0, 0x0, 0x9b,
    0x50, 0x0, 0x0, 0x0, 0x0, 0x0, 0x0, 0x0,
    0x0, 0x0, 0x0, 0x0, 0x0, 0xd, 0xff, 0x90,
    0x0, 0x0, 0x0, 0x0, 0xef, 0xf8, 0x4, 0xff,
    0xf2, 0x0, 0x0, 0x0, 0x7, 0xff, 0xe0, 0x0,
    0xbf, 0xfb, 0x0, 0x0, 0x0, 0x1f, 0xff, 0x50,
    0x0, 0x2f, 0xff, 0x40, 0x0, 0x0, 0x9f, 0xfc,
    0x0, 0x0, 0x8, 0xff, 0xd0, 0x0, 0x3, 0xff,
    0xf3, 0x0, 0x0, 0x0, 0xef, 0xf6, 0x0, 0xc,
    0xff, 0x90, 0x0, 0x0, 0x0, 0x6f, 0xfe, 0x0,
    0x5f, 0xff, 0x10, 0x0, 0x0, 0x0, 0xc, 0xff,
    0x80, 0xdf, 0xf7, 0x0, 0x0, 0x0, 0x0, 0x3,
    0xff, 0xf8, 0xff, 0xd0, 0x0, 0x0, 0x0, 0x0,
    0x0, 0xaf, 0xff, 0xff, 0x40, 0x0, 0x0, 0x0,
    0x0, 0x0, 0x1f, 0xff, 0xfa, 0x0, 0x0, 0x0,
    0x0, 0x0, 0x0, 0x7, 0xff, 0xf2, 0x0, 0x0,
    0x0, 0x0, 0x0, 0x0, 0x3, 0xff, 0xd0, 0x0,
    0x0, 0x0, 0x0, 0x0, 0x0, 0x3, 0xff, 0xd0,
    0x0, 0x0, 0x0, 0x0, 0x0, 0x0, 0x3, 0xff,
    0xd0, 0x0, 0x0, 0x0, 0x0, 0x0, 0x0, 0x3,
    0xff, 0xd0, 0x0, 0x0, 0x0, 0x0, 0x0, 0x0,
    0x3, 0xff, 0xd0, 0x0, 0x0, 0x0, 0x0, 0x0,
    0x0, 0x3, 0xff, 0xd0, 0x0, 0x0, 0x0, 0x0,
    0x0, 0x0, 0x3, 0xff, 0xd0, 0x0, 0x0, 0x0,
    0x0, 0x0, 0x0, 0x3, 0xff, 0xd0, 0x0, 0x0,
    0x0,

    /* U+1EF3 "ỳ" */
    0x0, 0x0, 0x6f, 0xf9, 0x0, 0x0, 0x0, 0x0,
    0x0, 0x0, 0xbf, 0xf1, 0x0, 0x0, 0x0, 0x0,
    0x0, 0x1, 0xff, 0x80, 0x0, 0x0, 0x0, 0x0,
    0x0, 0x5, 0xba, 0x0, 0x0, 0x0, 0x0, 0x0,
    0x0, 0x0, 0x0, 0x0, 0x0, 0x3, 0xff, 0xe0,
    0x0, 0x0, 0x0, 0x6f, 0xfb, 0xd, 0xff, 0x40,
    0x0, 0x0, 0xb, 0xff, 0x50, 0x7f, 0xf9, 0x0,
    0x0, 0x1, 0xff, 0xf0, 0x2, 0xff, 0xe0, 0x0,
    0x0, 0x6f, 0xfa, 0x0, 0xc, 0xff, 0x40, 0x0,
    0xb, 0xff, 0x40, 0x0, 0x6f, 0xf9, 0x0, 0x0,
    0xff, 0xe0, 0x0, 0x1, 0xff, 0xe0, 0x0, 0x5f,
    0xf8, 0x0, 0x0, 0xb, 0xff, 0x40, 0xa, 0xff,
    0x30, 0x0, 0x0, 0x5f, 0xf9, 0x0, 0xff, 0xd0,
    0x0, 0x0, 0x0, 0xff, 0xe0, 0x4f, 0xf7, 0x0,
    0x0, 0x0, 0xa, 0xff, 0x4a, 0xff, 0x10, 0x0,
    0x0, 0x0, 0x4f, 0xfa, 0xef, 0xc0, 0x0, 0x0,
    0x0, 0x0, 0xef, 0xff, 0xf6, 0x0, 0x0, 0x0,
    0x0, 0x8, 0xff, 0xff, 0x10, 0x0, 0x0, 0x0,
    0x0, 0x3f, 0xff, 0xa0, 0x0, 0x0, 0x0, 0x0,
    0x0, 0x5f, 0xf5, 0x0, 0x0, 0x0, 0x0, 0x66,
    0x7f, 0xfe, 0x0, 0x0, 0x0, 0x0, 0x1f, 0xff,
    0xff, 0x70, 0x0, 0x0, 0x0, 0x1, 0xff, 0xfd,
    0x60, 0x0, 0x0, 0x0,

    /* U+1EF4 "Ỵ" */
    0xd, 0xff, 0x90, 0x0, 0x0, 0x0, 0x0, 0xef,
    0xf8, 0x4, 0xff, 0xf2, 0x0, 0x0, 0x0, 0x7,
    0xff, 0xe0, 0x0, 0xbf, 0xfb, 0x0, 0x0, 0x0,
    0x1f, 0xff, 0x50, 0x0, 0x2f, 0xff, 0x40, 0x0,
    0x0, 0x9f, 0xfc, 0x0, 0x0, 0x8, 0xff, 0xd0,
    0x0, 0x3, 0xff, 0xf3, 0x0, 0x0, 0x0, 0xef,
    0xf6, 0x0, 0xc, 0xff, 0x90, 0x0, 0x0, 0x0,
    0x6f, 0xfe, 0x0, 0x5f, 0xff, 0x10, 0x0, 0x0,
    0x0, 0xc, 0xff, 0x80, 0xdf, 0xf7, 0x0, 0x0,
    0x0, 0x0, 0x3, 0xff, 0xf8, 0xff, 0xd0, 0x0,
    0x0, 0x0, 0x0, 0x0, 0xaf, 0xff, 0xff, 0x40,
    0x0, 0x0, 0x0, 0x0, 0x0, 0x1f, 0xff, 0xfa,
    0x0, 0x0, 0x0, 0x0, 0x0, 0x0, 0x7, 0xff,
    0xf2, 0x0, 0x0, 0x0, 0x0, 0x0, 0x0, 0x3,
    0xff, 0xd0, 0x0, 0x0, 0x0, 0x0, 0x0, 0x0,
    0x3, 0xff, 0xd0, 0x0, 0x0, 0x0, 0x0, 0x0,
    0x0, 0x3, 0xff, 0xd0, 0x0, 0x0, 0x0, 0x0,
    0x0, 0x0, 0x3, 0xff, 0xd0, 0x0, 0x0, 0x0,
    0x0, 0x0, 0x0, 0x3, 0xff, 0xd0, 0x0, 0x0,
    0x0, 0x0, 0x0, 0x0, 0x3, 0xff, 0xd0, 0x0,
    0x0, 0x0, 0x0, 0x0, 0x0, 0x3, 0xff, 0xd0,
    0x0, 0x0, 0x0, 0x0, 0x0, 0x0, 0x3, 0xff,
    0xd0, 0x0, 0x0, 0x0, 0x0, 0x0, 0x0, 0x0,
    0x0, 0x0, 0x0, 0x0, 0x0, 0x0, 0x0, 0x0,
    0x0, 0xaa, 0x70, 0x0, 0x0, 0x0, 0x0, 0x0,
    0x0, 0x1, 0xff, 0xc0, 0x0, 0x0, 0x0, 0x0,
    0x0, 0x0, 0x1, 0xff, 0xc0, 0x0, 0x0, 0x0,

    /* U+1EF5 "ỵ" */
    0x3f, 0xfe, 0x0, 0x0, 0x0, 0x6, 0xff, 0xb0,
    0xdf, 0xf4, 0x0, 0x0, 0x0, 0xbf, 0xf5, 0x7,
    0xff, 0x90, 0x0, 0x0, 0x1f, 0xff, 0x0, 0x2f,
    0xfe, 0x0, 0x0, 0x6, 0xff, 0xa0, 0x0, 0xcf,
    0xf4, 0x0, 0x0, 0xbf, 0xf4, 0x0, 0x6, 0xff,
    0x90, 0x0, 0xf, 0xfe, 0x0, 0x0, 0x1f, 0xfe,
    0x0, 0x5, 0xff, 0x80, 0x0, 0x0, 0xbf, 0xf4,
    0x0, 0xaf, 0xf3, 0x0, 0x0, 0x5, 0xff, 0x90,
    0xf, 0xfd, 0x0, 0x0, 0x0, 0xf, 0xfe, 0x4,
    0xff, 0x70, 0x0, 0x0, 0x0, 0xaf, 0xf4, 0xaf,
    0xf1, 0x0, 0x0, 0x0, 0x4, 0xff, 0xae, 0xfc,
    0x0, 0x0, 0x0, 0x0, 0xe, 0xff, 0xff, 0x60,
    0x0, 0x0, 0x0, 0x0, 0x8f, 0xff, 0xf1, 0x0,
    0x0, 0x0, 0x0, 0x3, 0xff, 0xfa, 0x0, 0x0,
    0x0, 0x0, 0x0, 0x5, 0xff, 0x50, 0x0, 0x0,
    0x0, 0x6, 0x67, 0xff, 0xe0, 0x8a, 0xa0, 0x0,
    0x1, 0xff, 0xff, 0xf7, 0xc, 0xff, 0x0, 0x0,
    0x1f, 0xff, 0xd6, 0x0, 0xcf, 0xf0, 0x0,

    /* U+1EF6 "Ỷ" */
    0x0, 0x0, 0x0, 0x8, 0xba, 0x70, 0x0, 0x0,
    0x0, 0x0, 0x0, 0x0, 0xe, 0xff, 0xf7, 0x0,
    0x0, 0x0, 0x0, 0x0, 0x0, 0x1, 0x9, 0xf9,
    0x0, 0x0, 0x0, 0x0, 0x0, 0x0, 0x0, 0xb,
    0xf4, 0x0, 0x0, 0x0, 0x0, 0x0, 0x0, 0x0,
    0x49, 0x50, 0x0, 0x0, 0x0, 0x0, 0x0, 0x0,
    0x0, 0x0, 0x0, 0x0, 0x0, 0x0, 0xd, 0xff,
    0x90, 0x0, 0x0, 0x0, 0x0, 0xef, 0xf8, 0x4,
    0xff, 0xf2, 0x0, 0x0, 0x0, 0x7, 0xff, 0xe0,
    0x0, 0xbf, 0xfb, 0x0, 0x0, 0x0, 0x1f, 0xff,
    0x50, 0x0, 0x2f, 0xff, 0x40, 0x0, 0x0, 0x9f,
    0xfc, 0x0, 0x0, 0x8, 0xff, 0xd0, 0x0, 0x3,
    0xff, 0xf3, 0x0, 0x0, 0x0, 0xef, 0xf6, 0x0,
    0xc, 0xff, 0x90, 0x0, 0x0, 0x0, 0x6f, 0xfe,
    0x0, 0x5f, 0xff, 0x10, 0x0, 0x0, 0x0, 0xc,
    0xff, 0x80, 0xdf, 0xf7, 0x0, 0x0, 0x0, 0x0,
    0x3, 0xff, 0xf8, 0xff, 0xd0, 0x0, 0x0, 0x0,
    0x0, 0x0, 0xaf, 0xff, 0xff, 0x40, 0x0, 0x0,
    0x0, 0x0, 0x0, 0x1f, 0xff, 0xfa, 0x0, 0x0,
    0x0, 0x0, 0x0, 0x0, 0x7, 0xff, 0xf2, 0x0,
    0x0, 0x0, 0x0, 0x0, 0x0, 0x3, 0xff, 0xd0,
    0x0, 0x0, 0x0, 0x0, 0x0, 0x0, 0x3, 0xff,
    0xd0, 0x0, 0x0, 0x0, 0x0, 0x0, 0x0, 0x3,
    0xff, 0xd0, 0x0, 0x0, 0x0, 0x0, 0x0, 0x0,
    0x3, 0xff, 0xd0, 0x0, 0x0, 0x0, 0x0, 0x0,
    0x0, 0x3, 0xff, 0xd0, 0x0, 0x0, 0x0, 0x0,
    0x0, 0x0, 0x3, 0xff, 0xd0, 0x0, 0x0, 0x0,
    0x0, 0x0, 0x0, 0x3, 0xff, 0xd0, 0x0, 0x0,
    0x0, 0x0, 0x0, 0x0, 0x3, 0xff, 0xd0, 0x0,
    0x0, 0x0,

    /* U+1EF7 "ỷ" */
    0x0, 0x0, 0x6, 0xff, 0xd5, 0x0, 0x0, 0x0,
    0x0, 0x0, 0x6c, 0xdf, 0xf0, 0x0, 0x0, 0x0,
    0x0, 0x0, 0x1, 0xff, 0x0, 0x0, 0x0, 0x0,
    0x0, 0x0, 0x6f, 0x90, 0x0, 0x0, 0x0, 0x0,
    0x0, 0x8, 0x70, 0x0, 0x0, 0x0, 0x0, 0x0,
    0x0, 0x0, 0x0, 0x0, 0x0, 0x3f, 0xfe, 0x0,
    0x0, 0x0, 0x6, 0xff, 0xb0, 0xdf, 0xf4, 0x0,
    0x0, 0x0, 0xbf, 0xf5, 0x7, 0xff, 0x90, 0x0,
    0x0, 0x1f, 0xff, 0x0, 0x2f, 0xfe, 0x0, 0x0,
    0x6, 0xff, 0xa0, 0x0, 0xcf, 0xf4, 0x0, 0x0,
    0xbf, 0xf4, 0x0, 0x6, 0xff, 0x90, 0x0, 0xf,
    0xfe, 0x0, 0x0, 0x1f, 0xfe, 0x0, 0x5, 0xff,
    0x80, 0x0, 0x0, 0xbf, 0xf4, 0x0, 0xaf, 0xf3,
    0x0, 0x0, 0x5, 0xff, 0x90, 0xf, 0xfd, 0x0,
    0x0, 0x0, 0xf, 0xfe, 0x4, 0xff, 0x70, 0x0,
    0x0, 0x0, 0xaf, 0xf4, 0xaf, 0xf1, 0x0, 0x0,
    0x0, 0x4, 0xff, 0xae, 0xfc, 0x0, 0x0, 0x0,
    0x0, 0xe, 0xff, 0xff, 0x60, 0x0, 0x0, 0x0,
    0x0, 0x8f, 0xff, 0xf1, 0x0, 0x0, 0x0, 0x0,
    0x3, 0xff, 0xfa, 0x0, 0x0, 0x0, 0x0, 0x0,
    0x5, 0xff, 0x50, 0x0, 0x0, 0x0, 0x6, 0x67,
    0xff, 0xe0, 0x0, 0x0, 0x0, 0x1, 0xff, 0xff,
    0xf7, 0x0, 0x0, 0x0, 0x0, 0x1f, 0xff, 0xd6,
    0x0, 0x0, 0x0, 0x0,

    /* U+1EF8 "Ỹ" */
    0x0, 0x0, 0x2, 0xcf, 0xd7, 0x0, 0xec, 0x0,
    0x0, 0x0, 0x0, 0xd, 0xfe, 0xff, 0xff, 0xf6,
    0x0, 0x0, 0x0, 0x0, 0x2f, 0x90, 0x2a, 0xee,
    0x80, 0x0, 0x0, 0x0, 0x0, 0x0, 0x0, 0x0,
    0x0, 0x0, 0x0, 0x0, 0x0, 0x0, 0x0, 0x0,
    0x0, 0x0, 0x0, 0x0, 0x0, 0xd, 0xff, 0x90,
    0x0, 0x0, 0x0, 0x0, 0xef, 0xf8, 0x4, 0xff,
    0xf2, 0x0, 0x0, 0x0, 0x7, 0xff, 0xe0, 0x0,
    0xbf, 0xfb, 0x0, 0x0, 0x0, 0x1f, 0xff, 0x50,
    0x0, 0x2f, 0xff, 0x40, 0x0, 0x0, 0x9f, 0xfc,
    0x0, 0x0, 0x8, 0xff, 0xd0, 0x0, 0x3, 0xff,
    0xf3, 0x0, 0x0, 0x0, 0xef, 0xf6, 0x0, 0xc,
    0xff, 0x90, 0x0, 0x0, 0x0, 0x6f, 0xfe, 0x0,
    0x5f, 0xff, 0x10, 0x0, 0x0, 0x0, 0xc, 0xff,
    0x80, 0xdf, 0xf7, 0x0, 0x0, 0x0, 0x0, 0x3,
    0xff, 0xf8, 0xff, 0xd0, 0x0, 0x0, 0x0, 0x0,
    0x0, 0xaf, 0xff, 0xff, 0x40, 0x0, 0x0, 0x0,
    0x0, 0x0, 0x1f, 0xff, 0xfa, 0x0, 0x0, 0x0,
    0x0, 0x0, 0x0, 0x7, 0xff, 0xf2, 0x0, 0x0,
    0x0, 0x0, 0x0, 0x0, 0x3, 0xff, 0xd0, 0x0,
    0x0, 0x0, 0x0, 0x0, 0x0, 0x3, 0xff, 0xd0,
    0x0, 0x0, 0x0, 0x0, 0x0, 0x0, 0x3, 0xff,
    0xd0, 0x0, 0x0, 0x0, 0x0, 0x0, 0x0, 0x3,
    0xff, 0xd0, 0x0, 0x0, 0x0, 0x0, 0x0, 0x0,
    0x3, 0xff, 0xd0, 0x0, 0x0, 0x0, 0x0, 0x0,
    0x0, 0x3, 0xff, 0xd0, 0x0, 0x0, 0x0, 0x0,
    0x0, 0x0, 0x3, 0xff, 0xd0, 0x0, 0x0, 0x0,
    0x0, 0x0, 0x0, 0x3, 0xff, 0xd0, 0x0, 0x0,
    0x0,

    /* U+1EF9 "ỹ" */
    0x0, 0x0, 0x0, 0x0, 0x0, 0x38, 0x20, 0x0,
    0x0, 0x8, 0xee, 0xa2, 0x9, 0xf1, 0x0, 0x0,
    0x6, 0xff, 0xef, 0xfe, 0xfc, 0x0, 0x0, 0x0,
    0xbf, 0x10, 0x7d, 0xfb, 0x10, 0x0, 0x0, 0x0,
    0x0, 0x0, 0x0, 0x0, 0x0, 0x0, 0x0, 0x0,
    0x0, 0x0, 0x0, 0x0, 0x0, 0x3f, 0xfe, 0x0,
    0x0, 0x0, 0x6, 0xff, 0xb0, 0xdf, 0xf4, 0x0,
    0x0, 0x0, 0xbf, 0xf5, 0x7, 0xff, 0x90, 0x0,
    0x0, 0x1f, 0xff, 0x0, 0x2f, 0xfe, 0x0, 0x0,
    0x6, 0xff, 0xa0, 0x0, 0xcf, 0xf4, 0x0, 0x0,
    0xbf, 0xf4, 0x0, 0x6, 0xff, 0x90, 0x0, 0xf,
    0xfe, 0x0, 0x0, 0x1f, 0xfe, 0x0, 0x5, 0xff,
    0x80, 0x0, 0x0, 0xbf, 0xf4, 0x0, 0xaf, 0xf3,
    0x0, 0x0, 0x5, 0xff, 0x90, 0xf, 0xfd, 0x0,
    0x0, 0x0, 0xf, 0xfe, 0x4, 0xff, 0x70, 0x0,
    0x0, 0x0, 0xaf, 0xf4, 0xaf, 0xf1, 0x0, 0x0,
    0x0, 0x4, 0xff, 0xae, 0xfc, 0x0, 0x0, 0x0,
    0x0, 0xe, 0xff, 0xff, 0x60, 0x0, 0x0, 0x0,
    0x0, 0x8f, 0xff, 0xf1, 0x0, 0x0, 0x0, 0x0,
    0x3, 0xff, 0xfa, 0x0, 0x0, 0x0, 0x0, 0x0,
    0x5, 0xff, 0x50, 0x0, 0x0, 0x0, 0x6, 0x67,
    0xff, 0xe0, 0x0, 0x0, 0x0, 0x1, 0xff, 0xff,
    0xf7, 0x0, 0x0, 0x0, 0x0, 0x1f, 0xff, 0xd6,
    0x0, 0x0, 0x0, 0x0,

    /* U+2013 "–" */
    0x78, 0x88, 0x88, 0x88, 0x88, 0x88, 0x88, 0x3d,
    0xff, 0xff, 0xff, 0xff, 0xff, 0xff, 0xf6, 0xdf,
    0xff, 0xff, 0xff, 0xff, 0xff, 0xff, 0x60,

    /* U+2014 "—" */
    0x78, 0x88, 0x88, 0x88, 0x88, 0x88, 0x88, 0x88,
    0x88, 0x88, 0x88, 0x82, 0xdf, 0xff, 0xff, 0xff,
    0xff, 0xff, 0xff, 0xff, 0xff, 0xff, 0xff, 0xf4,
    0xdf, 0xff, 0xff, 0xff, 0xff, 0xff, 0xff, 0xff,
    0xff, 0xff, 0xff, 0xf4,

    /* U+2015 "―" */
    0x0, 0x0, 0x0, 0x0, 0x0, 0x0, 0x0, 0x0,
    0x4f, 0xff, 0xff, 0xff, 0xff, 0xff, 0xff, 0xf1,
    0x4f, 0xff, 0xff, 0xff, 0xff, 0xff, 0xff, 0xf1,

    /* U+2016 "‖" */
    0x6f, 0xb0, 0xb, 0xf6, 0x6f, 0xb0, 0xb, 0xf6,
    0x6f, 0xb0, 0xb, 0xf6, 0x6f, 0xb0, 0xb, 0xf6,
    0x6f, 0xb0, 0xb, 0xf6, 0x6f, 0xb0, 0xb, 0xf6,
    0x6f, 0xb0, 0xb, 0xf6, 0x6f, 0xb0, 0xb, 0xf6,
    0x6f, 0xb0, 0xb, 0xf6, 0x6f, 0xb0, 0xb, 0xf6,
    0x6f, 0xb0, 0xb, 0xf6, 0x6f, 0xb0, 0xb, 0xf6,
    0x6f, 0xb0, 0xb, 0xf6, 0x6f, 0xb0, 0xb, 0xf6,
    0x6f, 0xb0, 0xb, 0xf6, 0x6f, 0xb0, 0xb, 0xf6,
    0x6f, 0xb0, 0xb, 0xf6, 0x6f, 0xb0, 0xb, 0xf6,
    0x6f, 0xb0, 0xb, 0xf6, 0x6f, 0xb0, 0xb, 0xf6,
    0x6f, 0xb0, 0xb, 0xf6, 0x6f, 0xb0, 0xb, 0xf6,
    0x38, 0x50, 0x5, 0x83,

    /* U+2017 "‗" */
    0x1, 0x11, 0x11, 0x11, 0x11, 0x11, 0x11, 0x10,
    0x2f, 0xff, 0xff, 0xff, 0xff, 0xff, 0xff, 0xf2,
    0x16, 0x66, 0x66, 0x66, 0x66, 0x66, 0x66, 0x61,
    0x2f, 0xff, 0xff, 0xff, 0xff, 0xff, 0xff, 0xf2,
    0x4, 0x44, 0x44, 0x44, 0x44, 0x44, 0x44, 0x40,

    /* U+2018 "‘" */
    0x2, 0xf8, 0x8, 0xf3, 0xe, 0xe0, 0x4f, 0x90,
    0x9f, 0xa6, 0xcf, 0xfe, 0xcf, 0xfe, 0xcf, 0xfe,

    /* U+2019 "’" */
    0xcf, 0xfd, 0xcf, 0xfd, 0xcf, 0xfd, 0x5a, 0xfa,
    0x8, 0xf5, 0xd, 0xf0, 0x2f, 0x90, 0x7f, 0x30,

    /* U+201A "‚" */
    0x67, 0x75, 0xdf, 0xfc, 0xdf, 0xfc, 0xdf, 0xfb,
    0x7, 0xf6, 0xd, 0xf1, 0x2f, 0xa0, 0x8f, 0x30,

    /* U+201B "‛" */
    0x3f, 0xf7, 0x3f, 0xf7, 0x2f, 0xe6, 0x2f, 0x30,
    0xe, 0x70, 0x6, 0xf5, 0x0, 0x42,

    /* U+201C "“" */
    0x2, 0xf8, 0x0, 0x1f, 0xa0, 0x8f, 0x30, 0x7,
    0xf5, 0xe, 0xe0, 0x0, 0xcf, 0x4, 0xf9, 0x0,
    0x2f, 0xb0, 0x9f, 0xa6, 0x8, 0xfb, 0x7c, 0xff,
    0xe0, 0xaf, 0xff, 0xcf, 0xfe, 0xa, 0xff, 0xfc,
    0xff, 0xe0, 0xaf, 0xff,

    /* U+201D "”" */
    0xcf, 0xfd, 0xa, 0xff, 0xfc, 0xff, 0xd0, 0xaf,
    0xff, 0xcf, 0xfd, 0xa, 0xff, 0xf5, 0xaf, 0xa0,
    0x59, 0xfc, 0x8, 0xf5, 0x0, 0x7f, 0x60, 0xdf,
    0x0, 0xc, 0xf1, 0x2f, 0x90, 0x1, 0xfb, 0x7,
    0xf3, 0x0, 0x5f, 0x50,

    /* U+201E "„" */
    0x67, 0x76, 0x5, 0x77, 0x6d, 0xff, 0xc0, 0xbf,
    0xfe, 0xdf, 0xfc, 0xb, 0xff, 0xed, 0xff, 0xb0,
    0xbf, 0xfd, 0x7, 0xf6, 0x0, 0x5f, 0x80, 0xdf,
    0x0, 0xb, 0xf2, 0x2f, 0x90, 0x1, 0xfb, 0x8,
    0xf3, 0x0, 0x6f, 0x50,

    /* U+201F "‟" */
    0xcf, 0xe0, 0x8f, 0xf2, 0xcf, 0xe0, 0x8f, 0xf2,
    0xbf, 0xc0, 0x7f, 0xe1, 0xba, 0x0, 0x7e, 0x0,
    0x7e, 0x0, 0x3f, 0x20, 0x1e, 0xb0, 0xb, 0xd1,
    0x1, 0x50, 0x0, 0x60,

    /* U+2020 "†" */
    0x0, 0x0, 0x3f, 0xf9, 0x0, 0x0, 0x0, 0x0,
    0x3f, 0xf9, 0x0, 0x0, 0x0, 0x0, 0x3f, 0xf9,
    0x0, 0x0, 0x0, 0x0, 0x3f, 0xf9, 0x0, 0x0,
    0x0, 0x0, 0x3f, 0xf9, 0x0, 0x0, 0x9f, 0xff,
    0xff, 0xff, 0xff, 0xff, 0x9f, 0xff, 0xff, 0xff,
    0xff, 0xff, 0x47, 0x77, 0xaf, 0xff, 0x77, 0x77,
    0x0, 0x0, 0x3f, 0xf9, 0x0, 0x0, 0x0, 0x0,
    0x3f, 0xf9, 0x0, 0x0, 0x0, 0x0, 0x3f, 0xf9,
    0x0, 0x0, 0x0, 0x0, 0x3f, 0xf9, 0x0, 0x0,
    0x0, 0x0, 0x3f, 0xf9, 0x0, 0x0, 0x0, 0x0,
    0x3f, 0xf9, 0x0, 0x0, 0x0, 0x0, 0x3f, 0xf9,
    0x0, 0x0, 0x0, 0x0, 0x3f, 0xf9, 0x0, 0x0,
    0x0, 0x0, 0x3f, 0xf9, 0x0, 0x0, 0x0, 0x0,
    0x3f, 0xf9, 0x0, 0x0, 0x0, 0x0, 0x3f, 0xf9,
    0x0, 0x0, 0x0, 0x0, 0x3f, 0xf9, 0x0, 0x0,

    /* U+2021 "‡" */
    0x0, 0x0, 0x3f, 0xf9, 0x0, 0x0, 0x0, 0x0,
    0x3f, 0xf9, 0x0, 0x0, 0x0, 0x0, 0x3f, 0xf9,
    0x0, 0x0, 0x0, 0x0, 0x3f, 0xf9, 0x0, 0x0,
    0x0, 0x0, 0x3f, 0xf9, 0x0, 0x0, 0x9f, 0xff,
    0xff, 0xff, 0xff, 0xff, 0x9f, 0xff, 0xff, 0xff,
    0xff, 0xff, 0x47, 0x77, 0xaf, 0xff, 0x77, 0x77,
    0x0, 0x0, 0x3f, 0xf9, 0x0, 0x0, 0x0, 0x0,
    0x3f, 0xf9, 0x0, 0x0, 0x0, 0x0, 0x3f, 0xf9,
    0x0, 0x0, 0x0, 0x0, 0x3f, 0xf9, 0x0, 0x0,
    0x0, 0x0, 0x3f, 0xf9, 0x0, 0x0, 0x9f, 0xff,
    0xff, 0xff, 0xff, 0xff, 0x9f, 0xff, 0xff, 0xff,
    0xff, 0xff, 0x47, 0x77, 0xaf, 0xff, 0x77, 0x77,
    0x0, 0x0, 0x3f, 0xf9, 0x0, 0x0, 0x0, 0x0,
    0x3f, 0xf9, 0x0, 0x0, 0x0, 0x0, 0x3f, 0xf9,
    0x0, 0x0, 0x0, 0x0, 0x3f, 0xf9, 0x0, 0x0,

    /* U+2022 "•" */
    0x0, 0x69, 0x71, 0x0, 0x1e, 0xff, 0xff, 0x30,
    0x9f, 0xff, 0xff, 0xc0, 0xcf, 0xff, 0xff, 0xf0,
    0xbf, 0xff, 0xff, 0xe0, 0x4f, 0xff, 0xff, 0x80,
    0x5, 0xdf, 0xe7, 0x0,

    /* U+2023 "‣" */
    0x0, 0x0, 0x0, 0x0, 0x8a, 0x10, 0x0, 0x0,
    0x8f, 0xf8, 0x0, 0x0, 0x8f, 0xff, 0xe5, 0x0,
    0x8f, 0xff, 0xff, 0xc3, 0x8f, 0xff, 0xff, 0xe5,
    0x8f, 0xff, 0xf8, 0x0, 0x8f, 0xfa, 0x10, 0x0,
    0x8c, 0x30, 0x0, 0x0, 0x20, 0x0, 0x0, 0x0,

    /* U+2024 "․" */
    0x6d, 0xd3, 0x8f, 0xf4, 0x8f, 0xf4,

    /* U+2025 "‥" */
    0x6d, 0xd3, 0x0, 0x0, 0x9d, 0xd1, 0x8f, 0xf4,
    0x0, 0x0, 0xbf, 0xf1, 0x8f, 0xf4, 0x0, 0x0,
    0xbf, 0xf1,

    /* U+2026 "…" */
    0x67, 0x75, 0x1, 0x77, 0x72, 0x4, 0x77, 0x7d,
    0xff, 0xc0, 0x3f, 0xff, 0x60, 0xaf, 0xff, 0xdf,
    0xfc, 0x3, 0xff, 0xf6, 0xa, 0xff, 0xfd, 0xff,
    0xc0, 0x3f, 0xff, 0x60, 0xaf, 0xff,

    /* U+203A "›" */
    0x0, 0x0, 0x0, 0x0, 0x5f, 0xfe, 0x20, 0x0,
    0x7, 0xff, 0xe1, 0x0, 0x0, 0xaf, 0xfc, 0x0,
    0x0, 0xb, 0xff, 0xb0, 0x0, 0x0, 0xdf, 0xf7,
    0x0, 0x0, 0x3f, 0xf9, 0x0, 0x1, 0xdf, 0xf7,
    0x0, 0xc, 0xff, 0xa0, 0x0, 0xaf, 0xfc, 0x0,
    0x8, 0xff, 0xd1, 0x0, 0x6f, 0xfe, 0x20, 0x0,

    /* U+2713 "✓" */
    0x0, 0x0, 0x0, 0x0, 0x0, 0x0, 0x0, 0x0,
    0x27, 0x9b, 0x10, 0x0, 0x0, 0x0, 0x0, 0x0,
    0x0, 0x0, 0x4f, 0xff, 0x50, 0x0, 0x0, 0x0,
    0x0, 0x0, 0x0, 0x0, 0x3f, 0xff, 0x50, 0x0,
    0x0, 0x0, 0x0, 0x0, 0x0, 0x0, 0x1e, 0xff,
    0x70, 0x0, 0x0, 0x0, 0x0, 0x0, 0x0, 0x0,
    0xb, 0xff, 0xa0, 0x0, 0x0, 0x0, 0x0, 0x0,
    0x0, 0x0, 0x7, 0xff, 0xd0, 0x0, 0x0, 0x0,
    0x0, 0x0, 0x0, 0x0, 0x2, 0xff, 0xf2, 0x0,
    0x0, 0x0, 0x0, 0x0, 0x0, 0x0, 0x0, 0xcf,
    0xf7, 0x0, 0x0, 0x0, 0x0, 0x0, 0x0, 0x0,
    0x0, 0x6f, 0xfc, 0x0, 0x0, 0x0, 0x0, 0x0,
    0x0, 0x0, 0x0, 0x1e, 0xff, 0x30, 0x0, 0x0,
    0x0, 0x0, 0x0, 0x0, 0x0, 0x9, 0xff, 0xa0,
    0x0, 0x0, 0x0, 0x0, 0x0, 0x0, 0x0, 0x2,
    0xff, 0xf1, 0x0, 0x0, 0x0, 0x0, 0x0, 0x41,
    0x0, 0x0, 0xaf, 0xf7, 0x0, 0x0, 0x0, 0x0,
    0x2, 0xdf, 0xf6, 0x0, 0x2f, 0xfe, 0x0, 0x0,
    0x0, 0x0, 0x0, 0x6f, 0xff, 0xf6, 0xa, 0xff,
    0x80, 0x0, 0x0, 0x0, 0x0, 0x0, 0xbf, 0xff,
    0xf3, 0xff, 0xf1, 0x0, 0x0, 0x0, 0x0, 0x0,
    0x0, 0xdf, 0xff, 0xff, 0xf9, 0x0, 0x0, 0x0,
    0x0, 0x0, 0x0, 0x2, 0xff, 0xff, 0xff, 0x20,
    0x0, 0x0, 0x0, 0x0, 0x0, 0x0, 0x6, 0xff,
    0xff, 0xa0, 0x0, 0x0, 0x0, 0x0, 0x0, 0x0,
    0x0, 0xa, 0xff, 0xf3, 0x0, 0x0, 0x0, 0x0,
    0x0, 0x0, 0x0, 0x0, 0x3, 0x41, 0x0, 0x0,
    0x0, 0x0, 0x0, 0x0, 0x0,

    /* U+2717 "✗" */
    0x0, 0x0, 0x7b, 0x10, 0x0, 0x0, 0x0, 0x20,
    0x0, 0x0, 0xdf, 0xd0, 0x0, 0x0, 0xa, 0xf8,
    0x0, 0x0, 0xaf, 0xf8, 0x0, 0x0, 0x9f, 0xf7,
    0x0, 0x0, 0x6f, 0xff, 0x10, 0x9, 0xff, 0x80,
    0x0, 0x0, 0x2f, 0xff, 0x80, 0x8f, 0xfc, 0x0,
    0x0, 0x0, 0xe, 0xff, 0xf9, 0xff, 0xf2, 0x0,
    0x0, 0x0, 0xa, 0xff, 0xff, 0xff, 0x70, 0x0,
    0x0, 0x0, 0x6, 0xff, 0xff, 0xfd, 0x0, 0x0,
    0x0, 0x0, 0x2, 0xff, 0xff, 0xf3, 0x0, 0x0,
    0x0, 0x0, 0x1, 0xff, 0xff, 0x90, 0x0, 0x0,
    0x0, 0x0, 0xc, 0xff, 0xff, 0x60, 0x0, 0x0,
    0x0, 0x0, 0xaf, 0xff, 0xff, 0x80, 0x0, 0x0,
    0x0, 0x7, 0xff, 0xff, 0xff, 0xd0, 0x0, 0x0,
    0x0, 0x5f, 0xff, 0xfe, 0xff, 0xf3, 0x0, 0x0,
    0x3, 0xff, 0xff, 0x64, 0xff, 0xfa, 0x0, 0x0,
    0x2e, 0xff, 0xf6, 0x0, 0xaf, 0xff, 0x30, 0x0,
    0xcf, 0xff, 0x60, 0x0, 0x1d, 0xff, 0xd0, 0x0,
    0xbf, 0xf8, 0x0, 0x0, 0x0, 0xaf, 0xc0, 0x0,
    0x1e, 0x90, 0x0, 0x0, 0x0, 0x7, 0x0, 0x0,
    0x3, 0x0, 0x0, 0x0, 0x0, 0x0, 0x0, 0x0
};


/*---------------------
 *  GLYPH DESCRIPTION
 *--------------------*/

static const lv_font_fmt_txt_glyph_dsc_t glyph_dsc[] = {
    {.bitmap_index = 0, .adv_w = 0, .box_w = 0, .box_h = 0, .ofs_x = 0, .ofs_y = 0} /* id = 0 reserved */,
    {.bitmap_index = 0, .adv_w = 109, .box_w = 0, .box_h = 0, .ofs_x = 0, .ofs_y = 0},
    {.bitmap_index = 0, .adv_w = 102, .box_w = 5, .box_h = 20, .ofs_x = 1, .ofs_y = 0},
    {.bitmap_index = 50, .adv_w = 162, .box_w = 8, .box_h = 8, .ofs_x = 1, .ofs_y = 12},
    {.bitmap_index = 82, .adv_w = 231, .box_w = 16, .box_h = 20, .ofs_x = -1, .ofs_y = 0},
    {.bitmap_index = 242, .adv_w = 288, .box_w = 16, .box_h = 25, .ofs_x = 1, .ofs_y = -2},
    {.bitmap_index = 442, .adv_w = 363, .box_w = 21, .box_h = 20, .ofs_x = 1, .ofs_y = 0},
    {.bitmap_index = 652, .adv_w = 291, .box_w = 17, .box_h = 20, .ofs_x = 1, .ofs_y = 0},
    {.bitmap_index = 822, .adv_w = 83, .box_w = 3, .box_h = 8, .ofs_x = 1, .ofs_y = 12},
    {.bitmap_index = 834, .adv_w = 130, .box_w = 7, .box_h = 24, .ofs_x = 1, .ofs_y = -3},
    {.bitmap_index = 918, .adv_w = 130, .box_w = 7, .box_h = 24, .ofs_x = 0, .ofs_y = -3},
    {.bitmap_index = 1002, .adv_w = 191, .box_w = 10, .box_h = 10, .ofs_x = 1, .ofs_y = 10},
    {.bitmap_index = 1052, .adv_w = 252, .box_w = 14, .box_h = 14, .ofs_x = 1, .ofs_y = 1},
    {.bitmap_index = 1150, .adv_w = 95, .box_w = 4, .box_h = 8, .ofs_x = 1, .ofs_y = -4},
    {.bitmap_index = 1166, .adv_w = 187, .box_w = 10, .box_h = 3, .ofs_x = 1, .ofs_y = 7},
    {.bitmap_index = 1181, .adv_w = 95, .box_w = 4, .box_h = 4, .ofs_x = 1, .ofs_y = 0},
    {.bitmap_index = 1189, .adv_w = 221, .box_w = 12, .box_h = 24, .ofs_x = 1, .ofs_y = -3},
    {.bitmap_index = 1333, .adv_w = 302, .box_w = 17, .box_h = 20, .ofs_x = 1, .ofs_y = 0},
    {.bitmap_index = 1503, .adv_w = 182, .box_w = 8, .box_h = 20, .ofs_x = 1, .ofs_y = 0},
    {.bitmap_index = 1583, .adv_w = 282, .box_w = 15, .box_h = 20, .ofs_x = 1, .ofs_y = 0},
    {.bitmap_index = 1733, .adv_w = 280, .box_w = 16, .box_h = 20, .ofs_x = 1, .ofs_y = 0},
    {.bitmap_index = 1893, .adv_w = 282, .box_w = 17, .box_h = 20, .ofs_x = 0, .ofs_y = 0},
    {.bitmap_index = 2063, .adv_w = 287, .box_w = 16, .box_h = 20, .ofs_x = 1, .ofs_y = 0},
    {.bitmap_index = 2223, .adv_w = 271, .box_w = 15, .box_h = 20, .ofs_x = 1, .ofs_y = 0},
    {.bitmap_index = 2373, .adv_w = 238, .box_w = 15, .box_h = 20, .ofs_x = 0, .ofs_y = 0},
    {.bitmap_index = 2523, .adv_w = 280, .box_w = 16, .box_h = 20, .ofs_x = 1, .ofs_y = 0},
    {.bitmap_index = 2683, .adv_w = 271, .box_w = 15, .box_h = 20, .ofs_x = 1, .ofs_y = 0},
    {.bitmap_index = 2833, .adv_w = 135, .box_w = 5, .box_h = 14, .ofs_x = 2, .ofs_y = 0},
    {.bitmap_index = 2868, .adv_w = 135, .box_w = 5, .box_h = 19, .ofs_x = 2, .ofs_y = -4},
    {.bitmap_index = 2916, .adv_w = 245, .box_w = 13, .box_h = 16, .ofs_x = 1, .ofs_y = 0},
    {.bitmap_index = 3020, .adv_w = 244, .box_w = 14, .box_h = 9, .ofs_x = 1, .ofs_y = 4},
    {.bitmap_index = 3083, .adv_w = 245, .box_w = 14, .box_h = 16, .ofs_x = 1, .ofs_y = 0},
    {.bitmap_index = 3195, .adv_w = 255, .box_w = 14, .box_h = 20, .ofs_x = 1, .ofs_y = 0},
    {.bitmap_index = 3335, .adv_w = 414, .box_w = 24, .box_h = 23, .ofs_x = 1, .ofs_y = -3},
    {.bitmap_index = 3611, .adv_w = 309, .box_w = 19, .box_h = 20, .ofs_x = 0, .ofs_y = 0},
    {.bitmap_index = 3801, .adv_w = 308, .box_w = 16, .box_h = 20, .ofs_x = 2, .ofs_y = 0},
    {.bitmap_index = 3961, .adv_w = 319, .box_w = 18, .box_h = 20, .ofs_x = 1, .ofs_y = 0},
    {.bitmap_index = 4141, .adv_w = 314, .box_w = 17, .box_h = 20, .ofs_x = 2, .ofs_y = 0},
    {.bitmap_index = 4311, .adv_w = 273, .box_w = 14, .box_h = 20, .ofs_x = 2, .ofs_y = 0},
    {.bitmap_index = 4451, .adv_w = 267, .box_w = 14, .box_h = 20, .ofs_x = 2, .ofs_y = 0},
    {.bitmap_index = 4591, .adv_w = 319, .box_w = 18, .box_h = 20, .ofs_x = 1, .ofs_y = 0},
    {.bitmap_index = 4771, .adv_w = 321, .box_w = 16, .box_h = 20, .ofs_x = 2, .ofs_y = 0},
    {.bitmap_index = 4931, .adv_w = 125, .box_w = 4, .box_h = 20, .ofs_x = 2, .ofs_y = 0},
    {.bitmap_index = 4971, .adv_w = 272, .box_w = 15, .box_h = 20, .ofs_x = 1, .ofs_y = 0},
    {.bitmap_index = 5121, .adv_w = 294, .box_w = 16, .box_h = 20, .ofs_x = 2, .ofs_y = 0},
    {.bitmap_index = 5281, .adv_w = 261, .box_w = 14, .box_h = 20, .ofs_x = 2, .ofs_y = 0},
    {.bitmap_index = 5421, .adv_w = 399, .box_w = 21, .box_h = 20, .ofs_x = 2, .ofs_y = 0},
    {.bitmap_index = 5631, .adv_w = 334, .box_w = 17, .box_h = 20, .ofs_x = 2, .ofs_y = 0},
    {.bitmap_index = 5801, .adv_w = 336, .box_w = 19, .box_h = 20, .ofs_x = 1, .ofs_y = 0},
    {.bitmap_index = 5991, .adv_w = 294, .box_w = 16, .box_h = 20, .ofs_x = 2, .ofs_y = 0},
    {.bitmap_index = 6151, .adv_w = 334, .box_w = 19, .box_h = 22, .ofs_x = 1, .ofs_y = -2},
    {.bitmap_index = 6360, .adv_w = 305, .box_w = 16, .box_h = 20, .ofs_x = 2, .ofs_y = 0},
    {.bitmap_index = 6520, .adv_w = 293, .box_w = 16, .box_h = 20, .ofs_x = 1, .ofs_y = 0},
    {.bitmap_index = 6680, .adv_w = 254, .box_w = 16, .box_h = 20, .ofs_x = 0, .ofs_y = 0},
    {.bitmap_index = 6840, .adv_w = 311, .box_w = 17, .box_h = 20, .ofs_x = 1, .ofs_y = 0},
    {.bitmap_index = 7010, .adv_w = 308, .box_w = 19, .box_h = 20, .ofs_x = 0, .ofs_y = 0},
    {.bitmap_index = 7200, .adv_w = 434, .box_w = 26, .box_h = 20, .ofs_x = 1, .ofs_y = 0},
    {.bitmap_index = 7460, .adv_w = 284, .box_w = 18, .box_h = 20, .ofs_x = 0, .ofs_y = 0},
    {.bitmap_index = 7640, .adv_w = 266, .box_w = 18, .box_h = 20, .ofs_x = -1, .ofs_y = 0},
    {.bitmap_index = 7820, .adv_w = 251, .box_w = 15, .box_h = 20, .ofs_x = 0, .ofs_y = 0},
    {.bitmap_index = 7970, .adv_w = 162, .box_w = 8, .box_h = 24, .ofs_x = 2, .ofs_y = -3},
    {.bitmap_index = 8066, .adv_w = 211, .box_w = 12, .box_h = 24, .ofs_x = 1, .ofs_y = -3},
    {.bitmap_index = 8210, .adv_w = 162, .box_w = 8, .box_h = 24, .ofs_x = 0, .ofs_y = -3},
    {.bitmap_index = 8306, .adv_w = 196, .box_w = 11, .box_h = 8, .ofs_x = 1, .ofs_y = 11},
    {.bitmap_index = 8350, .adv_w = 250, .box_w = 14, .box_h = 3, .ofs_x = 1, .ofs_y = -3},
    {.bitmap_index = 8371, .adv_w = 116, .box_w = 6, .box_h = 4, .ofs_x = 1, .ofs_y = 16},
    {.bitmap_index = 8383, .adv_w = 253, .box_w = 15, .box_h = 15, .ofs_x = 1, .ofs_y = 0},
    {.bitmap_index = 8496, .adv_w = 272, .box_w = 14, .box_h = 20, .ofs_x = 2, .ofs_y = 0},
    {.bitmap_index = 8636, .adv_w = 252, .box_w = 14, .box_h = 15, .ofs_x = 1, .ofs_y = 0},
    {.bitmap_index = 8741, .adv_w = 272, .box_w = 14, .box_h = 20, .ofs_x = 1, .ofs_y = 0},
    {.bitmap_index = 8881, .adv_w = 258, .box_w = 14, .box_h = 15, .ofs_x = 1, .ofs_y = 0},
    {.bitmap_index = 8986, .adv_w = 185, .box_w = 10, .box_h = 20, .ofs_x = 1, .ofs_y = 0},
    {.bitmap_index = 9086, .adv_w = 272, .box_w = 14, .box_h = 19, .ofs_x = 1, .ofs_y = -4},
    {.bitmap_index = 9219, .adv_w = 265, .box_w = 13, .box_h = 20, .ofs_x = 2, .ofs_y = 0},
    {.bitmap_index = 9349, .adv_w = 115, .box_w = 4, .box_h = 20, .ofs_x = 2, .ofs_y = 0},
    {.bitmap_index = 9389, .adv_w = 127, .box_w = 7, .box_h = 24, .ofs_x = -1, .ofs_y = -4},
    {.bitmap_index = 9473, .adv_w = 273, .box_w = 14, .box_h = 20, .ofs_x = 2, .ofs_y = 0},
    {.bitmap_index = 9613, .adv_w = 126, .box_w = 6, .box_h = 20, .ofs_x = 2, .ofs_y = 0},
    {.bitmap_index = 9673, .adv_w = 396, .box_w = 21, .box_h = 15, .ofs_x = 2, .ofs_y = 0},
    {.bitmap_index = 9831, .adv_w = 265, .box_w = 13, .box_h = 15, .ofs_x = 2, .ofs_y = 0},
    {.bitmap_index = 9929, .adv_w = 263, .box_w = 15, .box_h = 15, .ofs_x = 1, .ofs_y = 0},
    {.bitmap_index = 10042, .adv_w = 272, .box_w = 14, .box_h = 19, .ofs_x = 2, .ofs_y = -4},
    {.bitmap_index = 10175, .adv_w = 272, .box_w = 14, .box_h = 19, .ofs_x = 1, .ofs_y = -4},
    {.bitmap_index = 10308, .adv_w = 177, .box_w = 8, .box_h = 15, .ofs_x = 2, .ofs_y = 0},
    {.bitmap_index = 10368, .adv_w = 241, .box_w = 13, .box_h = 15, .ofs_x = 1, .ofs_y = 0},
    {.bitmap_index = 10466, .adv_w = 184, .box_w = 10, .box_h = 18, .ofs_x = 1, .ofs_y = 0},
    {.bitmap_index = 10556, .adv_w = 263, .box_w = 13, .box_h = 15, .ofs_x = 2, .ofs_y = 0},
    {.bitmap_index = 10654, .adv_w = 251, .box_w = 16, .box_h = 15, .ofs_x = 0, .ofs_y = 0},
    {.bitmap_index = 10774, .adv_w = 371, .box_w = 23, .box_h = 15, .ofs_x = 0, .ofs_y = 0},
    {.bitmap_index = 10947, .adv_w = 272, .box_w = 15, .box_h = 15, .ofs_x = 1, .ofs_y = 0},
    {.bitmap_index = 11060, .adv_w = 248, .box_w = 15, .box_h = 19, .ofs_x = 0, .ofs_y = -4},
    {.bitmap_index = 11203, .adv_w = 247, .box_w = 14, .box_h = 15, .ofs_x = 1, .ofs_y = 0},
    {.bitmap_index = 11308, .adv_w = 177, .box_w = 10, .box_h = 24, .ofs_x = 1, .ofs_y = -3},
    {.bitmap_index = 11428, .adv_w = 123, .box_w = 4, .box_h = 24, .ofs_x = 2, .ofs_y = -3},
    {.bitmap_index = 11476, .adv_w = 177, .box_w = 10, .box_h = 24, .ofs_x = 0, .ofs_y = -3},
    {.bitmap_index = 11596, .adv_w = 234, .box_w = 13, .box_h = 6, .ofs_x = 1, .ofs_y = 7},
    {.bitmap_index = 11635, .adv_w = 109, .box_w = 0, .box_h = 0, .ofs_x = 0, .ofs_y = 0},
    {.bitmap_index = 11635, .adv_w = 102, .box_w = 5, .box_h = 19, .ofs_x = 1, .ofs_y = -4},
    {.bitmap_index = 11683, .adv_w = 252, .box_w = 14, .box_h = 20, .ofs_x = 1, .ofs_y = 0},
    {.bitmap_index = 11823, .adv_w = 279, .box_w = 16, .box_h = 20, .ofs_x = 1, .ofs_y = 0},
    {.bitmap_index = 11983, .adv_w = 281, .box_w = 16, .box_h = 16, .ofs_x = 1, .ofs_y = 2},
    {.bitmap_index = 12111, .adv_w = 266, .box_w = 18, .box_h = 20, .ofs_x = -1, .ofs_y = 0},
    {.bitmap_index = 12291, .adv_w = 123, .box_w = 4, .box_h = 24, .ofs_x = 2, .ofs_y = -3},
    {.bitmap_index = 12339, .adv_w = 254, .box_w = 14, .box_h = 22, .ofs_x = 1, .ofs_y = -2},
    {.bitmap_index = 12493, .adv_w = 169, .box_w = 9, .box_h = 3, .ofs_x = 1, .ofs_y = 17},
    {.bitmap_index = 12507, .adv_w = 370, .box_w = 21, .box_h = 21, .ofs_x = 1, .ofs_y = 0},
    {.bitmap_index = 12728, .adv_w = 184, .box_w = 10, .box_h = 10, .ofs_x = 1, .ofs_y = 10},
    {.bitmap_index = 12778, .adv_w = 255, .box_w = 14, .box_h = 12, .ofs_x = 1, .ofs_y = 2},
    {.bitmap_index = 12862, .adv_w = 226, .box_w = 12, .box_h = 8, .ofs_x = 1, .ofs_y = 2},
    {.bitmap_index = 12910, .adv_w = 149, .box_w = 9, .box_h = 3, .ofs_x = 0, .ofs_y = 6},
    {.bitmap_index = 12924, .adv_w = 287, .box_w = 16, .box_h = 15, .ofs_x = 1, .ofs_y = 5},
    {.bitmap_index = 13044, .adv_w = 162, .box_w = 8, .box_h = 3, .ofs_x = 1, .ofs_y = 17},
    {.bitmap_index = 13056, .adv_w = 185, .box_w = 10, .box_h = 9, .ofs_x = 1, .ofs_y = 11},
    {.bitmap_index = 13101, .adv_w = 243, .box_w = 14, .box_h = 16, .ofs_x = 1, .ofs_y = 0},
    {.bitmap_index = 13213, .adv_w = 159, .box_w = 8, .box_h = 11, .ofs_x = 1, .ofs_y = 9},
    {.bitmap_index = 13257, .adv_w = 154, .box_w = 9, .box_h = 11, .ofs_x = 0, .ofs_y = 9},
    {.bitmap_index = 13307, .adv_w = 116, .box_w = 6, .box_h = 4, .ofs_x = 1, .ofs_y = 16},
    {.bitmap_index = 13319, .adv_w = 263, .box_w = 13, .box_h = 19, .ofs_x = 2, .ofs_y = -4},
    {.bitmap_index = 13443, .adv_w = 277, .box_w = 14, .box_h = 20, .ofs_x = 1, .ofs_y = 0},
    {.bitmap_index = 13583, .adv_w = 95, .box_w = 4, .box_h = 4, .ofs_x = 1, .ofs_y = 7},
    {.bitmap_index = 13591, .adv_w = 144, .box_w = 7, .box_h = 7, .ofs_x = 1, .ofs_y = -6},
    {.bitmap_index = 13616, .adv_w = 114, .box_w = 6, .box_h = 11, .ofs_x = 0, .ofs_y = 9},
    {.bitmap_index = 13649, .adv_w = 192, .box_w = 10, .box_h = 10, .ofs_x = 1, .ofs_y = 10},
    {.bitmap_index = 13699, .adv_w = 258, .box_w = 14, .box_h = 12, .ofs_x = 1, .ofs_y = 2},
    {.bitmap_index = 13783, .adv_w = 336, .box_w = 21, .box_h = 20, .ofs_x = 0, .ofs_y = 0},
    {.bitmap_index = 13993, .adv_w = 365, .box_w = 22, .box_h = 20, .ofs_x = 0, .ofs_y = 0},
    {.bitmap_index = 14213, .adv_w = 360, .box_w = 22, .box_h = 20, .ofs_x = 0, .ofs_y = 0},
    {.bitmap_index = 14433, .adv_w = 255, .box_w = 14, .box_h = 20, .ofs_x = 1, .ofs_y = -4},
    {.bitmap_index = 14573, .adv_w = 309, .box_w = 19, .box_h = 25, .ofs_x = 0, .ofs_y = 0},
    {.bitmap_index = 14811, .adv_w = 309, .box_w = 19, .box_h = 25, .ofs_x = 0, .ofs_y = 0},
    {.bitmap_index = 15049, .adv_w = 309, .box_w = 19, .box_h = 25, .ofs_x = 0, .ofs_y = 0},
    {.bitmap_index = 15287, .adv_w = 309, .box_w = 19, .box_h = 25, .ofs_x = 0, .ofs_y = 0},
    {.bitmap_index = 15525, .adv_w = 309, .box_w = 19, .box_h = 25, .ofs_x = 0, .ofs_y = 0},
    {.bitmap_index = 15763, .adv_w = 310, .box_w = 19, .box_h = 26, .ofs_x = 0, .ofs_y = 0},
    {.bitmap_index = 16010, .adv_w = 446, .box_w = 27, .box_h = 20, .ofs_x = 0, .ofs_y = 0},
    {.bitmap_index = 16280, .adv_w = 319, .box_w = 18, .box_h = 26, .ofs_x = 1, .ofs_y = -6},
    {.bitmap_index = 16514, .adv_w = 273, .box_w = 14, .box_h = 25, .ofs_x = 2, .ofs_y = 0},
    {.bitmap_index = 16689, .adv_w = 273, .box_w = 14, .box_h = 25, .ofs_x = 2, .ofs_y = 0},
    {.bitmap_index = 16864, .adv_w = 273, .box_w = 14, .box_h = 25, .ofs_x = 2, .ofs_y = 0},
    {.bitmap_index = 17039, .adv_w = 273, .box_w = 14, .box_h = 25, .ofs_x = 2, .ofs_y = 0},
    {.bitmap_index = 17214, .adv_w = 125, .box_w = 6, .box_h = 25, .ofs_x = 0, .ofs_y = 0},
    {.bitmap_index = 17289, .adv_w = 125, .box_w = 6, .box_h = 25, .ofs_x = 2, .ofs_y = 0},
    {.bitmap_index = 17364, .adv_w = 125, .box_w = 10, .box_h = 25, .ofs_x = -1, .ofs_y = 0},
    {.bitmap_index = 17489, .adv_w = 125, .box_w = 10, .box_h = 25, .ofs_x = -1, .ofs_y = 0},
    {.bitmap_index = 17614, .adv_w = 314, .box_w = 19, .box_h = 20, .ofs_x = 0, .ofs_y = 0},
    {.bitmap_index = 17804, .adv_w = 334, .box_w = 17, .box_h = 25, .ofs_x = 2, .ofs_y = 0},
    {.bitmap_index = 18017, .adv_w = 336, .box_w = 19, .box_h = 26, .ofs_x = 1, .ofs_y = 0},
    {.bitmap_index = 18264, .adv_w = 336, .box_w = 19, .box_h = 26, .ofs_x = 1, .ofs_y = 0},
    {.bitmap_index = 18511, .adv_w = 336, .box_w = 19, .box_h = 26, .ofs_x = 1, .ofs_y = 0},
    {.bitmap_index = 18758, .adv_w = 336, .box_w = 19, .box_h = 26, .ofs_x = 1, .ofs_y = 0},
    {.bitmap_index = 19005, .adv_w = 336, .box_w = 19, .box_h = 25, .ofs_x = 1, .ofs_y = 0},
    {.bitmap_index = 19243, .adv_w = 231, .box_w = 13, .box_h = 13, .ofs_x = 1, .ofs_y = 2},
    {.bitmap_index = 19328, .adv_w = 336, .box_w = 19, .box_h = 20, .ofs_x = 1, .ofs_y = 0},
    {.bitmap_index = 19518, .adv_w = 311, .box_w = 17, .box_h = 26, .ofs_x = 1, .ofs_y = 0},
    {.bitmap_index = 19739, .adv_w = 311, .box_w = 17, .box_h = 26, .ofs_x = 1, .ofs_y = 0},
    {.bitmap_index = 19960, .adv_w = 311, .box_w = 17, .box_h = 26, .ofs_x = 1, .ofs_y = 0},
    {.bitmap_index = 20181, .adv_w = 311, .box_w = 17, .box_h = 25, .ofs_x = 1, .ofs_y = 0},
    {.bitmap_index = 20394, .adv_w = 266, .box_w = 18, .box_h = 25, .ofs_x = -1, .ofs_y = 0},
    {.bitmap_index = 20619, .adv_w = 281, .box_w = 15, .box_h = 20, .ofs_x = 2, .ofs_y = 0},
    {.bitmap_index = 20769, .adv_w = 273, .box_w = 15, .box_h = 20, .ofs_x = 2, .ofs_y = 0},
    {.bitmap_index = 20919, .adv_w = 253, .box_w = 15, .box_h = 21, .ofs_x = 1, .ofs_y = 0},
    {.bitmap_index = 21077, .adv_w = 253, .box_w = 15, .box_h = 21, .ofs_x = 1, .ofs_y = 0},
    {.bitmap_index = 21235, .adv_w = 253, .box_w = 15, .box_h = 21, .ofs_x = 1, .ofs_y = 0},
    {.bitmap_index = 21393, .adv_w = 253, .box_w = 15, .box_h = 21, .ofs_x = 1, .ofs_y = 0},
    {.bitmap_index = 21551, .adv_w = 253, .box_w = 15, .box_h = 20, .ofs_x = 1, .ofs_y = 0},
    {.bitmap_index = 21701, .adv_w = 253, .box_w = 15, .box_h = 22, .ofs_x = 1, .ofs_y = 0},
    {.bitmap_index = 21866, .adv_w = 418, .box_w = 24, .box_h = 15, .ofs_x = 1, .ofs_y = 0},
    {.bitmap_index = 22046, .adv_w = 252, .box_w = 14, .box_h = 21, .ofs_x = 1, .ofs_y = -6},
    {.bitmap_index = 22193, .adv_w = 258, .box_w = 14, .box_h = 21, .ofs_x = 1, .ofs_y = 0},
    {.bitmap_index = 22340, .adv_w = 258, .box_w = 14, .box_h = 21, .ofs_x = 1, .ofs_y = 0},
    {.bitmap_index = 22487, .adv_w = 258, .box_w = 14, .box_h = 21, .ofs_x = 1, .ofs_y = 0},
    {.bitmap_index = 22634, .adv_w = 258, .box_w = 14, .box_h = 20, .ofs_x = 1, .ofs_y = 0},
    {.bitmap_index = 22774, .adv_w = 115, .box_w = 6, .box_h = 20, .ofs_x = 0, .ofs_y = 0},
    {.bitmap_index = 22834, .adv_w = 115, .box_w = 6, .box_h = 20, .ofs_x = 2, .ofs_y = 0},
    {.bitmap_index = 22894, .adv_w = 115, .box_w = 9, .box_h = 21, .ofs_x = -1, .ofs_y = 0},
    {.bitmap_index = 22989, .adv_w = 115, .box_w = 7, .box_h = 20, .ofs_x = 0, .ofs_y = 0},
    {.bitmap_index = 23059, .adv_w = 263, .box_w = 15, .box_h = 21, .ofs_x = 1, .ofs_y = 0},
    {.bitmap_index = 23217, .adv_w = 265, .box_w = 13, .box_h = 21, .ofs_x = 2, .ofs_y = 0},
    {.bitmap_index = 23354, .adv_w = 263, .box_w = 15, .box_h = 21, .ofs_x = 1, .ofs_y = 0},
    {.bitmap_index = 23512, .adv_w = 263, .box_w = 15, .box_h = 21, .ofs_x = 1, .ofs_y = 0},
    {.bitmap_index = 23670, .adv_w = 263, .box_w = 15, .box_h = 21, .ofs_x = 1, .ofs_y = 0},
    {.bitmap_index = 23828, .adv_w = 263, .box_w = 15, .box_h = 21, .ofs_x = 1, .ofs_y = 0},
    {.bitmap_index = 23986, .adv_w = 263, .box_w = 15, .box_h = 20, .ofs_x = 1, .ofs_y = 0},
    {.bitmap_index = 24136, .adv_w = 246, .box_w = 14, .box_h = 14, .ofs_x = 1, .ofs_y = 1},
    {.bitmap_index = 24234, .adv_w = 263, .box_w = 15, .box_h = 15, .ofs_x = 1, .ofs_y = 0},
    {.bitmap_index = 24347, .adv_w = 263, .box_w = 13, .box_h = 21, .ofs_x = 2, .ofs_y = 0},
    {.bitmap_index = 24484, .adv_w = 263, .box_w = 13, .box_h = 21, .ofs_x = 2, .ofs_y = 0},
    {.bitmap_index = 24621, .adv_w = 263, .box_w = 13, .box_h = 21, .ofs_x = 2, .ofs_y = 0},
    {.bitmap_index = 24758, .adv_w = 263, .box_w = 13, .box_h = 20, .ofs_x = 2, .ofs_y = 0},
    {.bitmap_index = 24888, .adv_w = 248, .box_w = 15, .box_h = 24, .ofs_x = 0, .ofs_y = -4},
    {.bitmap_index = 25068, .adv_w = 271, .box_w = 14, .box_h = 24, .ofs_x = 2, .ofs_y = -4},
    {.bitmap_index = 25236, .adv_w = 248, .box_w = 15, .box_h = 24, .ofs_x = 0, .ofs_y = -4},
    {.bitmap_index = 25416, .adv_w = 309, .box_w = 19, .box_h = 25, .ofs_x = 0, .ofs_y = 0},
    {.bitmap_index = 25654, .adv_w = 253, .box_w = 15, .box_h = 20, .ofs_x = 1, .ofs_y = 0},
    {.bitmap_index = 25804, .adv_w = 309, .box_w = 19, .box_h = 25, .ofs_x = 0, .ofs_y = 0},
    {.bitmap_index = 26042, .adv_w = 253, .box_w = 15, .box_h = 21, .ofs_x = 1, .ofs_y = 0},
    {.bitmap_index = 26200, .adv_w = 309, .box_w = 20, .box_h = 26, .ofs_x = 0, .ofs_y = -6},
    {.bitmap_index = 26460, .adv_w = 253, .box_w = 16, .box_h = 21, .ofs_x = 1, .ofs_y = -6},
    {.bitmap_index = 26628, .adv_w = 319, .box_w = 18, .box_h = 26, .ofs_x = 1, .ofs_y = 0},
    {.bitmap_index = 26862, .adv_w = 252, .box_w = 14, .box_h = 21, .ofs_x = 1, .ofs_y = 0},
    {.bitmap_index = 27009, .adv_w = 319, .box_w = 18, .box_h = 26, .ofs_x = 1, .ofs_y = 0},
    {.bitmap_index = 27243, .adv_w = 252, .box_w = 14, .box_h = 21, .ofs_x = 1, .ofs_y = 0},
    {.bitmap_index = 27390, .adv_w = 319, .box_w = 18, .box_h = 25, .ofs_x = 1, .ofs_y = 0},
    {.bitmap_index = 27615, .adv_w = 252, .box_w = 14, .box_h = 20, .ofs_x = 1, .ofs_y = 0},
    {.bitmap_index = 27755, .adv_w = 319, .box_w = 18, .box_h = 26, .ofs_x = 1, .ofs_y = 0},
    {.bitmap_index = 27989, .adv_w = 252, .box_w = 14, .box_h = 21, .ofs_x = 1, .ofs_y = 0},
    {.bitmap_index = 28136, .adv_w = 314, .box_w = 17, .box_h = 25, .ofs_x = 2, .ofs_y = 0},
    {.bitmap_index = 28349, .adv_w = 308, .box_w = 19, .box_h = 20, .ofs_x = 1, .ofs_y = 0},
    {.bitmap_index = 28539, .adv_w = 314, .box_w = 19, .box_h = 20, .ofs_x = 0, .ofs_y = 0},
    {.bitmap_index = 28729, .adv_w = 272, .box_w = 16, .box_h = 20, .ofs_x = 1, .ofs_y = 0},
    {.bitmap_index = 28889, .adv_w = 273, .box_w = 14, .box_h = 25, .ofs_x = 2, .ofs_y = 0},
    {.bitmap_index = 29064, .adv_w = 258, .box_w = 14, .box_h = 20, .ofs_x = 1, .ofs_y = 0},
    {.bitmap_index = 29204, .adv_w = 299, .box_w = 16, .box_h = 26, .ofs_x = 2, .ofs_y = 0},
    {.bitmap_index = 29412, .adv_w = 249, .box_w = 14, .box_h = 20, .ofs_x = 1, .ofs_y = 0},
    {.bitmap_index = 29552, .adv_w = 273, .box_w = 14, .box_h = 25, .ofs_x = 2, .ofs_y = 0},
    {.bitmap_index = 29727, .adv_w = 258, .box_w = 14, .box_h = 20, .ofs_x = 1, .ofs_y = 0},
    {.bitmap_index = 29867, .adv_w = 273, .box_w = 15, .box_h = 26, .ofs_x = 2, .ofs_y = -6},
    {.bitmap_index = 30062, .adv_w = 258, .box_w = 14, .box_h = 21, .ofs_x = 1, .ofs_y = -6},
    {.bitmap_index = 30209, .adv_w = 273, .box_w = 14, .box_h = 25, .ofs_x = 2, .ofs_y = 0},
    {.bitmap_index = 30384, .adv_w = 258, .box_w = 14, .box_h = 21, .ofs_x = 1, .ofs_y = 0},
    {.bitmap_index = 30531, .adv_w = 319, .box_w = 18, .box_h = 26, .ofs_x = 1, .ofs_y = 0},
    {.bitmap_index = 30765, .adv_w = 272, .box_w = 14, .box_h = 25, .ofs_x = 1, .ofs_y = -4},
    {.bitmap_index = 30940, .adv_w = 319, .box_w = 18, .box_h = 26, .ofs_x = 1, .ofs_y = 0},
    {.bitmap_index = 31174, .adv_w = 272, .box_w = 14, .box_h = 25, .ofs_x = 1, .ofs_y = -4},
    {.bitmap_index = 31349, .adv_w = 319, .box_w = 18, .box_h = 25, .ofs_x = 1, .ofs_y = 0},
    {.bitmap_index = 31574, .adv_w = 272, .box_w = 14, .box_h = 24, .ofs_x = 1, .ofs_y = -4},
    {.bitmap_index = 31742, .adv_w = 319, .box_w = 18, .box_h = 27, .ofs_x = 1, .ofs_y = -7},
    {.bitmap_index = 31985, .adv_w = 272, .box_w = 14, .box_h = 27, .ofs_x = 1, .ofs_y = -4},
    {.bitmap_index = 32174, .adv_w = 321, .box_w = 16, .box_h = 25, .ofs_x = 2, .ofs_y = 0},
    {.bitmap_index = 32374, .adv_w = 265, .box_w = 16, .box_h = 25, .ofs_x = -1, .ofs_y = 0},
    {.bitmap_index = 32574, .adv_w = 321, .box_w = 20, .box_h = 20, .ofs_x = 0, .ofs_y = 0},
    {.bitmap_index = 32774, .adv_w = 265, .box_w = 15, .box_h = 20, .ofs_x = 0, .ofs_y = 0},
    {.bitmap_index = 32924, .adv_w = 125, .box_w = 10, .box_h = 25, .ofs_x = -1, .ofs_y = 0},
    {.bitmap_index = 33049, .adv_w = 115, .box_w = 10, .box_h = 21, .ofs_x = -1, .ofs_y = 0},
    {.bitmap_index = 33154, .adv_w = 125, .box_w = 8, .box_h = 25, .ofs_x = 0, .ofs_y = 0},
    {.bitmap_index = 33254, .adv_w = 115, .box_w = 9, .box_h = 20, .ofs_x = -1, .ofs_y = 0},
    {.bitmap_index = 33344, .adv_w = 124, .box_w = 9, .box_h = 26, .ofs_x = -1, .ofs_y = 0},
    {.bitmap_index = 33461, .adv_w = 100, .box_w = 9, .box_h = 20, .ofs_x = -1, .ofs_y = 0},
    {.bitmap_index = 33551, .adv_w = 125, .box_w = 6, .box_h = 26, .ofs_x = 1, .ofs_y = -6},
    {.bitmap_index = 33629, .adv_w = 115, .box_w = 7, .box_h = 26, .ofs_x = 0, .ofs_y = -6},
    {.bitmap_index = 33720, .adv_w = 125, .box_w = 4, .box_h = 25, .ofs_x = 2, .ofs_y = 0},
    {.bitmap_index = 33770, .adv_w = 115, .box_w = 4, .box_h = 15, .ofs_x = 2, .ofs_y = 0},
    {.bitmap_index = 33800, .adv_w = 389, .box_w = 21, .box_h = 20, .ofs_x = 2, .ofs_y = 0},
    {.bitmap_index = 34010, .adv_w = 235, .box_w = 11, .box_h = 24, .ofs_x = 2, .ofs_y = -4},
    {.bitmap_index = 34142, .adv_w = 272, .box_w = 17, .box_h = 26, .ofs_x = 1, .ofs_y = 0},
    {.bitmap_index = 34363, .adv_w = 127, .box_w = 10, .box_h = 25, .ofs_x = -1, .ofs_y = -4},
    {.bitmap_index = 34488, .adv_w = 294, .box_w = 16, .box_h = 27, .ofs_x = 2, .ofs_y = -7},
    {.bitmap_index = 34704, .adv_w = 273, .box_w = 14, .box_h = 27, .ofs_x = 2, .ofs_y = -7},
    {.bitmap_index = 34893, .adv_w = 196, .box_w = 12, .box_h = 15, .ofs_x = 1, .ofs_y = 0},
    {.bitmap_index = 34983, .adv_w = 261, .box_w = 14, .box_h = 25, .ofs_x = 2, .ofs_y = 0},
    {.bitmap_index = 35158, .adv_w = 126, .box_w = 6, .box_h = 24, .ofs_x = 2, .ofs_y = 0},
    {.bitmap_index = 35230, .adv_w = 261, .box_w = 14, .box_h = 27, .ofs_x = 2, .ofs_y = -7},
    {.bitmap_index = 35419, .adv_w = 126, .box_w = 6, .box_h = 27, .ofs_x = 2, .ofs_y = -7},
    {.bitmap_index = 35500, .adv_w = 261, .box_w = 14, .box_h = 20, .ofs_x = 2, .ofs_y = 0},
    {.bitmap_index = 35640, .adv_w = 153, .box_w = 9, .box_h = 20, .ofs_x = 2, .ofs_y = 0},
    {.bitmap_index = 35730, .adv_w = 249, .box_w = 13, .box_h = 20, .ofs_x = 2, .ofs_y = 0},
    {.bitmap_index = 35860, .adv_w = 142, .box_w = 8, .box_h = 20, .ofs_x = 1, .ofs_y = 0},
    {.bitmap_index = 35940, .adv_w = 261, .box_w = 16, .box_h = 20, .ofs_x = 0, .ofs_y = 0},
    {.bitmap_index = 36100, .adv_w = 126, .box_w = 8, .box_h = 20, .ofs_x = 0, .ofs_y = 0},
    {.bitmap_index = 36180, .adv_w = 334, .box_w = 17, .box_h = 25, .ofs_x = 2, .ofs_y = 0},
    {.bitmap_index = 36393, .adv_w = 265, .box_w = 13, .box_h = 20, .ofs_x = 2, .ofs_y = 0},
    {.bitmap_index = 36523, .adv_w = 334, .box_w = 17, .box_h = 27, .ofs_x = 2, .ofs_y = -7},
    {.bitmap_index = 36753, .adv_w = 265, .box_w = 13, .box_h = 22, .ofs_x = 2, .ofs_y = -7},
    {.bitmap_index = 36896, .adv_w = 334, .box_w = 17, .box_h = 25, .ofs_x = 2, .ofs_y = 0},
    {.bitmap_index = 37109, .adv_w = 265, .box_w = 13, .box_h = 21, .ofs_x = 2, .ofs_y = 0},
    {.bitmap_index = 37246, .adv_w = 280, .box_w = 17, .box_h = 20, .ofs_x = -1, .ofs_y = 0},
    {.bitmap_index = 37416, .adv_w = 334, .box_w = 17, .box_h = 24, .ofs_x = 2, .ofs_y = -4},
    {.bitmap_index = 37620, .adv_w = 265, .box_w = 13, .box_h = 19, .ofs_x = 2, .ofs_y = -4},
    {.bitmap_index = 37744, .adv_w = 336, .box_w = 19, .box_h = 25, .ofs_x = 1, .ofs_y = 0},
    {.bitmap_index = 37982, .adv_w = 263, .box_w = 15, .box_h = 20, .ofs_x = 1, .ofs_y = 0},
    {.bitmap_index = 38132, .adv_w = 348, .box_w = 20, .box_h = 26, .ofs_x = 1, .ofs_y = 0},
    {.bitmap_index = 38392, .adv_w = 249, .box_w = 15, .box_h = 20, .ofs_x = 0, .ofs_y = 0},
    {.bitmap_index = 38542, .adv_w = 336, .box_w = 19, .box_h = 26, .ofs_x = 1, .ofs_y = 0},
    {.bitmap_index = 38789, .adv_w = 263, .box_w = 15, .box_h = 21, .ofs_x = 1, .ofs_y = 0},
    {.bitmap_index = 38947, .adv_w = 492, .box_w = 29, .box_h = 20, .ofs_x = 1, .ofs_y = 0},
    {.bitmap_index = 39237, .adv_w = 435, .box_w = 26, .box_h = 15, .ofs_x = 1, .ofs_y = 0},
    {.bitmap_index = 39432, .adv_w = 305, .box_w = 16, .box_h = 25, .ofs_x = 2, .ofs_y = 0},
    {.bitmap_index = 39632, .adv_w = 177, .box_w = 8, .box_h = 20, .ofs_x = 2, .ofs_y = 0},
    {.bitmap_index = 39712, .adv_w = 305, .box_w = 16, .box_h = 27, .ofs_x = 2, .ofs_y = -7},
    {.bitmap_index = 39928, .adv_w = 177, .box_w = 9, .box_h = 22, .ofs_x = 1, .ofs_y = -7},
    {.bitmap_index = 40027, .adv_w = 305, .box_w = 16, .box_h = 25, .ofs_x = 2, .ofs_y = 0},
    {.bitmap_index = 40227, .adv_w = 177, .box_w = 9, .box_h = 21, .ofs_x = 1, .ofs_y = 0},
    {.bitmap_index = 40322, .adv_w = 293, .box_w = 16, .box_h = 26, .ofs_x = 1, .ofs_y = 0},
    {.bitmap_index = 40530, .adv_w = 241, .box_w = 13, .box_h = 21, .ofs_x = 1, .ofs_y = 0},
    {.bitmap_index = 40667, .adv_w = 293, .box_w = 16, .box_h = 26, .ofs_x = 1, .ofs_y = 0},
    {.bitmap_index = 40875, .adv_w = 241, .box_w = 13, .box_h = 21, .ofs_x = 1, .ofs_y = 0},
    {.bitmap_index = 41012, .adv_w = 293, .box_w = 16, .box_h = 26, .ofs_x = 1, .ofs_y = -6},
    {.bitmap_index = 41220, .adv_w = 241, .box_w = 13, .box_h = 21, .ofs_x = 1, .ofs_y = -6},
    {.bitmap_index = 41357, .adv_w = 293, .box_w = 16, .box_h = 26, .ofs_x = 1, .ofs_y = 0},
    {.bitmap_index = 41565, .adv_w = 241, .box_w = 13, .box_h = 21, .ofs_x = 1, .ofs_y = 0},
    {.bitmap_index = 41702, .adv_w = 254, .box_w = 16, .box_h = 26, .ofs_x = 0, .ofs_y = -6},
    {.bitmap_index = 41910, .adv_w = 184, .box_w = 10, .box_h = 24, .ofs_x = 1, .ofs_y = -6},
    {.bitmap_index = 42030, .adv_w = 254, .box_w = 16, .box_h = 25, .ofs_x = 0, .ofs_y = 0},
    {.bitmap_index = 42230, .adv_w = 186, .box_w = 12, .box_h = 21, .ofs_x = 1, .ofs_y = 0},
    {.bitmap_index = 42356, .adv_w = 254, .box_w = 16, .box_h = 20, .ofs_x = 0, .ofs_y = 0},
    {.bitmap_index = 42516, .adv_w = 184, .box_w = 10, .box_h = 18, .ofs_x = 1, .ofs_y = 0},
    {.bitmap_index = 42606, .adv_w = 311, .box_w = 17, .box_h = 26, .ofs_x = 1, .ofs_y = 0},
    {.bitmap_index = 42827, .adv_w = 263, .box_w = 13, .box_h = 21, .ofs_x = 2, .ofs_y = 0},
    {.bitmap_index = 42964, .adv_w = 311, .box_w = 17, .box_h = 25, .ofs_x = 1, .ofs_y = 0},
    {.bitmap_index = 43177, .adv_w = 263, .box_w = 13, .box_h = 20, .ofs_x = 2, .ofs_y = 0},
    {.bitmap_index = 43307, .adv_w = 311, .box_w = 17, .box_h = 26, .ofs_x = 1, .ofs_y = 0},
    {.bitmap_index = 43528, .adv_w = 263, .box_w = 13, .box_h = 21, .ofs_x = 2, .ofs_y = 0},
    {.bitmap_index = 43665, .adv_w = 311, .box_w = 17, .box_h = 27, .ofs_x = 1, .ofs_y = 0},
    {.bitmap_index = 43895, .adv_w = 263, .box_w = 13, .box_h = 22, .ofs_x = 2, .ofs_y = 0},
    {.bitmap_index = 44038, .adv_w = 311, .box_w = 17, .box_h = 26, .ofs_x = 1, .ofs_y = 0},
    {.bitmap_index = 44259, .adv_w = 263, .box_w = 13, .box_h = 21, .ofs_x = 2, .ofs_y = 0},
    {.bitmap_index = 44396, .adv_w = 311, .box_w = 17, .box_h = 26, .ofs_x = 1, .ofs_y = -6},
    {.bitmap_index = 44617, .adv_w = 263, .box_w = 14, .box_h = 21, .ofs_x = 2, .ofs_y = -6},
    {.bitmap_index = 44764, .adv_w = 434, .box_w = 26, .box_h = 25, .ofs_x = 1, .ofs_y = 0},
    {.bitmap_index = 45089, .adv_w = 371, .box_w = 23, .box_h = 21, .ofs_x = 0, .ofs_y = 0},
    {.bitmap_index = 45331, .adv_w = 266, .box_w = 18, .box_h = 26, .ofs_x = -1, .ofs_y = 0},
    {.bitmap_index = 45565, .adv_w = 248, .box_w = 15, .box_h = 24, .ofs_x = 0, .ofs_y = -4},
    {.bitmap_index = 45745, .adv_w = 266, .box_w = 18, .box_h = 25, .ofs_x = -1, .ofs_y = 0},
    {.bitmap_index = 45970, .adv_w = 251, .box_w = 15, .box_h = 25, .ofs_x = 0, .ofs_y = 0},
    {.bitmap_index = 46158, .adv_w = 247, .box_w = 14, .box_h = 20, .ofs_x = 1, .ofs_y = 0},
    {.bitmap_index = 46298, .adv_w = 251, .box_w = 15, .box_h = 25, .ofs_x = 0, .ofs_y = 0},
    {.bitmap_index = 46486, .adv_w = 247, .box_w = 14, .box_h = 20, .ofs_x = 1, .ofs_y = 0},
    {.bitmap_index = 46626, .adv_w = 251, .box_w = 15, .box_h = 25, .ofs_x = 0, .ofs_y = 0},
    {.bitmap_index = 46814, .adv_w = 247, .box_w = 14, .box_h = 21, .ofs_x = 1, .ofs_y = 0},
    {.bitmap_index = 46961, .adv_w = 100, .box_w = 8, .box_h = 20, .ofs_x = 1, .ofs_y = 0},
    {.bitmap_index = 47041, .adv_w = 249, .box_w = 16, .box_h = 20, .ofs_x = -1, .ofs_y = 0},
    {.bitmap_index = 47201, .adv_w = 332, .box_w = 20, .box_h = 20, .ofs_x = 0, .ofs_y = 0},
    {.bitmap_index = 47401, .adv_w = 293, .box_w = 16, .box_h = 20, .ofs_x = 2, .ofs_y = 0},
    {.bitmap_index = 47561, .adv_w = 249, .box_w = 14, .box_h = 20, .ofs_x = 1, .ofs_y = 0},
    {.bitmap_index = 47701, .adv_w = 249, .box_w = 14, .box_h = 20, .ofs_x = 1, .ofs_y = 0},
    {.bitmap_index = 47841, .adv_w = 249, .box_w = 14, .box_h = 20, .ofs_x = 1, .ofs_y = 0},
    {.bitmap_index = 47981, .adv_w = 324, .box_w = 18, .box_h = 20, .ofs_x = 1, .ofs_y = 0},
    {.bitmap_index = 48161, .adv_w = 343, .box_w = 21, .box_h = 22, .ofs_x = 1, .ofs_y = 0},
    {.bitmap_index = 48392, .adv_w = 259, .box_w = 16, .box_h = 17, .ofs_x = 1, .ofs_y = 0},
    {.bitmap_index = 48528, .adv_w = 324, .box_w = 19, .box_h = 20, .ofs_x = 0, .ofs_y = 0},
    {.bitmap_index = 48718, .adv_w = 354, .box_w = 21, .box_h = 20, .ofs_x = 0, .ofs_y = 0},
    {.bitmap_index = 48928, .adv_w = 293, .box_w = 17, .box_h = 20, .ofs_x = 0, .ofs_y = 0},
    {.bitmap_index = 49098, .adv_w = 249, .box_w = 13, .box_h = 20, .ofs_x = 1, .ofs_y = 0},
    {.bitmap_index = 49228, .adv_w = 250, .box_w = 15, .box_h = 21, .ofs_x = 0, .ofs_y = -6},
    {.bitmap_index = 49386, .adv_w = 299, .box_w = 16, .box_h = 20, .ofs_x = 1, .ofs_y = 0},
    {.bitmap_index = 49546, .adv_w = 326, .box_w = 19, .box_h = 20, .ofs_x = 1, .ofs_y = 0},
    {.bitmap_index = 49736, .adv_w = 271, .box_w = 15, .box_h = 20, .ofs_x = 1, .ofs_y = 0},
    {.bitmap_index = 49886, .adv_w = 274, .box_w = 17, .box_h = 25, .ofs_x = -1, .ofs_y = -5},
    {.bitmap_index = 50099, .adv_w = 232, .box_w = 13, .box_h = 20, .ofs_x = 1, .ofs_y = 0},
    {.bitmap_index = 50229, .adv_w = 354, .box_w = 22, .box_h = 22, .ofs_x = 1, .ofs_y = 0},
    {.bitmap_index = 50471, .adv_w = 291, .box_w = 19, .box_h = 26, .ofs_x = 0, .ofs_y = -6},
    {.bitmap_index = 50718, .adv_w = 361, .box_w = 21, .box_h = 20, .ofs_x = 1, .ofs_y = 0},
    {.bitmap_index = 50928, .adv_w = 110, .box_w = 6, .box_h = 20, .ofs_x = 1, .ofs_y = 0},
    {.bitmap_index = 50988, .adv_w = 144, .box_w = 10, .box_h = 20, .ofs_x = 0, .ofs_y = 0},
    {.bitmap_index = 51088, .adv_w = 299, .box_w = 18, .box_h = 20, .ofs_x = 2, .ofs_y = 0},
    {.bitmap_index = 51268, .adv_w = 224, .box_w = 13, .box_h = 20, .ofs_x = 1, .ofs_y = 0},
    {.bitmap_index = 51398, .adv_w = 144, .box_w = 10, .box_h = 20, .ofs_x = 0, .ofs_y = 0},
    {.bitmap_index = 51498, .adv_w = 224, .box_w = 14, .box_h = 20, .ofs_x = 0, .ofs_y = 0},
    {.bitmap_index = 51638, .adv_w = 373, .box_w = 21, .box_h = 20, .ofs_x = 1, .ofs_y = 0},
    {.bitmap_index = 51848, .adv_w = 324, .box_w = 19, .box_h = 25, .ofs_x = -1, .ofs_y = -5},
    {.bitmap_index = 52086, .adv_w = 249, .box_w = 13, .box_h = 21, .ofs_x = 1, .ofs_y = -6},
    {.bitmap_index = 52223, .adv_w = 348, .box_w = 20, .box_h = 20, .ofs_x = 1, .ofs_y = 0},
    {.bitmap_index = 52423, .adv_w = 336, .box_w = 19, .box_h = 24, .ofs_x = 1, .ofs_y = 0},
    {.bitmap_index = 52651, .adv_w = 263, .box_w = 15, .box_h = 19, .ofs_x = 1, .ofs_y = 0},
    {.bitmap_index = 52794, .adv_w = 457, .box_w = 26, .box_h = 20, .ofs_x = 1, .ofs_y = 0},
    {.bitmap_index = 53054, .adv_w = 350, .box_w = 21, .box_h = 21, .ofs_x = 0, .ofs_y = -6},
    {.bitmap_index = 53275, .adv_w = 329, .box_w = 20, .box_h = 20, .ofs_x = 0, .ofs_y = 0},
    {.bitmap_index = 53475, .adv_w = 249, .box_w = 14, .box_h = 24, .ofs_x = 1, .ofs_y = -6},
    {.bitmap_index = 53643, .adv_w = 324, .box_w = 19, .box_h = 24, .ofs_x = 2, .ofs_y = -4},
    {.bitmap_index = 53871, .adv_w = 299, .box_w = 17, .box_h = 20, .ofs_x = 1, .ofs_y = 0},
    {.bitmap_index = 54041, .adv_w = 224, .box_w = 13, .box_h = 15, .ofs_x = 1, .ofs_y = 0},
    {.bitmap_index = 54139, .adv_w = 270, .box_w = 15, .box_h = 20, .ofs_x = 1, .ofs_y = 0},
    {.bitmap_index = 54289, .adv_w = 164, .box_w = 12, .box_h = 25, .ofs_x = 0, .ofs_y = -5},
    {.bitmap_index = 54439, .adv_w = 124, .box_w = 8, .box_h = 26, .ofs_x = 0, .ofs_y = -5},
    {.bitmap_index = 54543, .adv_w = 256, .box_w = 16, .box_h = 20, .ofs_x = 0, .ofs_y = 0},
    {.bitmap_index = 54703, .adv_w = 124, .box_w = 8, .box_h = 20, .ofs_x = 0, .ofs_y = 0},
    {.bitmap_index = 54783, .adv_w = 274, .box_w = 17, .box_h = 26, .ofs_x = 0, .ofs_y = -6},
    {.bitmap_index = 55004, .adv_w = 311, .box_w = 20, .box_h = 24, .ofs_x = 1, .ofs_y = 0},
    {.bitmap_index = 55244, .adv_w = 265, .box_w = 15, .box_h = 19, .ofs_x = 2, .ofs_y = 0},
    {.bitmap_index = 55387, .adv_w = 335, .box_w = 19, .box_h = 20, .ofs_x = 1, .ofs_y = 0},
    {.bitmap_index = 55577, .adv_w = 299, .box_w = 18, .box_h = 20, .ofs_x = 0, .ofs_y = 0},
    {.bitmap_index = 55757, .adv_w = 337, .box_w = 21, .box_h = 20, .ofs_x = 0, .ofs_y = 0},
    {.bitmap_index = 55967, .adv_w = 276, .box_w = 18, .box_h = 21, .ofs_x = 0, .ofs_y = -6},
    {.bitmap_index = 56156, .adv_w = 274, .box_w = 17, .box_h = 20, .ofs_x = 0, .ofs_y = 0},
    {.bitmap_index = 56326, .adv_w = 224, .box_w = 14, .box_h = 15, .ofs_x = 0, .ofs_y = 0},
    {.bitmap_index = 56431, .adv_w = 281, .box_w = 16, .box_h = 20, .ofs_x = 1, .ofs_y = 0},
    {.bitmap_index = 56591, .adv_w = 281, .box_w = 16, .box_h = 20, .ofs_x = 1, .ofs_y = 0},
    {.bitmap_index = 56751, .adv_w = 236, .box_w = 13, .box_h = 21, .ofs_x = 1, .ofs_y = -6},
    {.bitmap_index = 56888, .adv_w = 215, .box_w = 12, .box_h = 21, .ofs_x = 1, .ofs_y = -6},
    {.bitmap_index = 57014, .adv_w = 249, .box_w = 15, .box_h = 20, .ofs_x = 0, .ofs_y = 0},
    {.bitmap_index = 57164, .adv_w = 249, .box_w = 15, .box_h = 20, .ofs_x = 0, .ofs_y = 0},
    {.bitmap_index = 57314, .adv_w = 236, .box_w = 13, .box_h = 15, .ofs_x = 1, .ofs_y = 0},
    {.bitmap_index = 57412, .adv_w = 249, .box_w = 14, .box_h = 20, .ofs_x = 1, .ofs_y = 0},
    {.bitmap_index = 57552, .adv_w = 249, .box_w = 13, .box_h = 21, .ofs_x = 1, .ofs_y = -6},
    {.bitmap_index = 57689, .adv_w = 124, .box_w = 3, .box_h = 20, .ofs_x = 2, .ofs_y = 0},
    {.bitmap_index = 57719, .adv_w = 208, .box_w = 9, .box_h = 20, .ofs_x = 2, .ofs_y = 0},
    {.bitmap_index = 57809, .adv_w = 212, .box_w = 13, .box_h = 20, .ofs_x = 0, .ofs_y = 0},
    {.bitmap_index = 57939, .adv_w = 124, .box_w = 4, .box_h = 20, .ofs_x = 2, .ofs_y = 0},
    {.bitmap_index = 57979, .adv_w = 597, .box_w = 35, .box_h = 26, .ofs_x = 2, .ofs_y = 0},
    {.bitmap_index = 58434, .adv_w = 548, .box_w = 32, .box_h = 20, .ofs_x = 2, .ofs_y = 0},
    {.bitmap_index = 58754, .adv_w = 473, .box_w = 28, .box_h = 20, .ofs_x = 1, .ofs_y = 0},
    {.bitmap_index = 59034, .adv_w = 461, .box_w = 25, .box_h = 20, .ofs_x = 2, .ofs_y = 0},
    {.bitmap_index = 59284, .adv_w = 348, .box_w = 18, .box_h = 26, .ofs_x = 2, .ofs_y = -6},
    {.bitmap_index = 59518, .adv_w = 199, .box_w = 10, .box_h = 26, .ofs_x = 1, .ofs_y = -6},
    {.bitmap_index = 59648, .adv_w = 548, .box_w = 30, .box_h = 20, .ofs_x = 2, .ofs_y = 0},
    {.bitmap_index = 59948, .adv_w = 423, .box_w = 23, .box_h = 26, .ofs_x = 2, .ofs_y = -6},
    {.bitmap_index = 60247, .adv_w = 348, .box_w = 19, .box_h = 26, .ofs_x = 1, .ofs_y = -6},
    {.bitmap_index = 60494, .adv_w = 309, .box_w = 19, .box_h = 25, .ofs_x = 0, .ofs_y = 0},
    {.bitmap_index = 60732, .adv_w = 253, .box_w = 15, .box_h = 21, .ofs_x = 1, .ofs_y = 0},
    {.bitmap_index = 60890, .adv_w = 124, .box_w = 10, .box_h = 26, .ofs_x = -1, .ofs_y = 0},
    {.bitmap_index = 61020, .adv_w = 124, .box_w = 10, .box_h = 20, .ofs_x = -1, .ofs_y = 0},
    {.bitmap_index = 61120, .adv_w = 348, .box_w = 20, .box_h = 26, .ofs_x = 1, .ofs_y = 0},
    {.bitmap_index = 61380, .adv_w = 249, .box_w = 15, .box_h = 20, .ofs_x = 0, .ofs_y = 0},
    {.bitmap_index = 61530, .adv_w = 324, .box_w = 16, .box_h = 26, .ofs_x = 2, .ofs_y = 0},
    {.bitmap_index = 61738, .adv_w = 249, .box_w = 13, .box_h = 20, .ofs_x = 1, .ofs_y = 0},
    {.bitmap_index = 61868, .adv_w = 324, .box_w = 16, .box_h = 29, .ofs_x = 2, .ofs_y = 0},
    {.bitmap_index = 62100, .adv_w = 249, .box_w = 13, .box_h = 24, .ofs_x = 1, .ofs_y = 0},
    {.bitmap_index = 62256, .adv_w = 324, .box_w = 16, .box_h = 31, .ofs_x = 2, .ofs_y = 0},
    {.bitmap_index = 62504, .adv_w = 249, .box_w = 13, .box_h = 26, .ofs_x = 1, .ofs_y = 0},
    {.bitmap_index = 62673, .adv_w = 324, .box_w = 16, .box_h = 31, .ofs_x = 2, .ofs_y = 0},
    {.bitmap_index = 62921, .adv_w = 249, .box_w = 13, .box_h = 26, .ofs_x = 1, .ofs_y = 0},
    {.bitmap_index = 63090, .adv_w = 324, .box_w = 16, .box_h = 31, .ofs_x = 2, .ofs_y = 0},
    {.bitmap_index = 63338, .adv_w = 249, .box_w = 13, .box_h = 26, .ofs_x = 1, .ofs_y = 0},
    {.bitmap_index = 63507, .adv_w = 249, .box_w = 14, .box_h = 15, .ofs_x = 1, .ofs_y = 0},
    {.bitmap_index = 63612, .adv_w = 299, .box_w = 20, .box_h = 29, .ofs_x = -1, .ofs_y = 0},
    {.bitmap_index = 63902, .adv_w = 249, .box_w = 14, .box_h = 24, .ofs_x = 1, .ofs_y = 0},
    {.bitmap_index = 64070, .adv_w = 299, .box_w = 20, .box_h = 29, .ofs_x = -1, .ofs_y = 0},
    {.bitmap_index = 64360, .adv_w = 249, .box_w = 14, .box_h = 24, .ofs_x = 1, .ofs_y = 0},
    {.bitmap_index = 64528, .adv_w = 448, .box_w = 27, .box_h = 25, .ofs_x = 0, .ofs_y = 0},
    {.bitmap_index = 64866, .adv_w = 398, .box_w = 24, .box_h = 21, .ofs_x = 0, .ofs_y = 0},
    {.bitmap_index = 65118, .adv_w = 339, .box_w = 20, .box_h = 20, .ofs_x = 1, .ofs_y = 0},
    {.bitmap_index = 65318, .adv_w = 284, .box_w = 16, .box_h = 19, .ofs_x = 1, .ofs_y = -4},
    {.bitmap_index = 65470, .adv_w = 319, .box_w = 18, .box_h = 26, .ofs_x = 1, .ofs_y = 0},
    {.bitmap_index = 65704, .adv_w = 272, .box_w = 14, .box_h = 25, .ofs_x = 1, .ofs_y = -4},
    {.bitmap_index = 65879, .adv_w = 294, .box_w = 16, .box_h = 25, .ofs_x = 2, .ofs_y = 0},
    {.bitmap_index = 66079, .adv_w = 273, .box_w = 17, .box_h = 24, .ofs_x = -1, .ofs_y = 0},
    {.bitmap_index = 66283, .adv_w = 348, .box_w = 20, .box_h = 26, .ofs_x = 1, .ofs_y = -6},
    {.bitmap_index = 66543, .adv_w = 249, .box_w = 15, .box_h = 21, .ofs_x = 0, .ofs_y = -6},
    {.bitmap_index = 66701, .adv_w = 348, .box_w = 20, .box_h = 31, .ofs_x = 1, .ofs_y = -6},
    {.bitmap_index = 67011, .adv_w = 249, .box_w = 15, .box_h = 26, .ofs_x = 0, .ofs_y = -6},
    {.bitmap_index = 67206, .adv_w = 239, .box_w = 13, .box_h = 26, .ofs_x = 1, .ofs_y = 0},
    {.bitmap_index = 67375, .adv_w = 239, .box_w = 13, .box_h = 26, .ofs_x = 1, .ofs_y = -6},
    {.bitmap_index = 67544, .adv_w = 100, .box_w = 10, .box_h = 26, .ofs_x = -2, .ofs_y = -6},
    {.bitmap_index = 67674, .adv_w = 597, .box_w = 35, .box_h = 20, .ofs_x = 2, .ofs_y = 0},
    {.bitmap_index = 68024, .adv_w = 548, .box_w = 32, .box_h = 20, .ofs_x = 2, .ofs_y = 0},
    {.bitmap_index = 68344, .adv_w = 473, .box_w = 28, .box_h = 20, .ofs_x = 1, .ofs_y = 0},
    {.bitmap_index = 68624, .adv_w = 348, .box_w = 19, .box_h = 26, .ofs_x = 1, .ofs_y = 0},
    {.bitmap_index = 68871, .adv_w = 249, .box_w = 14, .box_h = 26, .ofs_x = 0, .ofs_y = -6},
    {.bitmap_index = 69053, .adv_w = 299, .box_w = 20, .box_h = 30, .ofs_x = -1, .ofs_y = 0},
    {.bitmap_index = 69353, .adv_w = 249, .box_w = 14, .box_h = 27, .ofs_x = 1, .ofs_y = 0},
    {.bitmap_index = 69542, .adv_w = 448, .box_w = 27, .box_h = 25, .ofs_x = 0, .ofs_y = 0},
    {.bitmap_index = 69880, .adv_w = 398, .box_w = 24, .box_h = 20, .ofs_x = 0, .ofs_y = 0},
    {.bitmap_index = 70120, .adv_w = 348, .box_w = 20, .box_h = 27, .ofs_x = 1, .ofs_y = -1},
    {.bitmap_index = 70390, .adv_w = 274, .box_w = 15, .box_h = 21, .ofs_x = 1, .ofs_y = -1},
    {.bitmap_index = 70548, .adv_w = 299, .box_w = 20, .box_h = 25, .ofs_x = -1, .ofs_y = 0},
    {.bitmap_index = 70798, .adv_w = 249, .box_w = 14, .box_h = 20, .ofs_x = 1, .ofs_y = 0},
    {.bitmap_index = 70938, .adv_w = 299, .box_w = 20, .box_h = 25, .ofs_x = -1, .ofs_y = 0},
    {.bitmap_index = 71188, .adv_w = 249, .box_w = 14, .box_h = 20, .ofs_x = 1, .ofs_y = 0},
    {.bitmap_index = 71328, .adv_w = 299, .box_w = 16, .box_h = 25, .ofs_x = 2, .ofs_y = 0},
    {.bitmap_index = 71528, .adv_w = 249, .box_w = 14, .box_h = 20, .ofs_x = 1, .ofs_y = 0},
    {.bitmap_index = 71668, .adv_w = 299, .box_w = 16, .box_h = 25, .ofs_x = 2, .ofs_y = 0},
    {.bitmap_index = 71868, .adv_w = 249, .box_w = 14, .box_h = 20, .ofs_x = 1, .ofs_y = 0},
    {.bitmap_index = 72008, .adv_w = 124, .box_w = 11, .box_h = 25, .ofs_x = -2, .ofs_y = 0},
    {.bitmap_index = 72146, .adv_w = 124, .box_w = 11, .box_h = 20, .ofs_x = -2, .ofs_y = 0},
    {.bitmap_index = 72256, .adv_w = 124, .box_w = 9, .box_h = 25, .ofs_x = -1, .ofs_y = 0},
    {.bitmap_index = 72369, .adv_w = 124, .box_w = 9, .box_h = 20, .ofs_x = -1, .ofs_y = 0},
    {.bitmap_index = 72459, .adv_w = 348, .box_w = 20, .box_h = 26, .ofs_x = 1, .ofs_y = 0},
    {.bitmap_index = 72719, .adv_w = 249, .box_w = 15, .box_h = 20, .ofs_x = 0, .ofs_y = 0},
    {.bitmap_index = 72869, .adv_w = 348, .box_w = 20, .box_h = 26, .ofs_x = 1, .ofs_y = 0},
    {.bitmap_index = 73129, .adv_w = 249, .box_w = 15, .box_h = 20, .ofs_x = 0, .ofs_y = 0},
    {.bitmap_index = 73279, .adv_w = 324, .box_w = 18, .box_h = 25, .ofs_x = 2, .ofs_y = 0},
    {.bitmap_index = 73504, .adv_w = 149, .box_w = 11, .box_h = 20, .ofs_x = 0, .ofs_y = 0},
    {.bitmap_index = 73614, .adv_w = 324, .box_w = 18, .box_h = 25, .ofs_x = 2, .ofs_y = 0},
    {.bitmap_index = 73839, .adv_w = 149, .box_w = 9, .box_h = 20, .ofs_x = 1, .ofs_y = 0},
    {.bitmap_index = 73929, .adv_w = 324, .box_w = 16, .box_h = 26, .ofs_x = 2, .ofs_y = 0},
    {.bitmap_index = 74137, .adv_w = 249, .box_w = 13, .box_h = 20, .ofs_x = 1, .ofs_y = 0},
    {.bitmap_index = 74267, .adv_w = 324, .box_w = 16, .box_h = 26, .ofs_x = 2, .ofs_y = 0},
    {.bitmap_index = 74475, .adv_w = 249, .box_w = 13, .box_h = 20, .ofs_x = 1, .ofs_y = 0},
    {.bitmap_index = 74605, .adv_w = 293, .box_w = 16, .box_h = 27, .ofs_x = 1, .ofs_y = -7},
    {.bitmap_index = 74821, .adv_w = 241, .box_w = 13, .box_h = 22, .ofs_x = 1, .ofs_y = -7},
    {.bitmap_index = 74964, .adv_w = 254, .box_w = 16, .box_h = 27, .ofs_x = 0, .ofs_y = -7},
    {.bitmap_index = 75180, .adv_w = 184, .box_w = 10, .box_h = 26, .ofs_x = 1, .ofs_y = -7},
    {.bitmap_index = 75310, .adv_w = 127, .box_w = 7, .box_h = 19, .ofs_x = -1, .ofs_y = -4},
    {.bitmap_index = 75377, .adv_w = 299, .box_w = 20, .box_h = 26, .ofs_x = -1, .ofs_y = -6},
    {.bitmap_index = 75637, .adv_w = 249, .box_w = 14, .box_h = 21, .ofs_x = 1, .ofs_y = -6},
    {.bitmap_index = 75784, .adv_w = 299, .box_w = 16, .box_h = 25, .ofs_x = 2, .ofs_y = 0},
    {.bitmap_index = 75984, .adv_w = 249, .box_w = 14, .box_h = 25, .ofs_x = 1, .ofs_y = 0},
    {.bitmap_index = 76159, .adv_w = 299, .box_w = 16, .box_h = 26, .ofs_x = 2, .ofs_y = -6},
    {.bitmap_index = 76367, .adv_w = 249, .box_w = 14, .box_h = 26, .ofs_x = 1, .ofs_y = -6},
    {.bitmap_index = 76549, .adv_w = 299, .box_w = 16, .box_h = 26, .ofs_x = 2, .ofs_y = -6},
    {.bitmap_index = 76757, .adv_w = 249, .box_w = 14, .box_h = 25, .ofs_x = 1, .ofs_y = -5},
    {.bitmap_index = 76932, .adv_w = 324, .box_w = 19, .box_h = 31, .ofs_x = 1, .ofs_y = -6},
    {.bitmap_index = 77227, .adv_w = 224, .box_w = 13, .box_h = 26, .ofs_x = 1, .ofs_y = -6},
    {.bitmap_index = 77396, .adv_w = 324, .box_w = 17, .box_h = 25, .ofs_x = 2, .ofs_y = 0},
    {.bitmap_index = 77609, .adv_w = 249, .box_w = 13, .box_h = 25, .ofs_x = 1, .ofs_y = 0},
    {.bitmap_index = 77772, .adv_w = 324, .box_w = 17, .box_h = 26, .ofs_x = 2, .ofs_y = -6},
    {.bitmap_index = 77993, .adv_w = 249, .box_w = 13, .box_h = 26, .ofs_x = 1, .ofs_y = -6},
    {.bitmap_index = 78162, .adv_w = 324, .box_w = 17, .box_h = 26, .ofs_x = 2, .ofs_y = -6},
    {.bitmap_index = 78383, .adv_w = 249, .box_w = 13, .box_h = 25, .ofs_x = 1, .ofs_y = -5},
    {.bitmap_index = 78546, .adv_w = 324, .box_w = 17, .box_h = 26, .ofs_x = 2, .ofs_y = -6},
    {.bitmap_index = 78767, .adv_w = 249, .box_w = 13, .box_h = 26, .ofs_x = 1, .ofs_y = -6},
    {.bitmap_index = 78936, .adv_w = 324, .box_w = 17, .box_h = 26, .ofs_x = 2, .ofs_y = -6},
    {.bitmap_index = 79157, .adv_w = 249, .box_w = 13, .box_h = 26, .ofs_x = 1, .ofs_y = -6},
    {.bitmap_index = 79326, .adv_w = 299, .box_w = 16, .box_h = 30, .ofs_x = 2, .ofs_y = 0},
    {.bitmap_index = 79566, .adv_w = 249, .box_w = 14, .box_h = 25, .ofs_x = 1, .ofs_y = 0},
    {.bitmap_index = 79741, .adv_w = 299, .box_w = 16, .box_h = 30, .ofs_x = 2, .ofs_y = 0},
    {.bitmap_index = 79981, .adv_w = 249, .box_w = 14, .box_h = 25, .ofs_x = 1, .ofs_y = 0},
    {.bitmap_index = 80156, .adv_w = 299, .box_w = 16, .box_h = 26, .ofs_x = 2, .ofs_y = -6},
    {.bitmap_index = 80364, .adv_w = 249, .box_w = 14, .box_h = 21, .ofs_x = 1, .ofs_y = -6},
    {.bitmap_index = 80511, .adv_w = 299, .box_w = 16, .box_h = 26, .ofs_x = 2, .ofs_y = -6},
    {.bitmap_index = 80719, .adv_w = 249, .box_w = 14, .box_h = 21, .ofs_x = 1, .ofs_y = -6},
    {.bitmap_index = 80866, .adv_w = 299, .box_w = 16, .box_h = 32, .ofs_x = 2, .ofs_y = -6},
    {.bitmap_index = 81122, .adv_w = 249, .box_w = 14, .box_h = 26, .ofs_x = 1, .ofs_y = -6},
    {.bitmap_index = 81304, .adv_w = 274, .box_w = 14, .box_h = 25, .ofs_x = 2, .ofs_y = 0},
    {.bitmap_index = 81479, .adv_w = 124, .box_w = 9, .box_h = 25, .ofs_x = 0, .ofs_y = 0},
    {.bitmap_index = 81592, .adv_w = 319, .box_w = 18, .box_h = 25, .ofs_x = 1, .ofs_y = 0},
    {.bitmap_index = 81817, .adv_w = 272, .box_w = 14, .box_h = 24, .ofs_x = 1, .ofs_y = -4},
    {.bitmap_index = 81985, .adv_w = 324, .box_w = 16, .box_h = 25, .ofs_x = 2, .ofs_y = 0},
    {.bitmap_index = 82185, .adv_w = 249, .box_w = 13, .box_h = 25, .ofs_x = 1, .ofs_y = 0},
    {.bitmap_index = 82348, .adv_w = 324, .box_w = 16, .box_h = 26, .ofs_x = 2, .ofs_y = -6},
    {.bitmap_index = 82556, .adv_w = 249, .box_w = 13, .box_h = 26, .ofs_x = 1, .ofs_y = -6},
    {.bitmap_index = 82725, .adv_w = 324, .box_w = 16, .box_h = 25, .ofs_x = 2, .ofs_y = 0},
    {.bitmap_index = 82925, .adv_w = 249, .box_w = 13, .box_h = 25, .ofs_x = 1, .ofs_y = 0},
    {.bitmap_index = 83088, .adv_w = 324, .box_w = 18, .box_h = 26, .ofs_x = 0, .ofs_y = -6},
    {.bitmap_index = 83322, .adv_w = 249, .box_w = 14, .box_h = 26, .ofs_x = 0, .ofs_y = -6},
    {.bitmap_index = 83504, .adv_w = 324, .box_w = 16, .box_h = 26, .ofs_x = 2, .ofs_y = -6},
    {.bitmap_index = 83712, .adv_w = 249, .box_w = 13, .box_h = 26, .ofs_x = 1, .ofs_y = -6},
    {.bitmap_index = 83881, .adv_w = 124, .box_w = 10, .box_h = 26, .ofs_x = -1, .ofs_y = -6},
    {.bitmap_index = 84011, .adv_w = 100, .box_w = 10, .box_h = 26, .ofs_x = -2, .ofs_y = -6},
    {.bitmap_index = 84141, .adv_w = 124, .box_w = 8, .box_h = 30, .ofs_x = 0, .ofs_y = 0},
    {.bitmap_index = 84261, .adv_w = 124, .box_w = 8, .box_h = 25, .ofs_x = 0, .ofs_y = 0},
    {.bitmap_index = 84361, .adv_w = 299, .box_w = 17, .box_h = 25, .ofs_x = 2, .ofs_y = 0},
    {.bitmap_index = 84574, .adv_w = 224, .box_w = 13, .box_h = 25, .ofs_x = 1, .ofs_y = 0},
    {.bitmap_index = 84737, .adv_w = 299, .box_w = 17, .box_h = 26, .ofs_x = 2, .ofs_y = -6},
    {.bitmap_index = 84958, .adv_w = 224, .box_w = 13, .box_h = 26, .ofs_x = 1, .ofs_y = -6},
    {.bitmap_index = 85127, .adv_w = 299, .box_w = 17, .box_h = 26, .ofs_x = 2, .ofs_y = -6},
    {.bitmap_index = 85348, .adv_w = 224, .box_w = 13, .box_h = 26, .ofs_x = 1, .ofs_y = -6},
    {.bitmap_index = 85517, .adv_w = 249, .box_w = 13, .box_h = 26, .ofs_x = 2, .ofs_y = -6},
    {.bitmap_index = 85686, .adv_w = 100, .box_w = 4, .box_h = 26, .ofs_x = 1, .ofs_y = -6},
    {.bitmap_index = 85738, .adv_w = 249, .box_w = 13, .box_h = 31, .ofs_x = 2, .ofs_y = -6},
    {.bitmap_index = 85940, .adv_w = 100, .box_w = 10, .box_h = 31, .ofs_x = -2, .ofs_y = -6},
    {.bitmap_index = 86095, .adv_w = 249, .box_w = 13, .box_h = 26, .ofs_x = 2, .ofs_y = -6},
    {.bitmap_index = 86264, .adv_w = 100, .box_w = 10, .box_h = 26, .ofs_x = -2, .ofs_y = -6},
    {.bitmap_index = 86394, .adv_w = 249, .box_w = 13, .box_h = 26, .ofs_x = 2, .ofs_y = -6},
    {.bitmap_index = 86563, .adv_w = 100, .box_w = 10, .box_h = 26, .ofs_x = -2, .ofs_y = -6},
    {.bitmap_index = 86693, .adv_w = 373, .box_w = 20, .box_h = 25, .ofs_x = 2, .ofs_y = 0},
    {.bitmap_index = 86943, .adv_w = 373, .box_w = 21, .box_h = 20, .ofs_x = 1, .ofs_y = 0},
    {.bitmap_index = 87153, .adv_w = 373, .box_w = 20, .box_h = 25, .ofs_x = 2, .ofs_y = 0},
    {.bitmap_index = 87403, .adv_w = 373, .box_w = 21, .box_h = 20, .ofs_x = 1, .ofs_y = 0},
    {.bitmap_index = 87613, .adv_w = 373, .box_w = 20, .box_h = 26, .ofs_x = 2, .ofs_y = -6},
    {.bitmap_index = 87873, .adv_w = 373, .box_w = 21, .box_h = 21, .ofs_x = 1, .ofs_y = -6},
    {.bitmap_index = 88094, .adv_w = 324, .box_w = 16, .box_h = 25, .ofs_x = 2, .ofs_y = 0},
    {.bitmap_index = 88294, .adv_w = 249, .box_w = 13, .box_h = 20, .ofs_x = 1, .ofs_y = 0},
    {.bitmap_index = 88424, .adv_w = 324, .box_w = 16, .box_h = 26, .ofs_x = 2, .ofs_y = -6},
    {.bitmap_index = 88632, .adv_w = 249, .box_w = 13, .box_h = 21, .ofs_x = 1, .ofs_y = -6},
    {.bitmap_index = 88769, .adv_w = 324, .box_w = 16, .box_h = 26, .ofs_x = 2, .ofs_y = -6},
    {.bitmap_index = 88977, .adv_w = 249, .box_w = 13, .box_h = 21, .ofs_x = 1, .ofs_y = -6},
    {.bitmap_index = 89114, .adv_w = 324, .box_w = 16, .box_h = 26, .ofs_x = 2, .ofs_y = -6},
    {.bitmap_index = 89322, .adv_w = 249, .box_w = 13, .box_h = 21, .ofs_x = 1, .ofs_y = -6},
    {.bitmap_index = 89459, .adv_w = 348, .box_w = 20, .box_h = 31, .ofs_x = 1, .ofs_y = 0},
    {.bitmap_index = 89769, .adv_w = 249, .box_w = 15, .box_h = 26, .ofs_x = 0, .ofs_y = 0},
    {.bitmap_index = 89964, .adv_w = 348, .box_w = 20, .box_h = 30, .ofs_x = 1, .ofs_y = 0},
    {.bitmap_index = 90264, .adv_w = 249, .box_w = 15, .box_h = 25, .ofs_x = 0, .ofs_y = 0},
    {.bitmap_index = 90452, .adv_w = 348, .box_w = 20, .box_h = 30, .ofs_x = 1, .ofs_y = 0},
    {.bitmap_index = 90752, .adv_w = 249, .box_w = 15, .box_h = 25, .ofs_x = 0, .ofs_y = 0},
    {.bitmap_index = 90940, .adv_w = 348, .box_w = 20, .box_h = 30, .ofs_x = 1, .ofs_y = 0},
    {.bitmap_index = 91240, .adv_w = 249, .box_w = 15, .box_h = 25, .ofs_x = 0, .ofs_y = 0},
    {.bitmap_index = 91428, .adv_w = 299, .box_w = 16, .box_h = 25, .ofs_x = 2, .ofs_y = 0},
    {.bitmap_index = 91628, .adv_w = 249, .box_w = 14, .box_h = 26, .ofs_x = 1, .ofs_y = -6},
    {.bitmap_index = 91810, .adv_w = 299, .box_w = 16, .box_h = 25, .ofs_x = 2, .ofs_y = 0},
    {.bitmap_index = 92010, .adv_w = 249, .box_w = 14, .box_h = 26, .ofs_x = 1, .ofs_y = -6},
    {.bitmap_index = 92192, .adv_w = 324, .box_w = 18, .box_h = 25, .ofs_x = 2, .ofs_y = 0},
    {.bitmap_index = 92417, .adv_w = 149, .box_w = 9, .box_h = 20, .ofs_x = 1, .ofs_y = 0},
    {.bitmap_index = 92507, .adv_w = 324, .box_w = 18, .box_h = 26, .ofs_x = 2, .ofs_y = -6},
    {.bitmap_index = 92741, .adv_w = 149, .box_w = 9, .box_h = 21, .ofs_x = 1, .ofs_y = -6},
    {.bitmap_index = 92836, .adv_w = 324, .box_w = 18, .box_h = 31, .ofs_x = 2, .ofs_y = -6},
    {.bitmap_index = 93115, .adv_w = 149, .box_w = 10, .box_h = 26, .ofs_x = 0, .ofs_y = -6},
    {.bitmap_index = 93245, .adv_w = 324, .box_w = 18, .box_h = 26, .ofs_x = 2, .ofs_y = -6},
    {.bitmap_index = 93479, .adv_w = 149, .box_w = 10, .box_h = 21, .ofs_x = 0, .ofs_y = -6},
    {.bitmap_index = 93584, .adv_w = 299, .box_w = 17, .box_h = 25, .ofs_x = 1, .ofs_y = 0},
    {.bitmap_index = 93797, .adv_w = 224, .box_w = 13, .box_h = 20, .ofs_x = 0, .ofs_y = 0},
    {.bitmap_index = 93927, .adv_w = 299, .box_w = 17, .box_h = 26, .ofs_x = 1, .ofs_y = -6},
    {.bitmap_index = 94148, .adv_w = 224, .box_w = 13, .box_h = 21, .ofs_x = 0, .ofs_y = -6},
    {.bitmap_index = 94285, .adv_w = 299, .box_w = 17, .box_h = 27, .ofs_x = 1, .ofs_y = 0},
    {.bitmap_index = 94515, .adv_w = 224, .box_w = 13, .box_h = 22, .ofs_x = 0, .ofs_y = 0},
    {.bitmap_index = 94658, .adv_w = 299, .box_w = 17, .box_h = 30, .ofs_x = 1, .ofs_y = 0},
    {.bitmap_index = 94913, .adv_w = 224, .box_w = 13, .box_h = 25, .ofs_x = 0, .ofs_y = 0},
    {.bitmap_index = 95076, .adv_w = 299, .box_w = 17, .box_h = 31, .ofs_x = 1, .ofs_y = -6},
    {.bitmap_index = 95340, .adv_w = 224, .box_w = 13, .box_h = 26, .ofs_x = 0, .ofs_y = -6},
    {.bitmap_index = 95509, .adv_w = 274, .box_w = 17, .box_h = 25, .ofs_x = 0, .ofs_y = 0},
    {.bitmap_index = 95722, .adv_w = 124, .box_w = 8, .box_h = 25, .ofs_x = 0, .ofs_y = 0},
    {.bitmap_index = 95822, .adv_w = 274, .box_w = 17, .box_h = 26, .ofs_x = 0, .ofs_y = -6},
    {.bitmap_index = 96043, .adv_w = 124, .box_w = 8, .box_h = 27, .ofs_x = 0, .ofs_y = -6},
    {.bitmap_index = 96151, .adv_w = 274, .box_w = 17, .box_h = 26, .ofs_x = 0, .ofs_y = -6},
    {.bitmap_index = 96372, .adv_w = 124, .box_w = 10, .box_h = 26, .ofs_x = -1, .ofs_y = -5},
    {.bitmap_index = 96502, .adv_w = 274, .box_w = 17, .box_h = 26, .ofs_x = 0, .ofs_y = -6},
    {.bitmap_index = 96723, .adv_w = 124, .box_w = 9, .box_h = 27, .ofs_x = 0, .ofs_y = -6},
    {.bitmap_index = 96845, .adv_w = 324, .box_w = 16, .box_h = 26, .ofs_x = 2, .ofs_y = -6},
    {.bitmap_index = 97053, .adv_w = 249, .box_w = 13, .box_h = 21, .ofs_x = 1, .ofs_y = -6},
    {.bitmap_index = 97190, .adv_w = 324, .box_w = 16, .box_h = 26, .ofs_x = 2, .ofs_y = -6},
    {.bitmap_index = 97398, .adv_w = 249, .box_w = 13, .box_h = 21, .ofs_x = 1, .ofs_y = -6},
    {.bitmap_index = 97535, .adv_w = 324, .box_w = 16, .box_h = 26, .ofs_x = 2, .ofs_y = -6},
    {.bitmap_index = 97743, .adv_w = 249, .box_w = 13, .box_h = 21, .ofs_x = 1, .ofs_y = -6},
    {.bitmap_index = 97880, .adv_w = 324, .box_w = 16, .box_h = 31, .ofs_x = 2, .ofs_y = 0},
    {.bitmap_index = 98128, .adv_w = 249, .box_w = 13, .box_h = 26, .ofs_x = 1, .ofs_y = 0},
    {.bitmap_index = 98297, .adv_w = 324, .box_w = 16, .box_h = 29, .ofs_x = 2, .ofs_y = 0},
    {.bitmap_index = 98529, .adv_w = 249, .box_w = 13, .box_h = 24, .ofs_x = 1, .ofs_y = 0},
    {.bitmap_index = 98685, .adv_w = 299, .box_w = 19, .box_h = 25, .ofs_x = 0, .ofs_y = 0},
    {.bitmap_index = 98923, .adv_w = 224, .box_w = 14, .box_h = 20, .ofs_x = 0, .ofs_y = 0},
    {.bitmap_index = 99063, .adv_w = 299, .box_w = 19, .box_h = 26, .ofs_x = 0, .ofs_y = -6},
    {.bitmap_index = 99310, .adv_w = 224, .box_w = 14, .box_h = 21, .ofs_x = 0, .ofs_y = -6},
    {.bitmap_index = 99457, .adv_w = 434, .box_w = 26, .box_h = 25, .ofs_x = 1, .ofs_y = 0},
    {.bitmap_index = 99782, .adv_w = 371, .box_w = 23, .box_h = 20, .ofs_x = 0, .ofs_y = 0},
    {.bitmap_index = 100012, .adv_w = 434, .box_w = 26, .box_h = 25, .ofs_x = 1, .ofs_y = 0},
    {.bitmap_index = 100337, .adv_w = 371, .box_w = 23, .box_h = 20, .ofs_x = 0, .ofs_y = 0},
    {.bitmap_index = 100567, .adv_w = 434, .box_w = 26, .box_h = 25, .ofs_x = 1, .ofs_y = 0},
    {.bitmap_index = 100892, .adv_w = 371, .box_w = 23, .box_h = 20, .ofs_x = 0, .ofs_y = 0},
    {.bitmap_index = 101122, .adv_w = 423, .box_w = 27, .box_h = 25, .ofs_x = 0, .ofs_y = 0},
    {.bitmap_index = 101460, .adv_w = 324, .box_w = 21, .box_h = 20, .ofs_x = 0, .ofs_y = 0},
    {.bitmap_index = 101670, .adv_w = 423, .box_w = 27, .box_h = 26, .ofs_x = 0, .ofs_y = -6},
    {.bitmap_index = 102021, .adv_w = 324, .box_w = 21, .box_h = 21, .ofs_x = 0, .ofs_y = -6},
    {.bitmap_index = 102242, .adv_w = 299, .box_w = 19, .box_h = 25, .ofs_x = 0, .ofs_y = 0},
    {.bitmap_index = 102480, .adv_w = 224, .box_w = 14, .box_h = 20, .ofs_x = 0, .ofs_y = 0},
    {.bitmap_index = 102620, .adv_w = 299, .box_w = 19, .box_h = 25, .ofs_x = 0, .ofs_y = 0},
    {.bitmap_index = 102858, .adv_w = 224, .box_w = 14, .box_h = 20, .ofs_x = 0, .ofs_y = 0},
    {.bitmap_index = 102998, .adv_w = 299, .box_w = 19, .box_h = 25, .ofs_x = 0, .ofs_y = 0},
    {.bitmap_index = 103236, .adv_w = 224, .box_w = 14, .box_h = 26, .ofs_x = 0, .ofs_y = -6},
    {.bitmap_index = 103418, .adv_w = 274, .box_w = 17, .box_h = 26, .ofs_x = 0, .ofs_y = 0},
    {.bitmap_index = 103639, .adv_w = 224, .box_w = 14, .box_h = 20, .ofs_x = 0, .ofs_y = 0},
    {.bitmap_index = 103779, .adv_w = 274, .box_w = 17, .box_h = 26, .ofs_x = 0, .ofs_y = -6},
    {.bitmap_index = 104000, .adv_w = 224, .box_w = 14, .box_h = 21, .ofs_x = 0, .ofs_y = -6},
    {.bitmap_index = 104147, .adv_w = 274, .box_w = 17, .box_h = 26, .ofs_x = 0, .ofs_y = -6},
    {.bitmap_index = 104368, .adv_w = 224, .box_w = 14, .box_h = 21, .ofs_x = 0, .ofs_y = -6},
    {.bitmap_index = 104515, .adv_w = 249, .box_w = 13, .box_h = 26, .ofs_x = 1, .ofs_y = -6},
    {.bitmap_index = 104684, .adv_w = 124, .box_w = 8, .box_h = 25, .ofs_x = 0, .ofs_y = 0},
    {.bitmap_index = 104784, .adv_w = 324, .box_w = 21, .box_h = 21, .ofs_x = 0, .ofs_y = 0},
    {.bitmap_index = 105005, .adv_w = 224, .box_w = 14, .box_h = 27, .ofs_x = 0, .ofs_y = -6},
    {.bitmap_index = 105194, .adv_w = 249, .box_w = 15, .box_h = 23, .ofs_x = 1, .ofs_y = 0},
    {.bitmap_index = 105367, .adv_w = 124, .box_w = 9, .box_h = 25, .ofs_x = 0, .ofs_y = 0},
    {.bitmap_index = 105480, .adv_w = 317, .box_w = 17, .box_h = 20, .ofs_x = 2, .ofs_y = 0},
    {.bitmap_index = 105650, .adv_w = 309, .box_w = 19, .box_h = 24, .ofs_x = 0, .ofs_y = -4},
    {.bitmap_index = 105878, .adv_w = 253, .box_w = 15, .box_h = 19, .ofs_x = 1, .ofs_y = -4},
    {.bitmap_index = 106021, .adv_w = 309, .box_w = 19, .box_h = 26, .ofs_x = 0, .ofs_y = 0},
    {.bitmap_index = 106268, .adv_w = 253, .box_w = 15, .box_h = 21, .ofs_x = 1, .ofs_y = 0},
    {.bitmap_index = 106426, .adv_w = 309, .box_w = 19, .box_h = 28, .ofs_x = 0, .ofs_y = 0},
    {.bitmap_index = 106692, .adv_w = 253, .box_w = 15, .box_h = 23, .ofs_x = 1, .ofs_y = 0},
    {.bitmap_index = 106865, .adv_w = 309, .box_w = 19, .box_h = 28, .ofs_x = 0, .ofs_y = 0},
    {.bitmap_index = 107131, .adv_w = 253, .box_w = 15, .box_h = 23, .ofs_x = 1, .ofs_y = 0},
    {.bitmap_index = 107304, .adv_w = 309, .box_w = 19, .box_h = 28, .ofs_x = 0, .ofs_y = 0},
    {.bitmap_index = 107570, .adv_w = 253, .box_w = 15, .box_h = 24, .ofs_x = 1, .ofs_y = 0},
    {.bitmap_index = 107750, .adv_w = 309, .box_w = 19, .box_h = 29, .ofs_x = 0, .ofs_y = 0},
    {.bitmap_index = 108026, .adv_w = 253, .box_w = 15, .box_h = 24, .ofs_x = 1, .ofs_y = 0},
    {.bitmap_index = 108206, .adv_w = 309, .box_w = 19, .box_h = 30, .ofs_x = 0, .ofs_y = -4},
    {.bitmap_index = 108491, .adv_w = 253, .box_w = 15, .box_h = 25, .ofs_x = 1, .ofs_y = -4},
    {.bitmap_index = 108679, .adv_w = 309, .box_w = 19, .box_h = 29, .ofs_x = 0, .ofs_y = 0},
    {.bitmap_index = 108955, .adv_w = 253, .box_w = 15, .box_h = 24, .ofs_x = 1, .ofs_y = 0},
    {.bitmap_index = 109135, .adv_w = 309, .box_w = 19, .box_h = 29, .ofs_x = 0, .ofs_y = 0},
    {.bitmap_index = 109411, .adv_w = 253, .box_w = 15, .box_h = 24, .ofs_x = 1, .ofs_y = 0},
    {.bitmap_index = 109591, .adv_w = 309, .box_w = 19, .box_h = 29, .ofs_x = 0, .ofs_y = 0},
    {.bitmap_index = 109867, .adv_w = 253, .box_w = 15, .box_h = 25, .ofs_x = 1, .ofs_y = 0},
    {.bitmap_index = 110055, .adv_w = 309, .box_w = 19, .box_h = 29, .ofs_x = 0, .ofs_y = 0},
    {.bitmap_index = 110331, .adv_w = 253, .box_w = 15, .box_h = 25, .ofs_x = 1, .ofs_y = 0},
    {.bitmap_index = 110519, .adv_w = 309, .box_w = 19, .box_h = 30, .ofs_x = 0, .ofs_y = -4},
    {.bitmap_index = 110804, .adv_w = 253, .box_w = 15, .box_h = 25, .ofs_x = 1, .ofs_y = -4},
    {.bitmap_index = 110992, .adv_w = 273, .box_w = 14, .box_h = 24, .ofs_x = 2, .ofs_y = -4},
    {.bitmap_index = 111160, .adv_w = 258, .box_w = 14, .box_h = 19, .ofs_x = 1, .ofs_y = -4},
    {.bitmap_index = 111293, .adv_w = 273, .box_w = 14, .box_h = 26, .ofs_x = 2, .ofs_y = 0},
    {.bitmap_index = 111475, .adv_w = 258, .box_w = 14, .box_h = 21, .ofs_x = 1, .ofs_y = 0},
    {.bitmap_index = 111622, .adv_w = 273, .box_w = 14, .box_h = 25, .ofs_x = 2, .ofs_y = 0},
    {.bitmap_index = 111797, .adv_w = 258, .box_w = 14, .box_h = 21, .ofs_x = 1, .ofs_y = 0},
    {.bitmap_index = 111944, .adv_w = 273, .box_w = 14, .box_h = 28, .ofs_x = 2, .ofs_y = 0},
    {.bitmap_index = 112140, .adv_w = 258, .box_w = 15, .box_h = 23, .ofs_x = 1, .ofs_y = 0},
    {.bitmap_index = 112313, .adv_w = 273, .box_w = 14, .box_h = 28, .ofs_x = 2, .ofs_y = 0},
    {.bitmap_index = 112509, .adv_w = 258, .box_w = 14, .box_h = 23, .ofs_x = 1, .ofs_y = 0},
    {.bitmap_index = 112670, .adv_w = 273, .box_w = 14, .box_h = 28, .ofs_x = 2, .ofs_y = 0},
    {.bitmap_index = 112866, .adv_w = 258, .box_w = 14, .box_h = 24, .ofs_x = 1, .ofs_y = 0},
    {.bitmap_index = 113034, .adv_w = 273, .box_w = 14, .box_h = 29, .ofs_x = 2, .ofs_y = 0},
    {.bitmap_index = 113237, .adv_w = 258, .box_w = 14, .box_h = 24, .ofs_x = 1, .ofs_y = 0},
    {.bitmap_index = 113405, .adv_w = 273, .box_w = 14, .box_h = 30, .ofs_x = 2, .ofs_y = -4},
    {.bitmap_index = 113615, .adv_w = 258, .box_w = 14, .box_h = 25, .ofs_x = 1, .ofs_y = -4},
    {.bitmap_index = 113790, .adv_w = 125, .box_w = 6, .box_h = 26, .ofs_x = 1, .ofs_y = 0},
    {.bitmap_index = 113868, .adv_w = 115, .box_w = 5, .box_h = 21, .ofs_x = 1, .ofs_y = 0},
    {.bitmap_index = 113921, .adv_w = 125, .box_w = 4, .box_h = 24, .ofs_x = 2, .ofs_y = -4},
    {.bitmap_index = 113969, .adv_w = 115, .box_w = 4, .box_h = 24, .ofs_x = 2, .ofs_y = -4},
    {.bitmap_index = 114017, .adv_w = 336, .box_w = 19, .box_h = 24, .ofs_x = 1, .ofs_y = -4},
    {.bitmap_index = 114245, .adv_w = 263, .box_w = 15, .box_h = 19, .ofs_x = 1, .ofs_y = -4},
    {.bitmap_index = 114388, .adv_w = 336, .box_w = 19, .box_h = 26, .ofs_x = 1, .ofs_y = 0},
    {.bitmap_index = 114635, .adv_w = 263, .box_w = 15, .box_h = 21, .ofs_x = 1, .ofs_y = 0},
    {.bitmap_index = 114793, .adv_w = 336, .box_w = 19, .box_h = 28, .ofs_x = 1, .ofs_y = 0},
    {.bitmap_index = 115059, .adv_w = 263, .box_w = 15, .box_h = 23, .ofs_x = 1, .ofs_y = 0},
    {.bitmap_index = 115232, .adv_w = 336, .box_w = 19, .box_h = 28, .ofs_x = 1, .ofs_y = 0},
    {.bitmap_index = 115498, .adv_w = 263, .box_w = 15, .box_h = 23, .ofs_x = 1, .ofs_y = 0},
    {.bitmap_index = 115671, .adv_w = 336, .box_w = 19, .box_h = 29, .ofs_x = 1, .ofs_y = 0},
    {.bitmap_index = 115947, .adv_w = 263, .box_w = 15, .box_h = 24, .ofs_x = 1, .ofs_y = 0},
    {.bitmap_index = 116127, .adv_w = 336, .box_w = 19, .box_h = 29, .ofs_x = 1, .ofs_y = 0},
    {.bitmap_index = 116403, .adv_w = 263, .box_w = 15, .box_h = 24, .ofs_x = 1, .ofs_y = 0},
    {.bitmap_index = 116583, .adv_w = 336, .box_w = 19, .box_h = 30, .ofs_x = 1, .ofs_y = -4},
    {.bitmap_index = 116868, .adv_w = 263, .box_w = 15, .box_h = 25, .ofs_x = 1, .ofs_y = -4},
    {.bitmap_index = 117056, .adv_w = 336, .box_w = 19, .box_h = 26, .ofs_x = 1, .ofs_y = 0},
    {.bitmap_index = 117303, .adv_w = 263, .box_w = 15, .box_h = 21, .ofs_x = 1, .ofs_y = 0},
    {.bitmap_index = 117461, .adv_w = 336, .box_w = 19, .box_h = 26, .ofs_x = 1, .ofs_y = 0},
    {.bitmap_index = 117708, .adv_w = 263, .box_w = 15, .box_h = 21, .ofs_x = 1, .ofs_y = 0},
    {.bitmap_index = 117866, .adv_w = 336, .box_w = 19, .box_h = 26, .ofs_x = 1, .ofs_y = 0},
    {.bitmap_index = 118113, .adv_w = 263, .box_w = 15, .box_h = 21, .ofs_x = 1, .ofs_y = 0},
    {.bitmap_index = 118271, .adv_w = 336, .box_w = 19, .box_h = 26, .ofs_x = 1, .ofs_y = 0},
    {.bitmap_index = 118518, .adv_w = 263, .box_w = 15, .box_h = 21, .ofs_x = 1, .ofs_y = 0},
    {.bitmap_index = 118676, .adv_w = 336, .box_w = 19, .box_h = 28, .ofs_x = 1, .ofs_y = -4},
    {.bitmap_index = 118942, .adv_w = 263, .box_w = 15, .box_h = 23, .ofs_x = 1, .ofs_y = -4},
    {.bitmap_index = 119115, .adv_w = 311, .box_w = 17, .box_h = 24, .ofs_x = 1, .ofs_y = -4},
    {.bitmap_index = 119319, .adv_w = 263, .box_w = 13, .box_h = 19, .ofs_x = 2, .ofs_y = -4},
    {.bitmap_index = 119443, .adv_w = 311, .box_w = 17, .box_h = 26, .ofs_x = 1, .ofs_y = 0},
    {.bitmap_index = 119664, .adv_w = 263, .box_w = 13, .box_h = 21, .ofs_x = 2, .ofs_y = 0},
    {.bitmap_index = 119801, .adv_w = 311, .box_w = 20, .box_h = 26, .ofs_x = 1, .ofs_y = 0},
    {.bitmap_index = 120061, .adv_w = 265, .box_w = 15, .box_h = 21, .ofs_x = 2, .ofs_y = 0},
    {.bitmap_index = 120219, .adv_w = 311, .box_w = 20, .box_h = 26, .ofs_x = 1, .ofs_y = 0},
    {.bitmap_index = 120479, .adv_w = 265, .box_w = 15, .box_h = 21, .ofs_x = 2, .ofs_y = 0},
    {.bitmap_index = 120637, .adv_w = 311, .box_w = 20, .box_h = 26, .ofs_x = 1, .ofs_y = 0},
    {.bitmap_index = 120897, .adv_w = 265, .box_w = 15, .box_h = 21, .ofs_x = 2, .ofs_y = 0},
    {.bitmap_index = 121055, .adv_w = 311, .box_w = 20, .box_h = 26, .ofs_x = 1, .ofs_y = 0},
    {.bitmap_index = 121315, .adv_w = 265, .box_w = 15, .box_h = 21, .ofs_x = 2, .ofs_y = 0},
    {.bitmap_index = 121473, .adv_w = 311, .box_w = 20, .box_h = 28, .ofs_x = 1, .ofs_y = -4},
    {.bitmap_index = 121753, .adv_w = 265, .box_w = 15, .box_h = 23, .ofs_x = 2, .ofs_y = -4},
    {.bitmap_index = 121926, .adv_w = 266, .box_w = 18, .box_h = 25, .ofs_x = -1, .ofs_y = 0},
    {.bitmap_index = 122151, .adv_w = 248, .box_w = 15, .box_h = 24, .ofs_x = 0, .ofs_y = -4},
    {.bitmap_index = 122331, .adv_w = 266, .box_w = 18, .box_h = 24, .ofs_x = -1, .ofs_y = -4},
    {.bitmap_index = 122547, .adv_w = 248, .box_w = 15, .box_h = 19, .ofs_x = 0, .ofs_y = -4},
    {.bitmap_index = 122690, .adv_w = 266, .box_w = 18, .box_h = 26, .ofs_x = -1, .ofs_y = 0},
    {.bitmap_index = 122924, .adv_w = 248, .box_w = 15, .box_h = 25, .ofs_x = 0, .ofs_y = -4},
    {.bitmap_index = 123112, .adv_w = 266, .box_w = 18, .box_h = 25, .ofs_x = -1, .ofs_y = 0},
    {.bitmap_index = 123337, .adv_w = 248, .box_w = 15, .box_h = 25, .ofs_x = 0, .ofs_y = -4},
    {.bitmap_index = 123525, .adv_w = 265, .box_w = 15, .box_h = 3, .ofs_x = 1, .ofs_y = 7},
    {.bitmap_index = 123548, .adv_w = 407, .box_w = 24, .box_h = 3, .ofs_x = 1, .ofs_y = 7},
    {.bitmap_index = 123584, .adv_w = 253, .box_w = 16, .box_h = 3, .ofs_x = 0, .ofs_y = 6},
    {.bitmap_index = 123608, .adv_w = 192, .box_w = 8, .box_h = 23, .ofs_x = 2, .ofs_y = -3},
    {.bitmap_index = 123700, .adv_w = 224, .box_w = 16, .box_h = 5, .ofs_x = -1, .ofs_y = -5},
    {.bitmap_index = 123740, .adv_w = 98, .box_w = 4, .box_h = 8, .ofs_x = 1, .ofs_y = 12},
    {.bitmap_index = 123756, .adv_w = 98, .box_w = 4, .box_h = 8, .ofs_x = 1, .ofs_y = 12},
    {.bitmap_index = 123772, .adv_w = 95, .box_w = 4, .box_h = 8, .ofs_x = 1, .ofs_y = -4},
    {.bitmap_index = 123788, .adv_w = 100, .box_w = 4, .box_h = 7, .ofs_x = 1, .ofs_y = 13},
    {.bitmap_index = 123802, .adv_w = 179, .box_w = 9, .box_h = 8, .ofs_x = 1, .ofs_y = 12},
    {.bitmap_index = 123838, .adv_w = 179, .box_w = 9, .box_h = 8, .ofs_x = 1, .ofs_y = 12},
    {.bitmap_index = 123874, .adv_w = 177, .box_w = 9, .box_h = 8, .ofs_x = 1, .ofs_y = -4},
    {.bitmap_index = 123910, .adv_w = 149, .box_w = 8, .box_h = 7, .ofs_x = 1, .ofs_y = 13},
    {.bitmap_index = 123938, .adv_w = 262, .box_w = 12, .box_h = 20, .ofs_x = 2, .ofs_y = 0},
    {.bitmap_index = 124058, .adv_w = 262, .box_w = 12, .box_h = 20, .ofs_x = 2, .ofs_y = 0},
    {.bitmap_index = 124178, .adv_w = 147, .box_w = 8, .box_h = 7, .ofs_x = 1, .ofs_y = 5},
    {.bitmap_index = 124206, .adv_w = 157, .box_w = 8, .box_h = 10, .ofs_x = 1, .ofs_y = 5},
    {.bitmap_index = 124246, .adv_w = 124, .box_w = 4, .box_h = 3, .ofs_x = 2, .ofs_y = 0},
    {.bitmap_index = 124252, .adv_w = 249, .box_w = 12, .box_h = 3, .ofs_x = 2, .ofs_y = 0},
    {.bitmap_index = 124270, .adv_w = 274, .box_w = 15, .box_h = 4, .ofs_x = 1, .ofs_y = 0},
    {.bitmap_index = 124300, .adv_w = 156, .box_w = 8, .box_h = 12, .ofs_x = 1, .ofs_y = 2},
    {.bitmap_index = 124348, .adv_w = 338, .box_w = 21, .box_h = 21, .ofs_x = 0, .ofs_y = -1},
    {.bitmap_index = 124569, .adv_w = 256, .box_w = 16, .box_h = 20, .ofs_x = 0, .ofs_y = -2}
};

/*---------------------
 *  CHARACTER MAPPING
 *--------------------*/

static const uint16_t unicode_list_9[] = {
    0x0, 0x6d9, 0x6dd
};

/*Collect the unicode lists and glyph_id offsets*/
static const lv_font_fmt_txt_cmap_t cmaps[] =
{
    {
        .range_start = 32, .range_length = 95, .glyph_id_start = 1,
        .unicode_list = NULL, .glyph_id_ofs_list = NULL, .list_length = 0, .type = LV_FONT_FMT_TXT_CMAP_FORMAT0_TINY
    },
    {
        .range_start = 160, .range_length = 86, .glyph_id_start = 96,
        .unicode_list = NULL, .glyph_id_ofs_list = NULL, .list_length = 0, .type = LV_FONT_FMT_TXT_CMAP_FORMAT0_TINY
    },
    {
        .range_start = 246, .range_length = 256, .glyph_id_start = 182,
        .unicode_list = NULL, .glyph_id_ofs_list = NULL, .list_length = 0, .type = LV_FONT_FMT_TXT_CMAP_FORMAT0_TINY
    },
    {
        .range_start = 506, .range_length = 34, .glyph_id_start = 438,
        .unicode_list = NULL, .glyph_id_ofs_list = NULL, .list_length = 0, .type = LV_FONT_FMT_TXT_CMAP_FORMAT0_TINY
    },
    {
        .range_start = 567, .range_length = 1, .glyph_id_start = 472,
        .unicode_list = NULL, .glyph_id_ofs_list = NULL, .list_length = 0, .type = LV_FONT_FMT_TXT_CMAP_FORMAT0_TINY
    },
    {
        .range_start = 7680, .range_length = 156, .glyph_id_start = 473,
        .unicode_list = NULL, .glyph_id_ofs_list = NULL, .list_length = 0, .type = LV_FONT_FMT_TXT_CMAP_FORMAT0_TINY
    },
    {
        .range_start = 7838, .range_length = 1, .glyph_id_start = 629,
        .unicode_list = NULL, .glyph_id_ofs_list = NULL, .list_length = 0, .type = LV_FONT_FMT_TXT_CMAP_FORMAT0_TINY
    },
    {
        .range_start = 7840, .range_length = 90, .glyph_id_start = 630,
        .unicode_list = NULL, .glyph_id_ofs_list = NULL, .list_length = 0, .type = LV_FONT_FMT_TXT_CMAP_FORMAT0_TINY
    },
    {
        .range_start = 8211, .range_length = 20, .glyph_id_start = 720,
        .unicode_list = NULL, .glyph_id_ofs_list = NULL, .list_length = 0, .type = LV_FONT_FMT_TXT_CMAP_FORMAT0_TINY
    },
    {
        .range_start = 8250, .range_length = 1758, .glyph_id_start = 740,
        .unicode_list = unicode_list_9, .glyph_id_ofs_list = NULL, .list_length = 3, .type = LV_FONT_FMT_TXT_CMAP_SPARSE_TINY
    }
};

/*-----------------
 *    KERNING
 *----------------*/


/*Map glyph_ids to kern left classes*/
static const uint8_t kern_left_class_mapping[] =
{
    0, 0, 0, 1, 0, 0, 0, 2,
    1, 3, 0, 4, 5, 6, 7, 6,
    8, 9, 10, 11, 12, 13, 14, 15,
    16, 17, 9, 18, 18, 5, 5, 5,
    0, 0, 19, 20, 21, 22, 23, 24,
    25, 26, 26, 27, 28, 29, 26, 26,
    22, 30, 22, 31, 22, 32, 27, 33,
    33, 28, 34, 35, 36, 37, 0, 5,
    0, 0, 38, 39, 39, 26, 39, 40,
    41, 42, 26, 26, 43, 38, 42, 42,
    39, 39, 41, 44, 39, 45, 41, 46,
    46, 47, 46, 48, 49, 0, 0, 5,
    0, 50, 51, 0, 0, 10, 0, 0,
    0, 52, 53, 54, 5, 0, 0, 0,
    0, 5, 0, 0, 0, 0, 0, 0,
    0, 0, 53, 55, 0, 0, 0, 56,
    19, 19, 19, 19, 19, 19, 23, 21,
    23, 23, 23, 23, 26, 26, 26, 26,
    51, 26, 22, 22, 22, 22, 22, 5,
    22, 27, 27, 27, 27, 34, 22, 0,
    38, 38, 38, 38, 38, 38, 39, 39,
    39, 39, 39, 39, 26, 26, 26, 26,
    39, 42, 39, 39, 39, 39, 39, 5,
    39, 41, 41, 41, 41, 46, 39, 46,
    19, 38, 19, 38, 19, 38, 21, 39,
    21, 39, 21, 39, 21, 39, 51, 57,
    22, 0, 23, 39, 0, 0, 23, 39,
    23, 39, 23, 39, 25, 41, 25, 41,
    25, 41, 25, 41, 26, 42, 26, 42,
    26, 26, 26, 26, 0, 0, 26, 26,
    26, 26, 27, 26, 27, 26, 28, 47,
    0, 29, 38, 29, 38, 58, 57, 0,
    0, 29, 38, 26, 42, 26, 42, 26,
    42, 0, 26, 42, 22, 39, 0, 0,
    22, 39, 23, 39, 31, 44, 31, 44,
    31, 44, 22, 39, 22, 39, 22, 39,
    22, 39, 32, 45, 32, 57, 32, 45,
    27, 41, 27, 41, 27, 41, 27, 41,
    27, 41, 27, 41, 33, 46, 34, 46,
    34, 35, 48, 35, 48, 35, 48, 0,
    0, 0, 0, 0, 0, 0, 0, 0,
    0, 0, 0, 0, 0, 0, 0, 22,
    0, 0, 40, 0, 0, 0, 0, 0,
    0, 0, 0, 0, 0, 0, 0, 0,
    22, 39, 0, 0, 0, 0, 0, 0,
    0, 0, 0, 0, 0, 0, 0, 59,
    41, 0, 0, 0, 0, 0, 0, 0,
    0, 0, 0, 0, 0, 0, 0, 0,
    0, 0, 0, 0, 0, 0, 0, 0,
    0, 0, 0, 0, 0, 19, 38, 0,
    0, 0, 0, 0, 0, 0, 0, 0,
    0, 0, 0, 0, 0, 0, 0, 0,
    0, 0, 0, 0, 25, 41, 25, 41,
    28, 47, 0, 0, 0, 0, 0, 0,
    0, 0, 0, 0, 0, 0, 0, 0,
    0, 0, 0, 0, 0, 0, 0, 0,
    0, 0, 0, 0, 0, 0, 0, 0,
    0, 0, 0, 0, 0, 0, 0, 0,
    0, 0, 0, 0, 22, 39, 32, 45,
    26, 0, 0, 0, 0, 0, 0, 0,
    0, 0, 0, 0, 0, 0, 0, 0,
    0, 0, 0, 0, 0, 0, 0, 0,
    0, 0, 0, 0, 0, 0, 0, 0,
    0, 25, 41, 0, 0, 0, 0, 0,
    0, 0, 0, 0, 0, 0, 0, 0,
    0, 0, 0, 0, 0, 0, 0, 0,
    0, 0, 0, 0, 0, 0, 0, 0,
    0, 0, 0, 0, 0, 0, 0, 0,
    0, 0, 0, 0, 0, 0, 0, 0,
    0, 0, 0, 0, 0, 0, 0, 0,
    0, 0, 0, 0, 0, 0, 0, 0,
    0, 0, 0, 0, 0, 0, 0, 0,
    0, 0, 0, 0, 0, 0, 0, 0,
    0, 0, 0, 0, 0, 0, 0, 0,
    0, 0, 0, 0, 0, 0, 0, 0,
    0, 33, 46, 33, 46, 33, 46, 0,
    0, 0, 0, 0, 0, 0, 0, 0,
    0, 0, 0, 0, 0, 0, 0, 0,
    0, 0, 0, 0, 0, 20, 19, 38,
    19, 38, 19, 38, 19, 38, 19, 38,
    19, 38, 19, 38, 19, 38, 19, 38,
    19, 38, 19, 38, 19, 38, 23, 39,
    23, 39, 23, 39, 23, 39, 23, 39,
    23, 39, 23, 39, 23, 39, 23, 26,
    26, 26, 22, 39, 22, 39, 22, 39,
    22, 39, 22, 39, 22, 39, 22, 39,
    22, 39, 22, 39, 22, 39, 22, 39,
    22, 39, 27, 41, 27, 41, 59, 41,
    59, 41, 59, 41, 59, 41, 59, 41,
    34, 46, 34, 46, 34, 46, 34, 46,
    0, 0, 0, 0, 0, 60, 61, 6,
    0, 60, 61, 6, 0, 0, 0, 0,
    0, 0, 0, 6, 62, 0, 0
};

/*Map glyph_ids to kern right classes*/
static const uint8_t kern_right_class_mapping[] =
{
    0, 0, 1, 2, 0, 0, 3, 4,
    2, 0, 5, 6, 7, 8, 9, 8,
    10, 11, 12, 13, 14, 15, 16, 11,
    17, 18, 19, 20, 20, 7, 7, 7,
    21, 0, 22, 23, 24, 23, 25, 23,
    24, 23, 23, 26, 27, 27, 23, 28,
    24, 23, 24, 23, 24, 29, 30, 31,
    31, 32, 33, 34, 0, 35, 36, 7,
    0, 0, 37, 23, 38, 38, 38, 39,
    38, 23, 23, 40, 23, 41, 42, 42,
    38, 42, 38, 42, 38, 43, 44, 45,
    45, 46, 45, 47, 0, 0, 48, 7,
    0, 0, 0, 0, 0, 49, 0, 0,
    0, 50, 51, 52, 7, 0, 0, 0,
    0, 7, 0, 0, 0, 0, 0, 0,
    0, 0, 51, 53, 0, 0, 0, 54,
    22, 22, 22, 22, 22, 22, 22, 24,
    23, 23, 23, 23, 23, 23, 23, 23,
    24, 23, 24, 24, 24, 24, 24, 7,
    24, 30, 30, 30, 30, 33, 23, 23,
    37, 37, 37, 37, 37, 37, 37, 38,
    38, 38, 38, 38, 23, 23, 23, 23,
    38, 42, 38, 38, 38, 38, 38, 7,
    38, 44, 44, 44, 44, 45, 23, 45,
    22, 37, 22, 37, 22, 37, 24, 38,
    24, 38, 24, 38, 24, 38, 23, 38,
    23, 38, 23, 38, 0, 0, 23, 38,
    23, 38, 23, 38, 24, 38, 24, 38,
    24, 38, 24, 38, 23, 23, 23, 23,
    23, 23, 23, 23, 0, 0, 23, 23,
    23, 23, 23, 23, 26, 40, 27, 23,
    0, 27, 41, 23, 41, 27, 41, 0,
    0, 55, 41, 23, 42, 23, 42, 23,
    42, 0, 23, 42, 24, 38, 0, 0,
    24, 38, 24, 38, 23, 42, 23, 42,
    23, 42, 24, 38, 24, 38, 24, 38,
    24, 38, 29, 56, 29, 56, 29, 56,
    30, 44, 30, 44, 30, 44, 30, 44,
    30, 44, 30, 44, 31, 45, 33, 45,
    33, 34, 47, 34, 47, 34, 47, 0,
    0, 0, 0, 0, 0, 0, 0, 0,
    0, 0, 0, 0, 0, 0, 0, 24,
    0, 0, 39, 0, 0, 0, 0, 0,
    0, 0, 0, 0, 0, 0, 0, 0,
    24, 38, 0, 0, 0, 0, 0, 0,
    0, 0, 0, 0, 0, 0, 0, 30,
    44, 0, 0, 0, 0, 0, 0, 0,
    0, 0, 0, 0, 0, 0, 0, 0,
    0, 0, 0, 0, 0, 0, 0, 0,
    0, 0, 0, 0, 0, 22, 37, 0,
    0, 0, 0, 0, 0, 0, 0, 0,
    0, 0, 0, 0, 0, 0, 0, 0,
    0, 0, 0, 0, 24, 38, 24, 38,
    27, 23, 0, 0, 0, 0, 0, 0,
    0, 0, 0, 0, 0, 0, 0, 0,
    0, 0, 0, 0, 0, 0, 0, 0,
    0, 0, 0, 0, 0, 0, 0, 0,
    0, 0, 0, 0, 0, 0, 0, 0,
    0, 0, 0, 0, 24, 38, 29, 56,
    40, 0, 0, 0, 0, 0, 0, 0,
    0, 0, 0, 0, 0, 0, 0, 0,
    0, 0, 0, 0, 0, 0, 0, 0,
    0, 0, 0, 0, 0, 0, 0, 0,
    0, 24, 38, 0, 0, 0, 0, 0,
    0, 0, 0, 0, 0, 0, 0, 0,
    0, 0, 0, 0, 0, 0, 0, 0,
    0, 0, 0, 0, 0, 0, 0, 0,
    0, 0, 0, 0, 0, 0, 0, 0,
    0, 0, 0, 0, 0, 0, 0, 0,
    0, 0, 0, 0, 0, 0, 0, 0,
    0, 0, 0, 0, 0, 0, 0, 0,
    0, 0, 0, 0, 0, 0, 0, 0,
    0, 0, 0, 0, 0, 0, 0, 0,
    0, 0, 0, 0, 0, 0, 0, 0,
    0, 0, 0, 0, 0, 0, 0, 0,
    0, 31, 45, 31, 45, 31, 45, 0,
    0, 0, 0, 0, 0, 0, 0, 0,
    0, 0, 0, 0, 0, 0, 0, 0,
    0, 0, 0, 0, 0, 23, 22, 37,
    22, 37, 22, 37, 22, 37, 22, 37,
    22, 37, 22, 37, 22, 37, 22, 37,
    22, 37, 22, 37, 22, 37, 23, 38,
    23, 38, 23, 38, 23, 38, 23, 38,
    23, 38, 23, 38, 23, 38, 23, 23,
    23, 23, 24, 38, 24, 38, 24, 38,
    24, 38, 24, 38, 24, 38, 24, 38,
    24, 38, 24, 38, 24, 38, 24, 38,
    24, 38, 30, 44, 30, 44, 30, 44,
    30, 44, 30, 44, 30, 44, 30, 44,
    33, 45, 33, 45, 33, 45, 33, 45,
    0, 0, 0, 0, 0, 57, 58, 8,
    0, 57, 59, 8, 0, 0, 0, 0,
    0, 0, 0, 8, 53, 0, 0
};

/*Kern values between classes*/
static const int8_t kern_class_values[] =
{
    0, 0, 0, 0, 0, 0, 0, 0,
    0, -22, 0, 0, 0, 0, -13, 0,
    4, 0, 0, 0, 0, 0, 0, 0,
    0, 0, 0, 0, 0, 0, 0, 0,
    0, 0, 0, 0, 0, 0, 0, 0,
    0, 0, 0, 0, 0, 0, 0, 0,
    0, 0, 0, 0, 0, -18, 0, 0,
    0, 0, 0, 0, 0, 0, 0, 0,
    0, 0, 0, 0, 0, 0, 0, 0,
    0, 0, 0, -26, 0, 0, 0, 0,
    0, 0, 0, 0, 0, 0, 0, 0,
    0, 0, 0, 0, 0, -18, 0, 0,
    0, 0, 0, 0, 0, 0, 0, 0,
    0, 0, 0, 0, 0, 0, 0, 0,
    0, 0, 0, 0, 0, 0, 0, 0,
    0, 0, 0, 0, 0, 0, 0, 0,
    0, 0, -4, -3, -16, 0, 0, -4,
    0, 0, 0, 0, 0, 0, 0, 0,
    0, 0, 0, 0, 0, 0, 0, 0,
    0, 0, 0, 0, 0, 0, 0, 0,
    0, 0, 0, 0, 0, 0, 0, -7,
    0, 0, 0, 0, 0, 0, 0, 0,
    0, 0, 0, 0, 0, 0, 0, 0,
    -18, 0, -32, 0, 0, 0, 0, 0,
    0, 5, 0, 0, 0, 0, 0, 0,
    0, 0, 0, 0, 0, 0, 0, 0,
    0, 0, 0, 0, 0, 0, 0, 0,
    0, 0, 0, 0, 0, 0, 0, 0,
    0, 0, 0, 0, 0, 0, 0, 0,
    0, 0, 0, 0, 0, 0, 0, 0,
    0, 0, 0, 0, 0, 0, 0, 0,
    0, 0, 0, 0, -9, 0, 0, 0,
    0, 0, 0, 0, 0, 0, 0, 0,
    0, 0, 0, 0, 0, 0, 0, 0,
    0, 0, 0, 0, 0, 0, 0, 0,
    0, 0, 0, 0, 0, 0, 0, 0,
    0, 0, 0, 0, 0, 0, 0, 0,
    0, 0, 0, 0, -18, 0, 0, 0,
    0, 0, -34, 0, 0, 0, 0, -27,
    0, 0, 0, 0, 0, 0, 0, 0,
    0, 0, 0, 0, 0, 0, 0, 0,
    0, -34, 0, 0, 0, 0, 0, 0,
    0, 0, 0, 0, 0, 0, 0, 0,
    -9, 0, 0, 0, 0, 0, 0, 0,
    0, 0, 0, 0, 0, 0, 0, 0,
    0, 0, 0, 0, 0, -9, 0, 0,
    4, 0, -18, 0, 0, 0, 0, 0,
    0, 0, 0, 0, 0, 0, 0, 0,
    0, 0, 0, 0, 0, 0, 0, 0,
    0, 0, 0, 0, 0, 0, 0, 0,
    0, 0, 0, 0, 0, 0, 0, 0,
    0, 0, 0, 0, 0, -14, 0, 0,
    -9, 0, 0, 0, -34, 0, -49, -9,
    -9, -18, -18, -34, -4, 1, -9, -9,
    -14, -14, 0, 0, 0, 0, 0, 0,
    0, 0, 0, 0, 0, 0, 0, -4,
    0, 0, 0, 0, 0, 0, 0, 0,
    0, 0, 0, 0, 0, -7, -16, 0,
    -23, -11, 0, 0, 0, 0, 0, 0,
    0, 0, 0, 0, 0, 0, 0, 0,
    0, 0, 4, -4, 0, 0, -3, 0,
    -18, 0, 0, 0, 0, 0, 0, 0,
    0, 0, 0, 0, 0, 0, 0, 0,
    0, 0, 0, 0, 0, 0, 0, 0,
    0, 0, 0, 0, 0, 0, 0, 0,
    0, 0, 0, 0, 0, 0, 0, 0,
    0, 0, 0, 0, 0, 0, 0, 0,
    0, 0, 0, -4, -9, -5, -18, -4,
    0, -9, 0, -10, -9, 0, 0, 0,
    0, 0, 0, 0, 0, 0, 0, 0,
    0, 0, 0, 0, 0, 0, 0, 0,
    0, 0, 0, 0, 0, 0, 0, 0,
    0, 0, 0, -6, -5, 0, 0, 0,
    0, 0, 0, -9, -9, -9, 0, 0,
    0, 0, 0, 0, 0, 0, -13, -4,
    0, -4, 0, -9, -16, 0, -13, 0,
    0, 0, 0, 0, 0, 0, 0, 0,
    0, 0, 0, 0, 0, 0, 0, 0,
    0, 0, 0, 0, 0, 0, 0, 0,
    0, 0, 0, 0, 0, 0, 0, -5,
    0, 0, 0, 0, 0, 0, 0, 0,
    0, 0, 0, 0, 0, -3, 0, 0,
    0, 0, -15, 0, 0, 0, 0, 0,
    0, -9, 0, 0, 0, 0, 0, 0,
    0, 0, 0, 0, 0, 0, 0, 0,
    0, 0, 0, 0, 0, 0, 0, 0,
    0, 0, 0, 0, 0, 0, 0, 0,
    0, 0, 0, 0, 0, 0, 0, 0,
    0, 0, 0, 0, 0, -4, -9, 0,
    0, 0, 0, 0, -4, 0, -4, -9,
    0, -9, 0, 0, -13, 0, 0, -9,
    0, 0, 0, 0, 0, 0, 0, 0,
    0, 0, 0, 0, 0, 0, 0, 0,
    0, 0, 0, 0, 0, 0, 0, 0,
    0, 0, 0, 0, 0, 0, 0, 0,
    0, 0, 0, 0, 0, 0, 0, 0,
    0, 0, 0, -5, 0, 0, 0, 0,
    -9, -9, 0, -4, 0, 0, 0, -22,
    0, 0, 0, 0, 0, 0, 0, 0,
    0, 0, 0, 0, 0, 0, 0, 0,
    0, 0, 0, 0, 0, 0, 0, 0,
    0, 0, 0, 0, 0, 0, 0, 0,
    0, 0, 0, 0, 0, 0, 0, 0,
    0, 0, 0, 0, 0, 0, 0, 0,
    0, 0, 0, -10, 0, -9, -5, 0,
    0, 0, -17, 0, 0, 0, 0, 0,
    0, 0, 0, 0, 0, 0, 0, 0,
    0, 0, 0, 0, 0, 0, 0, 0,
    0, 0, 0, 0, 0, 0, 0, 0,
    0, 0, 0, 0, 0, 0, 0, 0,
    0, 0, 0, 0, 0, 0, 0, 5,
    0, 0, 0, 0, -43, -16, -25, 0,
    4, -4, 0, -24, 0, 9, -4, 0,
    -9, 0, 0, 0, 0, 0, 0, 0,
    0, 0, 0, 0, 0, 0, 0, 0,
    13, 0, 0, 0, 0, 0, 0, 0,
    0, 0, 0, 0, 13, 0, -4, 0,
    0, 0, 0, 0, 0, 0, 0, 0,
    0, 0, 0, 0, -4, 0, 0, 0,
    0, 0, 0, -8, 0, 0, 0, 0,
    -9, 0, 0, 0, 0, 0, 0, 0,
    0, 0, 0, 0, 0, 0, 0, 0,
    0, 0, 0, 0, 0, 0, 0, 0,
    0, 0, 0, 0, 0, 0, 0, 0,
    0, 0, 0, 0, 0, 0, 0, 0,
    0, 0, 0, 0, 0, 0, 0, 0,
    0, 0, 0, 0, -9, 0, 0, 0,
    0, -9, 0, -26, 0, 0, 0, 0,
    0, 0, 0, 0, 0, 0, 0, 0,
    0, 0, 0, 0, 0, -14, 0, 0,
    0, 0, 0, 0, 0, 0, 0, 0,
    0, 0, 0, 0, -4, 0, 0, 0,
    0, 0, 0, 0, 0, 0, -4, -22,
    0, 0, 0, -32, 0, 0, 0, 0,
    0, 0, 0, -15, 0, 0, -42, 0,
    0, -9, -23, 0, -10, -15, -10, -13,
    -7, -10, -42, -9, -49, 0, -33, -4,
    -49, 0, 0, -9, -19, 0, -10, -9,
    -29, -9, -28, -13, -5, 0, -7, -15,
    -32, 0, 0, 0, 0, -29, 0, 0,
    0, 0, 0, 0, 0, 0, 0, 0,
    0, 0, -10, 0, 0, 0, 0, 0,
    0, -17, 0, 0, -9, -13, -10, -4,
    -4, -7, 0, 0, -4, -17, 0, -15,
    0, -20, 0, -15, 0, -4, -2, -9,
    -6, -6, -4, -9, -5, -15, -20, -10,
    0, 0, -4, 0, 0, 0, 0, 0,
    0, 0, 0, 0, 0, 0, 0, 0,
    0, 0, 0, 0, 0, -12, 0, 0,
    0, 0, 0, 0, -7, 0, 0, 0,
    0, -12, -1, 0, -1, 0, -4, -1,
    -7, 0, -10, -9, -10, 0, -10, 0,
    -3, -4, -9, 0, -5, -4, -4, -5,
    -5, -14, -4, 0, -4, 0, 0, 0,
    0, 0, 0, -4, 0, 0, 0, 0,
    0, 0, 0, -9, -4, 0, -9, 0,
    -16, 0, 0, -5, 0, 0, 0, -18,
    0, 0, -4, -9, -16, 4, 0, 4,
    -5, -5, 4, -18, 0, -16, -14, -19,
    -4, -16, 0, 4, 5, -4, -9, 0,
    0, -10, 0, -8, -11, 0, 0, -5,
    0, -4, 0, 0, 0, -4, -10, 0,
    0, 0, 0, 0, 0, 0, 0, 0,
    0, 0, 0, 0, 0, 0, 0, 0,
    0, 0, 0, 0, 0, -4, -9, 0,
    -4, 0, -4, 0, 0, -4, 0, 0,
    6, 0, -9, 0, 6, 0, -4, -8,
    -14, -5, 0, 0, -17, 0, -10, -13,
    -2, 0, 0, 0, 0, 0, 0, 0,
    0, -17, 0, 0, 0, 0, 0, 0,
    0, 0, 0, 0, -36, 0, -37, 0,
    0, 0, 0, 0, 0, 0, 0, 0,
    -13, -8, -37, -8, 0, -8, -27, -13,
    -8, 0, 0, 0, -9, -8, -8, 0,
    0, -10, -13, -4, -14, -9, -13, -16,
    -13, -18, -22, -13, 0, -13, 0, 0,
    0, 0, 0, 0, -16, 0, 0, 0,
    0, 0, 0, 0, 0, 0, 0, 0,
    0, 0, 0, 0, 0, 0, 0, 0,
    -9, 0, 0, 0, 0, 0, 0, 0,
    0, 0, 0, 0, -9, 0, -14, -5,
    -9, 0, -14, 0, 4, 4, -6, 0,
    0, 0, -5, 0, -3, -7, 1, 0,
    0, 0, 0, 0, 0, 0, 0, -5,
    0, 0, 0, 0, 0, 0, 0, 0,
    0, 0, 0, 0, -4, 0, 0, 0,
    0, 0, 0, -16, 0, 0, 0, -4,
    -4, -8, -7, -8, -8, 0, -8, -16,
    7, -10, -4, -9, -2, -10, 0, -4,
    -4, -20, -7, -4, 3, -16, -9, -4,
    -22, -4, 0, 0, -7, 0, 0, 0,
    0, 0, -16, 0, 0, 0, 0, 0,
    0, 0, 0, 0, 0, 0, 0, -9,
    0, 0, 0, 0, 0, 0, 0, 0,
    0, 0, 0, -9, 7, 0, 7, -12,
    0, 7, 0, 1, 0, -9, -8, 0,
    0, 0, 0, -3, -9, -3, 0, 0,
    -8, 0, -9, -13, -9, 0, 0, 0,
    0, 0, 0, 0, 0, -8, 0, 0,
    0, 0, 0, 0, 0, 0, -5, 0,
    0, 0, 0, 0, 0, 0, 0, 0,
    0, -2, 0, 0, -9, -10, 0, -4,
    -18, -4, -13, -9, -4, -2, -9, -4,
    0, 0, -4, -4, 0, -7, -22, -23,
    -4, 0, -9, -22, -13, -14, -14, 0,
    0, -9, -18, -5, 0, 0, 0, 0,
    -22, 0, 0, 0, -8, -43, 0, 0,
    0, -54, 0, -4, 0, -9, 0, 0,
    0, 0, 0, 0, -61, 0, 0, -8,
    -36, -9, -20, -22, -20, -23, -13, -20,
    -61, -21, -68, 0, -72, -8, -68, 0,
    0, -16, -25, -8, -16, 0, -34, -16,
    -36, -22, -9, 0, -13, -22, -54, 0,
    0, 0, 0, -34, 0, 0, 0, -4,
    0, 0, 0, 0, 0, 0, -48, -13,
    -33, 0, 0, 0, 0, 0, 0, 0,
    0, 0, -9, -8, -33, -9, -5, -9,
    -36, 0, -9, 0, 0, -19, -18, -18,
    -10, -19, 0, -10, -13, 0, 0, 0,
    -4, 0, -13, -9, -18, -13, 0, 0,
    -5, 0, 0, 0, 0, 0, 0, 0,
    0, 0, 0, 0, 0, 0, 0, 0,
    0, 0, 0, -4, 0, 0, 0, 0,
    0, 0, -9, 0, 0, -4, -9, -4,
    0, -7, 0, 0, -6, 0, -9, 0,
    -22, 0, -10, 0, -22, 0, -2, -6,
    -13, -5, 0, 0, -13, -4, -10, -11,
    0, 0, -6, -7, 0, 0, 0, 0,
    0, -13, 0, 0, 0, 0, 4, 0,
    -11, 0, 5, 0, -43, -17, -42, 0,
    0, 0, 0, -13, 0, 4, 0, 0,
    -26, -9, -42, -12, -18, -12, -54, -16,
    -12, 4, 0, -4, -1, 4, 0, -4,
    9, -31, -36, -17, -20, -8, -22, -16,
    -29, -20, -25, -22, 0, -16, -18, 5,
    -25, -27, 0, 0, -16, 0, 3, 3,
    -14, 0, 0, -9, 0, 0, 0, -34,
    0, -49, -9, -9, -18, -18, -34, -4,
    1, -9, -9, -14, -14, -49, -11, -16,
    -11, -36, -7, -11, 1, 0, -4, -4,
    0, -5, -4, 0, -22, -20, -22, -22,
    -13, -15, -18, -23, -19, -29, -17, 0,
    -7, -16, 0, -23, -11, 0, 0, -18,
    0, 0, 0, 0, 0, 0, 0, 0,
    0, -9, 0, 0, -33, 0, 0, 0,
    0, 0, 0, 4, 0, 0, 0, 0,
    -33, -9, -19, -9, -56, 0, -9, 4,
    -8, 0, 0, 9, -4, 0, 0, -29,
    -31, -24, -20, -8, -27, -27, -27, -18,
    -27, -32, 0, 0, -19, 0, 0, 0,
    0, -9, -27, 0, 0, 0, 0, 0,
    0, 0, 0, 0, 0, 0, -8, -9,
    0, 0, 0, 0, 0, 0, 0, 0,
    0, 0, -9, -9, -2, -9, -2, -13,
    0, -2, 0, 0, -5, -4, -4, 0,
    -5, 0, -4, -15, -19, -7, -3, -4,
    -13, -8, -14, -18, -9, 0, 0, -9,
    0, 0, 0, 0, 0, -13, 0, 0,
    0, 0, 0, 0, 0, 0, 0, 0,
    0, 0, 0, 0, 0, 0, 0, 0,
    0, 9, 0, 0, 0, 0, 0, 0,
    0, 0, 0, 0, 0, 9, 0, 0,
    0, 0, 0, 0, 0, 0, 0, 0,
    13, 0, 0, 0, 0, 0, 0, 0,
    0, 0, 0, 0, 0, 0, 0, 0,
    0, 0, 0, 0, -4, -22, 0, 0,
    0, -32, 0, 0, 0, 0, 0, 0,
    0, -15, 0, 0, -42, 0, 0, -9,
    -23, 0, 0, 0, 0, 0, 0, 0,
    0, 0, 0, 0, 0, 0, -49, 0,
    0, 0, 0, 0, 0, 0, 0, 0,
    0, 0, 0, 0, -7, -15, 0, 0,
    0, 0, 0, 0, 0, 0, 0, 0,
    0, 0, 0, 0, -10, 0, 9, 0,
    0, 0, 0, 0, 0, 0, 0, 0,
    0, 0, 0, -9, 0, -4, 0, -4,
    0, 0, -4, 0, 0, 0, 0, 0,
    0, 0, 0, 0, -3, -6, 1, -4,
    -1, -22, -4, -12, -12, -4, 0, 0,
    0, -10, 0, 0, 0, 0, -22, 0,
    0, 0, 0, -4, 0, 0, 0, -10,
    0, 0, 0, -4, 0, 0, 0, 0,
    0, 0, -31, 0, 0, 0, -18, -4,
    -4, 0, -4, 0, 0, -4, -31, 0,
    -22, -9, -22, 0, -22, 0, 0, -4,
    -13, -8, -2, -4, -13, -4, -12, -24,
    -11, 0, 0, 0, -10, 0, 0, 0,
    0, -13, 0, 0, 0, 0, 0, 0,
    0, 0, 5, 0, -27, -13, -18, 0,
    0, 0, 0, 0, 0, 0, 0, 0,
    -12, 0, -18, -16, 0, -16, 0, 0,
    -16, 0, 0, 0, 0, 0, 0, 0,
    6, -13, -19, -23, -21, -8, -13, -16,
    0, -17, -18, -5, 0, 0, 0, 5,
    0, 0, 0, 0, -16, 4, 0, 0,
    0, 0, 0, 0, 0, 0, 0, 0,
    0, 0, 0, 0, 0, 0, 0, 0,
    -23, 0, 0, 0, -9, 0, -6, 0,
    -6, 0, 0, -6, -23, 0, -10, 0,
    -9, 0, -10, 0, 0, -4, -9, -1,
    0, 0, -12, 0, -9, -8, -4, 0,
    0, 0, 0, 0, 0, 0, 0, -12,
    0, 0, 0, 0, 0, 0, 0, 0,
    -8, 0, 0, 0, 0, 0, 0, 0,
    0, 0, 0, -18, 0, 0, 0, -9,
    0, -3, 0, -3, 0, 0, -3, -18,
    0, -9, -4, -18, 0, -9, 0, -5,
    -5, -14, -14, -6, -8, -17, -6, -15,
    -22, -9, 0, 0, 0, -8, 0, 0,
    0, 0, -17, 0, 0, 0, -9, 0,
    0, 0, 0, -8, 0, -9, -30, 0,
    0, 0, 0, 0, 0, 0, -9, 0,
    0, -19, -13, 0, -22, -4, -22, 0,
    0, -22, -9, 0, 0, 0, 0, 0,
    0, 0, -22, -26, -26, -13, -18, -19,
    -23, -9, -31, -19, -14, 0, 0, -4,
    -8, 0, 0, 0, 0, -23, 0, 0,
    0, 0, 0, 0, 0, 0, 0, 0,
    -26, -16, -13, 0, 0, 0, 0, 0,
    0, -16, 0, 0, -21, 0, -13, -13,
    0, -13, 0, 0, -13, -16, 0, 0,
    0, 0, 0, 0, 0, -17, -18, -24,
    -22, -13, -16, -20, -8, -11, -30, -13,
    0, 0, 0, 0, -16, 0, 0, 0,
    -20, 0, 0, 0, 0, 0, 0, 0,
    0, 0, 0, 12, -13, 4, 0, 0,
    0, 0, 0, 0, 0, 0, 0, 0,
    0, 4, -6, 0, -6, 0, 0, -6,
    0, 0, -5, 0, 0, 13, -5, 0,
    -4, -7, -13, -4, 0, 2, -16, -2,
    -5, -14, 1, 0, 0, 0, 0, 0,
    0, 0, 0, -16, 0, 0, 0, 0,
    0, 0, 0, 0, 0, 0, -26, -4,
    -22, 0, 0, 0, 0, 0, 0, -16,
    0, 0, -9, 0, -22, -4, -7, -4,
    -17, 0, -4, -16, 0, 0, -2, 0,
    0, 0, 0, -11, -12, -4, -12, -4,
    -10, -10, -9, 0, -21, -12, 0, 0,
    -7, 0, 0, 0, 0, 0, -10, 0,
    0, 0, -9, 0, 0, 0, 0, -8,
    0, -9, -30, 0, 0, 0, 0, 0,
    0, 0, -9, 0, 0, -19, -13, 0,
    -22, -4, -22, 0, 0, -22, -9, 0,
    0, 0, 0, 0, 0, 0, -22, -24,
    -26, -13, -18, -19, -23, -9, -31, -19,
    -14, 0, 0, -4, -8, 0, 0, 0,
    0, -23, 0, 0, 0, 0, 0, 0,
    0, 0, 0, 0, 0, 0, 0, 0,
    0, 0, 0, 0, 0, 0, 0, 0,
    -9, -4, 0, -4, 0, -4, 0, 0,
    -4, 0, 0, -13, -4, 0, 0, -13,
    0, -7, -13, -9, -10, -12, -9, -13,
    -9, -13, -22, -8, 0, 0, 0, 0,
    0, 0, 0, 0, -13, 0, 0, 0,
    0, 0, 0, 0, 0, 0, 0, 0,
    0, 0, 0, 0, 0, 0, 0, 0,
    5, 0, 0, 0, 0, 0, 0, 0,
    0, 0, 0, 0, 5, 0, 0, 0,
    0, 0, 0, 0, 0, 0, 0, 0,
    0, 0, 0, 0, 0, 0, 0, 0,
    0, 0, 0, 0, 0, 0, 0, 0,
    0, 0, 0, 0, 0, 0, 0, 0,
    0, 0, 0, 0, 0, 0, 0, 0,
    0, 0, 0, 0, 0, 0, 0, 0,
    0, 0, 0, 0, 0, 0, 0, 0,
    0, -18, 0, 0, 0, -18, 0, 0,
    0, -4, 0, 0, 0, -6, 0, 0,
    0, 0, 0, 0, 0, 0, 0, 0,
    0, 0, -6, 0, 0, 0, 0, 0,
    0, 0, 0, 0, 0, 0, 0, 0,
    0, 0, 0, 0, 0, 0, -9, 0,
    0, 0, 0, 0, 0, 0, 0, 0,
    0, 0, -9, 0, 0, 0, 0, 0,
    0, 0, 0, 0, 0, 0, 0, 0,
    0, 0, 0, 0, 0, 0, 0, 0,
    0, 0, 0, 0, 0, 0, 0, 0,
    0, 0, 0, 0, 0, -9, -4, 0,
    -9, 0, -16, 0, 0, -5, 0, 0,
    0, -18, 0, 0, -4, -9, 0, 0,
    0, 0, 0, 0, 0, 0, 0, 0,
    0, 0, 0, -16, 0, 0, 0, 0,
    0, 0, 0, 0, 0, 0, 0, 0,
    0, -5, 0, 0, 0, 0, 0, 0,
    0, 0, 0, 0, 0, 0, 0, 0,
    0, 0, 0, -18, 0, -32, 0, 0,
    0, 0, 0, 0, 5, 0, 0, 0,
    0, -32, 0, 0, 0, 0, 0, 0,
    5, 0, 0, 0, 0, 0, 0, 0,
    0, 0, 0, 0, 0, 0, 0, 0,
    0, 0, 0, 0, 0, 0, 0, 0,
    0, 0, 0, 0, 0, 0, 0, 0,
    0, 0, 0, 0, 0, 0, 0, 0,
    0, 0, 0, 0, 0, 0, 0, -25,
    0, 0, 0, 0, 0, 0, 0, 0,
    0, 0, 0, 0, 0, 0, 0, 0,
    0, -19, 0, 0, 0, 0, 0, 0,
    0, 0, 0, 0, 0, 0, 0, 0,
    0, 0, 0, 0, 0, 0, 0, 0,
    0, 0, 0, 0, 0, 0, 0, 0,
    0, 0, 0, 0, 0, 0, 0, 0,
    0, 0, -27, 0, 0, 0, 0, 0,
    0, 0, 0, -2, 0, 0, -27, 0,
    -23, 0, 0, 0, -23, 0, 0, 0,
    0, 0, 0, 0, 0, 0, 0, 0,
    0, 0, 0, 0, 0, 0, 0, 0,
    0, 0, 0, 0, 0, 0, -18, 0,
    0, 0, 0, 0, 0, 0, 0, 0,
    -27, 0, 0, 0, 0, -38, 0, 0,
    0, 0, 0, 0, 0, 0, 0, 0,
    0, 0, 0, 0, 0, 0, 0, -47,
    0, 0, 0, 0, 0, 0, 0, 0,
    0, 0, 0, 0, 0, 0, -23, 0,
    0, 0, 0, 0, 0, 0, 0, 0,
    0, 0, 0, 0, 0, 11, 0, 0,
    0, 0, 0, 0, 0, 0, 0, 0,
    0, 0, 0, 0, 0, 0, 2, 0,
    2, 0, 0, 2, 0, 0, 0, 0,
    0, 0, 0, 0, -4, -9, -5, -5,
    0, 0, -3, 0, -1, -5, 0, 0,
    0, 0, 11, 0, 0, 0, 0, -3,
    0, 0, 16, 0, 0, 0, 0, 0,
    0, 0, 0, 0, 0, 0, 0, 0,
    0, 0, 0, -12, 0, 0, 0, 0,
    0, 0, 0, 0, 0, 0, 0, -12,
    0, -16, 0, -12, 0, -16, 0, 0,
    0, 0, 0, 0, 0, 0, 0, 0,
    0, 0, 0, 0, 0, 0, 0, 0,
    0, 0, 0, 0, 0, 0, 0, 0,
    0, 0, 22, 0, 0, 0, 0, -9,
    0, 0, 0, 0, 0, 0, 13, 0,
    0, 0, 0, -9, 7, 0, 7, -13,
    0, 7, 13, 2, 5, 6, 16, 4,
    5, 23, 0, -4, -9, -3, 0, -4,
    -6, 0, -4, -13, -6, 19, 0, 0,
    0, 0, 0, 0, 0, -6, 0, 0,
    0, 0, 0, 0, 0, 0, 0, 0,
    0, 0, 0, 0, 0, 0, 0, 0,
    0, 0, 0, 0, 0, 0, 0, 0,
    0, 0, -52, 0, 0, 0, 0, 0,
    0, 0, 0, 0, 0, 0, 0, 0,
    0, 0, 0, 0, 0, 0, 0, 0,
    0, 0, 0, 0, 0, 0, 0, 0,
    0, 0, 0, 0, 0, 0, 0, 0,
    0, 0, 0, 0, 0, 0, 0, 4,
    0, 0, 0, 0, 0, 0, 0, 0,
    0, 0, 0, 0, 0, 0, 0, 0,
    0, 0, 0, 0, 0, 0, 0, 0,
    0, 0, 0, 0, 0, 0, 0, 0,
    0, 0, 0, 0, 0, 0, 0, 0,
    0, 0, 0, 0, 0, 0, 0, 0,
    0, 0, 0, 0, 0, 0, 0, 0,
    0, 0, 0, 0, 0, 0, 0, 0,
    0, 0, 0, 0, 0, 0, 0, 0,
    -2, 0, 0, 0, 0, 0, 0, 0,
    0, 0, 0, 0, 0, 0, 0, 0,
    0, 0, 0, 0, 0, 0, 0, 0,
    0, 0, 0, 0, 0, 0, 0, 0,
    0, 0
};


/*Collect the kern class' data in one place*/
static const lv_font_fmt_txt_kern_classes_t kern_classes =
{
    .class_pair_values   = kern_class_values,
    .left_class_mapping  = kern_left_class_mapping,
    .right_class_mapping = kern_right_class_mapping,
    .left_class_cnt      = 62,
    .right_class_cnt     = 59,
};

/*--------------------
 *  ALL CUSTOM DATA
 *--------------------*/

#if LVGL_VERSION_MAJOR == 8
/*Store all the custom data of the font*/
static  lv_font_fmt_txt_glyph_cache_t cache;
#endif

#if LVGL_VERSION_MAJOR >= 8
static const lv_font_fmt_txt_dsc_t font_dsc = {
#else
static lv_font_fmt_txt_dsc_t font_dsc = {
#endif
    .glyph_bitmap = glyph_bitmap,
    .glyph_dsc = glyph_dsc,
    .cmaps = cmaps,
    .kern_dsc = &kern_classes,
    .kern_scale = 16,
    .cmap_num = 10,
    .bpp = 4,
    .kern_classes = 1,
    .bitmap_format = 0,
#if LVGL_VERSION_MAJOR == 8
    .cache = &cache
#endif
};



/*-----------------
 *  PUBLIC FONT
 *----------------*/

/*Initialize a public general font descriptor*/
#if LVGL_VERSION_MAJOR >= 8
const lv_font_t geist_med_28 = {
#else
lv_font_t geist_med_28 = {
#endif
    .get_glyph_dsc = lv_font_get_glyph_dsc_fmt_txt,    /*Function pointer to get glyph's data*/
    .get_glyph_bitmap = lv_font_get_bitmap_fmt_txt,    /*Function pointer to get glyph's bitmap*/
    .line_height = 38,          /*The maximum line height required by the font*/
    .base_line = 7,             /*Baseline measured from the bottom of the line*/
#if !(LVGL_VERSION_MAJOR == 6 && LVGL_VERSION_MINOR == 0)
    .subpx = LV_FONT_SUBPX_NONE,
#endif
#if LV_VERSION_CHECK(7, 4, 0) || LVGL_VERSION_MAJOR >= 8
    .underline_position = -3,
    .underline_thickness = 1,
#endif
    .dsc = &font_dsc,          /*The custom font data. Will be accessed by `get_glyph_bitmap/dsc` */
#if LV_VERSION_CHECK(8, 2, 0) || LVGL_VERSION_MAJOR >= 9
    .fallback = NULL,
#endif
    .user_data = NULL,
};



#endif /*#if GEIST_MED_28*/

