/*******************************************************************************
 * Size: 24 px
 * Bpp: 4
 * Opts: --bpp 4 --size 24 --format lvgl --no-compress --no-prefilter --font fonts/Geist-SemiBold.ttf --range 0x20-0x7F,0xA0-0x24F,0x1E00-0x1EFF,0x2013-0x2026,0x203A --font /System/Library/Fonts/Supplemental/Arial Unicode.ttf --range 0x00AD,0x0114-0x0115,0x012C-0x012D,0x0138,0x013F-0x0140,0x0149,0x014E-0x014F,0x017F-0x018E,0x0190-0x0191,0x0193-0x019F,0x01A2-0x01AE,0x01B1-0x01CC,0x01CF-0x01E3,0x01EA-0x01F5,0x01FA-0x0217,0x1E00-0x1E1F,0x1E22-0x1E7F,0x1E86-0x1E9B,0x2015-0x2017,0x201B,0x201F,0x2023-0x2025,0x2713,0x2717 -o main/ui/geist_sem_24.c --lv-include lvgl.h
 ******************************************************************************/

#ifdef LV_LVGL_H_INCLUDE_SIMPLE
#include "lvgl.h"
#else
#include "lvgl.h"
#endif

#ifndef GEIST_SEM_24
#define GEIST_SEM_24 1
#endif

#if GEIST_SEM_24

/*-----------------
 *    BITMAPS
 *----------------*/

/*Store the image of the glyphs*/
static LV_ATTRIBUTE_LARGE_CONST const uint8_t glyph_bitmap[] = {
    /* U+0020 " " */

    /* U+0021 "!" */
    0x9f, 0xf8, 0x9f, 0xf8, 0x9f, 0xf8, 0x9f, 0xf8,
    0x9f, 0xf8, 0x9f, 0xf8, 0x8f, 0xf7, 0x7f, 0xf6,
    0x6f, 0xf5, 0x4f, 0xf4, 0x3f, 0xf2, 0x1a, 0xa0,
    0x0, 0x0, 0x45, 0x53, 0xdf, 0xfa, 0xdf, 0xfa,
    0xdf, 0xfa,

    /* U+0022 "\"" */
    0xff, 0xa0, 0x9f, 0xff, 0xf9, 0x9, 0xff, 0xef,
    0x90, 0x8f, 0xec, 0xf8, 0x8, 0xfd, 0xbf, 0x80,
    0x8f, 0xb9, 0xf8, 0x7, 0xf9, 0x48, 0x40, 0x38,
    0x40,

    /* U+0023 "#" */
    0x0, 0x0, 0x3f, 0xf9, 0x0, 0xcf, 0xf0, 0x0,
    0x0, 0x5, 0xff, 0x60, 0xe, 0xfd, 0x0, 0x0,
    0x0, 0x8f, 0xf4, 0x1, 0xff, 0xa0, 0x0, 0x0,
    0xa, 0xff, 0x10, 0x4f, 0xf8, 0x0, 0x0, 0xdf,
    0xff, 0xff, 0xff, 0xff, 0xff, 0x20, 0xf, 0xff,
    0xff, 0xff, 0xff, 0xff, 0xf0, 0x0, 0x7a, 0xff,
    0xf7, 0x7f, 0xff, 0x76, 0x0, 0x0, 0x5f, 0xf6,
    0x0, 0xef, 0xd0, 0x0, 0x0, 0x8, 0xff, 0x40,
    0x1f, 0xfa, 0x0, 0x0, 0x0, 0xaf, 0xf1, 0x4,
    0xff, 0x80, 0x0, 0x4, 0x6f, 0xff, 0x66, 0xdf,
    0xfc, 0x61, 0x0, 0xcf, 0xff, 0xff, 0xff, 0xff,
    0xff, 0x20, 0xf, 0xff, 0xff, 0xff, 0xff, 0xff,
    0xf0, 0x0, 0x5, 0xff, 0x70, 0xe, 0xfd, 0x0,
    0x0, 0x0, 0x7f, 0xf4, 0x1, 0xff, 0xa0, 0x0,
    0x0, 0xa, 0xff, 0x10, 0x4f, 0xf8, 0x0, 0x0,
    0x0, 0xcf, 0xf0, 0x6, 0xff, 0x50, 0x0, 0x0,

    /* U+0024 "$" */
    0x0, 0x0, 0x0, 0x77, 0x0, 0x0, 0x0, 0x0,
    0x0, 0x0, 0xef, 0x0, 0x0, 0x0, 0x0, 0x0,
    0x0, 0xef, 0x0, 0x0, 0x0, 0x0, 0x6, 0xbe,
    0xff, 0xc7, 0x10, 0x0, 0x1, 0xdf, 0xff, 0xff,
    0xff, 0xe3, 0x0, 0xc, 0xff, 0xfc, 0xff, 0xff,
    0xfe, 0x10, 0x2f, 0xff, 0x40, 0xef, 0x1d, 0xff,
    0x90, 0x5f, 0xfc, 0x0, 0xef, 0x3, 0xff, 0xf0,
    0x4f, 0xfe, 0x0, 0xef, 0x0, 0x78, 0x81, 0x1f,
    0xff, 0xc5, 0xff, 0x0, 0x0, 0x0, 0x5, 0xff,
    0xff, 0xff, 0x83, 0x0, 0x0, 0x0, 0x2a, 0xff,
    0xff, 0xff, 0xd4, 0x0, 0x0, 0x0, 0x4, 0xff,
    0xff, 0xff, 0x70, 0x0, 0x0, 0x0, 0xef, 0x2a,
    0xff, 0xf1, 0x8c, 0xc5, 0x0, 0xef, 0x0, 0xcf,
    0xf6, 0x7f, 0xfc, 0x0, 0xef, 0x0, 0xaf, 0xf6,
    0x1f, 0xff, 0x80, 0xef, 0x3, 0xff, 0xf3, 0x8,
    0xff, 0xfe, 0xff, 0xcf, 0xff, 0xc0, 0x0, 0x8f,
    0xff, 0xff, 0xff, 0xfc, 0x10, 0x0, 0x3, 0x9d,
    0xff, 0xeb, 0x50, 0x0, 0x0, 0x0, 0x0, 0xef,
    0x0, 0x0, 0x0, 0x0, 0x0, 0x0, 0xef, 0x0,
    0x0, 0x0,

    /* U+0025 "%" */
    0x0, 0x4c, 0xfe, 0xa1, 0x0, 0x0, 0x0, 0xdf,
    0x40, 0x0, 0x5f, 0xfc, 0xef, 0xe1, 0x0, 0x0,
    0x8f, 0x90, 0x0, 0xd, 0xf8, 0x0, 0xdf, 0x70,
    0x0, 0x3f, 0xd0, 0x0, 0x0, 0xff, 0x30, 0x8,
    0xfa, 0x0, 0xd, 0xf4, 0x0, 0x0, 0xf, 0xf3,
    0x0, 0x8f, 0xa0, 0x8, 0xf9, 0x0, 0x0, 0x0,
    0xdf, 0x80, 0xd, 0xf7, 0x3, 0xfd, 0x0, 0x0,
    0x0, 0x5, 0xff, 0xce, 0xfe, 0x10, 0xdf, 0x30,
    0x0, 0x0, 0x0, 0x4, 0xcf, 0xea, 0x10, 0x8f,
    0x80, 0x0, 0x0, 0x0, 0x0, 0x0, 0x0, 0x0,
    0x3f, 0xd0, 0x17, 0xba, 0x50, 0x0, 0x0, 0x0,
    0x0, 0xd, 0xf3, 0x2e, 0xff, 0xff, 0xa0, 0x0,
    0x0, 0x0, 0x9, 0xf8, 0xb, 0xfb, 0x13, 0xff,
    0x40, 0x0, 0x0, 0x4, 0xfd, 0x0, 0xff, 0x40,
    0xa, 0xf9, 0x0, 0x0, 0x0, 0xef, 0x30, 0xf,
    0xf2, 0x0, 0x8f, 0xa0, 0x0, 0x0, 0x9f, 0x80,
    0x0, 0xff, 0x30, 0x9, 0xf9, 0x0, 0x0, 0x4f,
    0xc0, 0x0, 0xc, 0xf8, 0x0, 0xef, 0x60, 0x0,
    0x1e, 0xf2, 0x0, 0x0, 0x4f, 0xfc, 0xef, 0xd0,
    0x0, 0xa, 0xf7, 0x0, 0x0, 0x0, 0x4c, 0xfe,
    0xa1, 0x0,

    /* U+0026 "&" */
    0x0, 0x0, 0x5b, 0xef, 0xea, 0x30, 0x0, 0x0,
    0x0, 0x8, 0xff, 0xff, 0xff, 0xf5, 0x0, 0x0,
    0x0, 0x2f, 0xff, 0xeb, 0xef, 0xfe, 0x0, 0x0,
    0x0, 0x5f, 0xff, 0x10, 0x2f, 0xff, 0x20, 0x0,
    0x0, 0x5f, 0xfd, 0x0, 0x1f, 0xff, 0x10, 0x0,
    0x0, 0x1f, 0xff, 0x20, 0x8f, 0xfb, 0x0, 0x0,
    0x0, 0x9, 0xff, 0xca, 0xff, 0xe2, 0x0, 0x0,
    0x0, 0x0, 0xef, 0xff, 0xfb, 0x10, 0x0, 0x0,
    0x0, 0x1b, 0xff, 0xff, 0xd0, 0x0, 0x0, 0x0,
    0x1, 0xdf, 0xfe, 0xef, 0xf9, 0x0, 0x8b, 0x93,
    0xa, 0xff, 0xc1, 0x3f, 0xff, 0x70, 0xcf, 0xf4,
    0xf, 0xff, 0x30, 0x5, 0xff, 0xf7, 0xff, 0xf1,
    0x1f, 0xff, 0x20, 0x0, 0x7f, 0xff, 0xff, 0xa0,
    0xf, 0xff, 0x90, 0x0, 0xc, 0xff, 0xfe, 0x20,
    0xb, 0xff, 0xfe, 0xbb, 0xef, 0xff, 0xfe, 0x10,
    0x2, 0xdf, 0xff, 0xff, 0xff, 0xff, 0xff, 0xb0,
    0x0, 0x7, 0xce, 0xff, 0xeb, 0x74, 0xff, 0xf7,

    /* U+0027 "'" */
    0xff, 0xaf, 0xfa, 0xef, 0x9d, 0xf8, 0xcf, 0x7b,
    0xf5, 0x58, 0x20,

    /* U+0028 "(" */
    0x0, 0x6, 0x76, 0x0, 0x3, 0xff, 0x80, 0x0,
    0xcf, 0xf1, 0x0, 0x4f, 0xf9, 0x0, 0xb, 0xff,
    0x30, 0x1, 0xff, 0xd0, 0x0, 0x5f, 0xfa, 0x0,
    0x9, 0xff, 0x60, 0x0, 0xcf, 0xf3, 0x0, 0xd,
    0xff, 0x20, 0x0, 0xff, 0xf1, 0x0, 0xe, 0xff,
    0x20, 0x0, 0xdf, 0xf3, 0x0, 0xb, 0xff, 0x40,
    0x0, 0x7f, 0xf8, 0x0, 0x4, 0xff, 0xb0, 0x0,
    0xe, 0xff, 0x10, 0x0, 0x8f, 0xf6, 0x0, 0x1,
    0xff, 0xc0, 0x0, 0x8, 0xff, 0x40, 0x0, 0xe,
    0xfc, 0x0,

    /* U+0029 ")" */
    0x47, 0x71, 0x0, 0x3, 0xff, 0x90, 0x0, 0xb,
    0xff, 0x20, 0x0, 0x4f, 0xfa, 0x0, 0x0, 0xef,
    0xf1, 0x0, 0x8, 0xff, 0x70, 0x0, 0x4f, 0xfb,
    0x0, 0x1, 0xff, 0xe0, 0x0, 0xe, 0xff, 0x20,
    0x0, 0xdf, 0xf3, 0x0, 0xc, 0xff, 0x40, 0x0,
    0xcf, 0xf4, 0x0, 0xd, 0xff, 0x20, 0x0, 0xff,
    0xf1, 0x0, 0x2f, 0xfd, 0x0, 0x6, 0xff, 0x90,
    0x0, 0xbf, 0xf4, 0x0, 0x1f, 0xfd, 0x0, 0x7,
    0xff, 0x70, 0x0, 0xef, 0xd0, 0x0, 0x7f, 0xf5,
    0x0, 0x0,

    /* U+002A "*" */
    0x0, 0x0, 0x0, 0x0, 0x0, 0x0, 0x7f, 0x30,
    0xe9, 0x0, 0x0, 0x6f, 0xc8, 0xfa, 0x0, 0x1,
    0x1c, 0xff, 0xe1, 0x10, 0x1f, 0xff, 0xff, 0xff,
    0xf3, 0x1f, 0xff, 0xff, 0xff, 0xf3, 0x0, 0xc,
    0xff, 0xe1, 0x0, 0x0, 0x7f, 0xb8, 0xfa, 0x0,
    0x0, 0x6e, 0x20, 0xd8, 0x0, 0x0, 0x0, 0x0,
    0x0, 0x0,

    /* U+002B "+" */
    0x0, 0x0, 0x7, 0xff, 0x10, 0x0, 0x0, 0x0,
    0x0, 0x7f, 0xf1, 0x0, 0x0, 0x0, 0x0, 0x7,
    0xff, 0x10, 0x0, 0x0, 0x0, 0x0, 0x7f, 0xf1,
    0x0, 0x0, 0x8, 0x88, 0x8f, 0xff, 0x98, 0x88,
    0x50, 0xff, 0xff, 0xff, 0xff, 0xff, 0xfa, 0xf,
    0xff, 0xff, 0xff, 0xff, 0xff, 0xa0, 0x0, 0x0,
    0x7f, 0xf1, 0x0, 0x0, 0x0, 0x0, 0x7, 0xff,
    0x10, 0x0, 0x0, 0x0, 0x0, 0x7f, 0xf1, 0x0,
    0x0, 0x0, 0x0, 0x7, 0xff, 0x10, 0x0, 0x0,
    0x0, 0x0, 0x38, 0x80, 0x0, 0x0,

    /* U+002C "," */
    0x5, 0x55, 0x21, 0xff, 0xf7, 0x1f, 0xff, 0x71,
    0xff, 0xf6, 0x0, 0xcf, 0x20, 0x1f, 0xc0, 0x6,
    0xf6, 0x0, 0xbf, 0x10,

    /* U+002D "-" */
    0x9, 0x99, 0x99, 0x99, 0x90, 0x1f, 0xff, 0xff,
    0xff, 0xf1, 0x1f, 0xff, 0xff, 0xff, 0xf1,

    /* U+002E "." */
    0x5, 0x55, 0x21, 0xff, 0xf7, 0x1f, 0xff, 0x71,
    0xff, 0xf7,

    /* U+002F "/" */
    0x0, 0x0, 0x0, 0x1, 0x88, 0x60, 0x0, 0x0,
    0x0, 0x6f, 0xf9, 0x0, 0x0, 0x0, 0xc, 0xff,
    0x30, 0x0, 0x0, 0x1, 0xff, 0xe0, 0x0, 0x0,
    0x0, 0x7f, 0xf8, 0x0, 0x0, 0x0, 0xd, 0xff,
    0x30, 0x0, 0x0, 0x2, 0xff, 0xd0, 0x0, 0x0,
    0x0, 0x8f, 0xf8, 0x0, 0x0, 0x0, 0xd, 0xff,
    0x20, 0x0, 0x0, 0x3, 0xff, 0xd0, 0x0, 0x0,
    0x0, 0x8f, 0xf7, 0x0, 0x0, 0x0, 0xe, 0xff,
    0x20, 0x0, 0x0, 0x3, 0xff, 0xc0, 0x0, 0x0,
    0x0, 0x9f, 0xf7, 0x0, 0x0, 0x0, 0xe, 0xff,
    0x10, 0x0, 0x0, 0x4, 0xff, 0xb0, 0x0, 0x0,
    0x0, 0xaf, 0xf6, 0x0, 0x0, 0x0, 0xf, 0xff,
    0x10, 0x0, 0x0, 0x5, 0xff, 0xb0, 0x0, 0x0,
    0x0, 0xaf, 0xf5, 0x0, 0x0, 0x0, 0xf, 0xff,
    0x0, 0x0, 0x0, 0x0,

    /* U+0030 "0" */
    0x0, 0x1, 0x7c, 0xff, 0xea, 0x30, 0x0, 0x0,
    0x2, 0xef, 0xff, 0xff, 0xff, 0x70, 0x0, 0x2,
    0xff, 0xff, 0xcb, 0xef, 0xff, 0x70, 0x0, 0xbf,
    0xfd, 0x20, 0x0, 0x9f, 0xff, 0x20, 0x3f, 0xff,
    0x20, 0x0, 0x0, 0xcf, 0xf9, 0x7, 0xff, 0xb0,
    0x0, 0x0, 0x5, 0xff, 0xe0, 0xbf, 0xf7, 0x0,
    0x0, 0x0, 0x1f, 0xff, 0x1c, 0xff, 0x60, 0x0,
    0x0, 0x0, 0xff, 0xf3, 0xdf, 0xf5, 0x0, 0x0,
    0x0, 0xf, 0xff, 0x4c, 0xff, 0x50, 0x0, 0x0,
    0x0, 0xff, 0xf3, 0xbf, 0xf7, 0x0, 0x0, 0x0,
    0x1f, 0xff, 0x18, 0xff, 0xb0, 0x0, 0x0, 0x5,
    0xff, 0xe0, 0x3f, 0xff, 0x20, 0x0, 0x0, 0xcf,
    0xf9, 0x0, 0xbf, 0xfd, 0x20, 0x0, 0x8f, 0xff,
    0x20, 0x2, 0xff, 0xff, 0xcb, 0xef, 0xff, 0x70,
    0x0, 0x3, 0xef, 0xff, 0xff, 0xff, 0x70, 0x0,
    0x0, 0x1, 0x8c, 0xff, 0xea, 0x30, 0x0, 0x0,

    /* U+0031 "1" */
    0x0, 0x0, 0xd, 0xfb, 0x0, 0x0, 0xf, 0xfb,
    0x0, 0x2, 0xaf, 0xfb, 0x1f, 0xff, 0xff, 0xfb,
    0x1f, 0xff, 0xff, 0xfb, 0x5, 0x55, 0xaf, 0xfb,
    0x0, 0x0, 0x7f, 0xfb, 0x0, 0x0, 0x7f, 0xfb,
    0x0, 0x0, 0x7f, 0xfb, 0x0, 0x0, 0x7f, 0xfb,
    0x0, 0x0, 0x7f, 0xfb, 0x0, 0x0, 0x7f, 0xfb,
    0x0, 0x0, 0x7f, 0xfb, 0x0, 0x0, 0x7f, 0xfb,
    0x0, 0x0, 0x7f, 0xfb, 0x0, 0x0, 0x7f, 0xfb,
    0x0, 0x0, 0x7f, 0xfb,

    /* U+0032 "2" */
    0x0, 0x3, 0x9d, 0xff, 0xd9, 0x30, 0x0, 0x0,
    0x7f, 0xff, 0xff, 0xff, 0xf8, 0x0, 0x6, 0xff,
    0xff, 0xcb, 0xff, 0xff, 0x50, 0xe, 0xff, 0xb1,
    0x0, 0x1c, 0xff, 0xc0, 0x5f, 0xff, 0x10, 0x0,
    0x4, 0xff, 0xf0, 0x5b, 0xb8, 0x0, 0x0, 0x4,
    0xff, 0xf0, 0x0, 0x0, 0x0, 0x0, 0xb, 0xff,
    0xc0, 0x0, 0x0, 0x0, 0x3, 0xcf, 0xff, 0x40,
    0x0, 0x0, 0x1, 0xaf, 0xff, 0xf7, 0x0, 0x0,
    0x0, 0x7f, 0xff, 0xfd, 0x30, 0x0, 0x0, 0xb,
    0xff, 0xfe, 0x60, 0x0, 0x0, 0x0, 0xbf, 0xff,
    0x90, 0x0, 0x0, 0x0, 0x7, 0xff, 0xf5, 0x0,
    0x0, 0x0, 0x0, 0xf, 0xff, 0x80, 0x0, 0x0,
    0x0, 0x0, 0x4f, 0xff, 0xcb, 0xbb, 0xbb, 0xbb,
    0xb0, 0x7f, 0xff, 0xff, 0xff, 0xff, 0xff, 0xf0,
    0x8f, 0xff, 0xff, 0xff, 0xff, 0xff, 0xf0,

    /* U+0033 "3" */
    0x0, 0x7, 0xce, 0xfe, 0xd9, 0x20, 0x0, 0x2,
    0xdf, 0xff, 0xff, 0xff, 0xf6, 0x0, 0xd, 0xff,
    0xfc, 0xbc, 0xff, 0xff, 0x20, 0x5f, 0xff, 0x30,
    0x0, 0x2e, 0xff, 0x80, 0x36, 0x64, 0x0, 0x0,
    0xa, 0xff, 0x90, 0x0, 0x0, 0x0, 0x0, 0xd,
    0xff, 0x60, 0x0, 0x0, 0x6, 0x78, 0xdf, 0xfa,
    0x0, 0x0, 0x0, 0xf, 0xff, 0xff, 0x60, 0x0,
    0x0, 0x0, 0xf, 0xff, 0xff, 0xf7, 0x0, 0x0,
    0x0, 0x0, 0x1, 0x6f, 0xff, 0x70, 0x0, 0x0,
    0x0, 0x0, 0x5, 0xff, 0xf0, 0x23, 0x31, 0x0,
    0x0, 0x1, 0xff, 0xf2, 0xcf, 0xf7, 0x0, 0x0,
    0x2, 0xff, 0xf1, 0x8f, 0xff, 0x30, 0x0, 0x1c,
    0xff, 0xe0, 0x1f, 0xff, 0xfd, 0xbc, 0xff, 0xff,
    0x60, 0x4, 0xef, 0xff, 0xff, 0xff, 0xf8, 0x0,
    0x0, 0x17, 0xce, 0xfe, 0xd9, 0x20, 0x0,

    /* U+0034 "4" */
    0x0, 0x0, 0x0, 0x0, 0xbf, 0xff, 0x40, 0x0,
    0x0, 0x0, 0x0, 0x6f, 0xff, 0xf4, 0x0, 0x0,
    0x0, 0x0, 0x2f, 0xff, 0xff, 0x40, 0x0, 0x0,
    0x0, 0xd, 0xff, 0xff, 0xf4, 0x0, 0x0, 0x0,
    0x9, 0xff, 0xdd, 0xff, 0x40, 0x0, 0x0, 0x4,
    0xff, 0xf2, 0xdf, 0xf4, 0x0, 0x0, 0x1, 0xef,
    0xf5, 0xd, 0xff, 0x40, 0x0, 0x0, 0xbf, 0xfa,
    0x0, 0xdf, 0xf4, 0x0, 0x0, 0x7f, 0xfd, 0x0,
    0xd, 0xff, 0x40, 0x0, 0x3f, 0xff, 0x20, 0x0,
    0xdf, 0xf4, 0x0, 0xd, 0xff, 0x60, 0x0, 0xd,
    0xff, 0x40, 0x5, 0xff, 0xff, 0xff, 0xff, 0xff,
    0xff, 0xf5, 0x6f, 0xff, 0xff, 0xff, 0xff, 0xff,
    0xff, 0x54, 0xbb, 0xbb, 0xbb, 0xbb, 0xff, 0xfc,
    0xb3, 0x0, 0x0, 0x0, 0x0, 0xd, 0xff, 0x40,
    0x0, 0x0, 0x0, 0x0, 0x0, 0xdf, 0xf4, 0x0,
    0x0, 0x0, 0x0, 0x0, 0xd, 0xff, 0x40, 0x0,

    /* U+0035 "5" */
    0x4, 0xff, 0xff, 0xff, 0xff, 0xff, 0x30, 0x6,
    0xff, 0xff, 0xff, 0xff, 0xff, 0x30, 0x8, 0xff,
    0xdb, 0xbb, 0xbb, 0xbb, 0x20, 0xa, 0xff, 0x50,
    0x0, 0x0, 0x0, 0x0, 0xc, 0xff, 0x30, 0x0,
    0x0, 0x0, 0x0, 0xe, 0xff, 0x11, 0x46, 0x52,
    0x0, 0x0, 0xf, 0xff, 0x7f, 0xff, 0xff, 0xb2,
    0x0, 0x2f, 0xff, 0xff, 0xff, 0xff, 0xfe, 0x10,
    0x4f, 0xff, 0xb3, 0x1, 0x6e, 0xff, 0xb0, 0x3a,
    0xa9, 0x0, 0x0, 0x4, 0xff, 0xf1, 0x0, 0x0,
    0x0, 0x0, 0x0, 0xff, 0xf4, 0x0, 0x0, 0x0,
    0x0, 0x0, 0xef, 0xf5, 0x7e, 0xea, 0x0, 0x0,
    0x2, 0xff, 0xf3, 0x4f, 0xff, 0x60, 0x0, 0x1c,
    0xff, 0xd0, 0xc, 0xff, 0xfe, 0xbc, 0xff, 0xff,
    0x50, 0x1, 0xcf, 0xff, 0xff, 0xff, 0xf6, 0x0,
    0x0, 0x6, 0xbe, 0xfe, 0xd8, 0x20, 0x0,

    /* U+0036 "6" */
    0x0, 0x1, 0x7c, 0xef, 0xea, 0x30, 0x0, 0x3,
    0xef, 0xff, 0xff, 0xff, 0x50, 0x1, 0xef, 0xff,
    0xbb, 0xef, 0xff, 0x20, 0xaf, 0xfc, 0x10, 0x0,
    0xaf, 0xf9, 0x1f, 0xff, 0x10, 0x0, 0x0, 0x32,
    0x16, 0xff, 0x90, 0x15, 0x53, 0x0, 0x0, 0x9f,
    0xf6, 0xaf, 0xff, 0xfe, 0x70, 0xc, 0xff, 0xff,
    0xff, 0xff, 0xff, 0x90, 0xdf, 0xff, 0xb3, 0x1,
    0x9f, 0xff, 0x4e, 0xff, 0xc0, 0x0, 0x0, 0xaf,
    0xfa, 0xdf, 0xf6, 0x0, 0x0, 0x4, 0xff, 0xdb,
    0xff, 0x50, 0x0, 0x0, 0x4f, 0xfd, 0x7f, 0xf8,
    0x0, 0x0, 0x8, 0xff, 0xb2, 0xff, 0xf4, 0x0,
    0x3, 0xff, 0xf6, 0x9, 0xff, 0xfc, 0xac, 0xff,
    0xfd, 0x0, 0xb, 0xff, 0xff, 0xff, 0xfd, 0x20,
    0x0, 0x5, 0xbe, 0xfe, 0xc6, 0x0, 0x0,

    /* U+0037 "7" */
    0x8f, 0xff, 0xff, 0xff, 0xff, 0xff, 0xe8, 0xff,
    0xff, 0xff, 0xff, 0xff, 0xfe, 0x5b, 0xbb, 0xbb,
    0xbb, 0xbd, 0xff, 0xc0, 0x0, 0x0, 0x0, 0x1,
    0xef, 0xf2, 0x0, 0x0, 0x0, 0x0, 0xbf, 0xf4,
    0x0, 0x0, 0x0, 0x0, 0x6f, 0xf9, 0x0, 0x0,
    0x0, 0x0, 0x1e, 0xfe, 0x10, 0x0, 0x0, 0x0,
    0x8, 0xff, 0x60, 0x0, 0x0, 0x0, 0x1, 0xff,
    0xe0, 0x0, 0x0, 0x0, 0x0, 0x7f, 0xf7, 0x0,
    0x0, 0x0, 0x0, 0xd, 0xff, 0x20, 0x0, 0x0,
    0x0, 0x2, 0xff, 0xd0, 0x0, 0x0, 0x0, 0x0,
    0x6f, 0xfa, 0x0, 0x0, 0x0, 0x0, 0x9, 0xff,
    0x70, 0x0, 0x0, 0x0, 0x0, 0xcf, 0xf5, 0x0,
    0x0, 0x0, 0x0, 0xd, 0xff, 0x40, 0x0, 0x0,
    0x0, 0x0, 0xef, 0xf3, 0x0, 0x0, 0x0,

    /* U+0038 "8" */
    0x0, 0x0, 0x6b, 0xef, 0xfd, 0x92, 0x0, 0x0,
    0x1, 0xdf, 0xff, 0xff, 0xff, 0xf7, 0x0, 0x0,
    0xcf, 0xff, 0xdb, 0xcf, 0xff, 0xf4, 0x0, 0x2f,
    0xff, 0x60, 0x0, 0x1d, 0xff, 0xa0, 0x4, 0xff,
    0xf0, 0x0, 0x0, 0x7f, 0xfb, 0x0, 0x1f, 0xff,
    0x20, 0x0, 0xa, 0xff, 0x80, 0x0, 0x8f, 0xfe,
    0x75, 0x6b, 0xff, 0xe1, 0x0, 0x0, 0x6f, 0xff,
    0xff, 0xff, 0xa1, 0x0, 0x0, 0x4e, 0xff, 0xff,
    0xff, 0xff, 0x90, 0x0, 0x4f, 0xff, 0x82, 0x1,
    0x4c, 0xff, 0xb0, 0xd, 0xff, 0x70, 0x0, 0x0,
    0x1e, 0xff, 0x41, 0xff, 0xf2, 0x0, 0x0, 0x0,
    0xaf, 0xf8, 0x1f, 0xff, 0x40, 0x0, 0x0, 0xc,
    0xff, 0x80, 0xef, 0xfd, 0x20, 0x0, 0x8, 0xff,
    0xf5, 0x7, 0xff, 0xff, 0xdb, 0xcf, 0xff, 0xfd,
    0x0, 0x8, 0xff, 0xff, 0xff, 0xff, 0xfd, 0x20,
    0x0, 0x2, 0x8c, 0xef, 0xfd, 0xa5, 0x0, 0x0,

    /* U+0039 "9" */
    0x0, 0x2, 0x8d, 0xff, 0xd9, 0x30, 0x0, 0x0,
    0x5f, 0xff, 0xff, 0xff, 0xf7, 0x0, 0x3, 0xff,
    0xff, 0xaa, 0xdf, 0xff, 0x50, 0xb, 0xff, 0xc1,
    0x0, 0x7, 0xff, 0xe0, 0xf, 0xff, 0x30, 0x0,
    0x0, 0xcf, 0xf4, 0x1f, 0xff, 0x0, 0x0, 0x0,
    0x9f, 0xf8, 0xf, 0xff, 0x20, 0x0, 0x0, 0xbf,
    0xfa, 0xd, 0xff, 0xa0, 0x0, 0x4, 0xff, 0xfb,
    0x5, 0xff, 0xfc, 0x77, 0xaf, 0xff, 0xfb, 0x0,
    0x8f, 0xff, 0xff, 0xff, 0xbf, 0xfa, 0x0, 0x3,
    0xae, 0xfe, 0xa2, 0x8f, 0xf8, 0x0, 0x0, 0x0,
    0x0, 0x0, 0xcf, 0xf5, 0x2, 0x22, 0x0, 0x0,
    0x2, 0xff, 0xf1, 0x9, 0xff, 0xa0, 0x0, 0x1c,
    0xff, 0xa0, 0x2, 0xff, 0xfe, 0xbb, 0xff, 0xfe,
    0x20, 0x0, 0x4f, 0xff, 0xff, 0xff, 0xe3, 0x0,
    0x0, 0x2, 0xae, 0xff, 0xd8, 0x10, 0x0,

    /* U+003A ":" */
    0x1f, 0xff, 0x61, 0xff, 0xf6, 0x1f, 0xff, 0x60,
    0x55, 0x52, 0x0, 0x0, 0x0, 0x0, 0x0, 0x0,
    0x0, 0x0, 0x0, 0x0, 0x5, 0x55, 0x21, 0xff,
    0xf6, 0x1f, 0xff, 0x61, 0xff, 0xf6,

    /* U+003B ";" */
    0x1f, 0xff, 0x61, 0xff, 0xf6, 0x1f, 0xff, 0x60,
    0x55, 0x52, 0x0, 0x0, 0x0, 0x0, 0x0, 0x0,
    0x0, 0x0, 0x0, 0x0, 0x5, 0x55, 0x21, 0xff,
    0xf6, 0x1f, 0xff, 0x61, 0xff, 0xf6, 0x0, 0xcf,
    0x10, 0x1f, 0xb0, 0x6, 0xf6, 0x0, 0xbf, 0x0,

    /* U+003C "<" */
    0x0, 0x0, 0x0, 0x0, 0x0, 0x1, 0x0, 0x0,
    0x0, 0x0, 0x3, 0x9e, 0x0, 0x0, 0x0, 0x5,
    0xcf, 0xff, 0x0, 0x0, 0x17, 0xef, 0xff, 0xfa,
    0x0, 0x3a, 0xff, 0xff, 0xe8, 0x10, 0xc, 0xff,
    0xff, 0xd6, 0x0, 0x0, 0xf, 0xff, 0xa3, 0x0,
    0x0, 0x0, 0xf, 0xff, 0x81, 0x0, 0x0, 0x0,
    0xe, 0xff, 0xff, 0xa3, 0x0, 0x0, 0x0, 0x5c,
    0xff, 0xff, 0xc6, 0x0, 0x0, 0x0, 0x3a, 0xff,
    0xff, 0xe8, 0x0, 0x0, 0x0, 0x17, 0xef, 0xff,
    0x0, 0x0, 0x0, 0x0, 0x5, 0xcf, 0x0, 0x0,
    0x0, 0x0, 0x0, 0x2,

    /* U+003D "=" */
    0xf, 0xff, 0xff, 0xff, 0xff, 0xff, 0x30, 0xff,
    0xff, 0xff, 0xff, 0xff, 0xf3, 0x8, 0x88, 0x88,
    0x88, 0x88, 0x88, 0x10, 0x0, 0x0, 0x0, 0x0,
    0x0, 0x0, 0x0, 0x0, 0x0, 0x0, 0x0, 0x0,
    0x0, 0x88, 0x88, 0x88, 0x88, 0x88, 0x81, 0xf,
    0xff, 0xff, 0xff, 0xff, 0xff, 0x30, 0xff, 0xff,
    0xff, 0xff, 0xff, 0xf3,

    /* U+003E ">" */
    0x10, 0x0, 0x0, 0x0, 0x0, 0x0, 0xca, 0x40,
    0x0, 0x0, 0x0, 0x0, 0xcf, 0xfd, 0x60, 0x0,
    0x0, 0x0, 0x8f, 0xff, 0xfe, 0x82, 0x0, 0x0,
    0x1, 0x7e, 0xff, 0xff, 0xb4, 0x0, 0x0, 0x0,
    0x5c, 0xff, 0xff, 0xd1, 0x0, 0x0, 0x0, 0x29,
    0xff, 0xf3, 0x0, 0x0, 0x0, 0x17, 0xef, 0xf3,
    0x0, 0x0, 0x29, 0xff, 0xff, 0xe2, 0x0, 0x4b,
    0xff, 0xff, 0xd6, 0x0, 0x6d, 0xff, 0xff, 0xb4,
    0x0, 0x0, 0xcf, 0xfe, 0x82, 0x0, 0x0, 0x0,
    0xcd, 0x60, 0x0, 0x0, 0x0, 0x0, 0x20, 0x0,
    0x0, 0x0, 0x0, 0x0,

    /* U+003F "?" */
    0x0, 0x1, 0x7c, 0xef, 0xea, 0x40, 0x0, 0x3,
    0xef, 0xff, 0xff, 0xff, 0x80, 0x1, 0xef, 0xff,
    0xba, 0xdf, 0xff, 0x50, 0x9f, 0xfe, 0x20, 0x0,
    0xaf, 0xfc, 0xe, 0xff, 0x60, 0x0, 0x4, 0xff,
    0xf0, 0x66, 0x61, 0x0, 0x0, 0x4f, 0xfe, 0x0,
    0x0, 0x0, 0x0, 0x1c, 0xff, 0xa0, 0x0, 0x0,
    0x0, 0x6e, 0xff, 0xe1, 0x0, 0x0, 0x0, 0x9f,
    0xff, 0xb1, 0x0, 0x0, 0x0, 0x4f, 0xff, 0x60,
    0x0, 0x0, 0x0, 0x8, 0xff, 0xa0, 0x0, 0x0,
    0x0, 0x0, 0x8e, 0xe6, 0x0, 0x0, 0x0, 0x0,
    0x0, 0x0, 0x0, 0x0, 0x0, 0x0, 0x0, 0x45,
    0x53, 0x0, 0x0, 0x0, 0x0, 0xe, 0xff, 0x90,
    0x0, 0x0, 0x0, 0x0, 0xef, 0xf9, 0x0, 0x0,
    0x0, 0x0, 0xe, 0xff, 0x90, 0x0, 0x0,

    /* U+0040 "@" */
    0x0, 0x0, 0x0, 0x27, 0xbd, 0xff, 0xec, 0x83,
    0x0, 0x0, 0x0, 0x0, 0x1, 0x9f, 0xff, 0xff,
    0xff, 0xff, 0xfb, 0x10, 0x0, 0x0, 0x4, 0xef,
    0xf9, 0x41, 0x0, 0x13, 0x8e, 0xfe, 0x30, 0x0,
    0x4, 0xff, 0xb1, 0x0, 0x0, 0x0, 0x0, 0x9,
    0xfe, 0x10, 0x1, 0xef, 0x90, 0x0, 0x0, 0x0,
    0x1, 0x10, 0xb, 0xfb, 0x0, 0x9f, 0xc0, 0x0,
    0x6d, 0xff, 0xc3, 0xff, 0x60, 0x2f, 0xf2, 0x1f,
    0xf2, 0x0, 0xaf, 0xff, 0xff, 0xff, 0xf5, 0x0,
    0xcf, 0x66, 0xfb, 0x0, 0x5f, 0xfc, 0x30, 0x4f,
    0xff, 0x30, 0x9, 0xf9, 0xbf, 0x70, 0xc, 0xff,
    0x10, 0x0, 0x9f, 0xf2, 0x0, 0x8f, 0x9d, 0xf4,
    0x0, 0xff, 0xb0, 0x0, 0x6, 0xff, 0x0, 0x8,
    0xf8, 0xef, 0x20, 0x1f, 0xf9, 0x0, 0x0, 0x7f,
    0xf0, 0x0, 0xaf, 0x6f, 0xf2, 0x0, 0xff, 0xc0,
    0x0, 0xc, 0xfe, 0x0, 0xf, 0xf1, 0xef, 0x40,
    0xc, 0xff, 0x50, 0x8, 0xff, 0xf1, 0xa, 0xfa,
    0xb, 0xf7, 0x0, 0x3f, 0xff, 0xff, 0xf9, 0xef,
    0xff, 0xfd, 0x10, 0x7f, 0xd0, 0x0, 0x3b, 0xef,
    0xc4, 0x2, 0xcf, 0xe9, 0x10, 0x1, 0xff, 0x70,
    0x0, 0x0, 0x0, 0x0, 0x0, 0x0, 0x0, 0x0,
    0x6, 0xff, 0x70, 0x0, 0x0, 0x0, 0x0, 0x0,
    0x0, 0x0, 0x0, 0x9, 0xff, 0xd7, 0x21, 0x1,
    0x36, 0xb9, 0x0, 0x0, 0x0, 0x0, 0x5, 0xff,
    0xff, 0xff, 0xff, 0xff, 0xc0, 0x0, 0x0, 0x0,
    0x0, 0x0, 0x6a, 0xde, 0xfe, 0xc9, 0x50, 0x0,
    0x0, 0x0,

    /* U+0041 "A" */
    0x0, 0x0, 0x0, 0x9f, 0xff, 0x90, 0x0, 0x0,
    0x0, 0x0, 0x0, 0xe, 0xff, 0xfe, 0x0, 0x0,
    0x0, 0x0, 0x0, 0x4, 0xff, 0xff, 0xf5, 0x0,
    0x0, 0x0, 0x0, 0x0, 0xaf, 0xfc, 0xff, 0xa0,
    0x0, 0x0, 0x0, 0x0, 0x1f, 0xff, 0x2f, 0xff,
    0x10, 0x0, 0x0, 0x0, 0x6, 0xff, 0xb0, 0xbf,
    0xf6, 0x0, 0x0, 0x0, 0x0, 0xcf, 0xf5, 0x5,
    0xff, 0xc0, 0x0, 0x0, 0x0, 0x1f, 0xff, 0x0,
    0xf, 0xff, 0x20, 0x0, 0x0, 0x7, 0xff, 0xa0,
    0x0, 0xaf, 0xf7, 0x0, 0x0, 0x0, 0xdf, 0xf5,
    0x0, 0x5, 0xff, 0xd0, 0x0, 0x0, 0x3f, 0xff,
    0xaa, 0xaa, 0xaf, 0xff, 0x30, 0x0, 0x9, 0xff,
    0xff, 0xff, 0xff, 0xff, 0xf9, 0x0, 0x0, 0xef,
    0xff, 0xff, 0xff, 0xff, 0xff, 0xe0, 0x0, 0x4f,
    0xfe, 0x0, 0x0, 0x0, 0xe, 0xff, 0x40, 0xa,
    0xff, 0x90, 0x0, 0x0, 0x0, 0x9f, 0xfa, 0x0,
    0xff, 0xf3, 0x0, 0x0, 0x0, 0x3, 0xff, 0xf0,
    0x5f, 0xfe, 0x0, 0x0, 0x0, 0x0, 0xe, 0xff,
    0x60,

    /* U+0042 "B" */
    0x1f, 0xff, 0xff, 0xff, 0xfc, 0x93, 0x0, 0x1,
    0xff, 0xff, 0xff, 0xff, 0xff, 0xf7, 0x0, 0x1f,
    0xff, 0xa9, 0x9a, 0xcf, 0xff, 0xf3, 0x1, 0xff,
    0xf0, 0x0, 0x0, 0x2e, 0xff, 0x80, 0x1f, 0xff,
    0x0, 0x0, 0x0, 0x9f, 0xfa, 0x1, 0xff, 0xf0,
    0x0, 0x0, 0xb, 0xff, 0x80, 0x1f, 0xff, 0x0,
    0x0, 0x29, 0xff, 0xf2, 0x1, 0xff, 0xff, 0xff,
    0xff, 0xff, 0xc3, 0x0, 0x1f, 0xff, 0xff, 0xff,
    0xff, 0xda, 0x30, 0x1, 0xff, 0xf7, 0x77, 0x77,
    0xbf, 0xff, 0x60, 0x1f, 0xff, 0x0, 0x0, 0x0,
    0x5f, 0xff, 0x11, 0xff, 0xf0, 0x0, 0x0, 0x0,
    0xef, 0xf5, 0x1f, 0xff, 0x0, 0x0, 0x0, 0xe,
    0xff, 0x51, 0xff, 0xf0, 0x0, 0x0, 0x7, 0xff,
    0xf3, 0x1f, 0xff, 0xaa, 0xaa, 0xad, 0xff, 0xfd,
    0x1, 0xff, 0xff, 0xff, 0xff, 0xff, 0xfe, 0x30,
    0x1f, 0xff, 0xff, 0xff, 0xfe, 0xc7, 0x10, 0x0,

    /* U+0043 "C" */
    0x0, 0x0, 0x4a, 0xef, 0xfe, 0xa5, 0x0, 0x0,
    0x0, 0x1b, 0xff, 0xff, 0xff, 0xff, 0xc1, 0x0,
    0x0, 0xdf, 0xff, 0xec, 0xce, 0xff, 0xfc, 0x0,
    0xa, 0xff, 0xf7, 0x0, 0x0, 0x7f, 0xff, 0x70,
    0x2f, 0xff, 0x60, 0x0, 0x0, 0x8, 0xff, 0xe0,
    0x8f, 0xfd, 0x0, 0x0, 0x0, 0x1, 0xff, 0xf3,
    0xcf, 0xf8, 0x0, 0x0, 0x0, 0x0, 0x0, 0x0,
    0xdf, 0xf5, 0x0, 0x0, 0x0, 0x0, 0x0, 0x0,
    0xff, 0xf4, 0x0, 0x0, 0x0, 0x0, 0x0, 0x0,
    0xdf, 0xf5, 0x0, 0x0, 0x0, 0x0, 0x0, 0x0,
    0xcf, 0xf7, 0x0, 0x0, 0x0, 0x0, 0x34, 0x41,
    0x8f, 0xfc, 0x0, 0x0, 0x0, 0x1, 0xff, 0xf4,
    0x2f, 0xff, 0x60, 0x0, 0x0, 0x8, 0xff, 0xe0,
    0xa, 0xff, 0xf6, 0x0, 0x0, 0x7f, 0xff, 0x70,
    0x1, 0xdf, 0xff, 0xeb, 0xce, 0xff, 0xfc, 0x0,
    0x0, 0x1b, 0xff, 0xff, 0xff, 0xff, 0xa0, 0x0,
    0x0, 0x0, 0x4a, 0xef, 0xfd, 0x94, 0x0, 0x0,

    /* U+0044 "D" */
    0x1f, 0xff, 0xff, 0xfe, 0xd9, 0x40, 0x0, 0x0,
    0x1f, 0xff, 0xff, 0xff, 0xff, 0xfc, 0x20, 0x0,
    0x1f, 0xff, 0xbb, 0xbc, 0xef, 0xff, 0xe2, 0x0,
    0x1f, 0xff, 0x0, 0x0, 0x5, 0xef, 0xfc, 0x0,
    0x1f, 0xff, 0x0, 0x0, 0x0, 0x3f, 0xff, 0x50,
    0x1f, 0xff, 0x0, 0x0, 0x0, 0xa, 0xff, 0xa0,
    0x1f, 0xff, 0x0, 0x0, 0x0, 0x5, 0xff, 0xe0,
    0x1f, 0xff, 0x0, 0x0, 0x0, 0x3, 0xff, 0xf0,
    0x1f, 0xff, 0x0, 0x0, 0x0, 0x2, 0xff, 0xf0,
    0x1f, 0xff, 0x0, 0x0, 0x0, 0x3, 0xff, 0xf0,
    0x1f, 0xff, 0x0, 0x0, 0x0, 0x5, 0xff, 0xe0,
    0x1f, 0xff, 0x0, 0x0, 0x0, 0xa, 0xff, 0xa0,
    0x1f, 0xff, 0x0, 0x0, 0x0, 0x3f, 0xff, 0x50,
    0x1f, 0xff, 0x0, 0x0, 0x5, 0xef, 0xfd, 0x0,
    0x1f, 0xff, 0xbb, 0xbc, 0xef, 0xff, 0xf2, 0x0,
    0x1f, 0xff, 0xff, 0xff, 0xff, 0xfd, 0x20, 0x0,
    0x1f, 0xff, 0xff, 0xff, 0xda, 0x50, 0x0, 0x0,

    /* U+0045 "E" */
    0x1f, 0xff, 0xff, 0xff, 0xff, 0xff, 0x61, 0xff,
    0xff, 0xff, 0xff, 0xff, 0xf6, 0x1f, 0xff, 0xbb,
    0xbb, 0xbb, 0xbb, 0x41, 0xff, 0xf0, 0x0, 0x0,
    0x0, 0x0, 0x1f, 0xff, 0x0, 0x0, 0x0, 0x0,
    0x1, 0xff, 0xf0, 0x0, 0x0, 0x0, 0x0, 0x1f,
    0xff, 0x0, 0x0, 0x0, 0x0, 0x1, 0xff, 0xfa,
    0xaa, 0xaa, 0xaa, 0xa1, 0x1f, 0xff, 0xff, 0xff,
    0xff, 0xff, 0x11, 0xff, 0xff, 0xff, 0xff, 0xff,
    0xf1, 0x1f, 0xff, 0x0, 0x0, 0x0, 0x0, 0x1,
    0xff, 0xf0, 0x0, 0x0, 0x0, 0x0, 0x1f, 0xff,
    0x0, 0x0, 0x0, 0x0, 0x1, 0xff, 0xf0, 0x0,
    0x0, 0x0, 0x0, 0x1f, 0xff, 0xbb, 0xbb, 0xbb,
    0xbb, 0x61, 0xff, 0xff, 0xff, 0xff, 0xff, 0xf9,
    0x1f, 0xff, 0xff, 0xff, 0xff, 0xff, 0x90,

    /* U+0046 "F" */
    0x1f, 0xff, 0xff, 0xff, 0xff, 0xff, 0x51, 0xff,
    0xff, 0xff, 0xff, 0xff, 0xf5, 0x1f, 0xff, 0xbb,
    0xbb, 0xbb, 0xbb, 0x31, 0xff, 0xf0, 0x0, 0x0,
    0x0, 0x0, 0x1f, 0xff, 0x0, 0x0, 0x0, 0x0,
    0x1, 0xff, 0xf0, 0x0, 0x0, 0x0, 0x0, 0x1f,
    0xff, 0x0, 0x0, 0x0, 0x0, 0x1, 0xff, 0xfb,
    0xaa, 0xaa, 0xaa, 0x90, 0x1f, 0xff, 0xff, 0xff,
    0xff, 0xfe, 0x1, 0xff, 0xff, 0xff, 0xff, 0xff,
    0xe0, 0x1f, 0xff, 0x0, 0x0, 0x0, 0x0, 0x1,
    0xff, 0xf0, 0x0, 0x0, 0x0, 0x0, 0x1f, 0xff,
    0x0, 0x0, 0x0, 0x0, 0x1, 0xff, 0xf0, 0x0,
    0x0, 0x0, 0x0, 0x1f, 0xff, 0x0, 0x0, 0x0,
    0x0, 0x1, 0xff, 0xf0, 0x0, 0x0, 0x0, 0x0,
    0x1f, 0xff, 0x0, 0x0, 0x0, 0x0, 0x0,

    /* U+0047 "G" */
    0x0, 0x0, 0x4a, 0xdf, 0xfd, 0xa4, 0x0, 0x0,
    0x0, 0xb, 0xff, 0xff, 0xff, 0xff, 0xb1, 0x0,
    0x0, 0xdf, 0xff, 0xec, 0xce, 0xff, 0xfc, 0x0,
    0x9, 0xff, 0xf6, 0x0, 0x0, 0x5f, 0xff, 0x60,
    0x2f, 0xff, 0x60, 0x0, 0x0, 0x7, 0xff, 0xd0,
    0x7f, 0xfd, 0x0, 0x0, 0x0, 0x1, 0x99, 0x91,
    0xcf, 0xf8, 0x0, 0x0, 0x0, 0x0, 0x0, 0x0,
    0xdf, 0xf5, 0x0, 0x0, 0x0, 0x0, 0x0, 0x0,
    0xff, 0xf4, 0x0, 0x0, 0xff, 0xff, 0xff, 0xf4,
    0xef, 0xf5, 0x0, 0x0, 0xff, 0xff, 0xff, 0xf4,
    0xcf, 0xf7, 0x0, 0x0, 0x66, 0x66, 0xef, 0xf4,
    0x8f, 0xfc, 0x0, 0x0, 0x0, 0x0, 0xff, 0xf4,
    0x3f, 0xff, 0x50, 0x0, 0x0, 0x7, 0xff, 0xf4,
    0xa, 0xff, 0xf5, 0x0, 0x0, 0x6f, 0xff, 0xf4,
    0x1, 0xef, 0xff, 0xec, 0xbe, 0xff, 0xde, 0xf4,
    0x0, 0x1c, 0xff, 0xff, 0xff, 0xfd, 0x2d, 0xf4,
    0x0, 0x0, 0x5b, 0xef, 0xfc, 0x70, 0xc, 0xf4,

    /* U+0048 "H" */
    0x1f, 0xff, 0x0, 0x0, 0x0, 0xc, 0xff, 0x51,
    0xff, 0xf0, 0x0, 0x0, 0x0, 0xcf, 0xf5, 0x1f,
    0xff, 0x0, 0x0, 0x0, 0xc, 0xff, 0x51, 0xff,
    0xf0, 0x0, 0x0, 0x0, 0xcf, 0xf5, 0x1f, 0xff,
    0x0, 0x0, 0x0, 0xc, 0xff, 0x51, 0xff, 0xf0,
    0x0, 0x0, 0x0, 0xcf, 0xf5, 0x1f, 0xff, 0x0,
    0x0, 0x0, 0xc, 0xff, 0x51, 0xff, 0xff, 0xff,
    0xff, 0xff, 0xff, 0xf5, 0x1f, 0xff, 0xff, 0xff,
    0xff, 0xff, 0xff, 0x51, 0xff, 0xfc, 0xbb, 0xbb,
    0xbb, 0xff, 0xf5, 0x1f, 0xff, 0x0, 0x0, 0x0,
    0xc, 0xff, 0x51, 0xff, 0xf0, 0x0, 0x0, 0x0,
    0xcf, 0xf5, 0x1f, 0xff, 0x0, 0x0, 0x0, 0xc,
    0xff, 0x51, 0xff, 0xf0, 0x0, 0x0, 0x0, 0xcf,
    0xf5, 0x1f, 0xff, 0x0, 0x0, 0x0, 0xc, 0xff,
    0x51, 0xff, 0xf0, 0x0, 0x0, 0x0, 0xcf, 0xf5,
    0x1f, 0xff, 0x0, 0x0, 0x0, 0xc, 0xff, 0x50,

    /* U+0049 "I" */
    0x1f, 0xff, 0x1, 0xff, 0xf0, 0x1f, 0xff, 0x1,
    0xff, 0xf0, 0x1f, 0xff, 0x1, 0xff, 0xf0, 0x1f,
    0xff, 0x1, 0xff, 0xf0, 0x1f, 0xff, 0x1, 0xff,
    0xf0, 0x1f, 0xff, 0x1, 0xff, 0xf0, 0x1f, 0xff,
    0x1, 0xff, 0xf0, 0x1f, 0xff, 0x1, 0xff, 0xf0,
    0x1f, 0xff, 0x0,

    /* U+004A "J" */
    0x0, 0x0, 0x0, 0x0, 0xe, 0xff, 0x40, 0x0,
    0x0, 0x0, 0x0, 0xef, 0xf4, 0x0, 0x0, 0x0,
    0x0, 0xe, 0xff, 0x40, 0x0, 0x0, 0x0, 0x0,
    0xef, 0xf4, 0x0, 0x0, 0x0, 0x0, 0xe, 0xff,
    0x40, 0x0, 0x0, 0x0, 0x0, 0xef, 0xf4, 0x0,
    0x0, 0x0, 0x0, 0xe, 0xff, 0x40, 0x0, 0x0,
    0x0, 0x0, 0xef, 0xf4, 0x0, 0x0, 0x0, 0x0,
    0xe, 0xff, 0x40, 0x0, 0x0, 0x0, 0x0, 0xef,
    0xf4, 0x23, 0x31, 0x0, 0x0, 0xe, 0xff, 0x39,
    0xff, 0x90, 0x0, 0x0, 0xff, 0xf2, 0x7f, 0xfc,
    0x0, 0x0, 0x3f, 0xff, 0x2, 0xff, 0xf6, 0x0,
    0x1c, 0xff, 0xb0, 0x9, 0xff, 0xfd, 0xbe, 0xff,
    0xf3, 0x0, 0xb, 0xff, 0xff, 0xff, 0xf5, 0x0,
    0x0, 0x5, 0xbe, 0xfd, 0x92, 0x0, 0x0,

    /* U+004B "K" */
    0x1f, 0xff, 0x0, 0x0, 0x0, 0xbf, 0xfe, 0x11,
    0xff, 0xf0, 0x0, 0x0, 0x9f, 0xff, 0x20, 0x1f,
    0xff, 0x0, 0x0, 0x6f, 0xff, 0x40, 0x1, 0xff,
    0xf0, 0x0, 0x4f, 0xff, 0x60, 0x0, 0x1f, 0xff,
    0x0, 0x3f, 0xff, 0x90, 0x0, 0x1, 0xff, 0xf0,
    0x1e, 0xff, 0xb0, 0x0, 0x0, 0x1f, 0xff, 0x1d,
    0xff, 0xc0, 0x0, 0x0, 0x1, 0xff, 0xfc, 0xff,
    0xf3, 0x0, 0x0, 0x0, 0x1f, 0xff, 0xff, 0xff,
    0xc0, 0x0, 0x0, 0x1, 0xff, 0xff, 0xef, 0xff,
    0x70, 0x0, 0x0, 0x1f, 0xff, 0xf3, 0x6f, 0xff,
    0x30, 0x0, 0x1, 0xff, 0xf4, 0x0, 0xaf, 0xfd,
    0x0, 0x0, 0x1f, 0xff, 0x0, 0x1, 0xef, 0xf9,
    0x0, 0x1, 0xff, 0xf0, 0x0, 0x4, 0xff, 0xf5,
    0x0, 0x1f, 0xff, 0x0, 0x0, 0x8, 0xff, 0xe1,
    0x1, 0xff, 0xf0, 0x0, 0x0, 0xc, 0xff, 0xb0,
    0x1f, 0xff, 0x0, 0x0, 0x0, 0x2f, 0xff, 0x70,

    /* U+004C "L" */
    0x1f, 0xff, 0x0, 0x0, 0x0, 0x0, 0x1, 0xff,
    0xf0, 0x0, 0x0, 0x0, 0x0, 0x1f, 0xff, 0x0,
    0x0, 0x0, 0x0, 0x1, 0xff, 0xf0, 0x0, 0x0,
    0x0, 0x0, 0x1f, 0xff, 0x0, 0x0, 0x0, 0x0,
    0x1, 0xff, 0xf0, 0x0, 0x0, 0x0, 0x0, 0x1f,
    0xff, 0x0, 0x0, 0x0, 0x0, 0x1, 0xff, 0xf0,
    0x0, 0x0, 0x0, 0x0, 0x1f, 0xff, 0x0, 0x0,
    0x0, 0x0, 0x1, 0xff, 0xf0, 0x0, 0x0, 0x0,
    0x0, 0x1f, 0xff, 0x0, 0x0, 0x0, 0x0, 0x1,
    0xff, 0xf0, 0x0, 0x0, 0x0, 0x0, 0x1f, 0xff,
    0x0, 0x0, 0x0, 0x0, 0x1, 0xff, 0xf0, 0x0,
    0x0, 0x0, 0x0, 0x1f, 0xff, 0xbb, 0xbb, 0xbb,
    0xbb, 0x11, 0xff, 0xff, 0xff, 0xff, 0xff, 0xf2,
    0x1f, 0xff, 0xff, 0xff, 0xff, 0xff, 0x20,

    /* U+004D "M" */
    0x1f, 0xff, 0xf4, 0x0, 0x0, 0x0, 0x0, 0xaf,
    0xff, 0xb1, 0xff, 0xff, 0xa0, 0x0, 0x0, 0x0,
    0xf, 0xff, 0xfb, 0x1f, 0xff, 0xff, 0x0, 0x0,
    0x0, 0x5, 0xff, 0xff, 0xb1, 0xff, 0xff, 0xf5,
    0x0, 0x0, 0x0, 0xbf, 0xff, 0xfb, 0x1f, 0xff,
    0xff, 0xb0, 0x0, 0x0, 0x1f, 0xff, 0xff, 0xb1,
    0xff, 0xfe, 0xff, 0x10, 0x0, 0x6, 0xff, 0xef,
    0xfb, 0x1f, 0xff, 0x8f, 0xf7, 0x0, 0x0, 0xcf,
    0xf8, 0xff, 0xb1, 0xff, 0xf2, 0xff, 0xc0, 0x0,
    0x2f, 0xfc, 0x6f, 0xfb, 0x1f, 0xff, 0xc, 0xff,
    0x20, 0x8, 0xff, 0x66, 0xff, 0xb1, 0xff, 0xf0,
    0x6f, 0xf8, 0x0, 0xdf, 0xf1, 0x6f, 0xfb, 0x1f,
    0xff, 0x1, 0xff, 0xd0, 0x3f, 0xfb, 0x6, 0xff,
    0xb1, 0xff, 0xf0, 0xa, 0xff, 0x39, 0xff, 0x50,
    0x6f, 0xfb, 0x1f, 0xff, 0x0, 0x4f, 0xf9, 0xef,
    0xe0, 0x6, 0xff, 0xb1, 0xff, 0xf0, 0x0, 0xef,
    0xff, 0xf9, 0x0, 0x6f, 0xfb, 0x1f, 0xff, 0x0,
    0x9, 0xff, 0xff, 0x30, 0x6, 0xff, 0xb1, 0xff,
    0xf0, 0x0, 0x3f, 0xff, 0xd0, 0x0, 0x6f, 0xfb,
    0x1f, 0xff, 0x0, 0x0, 0xdf, 0xf7, 0x0, 0x6,
    0xff, 0xb0,

    /* U+004E "N" */
    0x1f, 0xff, 0xd0, 0x0, 0x0, 0x1, 0xff, 0xf0,
    0x1f, 0xff, 0xf6, 0x0, 0x0, 0x1, 0xff, 0xf0,
    0x1f, 0xff, 0xfe, 0x10, 0x0, 0x1, 0xff, 0xf0,
    0x1f, 0xff, 0xff, 0x90, 0x0, 0x1, 0xff, 0xf0,
    0x1f, 0xff, 0xff, 0xf2, 0x0, 0x1, 0xff, 0xf0,
    0x1f, 0xff, 0x7f, 0xfb, 0x0, 0x1, 0xff, 0xf0,
    0x1f, 0xff, 0xd, 0xff, 0x40, 0x1, 0xff, 0xf0,
    0x1f, 0xff, 0x4, 0xff, 0xd0, 0x1, 0xff, 0xf0,
    0x1f, 0xff, 0x0, 0xaf, 0xf7, 0x1, 0xff, 0xf0,
    0x1f, 0xff, 0x0, 0x1f, 0xfe, 0x11, 0xff, 0xf0,
    0x1f, 0xff, 0x0, 0x8, 0xff, 0x91, 0xff, 0xf0,
    0x1f, 0xff, 0x0, 0x0, 0xef, 0xf4, 0xff, 0xf0,
    0x1f, 0xff, 0x0, 0x0, 0x5f, 0xfd, 0xff, 0xf0,
    0x1f, 0xff, 0x0, 0x0, 0xc, 0xff, 0xff, 0xf0,
    0x1f, 0xff, 0x0, 0x0, 0x3, 0xff, 0xff, 0xf0,
    0x1f, 0xff, 0x0, 0x0, 0x0, 0x9f, 0xff, 0xf0,
    0x1f, 0xff, 0x0, 0x0, 0x0, 0x1e, 0xff, 0xf0,

    /* U+004F "O" */
    0x0, 0x0, 0x4a, 0xdf, 0xfe, 0xb6, 0x0, 0x0,
    0x0, 0x1, 0xbf, 0xff, 0xff, 0xff, 0xfe, 0x30,
    0x0, 0x1, 0xdf, 0xff, 0xec, 0xbe, 0xff, 0xff,
    0x40, 0x0, 0xaf, 0xff, 0x70, 0x0, 0x4, 0xef,
    0xfe, 0x10, 0x2f, 0xff, 0x60, 0x0, 0x0, 0x2,
    0xff, 0xf7, 0x8, 0xff, 0xd0, 0x0, 0x0, 0x0,
    0x8, 0xff, 0xd0, 0xcf, 0xf7, 0x0, 0x0, 0x0,
    0x0, 0x3f, 0xff, 0x1d, 0xff, 0x50, 0x0, 0x0,
    0x0, 0x0, 0xff, 0xf2, 0xff, 0xf4, 0x0, 0x0,
    0x0, 0x0, 0xf, 0xff, 0x4e, 0xff, 0x50, 0x0,
    0x0, 0x0, 0x0, 0xff, 0xf2, 0xcf, 0xf7, 0x0,
    0x0, 0x0, 0x0, 0x2f, 0xff, 0x18, 0xff, 0xc0,
    0x0, 0x0, 0x0, 0x8, 0xff, 0xd0, 0x3f, 0xff,
    0x60, 0x0, 0x0, 0x1, 0xff, 0xf8, 0x0, 0xbf,
    0xff, 0x70, 0x0, 0x4, 0xef, 0xfe, 0x10, 0x1,
    0xef, 0xff, 0xec, 0xbd, 0xff, 0xff, 0x40, 0x0,
    0x1, 0xbf, 0xff, 0xff, 0xff, 0xfe, 0x40, 0x0,
    0x0, 0x0, 0x4a, 0xdf, 0xfe, 0xb7, 0x0, 0x0,
    0x0,

    /* U+0050 "P" */
    0x1f, 0xff, 0xff, 0xff, 0xec, 0x71, 0x0, 0x1f,
    0xff, 0xff, 0xff, 0xff, 0xfe, 0x40, 0x1f, 0xff,
    0xbb, 0xbb, 0xdf, 0xff, 0xf1, 0x1f, 0xff, 0x0,
    0x0, 0x4, 0xff, 0xf8, 0x1f, 0xff, 0x0, 0x0,
    0x0, 0x8f, 0xfc, 0x1f, 0xff, 0x0, 0x0, 0x0,
    0x6f, 0xfd, 0x1f, 0xff, 0x0, 0x0, 0x0, 0x8f,
    0xfc, 0x1f, 0xff, 0x0, 0x0, 0x4, 0xff, 0xf8,
    0x1f, 0xff, 0xbb, 0xbb, 0xdf, 0xff, 0xe1, 0x1f,
    0xff, 0xff, 0xff, 0xff, 0xfe, 0x30, 0x1f, 0xff,
    0xff, 0xff, 0xec, 0x71, 0x0, 0x1f, 0xff, 0x0,
    0x0, 0x0, 0x0, 0x0, 0x1f, 0xff, 0x0, 0x0,
    0x0, 0x0, 0x0, 0x1f, 0xff, 0x0, 0x0, 0x0,
    0x0, 0x0, 0x1f, 0xff, 0x0, 0x0, 0x0, 0x0,
    0x0, 0x1f, 0xff, 0x0, 0x0, 0x0, 0x0, 0x0,
    0x1f, 0xff, 0x0, 0x0, 0x0, 0x0, 0x0,

    /* U+0051 "Q" */
    0x0, 0x0, 0x4a, 0xdf, 0xfe, 0xb5, 0x0, 0x0,
    0x0, 0x0, 0xaf, 0xff, 0xff, 0xff, 0xfc, 0x10,
    0x0, 0x0, 0xdf, 0xff, 0xec, 0xbe, 0xff, 0xfe,
    0x20, 0x0, 0x9f, 0xff, 0x70, 0x0, 0x5, 0xff,
    0xfb, 0x0, 0x2f, 0xff, 0x60, 0x0, 0x0, 0x4,
    0xff, 0xf4, 0x7, 0xff, 0xd0, 0x0, 0x0, 0x0,
    0xa, 0xff, 0xa0, 0xcf, 0xf8, 0x0, 0x0, 0x0,
    0x0, 0x5f, 0xfe, 0xd, 0xff, 0x50, 0x0, 0x0,
    0x0, 0x2, 0xff, 0xf0, 0xff, 0xf4, 0x0, 0x0,
    0x0, 0x0, 0x1f, 0xff, 0x1d, 0xff, 0x50, 0x0,
    0x0, 0x0, 0x2, 0xff, 0xf0, 0xcf, 0xf8, 0x0,
    0x0, 0x0, 0x0, 0x5f, 0xfe, 0x7, 0xff, 0xd0,
    0x0, 0x7a, 0x90, 0xa, 0xff, 0xa0, 0x2f, 0xff,
    0x60, 0x2, 0xef, 0xa4, 0xff, 0xf4, 0x0, 0x9f,
    0xff, 0x70, 0x3, 0xff, 0xff, 0xfb, 0x0, 0x0,
    0xcf, 0xff, 0xec, 0xbf, 0xff, 0xfd, 0x10, 0x0,
    0x0, 0xaf, 0xff, 0xff, 0xff, 0xff, 0x30, 0x0,
    0x0, 0x0, 0x4a, 0xdf, 0xfe, 0xad, 0xfd, 0x10,
    0x0, 0x0, 0x0, 0x0, 0x0, 0x0, 0x1e, 0xfc,
    0x0,

    /* U+0052 "R" */
    0x1f, 0xff, 0xff, 0xff, 0xfd, 0x93, 0x0, 0x1,
    0xff, 0xff, 0xff, 0xff, 0xff, 0xf7, 0x0, 0x1f,
    0xff, 0xbb, 0xbb, 0xcf, 0xff, 0xf5, 0x1, 0xff,
    0xf0, 0x0, 0x0, 0x1d, 0xff, 0xc0, 0x1f, 0xff,
    0x0, 0x0, 0x0, 0x4f, 0xff, 0x1, 0xff, 0xf0,
    0x0, 0x0, 0x3, 0xff, 0xf0, 0x1f, 0xff, 0x0,
    0x0, 0x0, 0x6f, 0xfd, 0x1, 0xff, 0xf0, 0x0,
    0x1, 0x6f, 0xff, 0x50, 0x1f, 0xff, 0xff, 0xff,
    0xff, 0xff, 0x60, 0x1, 0xff, 0xff, 0xff, 0xff,
    0xff, 0xc4, 0x0, 0x1f, 0xff, 0xbb, 0xbb, 0xce,
    0xff, 0xf3, 0x1, 0xff, 0xf0, 0x0, 0x0, 0xb,
    0xff, 0xa0, 0x1f, 0xff, 0x0, 0x0, 0x0, 0x5f,
    0xfd, 0x1, 0xff, 0xf0, 0x0, 0x0, 0x3, 0xff,
    0xe0, 0x1f, 0xff, 0x0, 0x0, 0x0, 0x2f, 0xff,
    0x1, 0xff, 0xf0, 0x0, 0x0, 0x1, 0xff, 0xf1,
    0x1f, 0xff, 0x0, 0x0, 0x0, 0xf, 0xff, 0x20,

    /* U+0053 "S" */
    0x0, 0x5, 0xbe, 0xfe, 0xd8, 0x10, 0x0, 0x1,
    0xcf, 0xff, 0xff, 0xff, 0xf5, 0x0, 0xb, 0xff,
    0xfd, 0xbc, 0xff, 0xff, 0x40, 0x2f, 0xff, 0x60,
    0x0, 0x1b, 0xff, 0xd0, 0x5f, 0xfd, 0x0, 0x0,
    0x1, 0xff, 0xf3, 0x4f, 0xfe, 0x0, 0x0, 0x0,
    0x68, 0x83, 0x1f, 0xff, 0xc5, 0x0, 0x0, 0x0,
    0x0, 0x5, 0xff, 0xff, 0xfc, 0x84, 0x0, 0x0,
    0x0, 0x29, 0xff, 0xff, 0xff, 0xe6, 0x0, 0x0,
    0x0, 0x3, 0x7b, 0xff, 0xff, 0xa0, 0x0, 0x0,
    0x0, 0x0, 0x18, 0xff, 0xf5, 0x8c, 0xc6, 0x0,
    0x0, 0x0, 0x9f, 0xfa, 0x7f, 0xfd, 0x0, 0x0,
    0x0, 0x7f, 0xfb, 0x1f, 0xff, 0xa0, 0x0, 0x1,
    0xdf, 0xf8, 0x7, 0xff, 0xff, 0xba, 0xcf, 0xff,
    0xf2, 0x0, 0x7f, 0xff, 0xff, 0xff, 0xfe, 0x40,
    0x0, 0x2, 0x8d, 0xef, 0xec, 0x71, 0x0,

    /* U+0054 "T" */
    0xbf, 0xff, 0xff, 0xff, 0xff, 0xff, 0xfb, 0xbf,
    0xff, 0xff, 0xff, 0xff, 0xff, 0xfb, 0x8b, 0xbb,
    0xbd, 0xff, 0xdb, 0xbb, 0xb8, 0x0, 0x0, 0x8,
    0xff, 0x90, 0x0, 0x0, 0x0, 0x0, 0x8, 0xff,
    0x90, 0x0, 0x0, 0x0, 0x0, 0x8, 0xff, 0x90,
    0x0, 0x0, 0x0, 0x0, 0x8, 0xff, 0x90, 0x0,
    0x0, 0x0, 0x0, 0x8, 0xff, 0x90, 0x0, 0x0,
    0x0, 0x0, 0x8, 0xff, 0x90, 0x0, 0x0, 0x0,
    0x0, 0x8, 0xff, 0x90, 0x0, 0x0, 0x0, 0x0,
    0x8, 0xff, 0x90, 0x0, 0x0, 0x0, 0x0, 0x8,
    0xff, 0x90, 0x0, 0x0, 0x0, 0x0, 0x8, 0xff,
    0x90, 0x0, 0x0, 0x0, 0x0, 0x8, 0xff, 0x90,
    0x0, 0x0, 0x0, 0x0, 0x8, 0xff, 0x90, 0x0,
    0x0, 0x0, 0x0, 0x8, 0xff, 0x90, 0x0, 0x0,
    0x0, 0x0, 0x8, 0xff, 0x90, 0x0, 0x0,

    /* U+0055 "U" */
    0x7f, 0xfb, 0x0, 0x0, 0x0, 0xe, 0xff, 0x37,
    0xff, 0xb0, 0x0, 0x0, 0x0, 0xef, 0xf3, 0x7f,
    0xfb, 0x0, 0x0, 0x0, 0xe, 0xff, 0x37, 0xff,
    0xb0, 0x0, 0x0, 0x0, 0xef, 0xf3, 0x7f, 0xfb,
    0x0, 0x0, 0x0, 0xe, 0xff, 0x37, 0xff, 0xb0,
    0x0, 0x0, 0x0, 0xef, 0xf3, 0x7f, 0xfb, 0x0,
    0x0, 0x0, 0xe, 0xff, 0x37, 0xff, 0xb0, 0x0,
    0x0, 0x0, 0xef, 0xf3, 0x7f, 0xfb, 0x0, 0x0,
    0x0, 0xe, 0xff, 0x37, 0xff, 0xb0, 0x0, 0x0,
    0x0, 0xef, 0xf3, 0x6f, 0xfb, 0x0, 0x0, 0x0,
    0xe, 0xff, 0x35, 0xff, 0xd0, 0x0, 0x0, 0x0,
    0xff, 0xf1, 0x3f, 0xff, 0x20, 0x0, 0x0, 0x5f,
    0xff, 0x0, 0xdf, 0xfc, 0x20, 0x0, 0x4e, 0xff,
    0x90, 0x4, 0xff, 0xff, 0xdb, 0xdf, 0xff, 0xe1,
    0x0, 0x5, 0xff, 0xff, 0xff, 0xff, 0xd3, 0x0,
    0x0, 0x1, 0x7c, 0xef, 0xeb, 0x60, 0x0, 0x0,

    /* U+0056 "V" */
    0x5f, 0xfe, 0x0, 0x0, 0x0, 0x0, 0xe, 0xff,
    0x60, 0xff, 0xf4, 0x0, 0x0, 0x0, 0x4, 0xff,
    0xf0, 0xa, 0xff, 0xa0, 0x0, 0x0, 0x0, 0x9f,
    0xfa, 0x0, 0x4f, 0xff, 0x0, 0x0, 0x0, 0xe,
    0xff, 0x40, 0x0, 0xef, 0xf5, 0x0, 0x0, 0x5,
    0xff, 0xe0, 0x0, 0x8, 0xff, 0xa0, 0x0, 0x0,
    0xaf, 0xf8, 0x0, 0x0, 0x3f, 0xff, 0x10, 0x0,
    0xf, 0xff, 0x30, 0x0, 0x0, 0xdf, 0xf6, 0x0,
    0x5, 0xff, 0xd0, 0x0, 0x0, 0x7, 0xff, 0xb0,
    0x0, 0xbf, 0xf7, 0x0, 0x0, 0x0, 0x1f, 0xff,
    0x10, 0x1f, 0xff, 0x10, 0x0, 0x0, 0x0, 0xbf,
    0xf7, 0x6, 0xff, 0xb0, 0x0, 0x0, 0x0, 0x5,
    0xff, 0xc0, 0xcf, 0xf6, 0x0, 0x0, 0x0, 0x0,
    0xf, 0xff, 0x4f, 0xff, 0x0, 0x0, 0x0, 0x0,
    0x0, 0xaf, 0xfe, 0xff, 0xa0, 0x0, 0x0, 0x0,
    0x0, 0x4, 0xff, 0xff, 0xf4, 0x0, 0x0, 0x0,
    0x0, 0x0, 0xe, 0xff, 0xfe, 0x0, 0x0, 0x0,
    0x0, 0x0, 0x0, 0x8f, 0xff, 0x80, 0x0, 0x0,
    0x0,

    /* U+0057 "W" */
    0xf, 0xff, 0x40, 0x0, 0x0, 0xbf, 0xf7, 0x0,
    0x0, 0x8, 0xff, 0xc0, 0xbf, 0xf8, 0x0, 0x0,
    0xe, 0xff, 0xb0, 0x0, 0x0, 0xcf, 0xf7, 0x7,
    0xff, 0xc0, 0x0, 0x2, 0xff, 0xff, 0x0, 0x0,
    0xf, 0xff, 0x30, 0x2f, 0xff, 0x0, 0x0, 0x6f,
    0xff, 0xf3, 0x0, 0x4, 0xff, 0xf0, 0x0, 0xef,
    0xf4, 0x0, 0xa, 0xff, 0xff, 0x70, 0x0, 0x8f,
    0xfa, 0x0, 0xa, 0xff, 0x80, 0x0, 0xef, 0xef,
    0xfb, 0x0, 0xc, 0xff, 0x60, 0x0, 0x5f, 0xfc,
    0x0, 0x2f, 0xf9, 0xcf, 0xf0, 0x0, 0xff, 0xf2,
    0x0, 0x1, 0xff, 0xf0, 0x6, 0xff, 0x58, 0xff,
    0x30, 0x4f, 0xfe, 0x0, 0x0, 0xd, 0xff, 0x40,
    0xaf, 0xf1, 0x4f, 0xf7, 0x7, 0xff, 0x90, 0x0,
    0x0, 0x8f, 0xf8, 0xe, 0xfd, 0x0, 0xff, 0xb0,
    0xbf, 0xf5, 0x0, 0x0, 0x4, 0xff, 0xc2, 0xff,
    0x90, 0xc, 0xfe, 0xf, 0xff, 0x10, 0x0, 0x0,
    0xf, 0xff, 0x7f, 0xf5, 0x0, 0x8f, 0xf6, 0xff,
    0xd0, 0x0, 0x0, 0x0, 0xcf, 0xfe, 0xff, 0x10,
    0x4, 0xff, 0xef, 0xf8, 0x0, 0x0, 0x0, 0x7,
    0xff, 0xff, 0xd0, 0x0, 0xf, 0xff, 0xff, 0x40,
    0x0, 0x0, 0x0, 0x3f, 0xff, 0xf8, 0x0, 0x0,
    0xcf, 0xff, 0xf0, 0x0, 0x0, 0x0, 0x0, 0xef,
    0xff, 0x40, 0x0, 0x8, 0xff, 0xfb, 0x0, 0x0,
    0x0, 0x0, 0xa, 0xff, 0xf0, 0x0, 0x0, 0x4f,
    0xff, 0x70, 0x0, 0x0,

    /* U+0058 "X" */
    0x4f, 0xff, 0x50, 0x0, 0x0, 0x7, 0xff, 0xf2,
    0xa, 0xff, 0xe1, 0x0, 0x0, 0x2f, 0xff, 0x70,
    0x1, 0xef, 0xfa, 0x0, 0x0, 0xbf, 0xfc, 0x0,
    0x0, 0x4f, 0xff, 0x40, 0x6, 0xff, 0xf2, 0x0,
    0x0, 0x9, 0xff, 0xe0, 0x1e, 0xff, 0x60, 0x0,
    0x0, 0x0, 0xef, 0xf9, 0xaf, 0xfc, 0x0, 0x0,
    0x0, 0x0, 0x4f, 0xff, 0xff, 0xf2, 0x0, 0x0,
    0x0, 0x0, 0x9, 0xff, 0xff, 0x60, 0x0, 0x0,
    0x0, 0x0, 0x2, 0xff, 0xff, 0x0, 0x0, 0x0,
    0x0, 0x0, 0xa, 0xff, 0xff, 0x80, 0x0, 0x0,
    0x0, 0x0, 0x5f, 0xff, 0xff, 0xf3, 0x0, 0x0,
    0x0, 0x1, 0xef, 0xf7, 0xaf, 0xfd, 0x0, 0x0,
    0x0, 0xa, 0xff, 0xc0, 0x1e, 0xff, 0x80, 0x0,
    0x0, 0x5f, 0xff, 0x30, 0x5, 0xff, 0xf3, 0x0,
    0x1, 0xef, 0xf8, 0x0, 0x0, 0xbf, 0xfd, 0x0,
    0xa, 0xff, 0xd0, 0x0, 0x0, 0x1f, 0xff, 0x80,
    0x5f, 0xff, 0x40, 0x0, 0x0, 0x6, 0xff, 0xf3,

    /* U+0059 "Y" */
    0xd, 0xff, 0x90, 0x0, 0x0, 0x0, 0xdf, 0xf9,
    0x4, 0xff, 0xf2, 0x0, 0x0, 0x7, 0xff, 0xe1,
    0x0, 0xbf, 0xfb, 0x0, 0x0, 0x1e, 0xff, 0x60,
    0x0, 0x2f, 0xff, 0x40, 0x0, 0x9f, 0xfd, 0x0,
    0x0, 0x9, 0xff, 0xd0, 0x2, 0xff, 0xf4, 0x0,
    0x0, 0x1, 0xef, 0xf6, 0xa, 0xff, 0xb0, 0x0,
    0x0, 0x0, 0x6f, 0xfe, 0x4f, 0xff, 0x20, 0x0,
    0x0, 0x0, 0xd, 0xff, 0xff, 0xf8, 0x0, 0x0,
    0x0, 0x0, 0x4, 0xff, 0xff, 0xe0, 0x0, 0x0,
    0x0, 0x0, 0x0, 0xaf, 0xff, 0x60, 0x0, 0x0,
    0x0, 0x0, 0x0, 0x3f, 0xff, 0x0, 0x0, 0x0,
    0x0, 0x0, 0x0, 0x3f, 0xfe, 0x0, 0x0, 0x0,
    0x0, 0x0, 0x0, 0x3f, 0xfe, 0x0, 0x0, 0x0,
    0x0, 0x0, 0x0, 0x3f, 0xfe, 0x0, 0x0, 0x0,
    0x0, 0x0, 0x0, 0x3f, 0xfe, 0x0, 0x0, 0x0,
    0x0, 0x0, 0x0, 0x3f, 0xfe, 0x0, 0x0, 0x0,
    0x0, 0x0, 0x0, 0x3f, 0xfe, 0x0, 0x0, 0x0,

    /* U+005A "Z" */
    0xf, 0xff, 0xff, 0xff, 0xff, 0xff, 0xe0, 0xf,
    0xff, 0xff, 0xff, 0xff, 0xff, 0xe0, 0xa, 0xbb,
    0xbb, 0xbb, 0xbf, 0xff, 0xd0, 0x0, 0x0, 0x0,
    0x0, 0x7f, 0xff, 0x40, 0x0, 0x0, 0x0, 0x3,
    0xff, 0xf8, 0x0, 0x0, 0x0, 0x0, 0xd, 0xff,
    0xc0, 0x0, 0x0, 0x0, 0x0, 0xaf, 0xff, 0x20,
    0x0, 0x0, 0x0, 0x6, 0xff, 0xf5, 0x0, 0x0,
    0x0, 0x0, 0x2f, 0xff, 0xa0, 0x0, 0x0, 0x0,
    0x0, 0xcf, 0xfd, 0x0, 0x0, 0x0, 0x0, 0x9,
    0xff, 0xf3, 0x0, 0x0, 0x0, 0x0, 0x4f, 0xff,
    0x60, 0x0, 0x0, 0x0, 0x1, 0xef, 0xfb, 0x0,
    0x0, 0x0, 0x0, 0xb, 0xff, 0xe1, 0x0, 0x0,
    0x0, 0x0, 0x5f, 0xff, 0xdb, 0xbb, 0xbb, 0xbb,
    0xb2, 0x5f, 0xff, 0xff, 0xff, 0xff, 0xff, 0xf3,
    0x5f, 0xff, 0xff, 0xff, 0xff, 0xff, 0xf3,

    /* U+005B "[" */
    0x6, 0x66, 0x66, 0x64, 0x1f, 0xff, 0xff, 0xfb,
    0x1f, 0xff, 0xff, 0xfb, 0x1f, 0xfd, 0x0, 0x0,
    0x1f, 0xfd, 0x0, 0x0, 0x1f, 0xfd, 0x0, 0x0,
    0x1f, 0xfd, 0x0, 0x0, 0x1f, 0xfd, 0x0, 0x0,
    0x1f, 0xfd, 0x0, 0x0, 0x1f, 0xfd, 0x0, 0x0,
    0x1f, 0xfd, 0x0, 0x0, 0x1f, 0xfd, 0x0, 0x0,
    0x1f, 0xfd, 0x0, 0x0, 0x1f, 0xfd, 0x0, 0x0,
    0x1f, 0xfd, 0x0, 0x0, 0x1f, 0xfd, 0x0, 0x0,
    0x1f, 0xfd, 0x0, 0x0, 0x1f, 0xfd, 0x0, 0x0,
    0x1f, 0xfe, 0x77, 0x74, 0x1f, 0xff, 0xff, 0xfb,
    0x1f, 0xff, 0xff, 0xfb,

    /* U+005C "\\" */
    0x18, 0x87, 0x0, 0x0, 0x0, 0x0, 0xef, 0xf2,
    0x0, 0x0, 0x0, 0x8, 0xff, 0x70, 0x0, 0x0,
    0x0, 0x3f, 0xfd, 0x0, 0x0, 0x0, 0x0, 0xdf,
    0xf2, 0x0, 0x0, 0x0, 0x8, 0xff, 0x80, 0x0,
    0x0, 0x0, 0x2f, 0xfd, 0x0, 0x0, 0x0, 0x0,
    0xcf, 0xf3, 0x0, 0x0, 0x0, 0x7, 0xff, 0x80,
    0x0, 0x0, 0x0, 0x1f, 0xfe, 0x0, 0x0, 0x0,
    0x0, 0xcf, 0xf3, 0x0, 0x0, 0x0, 0x6, 0xff,
    0x90, 0x0, 0x0, 0x0, 0x1f, 0xfe, 0x0, 0x0,
    0x0, 0x0, 0xbf, 0xf4, 0x0, 0x0, 0x0, 0x6,
    0xff, 0xa0, 0x0, 0x0, 0x0, 0xf, 0xff, 0x0,
    0x0, 0x0, 0x0, 0xbf, 0xf5, 0x0, 0x0, 0x0,
    0x5, 0xff, 0xa0, 0x0, 0x0, 0x0, 0xf, 0xff,
    0x0, 0x0, 0x0, 0x0, 0xaf, 0xf5, 0x0, 0x0,
    0x0, 0x4, 0xff, 0xb0,

    /* U+005D "]" */
    0x46, 0x66, 0x66, 0x60, 0xbf, 0xff, 0xff, 0xf1,
    0xbf, 0xff, 0xff, 0xf1, 0x0, 0x0, 0xdf, 0xf1,
    0x0, 0x0, 0xdf, 0xf1, 0x0, 0x0, 0xdf, 0xf1,
    0x0, 0x0, 0xdf, 0xf1, 0x0, 0x0, 0xdf, 0xf1,
    0x0, 0x0, 0xdf, 0xf1, 0x0, 0x0, 0xdf, 0xf1,
    0x0, 0x0, 0xdf, 0xf1, 0x0, 0x0, 0xdf, 0xf1,
    0x0, 0x0, 0xdf, 0xf1, 0x0, 0x0, 0xdf, 0xf1,
    0x0, 0x0, 0xdf, 0xf1, 0x0, 0x0, 0xdf, 0xf1,
    0x0, 0x0, 0xdf, 0xf1, 0x0, 0x0, 0xdf, 0xf1,
    0x47, 0x77, 0xef, 0xf1, 0xbf, 0xff, 0xff, 0xf1,
    0xbf, 0xff, 0xff, 0xf1,

    /* U+005E "^" */
    0x0, 0x5, 0xff, 0xf2, 0x0, 0x0, 0xc, 0xff,
    0xf9, 0x0, 0x0, 0x3f, 0xfb, 0xff, 0x0, 0x0,
    0x9f, 0xd1, 0xff, 0x60, 0x0, 0xff, 0x60, 0x9f,
    0xc0, 0x6, 0xff, 0x0, 0x3f, 0xf3, 0xd, 0xf9,
    0x0, 0xc, 0xfa,

    /* U+005F "_" */
    0x8, 0x88, 0x88, 0x88, 0x88, 0x88, 0x41, 0xff,
    0xff, 0xff, 0xff, 0xff, 0xf8, 0x1f, 0xff, 0xff,
    0xff, 0xff, 0xff, 0x80,

    /* U+0060 "`" */
    0x5, 0x55, 0x0, 0x8, 0xff, 0x60, 0x0, 0xdf,
    0xd0, 0x0, 0x3f, 0xf4,

    /* U+0061 "a" */
    0x0, 0x3, 0xad, 0xff, 0xd8, 0x10, 0x0, 0x0,
    0x6f, 0xff, 0xff, 0xff, 0xe3, 0x0, 0x3, 0xff,
    0xfa, 0x67, 0xdf, 0xfd, 0x0, 0xa, 0xff, 0x90,
    0x0, 0x1e, 0xff, 0x30, 0x2, 0x33, 0x10, 0x0,
    0xb, 0xff, 0x60, 0x0, 0x0, 0x14, 0x7a, 0xdf,
    0xff, 0x60, 0x0, 0x4c, 0xff, 0xff, 0xff, 0xff,
    0x70, 0x5, 0xff, 0xfc, 0x85, 0x2a, 0xff, 0x70,
    0xe, 0xff, 0x60, 0x0, 0xc, 0xff, 0x70, 0xf,
    0xff, 0x20, 0x0, 0x3f, 0xff, 0x70, 0xe, 0xff,
    0xb4, 0x47, 0xff, 0xff, 0xd4, 0x6, 0xff, 0xff,
    0xff, 0xf5, 0xff, 0xf9, 0x0, 0x4b, 0xef, 0xea,
    0x20, 0x5d, 0xf7,

    /* U+0062 "b" */
    0x5f, 0xfc, 0x0, 0x0, 0x0, 0x0, 0x5, 0xff,
    0xc0, 0x0, 0x0, 0x0, 0x0, 0x5f, 0xfc, 0x0,
    0x0, 0x0, 0x0, 0x5, 0xff, 0xc0, 0x0, 0x0,
    0x0, 0x0, 0x5f, 0xfc, 0x7, 0xdf, 0xe9, 0x20,
    0x5, 0xff, 0xcb, 0xff, 0xff, 0xff, 0x30, 0x5f,
    0xff, 0xfd, 0x89, 0xef, 0xfe, 0x5, 0xff, 0xfa,
    0x0, 0x2, 0xff, 0xf6, 0x5f, 0xff, 0x10, 0x0,
    0x9, 0xff, 0xb5, 0xff, 0xd0, 0x0, 0x0, 0x5f,
    0xfe, 0x5f, 0xfc, 0x0, 0x0, 0x3, 0xff, 0xf5,
    0xff, 0xd0, 0x0, 0x0, 0x5f, 0xfe, 0x5f, 0xff,
    0x10, 0x0, 0x9, 0xff, 0xb5, 0xff, 0xfa, 0x0,
    0x2, 0xff, 0xf6, 0x5f, 0xff, 0xfc, 0x89, 0xef,
    0xfe, 0x5, 0xff, 0xbc, 0xff, 0xff, 0xff, 0x30,
    0x5f, 0xfa, 0x8, 0xdf, 0xe9, 0x20, 0x0,

    /* U+0063 "c" */
    0x0, 0x0, 0x6c, 0xef, 0xea, 0x30, 0x0, 0x0,
    0x2d, 0xff, 0xff, 0xff, 0xf8, 0x0, 0x0, 0xdf,
    0xfe, 0x98, 0xcf, 0xff, 0x50, 0x6, 0xff, 0xe1,
    0x0, 0x8, 0xff, 0xd0, 0xc, 0xff, 0x70, 0x0,
    0x1, 0xcd, 0xd1, 0xf, 0xff, 0x30, 0x0, 0x0,
    0x0, 0x0, 0xf, 0xff, 0x20, 0x0, 0x0, 0x0,
    0x0, 0xf, 0xff, 0x30, 0x0, 0x0, 0x0, 0x0,
    0xc, 0xff, 0x70, 0x0, 0x1, 0xff, 0xf1, 0x6,
    0xff, 0xe1, 0x0, 0x8, 0xff, 0xd0, 0x0, 0xdf,
    0xfe, 0x98, 0xbf, 0xff, 0x50, 0x0, 0x2d, 0xff,
    0xff, 0xff, 0xf7, 0x0, 0x0, 0x0, 0x6c, 0xef,
    0xea, 0x30, 0x0,

    /* U+0064 "d" */
    0x0, 0x0, 0x0, 0x0, 0x0, 0xdf, 0xf3, 0x0,
    0x0, 0x0, 0x0, 0x0, 0xdf, 0xf3, 0x0, 0x0,
    0x0, 0x0, 0x0, 0xdf, 0xf3, 0x0, 0x0, 0x0,
    0x0, 0x0, 0xdf, 0xf3, 0x0, 0x3, 0xae, 0xfd,
    0x70, 0xdf, 0xf3, 0x0, 0x5f, 0xff, 0xff, 0xfa,
    0xdf, 0xf3, 0x1, 0xff, 0xfe, 0x98, 0xcf, 0xff,
    0xf3, 0x8, 0xff, 0xe1, 0x0, 0xb, 0xff, 0xf3,
    0xd, 0xff, 0x70, 0x0, 0x2, 0xff, 0xf3, 0xf,
    0xff, 0x30, 0x0, 0x0, 0xef, 0xf3, 0xf, 0xff,
    0x20, 0x0, 0x0, 0xdf, 0xf3, 0xf, 0xff, 0x30,
    0x0, 0x0, 0xef, 0xf3, 0xd, 0xff, 0x80, 0x0,
    0x2, 0xff, 0xf3, 0x8, 0xff, 0xe1, 0x0, 0xa,
    0xff, 0xf3, 0x2, 0xff, 0xfe, 0x98, 0xcf, 0xff,
    0xf3, 0x0, 0x5f, 0xff, 0xff, 0xfb, 0xcf, 0xf3,
    0x0, 0x3, 0xbe, 0xfd, 0x70, 0xbf, 0xf3,

    /* U+0065 "e" */
    0x0, 0x0, 0x6c, 0xef, 0xd8, 0x20, 0x0, 0x0,
    0x2d, 0xff, 0xff, 0xff, 0xf5, 0x0, 0x0, 0xdf,
    0xfd, 0x87, 0xbf, 0xff, 0x20, 0x7, 0xff, 0xc0,
    0x0, 0x8, 0xff, 0xa0, 0xc, 0xff, 0x40, 0x0,
    0x1, 0xff, 0xf0, 0xf, 0xff, 0xff, 0xff, 0xff,
    0xff, 0xf2, 0xf, 0xff, 0xff, 0xff, 0xff, 0xff,
    0xf3, 0xf, 0xff, 0x30, 0x0, 0x0, 0x0, 0x0,
    0xc, 0xff, 0x60, 0x0, 0x0, 0x22, 0x20, 0x7,
    0xff, 0xe1, 0x0, 0x7, 0xff, 0xd0, 0x0, 0xdf,
    0xfe, 0x87, 0xaf, 0xff, 0x40, 0x0, 0x2d, 0xff,
    0xff, 0xff, 0xf6, 0x0, 0x0, 0x0, 0x7c, 0xef,
    0xea, 0x30, 0x0,

    /* U+0066 "f" */
    0x0, 0x6, 0xcf, 0xff, 0x70, 0x5, 0xff, 0xff,
    0xf7, 0x0, 0xcf, 0xfb, 0x55, 0x20, 0xe, 0xff,
    0x20, 0x0, 0xcf, 0xff, 0xff, 0xff, 0x5c, 0xff,
    0xff, 0xff, 0xf5, 0x45, 0xff, 0xf7, 0x55, 0x10,
    0xf, 0xff, 0x20, 0x0, 0x0, 0xff, 0xf2, 0x0,
    0x0, 0xf, 0xff, 0x20, 0x0, 0x0, 0xff, 0xf2,
    0x0, 0x0, 0xf, 0xff, 0x20, 0x0, 0x0, 0xff,
    0xf2, 0x0, 0x0, 0xf, 0xff, 0x20, 0x0, 0x0,
    0xff, 0xf2, 0x0, 0x0, 0xf, 0xff, 0x20, 0x0,
    0x0, 0xff, 0xf2, 0x0, 0x0,

    /* U+0067 "g" */
    0x0, 0x2, 0xae, 0xfd, 0x70, 0xcf, 0xf3, 0x0,
    0x4f, 0xff, 0xff, 0xfa, 0xcf, 0xf3, 0x1, 0xff,
    0xfd, 0x77, 0xcf, 0xff, 0xf3, 0x9, 0xff, 0xd0,
    0x0, 0xa, 0xff, 0xf3, 0xd, 0xff, 0x60, 0x0,
    0x1, 0xff, 0xf3, 0xf, 0xff, 0x30, 0x0, 0x0,
    0xef, 0xf3, 0xf, 0xff, 0x20, 0x0, 0x0, 0xef,
    0xf3, 0xe, 0xff, 0x40, 0x0, 0x1, 0xff, 0xf3,
    0xb, 0xff, 0xb0, 0x0, 0x7, 0xff, 0xf3, 0x4,
    0xff, 0xf8, 0x11, 0x6f, 0xff, 0xf3, 0x0, 0xaf,
    0xff, 0xff, 0xfe, 0xef, 0xf3, 0x0, 0x8, 0xff,
    0xff, 0xd3, 0xef, 0xf3, 0x0, 0x0, 0x4, 0x53,
    0x0, 0xff, 0xf2, 0x6, 0xdd, 0x90, 0x0, 0x4,
    0xff, 0xe0, 0x2, 0xff, 0xfa, 0x55, 0x8f, 0xff,
    0x80, 0x0, 0x5f, 0xff, 0xff, 0xff, 0xfa, 0x0,
    0x0, 0x2, 0x9d, 0xff, 0xea, 0x40, 0x0,

    /* U+0068 "h" */
    0x5f, 0xfc, 0x0, 0x0, 0x0, 0x0, 0x5f, 0xfc,
    0x0, 0x0, 0x0, 0x0, 0x5f, 0xfc, 0x0, 0x0,
    0x0, 0x0, 0x5f, 0xfc, 0x0, 0x0, 0x0, 0x0,
    0x5f, 0xfc, 0x19, 0xef, 0xd7, 0x0, 0x5f, 0xfc,
    0xdf, 0xff, 0xff, 0xb0, 0x5f, 0xff, 0xfb, 0x8c,
    0xff, 0xf4, 0x5f, 0xff, 0x60, 0x0, 0xcf, 0xf9,
    0x5f, 0xfe, 0x0, 0x0, 0x7f, 0xfb, 0x5f, 0xfc,
    0x0, 0x0, 0x5f, 0xfc, 0x5f, 0xfc, 0x0, 0x0,
    0x5f, 0xfc, 0x5f, 0xfc, 0x0, 0x0, 0x5f, 0xfc,
    0x5f, 0xfc, 0x0, 0x0, 0x5f, 0xfc, 0x5f, 0xfc,
    0x0, 0x0, 0x5f, 0xfc, 0x5f, 0xfc, 0x0, 0x0,
    0x5f, 0xfc, 0x5f, 0xfc, 0x0, 0x0, 0x5f, 0xfc,
    0x5f, 0xfc, 0x0, 0x0, 0x5f, 0xfc,

    /* U+0069 "i" */
    0x6f, 0xfd, 0x6f, 0xfd, 0x4b, 0xb9, 0x0, 0x0,
    0x5f, 0xfc, 0x5f, 0xfc, 0x5f, 0xfc, 0x5f, 0xfc,
    0x5f, 0xfc, 0x5f, 0xfc, 0x5f, 0xfc, 0x5f, 0xfc,
    0x5f, 0xfc, 0x5f, 0xfc, 0x5f, 0xfc, 0x5f, 0xfc,
    0x5f, 0xfc,

    /* U+006A "j" */
    0x0, 0x7, 0xff, 0xc0, 0x0, 0x7f, 0xfc, 0x0,
    0x4, 0xbb, 0x80, 0x0, 0x0, 0x0, 0x0, 0x6,
    0xff, 0xb0, 0x0, 0x6f, 0xfb, 0x0, 0x6, 0xff,
    0xb0, 0x0, 0x6f, 0xfb, 0x0, 0x6, 0xff, 0xb0,
    0x0, 0x6f, 0xfb, 0x0, 0x6, 0xff, 0xb0, 0x0,
    0x6f, 0xfb, 0x0, 0x6, 0xff, 0xb0, 0x0, 0x6f,
    0xfb, 0x0, 0x6, 0xff, 0xb0, 0x0, 0x6f, 0xfb,
    0x0, 0x6, 0xff, 0xb0, 0x0, 0x6f, 0xfa, 0x5,
    0x6d, 0xff, 0x81, 0xff, 0xff, 0xf3, 0x1f, 0xff,
    0xc5, 0x0,

    /* U+006B "k" */
    0x5f, 0xfc, 0x0, 0x0, 0x0, 0x0, 0x5, 0xff,
    0xc0, 0x0, 0x0, 0x0, 0x0, 0x5f, 0xfc, 0x0,
    0x0, 0x0, 0x0, 0x5, 0xff, 0xc0, 0x0, 0x0,
    0x0, 0x0, 0x5f, 0xfc, 0x0, 0x0, 0x6f, 0xff,
    0x55, 0xff, 0xc0, 0x0, 0x5f, 0xff, 0x60, 0x5f,
    0xfc, 0x0, 0x4f, 0xff, 0x70, 0x5, 0xff, 0xc0,
    0x2f, 0xff, 0x80, 0x0, 0x5f, 0xfc, 0x2e, 0xff,
    0x90, 0x0, 0x5, 0xff, 0xdd, 0xff, 0xf0, 0x0,
    0x0, 0x5f, 0xff, 0xff, 0xff, 0x80, 0x0, 0x5,
    0xff, 0xff, 0x9f, 0xff, 0x30, 0x0, 0x5f, 0xff,
    0x90, 0x6f, 0xfd, 0x0, 0x5, 0xff, 0xd0, 0x0,
    0xcf, 0xf9, 0x0, 0x5f, 0xfc, 0x0, 0x2, 0xff,
    0xf4, 0x5, 0xff, 0xc0, 0x0, 0x7, 0xff, 0xe0,
    0x5f, 0xfc, 0x0, 0x0, 0xc, 0xff, 0xa0,

    /* U+006C "l" */
    0x5f, 0xfc, 0x0, 0x5f, 0xfc, 0x0, 0x5f, 0xfc,
    0x0, 0x5f, 0xfc, 0x0, 0x5f, 0xfc, 0x0, 0x5f,
    0xfc, 0x0, 0x5f, 0xfc, 0x0, 0x5f, 0xfc, 0x0,
    0x5f, 0xfc, 0x0, 0x5f, 0xfc, 0x0, 0x5f, 0xfc,
    0x0, 0x5f, 0xfc, 0x0, 0x5f, 0xfc, 0x0, 0x5f,
    0xfc, 0x0, 0x3f, 0xff, 0x73, 0xe, 0xff, 0xfa,
    0x3, 0xcf, 0xfa,

    /* U+006D "m" */
    0x5f, 0xf7, 0x1a, 0xee, 0xb3, 0x0, 0x7d, 0xfd,
    0x80, 0x5, 0xff, 0x9d, 0xff, 0xff, 0xf2, 0x9f,
    0xff, 0xff, 0xb0, 0x5f, 0xff, 0xf9, 0x9e, 0xff,
    0xdf, 0xb8, 0xcf, 0xff, 0x45, 0xff, 0xf5, 0x0,
    0x2f, 0xff, 0xa0, 0x0, 0xcf, 0xf9, 0x5f, 0xfe,
    0x0, 0x0, 0xdf, 0xf4, 0x0, 0x7, 0xff, 0xb5,
    0xff, 0xc0, 0x0, 0xc, 0xff, 0x20, 0x0, 0x5f,
    0xfb, 0x5f, 0xfc, 0x0, 0x0, 0xbf, 0xf2, 0x0,
    0x5, 0xff, 0xb5, 0xff, 0xc0, 0x0, 0xb, 0xff,
    0x20, 0x0, 0x5f, 0xfb, 0x5f, 0xfc, 0x0, 0x0,
    0xbf, 0xf2, 0x0, 0x5, 0xff, 0xb5, 0xff, 0xc0,
    0x0, 0xb, 0xff, 0x20, 0x0, 0x5f, 0xfb, 0x5f,
    0xfc, 0x0, 0x0, 0xbf, 0xf2, 0x0, 0x5, 0xff,
    0xb5, 0xff, 0xc0, 0x0, 0xb, 0xff, 0x20, 0x0,
    0x5f, 0xfb, 0x5f, 0xfc, 0x0, 0x0, 0xbf, 0xf2,
    0x0, 0x5, 0xff, 0xb0,

    /* U+006E "n" */
    0x5f, 0xf7, 0x19, 0xef, 0xd7, 0x0, 0x5f, 0xf8,
    0xdf, 0xff, 0xff, 0xa0, 0x5f, 0xff, 0xfb, 0x8c,
    0xff, 0xf4, 0x5f, 0xff, 0x70, 0x0, 0xcf, 0xf9,
    0x5f, 0xfe, 0x0, 0x0, 0x7f, 0xfb, 0x5f, 0xfc,
    0x0, 0x0, 0x5f, 0xfc, 0x5f, 0xfc, 0x0, 0x0,
    0x5f, 0xfc, 0x5f, 0xfc, 0x0, 0x0, 0x5f, 0xfc,
    0x5f, 0xfc, 0x0, 0x0, 0x5f, 0xfc, 0x5f, 0xfc,
    0x0, 0x0, 0x5f, 0xfc, 0x5f, 0xfc, 0x0, 0x0,
    0x5f, 0xfc, 0x5f, 0xfc, 0x0, 0x0, 0x5f, 0xfc,
    0x5f, 0xfc, 0x0, 0x0, 0x5f, 0xfc,

    /* U+006F "o" */
    0x0, 0x0, 0x6c, 0xef, 0xd9, 0x20, 0x0, 0x0,
    0x2d, 0xff, 0xff, 0xff, 0xf7, 0x0, 0x0, 0xdf,
    0xfe, 0x98, 0xcf, 0xff, 0x50, 0x7, 0xff, 0xe1,
    0x0, 0x9, 0xff, 0xe0, 0xc, 0xff, 0x70, 0x0,
    0x1, 0xff, 0xf4, 0xf, 0xff, 0x30, 0x0, 0x0,
    0xcf, 0xf6, 0xf, 0xff, 0x20, 0x0, 0x0, 0xbf,
    0xf8, 0xf, 0xff, 0x30, 0x0, 0x0, 0xcf, 0xf6,
    0xc, 0xff, 0x70, 0x0, 0x0, 0xff, 0xf4, 0x6,
    0xff, 0xe1, 0x0, 0x8, 0xff, 0xe0, 0x0, 0xdf,
    0xfe, 0x97, 0xbf, 0xff, 0x50, 0x0, 0x2d, 0xff,
    0xff, 0xff, 0xf7, 0x0, 0x0, 0x0, 0x6c, 0xef,
    0xd9, 0x30, 0x0,

    /* U+0070 "p" */
    0x5f, 0xfa, 0x8, 0xdf, 0xd9, 0x20, 0x5, 0xff,
    0xbc, 0xff, 0xff, 0xff, 0x30, 0x5f, 0xff, 0xfc,
    0x89, 0xff, 0xfe, 0x5, 0xff, 0xfa, 0x0, 0x2,
    0xff, 0xf6, 0x5f, 0xff, 0x10, 0x0, 0x9, 0xff,
    0xb5, 0xff, 0xd0, 0x0, 0x0, 0x5f, 0xfe, 0x5f,
    0xfc, 0x0, 0x0, 0x4, 0xff, 0xf5, 0xff, 0xd0,
    0x0, 0x0, 0x5f, 0xfe, 0x5f, 0xff, 0x10, 0x0,
    0x9, 0xff, 0xb5, 0xff, 0xf9, 0x0, 0x2, 0xff,
    0xf6, 0x5f, 0xff, 0xfc, 0x89, 0xff, 0xfe, 0x5,
    0xff, 0xcd, 0xff, 0xff, 0xff, 0x30, 0x5f, 0xfc,
    0x18, 0xef, 0xd9, 0x20, 0x5, 0xff, 0xc0, 0x0,
    0x0, 0x0, 0x0, 0x5f, 0xfc, 0x0, 0x0, 0x0,
    0x0, 0x5, 0xff, 0xc0, 0x0, 0x0, 0x0, 0x0,
    0x5f, 0xfc, 0x0, 0x0, 0x0, 0x0, 0x0,

    /* U+0071 "q" */
    0x0, 0x2, 0xae, 0xfd, 0x70, 0xbf, 0xf3, 0x0,
    0x4f, 0xff, 0xff, 0xfb, 0xcf, 0xf3, 0x1, 0xff,
    0xfe, 0x98, 0xdf, 0xff, 0xf3, 0x8, 0xff, 0xe1,
    0x0, 0xb, 0xff, 0xf3, 0xd, 0xff, 0x70, 0x0,
    0x2, 0xff, 0xf3, 0xf, 0xff, 0x30, 0x0, 0x0,
    0xef, 0xf3, 0xf, 0xff, 0x20, 0x0, 0x0, 0xdf,
    0xf3, 0xf, 0xff, 0x30, 0x0, 0x0, 0xef, 0xf3,
    0xd, 0xff, 0x70, 0x0, 0x2, 0xff, 0xf3, 0x8,
    0xff, 0xe1, 0x0, 0xa, 0xff, 0xf3, 0x1, 0xff,
    0xfe, 0x88, 0xcf, 0xff, 0xf3, 0x0, 0x4f, 0xff,
    0xff, 0xfc, 0xdf, 0xf3, 0x0, 0x2, 0xae, 0xfd,
    0x80, 0xdf, 0xf3, 0x0, 0x0, 0x0, 0x0, 0x0,
    0xdf, 0xf3, 0x0, 0x0, 0x0, 0x0, 0x0, 0xdf,
    0xf3, 0x0, 0x0, 0x0, 0x0, 0x0, 0xdf, 0xf3,
    0x0, 0x0, 0x0, 0x0, 0x0, 0xdf, 0xf3,

    /* U+0072 "r" */
    0x5f, 0xf9, 0x2b, 0xfe, 0x5f, 0xfa, 0xef, 0xfe,
    0x5f, 0xff, 0xfc, 0xa8, 0x5f, 0xff, 0x50, 0x0,
    0x5f, 0xfd, 0x0, 0x0, 0x5f, 0xfc, 0x0, 0x0,
    0x5f, 0xfc, 0x0, 0x0, 0x5f, 0xfc, 0x0, 0x0,
    0x5f, 0xfc, 0x0, 0x0, 0x5f, 0xfc, 0x0, 0x0,
    0x5f, 0xfc, 0x0, 0x0, 0x5f, 0xfc, 0x0, 0x0,
    0x5f, 0xfc, 0x0, 0x0,

    /* U+0073 "s" */
    0x0, 0x5, 0xbe, 0xfe, 0xd8, 0x10, 0x0, 0xa,
    0xff, 0xff, 0xff, 0xfe, 0x20, 0x5, 0xff, 0xf9,
    0x66, 0xdf, 0xfc, 0x0, 0x9f, 0xfa, 0x0, 0x1,
    0xff, 0xf2, 0x8, 0xff, 0xb0, 0x0, 0x3, 0x44,
    0x10, 0x3f, 0xff, 0xd8, 0x52, 0x0, 0x0, 0x0,
    0x5e, 0xff, 0xff, 0xfe, 0x70, 0x0, 0x0, 0x4,
    0x8b, 0xef, 0xff, 0xb0, 0x4, 0x44, 0x0, 0x0,
    0x5f, 0xff, 0x20, 0xef, 0xf6, 0x0, 0x0, 0xff,
    0xf4, 0x8, 0xff, 0xf9, 0x56, 0xbf, 0xff, 0x10,
    0xb, 0xff, 0xff, 0xff, 0xff, 0x60, 0x0, 0x5,
    0xbe, 0xfe, 0xd9, 0x20, 0x0,

    /* U+0074 "t" */
    0x0, 0x78, 0x81, 0x0, 0x0, 0xe, 0xff, 0x20,
    0x0, 0x0, 0xef, 0xf2, 0x0, 0xe, 0xff, 0xff,
    0xff, 0xf8, 0xef, 0xff, 0xff, 0xff, 0x85, 0x5f,
    0xff, 0x85, 0x53, 0x0, 0xef, 0xf2, 0x0, 0x0,
    0xe, 0xff, 0x20, 0x0, 0x0, 0xef, 0xf2, 0x0,
    0x0, 0xe, 0xff, 0x20, 0x0, 0x0, 0xef, 0xf2,
    0x0, 0x0, 0xe, 0xff, 0x20, 0x0, 0x0, 0xef,
    0xf3, 0x0, 0x0, 0xc, 0xff, 0xc6, 0x53, 0x0,
    0x6f, 0xff, 0xff, 0x80, 0x0, 0x7d, 0xff, 0xf8,

    /* U+0075 "u" */
    0x5f, 0xfc, 0x0, 0x0, 0x7f, 0xfa, 0x5f, 0xfc,
    0x0, 0x0, 0x7f, 0xfa, 0x5f, 0xfc, 0x0, 0x0,
    0x7f, 0xfa, 0x5f, 0xfc, 0x0, 0x0, 0x7f, 0xfa,
    0x5f, 0xfc, 0x0, 0x0, 0x7f, 0xfa, 0x5f, 0xfc,
    0x0, 0x0, 0x7f, 0xfa, 0x5f, 0xfc, 0x0, 0x0,
    0x7f, 0xfa, 0x5f, 0xfc, 0x0, 0x0, 0x7f, 0xfa,
    0x4f, 0xfd, 0x0, 0x0, 0x9f, 0xfa, 0x2f, 0xff,
    0x20, 0x1, 0xff, 0xfa, 0xe, 0xff, 0xe8, 0x9e,
    0xff, 0xfa, 0x5, 0xff, 0xff, 0xff, 0x7f, 0xfa,
    0x0, 0x4c, 0xfe, 0xb3, 0x3f, 0xfa,

    /* U+0076 "v" */
    0x5f, 0xfe, 0x0, 0x0, 0x0, 0xef, 0xf5, 0xe,
    0xff, 0x30, 0x0, 0x3, 0xff, 0xf0, 0x9, 0xff,
    0x90, 0x0, 0x8, 0xff, 0x90, 0x3, 0xff, 0xe0,
    0x0, 0xe, 0xff, 0x40, 0x0, 0xdf, 0xf3, 0x0,
    0x3f, 0xfe, 0x0, 0x0, 0x8f, 0xf9, 0x0, 0x8f,
    0xf8, 0x0, 0x0, 0x2f, 0xfe, 0x0, 0xef, 0xf2,
    0x0, 0x0, 0xc, 0xff, 0x33, 0xff, 0xc0, 0x0,
    0x0, 0x7, 0xff, 0x98, 0xff, 0x70, 0x0, 0x0,
    0x1, 0xff, 0xed, 0xff, 0x10, 0x0, 0x0, 0x0,
    0xbf, 0xff, 0xfb, 0x0, 0x0, 0x0, 0x0, 0x5f,
    0xff, 0xf5, 0x0, 0x0, 0x0, 0x0, 0xf, 0xff,
    0xf0, 0x0, 0x0,

    /* U+0077 "w" */
    0x5f, 0xfc, 0x0, 0x0, 0x6f, 0xf8, 0x0, 0x0,
    0xaf, 0xf7, 0x1f, 0xff, 0x0, 0x0, 0xbf, 0xfd,
    0x0, 0x0, 0xef, 0xf2, 0xc, 0xff, 0x40, 0x0,
    0xff, 0xff, 0x10, 0x2, 0xff, 0xe0, 0x7, 0xff,
    0x90, 0x3, 0xff, 0xff, 0x50, 0x7, 0xff, 0x90,
    0x2, 0xff, 0xd0, 0x8, 0xff, 0xef, 0xa0, 0xb,
    0xff, 0x40, 0x0, 0xdf, 0xf1, 0xc, 0xfb, 0x9f,
    0xe0, 0xf, 0xff, 0x0, 0x0, 0x9f, 0xf5, 0x1f,
    0xf6, 0x4f, 0xf2, 0x3f, 0xfb, 0x0, 0x0, 0x4f,
    0xf9, 0x5f, 0xf2, 0xf, 0xf7, 0x7f, 0xf6, 0x0,
    0x0, 0xf, 0xfe, 0x9f, 0xd0, 0xb, 0xfb, 0xcf,
    0xf1, 0x0, 0x0, 0xa, 0xff, 0xff, 0x80, 0x6,
    0xff, 0xff, 0xc0, 0x0, 0x0, 0x5, 0xff, 0xff,
    0x40, 0x2, 0xff, 0xff, 0x80, 0x0, 0x0, 0x1,
    0xff, 0xff, 0x0, 0x0, 0xdf, 0xff, 0x30, 0x0,
    0x0, 0x0, 0xcf, 0xfa, 0x0, 0x0, 0x8f, 0xfe,
    0x0, 0x0,

    /* U+0078 "x" */
    0x6f, 0xfe, 0x0, 0x0, 0xd, 0xff, 0x70, 0xbf,
    0xf9, 0x0, 0x8, 0xff, 0xc0, 0x1, 0xef, 0xf4,
    0x3, 0xff, 0xf2, 0x0, 0x4, 0xff, 0xd1, 0xdf,
    0xf6, 0x0, 0x0, 0x9, 0xff, 0xef, 0xfb, 0x0,
    0x0, 0x0, 0xd, 0xff, 0xfe, 0x10, 0x0, 0x0,
    0x0, 0x7f, 0xff, 0x90, 0x0, 0x0, 0x0, 0x1f,
    0xff, 0xff, 0x20, 0x0, 0x0, 0xc, 0xff, 0xbf,
    0xfd, 0x0, 0x0, 0x7, 0xff, 0xc0, 0xaf, 0xf8,
    0x0, 0x2, 0xff, 0xf2, 0x1, 0xef, 0xf3, 0x0,
    0xdf, 0xf7, 0x0, 0x5, 0xff, 0xd0, 0x8f, 0xfd,
    0x0, 0x0, 0xb, 0xff, 0x90,

    /* U+0079 "y" */
    0x5f, 0xfd, 0x0, 0x0, 0x2, 0xff, 0xf0, 0xe,
    0xff, 0x30, 0x0, 0x7, 0xff, 0xa0, 0x9, 0xff,
    0x80, 0x0, 0xc, 0xff, 0x50, 0x4, 0xff, 0xd0,
    0x0, 0x1f, 0xff, 0x0, 0x0, 0xef, 0xf2, 0x0,
    0x6f, 0xfa, 0x0, 0x0, 0x8f, 0xf7, 0x0, 0xbf,
    0xf4, 0x0, 0x0, 0x2f, 0xfd, 0x1, 0xff, 0xe0,
    0x0, 0x0, 0xd, 0xff, 0x25, 0xff, 0x90, 0x0,
    0x0, 0x7, 0xff, 0x7a, 0xff, 0x40, 0x0, 0x0,
    0x1, 0xff, 0xdf, 0xfe, 0x0, 0x0, 0x0, 0x0,
    0xbf, 0xff, 0xf9, 0x0, 0x0, 0x0, 0x0, 0x6f,
    0xff, 0xf3, 0x0, 0x0, 0x0, 0x0, 0xd, 0xff,
    0xe0, 0x0, 0x0, 0x0, 0x0, 0x4, 0xff, 0x80,
    0x0, 0x0, 0x0, 0x25, 0x6d, 0xff, 0x30, 0x0,
    0x0, 0x0, 0x6f, 0xff, 0xfb, 0x0, 0x0, 0x0,
    0x0, 0x6f, 0xfe, 0xa1, 0x0, 0x0, 0x0,

    /* U+007A "z" */
    0x8f, 0xff, 0xff, 0xff, 0xff, 0xf3, 0x8f, 0xff,
    0xff, 0xff, 0xff, 0xf3, 0x25, 0x55, 0x55, 0x5c,
    0xff, 0xf2, 0x0, 0x0, 0x0, 0x7f, 0xff, 0x50,
    0x0, 0x0, 0x5, 0xff, 0xf6, 0x0, 0x0, 0x0,
    0x4f, 0xff, 0x70, 0x0, 0x0, 0x3, 0xff, 0xf9,
    0x0, 0x0, 0x0, 0x2e, 0xff, 0xa0, 0x0, 0x0,
    0x1, 0xef, 0xfb, 0x0, 0x0, 0x0, 0x1d, 0xff,
    0xc0, 0x0, 0x0, 0x0, 0xbf, 0xff, 0x65, 0x55,
    0x55, 0x52, 0xcf, 0xff, 0xff, 0xff, 0xff, 0xf6,
    0xcf, 0xff, 0xff, 0xff, 0xff, 0xf6,

    /* U+007B "{" */
    0x0, 0x0, 0x7d, 0xff, 0x50, 0x0, 0xaf, 0xff,
    0xf5, 0x0, 0x4f, 0xff, 0xeb, 0x30, 0x9, 0xff,
    0xb0, 0x0, 0x0, 0xaf, 0xf4, 0x0, 0x0, 0xb,
    0xff, 0x30, 0x0, 0x0, 0xbf, 0xf3, 0x0, 0x0,
    0xc, 0xff, 0x20, 0x0, 0x2, 0xff, 0xe0, 0x0,
    0x9, 0xef, 0xf5, 0x0, 0x0, 0xff, 0xd3, 0x0,
    0x0, 0xf, 0xff, 0xd2, 0x0, 0x0, 0x7, 0xff,
    0xb0, 0x0, 0x0, 0xd, 0xff, 0x10, 0x0, 0x0,
    0xbf, 0xf3, 0x0, 0x0, 0xb, 0xff, 0x30, 0x0,
    0x0, 0xaf, 0xf4, 0x0, 0x0, 0x9, 0xff, 0xa0,
    0x0, 0x0, 0x5f, 0xff, 0xda, 0x30, 0x0, 0xbf,
    0xff, 0xf5, 0x0, 0x0, 0x7d, 0xff, 0x50,

    /* U+007C "|" */
    0x7, 0x76, 0x1f, 0xfe, 0x1f, 0xfe, 0x1f, 0xfe,
    0x1f, 0xfe, 0x1f, 0xfe, 0x1f, 0xfe, 0x1f, 0xfe,
    0x1f, 0xfe, 0x1f, 0xfe, 0x1f, 0xfe, 0x1f, 0xfe,
    0x1f, 0xfe, 0x1f, 0xfe, 0x1f, 0xfe, 0x1f, 0xfe,
    0x1f, 0xfe, 0x1f, 0xfe, 0x1f, 0xfe, 0x1f, 0xfe,
    0x1f, 0xfe,

    /* U+007D "}" */
    0xbf, 0xeb, 0x30, 0x0, 0xb, 0xff, 0xff, 0x50,
    0x0, 0x7c, 0xff, 0xfe, 0x0, 0x0, 0x2, 0xef,
    0xf3, 0x0, 0x0, 0xa, 0xff, 0x50, 0x0, 0x0,
    0x9f, 0xf5, 0x0, 0x0, 0x9, 0xff, 0x50, 0x0,
    0x0, 0x7f, 0xf6, 0x0, 0x0, 0x4, 0xff, 0xc0,
    0x0, 0x0, 0xa, 0xff, 0xc5, 0x0, 0x0, 0x7,
    0xff, 0x90, 0x0, 0x5, 0xff, 0xf9, 0x0, 0x2,
    0xff, 0xe4, 0x0, 0x0, 0x7f, 0xf8, 0x0, 0x0,
    0x9, 0xff, 0x50, 0x0, 0x0, 0x9f, 0xf5, 0x0,
    0x0, 0xa, 0xff, 0x50, 0x0, 0x1, 0xef, 0xf4,
    0x0, 0x6b, 0xff, 0xfe, 0x0, 0xb, 0xff, 0xff,
    0x60, 0x0, 0xbf, 0xfb, 0x40, 0x0, 0x0,

    /* U+007E "~" */
    0x0, 0x1, 0x20, 0x0, 0x2, 0x31, 0x0, 0xaf,
    0xfe, 0x40, 0xc, 0xf8, 0x6, 0xff, 0xef, 0xf6,
    0x5f, 0xf5, 0xd, 0xf9, 0x7, 0xff, 0xff, 0xd0,
    0xf, 0xf5, 0x0, 0x5e, 0xfc, 0x20,

    /* U+00A0 " " */

    /* U+00A1 "¡" */
    0xdf, 0xfa, 0xdf, 0xfa, 0xdf, 0xfa, 0x45, 0x53,
    0x0, 0x0, 0x1a, 0xa0, 0x3f, 0xf2, 0x4f, 0xf4,
    0x6f, 0xf5, 0x7f, 0xf7, 0x8f, 0xf7, 0x9f, 0xf8,
    0x9f, 0xf8, 0x9f, 0xf8, 0x9f, 0xf8, 0x9f, 0xf8,
    0x9f, 0xf8,

    /* U+00A2 "¢" */
    0x0, 0x0, 0x0, 0xf, 0xb0, 0x0, 0x0, 0x0,
    0x0, 0x3, 0x8f, 0xf1, 0x0, 0x0, 0x0, 0x4,
    0xdf, 0xff, 0xff, 0xa1, 0x0, 0x0, 0x6f, 0xff,
    0xff, 0xff, 0xfd, 0x10, 0x2, 0xff, 0xf9, 0x8f,
    0xae, 0xff, 0x90, 0x8, 0xff, 0xc0, 0x7f, 0x44,
    0xff, 0xf0, 0xd, 0xff, 0x50, 0x9f, 0x30, 0x77,
    0x71, 0xf, 0xff, 0x30, 0xaf, 0x10, 0x0, 0x0,
    0xf, 0xff, 0x20, 0xbf, 0x0, 0x0, 0x0, 0xf,
    0xff, 0x40, 0xde, 0x0, 0x11, 0x10, 0xc, 0xff,
    0x80, 0xed, 0x1, 0xff, 0xf1, 0x6, 0xff, 0xe2,
    0xfc, 0x9, 0xff, 0xc0, 0x0, 0xcf, 0xff, 0xff,
    0xcf, 0xff, 0x40, 0x0, 0x1c, 0xff, 0xff, 0xff,
    0xf6, 0x0, 0x0, 0x0, 0x6f, 0xff, 0xd9, 0x30,
    0x0, 0x0, 0x0, 0x5, 0xf6, 0x0, 0x0, 0x0,
    0x0, 0x0, 0x7, 0xf4, 0x0, 0x0, 0x0,

    /* U+00A3 "£" */
    0x0, 0x0, 0x5b, 0xef, 0xeb, 0x40, 0x0, 0x0,
    0xa, 0xff, 0xff, 0xff, 0xfa, 0x0, 0x0, 0x8f,
    0xff, 0xdb, 0xef, 0xff, 0x70, 0x0, 0xef, 0xfa,
    0x0, 0xb, 0xff, 0xf0, 0x1, 0xff, 0xf1, 0x0,
    0x3, 0xaa, 0xa2, 0x0, 0xff, 0xf1, 0x0, 0x0,
    0x0, 0x0, 0x0, 0xdf, 0xf4, 0x0, 0x0, 0x0,
    0x0, 0x0, 0x9f, 0xf9, 0x0, 0x0, 0x0, 0x0,
    0xbf, 0xff, 0xff, 0xff, 0xfa, 0x0, 0x0, 0xad,
    0xdf, 0xff, 0xdd, 0xd8, 0x0, 0x0, 0x0, 0xe,
    0xfe, 0x0, 0x0, 0x0, 0x0, 0x0, 0xf, 0xfc,
    0x0, 0x0, 0x0, 0x0, 0x0, 0x6f, 0xf5, 0x0,
    0x0, 0x0, 0x0, 0x4, 0xff, 0x80, 0x0, 0x0,
    0x0, 0x0, 0x7f, 0xfe, 0xcc, 0xcc, 0xcc, 0xcc,
    0xc0, 0xbf, 0xff, 0xff, 0xff, 0xff, 0xff, 0xf0,
    0xbf, 0xff, 0xff, 0xff, 0xff, 0xff, 0xf0,

    /* U+00A4 "¤" */
    0x1, 0x0, 0x0, 0x0, 0x0, 0x1, 0x0, 0x6f,
    0x30, 0x0, 0x0, 0x0, 0x2e, 0x80, 0x8f, 0xf5,
    0x8d, 0xfe, 0x94, 0xef, 0xa0, 0x8, 0xff, 0xff,
    0xff, 0xff, 0xf9, 0x0, 0x0, 0xff, 0xf6, 0x36,
    0xef, 0xf1, 0x0, 0x6, 0xff, 0x20, 0x0, 0x1f,
    0xf7, 0x0, 0x9, 0xfa, 0x0, 0x0, 0x8, 0xfb,
    0x0, 0x9, 0xf9, 0x0, 0x0, 0x7, 0xfb, 0x0,
    0x7, 0xfe, 0x0, 0x0, 0xd, 0xf8, 0x0, 0x1,
    0xff, 0xd3, 0x2, 0xbf, 0xf2, 0x0, 0x5, 0xff,
    0xff, 0xff, 0xff, 0xf7, 0x0, 0x5f, 0xf9, 0xcf,
    0xff, 0xc8, 0xff, 0x70, 0x9f, 0x60, 0x1, 0x21,
    0x0, 0x4f, 0xa0, 0x3, 0x0, 0x0, 0x0, 0x0,
    0x3, 0x0,

    /* U+00A5 "¥" */
    0xd, 0xff, 0xa0, 0x0, 0x0, 0x0, 0xef, 0xf9,
    0x4, 0xff, 0xf3, 0x0, 0x0, 0x7, 0xff, 0xe1,
    0x0, 0xbf, 0xfc, 0x0, 0x0, 0x1f, 0xff, 0x60,
    0x0, 0x2f, 0xff, 0x50, 0x0, 0x9f, 0xfc, 0x0,
    0x0, 0x8, 0xff, 0xe0, 0x2, 0xff, 0xf3, 0x0,
    0x0, 0x0, 0xef, 0xf7, 0xb, 0xff, 0xa0, 0x0,
    0x0, 0x0, 0x5f, 0xff, 0x6f, 0xff, 0x10, 0x0,
    0x0, 0x0, 0xc, 0xff, 0xff, 0xf7, 0x0, 0x0,
    0x0, 0xa, 0xff, 0xff, 0xff, 0xff, 0xff, 0xc0,
    0x0, 0xa, 0xff, 0xff, 0xff, 0xff, 0xff, 0xc0,
    0x0, 0x0, 0x11, 0x4f, 0xff, 0x11, 0x11, 0x0,
    0x0, 0x0, 0x11, 0x4f, 0xff, 0x11, 0x11, 0x0,
    0x0, 0xa, 0xff, 0xff, 0xff, 0xff, 0xff, 0xc0,
    0x0, 0xa, 0xff, 0xff, 0xff, 0xff, 0xff, 0xc0,
    0x0, 0x0, 0x0, 0x3f, 0xfe, 0x0, 0x0, 0x0,
    0x0, 0x0, 0x0, 0x3f, 0xfe, 0x0, 0x0, 0x0,
    0x0, 0x0, 0x0, 0x3f, 0xfe, 0x0, 0x0, 0x0,

    /* U+00A6 "¦" */
    0x7, 0x76, 0x1f, 0xfe, 0x1f, 0xfe, 0x1f, 0xfe,
    0x1f, 0xfe, 0x1f, 0xfe, 0x1f, 0xfe, 0x1f, 0xfe,
    0x1f, 0xfe, 0x0, 0x0, 0x0, 0x0, 0x0, 0x0,
    0x7, 0x76, 0x1f, 0xfe, 0x1f, 0xfe, 0x1f, 0xfe,
    0x1f, 0xfe, 0x1f, 0xfe, 0x1f, 0xfe, 0x1f, 0xfe,
    0x1f, 0xfe,

    /* U+00A7 "§" */
    0x0, 0x29, 0xdf, 0xfd, 0x92, 0x0, 0x5, 0xff,
    0xff, 0xff, 0xff, 0x60, 0x1f, 0xff, 0xc6, 0x6a,
    0xff, 0xf2, 0x4f, 0xff, 0x0, 0x0, 0xaf, 0xf9,
    0x3f, 0xff, 0x30, 0x0, 0x14, 0x43, 0xb, 0xff,
    0xfb, 0x62, 0x0, 0x0, 0x0, 0xbf, 0xff, 0xff,
    0xe7, 0x0, 0x9, 0xff, 0xfb, 0xcf, 0xff, 0xd1,
    0x2f, 0xfd, 0x10, 0x1, 0xaf, 0xf8, 0x5f, 0xf9,
    0x0, 0x0, 0x2f, 0xfb, 0x2f, 0xff, 0x30, 0x0,
    0x8f, 0xf9, 0x9, 0xff, 0xfd, 0xce, 0xff, 0xe2,
    0x0, 0x4b, 0xff, 0xff, 0xff, 0x40, 0x0, 0x0,
    0x4, 0x7d, 0xff, 0xf3, 0x46, 0x63, 0x0, 0x0,
    0xbf, 0xfa, 0x8f, 0xfc, 0x0, 0x0, 0x8f, 0xfb,
    0x2f, 0xff, 0xc6, 0x57, 0xff, 0xf7, 0x4, 0xff,
    0xff, 0xff, 0xff, 0xc0, 0x0, 0x18, 0xce, 0xfe,
    0xb6, 0x0,

    /* U+00A8 "¨" */
    0xb, 0xba, 0x2, 0xbb, 0x81, 0xff, 0xf0, 0x3f,
    0xfc, 0x1f, 0xff, 0x3, 0xff, 0xc0,

    /* U+00A9 "©" */
    0x0, 0x0, 0x4, 0xad, 0xff, 0xd8, 0x30, 0x0,
    0x0, 0x0, 0x2, 0xcf, 0xff, 0xff, 0xff, 0xfa,
    0x0, 0x0, 0x0, 0x3e, 0xff, 0x94, 0x22, 0x5a,
    0xff, 0xd1, 0x0, 0x2, 0xef, 0xc1, 0x0, 0x0,
    0x0, 0x3e, 0xfc, 0x0, 0xb, 0xfd, 0x0, 0x4b,
    0xee, 0xb3, 0x2, 0xef, 0x80, 0x4f, 0xf2, 0x7,
    0xff, 0xff, 0xff, 0x50, 0x6f, 0xf1, 0x9f, 0xa0,
    0x3f, 0xf9, 0x11, 0xbf, 0xf1, 0xe, 0xf5, 0xdf,
    0x50, 0x9f, 0xd0, 0x0, 0x1e, 0xe4, 0x9, 0xf9,
    0xef, 0x30, 0xbf, 0x90, 0x0, 0x0, 0x0, 0x7,
    0xfb, 0xef, 0x30, 0xbf, 0x90, 0x0, 0x0, 0x0,
    0x7, 0xfb, 0xdf, 0x50, 0x9f, 0xd0, 0x0, 0xf,
    0xf6, 0x9, 0xf9, 0x9f, 0xa0, 0x3f, 0xf8, 0x1,
    0xaf, 0xf1, 0xe, 0xf5, 0x4f, 0xf2, 0x7, 0xff,
    0xff, 0xff, 0x60, 0x6f, 0xf1, 0xb, 0xfd, 0x0,
    0x5c, 0xff, 0xb4, 0x2, 0xef, 0x80, 0x2, 0xef,
    0xc1, 0x0, 0x0, 0x0, 0x3e, 0xfd, 0x0, 0x0,
    0x4f, 0xff, 0x94, 0x22, 0x5a, 0xff, 0xd1, 0x0,
    0x0, 0x2, 0xcf, 0xff, 0xff, 0xff, 0xfa, 0x10,
    0x0, 0x0, 0x0, 0x4, 0xad, 0xff, 0xd9, 0x30,
    0x0, 0x0,

    /* U+00AA "ª" */
    0x0, 0x5c, 0xfe, 0xc4, 0x0, 0x6, 0xff, 0xcd,
    0xff, 0x30, 0x9, 0xb9, 0x0, 0xef, 0x90, 0x0,
    0x2, 0x6a, 0xff, 0xb0, 0x3, 0xdf, 0xff, 0xff,
    0xb0, 0xd, 0xfd, 0x30, 0xcf, 0xb0, 0xf, 0xfa,
    0x5, 0xff, 0xc0, 0xb, 0xff, 0xff, 0xbf, 0xf6,
    0x0, 0x7a, 0xa5, 0x6, 0xa4,

    /* U+00AB "«" */
    0x0, 0x0, 0x78, 0x84, 0x0, 0x88, 0x83, 0x0,
    0x9, 0xff, 0xd1, 0xb, 0xff, 0xb0, 0x0, 0x7f,
    0xfe, 0x20, 0x9f, 0xfd, 0x0, 0x5, 0xff, 0xf3,
    0x7, 0xff, 0xe1, 0x0, 0xf, 0xff, 0x50, 0x2f,
    0xff, 0x30, 0x0, 0x1f, 0xfe, 0x10, 0x3f, 0xfc,
    0x0, 0x0, 0xb, 0xff, 0xc0, 0xd, 0xff, 0x90,
    0x0, 0x0, 0xdf, 0xfa, 0x2, 0xef, 0xf7, 0x0,
    0x0, 0x1e, 0xff, 0x80, 0x3f, 0xff, 0x50, 0x0,
    0x3, 0xff, 0xf5, 0x5, 0xff, 0xf3,

    /* U+00AC "¬" */
    0x3, 0x33, 0x33, 0x33, 0x33, 0x30, 0xf, 0xff,
    0xff, 0xff, 0xff, 0xf3, 0xf, 0xff, 0xff, 0xff,
    0xff, 0xf3, 0x0, 0x0, 0x0, 0x0, 0xf, 0xf3,
    0x0, 0x0, 0x0, 0x0, 0xf, 0xf3, 0x0, 0x0,
    0x0, 0x0, 0xf, 0xf3, 0x0, 0x0, 0x0, 0x0,
    0xf, 0xf3,

    /* U+00AD "­" */
    0x2, 0x22, 0x22, 0x20, 0x3f, 0xff, 0xff, 0xf3,
    0x3f, 0xff, 0xff, 0xf3,

    /* U+00AE "®" */
    0x0, 0x2, 0x9d, 0xfe, 0xb6, 0x0, 0x0, 0x0,
    0x7f, 0xfa, 0x89, 0xdf, 0xc1, 0x0, 0x7, 0xfa,
    0x21, 0x10, 0x5, 0xfd, 0x10, 0x2f, 0xa0, 0xff,
    0xff, 0xa0, 0x3f, 0x90, 0x9f, 0x10, 0xfc, 0x48,
    0xf8, 0x9, 0xf0, 0xdb, 0x0, 0xfb, 0x15, 0xf9,
    0x4, 0xf4, 0xf9, 0x0, 0xff, 0xff, 0xe2, 0x2,
    0xf6, 0xea, 0x0, 0xfc, 0x6f, 0x70, 0x3, 0xf5,
    0xae, 0x0, 0xfb, 0xc, 0xf1, 0x7, 0xf2, 0x4f,
    0x60, 0xfb, 0x4, 0xf9, 0x1e, 0xc0, 0xb, 0xf5,
    0x10, 0x0, 0x12, 0xcf, 0x30, 0x1, 0xcf, 0xa5,
    0x34, 0x7e, 0xf5, 0x0, 0x0, 0x7, 0xef, 0xff,
    0xfb, 0x20, 0x0, 0x0, 0x0, 0x3, 0x44, 0x10,
    0x0, 0x0,

    /* U+00AF "¯" */
    0x4, 0x44, 0x44, 0x44, 0x1f, 0xff, 0xff, 0xfe,
    0x1f, 0xff, 0xff, 0xfe,

    /* U+00B0 "°" */
    0x0, 0x0, 0x22, 0x0, 0x0, 0x0, 0x4d, 0xff,
    0xe5, 0x0, 0x4, 0xff, 0xff, 0xff, 0x50, 0xc,
    0xfc, 0x21, 0xbf, 0xd0, 0xf, 0xf4, 0x0, 0x2f,
    0xf1, 0xf, 0xf5, 0x0, 0x4f, 0xf0, 0xb, 0xfe,
    0x55, 0xdf, 0xc0, 0x2, 0xef, 0xff, 0xff, 0x30,
    0x0, 0x2a, 0xef, 0xb2, 0x0,

    /* U+00B1 "±" */
    0x0, 0x0, 0xb, 0xfd, 0x0, 0x0, 0x0, 0x0,
    0x0, 0xbf, 0xd0, 0x0, 0x0, 0x0, 0x0, 0xb,
    0xfd, 0x0, 0x0, 0x0, 0x0, 0x0, 0xbf, 0xd0,
    0x0, 0x0, 0xf, 0xff, 0xff, 0xff, 0xff, 0xff,
    0x20, 0xff, 0xff, 0xff, 0xff, 0xff, 0xf2, 0x7,
    0x77, 0x7f, 0xff, 0x77, 0x77, 0x10, 0x0, 0x0,
    0xbf, 0xd0, 0x0, 0x0, 0x0, 0x0, 0xb, 0xfd,
    0x0, 0x0, 0x0, 0x0, 0x0, 0xbf, 0xd0, 0x0,
    0x0, 0x0, 0x0, 0x9, 0xda, 0x0, 0x0, 0x0,
    0x44, 0x44, 0x44, 0x44, 0x44, 0x40, 0xf, 0xff,
    0xff, 0xff, 0xff, 0xff, 0x20, 0xff, 0xff, 0xff,
    0xff, 0xff, 0xf2,

    /* U+00B2 "²" */
    0x0, 0x7d, 0xfd, 0x70, 0x7, 0xfe, 0xbf, 0xf6,
    0xe, 0xf1, 0x5, 0xfa, 0x0, 0x0, 0x8, 0xf8,
    0x0, 0x4, 0xcf, 0xc1, 0x0, 0xaf, 0xe6, 0x0,
    0x8, 0xfa, 0x0, 0x0, 0xd, 0xfd, 0xcc, 0xc9,
    0xf, 0xff, 0xff, 0xfc,

    /* U+00B3 "³" */
    0x3, 0xbe, 0xfd, 0x60, 0x1e, 0xfd, 0xcf, 0xf3,
    0x3b, 0x90, 0xb, 0xf6, 0x0, 0x5, 0xaf, 0xc1,
    0x0, 0xa, 0xff, 0xa1, 0x0, 0x0, 0x9, 0xfa,
    0x4a, 0x70, 0x6, 0xfc, 0x3f, 0xfc, 0xbf, 0xf7,
    0x5, 0xdf, 0xfd, 0x60,

    /* U+00B4 "´" */
    0x0, 0x35, 0x52, 0x0, 0xef, 0xe1, 0x6, 0xff,
    0x50, 0xd, 0xfa, 0x0,

    /* U+00B5 "µ" */
    0x3c, 0xc9, 0x0, 0x0, 0x5c, 0xc7, 0x5f, 0xfc,
    0x0, 0x0, 0x7f, 0xfa, 0x5f, 0xfc, 0x0, 0x0,
    0x7f, 0xfa, 0x5f, 0xfc, 0x0, 0x0, 0x7f, 0xfa,
    0x5f, 0xfc, 0x0, 0x0, 0x7f, 0xfa, 0x5f, 0xfc,
    0x0, 0x0, 0x7f, 0xfa, 0x5f, 0xfc, 0x0, 0x0,
    0x7f, 0xfa, 0x7f, 0xfc, 0x0, 0x0, 0x7f, 0xfa,
    0x9f, 0xfd, 0x0, 0x0, 0x9f, 0xfa, 0x8f, 0xff,
    0x20, 0x1, 0xff, 0xfa, 0x5f, 0xff, 0xe9, 0x9e,
    0xff, 0xfa, 0x5f, 0xff, 0xff, 0xff, 0x7f, 0xfa,
    0x5f, 0xff, 0xfe, 0xb3, 0x3f, 0xfa, 0x5f, 0xfc,
    0x0, 0x0, 0x0, 0x0, 0x5f, 0xfc, 0x0, 0x0,
    0x0, 0x0, 0x5f, 0xfc, 0x0, 0x0, 0x0, 0x0,
    0x5f, 0xfc, 0x0, 0x0, 0x0, 0x0,

    /* U+00B6 "¶" */
    0x0, 0x4a, 0xef, 0xff, 0xff, 0xff, 0x70, 0x9f,
    0xff, 0xff, 0xff, 0xff, 0xf7, 0x5f, 0xff, 0xff,
    0xff, 0x69, 0xff, 0x7c, 0xff, 0xff, 0xff, 0xf0,
    0x5f, 0xf7, 0xef, 0xff, 0xff, 0xff, 0x5, 0xff,
    0x7e, 0xff, 0xff, 0xff, 0xf0, 0x5f, 0xf7, 0xaf,
    0xff, 0xff, 0xff, 0x5, 0xff, 0x73, 0xff, 0xff,
    0xff, 0xf0, 0x5f, 0xf7, 0x5, 0xef, 0xff, 0xff,
    0x5, 0xff, 0x70, 0x1, 0x58, 0xef, 0xf0, 0x5f,
    0xf7, 0x0, 0x0, 0xc, 0xff, 0x5, 0xff, 0x70,
    0x0, 0x0, 0xcf, 0xf0, 0x5f, 0xf7, 0x0, 0x0,
    0xc, 0xff, 0x5, 0xff, 0x70, 0x0, 0x0, 0xcf,
    0xf0, 0x5f, 0xf7, 0x0, 0x0, 0xc, 0xff, 0x5,
    0xff, 0x70, 0x0, 0x0, 0xcf, 0xf0, 0x5f, 0xf7,
    0x0, 0x0, 0xc, 0xff, 0x5, 0xff, 0x70,

    /* U+00B7 "·" */
    0x5, 0x55, 0x21, 0xff, 0xf7, 0x1f, 0xff, 0x71,
    0xff, 0xf7,

    /* U+00B8 "¸" */
    0x0, 0xe, 0xd0, 0x0, 0x3, 0xff, 0xb1, 0x0,
    0x2, 0x6f, 0xa0, 0x46, 0x0, 0xfc, 0xc, 0xfa,
    0xcf, 0x90, 0x1a, 0xff, 0x90,

    /* U+00B9 "¹" */
    0x0, 0xc, 0xf0, 0x6, 0xff, 0x8f, 0xff, 0xf4,
    0x99, 0xff, 0x0, 0x1f, 0xf0, 0x1, 0xff, 0x0,
    0x1f, 0xf0, 0x1, 0xff, 0x0, 0x1f, 0xf0,

    /* U+00BA "º" */
    0x0, 0x3b, 0xef, 0xd7, 0x0, 0x3, 0xff, 0xfd,
    0xff, 0xb0, 0xc, 0xfd, 0x10, 0x7f, 0xf4, 0xf,
    0xf8, 0x0, 0x1f, 0xf7, 0xf, 0xf8, 0x0, 0x1f,
    0xf7, 0xc, 0xfd, 0x10, 0x7f, 0xf4, 0x4, 0xff,
    0xfd, 0xff, 0xb0, 0x0, 0x3b, 0xff, 0xd7, 0x0,

    /* U+00BB "»" */
    0x6, 0x88, 0x50, 0x7, 0x88, 0x40, 0x0, 0x3,
    0xff, 0xf5, 0x5, 0xff, 0xf3, 0x0, 0x0, 0x4f,
    0xff, 0x40, 0x7f, 0xfe, 0x20, 0x0, 0x6, 0xff,
    0xe2, 0x9, 0xff, 0xd1, 0x0, 0x0, 0x8f, 0xfc,
    0x0, 0xbf, 0xfa, 0x0, 0x0, 0x3f, 0xfd, 0x0,
    0x5f, 0xfb, 0x0, 0x1, 0xef, 0xf8, 0x3, 0xff,
    0xf5, 0x0, 0xc, 0xff, 0xa0, 0x1e, 0xff, 0x70,
    0x0, 0xbf, 0xfc, 0x0, 0xdf, 0xf9, 0x0, 0x9,
    0xff, 0xd1, 0xb, 0xff, 0xb0, 0x0,

    /* U+00BC "¼" */
    0x0, 0xc, 0xf0, 0x0, 0x0, 0x0, 0x7, 0xfa,
    0x0, 0x0, 0x6f, 0xf0, 0x0, 0x0, 0x0, 0x2f,
    0xe1, 0x0, 0x8f, 0xff, 0xf0, 0x0, 0x0, 0x0,
    0xcf, 0x40, 0x0, 0x49, 0x9f, 0xf0, 0x0, 0x0,
    0x7, 0xf9, 0x0, 0x0, 0x0, 0x1f, 0xf0, 0x0,
    0x0, 0x2f, 0xe0, 0x0, 0x0, 0x0, 0x1f, 0xf0,
    0x0, 0x0, 0xdf, 0x40, 0x0, 0x0, 0x0, 0x1f,
    0xf0, 0x0, 0x8, 0xf9, 0x0, 0x0, 0x0, 0x0,
    0x1f, 0xf0, 0x0, 0x3f, 0xd0, 0x0, 0x25, 0x30,
    0x0, 0x1f, 0xf0, 0x0, 0xdf, 0x40, 0x1, 0xef,
    0xc0, 0x0, 0x3, 0x30, 0x8, 0xf9, 0x0, 0xc,
    0xff, 0xc0, 0x0, 0x0, 0x0, 0x3f, 0xd0, 0x0,
    0x8f, 0xdf, 0xc0, 0x0, 0x0, 0x0, 0xdf, 0x30,
    0x4, 0xfc, 0x5f, 0xc0, 0x0, 0x0, 0x8, 0xf8,
    0x0, 0x1e, 0xe1, 0x5f, 0xc0, 0x0, 0x0, 0x3f,
    0xd0, 0x0, 0x9f, 0xdb, 0xcf, 0xeb, 0x0, 0x0,
    0xdf, 0x30, 0x0, 0xbf, 0xff, 0xff, 0xff, 0x0,
    0x9, 0xf8, 0x0, 0x0, 0x0, 0x0, 0x5f, 0xc0,
    0x0, 0x4f, 0xd0, 0x0, 0x0, 0x0, 0x0, 0x5f,
    0xc0,

    /* U+00BD "½" */
    0x0, 0x2, 0x30, 0x0, 0x0, 0x0, 0x0, 0x33,
    0x0, 0x0, 0x0, 0xdf, 0x0, 0x0, 0x0, 0x0,
    0x9f, 0x70, 0x0, 0x0, 0x7f, 0xf0, 0x0, 0x0,
    0x0, 0x4f, 0xc0, 0x0, 0x8, 0xff, 0xff, 0x0,
    0x0, 0x0, 0xe, 0xf2, 0x0, 0x0, 0x49, 0x9f,
    0xf0, 0x0, 0x0, 0x9, 0xf7, 0x0, 0x0, 0x0,
    0x1, 0xff, 0x0, 0x0, 0x4, 0xfd, 0x0, 0x0,
    0x0, 0x0, 0x1f, 0xf0, 0x0, 0x0, 0xef, 0x30,
    0x0, 0x0, 0x0, 0x1, 0xff, 0x0, 0x0, 0x9f,
    0x80, 0x0, 0x0, 0x0, 0x0, 0x1f, 0xf0, 0x0,
    0x4f, 0xd0, 0x1, 0x8a, 0x94, 0x0, 0x1, 0xff,
    0x0, 0xe, 0xf3, 0x2, 0xff, 0xff, 0xf5, 0x0,
    0x0, 0x0, 0x9, 0xf8, 0x0, 0x9f, 0x80, 0x5f,
    0xc0, 0x0, 0x0, 0x4, 0xfd, 0x0, 0x5, 0x71,
    0x2, 0xfd, 0x0, 0x0, 0x0, 0xef, 0x30, 0x0,
    0x0, 0x1, 0xcf, 0x90, 0x0, 0x0, 0x9f, 0x80,
    0x0, 0x0, 0x8, 0xff, 0xb0, 0x0, 0x0, 0x4f,
    0xd0, 0x0, 0x0, 0xd, 0xfd, 0x50, 0x0, 0x0,
    0xe, 0xf3, 0x0, 0x0, 0x7, 0xfc, 0x0, 0x0,
    0x0, 0x9, 0xf8, 0x0, 0x0, 0x0, 0xbf, 0xec,
    0xcc, 0xb0, 0x4, 0xfd, 0x0, 0x0, 0x0, 0xc,
    0xff, 0xff, 0xff,

    /* U+00BE "¾" */
    0x3, 0xbe, 0xfd, 0x60, 0x0, 0x0, 0x0, 0x2f,
    0xe1, 0x0, 0x1e, 0xfd, 0xcf, 0xf3, 0x0, 0x0,
    0x0, 0xcf, 0x50, 0x0, 0x3b, 0x80, 0xb, 0xf6,
    0x0, 0x0, 0x7, 0xfa, 0x0, 0x0, 0x0, 0x5,
    0xaf, 0xc1, 0x0, 0x0, 0x2f, 0xe1, 0x0, 0x0,
    0x0, 0xa, 0xff, 0x90, 0x0, 0x0, 0xcf, 0x50,
    0x0, 0x0, 0x0, 0x0, 0x1a, 0xf9, 0x0, 0x7,
    0xfa, 0x0, 0x0, 0x0, 0x14, 0x20, 0x4, 0xfc,
    0x0, 0x2f, 0xe1, 0x0, 0x0, 0x0, 0x6f, 0xd1,
    0xa, 0xfa, 0x0, 0xcf, 0x40, 0x0, 0x0, 0x0,
    0x1e, 0xff, 0xff, 0xe2, 0x8, 0xf9, 0x0, 0x7,
    0xff, 0x20, 0x1, 0x79, 0x97, 0x10, 0x3f, 0xe0,
    0x0, 0x3f, 0xff, 0x20, 0x0, 0x0, 0x0, 0x0,
    0xdf, 0x40, 0x1, 0xee, 0xff, 0x20, 0x0, 0x0,
    0x0, 0x8, 0xf9, 0x0, 0xc, 0xf4, 0xff, 0x20,
    0x0, 0x0, 0x0, 0x3f, 0xd0, 0x0, 0x8f, 0x60,
    0xff, 0x20, 0x0, 0x0, 0x0, 0xdf, 0x30, 0x3,
    0xff, 0xbb, 0xff, 0xb4, 0x0, 0x0, 0x8, 0xf8,
    0x0, 0x5, 0xff, 0xff, 0xff, 0xf6, 0x0, 0x0,
    0x3f, 0xd0, 0x0, 0x0, 0x0, 0x0, 0xff, 0x20,
    0x0, 0x0, 0xdf, 0x30, 0x0, 0x0, 0x0, 0x0,
    0xff, 0x20,

    /* U+00BF "¿" */
    0x0, 0x0, 0x3, 0x55, 0x40, 0x0, 0x0, 0x0,
    0x0, 0xaf, 0xfd, 0x0, 0x0, 0x0, 0x0, 0xa,
    0xff, 0xd0, 0x0, 0x0, 0x0, 0x0, 0xaf, 0xfd,
    0x0, 0x0, 0x0, 0x0, 0x0, 0x0, 0x0, 0x0,
    0x0, 0x0, 0x0, 0x12, 0x21, 0x0, 0x0, 0x0,
    0x0, 0x8, 0xff, 0x80, 0x0, 0x0, 0x0, 0x0,
    0xcf, 0xf6, 0x0, 0x0, 0x0, 0x0, 0xaf, 0xff,
    0x10, 0x0, 0x0, 0x3, 0xef, 0xff, 0x60, 0x0,
    0x0, 0x3, 0xff, 0xfd, 0x30, 0x0, 0x0, 0x0,
    0xcf, 0xfa, 0x0, 0x0, 0x0, 0x0, 0xf, 0xff,
    0x30, 0x0, 0x2, 0x77, 0x70, 0xff, 0xf3, 0x0,
    0x0, 0x7f, 0xfc, 0xd, 0xff, 0xa0, 0x0, 0x2e,
    0xff, 0x70, 0x6f, 0xff, 0xda, 0xbf, 0xff, 0xd0,
    0x0, 0x9f, 0xff, 0xff, 0xff, 0xd2, 0x0, 0x0,
    0x4a, 0xef, 0xec, 0x70, 0x0,

    /* U+00C0 "À" */
    0x0, 0x0, 0x3, 0x55, 0x20, 0x0, 0x0, 0x0,
    0x0, 0x0, 0x0, 0x2f, 0xfc, 0x0, 0x0, 0x0,
    0x0, 0x0, 0x0, 0x0, 0x7f, 0xf3, 0x0, 0x0,
    0x0, 0x0, 0x0, 0x0, 0x0, 0xdf, 0xa0, 0x0,
    0x0, 0x0, 0x0, 0x0, 0x0, 0x0, 0x0, 0x0,
    0x0, 0x0, 0x0, 0x0, 0x0, 0x9, 0xff, 0xf9,
    0x0, 0x0, 0x0, 0x0, 0x0, 0x0, 0xef, 0xff,
    0xe0, 0x0, 0x0, 0x0, 0x0, 0x0, 0x4f, 0xff,
    0xff, 0x50, 0x0, 0x0, 0x0, 0x0, 0xa, 0xff,
    0xcf, 0xfa, 0x0, 0x0, 0x0, 0x0, 0x1, 0xff,
    0xf2, 0xff, 0xf1, 0x0, 0x0, 0x0, 0x0, 0x6f,
    0xfb, 0xb, 0xff, 0x60, 0x0, 0x0, 0x0, 0xc,
    0xff, 0x50, 0x5f, 0xfc, 0x0, 0x0, 0x0, 0x1,
    0xff, 0xf0, 0x0, 0xff, 0xf2, 0x0, 0x0, 0x0,
    0x7f, 0xfa, 0x0, 0xa, 0xff, 0x70, 0x0, 0x0,
    0xd, 0xff, 0x50, 0x0, 0x5f, 0xfd, 0x0, 0x0,
    0x3, 0xff, 0xfa, 0xaa, 0xaa, 0xff, 0xf3, 0x0,
    0x0, 0x9f, 0xff, 0xff, 0xff, 0xff, 0xff, 0x90,
    0x0, 0xe, 0xff, 0xff, 0xff, 0xff, 0xff, 0xfe,
    0x0, 0x4, 0xff, 0xe0, 0x0, 0x0, 0x0, 0xef,
    0xf4, 0x0, 0xaf, 0xf9, 0x0, 0x0, 0x0, 0x9,
    0xff, 0xa0, 0xf, 0xff, 0x30, 0x0, 0x0, 0x0,
    0x3f, 0xff, 0x5, 0xff, 0xe0, 0x0, 0x0, 0x0,
    0x0, 0xef, 0xf6,

    /* U+00C1 "Á" */
    0x0, 0x0, 0x0, 0x0, 0x25, 0x53, 0x0, 0x0,
    0x0, 0x0, 0x0, 0x0, 0xc, 0xff, 0x20, 0x0,
    0x0, 0x0, 0x0, 0x0, 0x3, 0xff, 0x80, 0x0,
    0x0, 0x0, 0x0, 0x0, 0x0, 0xaf, 0xd0, 0x0,
    0x0, 0x0, 0x0, 0x0, 0x0, 0x0, 0x0, 0x0,
    0x0, 0x0, 0x0, 0x0, 0x0, 0x9, 0xff, 0xf9,
    0x0, 0x0, 0x0, 0x0, 0x0, 0x0, 0xef, 0xff,
    0xe0, 0x0, 0x0, 0x0, 0x0, 0x0, 0x4f, 0xff,
    0xff, 0x50, 0x0, 0x0, 0x0, 0x0, 0xa, 0xff,
    0xcf, 0xfa, 0x0, 0x0, 0x0, 0x0, 0x1, 0xff,
    0xf2, 0xff, 0xf1, 0x0, 0x0, 0x0, 0x0, 0x6f,
    0xfb, 0xb, 0xff, 0x60, 0x0, 0x0, 0x0, 0xc,
    0xff, 0x50, 0x5f, 0xfc, 0x0, 0x0, 0x0, 0x1,
    0xff, 0xf0, 0x0, 0xff, 0xf2, 0x0, 0x0, 0x0,
    0x7f, 0xfa, 0x0, 0xa, 0xff, 0x70, 0x0, 0x0,
    0xd, 0xff, 0x50, 0x0, 0x5f, 0xfd, 0x0, 0x0,
    0x3, 0xff, 0xfa, 0xaa, 0xaa, 0xff, 0xf3, 0x0,
    0x0, 0x9f, 0xff, 0xff, 0xff, 0xff, 0xff, 0x90,
    0x0, 0xe, 0xff, 0xff, 0xff, 0xff, 0xff, 0xfe,
    0x0, 0x4, 0xff, 0xe0, 0x0, 0x0, 0x0, 0xef,
    0xf4, 0x0, 0xaf, 0xf9, 0x0, 0x0, 0x0, 0x9,
    0xff, 0xa0, 0xf, 0xff, 0x30, 0x0, 0x0, 0x0,
    0x3f, 0xff, 0x5, 0xff, 0xe0, 0x0, 0x0, 0x0,
    0x0, 0xef, 0xf6,

    /* U+00C2 "Â" */
    0x0, 0x0, 0x0, 0x5f, 0xff, 0x60, 0x0, 0x0,
    0x0, 0x0, 0x0, 0x1e, 0xfd, 0xfe, 0x10, 0x0,
    0x0, 0x0, 0x0, 0xa, 0xfb, 0xa, 0xfa, 0x0,
    0x0, 0x0, 0x0, 0x0, 0x77, 0x10, 0x7, 0x71,
    0x0, 0x0, 0x0, 0x0, 0x0, 0x0, 0x0, 0x0,
    0x0, 0x0, 0x0, 0x0, 0x0, 0x9, 0xff, 0xf9,
    0x0, 0x0, 0x0, 0x0, 0x0, 0x0, 0xef, 0xff,
    0xe0, 0x0, 0x0, 0x0, 0x0, 0x0, 0x4f, 0xff,
    0xff, 0x50, 0x0, 0x0, 0x0, 0x0, 0xa, 0xff,
    0xcf, 0xfa, 0x0, 0x0, 0x0, 0x0, 0x1, 0xff,
    0xf2, 0xff, 0xf1, 0x0, 0x0, 0x0, 0x0, 0x6f,
    0xfb, 0xb, 0xff, 0x60, 0x0, 0x0, 0x0, 0xc,
    0xff, 0x50, 0x5f, 0xfc, 0x0, 0x0, 0x0, 0x1,
    0xff, 0xf0, 0x0, 0xff, 0xf2, 0x0, 0x0, 0x0,
    0x7f, 0xfa, 0x0, 0xa, 0xff, 0x70, 0x0, 0x0,
    0xd, 0xff, 0x50, 0x0, 0x5f, 0xfd, 0x0, 0x0,
    0x3, 0xff, 0xfa, 0xaa, 0xaa, 0xff, 0xf3, 0x0,
    0x0, 0x9f, 0xff, 0xff, 0xff, 0xff, 0xff, 0x90,
    0x0, 0xe, 0xff, 0xff, 0xff, 0xff, 0xff, 0xfe,
    0x0, 0x4, 0xff, 0xe0, 0x0, 0x0, 0x0, 0xef,
    0xf4, 0x0, 0xaf, 0xf9, 0x0, 0x0, 0x0, 0x9,
    0xff, 0xa0, 0xf, 0xff, 0x30, 0x0, 0x0, 0x0,
    0x3f, 0xff, 0x5, 0xff, 0xe0, 0x0, 0x0, 0x0,
    0x0, 0xef, 0xf6,

    /* U+00C3 "Ã" */
    0x0, 0x0, 0x3, 0xbc, 0x30, 0x2d, 0x60, 0x0,
    0x0, 0x0, 0x0, 0xef, 0xff, 0x36, 0xf4, 0x0,
    0x0, 0x0, 0x0, 0x5f, 0x73, 0xff, 0xfe, 0x0,
    0x0, 0x0, 0x0, 0x6, 0xd2, 0x4, 0xcb, 0x20,
    0x0, 0x0, 0x0, 0x0, 0x0, 0x0, 0x0, 0x0,
    0x0, 0x0, 0x0, 0x0, 0x0, 0x9, 0xff, 0xf9,
    0x0, 0x0, 0x0, 0x0, 0x0, 0x0, 0xef, 0xff,
    0xe0, 0x0, 0x0, 0x0, 0x0, 0x0, 0x4f, 0xff,
    0xff, 0x50, 0x0, 0x0, 0x0, 0x0, 0xa, 0xff,
    0xcf, 0xfa, 0x0, 0x0, 0x0, 0x0, 0x1, 0xff,
    0xf2, 0xff, 0xf1, 0x0, 0x0, 0x0, 0x0, 0x6f,
    0xfb, 0xb, 0xff, 0x60, 0x0, 0x0, 0x0, 0xc,
    0xff, 0x50, 0x5f, 0xfc, 0x0, 0x0, 0x0, 0x1,
    0xff, 0xf0, 0x0, 0xff, 0xf2, 0x0, 0x0, 0x0,
    0x7f, 0xfa, 0x0, 0xa, 0xff, 0x70, 0x0, 0x0,
    0xd, 0xff, 0x50, 0x0, 0x5f, 0xfd, 0x0, 0x0,
    0x3, 0xff, 0xfa, 0xaa, 0xaa, 0xff, 0xf3, 0x0,
    0x0, 0x9f, 0xff, 0xff, 0xff, 0xff, 0xff, 0x90,
    0x0, 0xe, 0xff, 0xff, 0xff, 0xff, 0xff, 0xfe,
    0x0, 0x4, 0xff, 0xe0, 0x0, 0x0, 0x0, 0xef,
    0xf4, 0x0, 0xaf, 0xf9, 0x0, 0x0, 0x0, 0x9,
    0xff, 0xa0, 0xf, 0xff, 0x30, 0x0, 0x0, 0x0,
    0x3f, 0xff, 0x5, 0xff, 0xe0, 0x0, 0x0, 0x0,
    0x0, 0xef, 0xf6,

    /* U+00C4 "Ä" */
    0x0, 0x0, 0x6f, 0xf9, 0x9, 0xff, 0x70, 0x0,
    0x0, 0x0, 0x6, 0xff, 0x90, 0x9f, 0xf7, 0x0,
    0x0, 0x0, 0x0, 0x4b, 0xb6, 0x6, 0xbb, 0x40,
    0x0, 0x0, 0x0, 0x0, 0x0, 0x0, 0x0, 0x0,
    0x0, 0x0, 0x0, 0x0, 0x0, 0x9f, 0xff, 0x90,
    0x0, 0x0, 0x0, 0x0, 0x0, 0xe, 0xff, 0xfe,
    0x0, 0x0, 0x0, 0x0, 0x0, 0x4, 0xff, 0xff,
    0xf5, 0x0, 0x0, 0x0, 0x0, 0x0, 0xaf, 0xfc,
    0xff, 0xa0, 0x0, 0x0, 0x0, 0x0, 0x1f, 0xff,
    0x2f, 0xff, 0x10, 0x0, 0x0, 0x0, 0x6, 0xff,
    0xb0, 0xbf, 0xf6, 0x0, 0x0, 0x0, 0x0, 0xcf,
    0xf5, 0x5, 0xff, 0xc0, 0x0, 0x0, 0x0, 0x1f,
    0xff, 0x0, 0xf, 0xff, 0x20, 0x0, 0x0, 0x7,
    0xff, 0xa0, 0x0, 0xaf, 0xf7, 0x0, 0x0, 0x0,
    0xdf, 0xf5, 0x0, 0x5, 0xff, 0xd0, 0x0, 0x0,
    0x3f, 0xff, 0xaa, 0xaa, 0xaf, 0xff, 0x30, 0x0,
    0x9, 0xff, 0xff, 0xff, 0xff, 0xff, 0xf9, 0x0,
    0x0, 0xef, 0xff, 0xff, 0xff, 0xff, 0xff, 0xe0,
    0x0, 0x4f, 0xfe, 0x0, 0x0, 0x0, 0xe, 0xff,
    0x40, 0xa, 0xff, 0x90, 0x0, 0x0, 0x0, 0x9f,
    0xfa, 0x0, 0xff, 0xf3, 0x0, 0x0, 0x0, 0x3,
    0xff, 0xf0, 0x5f, 0xfe, 0x0, 0x0, 0x0, 0x0,
    0xe, 0xff, 0x60,

    /* U+00C5 "Å" */
    0x0, 0x0, 0x0, 0x0, 0x0, 0x0, 0x0, 0x0,
    0x0, 0x0, 0x0, 0x2, 0xdf, 0xc1, 0x0, 0x0,
    0x0, 0x0, 0x0, 0x0, 0xbe, 0x6e, 0x90, 0x0,
    0x0, 0x0, 0x0, 0x0, 0xe, 0x90, 0xac, 0x0,
    0x0, 0x0, 0x0, 0x0, 0x0, 0xbd, 0x2d, 0xa0,
    0x0, 0x0, 0x0, 0x0, 0x0, 0x3, 0xff, 0xe2,
    0x0, 0x0, 0x0, 0x0, 0x0, 0x0, 0x1, 0x31,
    0x0, 0x0, 0x0, 0x0, 0x0, 0x0, 0xa, 0xff,
    0xf7, 0x0, 0x0, 0x0, 0x0, 0x0, 0x1, 0xff,
    0xff, 0xd0, 0x0, 0x0, 0x0, 0x0, 0x0, 0x6f,
    0xff, 0xff, 0x30, 0x0, 0x0, 0x0, 0x0, 0xc,
    0xff, 0xcf, 0xf9, 0x0, 0x0, 0x0, 0x0, 0x2,
    0xff, 0xe2, 0xff, 0xe0, 0x0, 0x0, 0x0, 0x0,
    0x7f, 0xf9, 0xc, 0xff, 0x40, 0x0, 0x0, 0x0,
    0xd, 0xff, 0x40, 0x7f, 0xfa, 0x0, 0x0, 0x0,
    0x3, 0xff, 0xe0, 0x1, 0xff, 0xf0, 0x0, 0x0,
    0x0, 0x9f, 0xf9, 0x0, 0xc, 0xff, 0x60, 0x0,
    0x0, 0xe, 0xff, 0x30, 0x0, 0x6f, 0xfc, 0x0,
    0x0, 0x4, 0xff, 0xfa, 0xaa, 0xab, 0xff, 0xf1,
    0x0, 0x0, 0xaf, 0xff, 0xff, 0xff, 0xff, 0xff,
    0x70, 0x0, 0xf, 0xff, 0xff, 0xff, 0xff, 0xff,
    0xfd, 0x0, 0x6, 0xff, 0xd0, 0x0, 0x0, 0x1,
    0xff, 0xf3, 0x0, 0xbf, 0xf8, 0x0, 0x0, 0x0,
    0xb, 0xff, 0x80, 0x1f, 0xff, 0x20, 0x0, 0x0,
    0x0, 0x5f, 0xfe, 0x7, 0xff, 0xc0, 0x0, 0x0,
    0x0, 0x0, 0xff, 0xf4,

    /* U+00C6 "Æ" */
    0x0, 0x0, 0x0, 0x0, 0xb, 0xff, 0xff, 0xff,
    0xff, 0xff, 0xff, 0xf1, 0x0, 0x0, 0x0, 0x0,
    0x3f, 0xff, 0xff, 0xff, 0xff, 0xff, 0xff, 0xf1,
    0x0, 0x0, 0x0, 0x0, 0xcf, 0xfb, 0xef, 0xfd,
    0xbb, 0xbb, 0xbb, 0xb0, 0x0, 0x0, 0x0, 0x4,
    0xff, 0xc0, 0xaf, 0xf7, 0x0, 0x0, 0x0, 0x0,
    0x0, 0x0, 0x0, 0xd, 0xff, 0x40, 0xaf, 0xf7,
    0x0, 0x0, 0x0, 0x0, 0x0, 0x0, 0x0, 0x6f,
    0xfc, 0x0, 0xaf, 0xf7, 0x0, 0x0, 0x0, 0x0,
    0x0, 0x0, 0x0, 0xef, 0xf4, 0x0, 0xaf, 0xf7,
    0x0, 0x0, 0x0, 0x0, 0x0, 0x0, 0x7, 0xff,
    0xb0, 0x0, 0xaf, 0xfd, 0xaa, 0xaa, 0xaa, 0x80,
    0x0, 0x0, 0xe, 0xff, 0x30, 0x0, 0xaf, 0xff,
    0xff, 0xff, 0xff, 0xc0, 0x0, 0x0, 0x8f, 0xfb,
    0x0, 0x0, 0xaf, 0xff, 0xff, 0xff, 0xff, 0xc0,
    0x0, 0x1, 0xff, 0xfd, 0xaa, 0xaa, 0xef, 0xf7,
    0x0, 0x0, 0x0, 0x0, 0x0, 0x9, 0xff, 0xff,
    0xff, 0xff, 0xff, 0xf7, 0x0, 0x0, 0x0, 0x0,
    0x0, 0x2f, 0xff, 0xff, 0xff, 0xff, 0xff, 0xf7,
    0x0, 0x0, 0x0, 0x0, 0x0, 0xaf, 0xf9, 0x0,
    0x0, 0x0, 0xaf, 0xf7, 0x0, 0x0, 0x0, 0x0,
    0x3, 0xff, 0xf1, 0x0, 0x0, 0x0, 0xaf, 0xfd,
    0xbb, 0xbb, 0xbb, 0xb2, 0xb, 0xff, 0x90, 0x0,
    0x0, 0x0, 0xaf, 0xff, 0xff, 0xff, 0xff, 0xf4,
    0x4f, 0xff, 0x10, 0x0, 0x0, 0x0, 0xaf, 0xff,
    0xff, 0xff, 0xff, 0xf4,

    /* U+00C7 "Ç" */
    0x0, 0x0, 0x4a, 0xef, 0xfe, 0xa5, 0x0, 0x0,
    0x0, 0x1b, 0xff, 0xff, 0xff, 0xff, 0xc1, 0x0,
    0x0, 0xdf, 0xff, 0xec, 0xce, 0xff, 0xfc, 0x0,
    0xa, 0xff, 0xf7, 0x0, 0x0, 0x7f, 0xff, 0x70,
    0x2f, 0xff, 0x60, 0x0, 0x0, 0x8, 0xff, 0xe0,
    0x8f, 0xfd, 0x0, 0x0, 0x0, 0x1, 0xff, 0xf3,
    0xcf, 0xf8, 0x0, 0x0, 0x0, 0x0, 0x0, 0x0,
    0xdf, 0xf5, 0x0, 0x0, 0x0, 0x0, 0x0, 0x0,
    0xff, 0xf4, 0x0, 0x0, 0x0, 0x0, 0x0, 0x0,
    0xdf, 0xf5, 0x0, 0x0, 0x0, 0x0, 0x0, 0x0,
    0xcf, 0xf7, 0x0, 0x0, 0x0, 0x0, 0x34, 0x41,
    0x8f, 0xfc, 0x0, 0x0, 0x0, 0x1, 0xff, 0xf4,
    0x2f, 0xff, 0x60, 0x0, 0x0, 0x8, 0xff, 0xe0,
    0xa, 0xff, 0xf6, 0x0, 0x0, 0x7f, 0xff, 0x70,
    0x1, 0xdf, 0xff, 0xeb, 0xce, 0xff, 0xfc, 0x0,
    0x0, 0x1b, 0xff, 0xff, 0xff, 0xff, 0xa0, 0x0,
    0x0, 0x0, 0x4a, 0xef, 0xfd, 0x94, 0x0, 0x0,
    0x0, 0x0, 0x0, 0x6f, 0xc4, 0x0, 0x0, 0x0,
    0x0, 0x0, 0x0, 0x8, 0xcf, 0x60, 0x0, 0x0,
    0x0, 0x0, 0x3, 0x30, 0x1f, 0xa0, 0x0, 0x0,
    0x0, 0x0, 0xe, 0xfa, 0xcf, 0x80, 0x0, 0x0,
    0x0, 0x0, 0x2, 0xbf, 0xe9, 0x0, 0x0, 0x0,

    /* U+00C8 "È" */
    0x0, 0x2, 0x55, 0x30, 0x0, 0x0, 0x0, 0x0,
    0xe, 0xfe, 0x0, 0x0, 0x0, 0x0, 0x0, 0x4f,
    0xf6, 0x0, 0x0, 0x0, 0x0, 0x0, 0xaf, 0xd0,
    0x0, 0x0, 0x0, 0x0, 0x0, 0x0, 0x0, 0x0,
    0x1, 0xff, 0xff, 0xff, 0xff, 0xff, 0xf6, 0x1f,
    0xff, 0xff, 0xff, 0xff, 0xff, 0x61, 0xff, 0xfb,
    0xbb, 0xbb, 0xbb, 0xb4, 0x1f, 0xff, 0x0, 0x0,
    0x0, 0x0, 0x1, 0xff, 0xf0, 0x0, 0x0, 0x0,
    0x0, 0x1f, 0xff, 0x0, 0x0, 0x0, 0x0, 0x1,
    0xff, 0xf0, 0x0, 0x0, 0x0, 0x0, 0x1f, 0xff,
    0xaa, 0xaa, 0xaa, 0xaa, 0x11, 0xff, 0xff, 0xff,
    0xff, 0xff, 0xf1, 0x1f, 0xff, 0xff, 0xff, 0xff,
    0xff, 0x11, 0xff, 0xf0, 0x0, 0x0, 0x0, 0x0,
    0x1f, 0xff, 0x0, 0x0, 0x0, 0x0, 0x1, 0xff,
    0xf0, 0x0, 0x0, 0x0, 0x0, 0x1f, 0xff, 0x0,
    0x0, 0x0, 0x0, 0x1, 0xff, 0xfb, 0xbb, 0xbb,
    0xbb, 0xb6, 0x1f, 0xff, 0xff, 0xff, 0xff, 0xff,
    0x91, 0xff, 0xff, 0xff, 0xff, 0xff, 0xf9,

    /* U+00C9 "É" */
    0x0, 0x0, 0x0, 0x15, 0x53, 0x0, 0x0, 0x0,
    0x0, 0x9, 0xff, 0x40, 0x0, 0x0, 0x0, 0x1,
    0xff, 0xa0, 0x0, 0x0, 0x0, 0x0, 0x8f, 0xe1,
    0x0, 0x0, 0x0, 0x0, 0x0, 0x0, 0x0, 0x0,
    0x1, 0xff, 0xff, 0xff, 0xff, 0xff, 0xf6, 0x1f,
    0xff, 0xff, 0xff, 0xff, 0xff, 0x61, 0xff, 0xfb,
    0xbb, 0xbb, 0xbb, 0xb4, 0x1f, 0xff, 0x0, 0x0,
    0x0, 0x0, 0x1, 0xff, 0xf0, 0x0, 0x0, 0x0,
    0x0, 0x1f, 0xff, 0x0, 0x0, 0x0, 0x0, 0x1,
    0xff, 0xf0, 0x0, 0x0, 0x0, 0x0, 0x1f, 0xff,
    0xaa, 0xaa, 0xaa, 0xaa, 0x11, 0xff, 0xff, 0xff,
    0xff, 0xff, 0xf1, 0x1f, 0xff, 0xff, 0xff, 0xff,
    0xff, 0x11, 0xff, 0xf0, 0x0, 0x0, 0x0, 0x0,
    0x1f, 0xff, 0x0, 0x0, 0x0, 0x0, 0x1, 0xff,
    0xf0, 0x0, 0x0, 0x0, 0x0, 0x1f, 0xff, 0x0,
    0x0, 0x0, 0x0, 0x1, 0xff, 0xfb, 0xbb, 0xbb,
    0xbb, 0xb6, 0x1f, 0xff, 0xff, 0xff, 0xff, 0xff,
    0x91, 0xff, 0xff, 0xff, 0xff, 0xff, 0xf9,

    /* U+00CA "Ê" */
    0x0, 0x0, 0x3f, 0xff, 0x80, 0x0, 0x0, 0x0,
    0xc, 0xfd, 0xff, 0x30, 0x0, 0x0, 0x7, 0xfd,
    0x8, 0xfc, 0x0, 0x0, 0x0, 0x78, 0x20, 0x7,
    0x82, 0x0, 0x0, 0x0, 0x0, 0x0, 0x0, 0x0,
    0x1, 0xff, 0xff, 0xff, 0xff, 0xff, 0xf6, 0x1f,
    0xff, 0xff, 0xff, 0xff, 0xff, 0x61, 0xff, 0xfb,
    0xbb, 0xbb, 0xbb, 0xb4, 0x1f, 0xff, 0x0, 0x0,
    0x0, 0x0, 0x1, 0xff, 0xf0, 0x0, 0x0, 0x0,
    0x0, 0x1f, 0xff, 0x0, 0x0, 0x0, 0x0, 0x1,
    0xff, 0xf0, 0x0, 0x0, 0x0, 0x0, 0x1f, 0xff,
    0xaa, 0xaa, 0xaa, 0xaa, 0x11, 0xff, 0xff, 0xff,
    0xff, 0xff, 0xf1, 0x1f, 0xff, 0xff, 0xff, 0xff,
    0xff, 0x11, 0xff, 0xf0, 0x0, 0x0, 0x0, 0x0,
    0x1f, 0xff, 0x0, 0x0, 0x0, 0x0, 0x1, 0xff,
    0xf0, 0x0, 0x0, 0x0, 0x0, 0x1f, 0xff, 0x0,
    0x0, 0x0, 0x0, 0x1, 0xff, 0xfb, 0xbb, 0xbb,
    0xbb, 0xb6, 0x1f, 0xff, 0xff, 0xff, 0xff, 0xff,
    0x91, 0xff, 0xff, 0xff, 0xff, 0xff, 0xf9,

    /* U+00CB "Ë" */
    0x0, 0x3f, 0xfc, 0x6, 0xff, 0x90, 0x0, 0x3,
    0xff, 0xc0, 0x6f, 0xf9, 0x0, 0x0, 0x2b, 0xb8,
    0x4, 0xbb, 0x60, 0x0, 0x0, 0x0, 0x0, 0x0,
    0x0, 0x0, 0x1f, 0xff, 0xff, 0xff, 0xff, 0xff,
    0x61, 0xff, 0xff, 0xff, 0xff, 0xff, 0xf6, 0x1f,
    0xff, 0xbb, 0xbb, 0xbb, 0xbb, 0x41, 0xff, 0xf0,
    0x0, 0x0, 0x0, 0x0, 0x1f, 0xff, 0x0, 0x0,
    0x0, 0x0, 0x1, 0xff, 0xf0, 0x0, 0x0, 0x0,
    0x0, 0x1f, 0xff, 0x0, 0x0, 0x0, 0x0, 0x1,
    0xff, 0xfa, 0xaa, 0xaa, 0xaa, 0xa1, 0x1f, 0xff,
    0xff, 0xff, 0xff, 0xff, 0x11, 0xff, 0xff, 0xff,
    0xff, 0xff, 0xf1, 0x1f, 0xff, 0x0, 0x0, 0x0,
    0x0, 0x1, 0xff, 0xf0, 0x0, 0x0, 0x0, 0x0,
    0x1f, 0xff, 0x0, 0x0, 0x0, 0x0, 0x1, 0xff,
    0xf0, 0x0, 0x0, 0x0, 0x0, 0x1f, 0xff, 0xbb,
    0xbb, 0xbb, 0xbb, 0x61, 0xff, 0xff, 0xff, 0xff,
    0xff, 0xf9, 0x1f, 0xff, 0xff, 0xff, 0xff, 0xff,
    0x90,

    /* U+00CC "Ì" */
    0x35, 0x52, 0x0, 0x2f, 0xfc, 0x0, 0x7, 0xff,
    0x30, 0x0, 0xdf, 0xa0, 0x0, 0x0, 0x0, 0x1,
    0xff, 0xf0, 0x1, 0xff, 0xf0, 0x1, 0xff, 0xf0,
    0x1, 0xff, 0xf0, 0x1, 0xff, 0xf0, 0x1, 0xff,
    0xf0, 0x1, 0xff, 0xf0, 0x1, 0xff, 0xf0, 0x1,
    0xff, 0xf0, 0x1, 0xff, 0xf0, 0x1, 0xff, 0xf0,
    0x1, 0xff, 0xf0, 0x1, 0xff, 0xf0, 0x1, 0xff,
    0xf0, 0x1, 0xff, 0xf0, 0x1, 0xff, 0xf0, 0x1,
    0xff, 0xf0,

    /* U+00CD "Í" */
    0x0, 0x25, 0x52, 0x0, 0xdf, 0xf2, 0x4, 0xff,
    0x70, 0xb, 0xfc, 0x0, 0x0, 0x0, 0x0, 0x1f,
    0xff, 0x0, 0x1f, 0xff, 0x0, 0x1f, 0xff, 0x0,
    0x1f, 0xff, 0x0, 0x1f, 0xff, 0x0, 0x1f, 0xff,
    0x0, 0x1f, 0xff, 0x0, 0x1f, 0xff, 0x0, 0x1f,
    0xff, 0x0, 0x1f, 0xff, 0x0, 0x1f, 0xff, 0x0,
    0x1f, 0xff, 0x0, 0x1f, 0xff, 0x0, 0x1f, 0xff,
    0x0, 0x1f, 0xff, 0x0, 0x1f, 0xff, 0x0, 0x1f,
    0xff, 0x0,

    /* U+00CE "Î" */
    0x0, 0x6f, 0xff, 0x50, 0x0, 0x1e, 0xfd, 0xfe,
    0x10, 0xa, 0xfa, 0xb, 0xf9, 0x1, 0x77, 0x0,
    0x17, 0x70, 0x0, 0x0, 0x0, 0x0, 0x0, 0x1,
    0xff, 0xf0, 0x0, 0x0, 0x1f, 0xff, 0x0, 0x0,
    0x1, 0xff, 0xf0, 0x0, 0x0, 0x1f, 0xff, 0x0,
    0x0, 0x1, 0xff, 0xf0, 0x0, 0x0, 0x1f, 0xff,
    0x0, 0x0, 0x1, 0xff, 0xf0, 0x0, 0x0, 0x1f,
    0xff, 0x0, 0x0, 0x1, 0xff, 0xf0, 0x0, 0x0,
    0x1f, 0xff, 0x0, 0x0, 0x1, 0xff, 0xf0, 0x0,
    0x0, 0x1f, 0xff, 0x0, 0x0, 0x1, 0xff, 0xf0,
    0x0, 0x0, 0x1f, 0xff, 0x0, 0x0, 0x1, 0xff,
    0xf0, 0x0, 0x0, 0x1f, 0xff, 0x0, 0x0, 0x1,
    0xff, 0xf0, 0x0,

    /* U+00CF "Ï" */
    0x7f, 0xf9, 0x9, 0xff, 0x67, 0xff, 0x90, 0x9f,
    0xf6, 0x4b, 0xb6, 0x6, 0xbb, 0x40, 0x0, 0x0,
    0x0, 0x0, 0x0, 0x1f, 0xff, 0x0, 0x0, 0x1,
    0xff, 0xf0, 0x0, 0x0, 0x1f, 0xff, 0x0, 0x0,
    0x1, 0xff, 0xf0, 0x0, 0x0, 0x1f, 0xff, 0x0,
    0x0, 0x1, 0xff, 0xf0, 0x0, 0x0, 0x1f, 0xff,
    0x0, 0x0, 0x1, 0xff, 0xf0, 0x0, 0x0, 0x1f,
    0xff, 0x0, 0x0, 0x1, 0xff, 0xf0, 0x0, 0x0,
    0x1f, 0xff, 0x0, 0x0, 0x1, 0xff, 0xf0, 0x0,
    0x0, 0x1f, 0xff, 0x0, 0x0, 0x1, 0xff, 0xf0,
    0x0, 0x0, 0x1f, 0xff, 0x0, 0x0, 0x1, 0xff,
    0xf0, 0x0, 0x0, 0x1f, 0xff, 0x0, 0x0,

    /* U+00D0 "Ð" */
    0x1, 0xff, 0xff, 0xff, 0xed, 0x94, 0x0, 0x0,
    0x0, 0x1f, 0xff, 0xff, 0xff, 0xff, 0xfc, 0x20,
    0x0, 0x1, 0xff, 0xfb, 0xbb, 0xce, 0xff, 0xfe,
    0x20, 0x0, 0x1f, 0xff, 0x0, 0x0, 0x5, 0xef,
    0xfc, 0x0, 0x1, 0xff, 0xf0, 0x0, 0x0, 0x3,
    0xff, 0xf5, 0x0, 0x1f, 0xff, 0x0, 0x0, 0x0,
    0xa, 0xff, 0xa0, 0x1, 0xff, 0xf0, 0x0, 0x0,
    0x0, 0x5f, 0xfe, 0x5, 0x8f, 0xff, 0x77, 0x77,
    0x40, 0x3, 0xff, 0xf0, 0xbf, 0xff, 0xff, 0xff,
    0xf9, 0x0, 0x2f, 0xff, 0xb, 0xff, 0xff, 0xff,
    0xff, 0x90, 0x3, 0xff, 0xf0, 0x1, 0xff, 0xf0,
    0x0, 0x0, 0x0, 0x5f, 0xfe, 0x0, 0x1f, 0xff,
    0x0, 0x0, 0x0, 0xa, 0xff, 0xa0, 0x1, 0xff,
    0xf0, 0x0, 0x0, 0x3, 0xff, 0xf5, 0x0, 0x1f,
    0xff, 0x0, 0x0, 0x5, 0xef, 0xfd, 0x0, 0x1,
    0xff, 0xfb, 0xbb, 0xce, 0xff, 0xff, 0x20, 0x0,
    0x1f, 0xff, 0xff, 0xff, 0xff, 0xfd, 0x20, 0x0,
    0x1, 0xff, 0xff, 0xff, 0xfd, 0xa5, 0x0, 0x0,
    0x0,

    /* U+00D1 "Ñ" */
    0x0, 0x0, 0x6, 0xca, 0x10, 0x6d, 0x10, 0x0,
    0x0, 0x0, 0x4f, 0xff, 0xc1, 0xbf, 0x0, 0x0,
    0x0, 0x0, 0xaf, 0x28, 0xff, 0xf9, 0x0, 0x0,
    0x0, 0x0, 0xab, 0x0, 0x7c, 0x90, 0x0, 0x0,
    0x0, 0x0, 0x0, 0x0, 0x0, 0x0, 0x0, 0x0,
    0x1f, 0xff, 0xd0, 0x0, 0x0, 0x1, 0xff, 0xf0,
    0x1f, 0xff, 0xf6, 0x0, 0x0, 0x1, 0xff, 0xf0,
    0x1f, 0xff, 0xfe, 0x10, 0x0, 0x1, 0xff, 0xf0,
    0x1f, 0xff, 0xff, 0x90, 0x0, 0x1, 0xff, 0xf0,
    0x1f, 0xff, 0xff, 0xf2, 0x0, 0x1, 0xff, 0xf0,
    0x1f, 0xff, 0x7f, 0xfb, 0x0, 0x1, 0xff, 0xf0,
    0x1f, 0xff, 0xd, 0xff, 0x40, 0x1, 0xff, 0xf0,
    0x1f, 0xff, 0x4, 0xff, 0xd0, 0x1, 0xff, 0xf0,
    0x1f, 0xff, 0x0, 0xaf, 0xf7, 0x1, 0xff, 0xf0,
    0x1f, 0xff, 0x0, 0x1f, 0xfe, 0x11, 0xff, 0xf0,
    0x1f, 0xff, 0x0, 0x8, 0xff, 0x91, 0xff, 0xf0,
    0x1f, 0xff, 0x0, 0x0, 0xef, 0xf4, 0xff, 0xf0,
    0x1f, 0xff, 0x0, 0x0, 0x5f, 0xfd, 0xff, 0xf0,
    0x1f, 0xff, 0x0, 0x0, 0xc, 0xff, 0xff, 0xf0,
    0x1f, 0xff, 0x0, 0x0, 0x3, 0xff, 0xff, 0xf0,
    0x1f, 0xff, 0x0, 0x0, 0x0, 0x9f, 0xff, 0xf0,
    0x1f, 0xff, 0x0, 0x0, 0x0, 0x1e, 0xff, 0xf0,

    /* U+00D2 "Ò" */
    0x0, 0x0, 0xb, 0xff, 0x40, 0x0, 0x0, 0x0,
    0x0, 0x0, 0x0, 0x1f, 0xfb, 0x0, 0x0, 0x0,
    0x0, 0x0, 0x0, 0x0, 0x6f, 0xf2, 0x0, 0x0,
    0x0, 0x0, 0x0, 0x0, 0x0, 0x55, 0x20, 0x0,
    0x0, 0x0, 0x0, 0x0, 0x0, 0x0, 0x0, 0x0,
    0x0, 0x0, 0x0, 0x0, 0x4, 0xad, 0xff, 0xeb,
    0x60, 0x0, 0x0, 0x0, 0x1b, 0xff, 0xff, 0xff,
    0xff, 0xe3, 0x0, 0x0, 0x1d, 0xff, 0xfe, 0xcb,
    0xef, 0xff, 0xf4, 0x0, 0xa, 0xff, 0xf7, 0x0,
    0x0, 0x4e, 0xff, 0xe1, 0x2, 0xff, 0xf6, 0x0,
    0x0, 0x0, 0x2f, 0xff, 0x70, 0x8f, 0xfd, 0x0,
    0x0, 0x0, 0x0, 0x8f, 0xfd, 0xc, 0xff, 0x70,
    0x0, 0x0, 0x0, 0x3, 0xff, 0xf1, 0xdf, 0xf5,
    0x0, 0x0, 0x0, 0x0, 0xf, 0xff, 0x2f, 0xff,
    0x40, 0x0, 0x0, 0x0, 0x0, 0xff, 0xf4, 0xef,
    0xf5, 0x0, 0x0, 0x0, 0x0, 0xf, 0xff, 0x2c,
    0xff, 0x70, 0x0, 0x0, 0x0, 0x2, 0xff, 0xf1,
    0x8f, 0xfc, 0x0, 0x0, 0x0, 0x0, 0x8f, 0xfd,
    0x3, 0xff, 0xf6, 0x0, 0x0, 0x0, 0x1f, 0xff,
    0x80, 0xb, 0xff, 0xf7, 0x0, 0x0, 0x4e, 0xff,
    0xe1, 0x0, 0x1e, 0xff, 0xfe, 0xcb, 0xdf, 0xff,
    0xf4, 0x0, 0x0, 0x1b, 0xff, 0xff, 0xff, 0xff,
    0xe4, 0x0, 0x0, 0x0, 0x4, 0xad, 0xff, 0xeb,
    0x70, 0x0, 0x0,

    /* U+00D3 "Ó" */
    0x0, 0x0, 0x0, 0x0, 0xff, 0xe1, 0x0, 0x0,
    0x0, 0x0, 0x0, 0x0, 0x7f, 0xf5, 0x0, 0x0,
    0x0, 0x0, 0x0, 0x0, 0xd, 0xfb, 0x0, 0x0,
    0x0, 0x0, 0x0, 0x0, 0x0, 0x55, 0x10, 0x0,
    0x0, 0x0, 0x0, 0x0, 0x0, 0x0, 0x0, 0x0,
    0x0, 0x0, 0x0, 0x0, 0x4, 0xad, 0xff, 0xeb,
    0x60, 0x0, 0x0, 0x0, 0x1b, 0xff, 0xff, 0xff,
    0xff, 0xe3, 0x0, 0x0, 0x1d, 0xff, 0xfe, 0xcb,
    0xef, 0xff, 0xf4, 0x0, 0xa, 0xff, 0xf7, 0x0,
    0x0, 0x4e, 0xff, 0xe1, 0x2, 0xff, 0xf6, 0x0,
    0x0, 0x0, 0x2f, 0xff, 0x70, 0x8f, 0xfd, 0x0,
    0x0, 0x0, 0x0, 0x8f, 0xfd, 0xc, 0xff, 0x70,
    0x0, 0x0, 0x0, 0x3, 0xff, 0xf1, 0xdf, 0xf5,
    0x0, 0x0, 0x0, 0x0, 0xf, 0xff, 0x2f, 0xff,
    0x40, 0x0, 0x0, 0x0, 0x0, 0xff, 0xf4, 0xef,
    0xf5, 0x0, 0x0, 0x0, 0x0, 0xf, 0xff, 0x2c,
    0xff, 0x70, 0x0, 0x0, 0x0, 0x2, 0xff, 0xf1,
    0x8f, 0xfc, 0x0, 0x0, 0x0, 0x0, 0x8f, 0xfd,
    0x3, 0xff, 0xf6, 0x0, 0x0, 0x0, 0x1f, 0xff,
    0x80, 0xb, 0xff, 0xf7, 0x0, 0x0, 0x4e, 0xff,
    0xe1, 0x0, 0x1e, 0xff, 0xfe, 0xcb, 0xdf, 0xff,
    0xf4, 0x0, 0x0, 0x1b, 0xff, 0xff, 0xff, 0xff,
    0xe4, 0x0, 0x0, 0x0, 0x4, 0xad, 0xff, 0xeb,
    0x70, 0x0, 0x0,

    /* U+00D4 "Ô" */
    0x0, 0x0, 0x0, 0xbf, 0xfe, 0x10, 0x0, 0x0,
    0x0, 0x0, 0x0, 0x5f, 0xfe, 0xfa, 0x0, 0x0,
    0x0, 0x0, 0x0, 0x1e, 0xf5, 0x1e, 0xf4, 0x0,
    0x0, 0x0, 0x0, 0x3, 0x86, 0x0, 0x38, 0x60,
    0x0, 0x0, 0x0, 0x0, 0x0, 0x0, 0x0, 0x0,
    0x0, 0x0, 0x0, 0x0, 0x4, 0xad, 0xff, 0xeb,
    0x60, 0x0, 0x0, 0x0, 0x1b, 0xff, 0xff, 0xff,
    0xff, 0xe3, 0x0, 0x0, 0x1d, 0xff, 0xfe, 0xcb,
    0xef, 0xff, 0xf4, 0x0, 0xa, 0xff, 0xf7, 0x0,
    0x0, 0x4e, 0xff, 0xe1, 0x2, 0xff, 0xf6, 0x0,
    0x0, 0x0, 0x2f, 0xff, 0x70, 0x8f, 0xfd, 0x0,
    0x0, 0x0, 0x0, 0x8f, 0xfd, 0xc, 0xff, 0x70,
    0x0, 0x0, 0x0, 0x3, 0xff, 0xf1, 0xdf, 0xf5,
    0x0, 0x0, 0x0, 0x0, 0xf, 0xff, 0x2f, 0xff,
    0x40, 0x0, 0x0, 0x0, 0x0, 0xff, 0xf4, 0xef,
    0xf5, 0x0, 0x0, 0x0, 0x0, 0xf, 0xff, 0x2c,
    0xff, 0x70, 0x0, 0x0, 0x0, 0x2, 0xff, 0xf1,
    0x8f, 0xfc, 0x0, 0x0, 0x0, 0x0, 0x8f, 0xfd,
    0x3, 0xff, 0xf6, 0x0, 0x0, 0x0, 0x1f, 0xff,
    0x80, 0xb, 0xff, 0xf7, 0x0, 0x0, 0x4e, 0xff,
    0xe1, 0x0, 0x1e, 0xff, 0xfe, 0xcb, 0xdf, 0xff,
    0xf4, 0x0, 0x0, 0x1b, 0xff, 0xff, 0xff, 0xff,
    0xe4, 0x0, 0x0, 0x0, 0x4, 0xad, 0xff, 0xeb,
    0x70, 0x0, 0x0,

    /* U+00D5 "Õ" */
    0x0, 0x0, 0xa, 0xfd, 0x50, 0x9f, 0x10, 0x0,
    0x0, 0x0, 0x8, 0xff, 0xff, 0xef, 0xc0, 0x0,
    0x0, 0x0, 0x0, 0xce, 0x3, 0xcf, 0xc2, 0x0,
    0x0, 0x0, 0x0, 0x0, 0x0, 0x0, 0x0, 0x0,
    0x0, 0x0, 0x0, 0x0, 0x0, 0x0, 0x0, 0x0,
    0x0, 0x0, 0x0, 0x0, 0x4, 0xad, 0xff, 0xeb,
    0x60, 0x0, 0x0, 0x0, 0x1b, 0xff, 0xff, 0xff,
    0xff, 0xe3, 0x0, 0x0, 0x1d, 0xff, 0xfe, 0xcb,
    0xef, 0xff, 0xf4, 0x0, 0xa, 0xff, 0xf7, 0x0,
    0x0, 0x4e, 0xff, 0xe1, 0x2, 0xff, 0xf6, 0x0,
    0x0, 0x0, 0x2f, 0xff, 0x70, 0x8f, 0xfd, 0x0,
    0x0, 0x0, 0x0, 0x8f, 0xfd, 0xc, 0xff, 0x70,
    0x0, 0x0, 0x0, 0x3, 0xff, 0xf1, 0xdf, 0xf5,
    0x0, 0x0, 0x0, 0x0, 0xf, 0xff, 0x2f, 0xff,
    0x40, 0x0, 0x0, 0x0, 0x0, 0xff, 0xf4, 0xef,
    0xf5, 0x0, 0x0, 0x0, 0x0, 0xf, 0xff, 0x2c,
    0xff, 0x70, 0x0, 0x0, 0x0, 0x2, 0xff, 0xf1,
    0x8f, 0xfc, 0x0, 0x0, 0x0, 0x0, 0x8f, 0xfd,
    0x3, 0xff, 0xf6, 0x0, 0x0, 0x0, 0x1f, 0xff,
    0x80, 0xb, 0xff, 0xf7, 0x0, 0x0, 0x4e, 0xff,
    0xe1, 0x0, 0x1e, 0xff, 0xfe, 0xcb, 0xdf, 0xff,
    0xf4, 0x0, 0x0, 0x1b, 0xff, 0xff, 0xff, 0xff,
    0xe4, 0x0, 0x0, 0x0, 0x4, 0xad, 0xff, 0xeb,
    0x70, 0x0, 0x0,

    /* U+00D6 "Ö" */
    0x0, 0x0, 0x8b, 0xb2, 0xa, 0xbb, 0x0, 0x0,
    0x0, 0x0, 0xc, 0xff, 0x30, 0xff, 0xf1, 0x0,
    0x0, 0x0, 0x0, 0xcf, 0xf3, 0xf, 0xff, 0x10,
    0x0, 0x0, 0x0, 0x0, 0x0, 0x0, 0x0, 0x0,
    0x0, 0x0, 0x0, 0x0, 0x0, 0x0, 0x0, 0x0,
    0x0, 0x0, 0x0, 0x0, 0x4, 0xad, 0xff, 0xeb,
    0x60, 0x0, 0x0, 0x0, 0x1b, 0xff, 0xff, 0xff,
    0xff, 0xe3, 0x0, 0x0, 0x1d, 0xff, 0xfe, 0xcb,
    0xef, 0xff, 0xf4, 0x0, 0xa, 0xff, 0xf7, 0x0,
    0x0, 0x4e, 0xff, 0xe1, 0x2, 0xff, 0xf6, 0x0,
    0x0, 0x0, 0x2f, 0xff, 0x70, 0x8f, 0xfd, 0x0,
    0x0, 0x0, 0x0, 0x8f, 0xfd, 0xc, 0xff, 0x70,
    0x0, 0x0, 0x0, 0x3, 0xff, 0xf1, 0xdf, 0xf5,
    0x0, 0x0, 0x0, 0x0, 0xf, 0xff, 0x2f, 0xff,
    0x40, 0x0, 0x0, 0x0, 0x0, 0xff, 0xf4, 0xef,
    0xf5, 0x0, 0x0, 0x0, 0x0, 0xf, 0xff, 0x2c,
    0xff, 0x70, 0x0, 0x0, 0x0, 0x2, 0xff, 0xf1,
    0x8f, 0xfc, 0x0, 0x0, 0x0, 0x0, 0x8f, 0xfd,
    0x3, 0xff, 0xf6, 0x0, 0x0, 0x0, 0x1f, 0xff,
    0x80, 0xb, 0xff, 0xf7, 0x0, 0x0, 0x4e, 0xff,
    0xe1, 0x0, 0x1e, 0xff, 0xfe, 0xcb, 0xdf, 0xff,
    0xf4, 0x0, 0x0, 0x1b, 0xff, 0xff, 0xff, 0xff,
    0xe4, 0x0, 0x0, 0x0, 0x4, 0xad, 0xff, 0xeb,
    0x70, 0x0, 0x0,

    /* U+00D7 "×" */
    0x0, 0x0, 0x0, 0x0, 0x0, 0x0, 0x1, 0xd7,
    0x0, 0x0, 0xc, 0x90, 0xc, 0xff, 0x70, 0x0,
    0xcf, 0xf7, 0x3, 0xef, 0xf8, 0xc, 0xff, 0xb0,
    0x0, 0x2e, 0xff, 0xff, 0xfb, 0x0, 0x0, 0x2,
    0xff, 0xff, 0xb0, 0x0, 0x0, 0x1, 0xff, 0xff,
    0x90, 0x0, 0x0, 0x1c, 0xff, 0xff, 0xf8, 0x0,
    0x1, 0xdf, 0xfb, 0x2e, 0xff, 0x80, 0xc, 0xff,
    0xa0, 0x2, 0xef, 0xf7, 0x3, 0xfa, 0x0, 0x0,
    0x2e, 0xc0, 0x0, 0x20, 0x0, 0x0, 0x2, 0x0,

    /* U+00D8 "Ø" */
    0x0, 0x0, 0x4a, 0xdf, 0xfe, 0xb6, 0x5f, 0xf3,
    0x0, 0x1, 0xbf, 0xff, 0xff, 0xff, 0xff, 0xf7,
    0x0, 0x1, 0xdf, 0xff, 0xec, 0xbe, 0xff, 0xff,
    0x40, 0x0, 0xaf, 0xff, 0x70, 0x0, 0xb, 0xff,
    0xfe, 0x10, 0x2f, 0xff, 0x60, 0x0, 0x3, 0xff,
    0xff, 0xf7, 0x8, 0xff, 0xd0, 0x0, 0x0, 0xdf,
    0x98, 0xff, 0xd0, 0xcf, 0xf7, 0x0, 0x0, 0x9f,
    0xc0, 0x3f, 0xff, 0x1d, 0xff, 0x50, 0x0, 0x5f,
    0xf2, 0x0, 0xff, 0xf2, 0xff, 0xf4, 0x0, 0x2f,
    0xf6, 0x0, 0xf, 0xff, 0x4e, 0xff, 0x50, 0xc,
    0xfa, 0x0, 0x0, 0xff, 0xf2, 0xcf, 0xf7, 0x8,
    0xfd, 0x0, 0x0, 0x2f, 0xff, 0x18, 0xff, 0xc4,
    0xff, 0x30, 0x0, 0x8, 0xff, 0xd0, 0x3f, 0xff,
    0xff, 0x70, 0x0, 0x1, 0xff, 0xf8, 0x0, 0xbf,
    0xff, 0xf0, 0x0, 0x4, 0xef, 0xfe, 0x10, 0x1,
    0xff, 0xff, 0xec, 0xbd, 0xff, 0xff, 0x40, 0x0,
    0x3f, 0xff, 0xff, 0xff, 0xff, 0xfe, 0x40, 0x0,
    0xd, 0xf9, 0x4a, 0xdf, 0xfe, 0xb7, 0x0, 0x0,
    0x0,

    /* U+00D9 "Ù" */
    0x0, 0x0, 0x7f, 0xf8, 0x0, 0x0, 0x0, 0x0,
    0x0, 0x0, 0xcf, 0xe0, 0x0, 0x0, 0x0, 0x0,
    0x0, 0x3, 0xff, 0x60, 0x0, 0x0, 0x0, 0x0,
    0x0, 0x4, 0x53, 0x0, 0x0, 0x0, 0x0, 0x0,
    0x0, 0x0, 0x0, 0x0, 0x0, 0x7, 0xff, 0xb0,
    0x0, 0x0, 0x0, 0xef, 0xf3, 0x7f, 0xfb, 0x0,
    0x0, 0x0, 0xe, 0xff, 0x37, 0xff, 0xb0, 0x0,
    0x0, 0x0, 0xef, 0xf3, 0x7f, 0xfb, 0x0, 0x0,
    0x0, 0xe, 0xff, 0x37, 0xff, 0xb0, 0x0, 0x0,
    0x0, 0xef, 0xf3, 0x7f, 0xfb, 0x0, 0x0, 0x0,
    0xe, 0xff, 0x37, 0xff, 0xb0, 0x0, 0x0, 0x0,
    0xef, 0xf3, 0x7f, 0xfb, 0x0, 0x0, 0x0, 0xe,
    0xff, 0x37, 0xff, 0xb0, 0x0, 0x0, 0x0, 0xef,
    0xf3, 0x7f, 0xfb, 0x0, 0x0, 0x0, 0xe, 0xff,
    0x36, 0xff, 0xb0, 0x0, 0x0, 0x0, 0xef, 0xf3,
    0x5f, 0xfd, 0x0, 0x0, 0x0, 0xf, 0xff, 0x13,
    0xff, 0xf2, 0x0, 0x0, 0x5, 0xff, 0xf0, 0xd,
    0xff, 0xc2, 0x0, 0x4, 0xef, 0xf9, 0x0, 0x4f,
    0xff, 0xfd, 0xbd, 0xff, 0xfe, 0x10, 0x0, 0x5f,
    0xff, 0xff, 0xff, 0xfd, 0x30, 0x0, 0x0, 0x17,
    0xce, 0xfe, 0xb6, 0x0, 0x0,

    /* U+00DA "Ú" */
    0x0, 0x0, 0x0, 0xc, 0xff, 0x30, 0x0, 0x0,
    0x0, 0x0, 0x3, 0xff, 0x90, 0x0, 0x0, 0x0,
    0x0, 0x0, 0xaf, 0xe0, 0x0, 0x0, 0x0, 0x0,
    0x0, 0x4, 0x52, 0x0, 0x0, 0x0, 0x0, 0x0,
    0x0, 0x0, 0x0, 0x0, 0x0, 0x7, 0xff, 0xb0,
    0x0, 0x0, 0x0, 0xef, 0xf3, 0x7f, 0xfb, 0x0,
    0x0, 0x0, 0xe, 0xff, 0x37, 0xff, 0xb0, 0x0,
    0x0, 0x0, 0xef, 0xf3, 0x7f, 0xfb, 0x0, 0x0,
    0x0, 0xe, 0xff, 0x37, 0xff, 0xb0, 0x0, 0x0,
    0x0, 0xef, 0xf3, 0x7f, 0xfb, 0x0, 0x0, 0x0,
    0xe, 0xff, 0x37, 0xff, 0xb0, 0x0, 0x0, 0x0,
    0xef, 0xf3, 0x7f, 0xfb, 0x0, 0x0, 0x0, 0xe,
    0xff, 0x37, 0xff, 0xb0, 0x0, 0x0, 0x0, 0xef,
    0xf3, 0x7f, 0xfb, 0x0, 0x0, 0x0, 0xe, 0xff,
    0x36, 0xff, 0xb0, 0x0, 0x0, 0x0, 0xef, 0xf3,
    0x5f, 0xfd, 0x0, 0x0, 0x0, 0xf, 0xff, 0x13,
    0xff, 0xf2, 0x0, 0x0, 0x5, 0xff, 0xf0, 0xd,
    0xff, 0xc2, 0x0, 0x4, 0xef, 0xf9, 0x0, 0x4f,
    0xff, 0xfd, 0xbd, 0xff, 0xfe, 0x10, 0x0, 0x5f,
    0xff, 0xff, 0xff, 0xfd, 0x30, 0x0, 0x0, 0x17,
    0xce, 0xfe, 0xb6, 0x0, 0x0,

    /* U+00DB "Û" */
    0x0, 0x0, 0x7, 0xff, 0xf3, 0x0, 0x0, 0x0,
    0x0, 0x2, 0xff, 0xdf, 0xd0, 0x0, 0x0, 0x0,
    0x0, 0xcf, 0x80, 0xcf, 0x80, 0x0, 0x0, 0x0,
    0x28, 0x70, 0x1, 0x87, 0x0, 0x0, 0x0, 0x0,
    0x0, 0x0, 0x0, 0x0, 0x0, 0x7, 0xff, 0xb0,
    0x0, 0x0, 0x0, 0xef, 0xf3, 0x7f, 0xfb, 0x0,
    0x0, 0x0, 0xe, 0xff, 0x37, 0xff, 0xb0, 0x0,
    0x0, 0x0, 0xef, 0xf3, 0x7f, 0xfb, 0x0, 0x0,
    0x0, 0xe, 0xff, 0x37, 0xff, 0xb0, 0x0, 0x0,
    0x0, 0xef, 0xf3, 0x7f, 0xfb, 0x0, 0x0, 0x0,
    0xe, 0xff, 0x37, 0xff, 0xb0, 0x0, 0x0, 0x0,
    0xef, 0xf3, 0x7f, 0xfb, 0x0, 0x0, 0x0, 0xe,
    0xff, 0x37, 0xff, 0xb0, 0x0, 0x0, 0x0, 0xef,
    0xf3, 0x7f, 0xfb, 0x0, 0x0, 0x0, 0xe, 0xff,
    0x36, 0xff, 0xb0, 0x0, 0x0, 0x0, 0xef, 0xf3,
    0x5f, 0xfd, 0x0, 0x0, 0x0, 0xf, 0xff, 0x13,
    0xff, 0xf2, 0x0, 0x0, 0x5, 0xff, 0xf0, 0xd,
    0xff, 0xc2, 0x0, 0x4, 0xef, 0xf9, 0x0, 0x4f,
    0xff, 0xfd, 0xbd, 0xff, 0xfe, 0x10, 0x0, 0x5f,
    0xff, 0xff, 0xff, 0xfd, 0x30, 0x0, 0x0, 0x17,
    0xce, 0xfe, 0xb6, 0x0, 0x0,

    /* U+00DC "Ü" */
    0x0, 0x5, 0xbb, 0x50, 0x8b, 0xb3, 0x0, 0x0,
    0x0, 0x8f, 0xf7, 0xb, 0xff, 0x40, 0x0, 0x0,
    0x8, 0xff, 0x70, 0xbf, 0xf4, 0x0, 0x0, 0x0,
    0x0, 0x0, 0x0, 0x0, 0x0, 0x0, 0x0, 0x0,
    0x0, 0x0, 0x0, 0x0, 0x0, 0x7, 0xff, 0xb0,
    0x0, 0x0, 0x0, 0xef, 0xf3, 0x7f, 0xfb, 0x0,
    0x0, 0x0, 0xe, 0xff, 0x37, 0xff, 0xb0, 0x0,
    0x0, 0x0, 0xef, 0xf3, 0x7f, 0xfb, 0x0, 0x0,
    0x0, 0xe, 0xff, 0x37, 0xff, 0xb0, 0x0, 0x0,
    0x0, 0xef, 0xf3, 0x7f, 0xfb, 0x0, 0x0, 0x0,
    0xe, 0xff, 0x37, 0xff, 0xb0, 0x0, 0x0, 0x0,
    0xef, 0xf3, 0x7f, 0xfb, 0x0, 0x0, 0x0, 0xe,
    0xff, 0x37, 0xff, 0xb0, 0x0, 0x0, 0x0, 0xef,
    0xf3, 0x7f, 0xfb, 0x0, 0x0, 0x0, 0xe, 0xff,
    0x36, 0xff, 0xb0, 0x0, 0x0, 0x0, 0xef, 0xf3,
    0x5f, 0xfd, 0x0, 0x0, 0x0, 0xf, 0xff, 0x13,
    0xff, 0xf2, 0x0, 0x0, 0x5, 0xff, 0xf0, 0xd,
    0xff, 0xc2, 0x0, 0x4, 0xef, 0xf9, 0x0, 0x4f,
    0xff, 0xfd, 0xbd, 0xff, 0xfe, 0x10, 0x0, 0x5f,
    0xff, 0xff, 0xff, 0xfd, 0x30, 0x0, 0x0, 0x17,
    0xce, 0xfe, 0xb6, 0x0, 0x0,

    /* U+00DD "Ý" */
    0x0, 0x0, 0x0, 0x0, 0x35, 0x52, 0x0, 0x0,
    0x0, 0x0, 0x0, 0x0, 0xef, 0xe1, 0x0, 0x0,
    0x0, 0x0, 0x0, 0x5, 0xff, 0x50, 0x0, 0x0,
    0x0, 0x0, 0x0, 0xc, 0xfb, 0x0, 0x0, 0x0,
    0x0, 0x0, 0x0, 0x0, 0x0, 0x0, 0x0, 0x0,
    0xd, 0xff, 0x90, 0x0, 0x0, 0x0, 0xdf, 0xf9,
    0x4, 0xff, 0xf2, 0x0, 0x0, 0x7, 0xff, 0xe1,
    0x0, 0xbf, 0xfb, 0x0, 0x0, 0x1e, 0xff, 0x60,
    0x0, 0x2f, 0xff, 0x40, 0x0, 0x9f, 0xfd, 0x0,
    0x0, 0x9, 0xff, 0xd0, 0x2, 0xff, 0xf4, 0x0,
    0x0, 0x1, 0xef, 0xf6, 0xa, 0xff, 0xb0, 0x0,
    0x0, 0x0, 0x6f, 0xfe, 0x4f, 0xff, 0x20, 0x0,
    0x0, 0x0, 0xd, 0xff, 0xff, 0xf8, 0x0, 0x0,
    0x0, 0x0, 0x4, 0xff, 0xff, 0xe0, 0x0, 0x0,
    0x0, 0x0, 0x0, 0xaf, 0xff, 0x60, 0x0, 0x0,
    0x0, 0x0, 0x0, 0x3f, 0xff, 0x0, 0x0, 0x0,
    0x0, 0x0, 0x0, 0x3f, 0xfe, 0x0, 0x0, 0x0,
    0x0, 0x0, 0x0, 0x3f, 0xfe, 0x0, 0x0, 0x0,
    0x0, 0x0, 0x0, 0x3f, 0xfe, 0x0, 0x0, 0x0,
    0x0, 0x0, 0x0, 0x3f, 0xfe, 0x0, 0x0, 0x0,
    0x0, 0x0, 0x0, 0x3f, 0xfe, 0x0, 0x0, 0x0,
    0x0, 0x0, 0x0, 0x3f, 0xfe, 0x0, 0x0, 0x0,

    /* U+00DE "Þ" */
    0x1f, 0xff, 0x0, 0x0, 0x0, 0x0, 0x0, 0x1f,
    0xff, 0x0, 0x0, 0x0, 0x0, 0x0, 0x1f, 0xff,
    0x0, 0x0, 0x0, 0x0, 0x0, 0x1f, 0xff, 0xff,
    0xff, 0xda, 0x30, 0x0, 0x1f, 0xff, 0xff, 0xff,
    0xff, 0xf8, 0x0, 0x1f, 0xff, 0xbb, 0xbc, 0xff,
    0xff, 0x60, 0x1f, 0xff, 0x0, 0x0, 0x1b, 0xff,
    0xd0, 0x1f, 0xff, 0x0, 0x0, 0x3, 0xff, 0xf1,
    0x1f, 0xff, 0x0, 0x0, 0x1, 0xff, 0xf2, 0x1f,
    0xff, 0x0, 0x0, 0x5, 0xff, 0xf0, 0x1f, 0xff,
    0x0, 0x1, 0x5e, 0xff, 0xc0, 0x1f, 0xff, 0xff,
    0xff, 0xff, 0xff, 0x30, 0x1f, 0xff, 0xff, 0xff,
    0xff, 0xe4, 0x0, 0x1f, 0xff, 0xcb, 0xba, 0x95,
    0x0, 0x0, 0x1f, 0xff, 0x0, 0x0, 0x0, 0x0,
    0x0, 0x1f, 0xff, 0x0, 0x0, 0x0, 0x0, 0x0,
    0x1f, 0xff, 0x0, 0x0, 0x0, 0x0, 0x0,

    /* U+00DF "ß" */
    0x0, 0x4, 0xae, 0xff, 0xc8, 0x10, 0x0, 0x0,
    0x9f, 0xff, 0xff, 0xff, 0xe2, 0x0, 0x7, 0xff,
    0xfd, 0xab, 0xff, 0xfd, 0x0, 0xe, 0xff, 0x90,
    0x0, 0x4f, 0xff, 0x20, 0x2f, 0xff, 0x0, 0x0,
    0xd, 0xff, 0x40, 0x4f, 0xfc, 0x0, 0x0, 0xf,
    0xff, 0x20, 0x5f, 0xfc, 0x0, 0x2, 0xbf, 0xfb,
    0x0, 0x5f, 0xfc, 0x7, 0xff, 0xff, 0x90, 0x0,
    0x5f, 0xfc, 0x7, 0xff, 0xfe, 0x81, 0x0, 0x5f,
    0xfc, 0x3, 0x89, 0xdf, 0xfe, 0x30, 0x5f, 0xfc,
    0x0, 0x0, 0x6, 0xff, 0xe0, 0x5f, 0xfc, 0x0,
    0x0, 0x0, 0xef, 0xf4, 0x5f, 0xfc, 0x0, 0x0,
    0x0, 0xef, 0xf5, 0x5f, 0xfc, 0x0, 0x0, 0x6,
    0xff, 0xf3, 0x5f, 0xfc, 0x6, 0xab, 0xdf, 0xff,
    0xc0, 0x5f, 0xfc, 0xb, 0xff, 0xff, 0xfd, 0x10,
    0x5f, 0xfc, 0xb, 0xff, 0xeb, 0x60, 0x0,

    /* U+00E0 "à" */
    0x0, 0x0, 0xdf, 0xf1, 0x0, 0x0, 0x0, 0x0,
    0x0, 0x3f, 0xf8, 0x0, 0x0, 0x0, 0x0, 0x0,
    0x9, 0xfe, 0x0, 0x0, 0x0, 0x0, 0x0, 0x0,
    0x55, 0x10, 0x0, 0x0, 0x0, 0x0, 0x0, 0x0,
    0x0, 0x0, 0x0, 0x0, 0x3, 0xad, 0xff, 0xd8,
    0x10, 0x0, 0x0, 0x6f, 0xff, 0xff, 0xff, 0xe3,
    0x0, 0x3, 0xff, 0xfa, 0x67, 0xdf, 0xfd, 0x0,
    0xa, 0xff, 0x90, 0x0, 0x1e, 0xff, 0x30, 0x2,
    0x33, 0x10, 0x0, 0xb, 0xff, 0x60, 0x0, 0x0,
    0x14, 0x7a, 0xdf, 0xff, 0x60, 0x0, 0x4c, 0xff,
    0xff, 0xff, 0xff, 0x70, 0x5, 0xff, 0xfc, 0x85,
    0x2a, 0xff, 0x70, 0xe, 0xff, 0x60, 0x0, 0xc,
    0xff, 0x70, 0xf, 0xff, 0x20, 0x0, 0x3f, 0xff,
    0x70, 0xe, 0xff, 0xb4, 0x47, 0xff, 0xff, 0xd4,
    0x6, 0xff, 0xff, 0xff, 0xf5, 0xff, 0xf9, 0x0,
    0x4b, 0xef, 0xea, 0x20, 0x5d, 0xf7,

    /* U+00E1 "á" */
    0x0, 0x0, 0x0, 0x3f, 0xfc, 0x0, 0x0, 0x0,
    0x0, 0x0, 0xaf, 0xf2, 0x0, 0x0, 0x0, 0x0,
    0x1, 0xff, 0x80, 0x0, 0x0, 0x0, 0x0, 0x1,
    0x55, 0x0, 0x0, 0x0, 0x0, 0x0, 0x0, 0x0,
    0x0, 0x0, 0x0, 0x0, 0x3, 0xad, 0xff, 0xd8,
    0x10, 0x0, 0x0, 0x6f, 0xff, 0xff, 0xff, 0xe3,
    0x0, 0x3, 0xff, 0xfa, 0x67, 0xdf, 0xfd, 0x0,
    0xa, 0xff, 0x90, 0x0, 0x1e, 0xff, 0x30, 0x2,
    0x33, 0x10, 0x0, 0xb, 0xff, 0x60, 0x0, 0x0,
    0x14, 0x7a, 0xdf, 0xff, 0x60, 0x0, 0x4c, 0xff,
    0xff, 0xff, 0xff, 0x70, 0x5, 0xff, 0xfc, 0x85,
    0x2a, 0xff, 0x70, 0xe, 0xff, 0x60, 0x0, 0xc,
    0xff, 0x70, 0xf, 0xff, 0x20, 0x0, 0x3f, 0xff,
    0x70, 0xe, 0xff, 0xb4, 0x47, 0xff, 0xff, 0xd4,
    0x6, 0xff, 0xff, 0xff, 0xf5, 0xff, 0xf9, 0x0,
    0x4b, 0xef, 0xea, 0x20, 0x5d, 0xf7,

    /* U+00E2 "â" */
    0x0, 0x0, 0xd, 0xff, 0xc0, 0x0, 0x0, 0x0,
    0x0, 0x7f, 0xff, 0xf6, 0x0, 0x0, 0x0, 0x1,
    0xff, 0x45, 0xfe, 0x10, 0x0, 0x0, 0x7, 0xc7,
    0x0, 0x8c, 0x60, 0x0, 0x0, 0x0, 0x0, 0x0,
    0x0, 0x0, 0x0, 0x0, 0x3, 0xad, 0xff, 0xd8,
    0x10, 0x0, 0x0, 0x6f, 0xff, 0xff, 0xff, 0xe3,
    0x0, 0x3, 0xff, 0xfa, 0x67, 0xdf, 0xfd, 0x0,
    0xa, 0xff, 0x90, 0x0, 0x1e, 0xff, 0x30, 0x2,
    0x33, 0x10, 0x0, 0xb, 0xff, 0x60, 0x0, 0x0,
    0x14, 0x7a, 0xdf, 0xff, 0x60, 0x0, 0x4c, 0xff,
    0xff, 0xff, 0xff, 0x70, 0x5, 0xff, 0xfc, 0x85,
    0x2a, 0xff, 0x70, 0xe, 0xff, 0x60, 0x0, 0xc,
    0xff, 0x70, 0xf, 0xff, 0x20, 0x0, 0x3f, 0xff,
    0x70, 0xe, 0xff, 0xb4, 0x47, 0xff, 0xff, 0xd4,
    0x6, 0xff, 0xff, 0xff, 0xf5, 0xff, 0xf9, 0x0,
    0x4b, 0xef, 0xea, 0x20, 0x5d, 0xf7,

    /* U+00E3 "ã" */
    0x0, 0x1, 0x9c, 0xa3, 0xa, 0xc0, 0x0, 0x0,
    0xa, 0xff, 0xff, 0xef, 0xa0, 0x0, 0x0, 0xf,
    0xb1, 0x6d, 0xfb, 0x10, 0x0, 0x0, 0x0, 0x0,
    0x0, 0x0, 0x0, 0x0, 0x0, 0x0, 0x0, 0x0,
    0x0, 0x0, 0x0, 0x0, 0x3, 0xad, 0xff, 0xd8,
    0x10, 0x0, 0x0, 0x6f, 0xff, 0xff, 0xff, 0xe3,
    0x0, 0x3, 0xff, 0xfa, 0x67, 0xdf, 0xfd, 0x0,
    0xa, 0xff, 0x90, 0x0, 0x1e, 0xff, 0x30, 0x2,
    0x33, 0x10, 0x0, 0xb, 0xff, 0x60, 0x0, 0x0,
    0x14, 0x7a, 0xdf, 0xff, 0x60, 0x0, 0x4c, 0xff,
    0xff, 0xff, 0xff, 0x70, 0x5, 0xff, 0xfc, 0x85,
    0x2a, 0xff, 0x70, 0xe, 0xff, 0x60, 0x0, 0xc,
    0xff, 0x70, 0xf, 0xff, 0x20, 0x0, 0x3f, 0xff,
    0x70, 0xe, 0xff, 0xb4, 0x47, 0xff, 0xff, 0xd4,
    0x6, 0xff, 0xff, 0xff, 0xf5, 0xff, 0xf9, 0x0,
    0x4b, 0xef, 0xea, 0x20, 0x5d, 0xf7,

    /* U+00E4 "ä" */
    0x0, 0xf, 0xff, 0x2, 0xff, 0xe0, 0x0, 0x0,
    0xf, 0xff, 0x2, 0xff, 0xe0, 0x0, 0x0, 0xa,
    0xbb, 0x1, 0xbb, 0x90, 0x0, 0x0, 0x0, 0x0,
    0x0, 0x0, 0x0, 0x0, 0x0, 0x3, 0xad, 0xff,
    0xd8, 0x10, 0x0, 0x0, 0x6f, 0xff, 0xff, 0xff,
    0xe3, 0x0, 0x3, 0xff, 0xfa, 0x67, 0xdf, 0xfd,
    0x0, 0xa, 0xff, 0x90, 0x0, 0x1e, 0xff, 0x30,
    0x2, 0x33, 0x10, 0x0, 0xb, 0xff, 0x60, 0x0,
    0x0, 0x14, 0x7a, 0xdf, 0xff, 0x60, 0x0, 0x4c,
    0xff, 0xff, 0xff, 0xff, 0x70, 0x5, 0xff, 0xfc,
    0x85, 0x2a, 0xff, 0x70, 0xe, 0xff, 0x60, 0x0,
    0xc, 0xff, 0x70, 0xf, 0xff, 0x20, 0x0, 0x3f,
    0xff, 0x70, 0xe, 0xff, 0xb4, 0x47, 0xff, 0xff,
    0xd4, 0x6, 0xff, 0xff, 0xff, 0xf5, 0xff, 0xf9,
    0x0, 0x4b, 0xef, 0xea, 0x20, 0x5d, 0xf7,

    /* U+00E5 "å" */
    0x0, 0x0, 0x0, 0x0, 0x0, 0x0, 0x0, 0x0,
    0x0, 0x7, 0xff, 0x60, 0x0, 0x0, 0x0, 0x0,
    0x3f, 0x99, 0xf2, 0x0, 0x0, 0x0, 0x0, 0x6f,
    0x12, 0xf5, 0x0, 0x0, 0x0, 0x0, 0x3f, 0x67,
    0xf2, 0x0, 0x0, 0x0, 0x0, 0xa, 0xff, 0x90,
    0x0, 0x0, 0x0, 0x0, 0x0, 0x32, 0x0, 0x0,
    0x0, 0x0, 0x3, 0xad, 0xff, 0xd8, 0x10, 0x0,
    0x0, 0x6f, 0xff, 0xff, 0xff, 0xe3, 0x0, 0x3,
    0xff, 0xfa, 0x67, 0xdf, 0xfd, 0x0, 0xa, 0xff,
    0x90, 0x0, 0x1e, 0xff, 0x30, 0x2, 0x33, 0x10,
    0x0, 0xb, 0xff, 0x60, 0x0, 0x0, 0x14, 0x7a,
    0xdf, 0xff, 0x60, 0x0, 0x4c, 0xff, 0xff, 0xff,
    0xff, 0x70, 0x5, 0xff, 0xfc, 0x85, 0x2a, 0xff,
    0x70, 0xe, 0xff, 0x60, 0x0, 0xc, 0xff, 0x70,
    0xf, 0xff, 0x20, 0x0, 0x3f, 0xff, 0x70, 0xe,
    0xff, 0xb4, 0x47, 0xff, 0xff, 0xd4, 0x6, 0xff,
    0xff, 0xff, 0xf5, 0xff, 0xf9, 0x0, 0x4b, 0xef,
    0xea, 0x20, 0x5d, 0xf7,

    /* U+00E6 "æ" */
    0x0, 0x3, 0xae, 0xff, 0xd9, 0x20, 0x3a, 0xdf,
    0xeb, 0x60, 0x0, 0x0, 0x8f, 0xff, 0xff, 0xff,
    0xfc, 0xff, 0xff, 0xff, 0xfb, 0x10, 0x4, 0xff,
    0xfa, 0x67, 0xcf, 0xff, 0xff, 0x96, 0x7e, 0xff,
    0xa0, 0xb, 0xff, 0x80, 0x0, 0xe, 0xff, 0xf4,
    0x0, 0x1, 0xef, 0xf3, 0x0, 0x0, 0x0, 0x0,
    0xf, 0xff, 0xf0, 0x0, 0x0, 0x9f, 0xf8, 0x0,
    0x1, 0x59, 0xbe, 0xff, 0xff, 0xff, 0xff, 0xff,
    0xff, 0xfa, 0x0, 0x8f, 0xff, 0xff, 0xff, 0xff,
    0xff, 0xff, 0xff, 0xff, 0xfb, 0x8, 0xff, 0xf8,
    0x42, 0xf, 0xff, 0xb0, 0x0, 0x0, 0x0, 0x0,
    0xe, 0xff, 0x40, 0x0, 0xf, 0xff, 0xe0, 0x0,
    0x0, 0x13, 0x31, 0xf, 0xff, 0x30, 0x0, 0x3f,
    0xff, 0xf6, 0x0, 0x0, 0xdf, 0xf5, 0xe, 0xff,
    0xc4, 0x36, 0xef, 0xcf, 0xff, 0x83, 0x4c, 0xff,
    0xc0, 0x6, 0xff, 0xff, 0xff, 0xf9, 0x7, 0xff,
    0xff, 0xff, 0xfd, 0x10, 0x0, 0x3b, 0xef, 0xeb,
    0x40, 0x0, 0x3a, 0xdf, 0xfc, 0x70, 0x0,

    /* U+00E7 "ç" */
    0x0, 0x0, 0x6c, 0xef, 0xea, 0x30, 0x0, 0x0,
    0x2d, 0xff, 0xff, 0xff, 0xf8, 0x0, 0x0, 0xdf,
    0xfe, 0x98, 0xcf, 0xff, 0x50, 0x6, 0xff, 0xe1,
    0x0, 0x8, 0xff, 0xd0, 0xc, 0xff, 0x70, 0x0,
    0x1, 0xcd, 0xd1, 0xf, 0xff, 0x30, 0x0, 0x0,
    0x0, 0x0, 0xf, 0xff, 0x20, 0x0, 0x0, 0x0,
    0x0, 0xf, 0xff, 0x30, 0x0, 0x0, 0x0, 0x0,
    0xc, 0xff, 0x70, 0x0, 0x1, 0xff, 0xf1, 0x6,
    0xff, 0xe1, 0x0, 0x8, 0xff, 0xd0, 0x0, 0xdf,
    0xfe, 0x98, 0xbf, 0xff, 0x50, 0x0, 0x2d, 0xff,
    0xff, 0xff, 0xf7, 0x0, 0x0, 0x0, 0x6c, 0xff,
    0xfa, 0x30, 0x0, 0x0, 0x0, 0x1, 0xfe, 0x50,
    0x0, 0x0, 0x0, 0x0, 0x0, 0x7b, 0xfa, 0x0,
    0x0, 0x0, 0x0, 0x14, 0x0, 0xdf, 0x0, 0x0,
    0x0, 0x0, 0xaf, 0xbb, 0xfc, 0x0, 0x0, 0x0,
    0x0, 0xa, 0xef, 0xb2, 0x0, 0x0,

    /* U+00E8 "è" */
    0x0, 0x0, 0x9f, 0xf5, 0x0, 0x0, 0x0, 0x0,
    0x0, 0x1e, 0xfc, 0x0, 0x0, 0x0, 0x0, 0x0,
    0x5, 0xff, 0x30, 0x0, 0x0, 0x0, 0x0, 0x0,
    0x55, 0x30, 0x0, 0x0, 0x0, 0x0, 0x0, 0x0,
    0x0, 0x0, 0x0, 0x0, 0x0, 0x6c, 0xef, 0xd8,
    0x20, 0x0, 0x0, 0x2d, 0xff, 0xff, 0xff, 0xf5,
    0x0, 0x0, 0xdf, 0xfd, 0x87, 0xbf, 0xff, 0x20,
    0x7, 0xff, 0xc0, 0x0, 0x8, 0xff, 0xa0, 0xc,
    0xff, 0x40, 0x0, 0x1, 0xff, 0xf0, 0xf, 0xff,
    0xff, 0xff, 0xff, 0xff, 0xf2, 0xf, 0xff, 0xff,
    0xff, 0xff, 0xff, 0xf3, 0xf, 0xff, 0x30, 0x0,
    0x0, 0x0, 0x0, 0xc, 0xff, 0x60, 0x0, 0x0,
    0x22, 0x20, 0x7, 0xff, 0xe1, 0x0, 0x7, 0xff,
    0xd0, 0x0, 0xdf, 0xfe, 0x87, 0xaf, 0xff, 0x40,
    0x0, 0x2d, 0xff, 0xff, 0xff, 0xf6, 0x0, 0x0,
    0x0, 0x7c, 0xef, 0xea, 0x30, 0x0,

    /* U+00E9 "é" */
    0x0, 0x0, 0x0, 0xe, 0xff, 0x20, 0x0, 0x0,
    0x0, 0x0, 0x5f, 0xf7, 0x0, 0x0, 0x0, 0x0,
    0x0, 0xcf, 0xc0, 0x0, 0x0, 0x0, 0x0, 0x0,
    0x55, 0x10, 0x0, 0x0, 0x0, 0x0, 0x0, 0x0,
    0x0, 0x0, 0x0, 0x0, 0x0, 0x6c, 0xef, 0xd8,
    0x20, 0x0, 0x0, 0x2d, 0xff, 0xff, 0xff, 0xf5,
    0x0, 0x0, 0xdf, 0xfd, 0x87, 0xbf, 0xff, 0x20,
    0x7, 0xff, 0xc0, 0x0, 0x8, 0xff, 0xa0, 0xc,
    0xff, 0x40, 0x0, 0x1, 0xff, 0xf0, 0xf, 0xff,
    0xff, 0xff, 0xff, 0xff, 0xf2, 0xf, 0xff, 0xff,
    0xff, 0xff, 0xff, 0xf3, 0xf, 0xff, 0x30, 0x0,
    0x0, 0x0, 0x0, 0xc, 0xff, 0x60, 0x0, 0x0,
    0x22, 0x20, 0x7, 0xff, 0xe1, 0x0, 0x7, 0xff,
    0xd0, 0x0, 0xdf, 0xfe, 0x87, 0xaf, 0xff, 0x40,
    0x0, 0x2d, 0xff, 0xff, 0xff, 0xf6, 0x0, 0x0,
    0x0, 0x7c, 0xef, 0xea, 0x30, 0x0,

    /* U+00EA "ê" */
    0x0, 0x0, 0x9, 0xff, 0xf1, 0x0, 0x0, 0x0,
    0x0, 0x3f, 0xfe, 0xfa, 0x0, 0x0, 0x0, 0x0,
    0xcf, 0x81, 0xef, 0x40, 0x0, 0x0, 0x3, 0xcb,
    0x0, 0x5c, 0xa0, 0x0, 0x0, 0x0, 0x0, 0x0,
    0x0, 0x0, 0x0, 0x0, 0x0, 0x6c, 0xef, 0xd8,
    0x20, 0x0, 0x0, 0x2d, 0xff, 0xff, 0xff, 0xf5,
    0x0, 0x0, 0xdf, 0xfd, 0x87, 0xbf, 0xff, 0x20,
    0x7, 0xff, 0xc0, 0x0, 0x8, 0xff, 0xa0, 0xc,
    0xff, 0x40, 0x0, 0x1, 0xff, 0xf0, 0xf, 0xff,
    0xff, 0xff, 0xff, 0xff, 0xf2, 0xf, 0xff, 0xff,
    0xff, 0xff, 0xff, 0xf3, 0xf, 0xff, 0x30, 0x0,
    0x0, 0x0, 0x0, 0xc, 0xff, 0x60, 0x0, 0x0,
    0x22, 0x20, 0x7, 0xff, 0xe1, 0x0, 0x7, 0xff,
    0xd0, 0x0, 0xdf, 0xfe, 0x87, 0xaf, 0xff, 0x40,
    0x0, 0x2d, 0xff, 0xff, 0xff, 0xf6, 0x0, 0x0,
    0x0, 0x7c, 0xef, 0xea, 0x30, 0x0,

    /* U+00EB "ë" */
    0x0, 0xa, 0xff, 0x50, 0xdf, 0xf2, 0x0, 0x0,
    0xa, 0xff, 0x50, 0xdf, 0xf2, 0x0, 0x0, 0x7,
    0xbb, 0x30, 0x9b, 0xb1, 0x0, 0x0, 0x0, 0x0,
    0x0, 0x0, 0x0, 0x0, 0x0, 0x0, 0x6c, 0xef,
    0xd8, 0x20, 0x0, 0x0, 0x2d, 0xff, 0xff, 0xff,
    0xf5, 0x0, 0x0, 0xdf, 0xfd, 0x87, 0xbf, 0xff,
    0x20, 0x7, 0xff, 0xc0, 0x0, 0x8, 0xff, 0xa0,
    0xc, 0xff, 0x40, 0x0, 0x1, 0xff, 0xf0, 0xf,
    0xff, 0xff, 0xff, 0xff, 0xff, 0xf2, 0xf, 0xff,
    0xff, 0xff, 0xff, 0xff, 0xf3, 0xf, 0xff, 0x30,
    0x0, 0x0, 0x0, 0x0, 0xc, 0xff, 0x60, 0x0,
    0x0, 0x22, 0x20, 0x7, 0xff, 0xe1, 0x0, 0x7,
    0xff, 0xd0, 0x0, 0xdf, 0xfe, 0x87, 0xaf, 0xff,
    0x40, 0x0, 0x2d, 0xff, 0xff, 0xff, 0xf6, 0x0,
    0x0, 0x0, 0x7c, 0xef, 0xea, 0x30, 0x0,

    /* U+00EC "ì" */
    0x45, 0x51, 0x6, 0xff, 0x80, 0xc, 0xfe, 0x0,
    0x2f, 0xf6, 0x0, 0x0, 0x0, 0x5f, 0xfc, 0x5,
    0xff, 0xc0, 0x5f, 0xfc, 0x5, 0xff, 0xc0, 0x5f,
    0xfc, 0x5, 0xff, 0xc0, 0x5f, 0xfc, 0x5, 0xff,
    0xc0, 0x5f, 0xfc, 0x5, 0xff, 0xc0, 0x5f, 0xfc,
    0x5, 0xff, 0xc0, 0x5f, 0xfc,

    /* U+00ED "í" */
    0x0, 0x45, 0x51, 0x1, 0xff, 0xd0, 0x8, 0xff,
    0x30, 0xe, 0xf8, 0x0, 0x0, 0x0, 0x0, 0x5f,
    0xfc, 0x0, 0x5f, 0xfc, 0x0, 0x5f, 0xfc, 0x0,
    0x5f, 0xfc, 0x0, 0x5f, 0xfc, 0x0, 0x5f, 0xfc,
    0x0, 0x5f, 0xfc, 0x0, 0x5f, 0xfc, 0x0, 0x5f,
    0xfc, 0x0, 0x5f, 0xfc, 0x0, 0x5f, 0xfc, 0x0,
    0x5f, 0xfc, 0x0, 0x5f, 0xfc, 0x0,

    /* U+00EE "î" */
    0x0, 0x48, 0x87, 0x0, 0x0, 0x1e, 0xfe, 0xf7,
    0x0, 0xc, 0xf6, 0x1e, 0xf3, 0x3, 0x87, 0x0,
    0x38, 0x70, 0x0, 0x0, 0x0, 0x0, 0x0, 0x5,
    0xff, 0xc0, 0x0, 0x0, 0x5f, 0xfc, 0x0, 0x0,
    0x5, 0xff, 0xc0, 0x0, 0x0, 0x5f, 0xfc, 0x0,
    0x0, 0x5, 0xff, 0xc0, 0x0, 0x0, 0x5f, 0xfc,
    0x0, 0x0, 0x5, 0xff, 0xc0, 0x0, 0x0, 0x5f,
    0xfc, 0x0, 0x0, 0x5, 0xff, 0xc0, 0x0, 0x0,
    0x5f, 0xfc, 0x0, 0x0, 0x5, 0xff, 0xc0, 0x0,
    0x0, 0x5f, 0xfc, 0x0, 0x0, 0x5, 0xff, 0xc0,
    0x0,

    /* U+00EF "ï" */
    0xbf, 0xc5, 0xff, 0x2b, 0xfc, 0x5f, 0xf2, 0x7b,
    0x84, 0xbb, 0x10, 0x0, 0x0, 0x0, 0x5, 0xff,
    0xc0, 0x0, 0x5f, 0xfc, 0x0, 0x5, 0xff, 0xc0,
    0x0, 0x5f, 0xfc, 0x0, 0x5, 0xff, 0xc0, 0x0,
    0x5f, 0xfc, 0x0, 0x5, 0xff, 0xc0, 0x0, 0x5f,
    0xfc, 0x0, 0x5, 0xff, 0xc0, 0x0, 0x5f, 0xfc,
    0x0, 0x5, 0xff, 0xc0, 0x0, 0x5f, 0xfc, 0x0,
    0x5, 0xff, 0xc0, 0x0,

    /* U+00F0 "ð" */
    0x0, 0x0, 0x17, 0x40, 0x0, 0x0, 0x10, 0x0,
    0x0, 0x7f, 0xff, 0x91, 0x4b, 0xf2, 0x0, 0x0,
    0x8d, 0xff, 0xff, 0xff, 0xc3, 0x0, 0x0, 0x5,
    0xdf, 0xff, 0xf5, 0x0, 0x0, 0x0, 0xc, 0xfb,
    0x9f, 0xfd, 0x0, 0x0, 0x0, 0x3, 0x10, 0x7,
    0xff, 0x60, 0x0, 0x1, 0x8c, 0xef, 0xd9, 0xff,
    0xc0, 0x0, 0x4e, 0xff, 0xff, 0xff, 0xff, 0xf1,
    0x2, 0xff, 0xfe, 0x87, 0xbf, 0xff, 0xf4, 0x9,
    0xff, 0xd1, 0x0, 0x7, 0xff, 0xf7, 0xe, 0xff,
    0x60, 0x0, 0x0, 0xff, 0xfd, 0xf, 0xff, 0x30,
    0x0, 0x0, 0xbf, 0xfb, 0xf, 0xff, 0x30, 0x0,
    0x0, 0xbf, 0xf7, 0xe, 0xff, 0x60, 0x0, 0x0,
    0xef, 0xf4, 0x9, 0xff, 0xd1, 0x0, 0x7, 0xff,
    0xf0, 0x2, 0xff, 0xfe, 0x87, 0xbf, 0xff, 0x80,
    0x0, 0x4e, 0xff, 0xff, 0xff, 0xfa, 0x0, 0x0,
    0x1, 0x8d, 0xef, 0xeb, 0x40, 0x0,

    /* U+00F1 "ñ" */
    0x0, 0xa, 0xfe, 0x71, 0x9f, 0x10, 0x0, 0x8f,
    0xef, 0xff, 0xfc, 0x0, 0x0, 0xac, 0x2, 0xad,
    0xa2, 0x0, 0x0, 0x0, 0x0, 0x0, 0x0, 0x0,
    0x5f, 0xf7, 0x19, 0xef, 0xd7, 0x0, 0x5f, 0xf8,
    0xdf, 0xff, 0xff, 0xa0, 0x5f, 0xff, 0xfb, 0x8c,
    0xff, 0xf4, 0x5f, 0xff, 0x70, 0x0, 0xcf, 0xf9,
    0x5f, 0xfe, 0x0, 0x0, 0x7f, 0xfb, 0x5f, 0xfc,
    0x0, 0x0, 0x5f, 0xfc, 0x5f, 0xfc, 0x0, 0x0,
    0x5f, 0xfc, 0x5f, 0xfc, 0x0, 0x0, 0x5f, 0xfc,
    0x5f, 0xfc, 0x0, 0x0, 0x5f, 0xfc, 0x5f, 0xfc,
    0x0, 0x0, 0x5f, 0xfc, 0x5f, 0xfc, 0x0, 0x0,
    0x5f, 0xfc, 0x5f, 0xfc, 0x0, 0x0, 0x5f, 0xfc,
    0x5f, 0xfc, 0x0, 0x0, 0x5f, 0xfc,

    /* U+00F2 "ò" */
    0x0, 0x0, 0x9f, 0xf5, 0x0, 0x0, 0x0, 0x0,
    0x0, 0x1e, 0xfc, 0x0, 0x0, 0x0, 0x0, 0x0,
    0x5, 0xff, 0x30, 0x0, 0x0, 0x0, 0x0, 0x0,
    0x55, 0x30, 0x0, 0x0, 0x0, 0x0, 0x0, 0x0,
    0x0, 0x0, 0x0, 0x0, 0x0, 0x6c, 0xef, 0xd9,
    0x20, 0x0, 0x0, 0x2d, 0xff, 0xff, 0xff, 0xf7,
    0x0, 0x0, 0xdf, 0xfe, 0x98, 0xcf, 0xff, 0x50,
    0x7, 0xff, 0xe1, 0x0, 0x9, 0xff, 0xe0, 0xc,
    0xff, 0x70, 0x0, 0x1, 0xff, 0xf4, 0xf, 0xff,
    0x30, 0x0, 0x0, 0xcf, 0xf6, 0xf, 0xff, 0x20,
    0x0, 0x0, 0xbf, 0xf8, 0xf, 0xff, 0x30, 0x0,
    0x0, 0xcf, 0xf6, 0xc, 0xff, 0x70, 0x0, 0x0,
    0xff, 0xf4, 0x6, 0xff, 0xe1, 0x0, 0x8, 0xff,
    0xe0, 0x0, 0xdf, 0xfe, 0x97, 0xbf, 0xff, 0x50,
    0x0, 0x2d, 0xff, 0xff, 0xff, 0xf7, 0x0, 0x0,
    0x0, 0x6c, 0xef, 0xd9, 0x30, 0x0,

    /* U+00F3 "ó" */
    0x0, 0x0, 0x0, 0xe, 0xff, 0x20, 0x0, 0x0,
    0x0, 0x0, 0x5f, 0xf7, 0x0, 0x0, 0x0, 0x0,
    0x0, 0xcf, 0xc0, 0x0, 0x0, 0x0, 0x0, 0x0,
    0x55, 0x10, 0x0, 0x0, 0x0, 0x0, 0x0, 0x0,
    0x0, 0x0, 0x0, 0x0, 0x0, 0x6c, 0xef, 0xd9,
    0x20, 0x0, 0x0, 0x2d, 0xff, 0xff, 0xff, 0xf7,
    0x0, 0x0, 0xdf, 0xfe, 0x98, 0xcf, 0xff, 0x50,
    0x7, 0xff, 0xe1, 0x0, 0x9, 0xff, 0xe0, 0xc,
    0xff, 0x70, 0x0, 0x1, 0xff, 0xf4, 0xf, 0xff,
    0x30, 0x0, 0x0, 0xcf, 0xf6, 0xf, 0xff, 0x20,
    0x0, 0x0, 0xbf, 0xf8, 0xf, 0xff, 0x30, 0x0,
    0x0, 0xcf, 0xf6, 0xc, 0xff, 0x70, 0x0, 0x0,
    0xff, 0xf4, 0x6, 0xff, 0xe1, 0x0, 0x8, 0xff,
    0xe0, 0x0, 0xdf, 0xfe, 0x97, 0xbf, 0xff, 0x50,
    0x0, 0x2d, 0xff, 0xff, 0xff, 0xf7, 0x0, 0x0,
    0x0, 0x6c, 0xef, 0xd9, 0x30, 0x0,

    /* U+00F4 "ô" */
    0x0, 0x0, 0x9, 0xff, 0xf1, 0x0, 0x0, 0x0,
    0x0, 0x3f, 0xfe, 0xfa, 0x0, 0x0, 0x0, 0x0,
    0xcf, 0x81, 0xef, 0x40, 0x0, 0x0, 0x3, 0xca,
    0x0, 0x5c, 0x90, 0x0, 0x0, 0x0, 0x0, 0x0,
    0x0, 0x0, 0x0, 0x0, 0x0, 0x6c, 0xef, 0xd9,
    0x20, 0x0, 0x0, 0x2d, 0xff, 0xff, 0xff, 0xf7,
    0x0, 0x0, 0xdf, 0xfe, 0x98, 0xcf, 0xff, 0x50,
    0x7, 0xff, 0xe1, 0x0, 0x9, 0xff, 0xe0, 0xc,
    0xff, 0x70, 0x0, 0x1, 0xff, 0xf4, 0xf, 0xff,
    0x30, 0x0, 0x0, 0xcf, 0xf6, 0xf, 0xff, 0x20,
    0x0, 0x0, 0xbf, 0xf8, 0xf, 0xff, 0x30, 0x0,
    0x0, 0xcf, 0xf6, 0xc, 0xff, 0x70, 0x0, 0x0,
    0xff, 0xf4, 0x6, 0xff, 0xe1, 0x0, 0x8, 0xff,
    0xe0, 0x0, 0xdf, 0xfe, 0x97, 0xbf, 0xff, 0x50,
    0x0, 0x2d, 0xff, 0xff, 0xff, 0xf7, 0x0, 0x0,
    0x0, 0x6c, 0xef, 0xd9, 0x30, 0x0,

    /* U+00F5 "õ" */
    0x0, 0x0, 0x7c, 0xb5, 0x7, 0xd2, 0x0, 0x0,
    0x6, 0xff, 0xff, 0xef, 0xe0, 0x0, 0x0, 0xb,
    0xf1, 0x4c, 0xfd, 0x30, 0x0, 0x0, 0x0, 0x0,
    0x0, 0x0, 0x0, 0x0, 0x0, 0x0, 0x0, 0x0,
    0x0, 0x0, 0x0, 0x0, 0x0, 0x6c, 0xef, 0xd9,
    0x20, 0x0, 0x0, 0x2d, 0xff, 0xff, 0xff, 0xf7,
    0x0, 0x0, 0xdf, 0xfe, 0x98, 0xcf, 0xff, 0x50,
    0x7, 0xff, 0xe1, 0x0, 0x9, 0xff, 0xe0, 0xc,
    0xff, 0x70, 0x0, 0x1, 0xff, 0xf4, 0xf, 0xff,
    0x30, 0x0, 0x0, 0xcf, 0xf6, 0xf, 0xff, 0x20,
    0x0, 0x0, 0xbf, 0xf8, 0xf, 0xff, 0x30, 0x0,
    0x0, 0xcf, 0xf6, 0xc, 0xff, 0x70, 0x0, 0x0,
    0xff, 0xf4, 0x6, 0xff, 0xe1, 0x0, 0x8, 0xff,
    0xe0, 0x0, 0xdf, 0xfe, 0x97, 0xbf, 0xff, 0x50,
    0x0, 0x2d, 0xff, 0xff, 0xff, 0xf7, 0x0, 0x0,
    0x0, 0x6c, 0xef, 0xd9, 0x30, 0x0,

    /* U+00F6 "ö" */
    0x0, 0xa, 0xff, 0x50, 0xdf, 0xf2, 0x0, 0x0,
    0xa, 0xff, 0x50, 0xdf, 0xf2, 0x0, 0x0, 0x7,
    0xbb, 0x30, 0x9b, 0xb1, 0x0, 0x0, 0x0, 0x0,
    0x0, 0x0, 0x0, 0x0, 0x0, 0x0, 0x6c, 0xef,
    0xd9, 0x20, 0x0, 0x0, 0x2d, 0xff, 0xff, 0xff,
    0xf7, 0x0, 0x0, 0xdf, 0xfe, 0x98, 0xcf, 0xff,
    0x50, 0x7, 0xff, 0xe1, 0x0, 0x9, 0xff, 0xe0,
    0xc, 0xff, 0x70, 0x0, 0x1, 0xff, 0xf4, 0xf,
    0xff, 0x30, 0x0, 0x0, 0xcf, 0xf6, 0xf, 0xff,
    0x20, 0x0, 0x0, 0xbf, 0xf8, 0xf, 0xff, 0x30,
    0x0, 0x0, 0xcf, 0xf6, 0xc, 0xff, 0x70, 0x0,
    0x0, 0xff, 0xf4, 0x6, 0xff, 0xe1, 0x0, 0x8,
    0xff, 0xe0, 0x0, 0xdf, 0xfe, 0x97, 0xbf, 0xff,
    0x50, 0x0, 0x2d, 0xff, 0xff, 0xff, 0xf7, 0x0,
    0x0, 0x0, 0x6c, 0xef, 0xd9, 0x30, 0x0,

    /* U+00F7 "÷" */
    0x0, 0x0, 0x8, 0xfc, 0x10, 0x0, 0x0, 0x0,
    0x1, 0xff, 0xf7, 0x0, 0x0, 0x0, 0x0, 0xe,
    0xff, 0x40, 0x0, 0x0, 0x0, 0x0, 0x27, 0x40,
    0x0, 0x0, 0x0, 0x0, 0x0, 0x0, 0x0, 0x0,
    0x0, 0xff, 0xff, 0xff, 0xff, 0xff, 0xf6, 0xf,
    0xff, 0xff, 0xff, 0xff, 0xff, 0x60, 0x66, 0x66,
    0x66, 0x66, 0x66, 0x62, 0x0, 0x0, 0x0, 0x0,
    0x0, 0x0, 0x0, 0x0, 0x0, 0x8f, 0xc1, 0x0,
    0x0, 0x0, 0x0, 0x1f, 0xff, 0x70, 0x0, 0x0,
    0x0, 0x0, 0xef, 0xf4, 0x0, 0x0, 0x0, 0x0,
    0x2, 0x74, 0x0, 0x0, 0x0,

    /* U+00F8 "ø" */
    0x0, 0x0, 0x6c, 0xef, 0xd9, 0xaf, 0x90, 0x0,
    0x2d, 0xff, 0xff, 0xff, 0xff, 0x0, 0x0, 0xdf,
    0xfe, 0x98, 0xdf, 0xff, 0x50, 0x7, 0xff, 0xe1,
    0x0, 0xaf, 0xff, 0xe0, 0xc, 0xff, 0x70, 0x5,
    0xfc, 0xff, 0xf4, 0xf, 0xff, 0x30, 0x2f, 0xe1,
    0xcf, 0xf6, 0xf, 0xff, 0x20, 0xcf, 0x40, 0xbf,
    0xf8, 0xf, 0xff, 0x38, 0xf8, 0x0, 0xcf, 0xf6,
    0xc, 0xff, 0xbf, 0xc0, 0x0, 0xff, 0xf4, 0x6,
    0xff, 0xff, 0x20, 0x8, 0xff, 0xe0, 0x0, 0xdf,
    0xff, 0x97, 0xbf, 0xff, 0x50, 0x0, 0x9f, 0xff,
    0xff, 0xff, 0xf7, 0x0, 0x2, 0xfe, 0x7c, 0xef,
    0xd9, 0x30, 0x0,

    /* U+00F9 "ù" */
    0x0, 0xc, 0xff, 0x30, 0x0, 0x0, 0x0, 0x2,
    0xff, 0xa0, 0x0, 0x0, 0x0, 0x0, 0x7f, 0xf1,
    0x0, 0x0, 0x0, 0x0, 0x5, 0x52, 0x0, 0x0,
    0x0, 0x0, 0x0, 0x0, 0x0, 0x0, 0x5f, 0xfc,
    0x0, 0x0, 0x7f, 0xfa, 0x5f, 0xfc, 0x0, 0x0,
    0x7f, 0xfa, 0x5f, 0xfc, 0x0, 0x0, 0x7f, 0xfa,
    0x5f, 0xfc, 0x0, 0x0, 0x7f, 0xfa, 0x5f, 0xfc,
    0x0, 0x0, 0x7f, 0xfa, 0x5f, 0xfc, 0x0, 0x0,
    0x7f, 0xfa, 0x5f, 0xfc, 0x0, 0x0, 0x7f, 0xfa,
    0x5f, 0xfc, 0x0, 0x0, 0x7f, 0xfa, 0x4f, 0xfd,
    0x0, 0x0, 0x9f, 0xfa, 0x2f, 0xff, 0x20, 0x1,
    0xff, 0xfa, 0xe, 0xff, 0xe8, 0x9e, 0xff, 0xfa,
    0x5, 0xff, 0xff, 0xff, 0x7f, 0xfa, 0x0, 0x4c,
    0xfe, 0xb3, 0x3f, 0xfa,

    /* U+00FA "ú" */
    0x0, 0x0, 0x1, 0xff, 0xe0, 0x0, 0x0, 0x0,
    0x7, 0xff, 0x40, 0x0, 0x0, 0x0, 0xe, 0xfa,
    0x0, 0x0, 0x0, 0x0, 0x15, 0x51, 0x0, 0x0,
    0x0, 0x0, 0x0, 0x0, 0x0, 0x0, 0x5f, 0xfc,
    0x0, 0x0, 0x7f, 0xfa, 0x5f, 0xfc, 0x0, 0x0,
    0x7f, 0xfa, 0x5f, 0xfc, 0x0, 0x0, 0x7f, 0xfa,
    0x5f, 0xfc, 0x0, 0x0, 0x7f, 0xfa, 0x5f, 0xfc,
    0x0, 0x0, 0x7f, 0xfa, 0x5f, 0xfc, 0x0, 0x0,
    0x7f, 0xfa, 0x5f, 0xfc, 0x0, 0x0, 0x7f, 0xfa,
    0x5f, 0xfc, 0x0, 0x0, 0x7f, 0xfa, 0x4f, 0xfd,
    0x0, 0x0, 0x9f, 0xfa, 0x2f, 0xff, 0x20, 0x1,
    0xff, 0xfa, 0xe, 0xff, 0xe8, 0x9e, 0xff, 0xfa,
    0x5, 0xff, 0xff, 0xff, 0x7f, 0xfa, 0x0, 0x4c,
    0xfe, 0xb3, 0x3f, 0xfa,

    /* U+00FB "û" */
    0x0, 0x0, 0xcf, 0xfe, 0x0, 0x0, 0x0, 0x6,
    0xff, 0xef, 0x90, 0x0, 0x0, 0x1e, 0xf4, 0x2f,
    0xf3, 0x0, 0x0, 0x48, 0x60, 0x4, 0x86, 0x0,
    0x0, 0x0, 0x0, 0x0, 0x0, 0x0, 0x5f, 0xfc,
    0x0, 0x0, 0x7f, 0xfa, 0x5f, 0xfc, 0x0, 0x0,
    0x7f, 0xfa, 0x5f, 0xfc, 0x0, 0x0, 0x7f, 0xfa,
    0x5f, 0xfc, 0x0, 0x0, 0x7f, 0xfa, 0x5f, 0xfc,
    0x0, 0x0, 0x7f, 0xfa, 0x5f, 0xfc, 0x0, 0x0,
    0x7f, 0xfa, 0x5f, 0xfc, 0x0, 0x0, 0x7f, 0xfa,
    0x5f, 0xfc, 0x0, 0x0, 0x7f, 0xfa, 0x4f, 0xfd,
    0x0, 0x0, 0x9f, 0xfa, 0x2f, 0xff, 0x20, 0x1,
    0xff, 0xfa, 0xe, 0xff, 0xe8, 0x9e, 0xff, 0xfa,
    0x5, 0xff, 0xff, 0xff, 0x7f, 0xfa, 0x0, 0x4c,
    0xfe, 0xb3, 0x3f, 0xfa,

    /* U+00FC "ü" */
    0x0, 0xdf, 0xf2, 0xf, 0xff, 0x0, 0x0, 0xdf,
    0xf2, 0xf, 0xff, 0x0, 0x0, 0x9b, 0xb1, 0xb,
    0xbb, 0x0, 0x0, 0x0, 0x0, 0x0, 0x0, 0x0,
    0x5f, 0xfc, 0x0, 0x0, 0x7f, 0xfa, 0x5f, 0xfc,
    0x0, 0x0, 0x7f, 0xfa, 0x5f, 0xfc, 0x0, 0x0,
    0x7f, 0xfa, 0x5f, 0xfc, 0x0, 0x0, 0x7f, 0xfa,
    0x5f, 0xfc, 0x0, 0x0, 0x7f, 0xfa, 0x5f, 0xfc,
    0x0, 0x0, 0x7f, 0xfa, 0x5f, 0xfc, 0x0, 0x0,
    0x7f, 0xfa, 0x5f, 0xfc, 0x0, 0x0, 0x7f, 0xfa,
    0x4f, 0xfd, 0x0, 0x0, 0x9f, 0xfa, 0x2f, 0xff,
    0x20, 0x1, 0xff, 0xfa, 0xe, 0xff, 0xe8, 0x9e,
    0xff, 0xfa, 0x5, 0xff, 0xff, 0xff, 0x7f, 0xfa,
    0x0, 0x4c, 0xfe, 0xb3, 0x3f, 0xfa,

    /* U+00FD "ý" */
    0x0, 0x0, 0x0, 0x4f, 0xfb, 0x0, 0x0, 0x0,
    0x0, 0x0, 0xbf, 0xf1, 0x0, 0x0, 0x0, 0x0,
    0x2, 0xff, 0x60, 0x0, 0x0, 0x0, 0x0, 0x2,
    0x55, 0x0, 0x0, 0x0, 0x5f, 0xfd, 0x0, 0x0,
    0x2, 0xff, 0xf0, 0xe, 0xff, 0x30, 0x0, 0x7,
    0xff, 0xa0, 0x9, 0xff, 0x80, 0x0, 0xc, 0xff,
    0x50, 0x4, 0xff, 0xd0, 0x0, 0x1f, 0xff, 0x0,
    0x0, 0xef, 0xf2, 0x0, 0x6f, 0xfa, 0x0, 0x0,
    0x8f, 0xf7, 0x0, 0xbf, 0xf4, 0x0, 0x0, 0x2f,
    0xfd, 0x1, 0xff, 0xe0, 0x0, 0x0, 0xd, 0xff,
    0x25, 0xff, 0x90, 0x0, 0x0, 0x7, 0xff, 0x7a,
    0xff, 0x40, 0x0, 0x0, 0x1, 0xff, 0xdf, 0xfe,
    0x0, 0x0, 0x0, 0x0, 0xbf, 0xff, 0xf9, 0x0,
    0x0, 0x0, 0x0, 0x6f, 0xff, 0xf3, 0x0, 0x0,
    0x0, 0x0, 0xd, 0xff, 0xe0, 0x0, 0x0, 0x0,
    0x0, 0x4, 0xff, 0x80, 0x0, 0x0, 0x0, 0x25,
    0x6d, 0xff, 0x30, 0x0, 0x0, 0x0, 0x6f, 0xff,
    0xfb, 0x0, 0x0, 0x0, 0x0, 0x6f, 0xfe, 0xa1,
    0x0, 0x0, 0x0,

    /* U+00FE "þ" */
    0x5f, 0xfc, 0x0, 0x0, 0x0, 0x0, 0x5, 0xff,
    0xc0, 0x0, 0x0, 0x0, 0x0, 0x5f, 0xfc, 0x0,
    0x0, 0x0, 0x0, 0x5, 0xff, 0xc0, 0x0, 0x0,
    0x0, 0x0, 0x5f, 0xfc, 0x3b, 0xef, 0xd7, 0x10,
    0x5, 0xff, 0xef, 0xff, 0xff, 0xfd, 0x10, 0x5f,
    0xff, 0xfd, 0x9b, 0xff, 0xfb, 0x5, 0xff, 0xf8,
    0x0, 0x5, 0xff, 0xf3, 0x5f, 0xfe, 0x0, 0x0,
    0xc, 0xff, 0x85, 0xff, 0xa0, 0x0, 0x0, 0x7f,
    0xfb, 0x5f, 0xf9, 0x0, 0x0, 0x6, 0xff, 0xc5,
    0xff, 0xa0, 0x0, 0x0, 0x7f, 0xfb, 0x5f, 0xfe,
    0x0, 0x0, 0xc, 0xff, 0x85, 0xff, 0xf9, 0x0,
    0x6, 0xff, 0xf3, 0x5f, 0xff, 0xfd, 0xac, 0xff,
    0xfb, 0x5, 0xff, 0xef, 0xff, 0xff, 0xfd, 0x10,
    0x5f, 0xfc, 0x2a, 0xef, 0xd8, 0x10, 0x5, 0xff,
    0xc0, 0x0, 0x0, 0x0, 0x0, 0x5f, 0xfc, 0x0,
    0x0, 0x0, 0x0, 0x5, 0xff, 0xc0, 0x0, 0x0,
    0x0, 0x0, 0x5f, 0xfc, 0x0, 0x0, 0x0, 0x0,
    0x0,

    /* U+00FF "ÿ" */
    0x0, 0xf, 0xff, 0x3, 0xff, 0xc0, 0x0, 0x0,
    0xf, 0xff, 0x3, 0xff, 0xc0, 0x0, 0x0, 0xb,
    0xba, 0x2, 0xbb, 0x80, 0x0, 0x0, 0x0, 0x0,
    0x0, 0x0, 0x0, 0x0, 0x5f, 0xfd, 0x0, 0x0,
    0x2, 0xff, 0xf0, 0xe, 0xff, 0x30, 0x0, 0x7,
    0xff, 0xa0, 0x9, 0xff, 0x80, 0x0, 0xc, 0xff,
    0x50, 0x4, 0xff, 0xd0, 0x0, 0x1f, 0xff, 0x0,
    0x0, 0xef, 0xf2, 0x0, 0x6f, 0xfa, 0x0, 0x0,
    0x8f, 0xf7, 0x0, 0xbf, 0xf4, 0x0, 0x0, 0x2f,
    0xfd, 0x1, 0xff, 0xe0, 0x0, 0x0, 0xd, 0xff,
    0x25, 0xff, 0x90, 0x0, 0x0, 0x7, 0xff, 0x7a,
    0xff, 0x40, 0x0, 0x0, 0x1, 0xff, 0xdf, 0xfe,
    0x0, 0x0, 0x0, 0x0, 0xbf, 0xff, 0xf9, 0x0,
    0x0, 0x0, 0x0, 0x6f, 0xff, 0xf3, 0x0, 0x0,
    0x0, 0x0, 0xd, 0xff, 0xe0, 0x0, 0x0, 0x0,
    0x0, 0x4, 0xff, 0x80, 0x0, 0x0, 0x0, 0x25,
    0x6d, 0xff, 0x30, 0x0, 0x0, 0x0, 0x6f, 0xff,
    0xfb, 0x0, 0x0, 0x0, 0x0, 0x6f, 0xfe, 0xa1,
    0x0, 0x0, 0x0,

    /* U+0100 "Ā" */
    0x0, 0x0, 0xf, 0xff, 0xff, 0xff, 0x0, 0x0,
    0x0, 0x0, 0x0, 0xff, 0xff, 0xff, 0xf0, 0x0,
    0x0, 0x0, 0x0, 0x4, 0x55, 0x55, 0x54, 0x0,
    0x0, 0x0, 0x0, 0x0, 0x0, 0x0, 0x0, 0x0,
    0x0, 0x0, 0x0, 0x0, 0x0, 0x9f, 0xff, 0x90,
    0x0, 0x0, 0x0, 0x0, 0x0, 0xe, 0xff, 0xfe,
    0x0, 0x0, 0x0, 0x0, 0x0, 0x4, 0xff, 0xff,
    0xf5, 0x0, 0x0, 0x0, 0x0, 0x0, 0xaf, 0xfc,
    0xff, 0xa0, 0x0, 0x0, 0x0, 0x0, 0x1f, 0xff,
    0x2f, 0xff, 0x10, 0x0, 0x0, 0x0, 0x6, 0xff,
    0xb0, 0xbf, 0xf6, 0x0, 0x0, 0x0, 0x0, 0xcf,
    0xf5, 0x5, 0xff, 0xc0, 0x0, 0x0, 0x0, 0x1f,
    0xff, 0x0, 0xf, 0xff, 0x20, 0x0, 0x0, 0x7,
    0xff, 0xa0, 0x0, 0xaf, 0xf7, 0x0, 0x0, 0x0,
    0xdf, 0xf5, 0x0, 0x5, 0xff, 0xd0, 0x0, 0x0,
    0x3f, 0xff, 0xaa, 0xaa, 0xaf, 0xff, 0x30, 0x0,
    0x9, 0xff, 0xff, 0xff, 0xff, 0xff, 0xf9, 0x0,
    0x0, 0xef, 0xff, 0xff, 0xff, 0xff, 0xff, 0xe0,
    0x0, 0x4f, 0xfe, 0x0, 0x0, 0x0, 0xe, 0xff,
    0x40, 0xa, 0xff, 0x90, 0x0, 0x0, 0x0, 0x9f,
    0xfa, 0x0, 0xff, 0xf3, 0x0, 0x0, 0x0, 0x3,
    0xff, 0xf0, 0x5f, 0xfe, 0x0, 0x0, 0x0, 0x0,
    0xe, 0xff, 0x60,

    /* U+0101 "ā" */
    0x0, 0x8, 0xff, 0xff, 0xff, 0x70, 0x0, 0x0,
    0x8, 0xff, 0xff, 0xff, 0x70, 0x0, 0x0, 0x2,
    0x44, 0x44, 0x44, 0x20, 0x0, 0x0, 0x0, 0x0,
    0x0, 0x0, 0x0, 0x0, 0x0, 0x3, 0xad, 0xff,
    0xd8, 0x10, 0x0, 0x0, 0x6f, 0xff, 0xff, 0xff,
    0xe3, 0x0, 0x3, 0xff, 0xfa, 0x67, 0xdf, 0xfd,
    0x0, 0xa, 0xff, 0x90, 0x0, 0x1e, 0xff, 0x30,
    0x2, 0x33, 0x10, 0x0, 0xb, 0xff, 0x60, 0x0,
    0x0, 0x14, 0x7a, 0xdf, 0xff, 0x60, 0x0, 0x4c,
    0xff, 0xff, 0xff, 0xff, 0x70, 0x5, 0xff, 0xfc,
    0x85, 0x2a, 0xff, 0x70, 0xe, 0xff, 0x60, 0x0,
    0xc, 0xff, 0x70, 0xf, 0xff, 0x20, 0x0, 0x3f,
    0xff, 0x70, 0xe, 0xff, 0xb4, 0x47, 0xff, 0xff,
    0xd4, 0x6, 0xff, 0xff, 0xff, 0xf5, 0xff, 0xf9,
    0x0, 0x4b, 0xef, 0xea, 0x20, 0x5d, 0xf7,

    /* U+0102 "Ă" */
    0x0, 0x0, 0x8, 0x60, 0x0, 0x68, 0x0, 0x0,
    0x0, 0x0, 0x0, 0xef, 0x40, 0x4f, 0xe0, 0x0,
    0x0, 0x0, 0x0, 0x6, 0xff, 0xff, 0xf6, 0x0,
    0x0, 0x0, 0x0, 0x0, 0x4, 0xac, 0xa4, 0x0,
    0x0, 0x0, 0x0, 0x0, 0x0, 0x0, 0x0, 0x0,
    0x0, 0x0, 0x0, 0x0, 0x0, 0x9, 0xff, 0xf9,
    0x0, 0x0, 0x0, 0x0, 0x0, 0x0, 0xef, 0xff,
    0xe0, 0x0, 0x0, 0x0, 0x0, 0x0, 0x4f, 0xff,
    0xff, 0x50, 0x0, 0x0, 0x0, 0x0, 0xa, 0xff,
    0xcf, 0xfa, 0x0, 0x0, 0x0, 0x0, 0x1, 0xff,
    0xf2, 0xff, 0xf1, 0x0, 0x0, 0x0, 0x0, 0x6f,
    0xfb, 0xb, 0xff, 0x60, 0x0, 0x0, 0x0, 0xc,
    0xff, 0x50, 0x5f, 0xfc, 0x0, 0x0, 0x0, 0x1,
    0xff, 0xf0, 0x0, 0xff, 0xf2, 0x0, 0x0, 0x0,
    0x7f, 0xfa, 0x0, 0xa, 0xff, 0x70, 0x0, 0x0,
    0xd, 0xff, 0x50, 0x0, 0x5f, 0xfd, 0x0, 0x0,
    0x3, 0xff, 0xfa, 0xaa, 0xaa, 0xff, 0xf3, 0x0,
    0x0, 0x9f, 0xff, 0xff, 0xff, 0xff, 0xff, 0x90,
    0x0, 0xe, 0xff, 0xff, 0xff, 0xff, 0xff, 0xfe,
    0x0, 0x4, 0xff, 0xe0, 0x0, 0x0, 0x0, 0xef,
    0xf4, 0x0, 0xaf, 0xf9, 0x0, 0x0, 0x0, 0x9,
    0xff, 0xa0, 0xf, 0xff, 0x30, 0x0, 0x0, 0x0,
    0x3f, 0xff, 0x5, 0xff, 0xe0, 0x0, 0x0, 0x0,
    0x0, 0xef, 0xf6,

    /* U+0103 "ă" */
    0x0, 0x7, 0xc3, 0x0, 0x4c, 0x60, 0x0, 0x0,
    0x6, 0xfb, 0x11, 0xcf, 0x40, 0x0, 0x0, 0x0,
    0xdf, 0xff, 0xfc, 0x0, 0x0, 0x0, 0x0, 0x8,
    0xbb, 0x70, 0x0, 0x0, 0x0, 0x0, 0x0, 0x0,
    0x0, 0x0, 0x0, 0x0, 0x3, 0xae, 0xff, 0xd8,
    0x10, 0x0, 0x0, 0x7f, 0xff, 0xff, 0xff, 0xe3,
    0x0, 0x4, 0xff, 0xfa, 0x67, 0xdf, 0xfd, 0x0,
    0xb, 0xff, 0x80, 0x0, 0xe, 0xff, 0x30, 0x0,
    0x0, 0x0, 0x0, 0xb, 0xff, 0x60, 0x0, 0x0,
    0x36, 0xad, 0xff, 0xff, 0x60, 0x0, 0x6e, 0xff,
    0xff, 0xff, 0xff, 0x70, 0x7, 0xff, 0xfb, 0x74,
    0xa, 0xff, 0x70, 0xe, 0xff, 0x60, 0x0, 0xc,
    0xff, 0x70, 0xf, 0xff, 0x20, 0x0, 0x3f, 0xff,
    0x70, 0xe, 0xff, 0xc4, 0x48, 0xff, 0xff, 0xd4,
    0x6, 0xff, 0xff, 0xff, 0xf5, 0xff, 0xf9, 0x0,
    0x4b, 0xef, 0xea, 0x20, 0x5d, 0xf7,

    /* U+0104 "Ą" */
    0x0, 0x0, 0x0, 0x9f, 0xff, 0x90, 0x0, 0x0,
    0x0, 0x0, 0x0, 0x0, 0xef, 0xff, 0xe0, 0x0,
    0x0, 0x0, 0x0, 0x0, 0x4, 0xff, 0xff, 0xf5,
    0x0, 0x0, 0x0, 0x0, 0x0, 0xa, 0xff, 0xcf,
    0xfa, 0x0, 0x0, 0x0, 0x0, 0x0, 0x1f, 0xff,
    0x2f, 0xff, 0x10, 0x0, 0x0, 0x0, 0x0, 0x6f,
    0xfb, 0xb, 0xff, 0x60, 0x0, 0x0, 0x0, 0x0,
    0xcf, 0xf5, 0x5, 0xff, 0xc0, 0x0, 0x0, 0x0,
    0x1, 0xff, 0xf0, 0x0, 0xff, 0xf2, 0x0, 0x0,
    0x0, 0x7, 0xff, 0xa0, 0x0, 0xaf, 0xf7, 0x0,
    0x0, 0x0, 0xd, 0xff, 0x50, 0x0, 0x5f, 0xfd,
    0x0, 0x0, 0x0, 0x3f, 0xff, 0xaa, 0xaa, 0xaf,
    0xff, 0x30, 0x0, 0x0, 0x9f, 0xff, 0xff, 0xff,
    0xff, 0xff, 0x90, 0x0, 0x0, 0xef, 0xff, 0xff,
    0xff, 0xff, 0xff, 0xe0, 0x0, 0x4, 0xff, 0xe0,
    0x0, 0x0, 0x0, 0xef, 0xf4, 0x0, 0xa, 0xff,
    0x90, 0x0, 0x0, 0x0, 0x9f, 0xfa, 0x0, 0xf,
    0xff, 0x30, 0x0, 0x0, 0x0, 0x3f, 0xff, 0x0,
    0x5f, 0xfe, 0x0, 0x0, 0x0, 0x0, 0xe, 0xff,
    0x60, 0x0, 0x0, 0x0, 0x0, 0x0, 0x0, 0x4,
    0xff, 0x30, 0x0, 0x0, 0x0, 0x0, 0x0, 0x0,
    0xe, 0xf7, 0x0, 0x0, 0x0, 0x0, 0x0, 0x0,
    0x0, 0x6f, 0xf2, 0x10, 0x0, 0x0, 0x0, 0x0,
    0x0, 0x0, 0x6f, 0xff, 0xf1, 0x0, 0x0, 0x0,
    0x0, 0x0, 0x0, 0xa, 0xff, 0xc2,

    /* U+0105 "ą" */
    0x0, 0x3, 0xad, 0xff, 0xd8, 0x10, 0x0, 0x0,
    0x6, 0xff, 0xff, 0xff, 0xfe, 0x30, 0x0, 0x3,
    0xff, 0xfa, 0x67, 0xdf, 0xfd, 0x0, 0x0, 0xaf,
    0xf9, 0x0, 0x1, 0xef, 0xf3, 0x0, 0x2, 0x33,
    0x10, 0x0, 0xb, 0xff, 0x60, 0x0, 0x0, 0x1,
    0x47, 0xad, 0xff, 0xf6, 0x0, 0x0, 0x4c, 0xff,
    0xff, 0xff, 0xff, 0x70, 0x0, 0x5f, 0xff, 0xc8,
    0x52, 0xaf, 0xf7, 0x0, 0xe, 0xff, 0x60, 0x0,
    0xc, 0xff, 0x70, 0x0, 0xff, 0xf2, 0x0, 0x3,
    0xff, 0xf7, 0x0, 0xe, 0xff, 0xb4, 0x47, 0xff,
    0xff, 0xd4, 0x0, 0x6f, 0xff, 0xff, 0xff, 0x5f,
    0xff, 0x90, 0x0, 0x4b, 0xef, 0xea, 0x20, 0x5f,
    0xfa, 0x0, 0x0, 0x0, 0x0, 0x0, 0x7, 0xfe,
    0x10, 0x0, 0x0, 0x0, 0x0, 0x1, 0xff, 0x50,
    0x0, 0x0, 0x0, 0x0, 0x0, 0x6f, 0xf2, 0x20,
    0x0, 0x0, 0x0, 0x0, 0x6, 0xff, 0xff, 0x10,
    0x0, 0x0, 0x0, 0x0, 0x9, 0xee, 0xb2,

    /* U+0106 "Ć" */
    0x0, 0x0, 0x0, 0x3, 0xff, 0xc0, 0x0, 0x0,
    0x0, 0x0, 0x0, 0xa, 0xff, 0x20, 0x0, 0x0,
    0x0, 0x0, 0x0, 0x1f, 0xf7, 0x0, 0x0, 0x0,
    0x0, 0x0, 0x0, 0x25, 0x50, 0x0, 0x0, 0x0,
    0x0, 0x0, 0x0, 0x0, 0x0, 0x0, 0x0, 0x0,
    0x0, 0x0, 0x4a, 0xef, 0xfe, 0xa5, 0x0, 0x0,
    0x0, 0x1b, 0xff, 0xff, 0xff, 0xff, 0xc1, 0x0,
    0x0, 0xdf, 0xff, 0xec, 0xce, 0xff, 0xfc, 0x0,
    0xa, 0xff, 0xf7, 0x0, 0x0, 0x7f, 0xff, 0x70,
    0x2f, 0xff, 0x60, 0x0, 0x0, 0x8, 0xff, 0xe0,
    0x8f, 0xfd, 0x0, 0x0, 0x0, 0x1, 0xff, 0xf3,
    0xcf, 0xf8, 0x0, 0x0, 0x0, 0x0, 0x0, 0x0,
    0xdf, 0xf5, 0x0, 0x0, 0x0, 0x0, 0x0, 0x0,
    0xff, 0xf4, 0x0, 0x0, 0x0, 0x0, 0x0, 0x0,
    0xdf, 0xf5, 0x0, 0x0, 0x0, 0x0, 0x0, 0x0,
    0xcf, 0xf7, 0x0, 0x0, 0x0, 0x0, 0x34, 0x41,
    0x8f, 0xfc, 0x0, 0x0, 0x0, 0x1, 0xff, 0xf4,
    0x2f, 0xff, 0x60, 0x0, 0x0, 0x8, 0xff, 0xe0,
    0xa, 0xff, 0xf6, 0x0, 0x0, 0x7f, 0xff, 0x70,
    0x1, 0xdf, 0xff, 0xeb, 0xce, 0xff, 0xfc, 0x0,
    0x0, 0x1b, 0xff, 0xff, 0xff, 0xff, 0xa0, 0x0,
    0x0, 0x0, 0x4a, 0xef, 0xfd, 0x94, 0x0, 0x0,

    /* U+0107 "ć" */
    0x0, 0x0, 0x0, 0xe, 0xff, 0x20, 0x0, 0x0,
    0x0, 0x0, 0x5f, 0xf7, 0x0, 0x0, 0x0, 0x0,
    0x0, 0xcf, 0xc0, 0x0, 0x0, 0x0, 0x0, 0x0,
    0x55, 0x10, 0x0, 0x0, 0x0, 0x0, 0x0, 0x0,
    0x0, 0x0, 0x0, 0x0, 0x0, 0x6c, 0xef, 0xea,
    0x30, 0x0, 0x0, 0x2d, 0xff, 0xff, 0xff, 0xf8,
    0x0, 0x0, 0xdf, 0xfe, 0x98, 0xcf, 0xff, 0x50,
    0x6, 0xff, 0xe1, 0x0, 0x8, 0xff, 0xd0, 0xc,
    0xff, 0x70, 0x0, 0x1, 0xcd, 0xd1, 0xf, 0xff,
    0x30, 0x0, 0x0, 0x0, 0x0, 0xf, 0xff, 0x20,
    0x0, 0x0, 0x0, 0x0, 0xf, 0xff, 0x30, 0x0,
    0x0, 0x0, 0x0, 0xc, 0xff, 0x70, 0x0, 0x1,
    0xff, 0xf1, 0x6, 0xff, 0xe1, 0x0, 0x8, 0xff,
    0xd0, 0x0, 0xdf, 0xfe, 0x98, 0xbf, 0xff, 0x50,
    0x0, 0x2d, 0xff, 0xff, 0xff, 0xf7, 0x0, 0x0,
    0x0, 0x6c, 0xef, 0xea, 0x30, 0x0,

    /* U+0108 "Ĉ" */
    0x0, 0x0, 0x0, 0xef, 0xfc, 0x0, 0x0, 0x0,
    0x0, 0x0, 0x9, 0xfe, 0xef, 0x60, 0x0, 0x0,
    0x0, 0x0, 0x3f, 0xf2, 0x4f, 0xf1, 0x0, 0x0,
    0x0, 0x0, 0x58, 0x40, 0x5, 0x84, 0x0, 0x0,
    0x0, 0x0, 0x0, 0x0, 0x0, 0x0, 0x0, 0x0,
    0x0, 0x0, 0x4a, 0xef, 0xfe, 0xa5, 0x0, 0x0,
    0x0, 0x1b, 0xff, 0xff, 0xff, 0xff, 0xc1, 0x0,
    0x0, 0xdf, 0xff, 0xec, 0xce, 0xff, 0xfc, 0x0,
    0xa, 0xff, 0xf7, 0x0, 0x0, 0x7f, 0xff, 0x70,
    0x2f, 0xff, 0x60, 0x0, 0x0, 0x8, 0xff, 0xe0,
    0x8f, 0xfd, 0x0, 0x0, 0x0, 0x1, 0xff, 0xf3,
    0xcf, 0xf8, 0x0, 0x0, 0x0, 0x0, 0x0, 0x0,
    0xdf, 0xf5, 0x0, 0x0, 0x0, 0x0, 0x0, 0x0,
    0xff, 0xf4, 0x0, 0x0, 0x0, 0x0, 0x0, 0x0,
    0xdf, 0xf5, 0x0, 0x0, 0x0, 0x0, 0x0, 0x0,
    0xcf, 0xf7, 0x0, 0x0, 0x0, 0x0, 0x34, 0x41,
    0x8f, 0xfc, 0x0, 0x0, 0x0, 0x1, 0xff, 0xf4,
    0x2f, 0xff, 0x60, 0x0, 0x0, 0x8, 0xff, 0xe0,
    0xa, 0xff, 0xf6, 0x0, 0x0, 0x7f, 0xff, 0x70,
    0x1, 0xdf, 0xff, 0xeb, 0xce, 0xff, 0xfc, 0x0,
    0x0, 0x1b, 0xff, 0xff, 0xff, 0xff, 0xa0, 0x0,
    0x0, 0x0, 0x4a, 0xef, 0xfd, 0x94, 0x0, 0x0,

    /* U+0109 "ĉ" */
    0x0, 0x0, 0x9, 0xff, 0xf1, 0x0, 0x0, 0x0,
    0x0, 0x3f, 0xfe, 0xfa, 0x0, 0x0, 0x0, 0x0,
    0xcf, 0x81, 0xef, 0x40, 0x0, 0x0, 0x3, 0xca,
    0x0, 0x5c, 0x90, 0x0, 0x0, 0x0, 0x0, 0x0,
    0x0, 0x0, 0x0, 0x0, 0x0, 0x6c, 0xef, 0xea,
    0x30, 0x0, 0x0, 0x2d, 0xff, 0xff, 0xff, 0xf8,
    0x0, 0x0, 0xdf, 0xfe, 0x98, 0xcf, 0xff, 0x50,
    0x6, 0xff, 0xe1, 0x0, 0x8, 0xff, 0xd0, 0xc,
    0xff, 0x70, 0x0, 0x1, 0xcd, 0xd1, 0xf, 0xff,
    0x30, 0x0, 0x0, 0x0, 0x0, 0xf, 0xff, 0x20,
    0x0, 0x0, 0x0, 0x0, 0xf, 0xff, 0x30, 0x0,
    0x0, 0x0, 0x0, 0xc, 0xff, 0x70, 0x0, 0x1,
    0xff, 0xf1, 0x6, 0xff, 0xe1, 0x0, 0x8, 0xff,
    0xd0, 0x0, 0xdf, 0xfe, 0x98, 0xbf, 0xff, 0x50,
    0x0, 0x2d, 0xff, 0xff, 0xff, 0xf7, 0x0, 0x0,
    0x0, 0x6c, 0xef, 0xea, 0x30, 0x0,

    /* U+010A "Ċ" */
    0x0, 0x0, 0x0, 0x7b, 0xb5, 0x0, 0x0, 0x0,
    0x0, 0x0, 0x0, 0xbf, 0xf8, 0x0, 0x0, 0x0,
    0x0, 0x0, 0x0, 0xbf, 0xf8, 0x0, 0x0, 0x0,
    0x0, 0x0, 0x0, 0x0, 0x0, 0x0, 0x0, 0x0,
    0x0, 0x0, 0x0, 0x0, 0x0, 0x0, 0x0, 0x0,
    0x0, 0x0, 0x4a, 0xef, 0xfe, 0xa5, 0x0, 0x0,
    0x0, 0x1b, 0xff, 0xff, 0xff, 0xff, 0xc1, 0x0,
    0x0, 0xdf, 0xff, 0xec, 0xce, 0xff, 0xfc, 0x0,
    0xa, 0xff, 0xf7, 0x0, 0x0, 0x7f, 0xff, 0x70,
    0x2f, 0xff, 0x60, 0x0, 0x0, 0x8, 0xff, 0xe0,
    0x8f, 0xfd, 0x0, 0x0, 0x0, 0x1, 0xff, 0xf3,
    0xcf, 0xf8, 0x0, 0x0, 0x0, 0x0, 0x0, 0x0,
    0xdf, 0xf5, 0x0, 0x0, 0x0, 0x0, 0x0, 0x0,
    0xff, 0xf4, 0x0, 0x0, 0x0, 0x0, 0x0, 0x0,
    0xdf, 0xf5, 0x0, 0x0, 0x0, 0x0, 0x0, 0x0,
    0xcf, 0xf7, 0x0, 0x0, 0x0, 0x0, 0x34, 0x41,
    0x8f, 0xfc, 0x0, 0x0, 0x0, 0x1, 0xff, 0xf4,
    0x2f, 0xff, 0x60, 0x0, 0x0, 0x8, 0xff, 0xe0,
    0xa, 0xff, 0xf6, 0x0, 0x0, 0x7f, 0xff, 0x70,
    0x1, 0xdf, 0xff, 0xeb, 0xce, 0xff, 0xfc, 0x0,
    0x0, 0x1b, 0xff, 0xff, 0xff, 0xff, 0xa0, 0x0,
    0x0, 0x0, 0x4a, 0xef, 0xfd, 0x94, 0x0, 0x0,

    /* U+010B "ċ" */
    0x0, 0x0, 0x5, 0xff, 0xd0, 0x0, 0x0, 0x0,
    0x0, 0x5, 0xff, 0xd0, 0x0, 0x0, 0x0, 0x0,
    0x4, 0xbb, 0x90, 0x0, 0x0, 0x0, 0x0, 0x0,
    0x0, 0x0, 0x0, 0x0, 0x0, 0x0, 0x6c, 0xef,
    0xea, 0x30, 0x0, 0x0, 0x2d, 0xff, 0xff, 0xff,
    0xf8, 0x0, 0x0, 0xdf, 0xfe, 0x98, 0xcf, 0xff,
    0x50, 0x6, 0xff, 0xe1, 0x0, 0x8, 0xff, 0xd0,
    0xc, 0xff, 0x70, 0x0, 0x1, 0xcd, 0xd1, 0xf,
    0xff, 0x30, 0x0, 0x0, 0x0, 0x0, 0xf, 0xff,
    0x20, 0x0, 0x0, 0x0, 0x0, 0xf, 0xff, 0x30,
    0x0, 0x0, 0x0, 0x0, 0xc, 0xff, 0x70, 0x0,
    0x1, 0xff, 0xf1, 0x6, 0xff, 0xe1, 0x0, 0x8,
    0xff, 0xd0, 0x0, 0xdf, 0xfe, 0x98, 0xbf, 0xff,
    0x50, 0x0, 0x2d, 0xff, 0xff, 0xff, 0xf7, 0x0,
    0x0, 0x0, 0x6c, 0xef, 0xea, 0x30, 0x0,

    /* U+010C "Č" */
    0x0, 0x0, 0x8f, 0xb0, 0xd, 0xf6, 0x0, 0x0,
    0x0, 0x0, 0xd, 0xf7, 0x9f, 0xb0, 0x0, 0x0,
    0x0, 0x0, 0x4, 0xff, 0xff, 0x20, 0x0, 0x0,
    0x0, 0x0, 0x0, 0x68, 0x85, 0x0, 0x0, 0x0,
    0x0, 0x0, 0x0, 0x0, 0x0, 0x0, 0x0, 0x0,
    0x0, 0x0, 0x4a, 0xef, 0xfe, 0xa5, 0x0, 0x0,
    0x0, 0x1b, 0xff, 0xff, 0xff, 0xff, 0xc1, 0x0,
    0x0, 0xdf, 0xff, 0xec, 0xce, 0xff, 0xfc, 0x0,
    0xa, 0xff, 0xf7, 0x0, 0x0, 0x7f, 0xff, 0x70,
    0x2f, 0xff, 0x60, 0x0, 0x0, 0x8, 0xff, 0xe0,
    0x8f, 0xfd, 0x0, 0x0, 0x0, 0x1, 0xff, 0xf3,
    0xcf, 0xf8, 0x0, 0x0, 0x0, 0x0, 0x0, 0x0,
    0xdf, 0xf5, 0x0, 0x0, 0x0, 0x0, 0x0, 0x0,
    0xff, 0xf4, 0x0, 0x0, 0x0, 0x0, 0x0, 0x0,
    0xdf, 0xf5, 0x0, 0x0, 0x0, 0x0, 0x0, 0x0,
    0xcf, 0xf7, 0x0, 0x0, 0x0, 0x0, 0x34, 0x41,
    0x8f, 0xfc, 0x0, 0x0, 0x0, 0x1, 0xff, 0xf4,
    0x2f, 0xff, 0x60, 0x0, 0x0, 0x8, 0xff, 0xe0,
    0xa, 0xff, 0xf6, 0x0, 0x0, 0x7f, 0xff, 0x70,
    0x1, 0xdf, 0xff, 0xeb, 0xce, 0xff, 0xfc, 0x0,
    0x0, 0x1b, 0xff, 0xff, 0xff, 0xff, 0xa0, 0x0,
    0x0, 0x0, 0x4a, 0xef, 0xfd, 0x94, 0x0, 0x0,

    /* U+010D "č" */
    0x0, 0x4, 0xfe, 0x10, 0x8f, 0xb0, 0x0, 0x0,
    0x0, 0xaf, 0xa3, 0xff, 0x20, 0x0, 0x0, 0x0,
    0x1f, 0xff, 0xf8, 0x0, 0x0, 0x0, 0x0, 0x6,
    0xcc, 0xb0, 0x0, 0x0, 0x0, 0x0, 0x0, 0x0,
    0x0, 0x0, 0x0, 0x0, 0x0, 0x6c, 0xef, 0xea,
    0x40, 0x0, 0x0, 0x2d, 0xff, 0xff, 0xff, 0xf9,
    0x0, 0x0, 0xdf, 0xfe, 0x98, 0xbf, 0xff, 0x70,
    0x6, 0xff, 0xe1, 0x0, 0x7, 0xff, 0xf0, 0xc,
    0xff, 0x70, 0x0, 0x0, 0x78, 0x81, 0xf, 0xff,
    0x30, 0x0, 0x0, 0x0, 0x0, 0xf, 0xff, 0x20,
    0x0, 0x0, 0x0, 0x0, 0xf, 0xff, 0x30, 0x0,
    0x0, 0x11, 0x10, 0xc, 0xff, 0x70, 0x0, 0x1,
    0xff, 0xf1, 0x6, 0xff, 0xe1, 0x0, 0x9, 0xff,
    0xc0, 0x0, 0xdf, 0xfe, 0x98, 0xcf, 0xff, 0x40,
    0x0, 0x2d, 0xff, 0xff, 0xff, 0xf6, 0x0, 0x0,
    0x0, 0x6c, 0xef, 0xd9, 0x30, 0x0,

    /* U+010E "Ď" */
    0x0, 0xa, 0xf9, 0x1, 0xef, 0x40, 0x0, 0x0,
    0x0, 0x1, 0xef, 0x5b, 0xfa, 0x0, 0x0, 0x0,
    0x0, 0x0, 0x6f, 0xff, 0xe1, 0x0, 0x0, 0x0,
    0x0, 0x0, 0x7, 0x88, 0x40, 0x0, 0x0, 0x0,
    0x0, 0x0, 0x0, 0x0, 0x0, 0x0, 0x0, 0x0,
    0x1f, 0xff, 0xff, 0xfe, 0xd9, 0x40, 0x0, 0x0,
    0x1f, 0xff, 0xff, 0xff, 0xff, 0xfc, 0x20, 0x0,
    0x1f, 0xff, 0xbb, 0xbc, 0xef, 0xff, 0xe2, 0x0,
    0x1f, 0xff, 0x0, 0x0, 0x5, 0xef, 0xfc, 0x0,
    0x1f, 0xff, 0x0, 0x0, 0x0, 0x3f, 0xff, 0x50,
    0x1f, 0xff, 0x0, 0x0, 0x0, 0xa, 0xff, 0xa0,
    0x1f, 0xff, 0x0, 0x0, 0x0, 0x5, 0xff, 0xe0,
    0x1f, 0xff, 0x0, 0x0, 0x0, 0x3, 0xff, 0xf0,
    0x1f, 0xff, 0x0, 0x0, 0x0, 0x2, 0xff, 0xf0,
    0x1f, 0xff, 0x0, 0x0, 0x0, 0x3, 0xff, 0xf0,
    0x1f, 0xff, 0x0, 0x0, 0x0, 0x5, 0xff, 0xe0,
    0x1f, 0xff, 0x0, 0x0, 0x0, 0xa, 0xff, 0xa0,
    0x1f, 0xff, 0x0, 0x0, 0x0, 0x3f, 0xff, 0x50,
    0x1f, 0xff, 0x0, 0x0, 0x5, 0xef, 0xfd, 0x0,
    0x1f, 0xff, 0xbb, 0xbc, 0xef, 0xff, 0xf2, 0x0,
    0x1f, 0xff, 0xff, 0xff, 0xff, 0xfd, 0x20, 0x0,
    0x1f, 0xff, 0xff, 0xff, 0xda, 0x50, 0x0, 0x0,

    /* U+010F "ď" */
    0x0, 0x0, 0x0, 0x0, 0x0, 0xdf, 0xf3, 0xf,
    0xfb, 0x0, 0x0, 0x0, 0x0, 0x0, 0xdf, 0xf3,
    0x1f, 0xf8, 0x0, 0x0, 0x0, 0x0, 0x0, 0xdf,
    0xf3, 0x3f, 0xf5, 0x0, 0x0, 0x0, 0x0, 0x0,
    0xdf, 0xf3, 0x4f, 0xf1, 0x0, 0x3, 0xae, 0xfd,
    0x70, 0xdf, 0xf3, 0x6f, 0xe0, 0x0, 0x5f, 0xff,
    0xff, 0xfb, 0xdf, 0xf3, 0x8f, 0xb0, 0x1, 0xff,
    0xfd, 0x76, 0xbf, 0xff, 0xf3, 0x36, 0x30, 0x8,
    0xff, 0xe1, 0x0, 0xa, 0xff, 0xf3, 0x0, 0x0,
    0xd, 0xff, 0x70, 0x0, 0x2, 0xff, 0xf3, 0x0,
    0x0, 0xf, 0xff, 0x30, 0x0, 0x0, 0xef, 0xf3,
    0x0, 0x0, 0xf, 0xff, 0x20, 0x0, 0x0, 0xdf,
    0xf3, 0x0, 0x0, 0xf, 0xff, 0x40, 0x0, 0x0,
    0xef, 0xf3, 0x0, 0x0, 0xd, 0xff, 0x80, 0x0,
    0x2, 0xff, 0xf3, 0x0, 0x0, 0x8, 0xff, 0xe2,
    0x0, 0xa, 0xff, 0xf3, 0x0, 0x0, 0x2, 0xff,
    0xfe, 0x98, 0xcf, 0xff, 0xf3, 0x0, 0x0, 0x0,
    0x5f, 0xff, 0xff, 0xfb, 0xcf, 0xf3, 0x0, 0x0,
    0x0, 0x3, 0xbe, 0xfd, 0x70, 0xbf, 0xf3, 0x0,
    0x0,

    /* U+0110 "Đ" */
    0x1, 0xff, 0xff, 0xff, 0xed, 0x94, 0x0, 0x0,
    0x0, 0x1f, 0xff, 0xff, 0xff, 0xff, 0xfc, 0x20,
    0x0, 0x1, 0xff, 0xfb, 0xbb, 0xce, 0xff, 0xfe,
    0x20, 0x0, 0x1f, 0xff, 0x0, 0x0, 0x5, 0xef,
    0xfc, 0x0, 0x1, 0xff, 0xf0, 0x0, 0x0, 0x3,
    0xff, 0xf5, 0x0, 0x1f, 0xff, 0x0, 0x0, 0x0,
    0xa, 0xff, 0xa0, 0x1, 0xff, 0xf0, 0x0, 0x0,
    0x0, 0x5f, 0xfe, 0x5, 0x8f, 0xff, 0x77, 0x77,
    0x40, 0x3, 0xff, 0xf0, 0xbf, 0xff, 0xff, 0xff,
    0xf9, 0x0, 0x2f, 0xff, 0xb, 0xff, 0xff, 0xff,
    0xff, 0x90, 0x3, 0xff, 0xf0, 0x1, 0xff, 0xf0,
    0x0, 0x0, 0x0, 0x5f, 0xfe, 0x0, 0x1f, 0xff,
    0x0, 0x0, 0x0, 0xa, 0xff, 0xa0, 0x1, 0xff,
    0xf0, 0x0, 0x0, 0x3, 0xff, 0xf5, 0x0, 0x1f,
    0xff, 0x0, 0x0, 0x5, 0xef, 0xfd, 0x0, 0x1,
    0xff, 0xfb, 0xbb, 0xce, 0xff, 0xff, 0x20, 0x0,
    0x1f, 0xff, 0xff, 0xff, 0xff, 0xfd, 0x20, 0x0,
    0x1, 0xff, 0xff, 0xff, 0xfd, 0xa5, 0x0, 0x0,
    0x0,

    /* U+0111 "đ" */
    0x0, 0x0, 0x0, 0x0, 0x0, 0xdf, 0xf3, 0x0,
    0x0, 0x0, 0x2, 0xff, 0xff, 0xff, 0xfd, 0x0,
    0x0, 0x0, 0x2f, 0xff, 0xff, 0xff, 0xc0, 0x0,
    0x0, 0x0, 0x0, 0xd, 0xff, 0x30, 0x0, 0x3,
    0xae, 0xfd, 0x70, 0xdf, 0xf3, 0x0, 0x5, 0xff,
    0xff, 0xff, 0xad, 0xff, 0x30, 0x1, 0xff, 0xfe,
    0x98, 0xcf, 0xff, 0xf3, 0x0, 0x8f, 0xfe, 0x10,
    0x0, 0xbf, 0xff, 0x30, 0xd, 0xff, 0x70, 0x0,
    0x2, 0xff, 0xf3, 0x0, 0xff, 0xf3, 0x0, 0x0,
    0xe, 0xff, 0x30, 0xf, 0xff, 0x20, 0x0, 0x0,
    0xdf, 0xf3, 0x0, 0xff, 0xf3, 0x0, 0x0, 0xe,
    0xff, 0x30, 0xd, 0xff, 0x80, 0x0, 0x2, 0xff,
    0xf3, 0x0, 0x8f, 0xfe, 0x10, 0x0, 0xaf, 0xff,
    0x30, 0x2, 0xff, 0xfe, 0x98, 0xcf, 0xff, 0xf3,
    0x0, 0x5, 0xff, 0xff, 0xff, 0xbc, 0xff, 0x30,
    0x0, 0x3, 0xbe, 0xfd, 0x70, 0xbf, 0xf3, 0x0,

    /* U+0112 "Ē" */
    0x0, 0xc, 0xff, 0xff, 0xff, 0x20, 0x0, 0x0,
    0xcf, 0xff, 0xff, 0xf2, 0x0, 0x0, 0x3, 0x55,
    0x55, 0x55, 0x0, 0x0, 0x0, 0x0, 0x0, 0x0,
    0x0, 0x0, 0x1f, 0xff, 0xff, 0xff, 0xff, 0xff,
    0x61, 0xff, 0xff, 0xff, 0xff, 0xff, 0xf6, 0x1f,
    0xff, 0xbb, 0xbb, 0xbb, 0xbb, 0x41, 0xff, 0xf0,
    0x0, 0x0, 0x0, 0x0, 0x1f, 0xff, 0x0, 0x0,
    0x0, 0x0, 0x1, 0xff, 0xf0, 0x0, 0x0, 0x0,
    0x0, 0x1f, 0xff, 0x0, 0x0, 0x0, 0x0, 0x1,
    0xff, 0xfa, 0xaa, 0xaa, 0xaa, 0xa1, 0x1f, 0xff,
    0xff, 0xff, 0xff, 0xff, 0x11, 0xff, 0xff, 0xff,
    0xff, 0xff, 0xf1, 0x1f, 0xff, 0x0, 0x0, 0x0,
    0x0, 0x1, 0xff, 0xf0, 0x0, 0x0, 0x0, 0x0,
    0x1f, 0xff, 0x0, 0x0, 0x0, 0x0, 0x1, 0xff,
    0xf0, 0x0, 0x0, 0x0, 0x0, 0x1f, 0xff, 0xbb,
    0xbb, 0xbb, 0xbb, 0x61, 0xff, 0xff, 0xff, 0xff,
    0xff, 0xf9, 0x1f, 0xff, 0xff, 0xff, 0xff, 0xff,
    0x90,

    /* U+0113 "ē" */
    0x0, 0x3, 0xff, 0xff, 0xff, 0xb0, 0x0, 0x0,
    0x3, 0xff, 0xff, 0xff, 0xb0, 0x0, 0x0, 0x1,
    0x44, 0x44, 0x44, 0x30, 0x0, 0x0, 0x0, 0x0,
    0x0, 0x0, 0x0, 0x0, 0x0, 0x0, 0x6c, 0xef,
    0xd8, 0x20, 0x0, 0x0, 0x2d, 0xff, 0xff, 0xff,
    0xf5, 0x0, 0x0, 0xdf, 0xfd, 0x87, 0xbf, 0xff,
    0x20, 0x7, 0xff, 0xc0, 0x0, 0x8, 0xff, 0xa0,
    0xc, 0xff, 0x40, 0x0, 0x1, 0xff, 0xf0, 0xf,
    0xff, 0xff, 0xff, 0xff, 0xff, 0xf2, 0xf, 0xff,
    0xff, 0xff, 0xff, 0xff, 0xf3, 0xf, 0xff, 0x30,
    0x0, 0x0, 0x0, 0x0, 0xc, 0xff, 0x60, 0x0,
    0x0, 0x22, 0x20, 0x7, 0xff, 0xe1, 0x0, 0x7,
    0xff, 0xd0, 0x0, 0xdf, 0xfe, 0x87, 0xaf, 0xff,
    0x40, 0x0, 0x2d, 0xff, 0xff, 0xff, 0xf6, 0x0,
    0x0, 0x0, 0x7c, 0xef, 0xea, 0x30, 0x0,

    /* U+0114 "Ĕ" */
    0x0, 0x2, 0xf5, 0x0, 0xe, 0x90, 0x0, 0x0,
    0x0, 0xdd, 0x43, 0x9f, 0x40, 0x0, 0x0, 0x0,
    0x2d, 0xff, 0xf7, 0x0, 0x0, 0x0, 0x0, 0x0,
    0x34, 0x10, 0x0, 0x0, 0x1f, 0xff, 0xff, 0xff,
    0xff, 0xff, 0xf5, 0x1f, 0xff, 0xff, 0xff, 0xff,
    0xff, 0xf5, 0x1f, 0xf3, 0x11, 0x11, 0x11, 0x11,
    0x10, 0x1f, 0xf2, 0x0, 0x0, 0x0, 0x0, 0x0,
    0x1f, 0xf2, 0x0, 0x0, 0x0, 0x0, 0x0, 0x1f,
    0xf2, 0x0, 0x0, 0x0, 0x0, 0x0, 0x1f, 0xf2,
    0x0, 0x0, 0x0, 0x0, 0x0, 0x1f, 0xf3, 0x11,
    0x11, 0x11, 0x11, 0x0, 0x1f, 0xff, 0xff, 0xff,
    0xff, 0xff, 0xa0, 0x1f, 0xff, 0xff, 0xff, 0xff,
    0xff, 0xa0, 0x1f, 0xf2, 0x0, 0x0, 0x0, 0x0,
    0x0, 0x1f, 0xf2, 0x0, 0x0, 0x0, 0x0, 0x0,
    0x1f, 0xf2, 0x0, 0x0, 0x0, 0x0, 0x0, 0x1f,
    0xf2, 0x0, 0x0, 0x0, 0x0, 0x0, 0x1f, 0xf2,
    0x0, 0x0, 0x0, 0x0, 0x0, 0x1f, 0xf3, 0x11,
    0x11, 0x11, 0x11, 0x10, 0x1f, 0xff, 0xff, 0xff,
    0xff, 0xff, 0xfb, 0x1f, 0xff, 0xff, 0xff, 0xff,
    0xff, 0xfb,

    /* U+0115 "ĕ" */
    0x0, 0x7, 0xf1, 0x0, 0x5f, 0x30, 0x0, 0x0,
    0x2f, 0xd8, 0x9f, 0xc0, 0x0, 0x0, 0x0, 0x3b,
    0xfe, 0x91, 0x0, 0x0, 0x0, 0x0, 0x0, 0x0,
    0x0, 0x0, 0x0, 0x0, 0x0, 0x0, 0x0, 0x0,
    0x0, 0x0, 0x19, 0xdf, 0xeb, 0x40, 0x0, 0x0,
    0x3f, 0xff, 0xde, 0xff, 0x90, 0x0, 0x1e, 0xfa,
    0x0, 0x4, 0xef, 0x60, 0x7, 0xfc, 0x0, 0x0,
    0x3, 0xfe, 0x0, 0xcf, 0x60, 0x0, 0x0, 0xd,
    0xf2, 0xf, 0xfd, 0xcc, 0xcc, 0xcc, 0xff, 0x50,
    0xff, 0xff, 0xff, 0xff, 0xff, 0xf6, 0xf, 0xf3,
    0x0, 0x0, 0x0, 0x0, 0x0, 0xdf, 0x60, 0x0,
    0x0, 0x4, 0x20, 0x8, 0xfd, 0x0, 0x0, 0x3,
    0xff, 0x10, 0x1f, 0xfa, 0x10, 0x3, 0xef, 0xa0,
    0x0, 0x4f, 0xff, 0xcd, 0xff, 0xc0, 0x0, 0x0,
    0x29, 0xdf, 0xfc, 0x70, 0x0,

    /* U+0116 "Ė" */
    0x0, 0x0, 0xe, 0xff, 0x40, 0x0, 0x0, 0x0,
    0x0, 0xef, 0xf4, 0x0, 0x0, 0x0, 0x0, 0xa,
    0xbb, 0x30, 0x0, 0x0, 0x0, 0x0, 0x0, 0x0,
    0x0, 0x0, 0x1f, 0xff, 0xff, 0xff, 0xff, 0xff,
    0x61, 0xff, 0xff, 0xff, 0xff, 0xff, 0xf6, 0x1f,
    0xff, 0xbb, 0xbb, 0xbb, 0xbb, 0x41, 0xff, 0xf0,
    0x0, 0x0, 0x0, 0x0, 0x1f, 0xff, 0x0, 0x0,
    0x0, 0x0, 0x1, 0xff, 0xf0, 0x0, 0x0, 0x0,
    0x0, 0x1f, 0xff, 0x0, 0x0, 0x0, 0x0, 0x1,
    0xff, 0xfa, 0xaa, 0xaa, 0xaa, 0xa1, 0x1f, 0xff,
    0xff, 0xff, 0xff, 0xff, 0x11, 0xff, 0xff, 0xff,
    0xff, 0xff, 0xf1, 0x1f, 0xff, 0x0, 0x0, 0x0,
    0x0, 0x1, 0xff, 0xf0, 0x0, 0x0, 0x0, 0x0,
    0x1f, 0xff, 0x0, 0x0, 0x0, 0x0, 0x1, 0xff,
    0xf0, 0x0, 0x0, 0x0, 0x0, 0x1f, 0xff, 0xbb,
    0xbb, 0xbb, 0xbb, 0x61, 0xff, 0xff, 0xff, 0xff,
    0xff, 0xf9, 0x1f, 0xff, 0xff, 0xff, 0xff, 0xff,
    0x90,

    /* U+0117 "ė" */
    0x0, 0x0, 0x5, 0xff, 0xd0, 0x0, 0x0, 0x0,
    0x0, 0x5, 0xff, 0xd0, 0x0, 0x0, 0x0, 0x0,
    0x4, 0xbb, 0x90, 0x0, 0x0, 0x0, 0x0, 0x0,
    0x0, 0x0, 0x0, 0x0, 0x0, 0x0, 0x6c, 0xef,
    0xd8, 0x20, 0x0, 0x0, 0x2d, 0xff, 0xff, 0xff,
    0xf5, 0x0, 0x0, 0xdf, 0xfd, 0x87, 0xbf, 0xff,
    0x20, 0x7, 0xff, 0xc0, 0x0, 0x8, 0xff, 0xa0,
    0xc, 0xff, 0x40, 0x0, 0x1, 0xff, 0xf0, 0xf,
    0xff, 0xff, 0xff, 0xff, 0xff, 0xf2, 0xf, 0xff,
    0xff, 0xff, 0xff, 0xff, 0xf3, 0xf, 0xff, 0x30,
    0x0, 0x0, 0x0, 0x0, 0xc, 0xff, 0x60, 0x0,
    0x0, 0x22, 0x20, 0x7, 0xff, 0xe1, 0x0, 0x7,
    0xff, 0xd0, 0x0, 0xdf, 0xfe, 0x87, 0xaf, 0xff,
    0x40, 0x0, 0x2d, 0xff, 0xff, 0xff, 0xf6, 0x0,
    0x0, 0x0, 0x7c, 0xef, 0xea, 0x30, 0x0,

    /* U+0118 "Ę" */
    0x1f, 0xff, 0xff, 0xff, 0xff, 0xff, 0x60, 0x1f,
    0xff, 0xff, 0xff, 0xff, 0xff, 0x60, 0x1f, 0xff,
    0xbb, 0xbb, 0xbb, 0xbb, 0x40, 0x1f, 0xff, 0x0,
    0x0, 0x0, 0x0, 0x0, 0x1f, 0xff, 0x0, 0x0,
    0x0, 0x0, 0x0, 0x1f, 0xff, 0x0, 0x0, 0x0,
    0x0, 0x0, 0x1f, 0xff, 0x0, 0x0, 0x0, 0x0,
    0x0, 0x1f, 0xff, 0xaa, 0xaa, 0xaa, 0xaa, 0x10,
    0x1f, 0xff, 0xff, 0xff, 0xff, 0xff, 0x10, 0x1f,
    0xff, 0xff, 0xff, 0xff, 0xff, 0x10, 0x1f, 0xff,
    0x0, 0x0, 0x0, 0x0, 0x0, 0x1f, 0xff, 0x0,
    0x0, 0x0, 0x0, 0x0, 0x1f, 0xff, 0x0, 0x0,
    0x0, 0x0, 0x0, 0x1f, 0xff, 0x0, 0x0, 0x0,
    0x0, 0x0, 0x1f, 0xff, 0xbb, 0xbb, 0xbb, 0xbb,
    0x60, 0x1f, 0xff, 0xff, 0xff, 0xff, 0xff, 0x90,
    0x1f, 0xff, 0xff, 0xff, 0xff, 0xff, 0x90, 0x0,
    0x0, 0x0, 0x0, 0x4, 0xff, 0x30, 0x0, 0x0,
    0x0, 0x0, 0xe, 0xf7, 0x0, 0x0, 0x0, 0x0,
    0x0, 0x6f, 0xf2, 0x10, 0x0, 0x0, 0x0, 0x0,
    0x6f, 0xff, 0xf1, 0x0, 0x0, 0x0, 0x0, 0xa,
    0xef, 0xc3,

    /* U+0119 "ę" */
    0x0, 0x0, 0x6c, 0xef, 0xd8, 0x20, 0x0, 0x0,
    0x2d, 0xff, 0xff, 0xff, 0xf5, 0x0, 0x0, 0xdf,
    0xfd, 0x87, 0xbf, 0xff, 0x20, 0x7, 0xff, 0xc0,
    0x0, 0x8, 0xff, 0xa0, 0xc, 0xff, 0x40, 0x0,
    0x1, 0xff, 0xf0, 0xf, 0xff, 0xff, 0xff, 0xff,
    0xff, 0xf2, 0xf, 0xff, 0xff, 0xff, 0xff, 0xff,
    0xf3, 0xf, 0xff, 0x30, 0x0, 0x0, 0x0, 0x0,
    0xc, 0xff, 0x60, 0x0, 0x0, 0x22, 0x20, 0x7,
    0xff, 0xe1, 0x0, 0x7, 0xff, 0xd0, 0x0, 0xdf,
    0xfe, 0x87, 0xaf, 0xff, 0x40, 0x0, 0x2d, 0xff,
    0xff, 0xff, 0xff, 0x0, 0x0, 0x0, 0x7c, 0xef,
    0xff, 0xf0, 0x0, 0x0, 0x0, 0x0, 0x7, 0xfe,
    0x10, 0x0, 0x0, 0x0, 0x0, 0x1f, 0xf6, 0x0,
    0x0, 0x0, 0x0, 0x0, 0x5f, 0xf4, 0x20, 0x0,
    0x0, 0x0, 0x0, 0x3f, 0xff, 0xf3, 0x0, 0x0,
    0x0, 0x0, 0x7, 0xee, 0xc3, 0x0,

    /* U+011A "Ě" */
    0x0, 0xc, 0xf7, 0x2, 0xff, 0x20, 0x0, 0x0,
    0x2f, 0xf4, 0xdf, 0x80, 0x0, 0x0, 0x0, 0x8f,
    0xff, 0xd0, 0x0, 0x0, 0x0, 0x0, 0x78, 0x83,
    0x0, 0x0, 0x0, 0x0, 0x0, 0x0, 0x0, 0x0,
    0x1, 0xff, 0xff, 0xff, 0xff, 0xff, 0xf6, 0x1f,
    0xff, 0xff, 0xff, 0xff, 0xff, 0x61, 0xff, 0xfb,
    0xbb, 0xbb, 0xbb, 0xb4, 0x1f, 0xff, 0x0, 0x0,
    0x0, 0x0, 0x1, 0xff, 0xf0, 0x0, 0x0, 0x0,
    0x0, 0x1f, 0xff, 0x0, 0x0, 0x0, 0x0, 0x1,
    0xff, 0xf0, 0x0, 0x0, 0x0, 0x0, 0x1f, 0xff,
    0xaa, 0xaa, 0xaa, 0xaa, 0x11, 0xff, 0xff, 0xff,
    0xff, 0xff, 0xf1, 0x1f, 0xff, 0xff, 0xff, 0xff,
    0xff, 0x11, 0xff, 0xf0, 0x0, 0x0, 0x0, 0x0,
    0x1f, 0xff, 0x0, 0x0, 0x0, 0x0, 0x1, 0xff,
    0xf0, 0x0, 0x0, 0x0, 0x0, 0x1f, 0xff, 0x0,
    0x0, 0x0, 0x0, 0x1, 0xff, 0xfb, 0xbb, 0xbb,
    0xbb, 0xb6, 0x1f, 0xff, 0xff, 0xff, 0xff, 0xff,
    0x91, 0xff, 0xff, 0xff, 0xff, 0xff, 0xf9,

    /* U+011B "ě" */
    0x0, 0x3, 0xfe, 0x10, 0x9f, 0xb0, 0x0, 0x0,
    0x0, 0x9f, 0xc5, 0xff, 0x10, 0x0, 0x0, 0x0,
    0xe, 0xff, 0xf6, 0x0, 0x0, 0x0, 0x0, 0x3,
    0x88, 0x70, 0x0, 0x0, 0x0, 0x0, 0x0, 0x0,
    0x0, 0x0, 0x0, 0x0, 0x0, 0x6c, 0xef, 0xd8,
    0x20, 0x0, 0x0, 0x2d, 0xff, 0xff, 0xff, 0xf5,
    0x0, 0x0, 0xdf, 0xfd, 0x87, 0xbf, 0xff, 0x20,
    0x7, 0xff, 0xc0, 0x0, 0x8, 0xff, 0xa0, 0xc,
    0xff, 0x40, 0x0, 0x1, 0xff, 0xf0, 0xf, 0xff,
    0xff, 0xff, 0xff, 0xff, 0xf2, 0xf, 0xff, 0xff,
    0xff, 0xff, 0xff, 0xf3, 0xf, 0xff, 0x30, 0x0,
    0x0, 0x0, 0x0, 0xc, 0xff, 0x60, 0x0, 0x0,
    0x22, 0x20, 0x7, 0xff, 0xe1, 0x0, 0x7, 0xff,
    0xd0, 0x0, 0xdf, 0xfe, 0x87, 0xaf, 0xff, 0x40,
    0x0, 0x2d, 0xff, 0xff, 0xff, 0xf6, 0x0, 0x0,
    0x0, 0x7c, 0xef, 0xea, 0x30, 0x0,

    /* U+011C "Ĝ" */
    0x0, 0x0, 0x0, 0xdf, 0xfd, 0x0, 0x0, 0x0,
    0x0, 0x0, 0x8, 0xfe, 0xef, 0x80, 0x0, 0x0,
    0x0, 0x0, 0x2f, 0xf3, 0x3f, 0xf2, 0x0, 0x0,
    0x0, 0x0, 0x58, 0x40, 0x4, 0x85, 0x0, 0x0,
    0x0, 0x0, 0x0, 0x0, 0x0, 0x0, 0x0, 0x0,
    0x0, 0x0, 0x4a, 0xdf, 0xfd, 0xa4, 0x0, 0x0,
    0x0, 0xb, 0xff, 0xff, 0xff, 0xff, 0xb1, 0x0,
    0x0, 0xdf, 0xff, 0xec, 0xce, 0xff, 0xfc, 0x0,
    0x9, 0xff, 0xf6, 0x0, 0x0, 0x5f, 0xff, 0x60,
    0x2f, 0xff, 0x60, 0x0, 0x0, 0x7, 0xff, 0xd0,
    0x7f, 0xfd, 0x0, 0x0, 0x0, 0x1, 0x99, 0x91,
    0xcf, 0xf8, 0x0, 0x0, 0x0, 0x0, 0x0, 0x0,
    0xdf, 0xf5, 0x0, 0x0, 0x0, 0x0, 0x0, 0x0,
    0xff, 0xf4, 0x0, 0x0, 0xff, 0xff, 0xff, 0xf4,
    0xef, 0xf5, 0x0, 0x0, 0xff, 0xff, 0xff, 0xf4,
    0xcf, 0xf7, 0x0, 0x0, 0x66, 0x66, 0xef, 0xf4,
    0x8f, 0xfc, 0x0, 0x0, 0x0, 0x0, 0xff, 0xf4,
    0x3f, 0xff, 0x50, 0x0, 0x0, 0x7, 0xff, 0xf4,
    0xa, 0xff, 0xf5, 0x0, 0x0, 0x6f, 0xff, 0xf4,
    0x1, 0xef, 0xff, 0xec, 0xbe, 0xff, 0xde, 0xf4,
    0x0, 0x1c, 0xff, 0xff, 0xff, 0xfd, 0x2d, 0xf4,
    0x0, 0x0, 0x5b, 0xef, 0xfc, 0x70, 0xc, 0xf4,

    /* U+011D "ĝ" */
    0x0, 0x0, 0x3, 0x88, 0x70, 0x0, 0x0, 0x0,
    0x0, 0x1e, 0xfe, 0xf7, 0x0, 0x0, 0x0, 0x0,
    0xbf, 0x71, 0xff, 0x20, 0x0, 0x0, 0x3, 0xca,
    0x0, 0x5c, 0x90, 0x0, 0x0, 0x0, 0x0, 0x0,
    0x0, 0x0, 0x0, 0x0, 0x2, 0xae, 0xfd, 0x70,
    0xcf, 0xf3, 0x0, 0x4f, 0xff, 0xff, 0xfa, 0xcf,
    0xf3, 0x1, 0xff, 0xfd, 0x77, 0xcf, 0xff, 0xf3,
    0x9, 0xff, 0xd0, 0x0, 0xa, 0xff, 0xf3, 0xd,
    0xff, 0x60, 0x0, 0x1, 0xff, 0xf3, 0xf, 0xff,
    0x30, 0x0, 0x0, 0xef, 0xf3, 0xf, 0xff, 0x20,
    0x0, 0x0, 0xef, 0xf3, 0xe, 0xff, 0x40, 0x0,
    0x1, 0xff, 0xf3, 0xb, 0xff, 0xb0, 0x0, 0x7,
    0xff, 0xf3, 0x4, 0xff, 0xf8, 0x11, 0x6f, 0xff,
    0xf3, 0x0, 0xaf, 0xff, 0xff, 0xfe, 0xef, 0xf3,
    0x0, 0x8, 0xff, 0xff, 0xd3, 0xef, 0xf3, 0x0,
    0x0, 0x4, 0x53, 0x0, 0xff, 0xf2, 0x6, 0xdd,
    0x90, 0x0, 0x4, 0xff, 0xe0, 0x2, 0xff, 0xfa,
    0x55, 0x8f, 0xff, 0x80, 0x0, 0x5f, 0xff, 0xff,
    0xff, 0xfa, 0x0, 0x0, 0x2, 0x9d, 0xff, 0xea,
    0x40, 0x0,

    /* U+011E "Ğ" */
    0x0, 0x0, 0x8f, 0x70, 0x7, 0xf7, 0x0, 0x0,
    0x0, 0x0, 0x2f, 0xfd, 0xef, 0xf2, 0x0, 0x0,
    0x0, 0x0, 0x3, 0xbe, 0xeb, 0x30, 0x0, 0x0,
    0x0, 0x0, 0x0, 0x0, 0x0, 0x0, 0x0, 0x0,
    0x0, 0x0, 0x0, 0x0, 0x0, 0x0, 0x0, 0x0,
    0x0, 0x0, 0x4a, 0xdf, 0xfd, 0xa4, 0x0, 0x0,
    0x0, 0xb, 0xff, 0xff, 0xff, 0xff, 0xb1, 0x0,
    0x0, 0xdf, 0xff, 0xec, 0xce, 0xff, 0xfc, 0x0,
    0x9, 0xff, 0xf6, 0x0, 0x0, 0x5f, 0xff, 0x60,
    0x2f, 0xff, 0x60, 0x0, 0x0, 0x7, 0xff, 0xd0,
    0x7f, 0xfd, 0x0, 0x0, 0x0, 0x1, 0x99, 0x91,
    0xcf, 0xf8, 0x0, 0x0, 0x0, 0x0, 0x0, 0x0,
    0xdf, 0xf5, 0x0, 0x0, 0x0, 0x0, 0x0, 0x0,
    0xff, 0xf4, 0x0, 0x0, 0xff, 0xff, 0xff, 0xf4,
    0xef, 0xf5, 0x0, 0x0, 0xff, 0xff, 0xff, 0xf4,
    0xcf, 0xf7, 0x0, 0x0, 0x66, 0x66, 0xef, 0xf4,
    0x8f, 0xfc, 0x0, 0x0, 0x0, 0x0, 0xff, 0xf4,
    0x3f, 0xff, 0x50, 0x0, 0x0, 0x7, 0xff, 0xf4,
    0xa, 0xff, 0xf5, 0x0, 0x0, 0x6f, 0xff, 0xf4,
    0x1, 0xef, 0xff, 0xec, 0xbe, 0xff, 0xde, 0xf4,
    0x0, 0x1c, 0xff, 0xff, 0xff, 0xfd, 0x2d, 0xf4,
    0x0, 0x0, 0x5b, 0xef, 0xfc, 0x70, 0xc, 0xf4,

    /* U+011F "ğ" */
    0x0, 0x2, 0x83, 0x0, 0x8, 0x60, 0x0, 0x0,
    0x3, 0xfc, 0x0, 0x6f, 0x90, 0x0, 0x0, 0x0,
    0xcf, 0xed, 0xff, 0x20, 0x0, 0x0, 0x0, 0x19,
    0xef, 0xc3, 0x0, 0x0, 0x0, 0x0, 0x0, 0x0,
    0x0, 0x0, 0x0, 0x0, 0x2, 0xae, 0xfd, 0x70,
    0xcf, 0xf3, 0x0, 0x4f, 0xff, 0xff, 0xfa, 0xcf,
    0xf3, 0x1, 0xff, 0xfd, 0x77, 0xcf, 0xff, 0xf3,
    0x9, 0xff, 0xd0, 0x0, 0xa, 0xff, 0xf3, 0xd,
    0xff, 0x60, 0x0, 0x1, 0xff, 0xf3, 0xf, 0xff,
    0x30, 0x0, 0x0, 0xef, 0xf3, 0xf, 0xff, 0x20,
    0x0, 0x0, 0xef, 0xf3, 0xe, 0xff, 0x40, 0x0,
    0x1, 0xff, 0xf3, 0xb, 0xff, 0xb0, 0x0, 0x7,
    0xff, 0xf3, 0x4, 0xff, 0xf8, 0x11, 0x6f, 0xff,
    0xf3, 0x0, 0xaf, 0xff, 0xff, 0xfe, 0xef, 0xf3,
    0x0, 0x8, 0xff, 0xff, 0xd3, 0xef, 0xf3, 0x0,
    0x0, 0x4, 0x53, 0x0, 0xff, 0xf2, 0x6, 0xdd,
    0x90, 0x0, 0x4, 0xff, 0xe0, 0x2, 0xff, 0xfa,
    0x55, 0x8f, 0xff, 0x80, 0x0, 0x5f, 0xff, 0xff,
    0xff, 0xfa, 0x0, 0x0, 0x2, 0x9d, 0xff, 0xea,
    0x40, 0x0,

    /* U+0120 "Ġ" */
    0x0, 0x0, 0x0, 0x6b, 0xb6, 0x0, 0x0, 0x0,
    0x0, 0x0, 0x0, 0x9f, 0xf9, 0x0, 0x0, 0x0,
    0x0, 0x0, 0x0, 0x9f, 0xf9, 0x0, 0x0, 0x0,
    0x0, 0x0, 0x0, 0x0, 0x0, 0x0, 0x0, 0x0,
    0x0, 0x0, 0x0, 0x0, 0x0, 0x0, 0x0, 0x0,
    0x0, 0x0, 0x4a, 0xdf, 0xfd, 0xa4, 0x0, 0x0,
    0x0, 0xb, 0xff, 0xff, 0xff, 0xff, 0xb1, 0x0,
    0x0, 0xdf, 0xff, 0xec, 0xce, 0xff, 0xfc, 0x0,
    0x9, 0xff, 0xf6, 0x0, 0x0, 0x5f, 0xff, 0x60,
    0x2f, 0xff, 0x60, 0x0, 0x0, 0x7, 0xff, 0xd0,
    0x7f, 0xfd, 0x0, 0x0, 0x0, 0x1, 0x99, 0x91,
    0xcf, 0xf8, 0x0, 0x0, 0x0, 0x0, 0x0, 0x0,
    0xdf, 0xf5, 0x0, 0x0, 0x0, 0x0, 0x0, 0x0,
    0xff, 0xf4, 0x0, 0x0, 0xff, 0xff, 0xff, 0xf4,
    0xef, 0xf5, 0x0, 0x0, 0xff, 0xff, 0xff, 0xf4,
    0xcf, 0xf7, 0x0, 0x0, 0x66, 0x66, 0xef, 0xf4,
    0x8f, 0xfc, 0x0, 0x0, 0x0, 0x0, 0xff, 0xf4,
    0x3f, 0xff, 0x50, 0x0, 0x0, 0x7, 0xff, 0xf4,
    0xa, 0xff, 0xf5, 0x0, 0x0, 0x6f, 0xff, 0xf4,
    0x1, 0xef, 0xff, 0xec, 0xbe, 0xff, 0xde, 0xf4,
    0x0, 0x1c, 0xff, 0xff, 0xff, 0xfd, 0x2d, 0xf4,
    0x0, 0x0, 0x5b, 0xef, 0xfc, 0x70, 0xc, 0xf4,

    /* U+0121 "ġ" */
    0x0, 0x0, 0x6, 0xff, 0xd0, 0x0, 0x0, 0x0,
    0x0, 0x6, 0xff, 0xd0, 0x0, 0x0, 0x0, 0x0,
    0x4, 0xbb, 0x90, 0x0, 0x0, 0x0, 0x0, 0x0,
    0x0, 0x0, 0x0, 0x0, 0x0, 0x2, 0xae, 0xfd,
    0x70, 0xcf, 0xf3, 0x0, 0x4f, 0xff, 0xff, 0xfa,
    0xcf, 0xf3, 0x1, 0xff, 0xfd, 0x77, 0xcf, 0xff,
    0xf3, 0x9, 0xff, 0xd0, 0x0, 0xa, 0xff, 0xf3,
    0xd, 0xff, 0x60, 0x0, 0x1, 0xff, 0xf3, 0xf,
    0xff, 0x30, 0x0, 0x0, 0xef, 0xf3, 0xf, 0xff,
    0x20, 0x0, 0x0, 0xef, 0xf3, 0xe, 0xff, 0x40,
    0x0, 0x1, 0xff, 0xf3, 0xb, 0xff, 0xb0, 0x0,
    0x7, 0xff, 0xf3, 0x4, 0xff, 0xf8, 0x11, 0x6f,
    0xff, 0xf3, 0x0, 0xaf, 0xff, 0xff, 0xfe, 0xef,
    0xf3, 0x0, 0x8, 0xff, 0xff, 0xd3, 0xef, 0xf3,
    0x0, 0x0, 0x4, 0x53, 0x0, 0xff, 0xf2, 0x6,
    0xdd, 0x90, 0x0, 0x4, 0xff, 0xe0, 0x2, 0xff,
    0xfa, 0x55, 0x8f, 0xff, 0x80, 0x0, 0x5f, 0xff,
    0xff, 0xff, 0xfa, 0x0, 0x0, 0x2, 0x9d, 0xff,
    0xea, 0x40, 0x0,

    /* U+0122 "Ģ" */
    0x0, 0x0, 0x4a, 0xdf, 0xfd, 0x93, 0x0, 0x0,
    0x0, 0xb, 0xff, 0xff, 0xff, 0xff, 0xa0, 0x0,
    0x0, 0xdf, 0xff, 0xec, 0xce, 0xff, 0xfa, 0x0,
    0x9, 0xff, 0xf6, 0x0, 0x0, 0x7f, 0xff, 0x50,
    0x2f, 0xff, 0x60, 0x0, 0x0, 0x9, 0xff, 0xc0,
    0x7f, 0xfd, 0x0, 0x0, 0x0, 0x2, 0xee, 0xe1,
    0xcf, 0xf8, 0x0, 0x0, 0x0, 0x0, 0x0, 0x0,
    0xdf, 0xf5, 0x0, 0x0, 0x0, 0x0, 0x0, 0x0,
    0xff, 0xf4, 0x0, 0x0, 0x66, 0x66, 0x66, 0x61,
    0xef, 0xf5, 0x0, 0x0, 0xff, 0xff, 0xff, 0xf4,
    0xcf, 0xf7, 0x0, 0x0, 0xff, 0xff, 0xff, 0xf4,
    0x8f, 0xfc, 0x0, 0x0, 0x0, 0x0, 0xef, 0xf4,
    0x3f, 0xff, 0x50, 0x0, 0x0, 0x4, 0xff, 0xf4,
    0xa, 0xff, 0xf5, 0x0, 0x0, 0x4e, 0xff, 0xf4,
    0x1, 0xef, 0xff, 0xec, 0xbe, 0xff, 0xee, 0xf4,
    0x0, 0x1c, 0xff, 0xff, 0xff, 0xfe, 0x2d, 0xf4,
    0x0, 0x0, 0x5b, 0xef, 0xfc, 0x70, 0xc, 0xf4,
    0x0, 0x0, 0x0, 0x0, 0x0, 0x0, 0x0, 0x0,
    0x0, 0x0, 0x0, 0x39, 0x94, 0x0, 0x0, 0x0,
    0x0, 0x0, 0x0, 0x6f, 0xf8, 0x0, 0x0, 0x0,
    0x0, 0x0, 0x0, 0x6f, 0xf7, 0x0, 0x0, 0x0,
    0x0, 0x0, 0x0, 0xd, 0xe1, 0x0, 0x0, 0x0,
    0x0, 0x0, 0x0, 0x7f, 0x60, 0x0, 0x0, 0x0,

    /* U+0123 "ģ" */
    0x0, 0x0, 0x0, 0x2f, 0xc0, 0x0, 0x0, 0x0,
    0x0, 0x0, 0xcf, 0x20, 0x0, 0x0, 0x0, 0x0,
    0x3, 0xff, 0xa0, 0x0, 0x0, 0x0, 0x0, 0x3,
    0xff, 0xa0, 0x0, 0x0, 0x0, 0x0, 0x2, 0x99,
    0x50, 0x0, 0x0, 0x0, 0x0, 0x0, 0x0, 0x0,
    0x0, 0x0, 0x0, 0x2, 0xae, 0xfd, 0x70, 0xcf,
    0xf3, 0x0, 0x4f, 0xff, 0xff, 0xfa, 0xcf, 0xf3,
    0x1, 0xff, 0xfd, 0x77, 0xcf, 0xff, 0xf3, 0x9,
    0xff, 0xd0, 0x0, 0xa, 0xff, 0xf3, 0xd, 0xff,
    0x60, 0x0, 0x1, 0xff, 0xf3, 0xf, 0xff, 0x30,
    0x0, 0x0, 0xef, 0xf3, 0xf, 0xff, 0x20, 0x0,
    0x0, 0xef, 0xf3, 0xe, 0xff, 0x40, 0x0, 0x1,
    0xff, 0xf3, 0xb, 0xff, 0xb0, 0x0, 0x7, 0xff,
    0xf3, 0x4, 0xff, 0xf8, 0x11, 0x6f, 0xff, 0xf3,
    0x0, 0xaf, 0xff, 0xff, 0xfe, 0xef, 0xf3, 0x0,
    0x8, 0xff, 0xff, 0xd3, 0xef, 0xf3, 0x0, 0x0,
    0x4, 0x53, 0x0, 0xff, 0xf2, 0x6, 0xdd, 0x90,
    0x0, 0x4, 0xff, 0xe0, 0x2, 0xff, 0xfa, 0x55,
    0x8f, 0xff, 0x80, 0x0, 0x5f, 0xff, 0xff, 0xff,
    0xfa, 0x0, 0x0, 0x2, 0x9d, 0xff, 0xea, 0x40,
    0x0,

    /* U+0124 "Ĥ" */
    0x0, 0x0, 0x3, 0xff, 0xf7, 0x0, 0x0, 0x0,
    0x0, 0x0, 0xdf, 0xdf, 0xf2, 0x0, 0x0, 0x0,
    0x0, 0x8f, 0xc0, 0x9f, 0xc0, 0x0, 0x0, 0x0,
    0x7, 0x81, 0x0, 0x78, 0x10, 0x0, 0x0, 0x0,
    0x0, 0x0, 0x0, 0x0, 0x0, 0x1, 0xff, 0xf0,
    0x0, 0x0, 0x0, 0xcf, 0xf5, 0x1f, 0xff, 0x0,
    0x0, 0x0, 0xc, 0xff, 0x51, 0xff, 0xf0, 0x0,
    0x0, 0x0, 0xcf, 0xf5, 0x1f, 0xff, 0x0, 0x0,
    0x0, 0xc, 0xff, 0x51, 0xff, 0xf0, 0x0, 0x0,
    0x0, 0xcf, 0xf5, 0x1f, 0xff, 0x0, 0x0, 0x0,
    0xc, 0xff, 0x51, 0xff, 0xf0, 0x0, 0x0, 0x0,
    0xcf, 0xf5, 0x1f, 0xff, 0xff, 0xff, 0xff, 0xff,
    0xff, 0x51, 0xff, 0xff, 0xff, 0xff, 0xff, 0xff,
    0xf5, 0x1f, 0xff, 0xcb, 0xbb, 0xbb, 0xbf, 0xff,
    0x51, 0xff, 0xf0, 0x0, 0x0, 0x0, 0xcf, 0xf5,
    0x1f, 0xff, 0x0, 0x0, 0x0, 0xc, 0xff, 0x51,
    0xff, 0xf0, 0x0, 0x0, 0x0, 0xcf, 0xf5, 0x1f,
    0xff, 0x0, 0x0, 0x0, 0xc, 0xff, 0x51, 0xff,
    0xf0, 0x0, 0x0, 0x0, 0xcf, 0xf5, 0x1f, 0xff,
    0x0, 0x0, 0x0, 0xc, 0xff, 0x51, 0xff, 0xf0,
    0x0, 0x0, 0x0, 0xcf, 0xf5,

    /* U+0125 "ĥ" */
    0x0, 0x38, 0x87, 0x0, 0x0, 0x0, 0x0, 0x0,
    0xdf, 0xff, 0x70, 0x0, 0x0, 0x0, 0x9, 0xfc,
    0x5f, 0xf2, 0x0, 0x0, 0x0, 0x3f, 0xf2, 0x8,
    0xfb, 0x0, 0x0, 0x0, 0x0, 0x0, 0x0, 0x0,
    0x0, 0x0, 0x0, 0x0, 0x5f, 0xfc, 0x0, 0x0,
    0x0, 0x0, 0x0, 0x5f, 0xfc, 0x0, 0x0, 0x0,
    0x0, 0x0, 0x5f, 0xfc, 0x0, 0x0, 0x0, 0x0,
    0x0, 0x5f, 0xfc, 0x0, 0x0, 0x0, 0x0, 0x0,
    0x5f, 0xfc, 0x19, 0xef, 0xd7, 0x0, 0x0, 0x5f,
    0xfc, 0xdf, 0xff, 0xff, 0xb0, 0x0, 0x5f, 0xff,
    0xfb, 0x8c, 0xff, 0xf4, 0x0, 0x5f, 0xff, 0x60,
    0x0, 0xcf, 0xf9, 0x0, 0x5f, 0xfe, 0x0, 0x0,
    0x7f, 0xfb, 0x0, 0x5f, 0xfc, 0x0, 0x0, 0x5f,
    0xfc, 0x0, 0x5f, 0xfc, 0x0, 0x0, 0x5f, 0xfc,
    0x0, 0x5f, 0xfc, 0x0, 0x0, 0x5f, 0xfc, 0x0,
    0x5f, 0xfc, 0x0, 0x0, 0x5f, 0xfc, 0x0, 0x5f,
    0xfc, 0x0, 0x0, 0x5f, 0xfc, 0x0, 0x5f, 0xfc,
    0x0, 0x0, 0x5f, 0xfc, 0x0, 0x5f, 0xfc, 0x0,
    0x0, 0x5f, 0xfc, 0x0, 0x5f, 0xfc, 0x0, 0x0,
    0x5f, 0xfc,

    /* U+0126 "Ħ" */
    0x1, 0xff, 0xf0, 0x0, 0x0, 0x0, 0xcf, 0xf5,
    0x0, 0x1, 0xff, 0xf0, 0x0, 0x0, 0x0, 0xcf,
    0xf5, 0x0, 0xdf, 0xff, 0xff, 0xff, 0xff, 0xff,
    0xff, 0xff, 0xf1, 0xdf, 0xff, 0xff, 0xff, 0xff,
    0xff, 0xff, 0xff, 0xf1, 0x57, 0xff, 0xf7, 0x66,
    0x66, 0x66, 0xff, 0xfc, 0x60, 0x1, 0xff, 0xf0,
    0x0, 0x0, 0x0, 0xcf, 0xf5, 0x0, 0x1, 0xff,
    0xf0, 0x0, 0x0, 0x0, 0xcf, 0xf5, 0x0, 0x1,
    0xff, 0xff, 0xff, 0xff, 0xff, 0xff, 0xf5, 0x0,
    0x1, 0xff, 0xff, 0xff, 0xff, 0xff, 0xff, 0xf5,
    0x0, 0x1, 0xff, 0xfc, 0xbb, 0xbb, 0xbb, 0xff,
    0xf5, 0x0, 0x1, 0xff, 0xf0, 0x0, 0x0, 0x0,
    0xcf, 0xf5, 0x0, 0x1, 0xff, 0xf0, 0x0, 0x0,
    0x0, 0xcf, 0xf5, 0x0, 0x1, 0xff, 0xf0, 0x0,
    0x0, 0x0, 0xcf, 0xf5, 0x0, 0x1, 0xff, 0xf0,
    0x0, 0x0, 0x0, 0xcf, 0xf5, 0x0, 0x1, 0xff,
    0xf0, 0x0, 0x0, 0x0, 0xcf, 0xf5, 0x0, 0x1,
    0xff, 0xf0, 0x0, 0x0, 0x0, 0xcf, 0xf5, 0x0,
    0x1, 0xff, 0xf0, 0x0, 0x0, 0x0, 0xcf, 0xf5,
    0x0,

    /* U+0127 "ħ" */
    0x5, 0xff, 0xc0, 0x0, 0x0, 0x0, 0xe, 0xff,
    0xff, 0xff, 0xf0, 0x0, 0x0, 0xff, 0xff, 0xff,
    0xff, 0x0, 0x0, 0x0, 0x5f, 0xfc, 0x0, 0x0,
    0x0, 0x0, 0x5, 0xff, 0xc1, 0x9e, 0xfd, 0x70,
    0x0, 0x5f, 0xfc, 0xdf, 0xff, 0xff, 0xb0, 0x5,
    0xff, 0xff, 0xb8, 0xcf, 0xff, 0x40, 0x5f, 0xff,
    0x60, 0x0, 0xcf, 0xf9, 0x5, 0xff, 0xe0, 0x0,
    0x7, 0xff, 0xb0, 0x5f, 0xfc, 0x0, 0x0, 0x5f,
    0xfc, 0x5, 0xff, 0xc0, 0x0, 0x5, 0xff, 0xc0,
    0x5f, 0xfc, 0x0, 0x0, 0x5f, 0xfc, 0x5, 0xff,
    0xc0, 0x0, 0x5, 0xff, 0xc0, 0x5f, 0xfc, 0x0,
    0x0, 0x5f, 0xfc, 0x5, 0xff, 0xc0, 0x0, 0x5,
    0xff, 0xc0, 0x5f, 0xfc, 0x0, 0x0, 0x5f, 0xfc,
    0x5, 0xff, 0xc0, 0x0, 0x5, 0xff, 0xc0,

    /* U+0128 "Ĩ" */
    0x3, 0xbc, 0x30, 0x2d, 0x50, 0xff, 0xff, 0x37,
    0xf4, 0x5f, 0x64, 0xff, 0xfe, 0x6, 0xd1, 0x4,
    0xcb, 0x20, 0x0, 0x0, 0x0, 0x0, 0x0, 0x1,
    0xff, 0xf0, 0x0, 0x0, 0x1f, 0xff, 0x0, 0x0,
    0x1, 0xff, 0xf0, 0x0, 0x0, 0x1f, 0xff, 0x0,
    0x0, 0x1, 0xff, 0xf0, 0x0, 0x0, 0x1f, 0xff,
    0x0, 0x0, 0x1, 0xff, 0xf0, 0x0, 0x0, 0x1f,
    0xff, 0x0, 0x0, 0x1, 0xff, 0xf0, 0x0, 0x0,
    0x1f, 0xff, 0x0, 0x0, 0x1, 0xff, 0xf0, 0x0,
    0x0, 0x1f, 0xff, 0x0, 0x0, 0x1, 0xff, 0xf0,
    0x0, 0x0, 0x1f, 0xff, 0x0, 0x0, 0x1, 0xff,
    0xf0, 0x0, 0x0, 0x1f, 0xff, 0x0, 0x0, 0x1,
    0xff, 0xf0, 0x0,

    /* U+0129 "ĩ" */
    0xa, 0xfe, 0x71, 0x9f, 0x27, 0xfe, 0xff, 0xff,
    0xd0, 0xac, 0x2, 0x9d, 0xa2, 0x0, 0x0, 0x0,
    0x0, 0x0, 0x0, 0x5f, 0xfc, 0x0, 0x0, 0x5,
    0xff, 0xc0, 0x0, 0x0, 0x5f, 0xfc, 0x0, 0x0,
    0x5, 0xff, 0xc0, 0x0, 0x0, 0x5f, 0xfc, 0x0,
    0x0, 0x5, 0xff, 0xc0, 0x0, 0x0, 0x5f, 0xfc,
    0x0, 0x0, 0x5, 0xff, 0xc0, 0x0, 0x0, 0x5f,
    0xfc, 0x0, 0x0, 0x5, 0xff, 0xc0, 0x0, 0x0,
    0x5f, 0xfc, 0x0, 0x0, 0x5, 0xff, 0xc0, 0x0,
    0x0, 0x5f, 0xfc, 0x0, 0x0,

    /* U+012A "Ī" */
    0xff, 0xff, 0xff, 0xff, 0xff, 0xff, 0xff, 0x55,
    0x55, 0x55, 0x40, 0x0, 0x0, 0x0, 0x1, 0xff,
    0xf0, 0x0, 0x1f, 0xff, 0x0, 0x1, 0xff, 0xf0,
    0x0, 0x1f, 0xff, 0x0, 0x1, 0xff, 0xf0, 0x0,
    0x1f, 0xff, 0x0, 0x1, 0xff, 0xf0, 0x0, 0x1f,
    0xff, 0x0, 0x1, 0xff, 0xf0, 0x0, 0x1f, 0xff,
    0x0, 0x1, 0xff, 0xf0, 0x0, 0x1f, 0xff, 0x0,
    0x1, 0xff, 0xf0, 0x0, 0x1f, 0xff, 0x0, 0x1,
    0xff, 0xf0, 0x0, 0x1f, 0xff, 0x0, 0x1, 0xff,
    0xf0, 0x0,

    /* U+012B "ī" */
    0x3f, 0xff, 0xff, 0xfb, 0x3f, 0xff, 0xff, 0xfb,
    0x14, 0x44, 0x44, 0x43, 0x0, 0x0, 0x0, 0x0,
    0x0, 0x5f, 0xfc, 0x0, 0x0, 0x5f, 0xfc, 0x0,
    0x0, 0x5f, 0xfc, 0x0, 0x0, 0x5f, 0xfc, 0x0,
    0x0, 0x5f, 0xfc, 0x0, 0x0, 0x5f, 0xfc, 0x0,
    0x0, 0x5f, 0xfc, 0x0, 0x0, 0x5f, 0xfc, 0x0,
    0x0, 0x5f, 0xfc, 0x0, 0x0, 0x5f, 0xfc, 0x0,
    0x0, 0x5f, 0xfc, 0x0, 0x0, 0x5f, 0xfc, 0x0,
    0x0, 0x5f, 0xfc, 0x0,

    /* U+012C "Ĭ" */
    0xf, 0x80, 0x0, 0xbb, 0xa, 0xf5, 0x27, 0xf6,
    0x1, 0xcf, 0xff, 0x90, 0x0, 0x2, 0x41, 0x0,
    0x0, 0xc, 0xf7, 0x0, 0x0, 0xc, 0xf7, 0x0,
    0x0, 0xc, 0xf7, 0x0, 0x0, 0xc, 0xf7, 0x0,
    0x0, 0xc, 0xf7, 0x0, 0x0, 0xc, 0xf7, 0x0,
    0x0, 0xc, 0xf7, 0x0, 0x0, 0xc, 0xf7, 0x0,
    0x0, 0xc, 0xf7, 0x0, 0x0, 0xc, 0xf7, 0x0,
    0x0, 0xc, 0xf7, 0x0, 0x0, 0xc, 0xf7, 0x0,
    0x0, 0xc, 0xf7, 0x0, 0x0, 0xc, 0xf7, 0x0,
    0x0, 0xc, 0xf7, 0x0, 0x0, 0xc, 0xf7, 0x0,
    0x0, 0xc, 0xf7, 0x0, 0x0, 0xc, 0xf7, 0x0,

    /* U+012D "ĭ" */
    0xbc, 0x0, 0x7, 0xf0, 0x7f, 0x60, 0x3e, 0xb0,
    0xb, 0xff, 0xfe, 0x20, 0x0, 0x47, 0x50, 0x0,
    0x0, 0x0, 0x0, 0x0, 0x0, 0x6f, 0xb0, 0x0,
    0x0, 0x6f, 0xb0, 0x0, 0x0, 0x6f, 0xb0, 0x0,
    0x0, 0x6f, 0xb0, 0x0, 0x0, 0x6f, 0xb0, 0x0,
    0x0, 0x6f, 0xb0, 0x0, 0x0, 0x6f, 0xb0, 0x0,
    0x0, 0x6f, 0xb0, 0x0, 0x0, 0x6f, 0xb0, 0x0,
    0x0, 0x6f, 0xb0, 0x0, 0x0, 0x6f, 0xb0, 0x0,
    0x0, 0x6f, 0xb0, 0x0, 0x0, 0x6f, 0xb0, 0x0,

    /* U+012E "Į" */
    0x1, 0xff, 0xf0, 0x1, 0xff, 0xf0, 0x1, 0xff,
    0xf0, 0x1, 0xff, 0xf0, 0x1, 0xff, 0xf0, 0x1,
    0xff, 0xf0, 0x1, 0xff, 0xf0, 0x1, 0xff, 0xf0,
    0x1, 0xff, 0xf0, 0x1, 0xff, 0xf0, 0x1, 0xff,
    0xf0, 0x1, 0xff, 0xf0, 0x1, 0xff, 0xf0, 0x1,
    0xff, 0xf0, 0x1, 0xff, 0xf0, 0x1, 0xff, 0xf0,
    0x1, 0xff, 0xf0, 0x0, 0xcf, 0xa0, 0x7, 0xfe,
    0x0, 0xe, 0xfa, 0x1, 0xf, 0xff, 0xf9, 0x5,
    0xdf, 0xd8,

    /* U+012F "į" */
    0x6, 0xff, 0xd0, 0x6, 0xff, 0xd0, 0x4, 0xbb,
    0x90, 0x0, 0x0, 0x0, 0x5, 0xff, 0xc0, 0x5,
    0xff, 0xc0, 0x5, 0xff, 0xc0, 0x5, 0xff, 0xc0,
    0x5, 0xff, 0xc0, 0x5, 0xff, 0xc0, 0x5, 0xff,
    0xc0, 0x5, 0xff, 0xc0, 0x5, 0xff, 0xc0, 0x5,
    0xff, 0xc0, 0x5, 0xff, 0xc0, 0x5, 0xff, 0xc0,
    0x5, 0xff, 0xd0, 0x2, 0xff, 0x50, 0xc, 0xfa,
    0x0, 0x3f, 0xf5, 0x10, 0x3f, 0xff, 0xf4, 0x8,
    0xef, 0xd4,

    /* U+0130 "İ" */
    0x2f, 0xff, 0x12, 0xff, 0xf1, 0x1b, 0xbb, 0x0,
    0x0, 0x0, 0x1f, 0xff, 0x1, 0xff, 0xf0, 0x1f,
    0xff, 0x1, 0xff, 0xf0, 0x1f, 0xff, 0x1, 0xff,
    0xf0, 0x1f, 0xff, 0x1, 0xff, 0xf0, 0x1f, 0xff,
    0x1, 0xff, 0xf0, 0x1f, 0xff, 0x1, 0xff, 0xf0,
    0x1f, 0xff, 0x1, 0xff, 0xf0, 0x1f, 0xff, 0x1,
    0xff, 0xf0, 0x1f, 0xff, 0x0,

    /* U+0131 "ı" */
    0x5f, 0xfc, 0x5f, 0xfc, 0x5f, 0xfc, 0x5f, 0xfc,
    0x5f, 0xfc, 0x5f, 0xfc, 0x5f, 0xfc, 0x5f, 0xfc,
    0x5f, 0xfc, 0x5f, 0xfc, 0x5f, 0xfc, 0x5f, 0xfc,
    0x5f, 0xfc,

    /* U+0132 "Ĳ" */
    0x1f, 0xff, 0x0, 0x0, 0x0, 0x0, 0x0, 0x4,
    0xff, 0xd1, 0xff, 0xf0, 0x0, 0x0, 0x0, 0x0,
    0x0, 0x4f, 0xfd, 0x1f, 0xff, 0x0, 0x0, 0x0,
    0x0, 0x0, 0x4, 0xff, 0xd1, 0xff, 0xf0, 0x0,
    0x0, 0x0, 0x0, 0x0, 0x4f, 0xfd, 0x1f, 0xff,
    0x0, 0x0, 0x0, 0x0, 0x0, 0x4, 0xff, 0xd1,
    0xff, 0xf0, 0x0, 0x0, 0x0, 0x0, 0x0, 0x4f,
    0xfd, 0x1f, 0xff, 0x0, 0x0, 0x0, 0x0, 0x0,
    0x4, 0xff, 0xd1, 0xff, 0xf0, 0x0, 0x0, 0x0,
    0x0, 0x0, 0x4f, 0xfd, 0x1f, 0xff, 0x0, 0x0,
    0x0, 0x0, 0x0, 0x4, 0xff, 0xd1, 0xff, 0xf0,
    0x0, 0x0, 0x0, 0x0, 0x0, 0x4f, 0xfd, 0x1f,
    0xff, 0x0, 0x3, 0x33, 0x0, 0x0, 0x4, 0xff,
    0xd1, 0xff, 0xf0, 0x0, 0xff, 0xf2, 0x0, 0x0,
    0x6f, 0xfb, 0x1f, 0xff, 0x0, 0xe, 0xff, 0x50,
    0x0, 0x9, 0xff, 0x91, 0xff, 0xf0, 0x0, 0x8f,
    0xfd, 0x10, 0x4, 0xff, 0xf4, 0x1f, 0xff, 0x0,
    0x1, 0xef, 0xff, 0xcc, 0xff, 0xfb, 0x1, 0xff,
    0xf0, 0x0, 0x4, 0xef, 0xff, 0xff, 0xfc, 0x10,
    0x1f, 0xff, 0x0, 0x0, 0x1, 0x8d, 0xfe, 0xc6,
    0x0, 0x0,

    /* U+0133 "ĳ" */
    0x6f, 0xfd, 0x0, 0x8, 0xff, 0xa6, 0xff, 0xd0,
    0x0, 0x8f, 0xfa, 0x4b, 0xb9, 0x0, 0x5, 0xbb,
    0x70, 0x0, 0x0, 0x0, 0x0, 0x0, 0x5f, 0xfc,
    0x0, 0x7, 0xff, 0x95, 0xff, 0xc0, 0x0, 0x7f,
    0xf9, 0x5f, 0xfc, 0x0, 0x7, 0xff, 0x95, 0xff,
    0xc0, 0x0, 0x7f, 0xf9, 0x5f, 0xfc, 0x0, 0x7,
    0xff, 0x95, 0xff, 0xc0, 0x0, 0x7f, 0xf9, 0x5f,
    0xfc, 0x0, 0x7, 0xff, 0x95, 0xff, 0xc0, 0x0,
    0x7f, 0xf9, 0x5f, 0xfc, 0x0, 0x7, 0xff, 0x95,
    0xff, 0xc0, 0x0, 0x7f, 0xf9, 0x5f, 0xfc, 0x0,
    0x7, 0xff, 0x95, 0xff, 0xc0, 0x0, 0x7f, 0xf9,
    0x5f, 0xfc, 0x0, 0x7, 0xff, 0x90, 0x0, 0x0,
    0x0, 0x7f, 0xf9, 0x0, 0x0, 0x5, 0x6e, 0xff,
    0x70, 0x0, 0x2, 0xff, 0xff, 0xf2, 0x0, 0x0,
    0x2f, 0xff, 0xc4, 0x0,

    /* U+0134 "Ĵ" */
    0x0, 0x0, 0x0, 0x0, 0x2f, 0xff, 0x90, 0x0,
    0x0, 0x0, 0x0, 0xc, 0xfd, 0xff, 0x30, 0x0,
    0x0, 0x0, 0x7, 0xfd, 0x7, 0xfd, 0x0, 0x0,
    0x0, 0x0, 0x78, 0x20, 0x7, 0x82, 0x0, 0x0,
    0x0, 0x0, 0x0, 0x0, 0x0, 0x0, 0x0, 0x0,
    0x0, 0x0, 0xef, 0xf4, 0x0, 0x0, 0x0, 0x0,
    0x0, 0xe, 0xff, 0x40, 0x0, 0x0, 0x0, 0x0,
    0x0, 0xef, 0xf4, 0x0, 0x0, 0x0, 0x0, 0x0,
    0xe, 0xff, 0x40, 0x0, 0x0, 0x0, 0x0, 0x0,
    0xef, 0xf4, 0x0, 0x0, 0x0, 0x0, 0x0, 0xe,
    0xff, 0x40, 0x0, 0x0, 0x0, 0x0, 0x0, 0xef,
    0xf4, 0x0, 0x0, 0x0, 0x0, 0x0, 0xe, 0xff,
    0x40, 0x0, 0x0, 0x0, 0x0, 0x0, 0xef, 0xf4,
    0x0, 0x0, 0x0, 0x0, 0x0, 0xe, 0xff, 0x40,
    0x2, 0x33, 0x10, 0x0, 0x0, 0xef, 0xf3, 0x0,
    0x9f, 0xf9, 0x0, 0x0, 0xf, 0xff, 0x20, 0x7,
    0xff, 0xc0, 0x0, 0x3, 0xff, 0xf0, 0x0, 0x2f,
    0xff, 0x60, 0x1, 0xcf, 0xfb, 0x0, 0x0, 0x9f,
    0xff, 0xdb, 0xef, 0xff, 0x30, 0x0, 0x0, 0xbf,
    0xff, 0xff, 0xff, 0x50, 0x0, 0x0, 0x0, 0x5b,
    0xef, 0xd9, 0x20, 0x0, 0x0,

    /* U+0135 "ĵ" */
    0x0, 0xc, 0xfe, 0xf2, 0x0, 0xb, 0xf5, 0x1e,
    0xe1, 0x3, 0x86, 0x0, 0x48, 0x60, 0x0, 0x0,
    0x0, 0x0, 0x0, 0x6, 0xff, 0xb0, 0x0, 0x0,
    0x6f, 0xfb, 0x0, 0x0, 0x6, 0xff, 0xb0, 0x0,
    0x0, 0x6f, 0xfb, 0x0, 0x0, 0x6, 0xff, 0xb0,
    0x0, 0x0, 0x6f, 0xfb, 0x0, 0x0, 0x6, 0xff,
    0xb0, 0x0, 0x0, 0x6f, 0xfb, 0x0, 0x0, 0x6,
    0xff, 0xb0, 0x0, 0x0, 0x6f, 0xfb, 0x0, 0x0,
    0x6, 0xff, 0xb0, 0x0, 0x0, 0x6f, 0xfb, 0x0,
    0x0, 0x6, 0xff, 0xb0, 0x0, 0x0, 0x6f, 0xfa,
    0x0, 0x5, 0x6d, 0xff, 0x80, 0x1, 0xff, 0xff,
    0xf3, 0x0, 0x1f, 0xff, 0xc5, 0x0, 0x0,

    /* U+0136 "Ķ" */
    0x1f, 0xff, 0x0, 0x0, 0x0, 0xbf, 0xfe, 0x11,
    0xff, 0xf0, 0x0, 0x0, 0x9f, 0xff, 0x20, 0x1f,
    0xff, 0x0, 0x0, 0x6f, 0xff, 0x40, 0x1, 0xff,
    0xf0, 0x0, 0x4f, 0xff, 0x60, 0x0, 0x1f, 0xff,
    0x0, 0x3f, 0xff, 0x90, 0x0, 0x1, 0xff, 0xf0,
    0x1e, 0xff, 0xb0, 0x0, 0x0, 0x1f, 0xff, 0x1d,
    0xff, 0xc0, 0x0, 0x0, 0x1, 0xff, 0xfc, 0xff,
    0xf3, 0x0, 0x0, 0x0, 0x1f, 0xff, 0xff, 0xff,
    0xc0, 0x0, 0x0, 0x1, 0xff, 0xff, 0xef, 0xff,
    0x70, 0x0, 0x0, 0x1f, 0xff, 0xf3, 0x6f, 0xff,
    0x30, 0x0, 0x1, 0xff, 0xf4, 0x0, 0xaf, 0xfd,
    0x0, 0x0, 0x1f, 0xff, 0x0, 0x1, 0xef, 0xf9,
    0x0, 0x1, 0xff, 0xf0, 0x0, 0x4, 0xff, 0xf5,
    0x0, 0x1f, 0xff, 0x0, 0x0, 0x8, 0xff, 0xe1,
    0x1, 0xff, 0xf0, 0x0, 0x0, 0xc, 0xff, 0xb0,
    0x1f, 0xff, 0x0, 0x0, 0x0, 0x2f, 0xff, 0x70,
    0x0, 0x0, 0x0, 0x0, 0x0, 0x0, 0x0, 0x0,
    0x0, 0x0, 0x89, 0x80, 0x0, 0x0, 0x0, 0x0,
    0x0, 0xf, 0xff, 0x0, 0x0, 0x0, 0x0, 0x0,
    0x0, 0xff, 0xe0, 0x0, 0x0, 0x0, 0x0, 0x0,
    0x6, 0xf7, 0x0, 0x0, 0x0, 0x0, 0x0, 0x1,
    0xfc, 0x0, 0x0, 0x0, 0x0,

    /* U+0137 "ķ" */
    0x5f, 0xfc, 0x0, 0x0, 0x0, 0x0, 0x5, 0xff,
    0xc0, 0x0, 0x0, 0x0, 0x0, 0x5f, 0xfc, 0x0,
    0x0, 0x0, 0x0, 0x5, 0xff, 0xc0, 0x0, 0x0,
    0x0, 0x0, 0x5f, 0xfc, 0x0, 0x0, 0x6f, 0xff,
    0x55, 0xff, 0xc0, 0x0, 0x5f, 0xff, 0x60, 0x5f,
    0xfc, 0x0, 0x4f, 0xff, 0x70, 0x5, 0xff, 0xc0,
    0x2f, 0xff, 0x80, 0x0, 0x5f, 0xfc, 0x2e, 0xff,
    0x90, 0x0, 0x5, 0xff, 0xdd, 0xff, 0xf0, 0x0,
    0x0, 0x5f, 0xff, 0xff, 0xff, 0x80, 0x0, 0x5,
    0xff, 0xff, 0x9f, 0xff, 0x30, 0x0, 0x5f, 0xff,
    0x90, 0x6f, 0xfd, 0x0, 0x5, 0xff, 0xd0, 0x0,
    0xcf, 0xf9, 0x0, 0x5f, 0xfc, 0x0, 0x2, 0xff,
    0xf4, 0x5, 0xff, 0xc0, 0x0, 0x7, 0xff, 0xe0,
    0x5f, 0xfc, 0x0, 0x0, 0xc, 0xff, 0xa0, 0x0,
    0x0, 0x0, 0x0, 0x0, 0x0, 0x0, 0x0, 0x9,
    0x97, 0x0, 0x0, 0x0, 0x0, 0x0, 0xff, 0xd0,
    0x0, 0x0, 0x0, 0x0, 0xf, 0xfd, 0x0, 0x0,
    0x0, 0x0, 0x0, 0x8f, 0x50, 0x0, 0x0, 0x0,
    0x0, 0x2f, 0xb0, 0x0, 0x0, 0x0,

    /* U+0138 "ĸ" */
    0x6f, 0xb0, 0x0, 0x5d, 0xf3, 0x6f, 0xb0, 0x1,
    0xff, 0xd2, 0x6f, 0xb0, 0x8, 0xf5, 0x0, 0x6f,
    0xb0, 0xe, 0xe0, 0x0, 0x6f, 0xb0, 0x5f, 0x80,
    0x0, 0x6f, 0xb3, 0xde, 0x10, 0x0, 0x6f, 0xff,
    0xf3, 0x0, 0x0, 0x6f, 0xc6, 0xfe, 0x30, 0x0,
    0x6f, 0xb0, 0x5f, 0xe1, 0x0, 0x6f, 0xb0, 0xa,
    0xf9, 0x0, 0x6f, 0xb0, 0x1, 0xff, 0x30, 0x6f,
    0xb0, 0x0, 0x7f, 0xc0, 0x6f, 0xb0, 0x0, 0xd,
    0xf6,

    /* U+0139 "Ĺ" */
    0x0, 0x25, 0x52, 0x0, 0x0, 0x0, 0x0, 0xd,
    0xff, 0x20, 0x0, 0x0, 0x0, 0x4, 0xff, 0x70,
    0x0, 0x0, 0x0, 0x0, 0xbf, 0xc0, 0x0, 0x0,
    0x0, 0x0, 0x0, 0x0, 0x0, 0x0, 0x0, 0x0,
    0x1, 0xff, 0xf0, 0x0, 0x0, 0x0, 0x0, 0x1f,
    0xff, 0x0, 0x0, 0x0, 0x0, 0x1, 0xff, 0xf0,
    0x0, 0x0, 0x0, 0x0, 0x1f, 0xff, 0x0, 0x0,
    0x0, 0x0, 0x1, 0xff, 0xf0, 0x0, 0x0, 0x0,
    0x0, 0x1f, 0xff, 0x0, 0x0, 0x0, 0x0, 0x1,
    0xff, 0xf0, 0x0, 0x0, 0x0, 0x0, 0x1f, 0xff,
    0x0, 0x0, 0x0, 0x0, 0x1, 0xff, 0xf0, 0x0,
    0x0, 0x0, 0x0, 0x1f, 0xff, 0x0, 0x0, 0x0,
    0x0, 0x1, 0xff, 0xf0, 0x0, 0x0, 0x0, 0x0,
    0x1f, 0xff, 0x0, 0x0, 0x0, 0x0, 0x1, 0xff,
    0xf0, 0x0, 0x0, 0x0, 0x0, 0x1f, 0xff, 0x0,
    0x0, 0x0, 0x0, 0x1, 0xff, 0xfb, 0xbb, 0xbb,
    0xbb, 0xb1, 0x1f, 0xff, 0xff, 0xff, 0xff, 0xff,
    0x21, 0xff, 0xff, 0xff, 0xff, 0xff, 0xf2,

    /* U+013A "ĺ" */
    0x0, 0xef, 0xf1, 0x6, 0xff, 0x60, 0xc, 0xfc,
    0x0, 0x5, 0x51, 0x0, 0x5f, 0xfc, 0x0, 0x5f,
    0xfc, 0x0, 0x5f, 0xfc, 0x0, 0x5f, 0xfc, 0x0,
    0x5f, 0xfc, 0x0, 0x5f, 0xfc, 0x0, 0x5f, 0xfc,
    0x0, 0x5f, 0xfc, 0x0, 0x5f, 0xfc, 0x0, 0x5f,
    0xfc, 0x0, 0x5f, 0xfc, 0x0, 0x5f, 0xfc, 0x0,
    0x5f, 0xfc, 0x0, 0x5f, 0xfc, 0x0, 0x3f, 0xff,
    0x73, 0xe, 0xff, 0xfa, 0x3, 0xcf, 0xfa,

    /* U+013B "Ļ" */
    0x1f, 0xff, 0x0, 0x0, 0x0, 0x0, 0x1, 0xff,
    0xf0, 0x0, 0x0, 0x0, 0x0, 0x1f, 0xff, 0x0,
    0x0, 0x0, 0x0, 0x1, 0xff, 0xf0, 0x0, 0x0,
    0x0, 0x0, 0x1f, 0xff, 0x0, 0x0, 0x0, 0x0,
    0x1, 0xff, 0xf0, 0x0, 0x0, 0x0, 0x0, 0x1f,
    0xff, 0x0, 0x0, 0x0, 0x0, 0x1, 0xff, 0xf0,
    0x0, 0x0, 0x0, 0x0, 0x1f, 0xff, 0x0, 0x0,
    0x0, 0x0, 0x1, 0xff, 0xf0, 0x0, 0x0, 0x0,
    0x0, 0x1f, 0xff, 0x0, 0x0, 0x0, 0x0, 0x1,
    0xff, 0xf0, 0x0, 0x0, 0x0, 0x0, 0x1f, 0xff,
    0x0, 0x0, 0x0, 0x0, 0x1, 0xff, 0xf0, 0x0,
    0x0, 0x0, 0x0, 0x1f, 0xff, 0xbb, 0xbb, 0xbb,
    0xbb, 0x11, 0xff, 0xff, 0xff, 0xff, 0xff, 0xf2,
    0x1f, 0xff, 0xff, 0xff, 0xff, 0xff, 0x20, 0x0,
    0x0, 0x0, 0x0, 0x0, 0x0, 0x0, 0x0, 0x8,
    0x98, 0x0, 0x0, 0x0, 0x0, 0x0, 0xef, 0xf0,
    0x0, 0x0, 0x0, 0x0, 0xe, 0xfe, 0x0, 0x0,
    0x0, 0x0, 0x0, 0x6f, 0x70, 0x0, 0x0, 0x0,
    0x0, 0x1f, 0xd0, 0x0, 0x0, 0x0,

    /* U+013C "ļ" */
    0x5f, 0xfc, 0x0, 0x5f, 0xfc, 0x0, 0x5f, 0xfc,
    0x0, 0x5f, 0xfc, 0x0, 0x5f, 0xfc, 0x0, 0x5f,
    0xfc, 0x0, 0x5f, 0xfc, 0x0, 0x5f, 0xfc, 0x0,
    0x5f, 0xfc, 0x0, 0x5f, 0xfc, 0x0, 0x5f, 0xfc,
    0x0, 0x5f, 0xfc, 0x0, 0x5f, 0xfc, 0x0, 0x5f,
    0xfc, 0x0, 0x3f, 0xff, 0x73, 0xe, 0xff, 0xfa,
    0x3, 0xcf, 0xfa, 0x0, 0x0, 0x0, 0x1, 0x99,
    0x60, 0x3, 0xff, 0xb0, 0x3, 0xff, 0xa0, 0x0,
    0xaf, 0x30, 0x4, 0xf9, 0x0,

    /* U+013D "Ľ" */
    0x1f, 0xff, 0x0, 0x0, 0xf, 0xfa, 0x1, 0xff,
    0xf0, 0x0, 0x2, 0xff, 0x70, 0x1f, 0xff, 0x0,
    0x0, 0x4f, 0xf4, 0x1, 0xff, 0xf0, 0x0, 0x5,
    0xff, 0x10, 0x1f, 0xff, 0x0, 0x0, 0x7f, 0xe0,
    0x1, 0xff, 0xf0, 0x0, 0x9, 0xfa, 0x0, 0x1f,
    0xff, 0x0, 0x0, 0x59, 0x40, 0x1, 0xff, 0xf0,
    0x0, 0x0, 0x0, 0x0, 0x1f, 0xff, 0x0, 0x0,
    0x0, 0x0, 0x1, 0xff, 0xf0, 0x0, 0x0, 0x0,
    0x0, 0x1f, 0xff, 0x0, 0x0, 0x0, 0x0, 0x1,
    0xff, 0xf0, 0x0, 0x0, 0x0, 0x0, 0x1f, 0xff,
    0x0, 0x0, 0x0, 0x0, 0x1, 0xff, 0xf0, 0x0,
    0x0, 0x0, 0x0, 0x1f, 0xff, 0xbb, 0xbb, 0xbb,
    0xbb, 0x11, 0xff, 0xff, 0xff, 0xff, 0xff, 0xf2,
    0x1f, 0xff, 0xff, 0xff, 0xff, 0xff, 0x20,

    /* U+013E "ľ" */
    0x5f, 0xfc, 0x5, 0xff, 0x55, 0xff, 0xc0, 0x7f,
    0xf2, 0x5f, 0xfc, 0x9, 0xff, 0x5, 0xff, 0xc0,
    0xaf, 0xc0, 0x5f, 0xfc, 0xc, 0xf9, 0x5, 0xff,
    0xc0, 0xef, 0x50, 0x5f, 0xfc, 0x8, 0x91, 0x5,
    0xff, 0xc0, 0x0, 0x0, 0x5f, 0xfc, 0x0, 0x0,
    0x5, 0xff, 0xc0, 0x0, 0x0, 0x5f, 0xfc, 0x0,
    0x0, 0x5, 0xff, 0xc0, 0x0, 0x0, 0x5f, 0xfc,
    0x0, 0x0, 0x5, 0xff, 0xc0, 0x0, 0x0, 0x3f,
    0xff, 0x73, 0x0, 0x0, 0xef, 0xff, 0xa0, 0x0,
    0x3, 0xcf, 0xfa, 0x0, 0x0,

    /* U+013F "Ŀ" */
    0x3f, 0xf1, 0x0, 0x0, 0x0, 0x0, 0x3f, 0xf1,
    0x0, 0x0, 0x0, 0x0, 0x3f, 0xf1, 0x0, 0x0,
    0x0, 0x0, 0x3f, 0xf1, 0x0, 0x0, 0x0, 0x0,
    0x3f, 0xf1, 0x0, 0x0, 0x0, 0x0, 0x3f, 0xf1,
    0x0, 0x0, 0x0, 0x0, 0x3f, 0xf1, 0x0, 0x0,
    0x0, 0x0, 0x3f, 0xf1, 0x0, 0x0, 0x0, 0x0,
    0x3f, 0xf1, 0x0, 0xbf, 0x60, 0x0, 0x3f, 0xf1,
    0x0, 0xbf, 0x60, 0x0, 0x3f, 0xf1, 0x0, 0x57,
    0x30, 0x0, 0x3f, 0xf1, 0x0, 0x0, 0x0, 0x0,
    0x3f, 0xf1, 0x0, 0x0, 0x0, 0x0, 0x3f, 0xf1,
    0x0, 0x0, 0x0, 0x0, 0x3f, 0xf1, 0x0, 0x0,
    0x0, 0x0, 0x3f, 0xf2, 0x11, 0x11, 0x11, 0x10,
    0x3f, 0xff, 0xff, 0xff, 0xff, 0xf8, 0x3f, 0xff,
    0xff, 0xff, 0xff, 0xf8,

    /* U+0140 "ŀ" */
    0x6f, 0xb0, 0x0, 0x6, 0xfb, 0x0, 0x0, 0x6f,
    0xb0, 0x0, 0x6, 0xfb, 0x0, 0x0, 0x6f, 0xb0,
    0x0, 0x6, 0xfb, 0x0, 0x0, 0x6f, 0xb0, 0x0,
    0x6, 0xfb, 0x0, 0x0, 0x6f, 0xb0, 0xaf, 0x86,
    0xfb, 0xa, 0xf8, 0x6f, 0xb0, 0x47, 0x36, 0xfb,
    0x0, 0x0, 0x6f, 0xb0, 0x0, 0x6, 0xfb, 0x0,
    0x0, 0x6f, 0xb0, 0x0, 0x6, 0xfb, 0x0, 0x0,
    0x6f, 0xb0, 0x0, 0x6, 0xfb, 0x0, 0x0,

    /* U+0141 "Ł" */
    0x1, 0xff, 0xf0, 0x0, 0x0, 0x0, 0x0, 0x1,
    0xff, 0xf0, 0x0, 0x0, 0x0, 0x0, 0x1, 0xff,
    0xf0, 0x0, 0x0, 0x0, 0x0, 0x1, 0xff, 0xf0,
    0x0, 0x0, 0x0, 0x0, 0x1, 0xff, 0xf0, 0x0,
    0x0, 0x0, 0x0, 0x1, 0xff, 0xf0, 0x4c, 0x60,
    0x0, 0x0, 0x1, 0xff, 0xfd, 0xff, 0x60, 0x0,
    0x0, 0x1, 0xff, 0xff, 0xe7, 0x0, 0x0, 0x0,
    0x4e, 0xff, 0xf7, 0x0, 0x0, 0x0, 0x0, 0xcf,
    0xff, 0xf0, 0x0, 0x0, 0x0, 0x0, 0xa8, 0xff,
    0xf0, 0x0, 0x0, 0x0, 0x0, 0x1, 0xff, 0xf0,
    0x0, 0x0, 0x0, 0x0, 0x1, 0xff, 0xf0, 0x0,
    0x0, 0x0, 0x0, 0x1, 0xff, 0xf0, 0x0, 0x0,
    0x0, 0x0, 0x1, 0xff, 0xfb, 0xbb, 0xbb, 0xbb,
    0xb1, 0x1, 0xff, 0xff, 0xff, 0xff, 0xff, 0xf2,
    0x1, 0xff, 0xff, 0xff, 0xff, 0xff, 0xf2,

    /* U+0142 "ł" */
    0x5, 0xff, 0xc0, 0x0, 0x5f, 0xfc, 0x0, 0x5,
    0xff, 0xc0, 0x0, 0x5f, 0xfc, 0x0, 0x5, 0xff,
    0xc0, 0x0, 0x5f, 0xfc, 0x59, 0x5, 0xff, 0xff,
    0xd3, 0xff, 0xff, 0xb4, 0xef, 0xff, 0xe0, 0xc,
    0xcf, 0xfc, 0x0, 0x5, 0xff, 0xc0, 0x0, 0x5f,
    0xfc, 0x0, 0x5, 0xff, 0xc0, 0x0, 0x5f, 0xfc,
    0x0, 0x3, 0xff, 0xf7, 0x30, 0xe, 0xff, 0xfa,
    0x0, 0x3c, 0xff, 0xa0,

    /* U+0143 "Ń" */
    0x0, 0x0, 0x0, 0x0, 0x45, 0x51, 0x0, 0x0,
    0x0, 0x0, 0x0, 0x1, 0xff, 0xc0, 0x0, 0x0,
    0x0, 0x0, 0x0, 0x8, 0xff, 0x30, 0x0, 0x0,
    0x0, 0x0, 0x0, 0xe, 0xf8, 0x0, 0x0, 0x0,
    0x0, 0x0, 0x0, 0x0, 0x0, 0x0, 0x0, 0x0,
    0x1f, 0xff, 0xd0, 0x0, 0x0, 0x1, 0xff, 0xf0,
    0x1f, 0xff, 0xf6, 0x0, 0x0, 0x1, 0xff, 0xf0,
    0x1f, 0xff, 0xfe, 0x10, 0x0, 0x1, 0xff, 0xf0,
    0x1f, 0xff, 0xff, 0x90, 0x0, 0x1, 0xff, 0xf0,
    0x1f, 0xff, 0xff, 0xf2, 0x0, 0x1, 0xff, 0xf0,
    0x1f, 0xff, 0x7f, 0xfb, 0x0, 0x1, 0xff, 0xf0,
    0x1f, 0xff, 0xd, 0xff, 0x40, 0x1, 0xff, 0xf0,
    0x1f, 0xff, 0x4, 0xff, 0xd0, 0x1, 0xff, 0xf0,
    0x1f, 0xff, 0x0, 0xaf, 0xf7, 0x1, 0xff, 0xf0,
    0x1f, 0xff, 0x0, 0x1f, 0xfe, 0x11, 0xff, 0xf0,
    0x1f, 0xff, 0x0, 0x8, 0xff, 0x91, 0xff, 0xf0,
    0x1f, 0xff, 0x0, 0x0, 0xef, 0xf4, 0xff, 0xf0,
    0x1f, 0xff, 0x0, 0x0, 0x5f, 0xfd, 0xff, 0xf0,
    0x1f, 0xff, 0x0, 0x0, 0xc, 0xff, 0xff, 0xf0,
    0x1f, 0xff, 0x0, 0x0, 0x3, 0xff, 0xff, 0xf0,
    0x1f, 0xff, 0x0, 0x0, 0x0, 0x9f, 0xff, 0xf0,
    0x1f, 0xff, 0x0, 0x0, 0x0, 0x1e, 0xff, 0xf0,

    /* U+0144 "ń" */
    0x0, 0x0, 0x0, 0x45, 0x51, 0x0, 0x0, 0x0,
    0x1, 0xff, 0xd0, 0x0, 0x0, 0x0, 0x8, 0xff,
    0x30, 0x0, 0x0, 0x0, 0xe, 0xf8, 0x0, 0x0,
    0x0, 0x0, 0x0, 0x0, 0x0, 0x0, 0x5f, 0xf7,
    0x19, 0xef, 0xd7, 0x0, 0x5f, 0xf8, 0xdf, 0xff,
    0xff, 0xa0, 0x5f, 0xff, 0xfb, 0x8c, 0xff, 0xf4,
    0x5f, 0xff, 0x70, 0x0, 0xcf, 0xf9, 0x5f, 0xfe,
    0x0, 0x0, 0x7f, 0xfb, 0x5f, 0xfc, 0x0, 0x0,
    0x5f, 0xfc, 0x5f, 0xfc, 0x0, 0x0, 0x5f, 0xfc,
    0x5f, 0xfc, 0x0, 0x0, 0x5f, 0xfc, 0x5f, 0xfc,
    0x0, 0x0, 0x5f, 0xfc, 0x5f, 0xfc, 0x0, 0x0,
    0x5f, 0xfc, 0x5f, 0xfc, 0x0, 0x0, 0x5f, 0xfc,
    0x5f, 0xfc, 0x0, 0x0, 0x5f, 0xfc, 0x5f, 0xfc,
    0x0, 0x0, 0x5f, 0xfc,

    /* U+0145 "Ņ" */
    0x1f, 0xff, 0xd0, 0x0, 0x0, 0x1, 0xff, 0xf0,
    0x1f, 0xff, 0xf6, 0x0, 0x0, 0x1, 0xff, 0xf0,
    0x1f, 0xff, 0xfe, 0x10, 0x0, 0x1, 0xff, 0xf0,
    0x1f, 0xff, 0xff, 0x90, 0x0, 0x1, 0xff, 0xf0,
    0x1f, 0xff, 0xff, 0xf2, 0x0, 0x1, 0xff, 0xf0,
    0x1f, 0xff, 0x7f, 0xfb, 0x0, 0x1, 0xff, 0xf0,
    0x1f, 0xff, 0xd, 0xff, 0x40, 0x1, 0xff, 0xf0,
    0x1f, 0xff, 0x4, 0xff, 0xd0, 0x1, 0xff, 0xf0,
    0x1f, 0xff, 0x0, 0xaf, 0xf7, 0x1, 0xff, 0xf0,
    0x1f, 0xff, 0x0, 0x1f, 0xfe, 0x11, 0xff, 0xf0,
    0x1f, 0xff, 0x0, 0x8, 0xff, 0x91, 0xff, 0xf0,
    0x1f, 0xff, 0x0, 0x0, 0xef, 0xf4, 0xff, 0xf0,
    0x1f, 0xff, 0x0, 0x0, 0x5f, 0xfd, 0xff, 0xf0,
    0x1f, 0xff, 0x0, 0x0, 0xc, 0xff, 0xff, 0xf0,
    0x1f, 0xff, 0x0, 0x0, 0x3, 0xff, 0xff, 0xf0,
    0x1f, 0xff, 0x0, 0x0, 0x0, 0x9f, 0xff, 0xf0,
    0x1f, 0xff, 0x0, 0x0, 0x0, 0x1e, 0xff, 0xf0,
    0x0, 0x0, 0x0, 0x0, 0x0, 0x0, 0x0, 0x0,
    0x0, 0x0, 0x0, 0x49, 0x93, 0x0, 0x0, 0x0,
    0x0, 0x0, 0x0, 0x7f, 0xf6, 0x0, 0x0, 0x0,
    0x0, 0x0, 0x0, 0x7f, 0xf5, 0x0, 0x0, 0x0,
    0x0, 0x0, 0x0, 0xe, 0xd0, 0x0, 0x0, 0x0,
    0x0, 0x0, 0x0, 0x9f, 0x40, 0x0, 0x0, 0x0,

    /* U+0146 "ņ" */
    0x5f, 0xf7, 0x19, 0xef, 0xd7, 0x0, 0x5f, 0xf8,
    0xdf, 0xff, 0xff, 0xa0, 0x5f, 0xff, 0xfb, 0x8c,
    0xff, 0xf4, 0x5f, 0xff, 0x70, 0x0, 0xcf, 0xf9,
    0x5f, 0xfe, 0x0, 0x0, 0x7f, 0xfb, 0x5f, 0xfc,
    0x0, 0x0, 0x5f, 0xfc, 0x5f, 0xfc, 0x0, 0x0,
    0x5f, 0xfc, 0x5f, 0xfc, 0x0, 0x0, 0x5f, 0xfc,
    0x5f, 0xfc, 0x0, 0x0, 0x5f, 0xfc, 0x5f, 0xfc,
    0x0, 0x0, 0x5f, 0xfc, 0x5f, 0xfc, 0x0, 0x0,
    0x5f, 0xfc, 0x5f, 0xfc, 0x0, 0x0, 0x5f, 0xfc,
    0x5f, 0xfc, 0x0, 0x0, 0x5f, 0xfc, 0x0, 0x0,
    0x0, 0x0, 0x0, 0x0, 0x0, 0x0, 0x29, 0x96,
    0x0, 0x0, 0x0, 0x0, 0x3f, 0xfa, 0x0, 0x0,
    0x0, 0x0, 0x3f, 0xfa, 0x0, 0x0, 0x0, 0x0,
    0xb, 0xf2, 0x0, 0x0, 0x0, 0x0, 0x5f, 0x80,
    0x0, 0x0,

    /* U+0147 "Ň" */
    0x0, 0x0, 0x4f, 0xe1, 0x9, 0xfa, 0x0, 0x0,
    0x0, 0x0, 0xa, 0xfb, 0x5f, 0xe1, 0x0, 0x0,
    0x0, 0x0, 0x1, 0xef, 0xff, 0x60, 0x0, 0x0,
    0x0, 0x0, 0x0, 0x48, 0x87, 0x0, 0x0, 0x0,
    0x0, 0x0, 0x0, 0x0, 0x0, 0x0, 0x0, 0x0,
    0x1f, 0xff, 0xd0, 0x0, 0x0, 0x1, 0xff, 0xf0,
    0x1f, 0xff, 0xf6, 0x0, 0x0, 0x1, 0xff, 0xf0,
    0x1f, 0xff, 0xfe, 0x10, 0x0, 0x1, 0xff, 0xf0,
    0x1f, 0xff, 0xff, 0x90, 0x0, 0x1, 0xff, 0xf0,
    0x1f, 0xff, 0xff, 0xf2, 0x0, 0x1, 0xff, 0xf0,
    0x1f, 0xff, 0x7f, 0xfb, 0x0, 0x1, 0xff, 0xf0,
    0x1f, 0xff, 0xd, 0xff, 0x40, 0x1, 0xff, 0xf0,
    0x1f, 0xff, 0x4, 0xff, 0xd0, 0x1, 0xff, 0xf0,
    0x1f, 0xff, 0x0, 0xaf, 0xf7, 0x1, 0xff, 0xf0,
    0x1f, 0xff, 0x0, 0x1f, 0xfe, 0x11, 0xff, 0xf0,
    0x1f, 0xff, 0x0, 0x8, 0xff, 0x91, 0xff, 0xf0,
    0x1f, 0xff, 0x0, 0x0, 0xef, 0xf4, 0xff, 0xf0,
    0x1f, 0xff, 0x0, 0x0, 0x5f, 0xfd, 0xff, 0xf0,
    0x1f, 0xff, 0x0, 0x0, 0xc, 0xff, 0xff, 0xf0,
    0x1f, 0xff, 0x0, 0x0, 0x3, 0xff, 0xff, 0xf0,
    0x1f, 0xff, 0x0, 0x0, 0x0, 0x9f, 0xff, 0xf0,
    0x1f, 0xff, 0x0, 0x0, 0x0, 0x1e, 0xff, 0xf0,

    /* U+0148 "ň" */
    0x0, 0x38, 0x60, 0x3, 0x86, 0x0, 0x0, 0xe,
    0xf6, 0x1e, 0xf5, 0x0, 0x0, 0x4, 0xff, 0xdf,
    0xb0, 0x0, 0x0, 0x0, 0xaf, 0xff, 0x20, 0x0,
    0x0, 0x0, 0x0, 0x0, 0x0, 0x0, 0x5f, 0xf7,
    0x19, 0xef, 0xd7, 0x0, 0x5f, 0xf8, 0xdf, 0xff,
    0xff, 0xa0, 0x5f, 0xff, 0xfb, 0x8c, 0xff, 0xf4,
    0x5f, 0xff, 0x70, 0x0, 0xcf, 0xf9, 0x5f, 0xfe,
    0x0, 0x0, 0x7f, 0xfb, 0x5f, 0xfc, 0x0, 0x0,
    0x5f, 0xfc, 0x5f, 0xfc, 0x0, 0x0, 0x5f, 0xfc,
    0x5f, 0xfc, 0x0, 0x0, 0x5f, 0xfc, 0x5f, 0xfc,
    0x0, 0x0, 0x5f, 0xfc, 0x5f, 0xfc, 0x0, 0x0,
    0x5f, 0xfc, 0x5f, 0xfc, 0x0, 0x0, 0x5f, 0xfc,
    0x5f, 0xfc, 0x0, 0x0, 0x5f, 0xfc, 0x5f, 0xfc,
    0x0, 0x0, 0x5f, 0xfc,

    /* U+0149 "ŉ" */
    0xe, 0xf6, 0x0, 0x0, 0x0, 0x0, 0x0, 0x0,
    0xef, 0x60, 0x0, 0x0, 0x0, 0x0, 0x0, 0x7,
    0xe5, 0x0, 0x0, 0x0, 0x0, 0x0, 0x0, 0xe,
    0x40, 0x0, 0x0, 0x0, 0x0, 0x0, 0x7, 0xe0,
    0x0, 0x0, 0x0, 0x0, 0x0, 0x0, 0x92, 0xb,
    0xf2, 0x3b, 0xef, 0xc6, 0x0, 0x0, 0x0, 0xbf,
    0x7f, 0xfe, 0xff, 0xf9, 0x0, 0x0, 0xb, 0xff,
    0xa1, 0x0, 0x9f, 0xf1, 0x0, 0x0, 0xbf, 0xd0,
    0x0, 0x0, 0xef, 0x50, 0x0, 0xb, 0xf8, 0x0,
    0x0, 0xc, 0xf6, 0x0, 0x0, 0xbf, 0x60, 0x0,
    0x0, 0xbf, 0x60, 0x0, 0xb, 0xf6, 0x0, 0x0,
    0xb, 0xf6, 0x0, 0x0, 0xbf, 0x60, 0x0, 0x0,
    0xbf, 0x60, 0x0, 0xb, 0xf6, 0x0, 0x0, 0xb,
    0xf6, 0x0, 0x0, 0xbf, 0x60, 0x0, 0x0, 0xbf,
    0x60, 0x0, 0xb, 0xf6, 0x0, 0x0, 0xb, 0xf6,
    0x0, 0x0, 0xbf, 0x60, 0x0, 0x0, 0xbf, 0x60,
    0x0, 0xb, 0xf6, 0x0, 0x0, 0xb, 0xf6,

    /* U+014A "Ŋ" */
    0x1f, 0xff, 0xd0, 0x0, 0x0, 0x1, 0xff, 0xf0,
    0x1f, 0xff, 0xf6, 0x0, 0x0, 0x1, 0xff, 0xf0,
    0x1f, 0xff, 0xfe, 0x10, 0x0, 0x1, 0xff, 0xf0,
    0x1f, 0xff, 0xff, 0x90, 0x0, 0x1, 0xff, 0xf0,
    0x1f, 0xff, 0xff, 0xf2, 0x0, 0x1, 0xff, 0xf0,
    0x1f, 0xff, 0x7f, 0xfb, 0x0, 0x1, 0xff, 0xf0,
    0x1f, 0xff, 0xd, 0xff, 0x40, 0x1, 0xff, 0xf0,
    0x1f, 0xff, 0x4, 0xff, 0xd0, 0x1, 0xff, 0xf0,
    0x1f, 0xff, 0x0, 0xaf, 0xf7, 0x1, 0xff, 0xf0,
    0x1f, 0xff, 0x0, 0x1f, 0xfe, 0x11, 0xff, 0xf0,
    0x1f, 0xff, 0x0, 0x8, 0xff, 0x91, 0xff, 0xf0,
    0x1f, 0xff, 0x0, 0x0, 0xef, 0xf4, 0xff, 0xf0,
    0x1f, 0xff, 0x0, 0x0, 0x5f, 0xfd, 0xff, 0xf0,
    0x1f, 0xff, 0x0, 0x0, 0xc, 0xff, 0xff, 0xf0,
    0x1f, 0xff, 0x0, 0x0, 0x3, 0xff, 0xff, 0xf0,
    0x1f, 0xff, 0x0, 0x0, 0x0, 0x9f, 0xff, 0xf1,
    0x1f, 0xff, 0x0, 0x0, 0x0, 0x1e, 0xff, 0xf1,
    0x0, 0x0, 0x0, 0x0, 0x0, 0x0, 0xff, 0xf0,
    0x0, 0x0, 0x0, 0x0, 0x34, 0x49, 0xff, 0xd0,
    0x0, 0x0, 0x0, 0x0, 0xaf, 0xff, 0xff, 0x50,
    0x0, 0x0, 0x0, 0x0, 0xaf, 0xff, 0xd6, 0x0,

    /* U+014B "ŋ" */
    0x5f, 0xf7, 0x19, 0xef, 0xd7, 0x0, 0x5f, 0xf8,
    0xdf, 0xff, 0xff, 0xa0, 0x5f, 0xff, 0xfb, 0x8c,
    0xff, 0xf4, 0x5f, 0xff, 0x70, 0x0, 0xcf, 0xf9,
    0x5f, 0xfe, 0x0, 0x0, 0x7f, 0xfb, 0x5f, 0xfc,
    0x0, 0x0, 0x5f, 0xfc, 0x5f, 0xfc, 0x0, 0x0,
    0x5f, 0xfc, 0x5f, 0xfc, 0x0, 0x0, 0x5f, 0xfc,
    0x5f, 0xfc, 0x0, 0x0, 0x5f, 0xfc, 0x5f, 0xfc,
    0x0, 0x0, 0x5f, 0xfc, 0x5f, 0xfc, 0x0, 0x0,
    0x8f, 0xff, 0x5f, 0xfc, 0x0, 0x0, 0xaf, 0xff,
    0x5f, 0xfc, 0x0, 0x0, 0xaf, 0xff, 0x0, 0x0,
    0x0, 0x0, 0x6f, 0xfb, 0x0, 0x0, 0x1, 0x34,
    0xdf, 0xf8, 0x0, 0x0, 0x6, 0xff, 0xff, 0xe1,
    0x0, 0x0, 0x6, 0xff, 0xea, 0x20,

    /* U+014C "Ō" */
    0x0, 0x0, 0x15, 0x55, 0x55, 0x53, 0x0, 0x0,
    0x0, 0x0, 0x5, 0xff, 0xff, 0xff, 0xa0, 0x0,
    0x0, 0x0, 0x0, 0x5f, 0xff, 0xff, 0xfa, 0x0,
    0x0, 0x0, 0x0, 0x0, 0x0, 0x0, 0x0, 0x0,
    0x0, 0x0, 0x0, 0x0, 0x0, 0x0, 0x0, 0x0,
    0x0, 0x0, 0x0, 0x0, 0x4, 0xad, 0xff, 0xeb,
    0x60, 0x0, 0x0, 0x0, 0x1b, 0xff, 0xff, 0xff,
    0xff, 0xe3, 0x0, 0x0, 0x1d, 0xff, 0xfe, 0xcb,
    0xef, 0xff, 0xf4, 0x0, 0xa, 0xff, 0xf7, 0x0,
    0x0, 0x4e, 0xff, 0xe1, 0x2, 0xff, 0xf6, 0x0,
    0x0, 0x0, 0x2f, 0xff, 0x70, 0x8f, 0xfd, 0x0,
    0x0, 0x0, 0x0, 0x8f, 0xfd, 0xc, 0xff, 0x70,
    0x0, 0x0, 0x0, 0x3, 0xff, 0xf1, 0xdf, 0xf5,
    0x0, 0x0, 0x0, 0x0, 0xf, 0xff, 0x2f, 0xff,
    0x40, 0x0, 0x0, 0x0, 0x0, 0xff, 0xf4, 0xef,
    0xf5, 0x0, 0x0, 0x0, 0x0, 0xf, 0xff, 0x2c,
    0xff, 0x70, 0x0, 0x0, 0x0, 0x2, 0xff, 0xf1,
    0x8f, 0xfc, 0x0, 0x0, 0x0, 0x0, 0x8f, 0xfd,
    0x3, 0xff, 0xf6, 0x0, 0x0, 0x0, 0x1f, 0xff,
    0x80, 0xb, 0xff, 0xf7, 0x0, 0x0, 0x4e, 0xff,
    0xe1, 0x0, 0x1e, 0xff, 0xfe, 0xcb, 0xdf, 0xff,
    0xf4, 0x0, 0x0, 0x1b, 0xff, 0xff, 0xff, 0xff,
    0xe4, 0x0, 0x0, 0x0, 0x4, 0xad, 0xff, 0xeb,
    0x70, 0x0, 0x0,

    /* U+014D "ō" */
    0x0, 0x3, 0xff, 0xff, 0xff, 0xb0, 0x0, 0x0,
    0x3, 0xff, 0xff, 0xff, 0xb0, 0x0, 0x0, 0x1,
    0x44, 0x44, 0x44, 0x30, 0x0, 0x0, 0x0, 0x0,
    0x0, 0x0, 0x0, 0x0, 0x0, 0x0, 0x6c, 0xef,
    0xd9, 0x20, 0x0, 0x0, 0x2d, 0xff, 0xff, 0xff,
    0xf7, 0x0, 0x0, 0xdf, 0xfe, 0x98, 0xcf, 0xff,
    0x50, 0x7, 0xff, 0xe1, 0x0, 0x9, 0xff, 0xe0,
    0xc, 0xff, 0x70, 0x0, 0x1, 0xff, 0xf4, 0xf,
    0xff, 0x30, 0x0, 0x0, 0xcf, 0xf6, 0xf, 0xff,
    0x20, 0x0, 0x0, 0xbf, 0xf8, 0xf, 0xff, 0x30,
    0x0, 0x0, 0xcf, 0xf6, 0xc, 0xff, 0x70, 0x0,
    0x0, 0xff, 0xf4, 0x6, 0xff, 0xe1, 0x0, 0x8,
    0xff, 0xe0, 0x0, 0xdf, 0xfe, 0x97, 0xbf, 0xff,
    0x50, 0x0, 0x2d, 0xff, 0xff, 0xff, 0xf7, 0x0,
    0x0, 0x0, 0x6c, 0xef, 0xd9, 0x30, 0x0,

    /* U+014E "Ŏ" */
    0x0, 0x0, 0x8, 0x30, 0x0, 0x55, 0x0, 0x0,
    0x0, 0x0, 0x0, 0xdd, 0x42, 0x6f, 0x80, 0x0,
    0x0, 0x0, 0x0, 0x2, 0xdf, 0xff, 0xa0, 0x0,
    0x0, 0x0, 0x0, 0x0, 0x0, 0x34, 0x20, 0x0,
    0x0, 0x0, 0x0, 0x0, 0x0, 0x0, 0x0, 0x0,
    0x0, 0x0, 0x0, 0x0, 0x1, 0x8c, 0xef, 0xeb,
    0x60, 0x0, 0x0, 0x0, 0x7, 0xff, 0xff, 0xff,
    0xff, 0xd3, 0x0, 0x0, 0x9, 0xff, 0xb4, 0x10,
    0x16, 0xef, 0xf4, 0x0, 0x5, 0xff, 0x70, 0x0,
    0x0, 0x0, 0xcf, 0xe1, 0x0, 0xef, 0xa0, 0x0,
    0x0, 0x0, 0x1, 0xef, 0x90, 0x5f, 0xf2, 0x0,
    0x0, 0x0, 0x0, 0x6, 0xff, 0x9, 0xfc, 0x0,
    0x0, 0x0, 0x0, 0x0, 0x1f, 0xf4, 0xcf, 0x90,
    0x0, 0x0, 0x0, 0x0, 0x0, 0xef, 0x7d, 0xf8,
    0x0, 0x0, 0x0, 0x0, 0x0, 0xd, 0xf8, 0xdf,
    0x80, 0x0, 0x0, 0x0, 0x0, 0x0, 0xdf, 0x8c,
    0xf9, 0x0, 0x0, 0x0, 0x0, 0x0, 0xe, 0xf7,
    0x9f, 0xc0, 0x0, 0x0, 0x0, 0x0, 0x1, 0xff,
    0x45, 0xff, 0x20, 0x0, 0x0, 0x0, 0x0, 0x6f,
    0xf0, 0xe, 0xfa, 0x0, 0x0, 0x0, 0x0, 0x1e,
    0xf9, 0x0, 0x5f, 0xf7, 0x0, 0x0, 0x0, 0xb,
    0xfe, 0x10, 0x0, 0x8f, 0xfb, 0x40, 0x1, 0x6d,
    0xff, 0x40, 0x0, 0x0, 0x7f, 0xff, 0xff, 0xff,
    0xfe, 0x30, 0x0, 0x0, 0x0, 0x18, 0xce, 0xfe,
    0xb6, 0x0, 0x0, 0x0,

    /* U+014F "ŏ" */
    0x0, 0xa, 0xd0, 0x0, 0x8f, 0x0, 0x0, 0x0,
    0x4f, 0xc8, 0xaf, 0x90, 0x0, 0x0, 0x0, 0x4c,
    0xfd, 0x80, 0x0, 0x0, 0x0, 0x0, 0x0, 0x0,
    0x0, 0x0, 0x0, 0x0, 0x0, 0x0, 0x0, 0x0,
    0x0, 0x0, 0x29, 0xef, 0xeb, 0x50, 0x0, 0x0,
    0x5f, 0xff, 0xce, 0xff, 0xa0, 0x0, 0x3f, 0xf8,
    0x0, 0x4, 0xff, 0x70, 0xa, 0xfa, 0x0, 0x0,
    0x5, 0xff, 0x0, 0xef, 0x40, 0x0, 0x0, 0xe,
    0xf4, 0x1f, 0xf1, 0x0, 0x0, 0x0, 0xbf, 0x72,
    0xff, 0x0, 0x0, 0x0, 0xa, 0xf7, 0x1f, 0xf1,
    0x0, 0x0, 0x0, 0xcf, 0x60, 0xff, 0x40, 0x0,
    0x0, 0xf, 0xf4, 0xa, 0xfb, 0x0, 0x0, 0x6,
    0xff, 0x0, 0x3f, 0xf8, 0x0, 0x4, 0xff, 0x70,
    0x0, 0x5f, 0xff, 0xcd, 0xff, 0x90, 0x0, 0x0,
    0x29, 0xef, 0xeb, 0x40, 0x0,

    /* U+0150 "Ő" */
    0x0, 0x0, 0x0, 0xcf, 0xf3, 0xef, 0xf2, 0x0,
    0x0, 0x0, 0x0, 0x3f, 0xf8, 0x5f, 0xf7, 0x0,
    0x0, 0x0, 0x0, 0xa, 0xfd, 0xc, 0xfc, 0x0,
    0x0, 0x0, 0x0, 0x0, 0x55, 0x20, 0x55, 0x10,
    0x0, 0x0, 0x0, 0x0, 0x0, 0x0, 0x0, 0x0,
    0x0, 0x0, 0x0, 0x0, 0x4, 0xad, 0xff, 0xeb,
    0x60, 0x0, 0x0, 0x0, 0x1b, 0xff, 0xff, 0xff,
    0xff, 0xe3, 0x0, 0x0, 0x1d, 0xff, 0xfe, 0xcb,
    0xef, 0xff, 0xf4, 0x0, 0xa, 0xff, 0xf7, 0x0,
    0x0, 0x4e, 0xff, 0xe1, 0x2, 0xff, 0xf6, 0x0,
    0x0, 0x0, 0x2f, 0xff, 0x70, 0x8f, 0xfd, 0x0,
    0x0, 0x0, 0x0, 0x8f, 0xfd, 0xc, 0xff, 0x70,
    0x0, 0x0, 0x0, 0x3, 0xff, 0xf1, 0xdf, 0xf5,
    0x0, 0x0, 0x0, 0x0, 0xf, 0xff, 0x2f, 0xff,
    0x40, 0x0, 0x0, 0x0, 0x0, 0xff, 0xf4, 0xef,
    0xf5, 0x0, 0x0, 0x0, 0x0, 0xf, 0xff, 0x2c,
    0xff, 0x70, 0x0, 0x0, 0x0, 0x2, 0xff, 0xf1,
    0x8f, 0xfc, 0x0, 0x0, 0x0, 0x0, 0x8f, 0xfd,
    0x3, 0xff, 0xf6, 0x0, 0x0, 0x0, 0x1f, 0xff,
    0x80, 0xb, 0xff, 0xf7, 0x0, 0x0, 0x4e, 0xff,
    0xe1, 0x0, 0x1e, 0xff, 0xfe, 0xcb, 0xdf, 0xff,
    0xf4, 0x0, 0x0, 0x1b, 0xff, 0xff, 0xff, 0xff,
    0xe4, 0x0, 0x0, 0x0, 0x4, 0xad, 0xff, 0xeb,
    0x70, 0x0, 0x0,

    /* U+0151 "ő" */
    0x0, 0x0, 0xa, 0xff, 0x5d, 0xff, 0x30, 0x0,
    0x0, 0x2f, 0xfa, 0x4f, 0xf8, 0x0, 0x0, 0x0,
    0x8f, 0xe1, 0xbf, 0xd0, 0x0, 0x0, 0x0, 0x45,
    0x30, 0x55, 0x20, 0x0, 0x0, 0x0, 0x0, 0x0,
    0x0, 0x0, 0x0, 0x0, 0x0, 0x6c, 0xef, 0xd9,
    0x20, 0x0, 0x0, 0x2d, 0xff, 0xff, 0xff, 0xf7,
    0x0, 0x0, 0xdf, 0xfe, 0x98, 0xcf, 0xff, 0x50,
    0x7, 0xff, 0xe1, 0x0, 0x9, 0xff, 0xe0, 0xc,
    0xff, 0x70, 0x0, 0x1, 0xff, 0xf4, 0xf, 0xff,
    0x30, 0x0, 0x0, 0xcf, 0xf6, 0xf, 0xff, 0x20,
    0x0, 0x0, 0xbf, 0xf8, 0xf, 0xff, 0x30, 0x0,
    0x0, 0xcf, 0xf6, 0xc, 0xff, 0x70, 0x0, 0x0,
    0xff, 0xf4, 0x6, 0xff, 0xe1, 0x0, 0x8, 0xff,
    0xe0, 0x0, 0xdf, 0xfe, 0x97, 0xbf, 0xff, 0x50,
    0x0, 0x2d, 0xff, 0xff, 0xff, 0xf7, 0x0, 0x0,
    0x0, 0x6c, 0xef, 0xd9, 0x30, 0x0,

    /* U+0152 "Œ" */
    0x0, 0x0, 0x4a, 0xdf, 0xfd, 0xa3, 0x8, 0xff,
    0xff, 0xff, 0xff, 0xff, 0x40, 0x1, 0xbf, 0xff,
    0xff, 0xff, 0xfa, 0x9f, 0xff, 0xff, 0xff, 0xff,
    0xf4, 0x0, 0xdf, 0xff, 0xec, 0xbe, 0xff, 0xff,
    0xff, 0xdb, 0xbb, 0xbb, 0xbb, 0x20, 0xaf, 0xff,
    0x70, 0x0, 0x4, 0xef, 0xff, 0xf9, 0x0, 0x0,
    0x0, 0x0, 0x2f, 0xff, 0x60, 0x0, 0x0, 0x2,
    0xff, 0xff, 0x90, 0x0, 0x0, 0x0, 0x8, 0xff,
    0xd0, 0x0, 0x0, 0x0, 0x8, 0xff, 0xf9, 0x0,
    0x0, 0x0, 0x0, 0xcf, 0xf8, 0x0, 0x0, 0x0,
    0x0, 0x3f, 0xff, 0x90, 0x0, 0x0, 0x0, 0xd,
    0xff, 0x50, 0x0, 0x0, 0x0, 0x0, 0xff, 0xff,
    0xff, 0xff, 0xff, 0xf0, 0xff, 0xf4, 0x0, 0x0,
    0x0, 0x0, 0xf, 0xff, 0xff, 0xff, 0xff, 0xff,
    0xd, 0xff, 0x50, 0x0, 0x0, 0x0, 0x0, 0xff,
    0xfd, 0xaa, 0xaa, 0xaa, 0xa0, 0xcf, 0xf7, 0x0,
    0x0, 0x0, 0x0, 0x3f, 0xff, 0x90, 0x0, 0x0,
    0x0, 0x8, 0xff, 0xd0, 0x0, 0x0, 0x0, 0x8,
    0xff, 0xf9, 0x0, 0x0, 0x0, 0x0, 0x2f, 0xff,
    0x60, 0x0, 0x0, 0x2, 0xff, 0xff, 0x90, 0x0,
    0x0, 0x0, 0x0, 0xaf, 0xff, 0x60, 0x0, 0x4,
    0xef, 0xff, 0xf9, 0x0, 0x0, 0x0, 0x0, 0x1,
    0xdf, 0xff, 0xec, 0xbd, 0xff, 0xff, 0xff, 0xdb,
    0xbb, 0xbb, 0xbb, 0x40, 0x1, 0xbf, 0xff, 0xff,
    0xff, 0xfa, 0x9f, 0xff, 0xff, 0xff, 0xff, 0xf7,
    0x0, 0x0, 0x4a, 0xdf, 0xfd, 0xa3, 0x8, 0xff,
    0xff, 0xff, 0xff, 0xff, 0x70,

    /* U+0153 "œ" */
    0x0, 0x0, 0x6c, 0xef, 0xd9, 0x20, 0x3, 0xad,
    0xfe, 0xb5, 0x0, 0x0, 0x2, 0xdf, 0xff, 0xff,
    0xff, 0x78, 0xff, 0xff, 0xff, 0xfb, 0x0, 0x0,
    0xdf, 0xfe, 0x98, 0xcf, 0xff, 0xff, 0xfb, 0x8a,
    0xff, 0xf9, 0x0, 0x7f, 0xfe, 0x10, 0x0, 0x9f,
    0xff, 0xf4, 0x0, 0x2, 0xef, 0xf2, 0xc, 0xff,
    0x70, 0x0, 0x1, 0xff, 0xff, 0x0, 0x0, 0x9,
    0xff, 0x70, 0xff, 0xf3, 0x0, 0x0, 0xf, 0xff,
    0xff, 0xff, 0xff, 0xff, 0xf9, 0xf, 0xff, 0x20,
    0x0, 0x0, 0xff, 0xff, 0xff, 0xff, 0xff, 0xff,
    0xa0, 0xff, 0xf3, 0x0, 0x0, 0xf, 0xff, 0xf0,
    0x0, 0x0, 0x0, 0x0, 0xc, 0xff, 0x70, 0x0,
    0x0, 0xff, 0xff, 0x0, 0x0, 0x1, 0x22, 0x10,
    0x6f, 0xfe, 0x10, 0x0, 0x8f, 0xff, 0xf7, 0x0,
    0x1, 0xef, 0xf4, 0x0, 0xdf, 0xfe, 0x97, 0xbf,
    0xff, 0xff, 0xfb, 0x89, 0xef, 0xfb, 0x0, 0x2,
    0xdf, 0xff, 0xff, 0xff, 0x78, 0xff, 0xff, 0xff,
    0xfc, 0x10, 0x0, 0x0, 0x6c, 0xef, 0xd9, 0x30,
    0x3, 0xad, 0xff, 0xc6, 0x0, 0x0,

    /* U+0154 "Ŕ" */
    0x0, 0x0, 0x0, 0x4, 0x55, 0x10, 0x0, 0x0,
    0x0, 0x0, 0x1, 0xff, 0xd0, 0x0, 0x0, 0x0,
    0x0, 0x0, 0x8f, 0xf3, 0x0, 0x0, 0x0, 0x0,
    0x0, 0xe, 0xf8, 0x0, 0x0, 0x0, 0x0, 0x0,
    0x0, 0x0, 0x0, 0x0, 0x0, 0x1, 0xff, 0xff,
    0xff, 0xff, 0xd9, 0x30, 0x0, 0x1f, 0xff, 0xff,
    0xff, 0xff, 0xff, 0x70, 0x1, 0xff, 0xfb, 0xbb,
    0xbc, 0xff, 0xff, 0x50, 0x1f, 0xff, 0x0, 0x0,
    0x1, 0xdf, 0xfc, 0x1, 0xff, 0xf0, 0x0, 0x0,
    0x4, 0xff, 0xf0, 0x1f, 0xff, 0x0, 0x0, 0x0,
    0x3f, 0xff, 0x1, 0xff, 0xf0, 0x0, 0x0, 0x6,
    0xff, 0xd0, 0x1f, 0xff, 0x0, 0x0, 0x16, 0xff,
    0xf5, 0x1, 0xff, 0xff, 0xff, 0xff, 0xff, 0xf6,
    0x0, 0x1f, 0xff, 0xff, 0xff, 0xff, 0xfc, 0x40,
    0x1, 0xff, 0xfb, 0xbb, 0xbc, 0xef, 0xff, 0x30,
    0x1f, 0xff, 0x0, 0x0, 0x0, 0xbf, 0xfa, 0x1,
    0xff, 0xf0, 0x0, 0x0, 0x5, 0xff, 0xd0, 0x1f,
    0xff, 0x0, 0x0, 0x0, 0x3f, 0xfe, 0x1, 0xff,
    0xf0, 0x0, 0x0, 0x2, 0xff, 0xf0, 0x1f, 0xff,
    0x0, 0x0, 0x0, 0x1f, 0xff, 0x11, 0xff, 0xf0,
    0x0, 0x0, 0x0, 0xff, 0xf2,

    /* U+0155 "ŕ" */
    0x0, 0x0, 0x35, 0x51, 0x0, 0x0, 0xff, 0xd0,
    0x0, 0x7, 0xff, 0x40, 0x0, 0xe, 0xf9, 0x0,
    0x0, 0x0, 0x0, 0x0, 0x5f, 0xf9, 0x2b, 0xfe,
    0x5f, 0xfa, 0xef, 0xfe, 0x5f, 0xff, 0xfc, 0xa8,
    0x5f, 0xff, 0x50, 0x0, 0x5f, 0xfd, 0x0, 0x0,
    0x5f, 0xfc, 0x0, 0x0, 0x5f, 0xfc, 0x0, 0x0,
    0x5f, 0xfc, 0x0, 0x0, 0x5f, 0xfc, 0x0, 0x0,
    0x5f, 0xfc, 0x0, 0x0, 0x5f, 0xfc, 0x0, 0x0,
    0x5f, 0xfc, 0x0, 0x0, 0x5f, 0xfc, 0x0, 0x0,

    /* U+0156 "Ŗ" */
    0x1f, 0xff, 0xff, 0xff, 0xfd, 0x93, 0x0, 0x1,
    0xff, 0xff, 0xff, 0xff, 0xff, 0xf7, 0x0, 0x1f,
    0xff, 0xbb, 0xbb, 0xcf, 0xff, 0xf5, 0x1, 0xff,
    0xf0, 0x0, 0x0, 0x1d, 0xff, 0xc0, 0x1f, 0xff,
    0x0, 0x0, 0x0, 0x4f, 0xff, 0x1, 0xff, 0xf0,
    0x0, 0x0, 0x3, 0xff, 0xf0, 0x1f, 0xff, 0x0,
    0x0, 0x0, 0x6f, 0xfd, 0x1, 0xff, 0xf0, 0x0,
    0x1, 0x6f, 0xff, 0x50, 0x1f, 0xff, 0xff, 0xff,
    0xff, 0xff, 0x60, 0x1, 0xff, 0xff, 0xff, 0xff,
    0xff, 0xc4, 0x0, 0x1f, 0xff, 0xbb, 0xbb, 0xce,
    0xff, 0xf3, 0x1, 0xff, 0xf0, 0x0, 0x0, 0xb,
    0xff, 0xa0, 0x1f, 0xff, 0x0, 0x0, 0x0, 0x5f,
    0xfd, 0x1, 0xff, 0xf0, 0x0, 0x0, 0x3, 0xff,
    0xe0, 0x1f, 0xff, 0x0, 0x0, 0x0, 0x2f, 0xff,
    0x1, 0xff, 0xf0, 0x0, 0x0, 0x1, 0xff, 0xf1,
    0x1f, 0xff, 0x0, 0x0, 0x0, 0xf, 0xff, 0x20,
    0x0, 0x0, 0x0, 0x0, 0x0, 0x0, 0x0, 0x0,
    0x0, 0x0, 0x89, 0x90, 0x0, 0x0, 0x0, 0x0,
    0x0, 0xe, 0xff, 0x0, 0x0, 0x0, 0x0, 0x0,
    0x0, 0xef, 0xf0, 0x0, 0x0, 0x0, 0x0, 0x0,
    0x5, 0xf8, 0x0, 0x0, 0x0, 0x0, 0x0, 0x1,
    0xed, 0x0, 0x0, 0x0, 0x0,

    /* U+0157 "ŗ" */
    0x5f, 0xf9, 0x2b, 0xfe, 0x5f, 0xfa, 0xef, 0xfe,
    0x5f, 0xff, 0xfc, 0xa8, 0x5f, 0xff, 0x50, 0x0,
    0x5f, 0xfd, 0x0, 0x0, 0x5f, 0xfc, 0x0, 0x0,
    0x5f, 0xfc, 0x0, 0x0, 0x5f, 0xfc, 0x0, 0x0,
    0x5f, 0xfc, 0x0, 0x0, 0x5f, 0xfc, 0x0, 0x0,
    0x5f, 0xfc, 0x0, 0x0, 0x5f, 0xfc, 0x0, 0x0,
    0x5f, 0xfc, 0x0, 0x0, 0x0, 0x0, 0x0, 0x0,
    0x29, 0x96, 0x0, 0x0, 0x3f, 0xfa, 0x0, 0x0,
    0x3f, 0xfa, 0x0, 0x0, 0xb, 0xf2, 0x0, 0x0,
    0x5f, 0x80, 0x0, 0x0,

    /* U+0158 "Ř" */
    0x0, 0x4, 0xfe, 0x10, 0x9f, 0xa0, 0x0, 0x0,
    0x0, 0x9, 0xfb, 0x5f, 0xe1, 0x0, 0x0, 0x0,
    0x0, 0x1e, 0xff, 0xf6, 0x0, 0x0, 0x0, 0x0,
    0x0, 0x38, 0x87, 0x0, 0x0, 0x0, 0x0, 0x0,
    0x0, 0x0, 0x0, 0x0, 0x0, 0x1, 0xff, 0xff,
    0xff, 0xff, 0xd9, 0x30, 0x0, 0x1f, 0xff, 0xff,
    0xff, 0xff, 0xff, 0x70, 0x1, 0xff, 0xfb, 0xbb,
    0xbc, 0xff, 0xff, 0x50, 0x1f, 0xff, 0x0, 0x0,
    0x1, 0xdf, 0xfc, 0x1, 0xff, 0xf0, 0x0, 0x0,
    0x4, 0xff, 0xf0, 0x1f, 0xff, 0x0, 0x0, 0x0,
    0x3f, 0xff, 0x1, 0xff, 0xf0, 0x0, 0x0, 0x6,
    0xff, 0xd0, 0x1f, 0xff, 0x0, 0x0, 0x16, 0xff,
    0xf5, 0x1, 0xff, 0xff, 0xff, 0xff, 0xff, 0xf6,
    0x0, 0x1f, 0xff, 0xff, 0xff, 0xff, 0xfc, 0x40,
    0x1, 0xff, 0xfb, 0xbb, 0xbc, 0xef, 0xff, 0x30,
    0x1f, 0xff, 0x0, 0x0, 0x0, 0xbf, 0xfa, 0x1,
    0xff, 0xf0, 0x0, 0x0, 0x5, 0xff, 0xd0, 0x1f,
    0xff, 0x0, 0x0, 0x0, 0x3f, 0xfe, 0x1, 0xff,
    0xf0, 0x0, 0x0, 0x2, 0xff, 0xf0, 0x1f, 0xff,
    0x0, 0x0, 0x0, 0x1f, 0xff, 0x11, 0xff, 0xf0,
    0x0, 0x0, 0x0, 0xff, 0xf2,

    /* U+0159 "ř" */
    0x28, 0x70, 0x2, 0x87, 0x0, 0xdf, 0x70, 0xdf,
    0x60, 0x3, 0xff, 0xdf, 0xc0, 0x0, 0x9, 0xff,
    0xf2, 0x0, 0x0, 0x0, 0x0, 0x0, 0x5, 0xff,
    0x92, 0xbf, 0xe0, 0x5f, 0xfa, 0xef, 0xfe, 0x5,
    0xff, 0xff, 0xca, 0x80, 0x5f, 0xff, 0x50, 0x0,
    0x5, 0xff, 0xd0, 0x0, 0x0, 0x5f, 0xfc, 0x0,
    0x0, 0x5, 0xff, 0xc0, 0x0, 0x0, 0x5f, 0xfc,
    0x0, 0x0, 0x5, 0xff, 0xc0, 0x0, 0x0, 0x5f,
    0xfc, 0x0, 0x0, 0x5, 0xff, 0xc0, 0x0, 0x0,
    0x5f, 0xfc, 0x0, 0x0, 0x5, 0xff, 0xc0, 0x0,
    0x0,

    /* U+015A "Ś" */
    0x0, 0x0, 0x0, 0x6f, 0xf9, 0x0, 0x0, 0x0,
    0x0, 0x0, 0xcf, 0xe1, 0x0, 0x0, 0x0, 0x0,
    0x4, 0xff, 0x50, 0x0, 0x0, 0x0, 0x0, 0x2,
    0x54, 0x0, 0x0, 0x0, 0x0, 0x0, 0x0, 0x0,
    0x0, 0x0, 0x0, 0x0, 0x5, 0xbe, 0xfe, 0xd8,
    0x10, 0x0, 0x1, 0xcf, 0xff, 0xff, 0xff, 0xf5,
    0x0, 0xb, 0xff, 0xfd, 0xbc, 0xff, 0xff, 0x40,
    0x2f, 0xff, 0x60, 0x0, 0x1b, 0xff, 0xd0, 0x5f,
    0xfd, 0x0, 0x0, 0x1, 0xff, 0xf3, 0x4f, 0xfe,
    0x0, 0x0, 0x0, 0x68, 0x83, 0x1f, 0xff, 0xc5,
    0x0, 0x0, 0x0, 0x0, 0x5, 0xff, 0xff, 0xfc,
    0x84, 0x0, 0x0, 0x0, 0x29, 0xff, 0xff, 0xff,
    0xe6, 0x0, 0x0, 0x0, 0x3, 0x7b, 0xff, 0xff,
    0xa0, 0x0, 0x0, 0x0, 0x0, 0x18, 0xff, 0xf5,
    0x8c, 0xc6, 0x0, 0x0, 0x0, 0x9f, 0xfa, 0x7f,
    0xfd, 0x0, 0x0, 0x0, 0x7f, 0xfb, 0x1f, 0xff,
    0xa0, 0x0, 0x1, 0xdf, 0xf8, 0x7, 0xff, 0xff,
    0xba, 0xcf, 0xff, 0xf2, 0x0, 0x7f, 0xff, 0xff,
    0xff, 0xfe, 0x40, 0x0, 0x2, 0x8d, 0xef, 0xec,
    0x71, 0x0,

    /* U+015B "ś" */
    0x0, 0x0, 0x0, 0x8f, 0xf7, 0x0, 0x0, 0x0,
    0x0, 0xe, 0xfd, 0x0, 0x0, 0x0, 0x0, 0x6,
    0xff, 0x30, 0x0, 0x0, 0x0, 0x0, 0x35, 0x30,
    0x0, 0x0, 0x0, 0x0, 0x0, 0x0, 0x0, 0x0,
    0x0, 0x0, 0x5b, 0xef, 0xed, 0x81, 0x0, 0x0,
    0xaf, 0xff, 0xff, 0xff, 0xe2, 0x0, 0x5f, 0xff,
    0x96, 0x6d, 0xff, 0xc0, 0x9, 0xff, 0xa0, 0x0,
    0x1f, 0xff, 0x20, 0x8f, 0xfb, 0x0, 0x0, 0x34,
    0x41, 0x3, 0xff, 0xfd, 0x85, 0x20, 0x0, 0x0,
    0x5, 0xef, 0xff, 0xff, 0xe7, 0x0, 0x0, 0x0,
    0x48, 0xbe, 0xff, 0xfb, 0x0, 0x44, 0x40, 0x0,
    0x5, 0xff, 0xf2, 0xe, 0xff, 0x60, 0x0, 0xf,
    0xff, 0x40, 0x8f, 0xff, 0x95, 0x6b, 0xff, 0xf1,
    0x0, 0xbf, 0xff, 0xff, 0xff, 0xf6, 0x0, 0x0,
    0x5b, 0xef, 0xed, 0x92, 0x0,

    /* U+015C "Ŝ" */
    0x0, 0x0, 0x2f, 0xff, 0xa0, 0x0, 0x0, 0x0,
    0x0, 0xbf, 0xdf, 0xf4, 0x0, 0x0, 0x0, 0x6,
    0xfe, 0x16, 0xfd, 0x0, 0x0, 0x0, 0x6, 0x83,
    0x0, 0x68, 0x30, 0x0, 0x0, 0x0, 0x0, 0x0,
    0x0, 0x0, 0x0, 0x0, 0x5, 0xbe, 0xfe, 0xd8,
    0x10, 0x0, 0x1, 0xcf, 0xff, 0xff, 0xff, 0xf5,
    0x0, 0xb, 0xff, 0xfd, 0xbc, 0xff, 0xff, 0x40,
    0x2f, 0xff, 0x60, 0x0, 0x1b, 0xff, 0xd0, 0x5f,
    0xfd, 0x0, 0x0, 0x1, 0xff, 0xf3, 0x4f, 0xfe,
    0x0, 0x0, 0x0, 0x68, 0x83, 0x1f, 0xff, 0xc5,
    0x0, 0x0, 0x0, 0x0, 0x5, 0xff, 0xff, 0xfc,
    0x84, 0x0, 0x0, 0x0, 0x29, 0xff, 0xff, 0xff,
    0xe6, 0x0, 0x0, 0x0, 0x3, 0x7b, 0xff, 0xff,
    0xa0, 0x0, 0x0, 0x0, 0x0, 0x18, 0xff, 0xf5,
    0x8c, 0xc6, 0x0, 0x0, 0x0, 0x9f, 0xfa, 0x7f,
    0xfd, 0x0, 0x0, 0x0, 0x7f, 0xfb, 0x1f, 0xff,
    0xa0, 0x0, 0x1, 0xdf, 0xf8, 0x7, 0xff, 0xff,
    0xba, 0xcf, 0xff, 0xf2, 0x0, 0x7f, 0xff, 0xff,
    0xff, 0xfe, 0x40, 0x0, 0x2, 0x8d, 0xef, 0xec,
    0x71, 0x0,

    /* U+015D "ŝ" */
    0x0, 0x0, 0x3f, 0xff, 0x70, 0x0, 0x0, 0x0,
    0xc, 0xfe, 0xff, 0x10, 0x0, 0x0, 0x6, 0xfe,
    0xa, 0xfa, 0x0, 0x0, 0x0, 0xac, 0x40, 0x1b,
    0xb2, 0x0, 0x0, 0x0, 0x0, 0x0, 0x0, 0x0,
    0x0, 0x0, 0x5b, 0xef, 0xed, 0x81, 0x0, 0x0,
    0xaf, 0xff, 0xff, 0xff, 0xe2, 0x0, 0x5f, 0xff,
    0x96, 0x6d, 0xff, 0xc0, 0x9, 0xff, 0xa0, 0x0,
    0x1f, 0xff, 0x20, 0x8f, 0xfb, 0x0, 0x0, 0x34,
    0x41, 0x3, 0xff, 0xfd, 0x85, 0x20, 0x0, 0x0,
    0x5, 0xef, 0xff, 0xff, 0xe7, 0x0, 0x0, 0x0,
    0x48, 0xbe, 0xff, 0xfb, 0x0, 0x44, 0x40, 0x0,
    0x5, 0xff, 0xf2, 0xe, 0xff, 0x60, 0x0, 0xf,
    0xff, 0x40, 0x8f, 0xff, 0x95, 0x6b, 0xff, 0xf1,
    0x0, 0xbf, 0xff, 0xff, 0xff, 0xf6, 0x0, 0x0,
    0x5b, 0xef, 0xed, 0x92, 0x0,

    /* U+015E "Ş" */
    0x0, 0x5, 0xbe, 0xfe, 0xd8, 0x10, 0x0, 0x1,
    0xcf, 0xff, 0xff, 0xff, 0xf5, 0x0, 0xb, 0xff,
    0xfd, 0xbc, 0xff, 0xff, 0x40, 0x2f, 0xff, 0x60,
    0x0, 0x1b, 0xff, 0xd0, 0x5f, 0xfd, 0x0, 0x0,
    0x1, 0xff, 0xf3, 0x4f, 0xfe, 0x0, 0x0, 0x0,
    0x68, 0x83, 0x1f, 0xff, 0xc5, 0x0, 0x0, 0x0,
    0x0, 0x5, 0xff, 0xff, 0xfc, 0x84, 0x0, 0x0,
    0x0, 0x29, 0xff, 0xff, 0xff, 0xe6, 0x0, 0x0,
    0x0, 0x3, 0x7b, 0xff, 0xff, 0xa0, 0x0, 0x0,
    0x0, 0x0, 0x18, 0xff, 0xf5, 0x8c, 0xc6, 0x0,
    0x0, 0x0, 0x9f, 0xfa, 0x7f, 0xfd, 0x0, 0x0,
    0x0, 0x7f, 0xfb, 0x1f, 0xff, 0xa0, 0x0, 0x1,
    0xdf, 0xf8, 0x7, 0xff, 0xff, 0xba, 0xcf, 0xff,
    0xf2, 0x0, 0x7f, 0xff, 0xff, 0xff, 0xfe, 0x40,
    0x0, 0x2, 0x8d, 0xff, 0xfc, 0x71, 0x0, 0x0,
    0x0, 0x2, 0xfe, 0x60, 0x0, 0x0, 0x0, 0x0,
    0x0, 0x7b, 0xfa, 0x0, 0x0, 0x0, 0x0, 0x15,
    0x0, 0xee, 0x0, 0x0, 0x0, 0x0, 0xbf, 0xbb,
    0xfb, 0x0, 0x0, 0x0, 0x0, 0x1a, 0xef, 0xb1,
    0x0, 0x0,

    /* U+015F "ş" */
    0x0, 0x5, 0xbe, 0xfe, 0xd8, 0x10, 0x0, 0xa,
    0xff, 0xff, 0xff, 0xfe, 0x20, 0x5, 0xff, 0xf9,
    0x66, 0xdf, 0xfc, 0x0, 0x9f, 0xfa, 0x0, 0x1,
    0xff, 0xf2, 0x8, 0xff, 0xb0, 0x0, 0x3, 0x44,
    0x10, 0x3f, 0xff, 0xd8, 0x52, 0x0, 0x0, 0x0,
    0x5e, 0xff, 0xff, 0xfe, 0x70, 0x0, 0x0, 0x4,
    0x8b, 0xef, 0xff, 0xb0, 0x4, 0x44, 0x0, 0x0,
    0x5f, 0xff, 0x20, 0xef, 0xf6, 0x0, 0x0, 0xff,
    0xf4, 0x8, 0xff, 0xf9, 0x56, 0xbf, 0xff, 0x10,
    0xb, 0xff, 0xff, 0xff, 0xff, 0x60, 0x0, 0x5,
    0xbf, 0xff, 0xd9, 0x20, 0x0, 0x0, 0x0, 0x8f,
    0xa2, 0x0, 0x0, 0x0, 0x0, 0x2, 0xae, 0xf3,
    0x0, 0x0, 0x0, 0x4, 0x20, 0x5f, 0x70, 0x0,
    0x0, 0x2, 0xfe, 0xad, 0xf5, 0x0, 0x0, 0x0,
    0x4, 0xdf, 0xe7, 0x0, 0x0,

    /* U+0160 "Š" */
    0x0, 0x3, 0x30, 0x0, 0x23, 0x10, 0x0, 0x0,
    0x9, 0xfa, 0x2, 0xff, 0x20, 0x0, 0x0, 0x1,
    0xff, 0x4b, 0xf9, 0x0, 0x0, 0x0, 0x0, 0x7f,
    0xff, 0xf1, 0x0, 0x0, 0x0, 0x0, 0xb, 0xcc,
    0x60, 0x0, 0x0, 0x0, 0x0, 0x0, 0x0, 0x0,
    0x0, 0x0, 0x0, 0x5, 0xbe, 0xfe, 0xd9, 0x20,
    0x0, 0x1, 0xcf, 0xff, 0xff, 0xff, 0xf8, 0x0,
    0xb, 0xff, 0xfd, 0xbb, 0xff, 0xff, 0x70, 0x2f,
    0xff, 0x60, 0x0, 0x9, 0xff, 0xf0, 0x5f, 0xfd,
    0x0, 0x0, 0x0, 0xdf, 0xf5, 0x4f, 0xfe, 0x0,
    0x0, 0x0, 0x0, 0x0, 0x1f, 0xff, 0xc5, 0x0,
    0x0, 0x0, 0x0, 0x5, 0xff, 0xff, 0xfc, 0x84,
    0x0, 0x0, 0x0, 0x29, 0xff, 0xff, 0xff, 0xe6,
    0x0, 0x0, 0x0, 0x3, 0x7b, 0xff, 0xff, 0xa0,
    0x0, 0x0, 0x0, 0x0, 0x18, 0xff, 0xf5, 0xaf,
    0xf8, 0x0, 0x0, 0x0, 0x9f, 0xfa, 0x6f, 0xfe,
    0x0, 0x0, 0x0, 0x7f, 0xfb, 0x1f, 0xff, 0xa1,
    0x0, 0x1, 0xdf, 0xf8, 0x6, 0xff, 0xff, 0xba,
    0xcf, 0xff, 0xf2, 0x0, 0x6f, 0xff, 0xff, 0xff,
    0xfe, 0x40, 0x0, 0x2, 0x8c, 0xef, 0xec, 0x71,
    0x0,

    /* U+0161 "š" */
    0x0, 0xc, 0xf6, 0x2, 0xff, 0x20, 0x0, 0x0,
    0x4f, 0xf2, 0xcf, 0x80, 0x0, 0x0, 0x0, 0xaf,
    0xff, 0xe0, 0x0, 0x0, 0x0, 0x1, 0xcc, 0xc5,
    0x0, 0x0, 0x0, 0x0, 0x0, 0x0, 0x0, 0x0,
    0x0, 0x0, 0x5b, 0xef, 0xfd, 0x81, 0x0, 0x0,
    0xaf, 0xff, 0xff, 0xff, 0xf3, 0x0, 0x5f, 0xff,
    0x96, 0x6c, 0xff, 0xd0, 0x9, 0xff, 0xa0, 0x0,
    0xe, 0xff, 0x30, 0x8f, 0xfb, 0x0, 0x0, 0x0,
    0x0, 0x3, 0xff, 0xfd, 0x85, 0x20, 0x0, 0x0,
    0x5, 0xef, 0xff, 0xff, 0xe7, 0x0, 0x0, 0x0,
    0x48, 0xbe, 0xff, 0xfb, 0x0, 0x56, 0x60, 0x0,
    0x5, 0xff, 0xf2, 0xe, 0xff, 0x60, 0x0, 0xf,
    0xff, 0x40, 0x7f, 0xff, 0x95, 0x6b, 0xff, 0xf1,
    0x0, 0xaf, 0xff, 0xff, 0xff, 0xf6, 0x0, 0x0,
    0x5a, 0xef, 0xed, 0x92, 0x0,

    /* U+0162 "Ţ" */
    0xbf, 0xff, 0xff, 0xff, 0xff, 0xff, 0xfb, 0xbf,
    0xff, 0xff, 0xff, 0xff, 0xff, 0xfb, 0x8b, 0xbb,
    0xbd, 0xff, 0xdb, 0xbb, 0xb8, 0x0, 0x0, 0x8,
    0xff, 0x90, 0x0, 0x0, 0x0, 0x0, 0x8, 0xff,
    0x90, 0x0, 0x0, 0x0, 0x0, 0x8, 0xff, 0x90,
    0x0, 0x0, 0x0, 0x0, 0x8, 0xff, 0x90, 0x0,
    0x0, 0x0, 0x0, 0x8, 0xff, 0x90, 0x0, 0x0,
    0x0, 0x0, 0x8, 0xff, 0x90, 0x0, 0x0, 0x0,
    0x0, 0x8, 0xff, 0x90, 0x0, 0x0, 0x0, 0x0,
    0x8, 0xff, 0x90, 0x0, 0x0, 0x0, 0x0, 0x8,
    0xff, 0x90, 0x0, 0x0, 0x0, 0x0, 0x8, 0xff,
    0x90, 0x0, 0x0, 0x0, 0x0, 0x8, 0xff, 0x90,
    0x0, 0x0, 0x0, 0x0, 0x8, 0xff, 0x90, 0x0,
    0x0, 0x0, 0x0, 0x8, 0xff, 0x90, 0x0, 0x0,
    0x0, 0x0, 0x8, 0xff, 0x90, 0x0, 0x0, 0x0,
    0x0, 0x2, 0xfb, 0x0, 0x0, 0x0, 0x0, 0x0,
    0x3, 0xff, 0xe2, 0x0, 0x0, 0x0, 0x0, 0x0,
    0x5, 0xfa, 0x0, 0x0, 0x0, 0x0, 0xaa, 0x13,
    0xfb, 0x0, 0x0, 0x0, 0x0, 0x9f, 0xff, 0xf4,
    0x0, 0x0, 0x0, 0x0, 0x5, 0x88, 0x30, 0x0,
    0x0,

    /* U+0163 "ţ" */
    0x0, 0x78, 0x81, 0x0, 0x0, 0xe, 0xff, 0x20,
    0x0, 0x0, 0xef, 0xf2, 0x0, 0xe, 0xff, 0xff,
    0xff, 0xf8, 0xef, 0xff, 0xff, 0xff, 0x85, 0x5f,
    0xff, 0x85, 0x53, 0x0, 0xef, 0xf2, 0x0, 0x0,
    0xe, 0xff, 0x20, 0x0, 0x0, 0xef, 0xf2, 0x0,
    0x0, 0xe, 0xff, 0x20, 0x0, 0x0, 0xef, 0xf2,
    0x0, 0x0, 0xe, 0xff, 0x20, 0x0, 0x0, 0xef,
    0xf3, 0x0, 0x0, 0xc, 0xff, 0xc6, 0x53, 0x0,
    0x6f, 0xff, 0xff, 0x80, 0x0, 0x7f, 0xff, 0xf8,
    0x0, 0x2, 0xfc, 0x0, 0x0, 0x0, 0x3f, 0xfe,
    0x30, 0x0, 0x0, 0x4, 0xfa, 0x0, 0x9, 0xa1,
    0x3f, 0xb0, 0x0, 0x9f, 0xff, 0xf4, 0x0, 0x0,
    0x48, 0x83, 0x0,

    /* U+0164 "Ť" */
    0x0, 0x7, 0xfc, 0x0, 0xcf, 0x70, 0x0, 0x0,
    0x0, 0xcf, 0x88, 0xfd, 0x0, 0x0, 0x0, 0x0,
    0x3f, 0xff, 0xf3, 0x0, 0x0, 0x0, 0x0, 0x5,
    0x88, 0x50, 0x0, 0x0, 0x0, 0x0, 0x0, 0x0,
    0x0, 0x0, 0x0, 0xbf, 0xff, 0xff, 0xff, 0xff,
    0xff, 0xfb, 0xbf, 0xff, 0xff, 0xff, 0xff, 0xff,
    0xfb, 0x8b, 0xbb, 0xbd, 0xff, 0xdb, 0xbb, 0xb8,
    0x0, 0x0, 0x8, 0xff, 0x90, 0x0, 0x0, 0x0,
    0x0, 0x8, 0xff, 0x90, 0x0, 0x0, 0x0, 0x0,
    0x8, 0xff, 0x90, 0x0, 0x0, 0x0, 0x0, 0x8,
    0xff, 0x90, 0x0, 0x0, 0x0, 0x0, 0x8, 0xff,
    0x90, 0x0, 0x0, 0x0, 0x0, 0x8, 0xff, 0x90,
    0x0, 0x0, 0x0, 0x0, 0x8, 0xff, 0x90, 0x0,
    0x0, 0x0, 0x0, 0x8, 0xff, 0x90, 0x0, 0x0,
    0x0, 0x0, 0x8, 0xff, 0x90, 0x0, 0x0, 0x0,
    0x0, 0x8, 0xff, 0x90, 0x0, 0x0, 0x0, 0x0,
    0x8, 0xff, 0x90, 0x0, 0x0, 0x0, 0x0, 0x8,
    0xff, 0x90, 0x0, 0x0, 0x0, 0x0, 0x8, 0xff,
    0x90, 0x0, 0x0, 0x0, 0x0, 0x8, 0xff, 0x90,
    0x0, 0x0,

    /* U+0165 "ť" */
    0x0, 0x0, 0x0, 0x4, 0x64, 0x0, 0x0, 0x0,
    0xe, 0xf9, 0x0, 0x0, 0x0, 0xf, 0xf6, 0x0,
    0x67, 0x71, 0x2f, 0xf2, 0x0, 0xef, 0xf2, 0x4f,
    0xe0, 0x0, 0xef, 0xf2, 0x6f, 0xa0, 0xef, 0xff,
    0xff, 0xff, 0x80, 0xef, 0xff, 0xff, 0xff, 0x80,
    0x55, 0xff, 0xf8, 0x55, 0x30, 0x0, 0xef, 0xf2,
    0x0, 0x0, 0x0, 0xef, 0xf2, 0x0, 0x0, 0x0,
    0xef, 0xf2, 0x0, 0x0, 0x0, 0xef, 0xf2, 0x0,
    0x0, 0x0, 0xef, 0xf2, 0x0, 0x0, 0x0, 0xef,
    0xf2, 0x0, 0x0, 0x0, 0xef, 0xf3, 0x0, 0x0,
    0x0, 0xcf, 0xfc, 0x65, 0x30, 0x0, 0x6f, 0xff,
    0xff, 0x80, 0x0, 0x7, 0xdf, 0xff, 0x80,

    /* U+0166 "Ŧ" */
    0xbf, 0xff, 0xff, 0xff, 0xff, 0xff, 0xfb, 0xbf,
    0xff, 0xff, 0xff, 0xff, 0xff, 0xfb, 0x8b, 0xbb,
    0xbd, 0xff, 0xdb, 0xbb, 0xb8, 0x0, 0x0, 0x8,
    0xff, 0x90, 0x0, 0x0, 0x0, 0x0, 0x8, 0xff,
    0x90, 0x0, 0x0, 0x0, 0x0, 0x8, 0xff, 0x90,
    0x0, 0x0, 0x0, 0x0, 0x8, 0xff, 0x90, 0x0,
    0x0, 0x0, 0x0, 0x8, 0xff, 0x90, 0x0, 0x0,
    0x0, 0xaf, 0xff, 0xff, 0xff, 0xfa, 0x0, 0x0,
    0xaf, 0xff, 0xff, 0xff, 0xfa, 0x0, 0x0, 0x47,
    0x7f, 0xff, 0xf7, 0x74, 0x0, 0x0, 0x0, 0x8,
    0xff, 0x90, 0x0, 0x0, 0x0, 0x0, 0x8, 0xff,
    0x90, 0x0, 0x0, 0x0, 0x0, 0x8, 0xff, 0x90,
    0x0, 0x0, 0x0, 0x0, 0x8, 0xff, 0x90, 0x0,
    0x0, 0x0, 0x0, 0x8, 0xff, 0x90, 0x0, 0x0,
    0x0, 0x0, 0x8, 0xff, 0x90, 0x0, 0x0,

    /* U+0167 "ŧ" */
    0x0, 0x78, 0x81, 0x0, 0x0, 0xe, 0xff, 0x20,
    0x0, 0x0, 0xef, 0xf2, 0x0, 0xe, 0xff, 0xff,
    0xff, 0xf8, 0xef, 0xff, 0xff, 0xff, 0x85, 0x5f,
    0xff, 0x85, 0x53, 0x0, 0xef, 0xf2, 0x0, 0x0,
    0xe, 0xff, 0x20, 0x0, 0xcf, 0xff, 0xff, 0xff,
    0x3d, 0xff, 0xff, 0xff, 0xf4, 0x0, 0xef, 0xf2,
    0x0, 0x0, 0xe, 0xff, 0x20, 0x0, 0x0, 0xef,
    0xf3, 0x0, 0x0, 0xc, 0xff, 0xc6, 0x53, 0x0,
    0x6f, 0xff, 0xff, 0x80, 0x0, 0x7d, 0xff, 0xf8,

    /* U+0168 "Ũ" */
    0x0, 0x0, 0x8e, 0xe7, 0x6, 0xf4, 0x0, 0x0,
    0x0, 0x4f, 0xff, 0xff, 0xff, 0x10, 0x0, 0x0,
    0x8, 0xf2, 0x1a, 0xfd, 0x40, 0x0, 0x0, 0x0,
    0x0, 0x0, 0x0, 0x0, 0x0, 0x0, 0x0, 0x0,
    0x0, 0x0, 0x0, 0x0, 0x0, 0x7, 0xff, 0xb0,
    0x0, 0x0, 0x0, 0xef, 0xf3, 0x7f, 0xfb, 0x0,
    0x0, 0x0, 0xe, 0xff, 0x37, 0xff, 0xb0, 0x0,
    0x0, 0x0, 0xef, 0xf3, 0x7f, 0xfb, 0x0, 0x0,
    0x0, 0xe, 0xff, 0x37, 0xff, 0xb0, 0x0, 0x0,
    0x0, 0xef, 0xf3, 0x7f, 0xfb, 0x0, 0x0, 0x0,
    0xe, 0xff, 0x37, 0xff, 0xb0, 0x0, 0x0, 0x0,
    0xef, 0xf3, 0x7f, 0xfb, 0x0, 0x0, 0x0, 0xe,
    0xff, 0x37, 0xff, 0xb0, 0x0, 0x0, 0x0, 0xef,
    0xf3, 0x7f, 0xfb, 0x0, 0x0, 0x0, 0xe, 0xff,
    0x36, 0xff, 0xb0, 0x0, 0x0, 0x0, 0xef, 0xf3,
    0x5f, 0xfd, 0x0, 0x0, 0x0, 0xf, 0xff, 0x13,
    0xff, 0xf2, 0x0, 0x0, 0x5, 0xff, 0xf0, 0xd,
    0xff, 0xc2, 0x0, 0x4, 0xef, 0xf9, 0x0, 0x4f,
    0xff, 0xfd, 0xbd, 0xff, 0xfe, 0x10, 0x0, 0x5f,
    0xff, 0xff, 0xff, 0xfd, 0x30, 0x0, 0x0, 0x17,
    0xce, 0xfe, 0xb6, 0x0, 0x0,

    /* U+0169 "ũ" */
    0x0, 0x1a, 0xca, 0x20, 0xbb, 0x0, 0x0, 0xcf,
    0xff, 0xfe, 0xf9, 0x0, 0x0, 0xfa, 0x16, 0xdf,
    0xa1, 0x0, 0x0, 0x0, 0x0, 0x0, 0x0, 0x0,
    0x0, 0x0, 0x0, 0x0, 0x0, 0x0, 0x5f, 0xfc,
    0x0, 0x0, 0x7f, 0xfa, 0x5f, 0xfc, 0x0, 0x0,
    0x7f, 0xfa, 0x5f, 0xfc, 0x0, 0x0, 0x7f, 0xfa,
    0x5f, 0xfc, 0x0, 0x0, 0x7f, 0xfa, 0x5f, 0xfc,
    0x0, 0x0, 0x7f, 0xfa, 0x5f, 0xfc, 0x0, 0x0,
    0x7f, 0xfa, 0x5f, 0xfc, 0x0, 0x0, 0x7f, 0xfa,
    0x5f, 0xfc, 0x0, 0x0, 0x7f, 0xfa, 0x4f, 0xfd,
    0x0, 0x0, 0x9f, 0xfa, 0x2f, 0xff, 0x20, 0x1,
    0xff, 0xfa, 0xe, 0xff, 0xe8, 0x9e, 0xff, 0xfa,
    0x5, 0xff, 0xff, 0xff, 0x7f, 0xfa, 0x0, 0x4c,
    0xfe, 0xb3, 0x3f, 0xfa,

    /* U+016A "Ū" */
    0x0, 0x0, 0x55, 0x55, 0x55, 0x40, 0x0, 0x0,
    0x0, 0x1f, 0xff, 0xff, 0xfd, 0x0, 0x0, 0x0,
    0x1, 0xff, 0xff, 0xff, 0xd0, 0x0, 0x0, 0x0,
    0x0, 0x0, 0x0, 0x0, 0x0, 0x0, 0x0, 0x0,
    0x0, 0x0, 0x0, 0x0, 0x0, 0x7, 0xff, 0xb0,
    0x0, 0x0, 0x0, 0xef, 0xf3, 0x7f, 0xfb, 0x0,
    0x0, 0x0, 0xe, 0xff, 0x37, 0xff, 0xb0, 0x0,
    0x0, 0x0, 0xef, 0xf3, 0x7f, 0xfb, 0x0, 0x0,
    0x0, 0xe, 0xff, 0x37, 0xff, 0xb0, 0x0, 0x0,
    0x0, 0xef, 0xf3, 0x7f, 0xfb, 0x0, 0x0, 0x0,
    0xe, 0xff, 0x37, 0xff, 0xb0, 0x0, 0x0, 0x0,
    0xef, 0xf3, 0x7f, 0xfb, 0x0, 0x0, 0x0, 0xe,
    0xff, 0x37, 0xff, 0xb0, 0x0, 0x0, 0x0, 0xef,
    0xf3, 0x7f, 0xfb, 0x0, 0x0, 0x0, 0xe, 0xff,
    0x36, 0xff, 0xb0, 0x0, 0x0, 0x0, 0xef, 0xf3,
    0x5f, 0xfd, 0x0, 0x0, 0x0, 0xf, 0xff, 0x13,
    0xff, 0xf2, 0x0, 0x0, 0x5, 0xff, 0xf0, 0xd,
    0xff, 0xc2, 0x0, 0x4, 0xef, 0xf9, 0x0, 0x4f,
    0xff, 0xfd, 0xbd, 0xff, 0xfe, 0x10, 0x0, 0x5f,
    0xff, 0xff, 0xff, 0xfd, 0x30, 0x0, 0x0, 0x17,
    0xce, 0xfe, 0xb6, 0x0, 0x0,

    /* U+016B "ū" */
    0x0, 0x6f, 0xff, 0xff, 0xf9, 0x0, 0x0, 0x6f,
    0xff, 0xff, 0xf9, 0x0, 0x0, 0x14, 0x44, 0x44,
    0x42, 0x0, 0x0, 0x0, 0x0, 0x0, 0x0, 0x0,
    0x5f, 0xfc, 0x0, 0x0, 0x7f, 0xfa, 0x5f, 0xfc,
    0x0, 0x0, 0x7f, 0xfa, 0x5f, 0xfc, 0x0, 0x0,
    0x7f, 0xfa, 0x5f, 0xfc, 0x0, 0x0, 0x7f, 0xfa,
    0x5f, 0xfc, 0x0, 0x0, 0x7f, 0xfa, 0x5f, 0xfc,
    0x0, 0x0, 0x7f, 0xfa, 0x5f, 0xfc, 0x0, 0x0,
    0x7f, 0xfa, 0x5f, 0xfc, 0x0, 0x0, 0x7f, 0xfa,
    0x4f, 0xfd, 0x0, 0x0, 0x9f, 0xfa, 0x2f, 0xff,
    0x20, 0x1, 0xff, 0xfa, 0xe, 0xff, 0xe8, 0x9e,
    0xff, 0xfa, 0x5, 0xff, 0xff, 0xff, 0x7f, 0xfa,
    0x0, 0x4c, 0xfe, 0xb3, 0x3f, 0xfa,

    /* U+016C "Ŭ" */
    0x0, 0x2, 0xfd, 0x0, 0x2f, 0xe0, 0x0, 0x0,
    0x0, 0xb, 0xff, 0xdf, 0xf7, 0x0, 0x0, 0x0,
    0x0, 0x19, 0xef, 0xd7, 0x0, 0x0, 0x0, 0x0,
    0x0, 0x0, 0x0, 0x0, 0x0, 0x0, 0x0, 0x0,
    0x0, 0x0, 0x0, 0x0, 0x0, 0x7, 0xff, 0xb0,
    0x0, 0x0, 0x0, 0xef, 0xf3, 0x7f, 0xfb, 0x0,
    0x0, 0x0, 0xe, 0xff, 0x37, 0xff, 0xb0, 0x0,
    0x0, 0x0, 0xef, 0xf3, 0x7f, 0xfb, 0x0, 0x0,
    0x0, 0xe, 0xff, 0x37, 0xff, 0xb0, 0x0, 0x0,
    0x0, 0xef, 0xf3, 0x7f, 0xfb, 0x0, 0x0, 0x0,
    0xe, 0xff, 0x37, 0xff, 0xb0, 0x0, 0x0, 0x0,
    0xef, 0xf3, 0x7f, 0xfb, 0x0, 0x0, 0x0, 0xe,
    0xff, 0x37, 0xff, 0xb0, 0x0, 0x0, 0x0, 0xef,
    0xf3, 0x7f, 0xfb, 0x0, 0x0, 0x0, 0xe, 0xff,
    0x36, 0xff, 0xb0, 0x0, 0x0, 0x0, 0xef, 0xf3,
    0x5f, 0xfd, 0x0, 0x0, 0x0, 0xf, 0xff, 0x13,
    0xff, 0xf2, 0x0, 0x0, 0x5, 0xff, 0xf0, 0xd,
    0xff, 0xc2, 0x0, 0x4, 0xef, 0xf9, 0x0, 0x4f,
    0xff, 0xfd, 0xbd, 0xff, 0xfe, 0x10, 0x0, 0x5f,
    0xff, 0xff, 0xff, 0xfd, 0x30, 0x0, 0x0, 0x17,
    0xce, 0xfe, 0xb6, 0x0, 0x0,

    /* U+016D "ŭ" */
    0x0, 0x7f, 0x60, 0x3, 0xf9, 0x0, 0x0, 0x3f,
    0xd2, 0x1b, 0xf6, 0x0, 0x0, 0xa, 0xff, 0xff,
    0xd0, 0x0, 0x0, 0x0, 0x7c, 0xc8, 0x10, 0x0,
    0x0, 0x0, 0x0, 0x0, 0x0, 0x0, 0x5f, 0xfc,
    0x0, 0x0, 0x7f, 0xfa, 0x5f, 0xfc, 0x0, 0x0,
    0x7f, 0xfa, 0x5f, 0xfc, 0x0, 0x0, 0x7f, 0xfa,
    0x5f, 0xfc, 0x0, 0x0, 0x7f, 0xfa, 0x5f, 0xfc,
    0x0, 0x0, 0x7f, 0xfa, 0x5f, 0xfc, 0x0, 0x0,
    0x7f, 0xfa, 0x5f, 0xfc, 0x0, 0x0, 0x7f, 0xfa,
    0x5f, 0xfc, 0x0, 0x0, 0x7f, 0xfa, 0x4f, 0xfd,
    0x0, 0x0, 0x9f, 0xfa, 0x2f, 0xff, 0x20, 0x1,
    0xff, 0xfa, 0xe, 0xff, 0xe8, 0x9e, 0xff, 0xfa,
    0x5, 0xff, 0xff, 0xff, 0x7f, 0xfa, 0x0, 0x4c,
    0xfe, 0xb3, 0x3f, 0xfa,

    /* U+016E "Ů" */
    0x0, 0x0, 0x0, 0x1, 0x0, 0x0, 0x0, 0x0,
    0x0, 0x0, 0x4e, 0xfd, 0x20, 0x0, 0x0, 0x0,
    0x0, 0xd, 0xc6, 0xea, 0x0, 0x0, 0x0, 0x0,
    0x0, 0xeb, 0x3d, 0xb0, 0x0, 0x0, 0x0, 0x0,
    0x6, 0xff, 0xe3, 0x0, 0x0, 0x0, 0x0, 0x0,
    0x1, 0x41, 0x0, 0x0, 0x0, 0x0, 0x0, 0x0,
    0x0, 0x0, 0x0, 0x0, 0x7, 0xff, 0xb0, 0x0,
    0x0, 0x0, 0xef, 0xf3, 0x7f, 0xfb, 0x0, 0x0,
    0x0, 0xe, 0xff, 0x37, 0xff, 0xb0, 0x0, 0x0,
    0x0, 0xef, 0xf3, 0x7f, 0xfb, 0x0, 0x0, 0x0,
    0xe, 0xff, 0x37, 0xff, 0xb0, 0x0, 0x0, 0x0,
    0xef, 0xf3, 0x7f, 0xfb, 0x0, 0x0, 0x0, 0xe,
    0xff, 0x37, 0xff, 0xb0, 0x0, 0x0, 0x0, 0xef,
    0xf3, 0x7f, 0xfb, 0x0, 0x0, 0x0, 0xe, 0xff,
    0x37, 0xff, 0xb0, 0x0, 0x0, 0x0, 0xef, 0xf3,
    0x7f, 0xfb, 0x0, 0x0, 0x0, 0xe, 0xff, 0x36,
    0xff, 0xb0, 0x0, 0x0, 0x0, 0xef, 0xf3, 0x5f,
    0xfd, 0x0, 0x0, 0x0, 0xf, 0xff, 0x13, 0xff,
    0xf2, 0x0, 0x0, 0x5, 0xff, 0xf0, 0xd, 0xff,
    0xc2, 0x0, 0x4, 0xef, 0xf9, 0x0, 0x4f, 0xff,
    0xfd, 0xbd, 0xff, 0xfe, 0x10, 0x0, 0x5f, 0xff,
    0xff, 0xff, 0xfd, 0x30, 0x0, 0x0, 0x17, 0xce,
    0xfe, 0xb6, 0x0, 0x0,

    /* U+016F "ů" */
    0x0, 0x0, 0x0, 0x0, 0x0, 0x0, 0x0, 0x0,
    0x6f, 0xf8, 0x0, 0x0, 0x0, 0x1, 0xfa, 0x8f,
    0x30, 0x0, 0x0, 0x4, 0xf3, 0xf, 0x70, 0x0,
    0x0, 0x2, 0xf8, 0x5f, 0x40, 0x0, 0x0, 0x0,
    0x8f, 0xfb, 0x0, 0x0, 0x0, 0x0, 0x2, 0x30,
    0x0, 0x0, 0x5f, 0xfc, 0x0, 0x0, 0x7f, 0xfa,
    0x5f, 0xfc, 0x0, 0x0, 0x7f, 0xfa, 0x5f, 0xfc,
    0x0, 0x0, 0x7f, 0xfa, 0x5f, 0xfc, 0x0, 0x0,
    0x7f, 0xfa, 0x5f, 0xfc, 0x0, 0x0, 0x7f, 0xfa,
    0x5f, 0xfc, 0x0, 0x0, 0x7f, 0xfa, 0x5f, 0xfc,
    0x0, 0x0, 0x7f, 0xfa, 0x5f, 0xfc, 0x0, 0x0,
    0x7f, 0xfa, 0x4f, 0xfd, 0x0, 0x0, 0x9f, 0xfa,
    0x2f, 0xff, 0x20, 0x1, 0xff, 0xfa, 0xe, 0xff,
    0xe8, 0x9e, 0xff, 0xfa, 0x5, 0xff, 0xff, 0xff,
    0x7f, 0xfa, 0x0, 0x4c, 0xfe, 0xb3, 0x3f, 0xfa,

    /* U+0170 "Ű" */
    0x0, 0x0, 0x8, 0xff, 0x7a, 0xff, 0x50, 0x0,
    0x0, 0x0, 0xff, 0xc2, 0xff, 0xa0, 0x0, 0x0,
    0x0, 0x6f, 0xf2, 0x8f, 0xe1, 0x0, 0x0, 0x0,
    0x3, 0x53, 0x4, 0x53, 0x0, 0x0, 0x0, 0x0,
    0x0, 0x0, 0x0, 0x0, 0x0, 0x7, 0xff, 0xb0,
    0x0, 0x0, 0x0, 0xef, 0xf3, 0x7f, 0xfb, 0x0,
    0x0, 0x0, 0xe, 0xff, 0x37, 0xff, 0xb0, 0x0,
    0x0, 0x0, 0xef, 0xf3, 0x7f, 0xfb, 0x0, 0x0,
    0x0, 0xe, 0xff, 0x37, 0xff, 0xb0, 0x0, 0x0,
    0x0, 0xef, 0xf3, 0x7f, 0xfb, 0x0, 0x0, 0x0,
    0xe, 0xff, 0x37, 0xff, 0xb0, 0x0, 0x0, 0x0,
    0xef, 0xf3, 0x7f, 0xfb, 0x0, 0x0, 0x0, 0xe,
    0xff, 0x37, 0xff, 0xb0, 0x0, 0x0, 0x0, 0xef,
    0xf3, 0x7f, 0xfb, 0x0, 0x0, 0x0, 0xe, 0xff,
    0x36, 0xff, 0xb0, 0x0, 0x0, 0x0, 0xef, 0xf3,
    0x5f, 0xfd, 0x0, 0x0, 0x0, 0xf, 0xff, 0x13,
    0xff, 0xf2, 0x0, 0x0, 0x5, 0xff, 0xf0, 0xd,
    0xff, 0xc2, 0x0, 0x4, 0xef, 0xf9, 0x0, 0x4f,
    0xff, 0xfd, 0xbd, 0xff, 0xfe, 0x10, 0x0, 0x5f,
    0xff, 0xff, 0xff, 0xfd, 0x30, 0x0, 0x0, 0x17,
    0xce, 0xfe, 0xb6, 0x0, 0x0,

    /* U+0171 "ű" */
    0x0, 0x0, 0xdf, 0xf3, 0xef, 0xe1, 0x0, 0x4,
    0xff, 0x76, 0xff, 0x60, 0x0, 0xb, 0xfd, 0xd,
    0xfb, 0x0, 0x0, 0x5, 0x52, 0x5, 0x51, 0x0,
    0x0, 0x0, 0x0, 0x0, 0x0, 0x0, 0x5f, 0xfc,
    0x0, 0x0, 0x7f, 0xfa, 0x5f, 0xfc, 0x0, 0x0,
    0x7f, 0xfa, 0x5f, 0xfc, 0x0, 0x0, 0x7f, 0xfa,
    0x5f, 0xfc, 0x0, 0x0, 0x7f, 0xfa, 0x5f, 0xfc,
    0x0, 0x0, 0x7f, 0xfa, 0x5f, 0xfc, 0x0, 0x0,
    0x7f, 0xfa, 0x5f, 0xfc, 0x0, 0x0, 0x7f, 0xfa,
    0x5f, 0xfc, 0x0, 0x0, 0x7f, 0xfa, 0x4f, 0xfd,
    0x0, 0x0, 0x9f, 0xfa, 0x2f, 0xff, 0x20, 0x1,
    0xff, 0xfa, 0xe, 0xff, 0xe8, 0x9e, 0xff, 0xfa,
    0x5, 0xff, 0xff, 0xff, 0x7f, 0xfa, 0x0, 0x4c,
    0xfe, 0xb3, 0x3f, 0xfa,

    /* U+0172 "Ų" */
    0x7f, 0xfb, 0x0, 0x0, 0x0, 0xe, 0xff, 0x37,
    0xff, 0xb0, 0x0, 0x0, 0x0, 0xef, 0xf3, 0x7f,
    0xfb, 0x0, 0x0, 0x0, 0xe, 0xff, 0x37, 0xff,
    0xb0, 0x0, 0x0, 0x0, 0xef, 0xf3, 0x7f, 0xfb,
    0x0, 0x0, 0x0, 0xe, 0xff, 0x37, 0xff, 0xb0,
    0x0, 0x0, 0x0, 0xef, 0xf3, 0x7f, 0xfb, 0x0,
    0x0, 0x0, 0xe, 0xff, 0x37, 0xff, 0xb0, 0x0,
    0x0, 0x0, 0xef, 0xf3, 0x7f, 0xfb, 0x0, 0x0,
    0x0, 0xe, 0xff, 0x37, 0xff, 0xb0, 0x0, 0x0,
    0x0, 0xef, 0xf3, 0x6f, 0xfb, 0x0, 0x0, 0x0,
    0xe, 0xff, 0x35, 0xff, 0xd0, 0x0, 0x0, 0x0,
    0xff, 0xf1, 0x3f, 0xff, 0x20, 0x0, 0x0, 0x5f,
    0xff, 0x0, 0xdf, 0xfc, 0x20, 0x0, 0x4e, 0xff,
    0x90, 0x4, 0xff, 0xff, 0xdb, 0xdf, 0xff, 0xe1,
    0x0, 0x5, 0xff, 0xff, 0xff, 0xff, 0xd3, 0x0,
    0x0, 0x1, 0x7c, 0xef, 0xff, 0x60, 0x0, 0x0,
    0x0, 0x0, 0x0, 0xef, 0x70, 0x0, 0x0, 0x0,
    0x0, 0x0, 0x8f, 0xd0, 0x0, 0x0, 0x0, 0x0,
    0x0, 0xe, 0xfb, 0x1, 0x0, 0x0, 0x0, 0x0,
    0x0, 0xdf, 0xff, 0xa0, 0x0, 0x0, 0x0, 0x0,
    0x3, 0xcf, 0xd8, 0x0, 0x0,

    /* U+0173 "ų" */
    0x5f, 0xfc, 0x0, 0x0, 0x7f, 0xfa, 0x5, 0xff,
    0xc0, 0x0, 0x7, 0xff, 0xa0, 0x5f, 0xfc, 0x0,
    0x0, 0x7f, 0xfa, 0x5, 0xff, 0xc0, 0x0, 0x7,
    0xff, 0xa0, 0x5f, 0xfc, 0x0, 0x0, 0x7f, 0xfa,
    0x5, 0xff, 0xc0, 0x0, 0x7, 0xff, 0xa0, 0x5f,
    0xfc, 0x0, 0x0, 0x7f, 0xfa, 0x5, 0xff, 0xc0,
    0x0, 0x7, 0xff, 0xa0, 0x4f, 0xfd, 0x0, 0x0,
    0x9f, 0xfa, 0x2, 0xff, 0xf2, 0x0, 0x1f, 0xff,
    0xa0, 0xe, 0xff, 0xe8, 0x9e, 0xff, 0xfa, 0x0,
    0x5f, 0xff, 0xff, 0xf7, 0xff, 0xa0, 0x0, 0x4c,
    0xfe, 0xb3, 0x3f, 0xfa, 0x0, 0x0, 0x0, 0x0,
    0x4, 0xff, 0x30, 0x0, 0x0, 0x0, 0x0, 0xef,
    0x70, 0x0, 0x0, 0x0, 0x0, 0x5f, 0xf3, 0x20,
    0x0, 0x0, 0x0, 0x5, 0xff, 0xff, 0x20, 0x0,
    0x0, 0x0, 0x9, 0xee, 0xc3,

    /* U+0174 "Ŵ" */
    0x0, 0x0, 0x0, 0x0, 0x0, 0xef, 0xfc, 0x0,
    0x0, 0x0, 0x0, 0x0, 0x0, 0x0, 0x0, 0x0,
    0x9f, 0xef, 0xf6, 0x0, 0x0, 0x0, 0x0, 0x0,
    0x0, 0x0, 0x0, 0x3f, 0xf2, 0x4f, 0xf1, 0x0,
    0x0, 0x0, 0x0, 0x0, 0x0, 0x0, 0x5, 0x84,
    0x0, 0x58, 0x40, 0x0, 0x0, 0x0, 0x0, 0x0,
    0x0, 0x0, 0x0, 0x0, 0x0, 0x0, 0x0, 0x0,
    0x0, 0x0, 0xff, 0xf4, 0x0, 0x0, 0xb, 0xff,
    0x70, 0x0, 0x0, 0x8f, 0xfc, 0xb, 0xff, 0x80,
    0x0, 0x0, 0xef, 0xfb, 0x0, 0x0, 0xc, 0xff,
    0x70, 0x7f, 0xfc, 0x0, 0x0, 0x2f, 0xff, 0xf0,
    0x0, 0x0, 0xff, 0xf3, 0x2, 0xff, 0xf0, 0x0,
    0x6, 0xff, 0xff, 0x30, 0x0, 0x4f, 0xff, 0x0,
    0xe, 0xff, 0x40, 0x0, 0xaf, 0xff, 0xf7, 0x0,
    0x8, 0xff, 0xa0, 0x0, 0xaf, 0xf8, 0x0, 0xe,
    0xfe, 0xff, 0xb0, 0x0, 0xcf, 0xf6, 0x0, 0x5,
    0xff, 0xc0, 0x2, 0xff, 0x9c, 0xff, 0x0, 0xf,
    0xff, 0x20, 0x0, 0x1f, 0xff, 0x0, 0x6f, 0xf5,
    0x8f, 0xf3, 0x4, 0xff, 0xe0, 0x0, 0x0, 0xdf,
    0xf4, 0xa, 0xff, 0x14, 0xff, 0x70, 0x7f, 0xf9,
    0x0, 0x0, 0x8, 0xff, 0x80, 0xef, 0xd0, 0xf,
    0xfb, 0xb, 0xff, 0x50, 0x0, 0x0, 0x4f, 0xfc,
    0x2f, 0xf9, 0x0, 0xcf, 0xe0, 0xff, 0xf1, 0x0,
    0x0, 0x0, 0xff, 0xf7, 0xff, 0x50, 0x8, 0xff,
    0x6f, 0xfd, 0x0, 0x0, 0x0, 0xc, 0xff, 0xef,
    0xf1, 0x0, 0x4f, 0xfe, 0xff, 0x80, 0x0, 0x0,
    0x0, 0x7f, 0xff, 0xfd, 0x0, 0x0, 0xff, 0xff,
    0xf4, 0x0, 0x0, 0x0, 0x3, 0xff, 0xff, 0x80,
    0x0, 0xc, 0xff, 0xff, 0x0, 0x0, 0x0, 0x0,
    0xe, 0xff, 0xf4, 0x0, 0x0, 0x8f, 0xff, 0xb0,
    0x0, 0x0, 0x0, 0x0, 0xaf, 0xff, 0x0, 0x0,
    0x4, 0xff, 0xf7, 0x0, 0x0,

    /* U+0175 "ŵ" */
    0x0, 0x0, 0x0, 0x0, 0x58, 0x86, 0x0, 0x0,
    0x0, 0x0, 0x0, 0x0, 0x0, 0x3, 0xff, 0xef,
    0x50, 0x0, 0x0, 0x0, 0x0, 0x0, 0x0, 0x1d,
    0xf4, 0x2f, 0xf2, 0x0, 0x0, 0x0, 0x0, 0x0,
    0x0, 0x48, 0x60, 0x4, 0x85, 0x0, 0x0, 0x0,
    0x0, 0x0, 0x0, 0x0, 0x0, 0x0, 0x0, 0x0,
    0x0, 0x0, 0x5f, 0xfc, 0x0, 0x0, 0x6f, 0xf8,
    0x0, 0x0, 0xaf, 0xf7, 0x1f, 0xff, 0x0, 0x0,
    0xbf, 0xfd, 0x0, 0x0, 0xef, 0xf2, 0xc, 0xff,
    0x40, 0x0, 0xff, 0xff, 0x10, 0x2, 0xff, 0xe0,
    0x7, 0xff, 0x90, 0x3, 0xff, 0xff, 0x50, 0x7,
    0xff, 0x90, 0x2, 0xff, 0xd0, 0x8, 0xff, 0xef,
    0xa0, 0xb, 0xff, 0x40, 0x0, 0xdf, 0xf1, 0xc,
    0xfb, 0x9f, 0xe0, 0xf, 0xff, 0x0, 0x0, 0x9f,
    0xf5, 0x1f, 0xf6, 0x4f, 0xf2, 0x3f, 0xfb, 0x0,
    0x0, 0x4f, 0xf9, 0x5f, 0xf2, 0xf, 0xf7, 0x7f,
    0xf6, 0x0, 0x0, 0xf, 0xfe, 0x9f, 0xd0, 0xb,
    0xfb, 0xcf, 0xf1, 0x0, 0x0, 0xa, 0xff, 0xff,
    0x80, 0x6, 0xff, 0xff, 0xc0, 0x0, 0x0, 0x5,
    0xff, 0xff, 0x40, 0x2, 0xff, 0xff, 0x80, 0x0,
    0x0, 0x1, 0xff, 0xff, 0x0, 0x0, 0xdf, 0xff,
    0x30, 0x0, 0x0, 0x0, 0xcf, 0xfa, 0x0, 0x0,
    0x8f, 0xfe, 0x0, 0x0,

    /* U+0176 "Ŷ" */
    0x0, 0x0, 0x0, 0x5c, 0xcc, 0x20, 0x0, 0x0,
    0x0, 0x0, 0x1, 0xef, 0xff, 0xc0, 0x0, 0x0,
    0x0, 0x0, 0xb, 0xfa, 0xd, 0xf6, 0x0, 0x0,
    0x0, 0x0, 0x29, 0x90, 0x3, 0x99, 0x0, 0x0,
    0x0, 0x0, 0x0, 0x0, 0x0, 0x0, 0x0, 0x0,
    0xd, 0xff, 0x90, 0x0, 0x0, 0x0, 0xdf, 0xf9,
    0x4, 0xff, 0xf2, 0x0, 0x0, 0x7, 0xff, 0xe1,
    0x0, 0xbf, 0xfb, 0x0, 0x0, 0x1e, 0xff, 0x60,
    0x0, 0x2f, 0xff, 0x40, 0x0, 0x9f, 0xfd, 0x0,
    0x0, 0x9, 0xff, 0xd0, 0x2, 0xff, 0xf4, 0x0,
    0x0, 0x1, 0xef, 0xf6, 0xa, 0xff, 0xb0, 0x0,
    0x0, 0x0, 0x6f, 0xfe, 0x4f, 0xff, 0x20, 0x0,
    0x0, 0x0, 0xd, 0xff, 0xff, 0xf8, 0x0, 0x0,
    0x0, 0x0, 0x4, 0xff, 0xff, 0xe0, 0x0, 0x0,
    0x0, 0x0, 0x0, 0xaf, 0xff, 0x60, 0x0, 0x0,
    0x0, 0x0, 0x0, 0x3f, 0xff, 0x0, 0x0, 0x0,
    0x0, 0x0, 0x0, 0x3f, 0xfe, 0x0, 0x0, 0x0,
    0x0, 0x0, 0x0, 0x3f, 0xfe, 0x0, 0x0, 0x0,
    0x0, 0x0, 0x0, 0x3f, 0xfe, 0x0, 0x0, 0x0,
    0x0, 0x0, 0x0, 0x3f, 0xfe, 0x0, 0x0, 0x0,
    0x0, 0x0, 0x0, 0x3f, 0xfe, 0x0, 0x0, 0x0,
    0x0, 0x0, 0x0, 0x3f, 0xfe, 0x0, 0x0, 0x0,

    /* U+0177 "ŷ" */
    0x0, 0x0, 0x1, 0x11, 0x0, 0x0, 0x0, 0x0,
    0x0, 0x3f, 0xef, 0xd1, 0x0, 0x0, 0x0, 0x1,
    0xee, 0x15, 0xfb, 0x0, 0x0, 0x0, 0x6, 0x84,
    0x0, 0x68, 0x30, 0x0, 0x0, 0x0, 0x0, 0x0,
    0x0, 0x0, 0x0, 0x5f, 0xfd, 0x0, 0x0, 0x2,
    0xff, 0xf0, 0xf, 0xff, 0x20, 0x0, 0x7, 0xff,
    0xa0, 0x9, 0xff, 0x80, 0x0, 0xc, 0xff, 0x50,
    0x4, 0xff, 0xd0, 0x0, 0x1f, 0xff, 0x0, 0x0,
    0xef, 0xf2, 0x0, 0x6f, 0xfa, 0x0, 0x0, 0x8f,
    0xf7, 0x0, 0xbf, 0xf4, 0x0, 0x0, 0x3f, 0xfc,
    0x0, 0xff, 0xe0, 0x0, 0x0, 0xd, 0xff, 0x15,
    0xff, 0x90, 0x0, 0x0, 0x7, 0xff, 0x7a, 0xff,
    0x40, 0x0, 0x0, 0x2, 0xff, 0xce, 0xfe, 0x0,
    0x0, 0x0, 0x0, 0xcf, 0xff, 0xf9, 0x0, 0x0,
    0x0, 0x0, 0x7f, 0xff, 0xf3, 0x0, 0x0, 0x0,
    0x0, 0x1f, 0xff, 0xe0, 0x0, 0x0, 0x0, 0x0,
    0x4, 0xff, 0x80, 0x0, 0x0, 0x0, 0x25, 0x6d,
    0xff, 0x30, 0x0, 0x0, 0x0, 0x6f, 0xff, 0xfb,
    0x0, 0x0, 0x0, 0x0, 0x6f, 0xfe, 0xa1, 0x0,
    0x0, 0x0,

    /* U+0178 "Ÿ" */
    0x0, 0x0, 0x8f, 0xf7, 0xb, 0xff, 0x40, 0x0,
    0x0, 0x0, 0x8f, 0xf7, 0xb, 0xff, 0x40, 0x0,
    0x0, 0x0, 0x6b, 0xb5, 0x8, 0xbb, 0x30, 0x0,
    0x0, 0x0, 0x0, 0x0, 0x0, 0x0, 0x0, 0x0,
    0xd, 0xff, 0x90, 0x0, 0x0, 0x0, 0xdf, 0xf9,
    0x4, 0xff, 0xf2, 0x0, 0x0, 0x7, 0xff, 0xe1,
    0x0, 0xbf, 0xfb, 0x0, 0x0, 0x1e, 0xff, 0x60,
    0x0, 0x2f, 0xff, 0x40, 0x0, 0x9f, 0xfd, 0x0,
    0x0, 0x9, 0xff, 0xd0, 0x2, 0xff, 0xf4, 0x0,
    0x0, 0x1, 0xef, 0xf6, 0xa, 0xff, 0xb0, 0x0,
    0x0, 0x0, 0x6f, 0xfe, 0x4f, 0xff, 0x20, 0x0,
    0x0, 0x0, 0xd, 0xff, 0xff, 0xf8, 0x0, 0x0,
    0x0, 0x0, 0x4, 0xff, 0xff, 0xe0, 0x0, 0x0,
    0x0, 0x0, 0x0, 0xaf, 0xff, 0x60, 0x0, 0x0,
    0x0, 0x0, 0x0, 0x3f, 0xff, 0x0, 0x0, 0x0,
    0x0, 0x0, 0x0, 0x3f, 0xfe, 0x0, 0x0, 0x0,
    0x0, 0x0, 0x0, 0x3f, 0xfe, 0x0, 0x0, 0x0,
    0x0, 0x0, 0x0, 0x3f, 0xfe, 0x0, 0x0, 0x0,
    0x0, 0x0, 0x0, 0x3f, 0xfe, 0x0, 0x0, 0x0,
    0x0, 0x0, 0x0, 0x3f, 0xfe, 0x0, 0x0, 0x0,
    0x0, 0x0, 0x0, 0x3f, 0xfe, 0x0, 0x0, 0x0,

    /* U+0179 "Ź" */
    0x0, 0x0, 0x0, 0x4, 0x55, 0x0, 0x0, 0x0,
    0x0, 0x0, 0x2f, 0xfc, 0x0, 0x0, 0x0, 0x0,
    0x0, 0x9f, 0xf2, 0x0, 0x0, 0x0, 0x0, 0x1,
    0xff, 0x70, 0x0, 0x0, 0x0, 0x0, 0x0, 0x0,
    0x0, 0x0, 0x0, 0xf, 0xff, 0xff, 0xff, 0xff,
    0xff, 0xe0, 0xf, 0xff, 0xff, 0xff, 0xff, 0xff,
    0xe0, 0xa, 0xbb, 0xbb, 0xbb, 0xbf, 0xff, 0xd0,
    0x0, 0x0, 0x0, 0x0, 0x7f, 0xff, 0x40, 0x0,
    0x0, 0x0, 0x3, 0xff, 0xf8, 0x0, 0x0, 0x0,
    0x0, 0xd, 0xff, 0xc0, 0x0, 0x0, 0x0, 0x0,
    0xaf, 0xff, 0x20, 0x0, 0x0, 0x0, 0x6, 0xff,
    0xf5, 0x0, 0x0, 0x0, 0x0, 0x2f, 0xff, 0xa0,
    0x0, 0x0, 0x0, 0x0, 0xcf, 0xfd, 0x0, 0x0,
    0x0, 0x0, 0x9, 0xff, 0xf3, 0x0, 0x0, 0x0,
    0x0, 0x4f, 0xff, 0x60, 0x0, 0x0, 0x0, 0x1,
    0xef, 0xfb, 0x0, 0x0, 0x0, 0x0, 0xb, 0xff,
    0xe1, 0x0, 0x0, 0x0, 0x0, 0x5f, 0xff, 0xdb,
    0xbb, 0xbb, 0xbb, 0xb2, 0x5f, 0xff, 0xff, 0xff,
    0xff, 0xff, 0xf3, 0x5f, 0xff, 0xff, 0xff, 0xff,
    0xff, 0xf3,

    /* U+017A "ź" */
    0x0, 0x0, 0x0, 0x55, 0x40, 0x0, 0x0, 0x0,
    0x6, 0xff, 0x70, 0x0, 0x0, 0x0, 0xd, 0xfd,
    0x0, 0x0, 0x0, 0x0, 0x5f, 0xf3, 0x0, 0x0,
    0x0, 0x0, 0x0, 0x0, 0x0, 0x0, 0x8f, 0xff,
    0xff, 0xff, 0xff, 0xf3, 0x8f, 0xff, 0xff, 0xff,
    0xff, 0xf3, 0x25, 0x55, 0x55, 0x5c, 0xff, 0xf2,
    0x0, 0x0, 0x0, 0x7f, 0xff, 0x50, 0x0, 0x0,
    0x5, 0xff, 0xf6, 0x0, 0x0, 0x0, 0x4f, 0xff,
    0x70, 0x0, 0x0, 0x3, 0xff, 0xf9, 0x0, 0x0,
    0x0, 0x2e, 0xff, 0xa0, 0x0, 0x0, 0x1, 0xef,
    0xfb, 0x0, 0x0, 0x0, 0x1d, 0xff, 0xc0, 0x0,
    0x0, 0x0, 0xbf, 0xff, 0x65, 0x55, 0x55, 0x52,
    0xcf, 0xff, 0xff, 0xff, 0xff, 0xf6, 0xcf, 0xff,
    0xff, 0xff, 0xff, 0xf6,

    /* U+017B "Ż" */
    0x0, 0x0, 0x7, 0xff, 0xb0, 0x0, 0x0, 0x0,
    0x0, 0x7, 0xff, 0xb0, 0x0, 0x0, 0x0, 0x0,
    0x5, 0xbb, 0x80, 0x0, 0x0, 0x0, 0x0, 0x0,
    0x0, 0x0, 0x0, 0x0, 0xf, 0xff, 0xff, 0xff,
    0xff, 0xff, 0xe0, 0xf, 0xff, 0xff, 0xff, 0xff,
    0xff, 0xe0, 0xa, 0xbb, 0xbb, 0xbb, 0xbf, 0xff,
    0xd0, 0x0, 0x0, 0x0, 0x0, 0x7f, 0xff, 0x40,
    0x0, 0x0, 0x0, 0x3, 0xff, 0xf8, 0x0, 0x0,
    0x0, 0x0, 0xd, 0xff, 0xc0, 0x0, 0x0, 0x0,
    0x0, 0xaf, 0xff, 0x20, 0x0, 0x0, 0x0, 0x6,
    0xff, 0xf5, 0x0, 0x0, 0x0, 0x0, 0x2f, 0xff,
    0xa0, 0x0, 0x0, 0x0, 0x0, 0xcf, 0xfd, 0x0,
    0x0, 0x0, 0x0, 0x9, 0xff, 0xf3, 0x0, 0x0,
    0x0, 0x0, 0x4f, 0xff, 0x60, 0x0, 0x0, 0x0,
    0x1, 0xef, 0xfb, 0x0, 0x0, 0x0, 0x0, 0xb,
    0xff, 0xe1, 0x0, 0x0, 0x0, 0x0, 0x5f, 0xff,
    0xdb, 0xbb, 0xbb, 0xbb, 0xb2, 0x5f, 0xff, 0xff,
    0xff, 0xff, 0xff, 0xf3, 0x5f, 0xff, 0xff, 0xff,
    0xff, 0xff, 0xf3,

    /* U+017C "ż" */
    0x0, 0x0, 0xbf, 0xf7, 0x0, 0x0, 0x0, 0x0,
    0xbf, 0xf7, 0x0, 0x0, 0x0, 0x0, 0x8b, 0xb5,
    0x0, 0x0, 0x0, 0x0, 0x0, 0x0, 0x0, 0x0,
    0x8f, 0xff, 0xff, 0xff, 0xff, 0xf3, 0x8f, 0xff,
    0xff, 0xff, 0xff, 0xf3, 0x25, 0x55, 0x55, 0x5c,
    0xff, 0xf2, 0x0, 0x0, 0x0, 0x7f, 0xff, 0x50,
    0x0, 0x0, 0x5, 0xff, 0xf6, 0x0, 0x0, 0x0,
    0x4f, 0xff, 0x70, 0x0, 0x0, 0x3, 0xff, 0xf9,
    0x0, 0x0, 0x0, 0x2e, 0xff, 0xa0, 0x0, 0x0,
    0x1, 0xef, 0xfb, 0x0, 0x0, 0x0, 0x1d, 0xff,
    0xc0, 0x0, 0x0, 0x0, 0xbf, 0xff, 0x65, 0x55,
    0x55, 0x52, 0xcf, 0xff, 0xff, 0xff, 0xff, 0xf6,
    0xcf, 0xff, 0xff, 0xff, 0xff, 0xf6,

    /* U+017D "Ž" */
    0x0, 0x5, 0xfd, 0x0, 0xaf, 0x90, 0x0, 0x0,
    0x0, 0xbf, 0xa6, 0xfe, 0x0, 0x0, 0x0, 0x0,
    0x1f, 0xff, 0xf4, 0x0, 0x0, 0x0, 0x0, 0x4,
    0x88, 0x60, 0x0, 0x0, 0x0, 0x0, 0x0, 0x0,
    0x0, 0x0, 0x0, 0xf, 0xff, 0xff, 0xff, 0xff,
    0xff, 0xe0, 0xf, 0xff, 0xff, 0xff, 0xff, 0xff,
    0xe0, 0xa, 0xbb, 0xbb, 0xbb, 0xbf, 0xff, 0xd0,
    0x0, 0x0, 0x0, 0x0, 0x7f, 0xff, 0x40, 0x0,
    0x0, 0x0, 0x3, 0xff, 0xf8, 0x0, 0x0, 0x0,
    0x0, 0xd, 0xff, 0xc0, 0x0, 0x0, 0x0, 0x0,
    0xaf, 0xff, 0x20, 0x0, 0x0, 0x0, 0x6, 0xff,
    0xf5, 0x0, 0x0, 0x0, 0x0, 0x2f, 0xff, 0xa0,
    0x0, 0x0, 0x0, 0x0, 0xcf, 0xfd, 0x0, 0x0,
    0x0, 0x0, 0x9, 0xff, 0xf3, 0x0, 0x0, 0x0,
    0x0, 0x4f, 0xff, 0x60, 0x0, 0x0, 0x0, 0x1,
    0xef, 0xfb, 0x0, 0x0, 0x0, 0x0, 0xb, 0xff,
    0xe1, 0x0, 0x0, 0x0, 0x0, 0x5f, 0xff, 0xdb,
    0xbb, 0xbb, 0xbb, 0xb2, 0x5f, 0xff, 0xff, 0xff,
    0xff, 0xff, 0xf3, 0x5f, 0xff, 0xff, 0xff, 0xff,
    0xff, 0xf3,

    /* U+017E "ž" */
    0x0, 0x68, 0x30, 0x6, 0x83, 0x0, 0x0, 0x4f,
    0xe1, 0x5f, 0xe1, 0x0, 0x0, 0xa, 0xfe, 0xff,
    0x50, 0x0, 0x0, 0x1, 0xef, 0xfb, 0x0, 0x0,
    0x0, 0x0, 0x0, 0x0, 0x0, 0x0, 0x8f, 0xff,
    0xff, 0xff, 0xff, 0xf3, 0x8f, 0xff, 0xff, 0xff,
    0xff, 0xf3, 0x25, 0x55, 0x55, 0x5c, 0xff, 0xf2,
    0x0, 0x0, 0x0, 0x7f, 0xff, 0x50, 0x0, 0x0,
    0x5, 0xff, 0xf6, 0x0, 0x0, 0x0, 0x4f, 0xff,
    0x70, 0x0, 0x0, 0x3, 0xff, 0xf9, 0x0, 0x0,
    0x0, 0x2e, 0xff, 0xa0, 0x0, 0x0, 0x1, 0xef,
    0xfb, 0x0, 0x0, 0x0, 0x1d, 0xff, 0xc0, 0x0,
    0x0, 0x0, 0xbf, 0xff, 0x65, 0x55, 0x55, 0x52,
    0xcf, 0xff, 0xff, 0xff, 0xff, 0xf6, 0xcf, 0xff,
    0xff, 0xff, 0xff, 0xf6,

    /* U+017F "ſ" */
    0x2, 0xbf, 0xfc, 0x0, 0xef, 0xff, 0xc0, 0x4f,
    0xf3, 0x0, 0x5, 0xfc, 0x0, 0x0, 0x6f, 0xb0,
    0x0, 0x6, 0xfb, 0x0, 0x0, 0x6f, 0xb0, 0x0,
    0x6, 0xfb, 0x0, 0x0, 0x6f, 0xb0, 0x0, 0x6,
    0xfb, 0x0, 0x0, 0x6f, 0xb0, 0x0, 0x6, 0xfb,
    0x0, 0x0, 0x6f, 0xb0, 0x0, 0x6, 0xfb, 0x0,
    0x0, 0x6f, 0xb0, 0x0, 0x6, 0xfb, 0x0, 0x0,
    0x6f, 0xb0, 0x0, 0x6, 0xfb, 0x0, 0x0,

    /* U+0180 "ƀ" */
    0x0, 0x7f, 0xa0, 0x0, 0x0, 0x0, 0x0, 0x4c,
    0xdf, 0xec, 0xcb, 0x0, 0x0, 0x0, 0x5f, 0xff,
    0xff, 0xff, 0x0, 0x0, 0x0, 0x0, 0x7f, 0xa0,
    0x0, 0x0, 0x0, 0x0, 0x0, 0x7f, 0xa0, 0x0,
    0x0, 0x0, 0x0, 0x0, 0x7f, 0xa2, 0xae, 0xfc,
    0x60, 0x0, 0x0, 0x7f, 0xde, 0xfd, 0xdf, 0xfa,
    0x0, 0x0, 0x7f, 0xfd, 0x20, 0x4, 0xff, 0x60,
    0x0, 0x7f, 0xf2, 0x0, 0x0, 0x6f, 0xe0, 0x0,
    0x7f, 0xb0, 0x0, 0x0, 0xf, 0xf2, 0x0, 0x7f,
    0x80, 0x0, 0x0, 0xd, 0xf4, 0x0, 0x7f, 0x80,
    0x0, 0x0, 0xc, 0xf5, 0x0, 0x7f, 0x80, 0x0,
    0x0, 0xd, 0xf4, 0x0, 0x7f, 0xb0, 0x0, 0x0,
    0x1f, 0xf1, 0x0, 0x7f, 0xf1, 0x0, 0x0, 0x7f,
    0xc0, 0x0, 0x7f, 0xfc, 0x20, 0x5, 0xff, 0x40,
    0x0, 0x7f, 0xbf, 0xfd, 0xef, 0xf7, 0x0, 0x0,
    0x7f, 0x82, 0xbf, 0xfb, 0x40, 0x0,

    /* U+0181 "Ɓ" */
    0x1b, 0xef, 0xff, 0xff, 0xff, 0xfe, 0xa3, 0x0,
    0xb, 0xff, 0xff, 0xff, 0xff, 0xff, 0xff, 0xf6,
    0x0, 0xff, 0x48, 0xfd, 0x11, 0x11, 0x24, 0xcf,
    0xf2, 0xf, 0xf0, 0x7f, 0xd0, 0x0, 0x0, 0x0,
    0xef, 0x80, 0xdc, 0x7, 0xfd, 0x0, 0x0, 0x0,
    0xa, 0xfa, 0x0, 0x0, 0x7f, 0xd0, 0x0, 0x0,
    0x0, 0x9f, 0x80, 0x0, 0x7, 0xfd, 0x0, 0x0,
    0x0, 0xd, 0xf3, 0x0, 0x0, 0x7f, 0xd1, 0x11,
    0x11, 0x4b, 0xf7, 0x0, 0x0, 0x7, 0xff, 0xff,
    0xff, 0xff, 0xfb, 0x0, 0x0, 0x0, 0x7f, 0xff,
    0xff, 0xff, 0xff, 0xfe, 0x20, 0x0, 0x7, 0xfd,
    0x0, 0x0, 0x2, 0x6e, 0xfd, 0x0, 0x0, 0x7f,
    0xd0, 0x0, 0x0, 0x0, 0x4f, 0xf4, 0x0, 0x7,
    0xfd, 0x0, 0x0, 0x0, 0x0, 0xef, 0x70, 0x0,
    0x7f, 0xd0, 0x0, 0x0, 0x0, 0xf, 0xf6, 0x0,
    0x7, 0xfd, 0x0, 0x0, 0x0, 0x4, 0xff, 0x30,
    0x0, 0x7f, 0xd1, 0x11, 0x11, 0x27, 0xef, 0xc0,
    0x0, 0x7, 0xff, 0xff, 0xff, 0xff, 0xff, 0xd1,
    0x0, 0x0, 0x7f, 0xff, 0xff, 0xff, 0xec, 0x70,
    0x0,

    /* U+0182 "Ƃ" */
    0x1f, 0xff, 0xff, 0xff, 0xff, 0xff, 0x10, 0x1f,
    0xff, 0xff, 0xff, 0xff, 0xff, 0x10, 0x1f, 0xf4,
    0x11, 0x11, 0x11, 0x11, 0x0, 0x1f, 0xf3, 0x0,
    0x0, 0x0, 0x0, 0x0, 0x1f, 0xf3, 0x0, 0x0,
    0x0, 0x0, 0x0, 0x1f, 0xf3, 0x0, 0x0, 0x0,
    0x0, 0x0, 0x1f, 0xf3, 0x0, 0x0, 0x0, 0x0,
    0x0, 0x1f, 0xf4, 0x11, 0x10, 0x0, 0x0, 0x0,
    0x1f, 0xff, 0xff, 0xff, 0xfe, 0xb4, 0x0, 0x1f,
    0xff, 0xff, 0xff, 0xff, 0xff, 0x80, 0x1f, 0xf3,
    0x0, 0x0, 0x25, 0xcf, 0xf4, 0x1f, 0xf3, 0x0,
    0x0, 0x0, 0x1e, 0xfa, 0x1f, 0xf3, 0x0, 0x0,
    0x0, 0xa, 0xfd, 0x1f, 0xf3, 0x0, 0x0, 0x0,
    0xa, 0xfd, 0x1f, 0xf3, 0x0, 0x0, 0x0, 0xe,
    0xfa, 0x1f, 0xf3, 0x0, 0x0, 0x3, 0xcf, 0xf3,
    0x1f, 0xff, 0xff, 0xff, 0xff, 0xff, 0x70, 0x1f,
    0xff, 0xff, 0xff, 0xfe, 0xa4, 0x0,

    /* U+0183 "ƃ" */
    0x7f, 0xff, 0xff, 0xff, 0xff, 0xf4, 0x7f, 0xec,
    0xcc, 0xcc, 0xcc, 0xc3, 0x7f, 0xa0, 0x0, 0x0,
    0x0, 0x0, 0x7f, 0xa0, 0x0, 0x0, 0x0, 0x0,
    0x7f, 0xa0, 0x0, 0x0, 0x0, 0x0, 0x7f, 0xa2,
    0xae, 0xfc, 0x60, 0x0, 0x7f, 0xde, 0xfd, 0xdf,
    0xfa, 0x0, 0x7f, 0xfd, 0x20, 0x4, 0xff, 0x60,
    0x7f, 0xf2, 0x0, 0x0, 0x6f, 0xe0, 0x7f, 0xb0,
    0x0, 0x0, 0xf, 0xf2, 0x7f, 0x80, 0x0, 0x0,
    0xd, 0xf4, 0x7f, 0x80, 0x0, 0x0, 0xc, 0xf5,
    0x7f, 0x80, 0x0, 0x0, 0xd, 0xf4, 0x7f, 0xb0,
    0x0, 0x0, 0x1f, 0xf1, 0x7f, 0xf1, 0x0, 0x0,
    0x7f, 0xc0, 0x7f, 0xfc, 0x20, 0x5, 0xff, 0x40,
    0x7f, 0xbf, 0xfd, 0xef, 0xf7, 0x0, 0x7f, 0x82,
    0xbf, 0xfb, 0x40, 0x0,

    /* U+0184 "Ƅ" */
    0x6f, 0xb0, 0x0, 0x0, 0x0, 0x0, 0x6f, 0xb0,
    0x0, 0x0, 0x0, 0x0, 0x6f, 0xb0, 0x0, 0x0,
    0x0, 0x0, 0x6f, 0xb0, 0x0, 0x0, 0x0, 0x0,
    0x6f, 0xb0, 0x0, 0x0, 0x0, 0x0, 0x6f, 0xb0,
    0x0, 0x0, 0x0, 0x0, 0x6f, 0xb0, 0x0, 0x0,
    0x0, 0x0, 0x6f, 0xfe, 0xee, 0xdb, 0x70, 0x0,
    0x6f, 0xff, 0xff, 0xff, 0xfd, 0x20, 0x6f, 0xb0,
    0x0, 0x3, 0xcf, 0xc0, 0x6f, 0xb0, 0x0, 0x0,
    0x2f, 0xf2, 0x6f, 0xb0, 0x0, 0x0, 0xd, 0xf5,
    0x5f, 0xc0, 0x0, 0x0, 0xc, 0xf6, 0x3f, 0xf0,
    0x0, 0x0, 0xd, 0xf5, 0xf, 0xf5, 0x0, 0x0,
    0x1f, 0xf2, 0x8, 0xfe, 0x20, 0x0, 0xaf, 0xc0,
    0x0, 0xcf, 0xfd, 0xcf, 0xff, 0x30, 0x0, 0x7,
    0xcf, 0xfd, 0x92, 0x0,

    /* U+0185 "ƅ" */
    0x6f, 0xb0, 0x0, 0x0, 0x0, 0x0, 0x6f, 0xb0,
    0x0, 0x0, 0x0, 0x0, 0x6f, 0xb0, 0x0, 0x0,
    0x0, 0x0, 0x6f, 0xb0, 0x0, 0x0, 0x0, 0x0,
    0x6f, 0xb0, 0x0, 0x0, 0x0, 0x0, 0x6f, 0xb2,
    0xae, 0xfc, 0x60, 0x0, 0x6f, 0xde, 0xfd, 0xdf,
    0xfb, 0x0, 0x6f, 0xfe, 0x20, 0x3, 0xff, 0x70,
    0x6f, 0xf4, 0x0, 0x0, 0x7f, 0xe0, 0x6f, 0xd0,
    0x0, 0x0, 0xf, 0xf3, 0x6f, 0xa0, 0x0, 0x0,
    0xd, 0xf5, 0x6f, 0x90, 0x0, 0x0, 0xc, 0xf6,
    0x5f, 0x90, 0x0, 0x0, 0xd, 0xf5, 0x3f, 0xc0,
    0x0, 0x0, 0xf, 0xf2, 0xe, 0xf2, 0x0, 0x0,
    0x6f, 0xd0, 0x8, 0xfd, 0x10, 0x4, 0xff, 0x50,
    0x0, 0xbf, 0xfc, 0xdf, 0xf8, 0x0, 0x0, 0x6,
    0xcf, 0xfc, 0x50, 0x0,

    /* U+0186 "Ɔ" */
    0x0, 0x0, 0x29, 0xdf, 0xfd, 0x94, 0x0, 0x0,
    0x0, 0x0, 0x7f, 0xff, 0xff, 0xff, 0xfb, 0x10,
    0x0, 0x0, 0x7f, 0xfb, 0x31, 0x2, 0x7f, 0xfd,
    0x10, 0x0, 0x2f, 0xfa, 0x0, 0x0, 0x0, 0x2e,
    0xfb, 0x0, 0x9, 0xfe, 0x0, 0x0, 0x0, 0x0,
    0x4f, 0xf3, 0x0, 0x26, 0x50, 0x0, 0x0, 0x0,
    0x0, 0xcf, 0x90, 0x0, 0x0, 0x0, 0x0, 0x0,
    0x0, 0x8, 0xfd, 0x0, 0x0, 0x0, 0x0, 0x0,
    0x0, 0x0, 0x5f, 0xf0, 0x0, 0x0, 0x0, 0x0,
    0x0, 0x0, 0x4, 0xff, 0x10, 0x0, 0x0, 0x0,
    0x0, 0x0, 0x0, 0x4f, 0xf1, 0x0, 0x0, 0x0,
    0x0, 0x0, 0x0, 0x5, 0xff, 0x0, 0x3, 0x10,
    0x0, 0x0, 0x0, 0x0, 0x8f, 0xd0, 0xe, 0xf7,
    0x0, 0x0, 0x0, 0x0, 0xc, 0xf9, 0x0, 0x9f,
    0xd0, 0x0, 0x0, 0x0, 0x4, 0xff, 0x20, 0x2,
    0xff, 0x90, 0x0, 0x0, 0x2, 0xef, 0xa0, 0x0,
    0x7, 0xff, 0xb4, 0x0, 0x27, 0xff, 0xe1, 0x0,
    0x0, 0x7, 0xff, 0xff, 0xff, 0xff, 0xd2, 0x0,
    0x0, 0x0, 0x2, 0x9d, 0xff, 0xeb, 0x50, 0x0,
    0x0,

    /* U+0187 "Ƈ" */
    0x0, 0x0, 0x0, 0x0, 0x0, 0x0, 0x2, 0xbf,
    0xf5, 0x0, 0x0, 0x28, 0xce, 0xfe, 0xb7, 0xb,
    0xff, 0xf4, 0x0, 0x7, 0xff, 0xff, 0xff, 0xff,
    0xef, 0xf6, 0x0, 0x0, 0x9f, 0xfa, 0x30, 0x2,
    0x8f, 0xff, 0xf2, 0x0, 0x6, 0xff, 0x60, 0x0,
    0x0, 0x5, 0xff, 0xf1, 0x0, 0xe, 0xfa, 0x0,
    0x0, 0x0, 0x0, 0xaf, 0xf1, 0x0, 0x4f, 0xf2,
    0x0, 0x0, 0x0, 0x0, 0x27, 0x30, 0x0, 0x8f,
    0xd0, 0x0, 0x0, 0x0, 0x0, 0x0, 0x0, 0x0,
    0xaf, 0xa0, 0x0, 0x0, 0x0, 0x0, 0x0, 0x0,
    0x0, 0xcf, 0x90, 0x0, 0x0, 0x0, 0x0, 0x0,
    0x0, 0x0, 0xbf, 0x90, 0x0, 0x0, 0x0, 0x0,
    0x0, 0x0, 0x0, 0xaf, 0xa0, 0x0, 0x0, 0x0,
    0x0, 0x0, 0x0, 0x0, 0x7f, 0xd0, 0x0, 0x0,
    0x0, 0x0, 0x4, 0x10, 0x0, 0x3f, 0xf2, 0x0,
    0x0, 0x0, 0x0, 0x2f, 0xf3, 0x0, 0xd, 0xf9,
    0x0, 0x0, 0x0, 0x0, 0x8f, 0xe0, 0x0, 0x5,
    0xff, 0x60, 0x0, 0x0, 0x4, 0xff, 0x70, 0x0,
    0x0, 0xaf, 0xfa, 0x30, 0x2, 0x8f, 0xfc, 0x0,
    0x0, 0x0, 0xa, 0xff, 0xff, 0xff, 0xff, 0xb0,
    0x0, 0x0, 0x0, 0x0, 0x39, 0xde, 0xfe, 0xa4,
    0x0, 0x0, 0x0,

    /* U+0188 "ƈ" */
    0x0, 0x0, 0x0, 0x0, 0x0, 0x6e, 0xfb, 0x0,
    0x2, 0x9e, 0xfe, 0xb6, 0xff, 0xd9, 0x0, 0x4f,
    0xff, 0xce, 0xff, 0xfb, 0x0, 0x2, 0xff, 0x80,
    0x0, 0x7f, 0xf9, 0x0, 0x8, 0xfc, 0x0, 0x0,
    0xc, 0xf8, 0x0, 0xd, 0xf5, 0x0, 0x0, 0x1,
    0x10, 0x0, 0xf, 0xf3, 0x0, 0x0, 0x0, 0x0,
    0x0, 0xf, 0xf1, 0x0, 0x0, 0x0, 0x0, 0x0,
    0xf, 0xf2, 0x0, 0x0, 0x0, 0x0, 0x0, 0xd,
    0xf5, 0x0, 0x0, 0x5, 0xc7, 0x0, 0x8, 0xfb,
    0x0, 0x0, 0xb, 0xf8, 0x0, 0x1, 0xff, 0x70,
    0x0, 0x7f, 0xf1, 0x0, 0x0, 0x5f, 0xfe, 0xce,
    0xff, 0x50, 0x0, 0x0, 0x2, 0xae, 0xfe, 0xa2,
    0x0, 0x0,

    /* U+0189 "Ɖ" */
    0x1, 0xff, 0xff, 0xff, 0xfe, 0xd8, 0x20, 0x0,
    0x0, 0x1f, 0xff, 0xff, 0xff, 0xff, 0xff, 0x50,
    0x0, 0x1, 0xff, 0x41, 0x11, 0x23, 0x6d, 0xff,
    0x40, 0x0, 0x1f, 0xf3, 0x0, 0x0, 0x0, 0xc,
    0xfd, 0x0, 0x1, 0xff, 0x30, 0x0, 0x0, 0x0,
    0x2f, 0xf5, 0x0, 0x1f, 0xf3, 0x0, 0x0, 0x0,
    0x0, 0xbf, 0xb0, 0x1, 0xff, 0x30, 0x0, 0x0,
    0x0, 0x6, 0xfe, 0x0, 0x1f, 0xf3, 0x0, 0x0,
    0x0, 0x0, 0x4f, 0xf0, 0xff, 0xff, 0xff, 0xff,
    0xe0, 0x0, 0x3, 0xff, 0x1f, 0xff, 0xff, 0xff,
    0xfe, 0x0, 0x0, 0x4f, 0xf1, 0x12, 0xff, 0x41,
    0x11, 0x10, 0x0, 0x5, 0xff, 0x0, 0x1f, 0xf3,
    0x0, 0x0, 0x0, 0x0, 0x7f, 0xe0, 0x1, 0xff,
    0x30, 0x0, 0x0, 0x0, 0xb, 0xfa, 0x0, 0x1f,
    0xf3, 0x0, 0x0, 0x0, 0x2, 0xff, 0x50, 0x1,
    0xff, 0x30, 0x0, 0x0, 0x0, 0xcf, 0xd0, 0x0,
    0x1f, 0xf4, 0x11, 0x11, 0x26, 0xef, 0xf3, 0x0,
    0x1, 0xff, 0xff, 0xff, 0xff, 0xff, 0xf4, 0x0,
    0x0, 0x1f, 0xff, 0xff, 0xff, 0xec, 0x81, 0x0,
    0x0,

    /* U+018A "Ɗ" */
    0x2b, 0xff, 0xff, 0xff, 0xff, 0xfe, 0xb6, 0x0,
    0x0, 0xbf, 0xff, 0xff, 0xff, 0xff, 0xff, 0xff,
    0xc1, 0x0, 0xff, 0x48, 0xfd, 0x11, 0x11, 0x23,
    0x8f, 0xfd, 0x0, 0xff, 0x7, 0xfd, 0x0, 0x0,
    0x0, 0x3, 0xff, 0x80, 0xa9, 0x7, 0xfd, 0x0,
    0x0, 0x0, 0x0, 0x8f, 0xf0, 0x0, 0x7, 0xfd,
    0x0, 0x0, 0x0, 0x0, 0x1f, 0xf5, 0x0, 0x7,
    0xfd, 0x0, 0x0, 0x0, 0x0, 0xd, 0xf8, 0x0,
    0x7, 0xfd, 0x0, 0x0, 0x0, 0x0, 0xb, 0xfa,
    0x0, 0x7, 0xfd, 0x0, 0x0, 0x0, 0x0, 0xa,
    0xfb, 0x0, 0x7, 0xfd, 0x0, 0x0, 0x0, 0x0,
    0xa, 0xfb, 0x0, 0x7, 0xfd, 0x0, 0x0, 0x0,
    0x0, 0xb, 0xfa, 0x0, 0x7, 0xfd, 0x0, 0x0,
    0x0, 0x0, 0xd, 0xf7, 0x0, 0x7, 0xfd, 0x0,
    0x0, 0x0, 0x0, 0x2f, 0xf4, 0x0, 0x7, 0xfd,
    0x0, 0x0, 0x0, 0x0, 0x9f, 0xe0, 0x0, 0x7,
    0xfd, 0x0, 0x0, 0x0, 0x4, 0xff, 0x70, 0x0,
    0x7, 0xfd, 0x11, 0x11, 0x14, 0x9f, 0xfc, 0x0,
    0x0, 0x7, 0xff, 0xff, 0xff, 0xff, 0xff, 0xc1,
    0x0, 0x0, 0x7, 0xff, 0xff, 0xff, 0xfd, 0xa4,
    0x0, 0x0,

    /* U+018B "Ƌ" */
    0x0, 0x5f, 0xff, 0xff, 0xff, 0xff, 0xfd, 0x0,
    0x5f, 0xff, 0xff, 0xff, 0xff, 0xfd, 0x0, 0x1,
    0x11, 0x11, 0x11, 0x18, 0xfd, 0x0, 0x0, 0x0,
    0x0, 0x0, 0x7, 0xfd, 0x0, 0x0, 0x0, 0x0,
    0x0, 0x7, 0xfd, 0x0, 0x0, 0x0, 0x0, 0x0,
    0x7, 0xfd, 0x0, 0x0, 0x0, 0x0, 0x0, 0x7,
    0xfd, 0x0, 0x0, 0x0, 0x0, 0x11, 0x18, 0xfd,
    0x0, 0x6, 0xcf, 0xff, 0xff, 0xff, 0xfd, 0x0,
    0xcf, 0xff, 0xff, 0xff, 0xff, 0xfd, 0x8, 0xff,
    0xa3, 0x10, 0x0, 0x7, 0xfd, 0xe, 0xfb, 0x0,
    0x0, 0x0, 0x7, 0xfd, 0x1f, 0xf6, 0x0, 0x0,
    0x0, 0x7, 0xfd, 0x1f, 0xf6, 0x0, 0x0, 0x0,
    0x7, 0xfd, 0xe, 0xfa, 0x0, 0x0, 0x0, 0x7,
    0xfd, 0x7, 0xff, 0x92, 0x0, 0x0, 0x7, 0xfd,
    0x0, 0xbf, 0xff, 0xff, 0xff, 0xff, 0xfd, 0x0,
    0x6, 0xbe, 0xff, 0xff, 0xff, 0xfd,

    /* U+018C "ƌ" */
    0xe, 0xff, 0xff, 0xff, 0xff, 0xfc, 0xb, 0xcc,
    0xcc, 0xcc, 0xcd, 0xfc, 0x0, 0x0, 0x0, 0x0,
    0x5, 0xfc, 0x0, 0x0, 0x0, 0x0, 0x5, 0xfc,
    0x0, 0x0, 0x0, 0x0, 0x5, 0xfc, 0x0, 0x3,
    0xbe, 0xfc, 0x55, 0xfc, 0x0, 0x5f, 0xfe, 0xcf,
    0xfc, 0xfc, 0x1, 0xff, 0x80, 0x0, 0xaf, 0xfc,
    0x8, 0xfb, 0x0, 0x0, 0xc, 0xfc, 0xd, 0xf5,
    0x0, 0x0, 0x6, 0xfc, 0xf, 0xf3, 0x0, 0x0,
    0x3, 0xfc, 0xf, 0xf2, 0x0, 0x0, 0x2, 0xfc,
    0xf, 0xf3, 0x0, 0x0, 0x3, 0xfc, 0xc, 0xf6,
    0x0, 0x0, 0x6, 0xfc, 0x7, 0xfc, 0x0, 0x0,
    0xb, 0xfc, 0x1, 0xef, 0xa0, 0x0, 0x8f, 0xfc,
    0x0, 0x3e, 0xff, 0xdf, 0xfa, 0xfc, 0x0, 0x1,
    0x9e, 0xfd, 0x62, 0xfc,

    /* U+018D "ƍ" */
    0x0, 0x2, 0x9d, 0xfe, 0xb5, 0x0, 0x0, 0x4,
    0xff, 0xfc, 0xef, 0xfa, 0x0, 0x2, 0xff, 0x80,
    0x0, 0x4f, 0xf7, 0x0, 0x9f, 0xb0, 0x0, 0x0,
    0x5f, 0xe0, 0xe, 0xf4, 0x0, 0x0, 0x0, 0xef,
    0x41, 0xff, 0x10, 0x0, 0x0, 0xb, 0xf7, 0x2f,
    0xf0, 0x0, 0x0, 0x0, 0xaf, 0x81, 0xff, 0x10,
    0x0, 0x0, 0xc, 0xf7, 0xf, 0xf4, 0x0, 0x0,
    0x0, 0xef, 0x40, 0xaf, 0xb0, 0x0, 0x0, 0x6f,
    0xf0, 0x2, 0xff, 0x70, 0x0, 0x3e, 0xf8, 0x0,
    0x6, 0xff, 0xeb, 0xdf, 0xfb, 0x0, 0x0, 0x6,
    0xff, 0xff, 0xd7, 0x0, 0x0, 0x0, 0x2, 0xdf,
    0xc1, 0x0, 0x0, 0x0, 0x0, 0x0, 0x9f, 0xe5,
    0x0, 0x0, 0x0, 0x0, 0x0, 0x5e, 0xf9, 0x0,
    0x0, 0x8c, 0xcc, 0xcc, 0xdf, 0xfb, 0x0, 0xb,
    0xff, 0xff, 0xff, 0xff, 0xd0,

    /* U+018E "Ǝ" */
    0x5f, 0xff, 0xff, 0xff, 0xff, 0xff, 0xf1, 0x5f,
    0xff, 0xff, 0xff, 0xff, 0xff, 0xf1, 0x1, 0x11,
    0x11, 0x11, 0x11, 0x3f, 0xf1, 0x0, 0x0, 0x0,
    0x0, 0x0, 0x2f, 0xf1, 0x0, 0x0, 0x0, 0x0,
    0x0, 0x2f, 0xf1, 0x0, 0x0, 0x0, 0x0, 0x0,
    0x2f, 0xf1, 0x0, 0x0, 0x0, 0x0, 0x0, 0x2f,
    0xf1, 0x0, 0x11, 0x11, 0x11, 0x11, 0x3f, 0xf1,
    0xa, 0xff, 0xff, 0xff, 0xff, 0xff, 0xf1, 0xa,
    0xff, 0xff, 0xff, 0xff, 0xff, 0xf1, 0x0, 0x0,
    0x0, 0x0, 0x0, 0x2f, 0xf1, 0x0, 0x0, 0x0,
    0x0, 0x0, 0x2f, 0xf1, 0x0, 0x0, 0x0, 0x0,
    0x0, 0x2f, 0xf1, 0x0, 0x0, 0x0, 0x0, 0x0,
    0x2f, 0xf1, 0x0, 0x0, 0x0, 0x0, 0x0, 0x2f,
    0xf1, 0x1, 0x11, 0x11, 0x11, 0x11, 0x3f, 0xf1,
    0xbf, 0xff, 0xff, 0xff, 0xff, 0xff, 0xf1, 0xbf,
    0xff, 0xff, 0xff, 0xff, 0xff, 0xf1,

    /* U+018F "Ə" */
    0x0, 0x0, 0x5a, 0xef, 0xfd, 0x93, 0x0, 0x0,
    0x0, 0x2c, 0xff, 0xff, 0xff, 0xff, 0x90, 0x0,
    0x1, 0xef, 0xff, 0xdb, 0xcf, 0xff, 0xfb, 0x0,
    0xc, 0xff, 0xe4, 0x0, 0x1, 0x9f, 0xff, 0x70,
    0x3f, 0xff, 0x30, 0x0, 0x0, 0x9, 0xff, 0xf1,
    0x0, 0x0, 0x0, 0x0, 0x0, 0x0, 0xff, 0xf6,
    0x0, 0x0, 0x0, 0x0, 0x0, 0x0, 0xaf, 0xf9,
    0xff, 0xff, 0xff, 0xff, 0xff, 0xff, 0xff, 0xfb,
    0xff, 0xff, 0xff, 0xff, 0xff, 0xff, 0xff, 0xfc,
    0xef, 0xfb, 0x88, 0x88, 0x88, 0x88, 0xff, 0xfb,
    0xcf, 0xf9, 0x0, 0x0, 0x0, 0x0, 0x9f, 0xf9,
    0x8f, 0xfe, 0x0, 0x0, 0x0, 0x0, 0xef, 0xf5,
    0x2f, 0xff, 0x60, 0x0, 0x0, 0x7, 0xff, 0xe0,
    0x9, 0xff, 0xf5, 0x0, 0x0, 0x8f, 0xff, 0x70,
    0x0, 0xdf, 0xff, 0xeb, 0xcf, 0xff, 0xfb, 0x0,
    0x0, 0x1b, 0xff, 0xff, 0xff, 0xff, 0x90, 0x0,
    0x0, 0x0, 0x4a, 0xef, 0xfd, 0x92, 0x0, 0x0,

    /* U+0190 "Ɛ" */
    0x0, 0x6, 0xcf, 0xfd, 0x92, 0x0, 0x0, 0xc,
    0xff, 0xff, 0xff, 0xf5, 0x0, 0xa, 0xff, 0x83,
    0x24, 0xcf, 0xf2, 0x1, 0xff, 0x70, 0x0, 0x0,
    0xcf, 0xa0, 0x4f, 0xf1, 0x0, 0x0, 0x4, 0xff,
    0x3, 0xff, 0x20, 0x0, 0x0, 0xc, 0x91, 0xe,
    0xf8, 0x0, 0x0, 0x0, 0x0, 0x0, 0x5f, 0xf9,
    0x20, 0x0, 0x0, 0x0, 0x0, 0x5f, 0xff, 0xf8,
    0x0, 0x0, 0x0, 0x4d, 0xff, 0xff, 0x80, 0x0,
    0x0, 0x3f, 0xfc, 0x41, 0x0, 0x0, 0x0, 0xb,
    0xfb, 0x0, 0x0, 0x0, 0x0, 0x0, 0xef, 0x60,
    0x0, 0x0, 0x0, 0x55, 0xe, 0xf7, 0x0, 0x0,
    0x0, 0x1f, 0xf5, 0xbf, 0xd0, 0x0, 0x0, 0xb,
    0xfe, 0x3, 0xff, 0xc4, 0x11, 0x4c, 0xff, 0x50,
    0x5, 0xff, 0xff, 0xff, 0xff, 0x70, 0x0, 0x2,
    0x9d, 0xff, 0xea, 0x30, 0x0,

    /* U+0191 "Ƒ" */
    0x0, 0x1f, 0xff, 0xff, 0xff, 0xff, 0xff, 0x80,
    0x1, 0xff, 0xff, 0xff, 0xff, 0xff, 0xf8, 0x0,
    0x1f, 0xf4, 0x11, 0x11, 0x11, 0x11, 0x0, 0x1,
    0xff, 0x30, 0x0, 0x0, 0x0, 0x0, 0x0, 0x1f,
    0xf3, 0x0, 0x0, 0x0, 0x0, 0x0, 0x1, 0xff,
    0x30, 0x0, 0x0, 0x0, 0x0, 0x0, 0x1f, 0xf3,
    0x0, 0x0, 0x0, 0x0, 0x0, 0x1, 0xff, 0x41,
    0x11, 0x11, 0x11, 0x0, 0x0, 0x1f, 0xff, 0xff,
    0xff, 0xff, 0xf4, 0x0, 0x1, 0xff, 0xff, 0xff,
    0xff, 0xff, 0x40, 0x0, 0x1f, 0xf3, 0x0, 0x0,
    0x0, 0x0, 0x0, 0x1, 0xff, 0x30, 0x0, 0x0,
    0x0, 0x0, 0x0, 0x1f, 0xf3, 0x0, 0x0, 0x0,
    0x0, 0x0, 0x1, 0xff, 0x30, 0x0, 0x0, 0x0,
    0x0, 0x0, 0x1f, 0xf3, 0x0, 0x0, 0x0, 0x0,
    0x0, 0x1, 0xff, 0x30, 0x0, 0x0, 0x0, 0x0,
    0x0, 0x1f, 0xf3, 0x0, 0x0, 0x0, 0x0, 0x0,
    0x1, 0xff, 0x30, 0x0, 0x0, 0x0, 0x0, 0x0,
    0x4f, 0xf2, 0x0, 0x0, 0x0, 0x0, 0x4, 0xff,
    0xfe, 0x0, 0x0, 0x0, 0x0, 0x0, 0x5e, 0xfc,
    0x40, 0x0, 0x0, 0x0, 0x0, 0x0,

    /* U+0192 "ƒ" */
    0x0, 0x0, 0x2, 0xbe, 0xff, 0xb0, 0x0, 0x2,
    0xff, 0xff, 0xfb, 0x0, 0x0, 0x9f, 0xfd, 0x88,
    0x50, 0x0, 0xd, 0xff, 0x30, 0x0, 0x3, 0xff,
    0xff, 0xff, 0xff, 0xb0, 0x3f, 0xff, 0xff, 0xff,
    0xfb, 0x1, 0x58, 0xff, 0xf5, 0x55, 0x30, 0x0,
    0x4f, 0xfb, 0x0, 0x0, 0x0, 0x6, 0xff, 0x90,
    0x0, 0x0, 0x0, 0x7f, 0xf7, 0x0, 0x0, 0x0,
    0x9, 0xff, 0x50, 0x0, 0x0, 0x0, 0xbf, 0xf4,
    0x0, 0x0, 0x0, 0xd, 0xff, 0x20, 0x0, 0x0,
    0x0, 0xff, 0xf0, 0x0, 0x0, 0x68, 0xcf, 0xfc,
    0x0, 0x0, 0xc, 0xff, 0xff, 0x40, 0x0, 0x0,
    0xcf, 0xfc, 0x40, 0x0, 0x0, 0x0,

    /* U+0193 "Ɠ" */
    0x0, 0x0, 0x0, 0x0, 0x0, 0x0, 0x0, 0x6d,
    0xfd, 0x0, 0x0, 0x1, 0x7b, 0xef, 0xfd, 0xa4,
    0x3f, 0xff, 0xd0, 0x0, 0x4, 0xff, 0xff, 0xff,
    0xff, 0xfe, 0xfd, 0x11, 0x0, 0x6, 0xff, 0xc5,
    0x10, 0x14, 0xcf, 0xff, 0xa0, 0x0, 0x2, 0xff,
    0x90, 0x0, 0x0, 0x0, 0xbf, 0xfa, 0x0, 0x0,
    0xbf, 0xc0, 0x0, 0x0, 0x0, 0x1, 0xff, 0xa0,
    0x0, 0x1f, 0xf3, 0x0, 0x0, 0x0, 0x0, 0x7,
    0x62, 0x0, 0x6, 0xfe, 0x0, 0x0, 0x0, 0x0,
    0x0, 0x0, 0x0, 0x0, 0x9f, 0xb0, 0x0, 0x0,
    0x0, 0x0, 0x0, 0x0, 0x0, 0xb, 0xf9, 0x0,
    0x0, 0x0, 0x11, 0x11, 0x11, 0x10, 0x0, 0xbf,
    0xa0, 0x0, 0x0, 0x2f, 0xff, 0xff, 0xff, 0x20,
    0xa, 0xfb, 0x0, 0x0, 0x2, 0xff, 0xff, 0xff,
    0xf2, 0x0, 0x7f, 0xe0, 0x0, 0x0, 0x0, 0x0,
    0x1, 0xff, 0x20, 0x3, 0xff, 0x40, 0x0, 0x0,
    0x0, 0x0, 0x1f, 0xf2, 0x0, 0xc, 0xfd, 0x0,
    0x0, 0x0, 0x0, 0x1, 0xff, 0x20, 0x0, 0x3f,
    0xfb, 0x10, 0x0, 0x0, 0x0, 0x9f, 0xf2, 0x0,
    0x0, 0x5f, 0xfe, 0x84, 0x22, 0x48, 0xef, 0xfb,
    0x0, 0x0, 0x0, 0x4e, 0xff, 0xff, 0xff, 0xff,
    0xe6, 0x0, 0x0, 0x0, 0x0, 0x6, 0xad, 0xff,
    0xda, 0x60, 0x0, 0x0, 0x0,

    /* U+0194 "Ɣ" */
    0xcf, 0xa0, 0x0, 0x0, 0x0, 0x0, 0x1f, 0xf5,
    0x5f, 0xf1, 0x0, 0x0, 0x0, 0x0, 0x7f, 0xe0,
    0xe, 0xf7, 0x0, 0x0, 0x0, 0x0, 0xdf, 0x80,
    0x8, 0xfe, 0x0, 0x0, 0x0, 0x4, 0xff, 0x20,
    0x1, 0xff, 0x50, 0x0, 0x0, 0xa, 0xfb, 0x0,
    0x0, 0xbf, 0xb0, 0x0, 0x0, 0x1f, 0xf4, 0x0,
    0x0, 0x4f, 0xf2, 0x0, 0x0, 0x8f, 0xd0, 0x0,
    0x0, 0xd, 0xf8, 0x0, 0x0, 0xef, 0x70, 0x0,
    0x0, 0x6, 0xfe, 0x0, 0x5, 0xff, 0x10, 0x0,
    0x0, 0x0, 0xff, 0x60, 0xb, 0xf9, 0x0, 0x0,
    0x0, 0x0, 0x9f, 0xc0, 0x2f, 0xf3, 0x0, 0x0,
    0x0, 0x0, 0x2f, 0xf3, 0x8f, 0xc0, 0x0, 0x0,
    0x0, 0x0, 0xb, 0xfa, 0xef, 0x50, 0x0, 0x0,
    0x0, 0x0, 0x5, 0xff, 0xfe, 0x0, 0x0, 0x0,
    0x0, 0x0, 0x0, 0xef, 0xf8, 0x0, 0x0, 0x0,
    0x0, 0x0, 0x0, 0x7f, 0xf2, 0x0, 0x0, 0x0,
    0x0, 0x0, 0x0, 0x9f, 0xf4, 0x0, 0x0, 0x0,
    0x0, 0x0, 0x1, 0xff, 0xfa, 0x0, 0x0, 0x0,
    0x0, 0x0, 0x6, 0xff, 0xff, 0x10, 0x0, 0x0,
    0x0, 0x0, 0xa, 0xf7, 0xdf, 0x50, 0x0, 0x0,
    0x0, 0x0, 0xc, 0xf3, 0x8f, 0x60, 0x0, 0x0,
    0x0, 0x0, 0x8, 0xfd, 0xff, 0x30, 0x0, 0x0,
    0x0, 0x0, 0x0, 0xaf, 0xe7, 0x0, 0x0, 0x0,

    /* U+0195 "ƕ" */
    0x6f, 0xb0, 0x0, 0x0, 0x0, 0x0, 0x0, 0x0,
    0x0, 0x6f, 0xb0, 0x0, 0x0, 0x0, 0x0, 0x0,
    0x0, 0x0, 0x6f, 0xb0, 0x0, 0x0, 0x0, 0x0,
    0x0, 0x0, 0x0, 0x6f, 0xb0, 0x0, 0x0, 0x0,
    0x0, 0x0, 0x0, 0x0, 0x6f, 0xb0, 0x0, 0x0,
    0x0, 0x0, 0x0, 0x0, 0x0, 0x6f, 0xb1, 0xae,
    0xfc, 0x50, 0x0, 0x2, 0xfe, 0x0, 0x6f, 0xde,
    0xfe, 0xff, 0xf7, 0x0, 0x0, 0xbf, 0x70, 0x6f,
    0xfd, 0x20, 0xa, 0xff, 0x0, 0x0, 0x5f, 0xd0,
    0x6f, 0xf4, 0x0, 0x1, 0xff, 0x20, 0x0, 0xf,
    0xf2, 0x6f, 0xe0, 0x0, 0x0, 0xef, 0x40, 0x0,
    0xc, 0xf6, 0x6f, 0xc0, 0x0, 0x0, 0xdf, 0x40,
    0x0, 0x9, 0xf8, 0x6f, 0xb0, 0x0, 0x0, 0xdf,
    0x40, 0x0, 0x8, 0xf9, 0x6f, 0xb0, 0x0, 0x0,
    0xdf, 0x40, 0x0, 0x9, 0xf8, 0x6f, 0xb0, 0x0,
    0x0, 0xcf, 0x50, 0x0, 0xb, 0xf6, 0x6f, 0xb0,
    0x0, 0x0, 0xbf, 0x70, 0x0, 0x1f, 0xf2, 0x6f,
    0xb0, 0x0, 0x0, 0x7f, 0xe1, 0x0, 0xaf, 0xc0,
    0x6f, 0xb0, 0x0, 0x0, 0xd, 0xff, 0xcd, 0xff,
    0x20, 0x6f, 0xb0, 0x0, 0x0, 0x0, 0x8d, 0xff,
    0xb2, 0x0,

    /* U+0196 "Ɩ" */
    0x6f, 0xb0, 0x6, 0xfb, 0x0, 0x6f, 0xb0, 0x6,
    0xfb, 0x0, 0x6f, 0xb0, 0x6, 0xfb, 0x0, 0x6f,
    0xb0, 0x6, 0xfb, 0x0, 0x6f, 0xb0, 0x6, 0xfb,
    0x0, 0x6f, 0xb0, 0x6, 0xfb, 0x0, 0x6f, 0xb0,
    0x6, 0xfb, 0x0, 0x6f, 0xb0, 0x5, 0xfe, 0x10,
    0x2f, 0xff, 0xb0, 0x6d, 0xfb,

    /* U+0197 "Ɨ" */
    0x0, 0x4f, 0xf0, 0x0, 0x0, 0x4f, 0xf0, 0x0,
    0x0, 0x4f, 0xf0, 0x0, 0x0, 0x4f, 0xf0, 0x0,
    0x0, 0x4f, 0xf0, 0x0, 0x0, 0x4f, 0xf0, 0x0,
    0x0, 0x4f, 0xf0, 0x0, 0x0, 0x4f, 0xf0, 0x0,
    0xff, 0xff, 0xff, 0xfb, 0xaa, 0xbf, 0xfa, 0xa7,
    0x0, 0x4f, 0xf0, 0x0, 0x0, 0x4f, 0xf0, 0x0,
    0x0, 0x4f, 0xf0, 0x0, 0x0, 0x4f, 0xf0, 0x0,
    0x0, 0x4f, 0xf0, 0x0, 0x0, 0x4f, 0xf0, 0x0,
    0x0, 0x4f, 0xf0, 0x0, 0x0, 0x4f, 0xf0, 0x0,

    /* U+0198 "Ƙ" */
    0x3f, 0xf0, 0x0, 0x0, 0x0, 0x4d, 0xfd, 0x50,
    0x3f, 0xf0, 0x0, 0x0, 0x6, 0xff, 0xff, 0xf2,
    0x3f, 0xf0, 0x0, 0x0, 0x5f, 0xf7, 0x2c, 0xf7,
    0x3f, 0xf0, 0x0, 0x3, 0xff, 0x60, 0x2, 0x42,
    0x3f, 0xf0, 0x0, 0x2e, 0xf7, 0x0, 0x0, 0x0,
    0x3f, 0xf0, 0x1, 0xef, 0x90, 0x0, 0x0, 0x0,
    0x3f, 0xf0, 0xd, 0xfb, 0x0, 0x0, 0x0, 0x0,
    0x3f, 0xf0, 0xbf, 0xfa, 0x0, 0x0, 0x0, 0x0,
    0x3f, 0xfa, 0xff, 0xff, 0x50, 0x0, 0x0, 0x0,
    0x3f, 0xff, 0xf2, 0xbf, 0xf1, 0x0, 0x0, 0x0,
    0x3f, 0xff, 0x40, 0x1f, 0xfb, 0x0, 0x0, 0x0,
    0x3f, 0xf5, 0x0, 0x6, 0xff, 0x70, 0x0, 0x0,
    0x3f, 0xf0, 0x0, 0x0, 0xbf, 0xf2, 0x0, 0x0,
    0x3f, 0xf0, 0x0, 0x0, 0x1e, 0xfd, 0x0, 0x0,
    0x3f, 0xf0, 0x0, 0x0, 0x5, 0xff, 0x80, 0x0,
    0x3f, 0xf0, 0x0, 0x0, 0x0, 0xbf, 0xf3, 0x0,
    0x3f, 0xf0, 0x0, 0x0, 0x0, 0x1e, 0xfd, 0x0,
    0x3f, 0xf0, 0x0, 0x0, 0x0, 0x5, 0xff, 0x90,

    /* U+0199 "ƙ" */
    0x5, 0xdf, 0xe0, 0x0, 0x0, 0x1, 0xff, 0xdb,
    0x0, 0x0, 0x0, 0x5f, 0xc0, 0x0, 0x0, 0x0,
    0x6, 0xfb, 0x0, 0x0, 0x0, 0x0, 0x6f, 0xb0,
    0x0, 0x0, 0x0, 0x6, 0xfb, 0x0, 0x0, 0xcf,
    0xd1, 0x6f, 0xb0, 0x0, 0xbf, 0xd1, 0x6, 0xfb,
    0x0, 0xaf, 0xd1, 0x0, 0x6f, 0xb0, 0xaf, 0xd1,
    0x0, 0x6, 0xfb, 0x9f, 0xe1, 0x0, 0x0, 0x6f,
    0xff, 0xff, 0x20, 0x0, 0x6, 0xff, 0xec, 0xfb,
    0x0, 0x0, 0x6f, 0xe2, 0x2f, 0xf6, 0x0, 0x6,
    0xfb, 0x0, 0x7f, 0xe1, 0x0, 0x6f, 0xb0, 0x0,
    0xdf, 0xa0, 0x6, 0xfb, 0x0, 0x3, 0xff, 0x40,
    0x6f, 0xb0, 0x0, 0x9, 0xfe, 0x6, 0xfb, 0x0,
    0x0, 0x1e, 0xf9,

    /* U+019A "ƚ" */
    0x0, 0x3f, 0xe0, 0x0, 0x0, 0x3f, 0xe0, 0x0,
    0x0, 0x3f, 0xe0, 0x0, 0x0, 0x3f, 0xe0, 0x0,
    0x0, 0x3f, 0xe0, 0x0, 0x0, 0x3f, 0xe0, 0x0,
    0x0, 0x3f, 0xe0, 0x0, 0xaa, 0xbf, 0xfa, 0xa7,
    0xff, 0xff, 0xff, 0xfb, 0x0, 0x3f, 0xe0, 0x0,
    0x0, 0x3f, 0xe0, 0x0, 0x0, 0x3f, 0xe0, 0x0,
    0x0, 0x3f, 0xe0, 0x0, 0x0, 0x3f, 0xe0, 0x0,
    0x0, 0x2f, 0xf0, 0x0, 0x0, 0x1f, 0xf3, 0x0,
    0x0, 0xe, 0xff, 0xe0, 0x0, 0x4, 0xdf, 0xe0,

    /* U+019B "ƛ" */
    0x0, 0xb, 0xf7, 0x4, 0x10, 0x0, 0x0, 0x6,
    0xfe, 0xef, 0x70, 0x0, 0x0, 0x6c, 0xff, 0xe8,
    0x20, 0x0, 0x4, 0xff, 0xef, 0x80, 0x0, 0x0,
    0x0, 0x71, 0x5f, 0xe0, 0x0, 0x0, 0x0, 0x0,
    0x3f, 0xf4, 0x0, 0x0, 0x0, 0x0, 0x8f, 0xf9,
    0x0, 0x0, 0x0, 0x0, 0xef, 0xff, 0x0, 0x0,
    0x0, 0x4, 0xfe, 0xef, 0x50, 0x0, 0x0, 0xa,
    0xf9, 0x8f, 0xa0, 0x0, 0x0, 0xf, 0xf3, 0x2f,
    0xf1, 0x0, 0x0, 0x5f, 0xd0, 0xd, 0xf6, 0x0,
    0x0, 0xbf, 0x80, 0x7, 0xfb, 0x0, 0x1, 0xff,
    0x20, 0x1, 0xff, 0x10, 0x6, 0xfc, 0x0, 0x0,
    0xcf, 0x70, 0xc, 0xf7, 0x0, 0x0, 0x6f, 0xc0,
    0x2f, 0xf1, 0x0, 0x0, 0x1f, 0xf2, 0x8f, 0xb0,
    0x0, 0x0, 0xb, 0xf8,

    /* U+019C "Ɯ" */
    0x7f, 0xa0, 0x0, 0x0, 0xff, 0x10, 0x0, 0xa,
    0xf7, 0x7f, 0xa0, 0x0, 0x0, 0xff, 0x10, 0x0,
    0xa, 0xf7, 0x7f, 0xa0, 0x0, 0x0, 0xff, 0x10,
    0x0, 0xa, 0xf7, 0x7f, 0xa0, 0x0, 0x0, 0xff,
    0x10, 0x0, 0xa, 0xf7, 0x7f, 0xa0, 0x0, 0x0,
    0xff, 0x10, 0x0, 0xa, 0xf7, 0x7f, 0xa0, 0x0,
    0x0, 0xff, 0x10, 0x0, 0xa, 0xf7, 0x7f, 0xa0,
    0x0, 0x0, 0xff, 0x10, 0x0, 0xa, 0xf7, 0x7f,
    0xa0, 0x0, 0x0, 0xff, 0x10, 0x0, 0xa, 0xf7,
    0x7f, 0xa0, 0x0, 0x0, 0xff, 0x10, 0x0, 0xa,
    0xf7, 0x7f, 0xa0, 0x0, 0x0, 0xff, 0x10, 0x0,
    0xa, 0xf7, 0x7f, 0xa0, 0x0, 0x0, 0xff, 0x10,
    0x0, 0xa, 0xf7, 0x7f, 0xa0, 0x0, 0x0, 0xff,
    0x10, 0x0, 0xa, 0xf7, 0x7f, 0xa0, 0x0, 0x0,
    0xff, 0x10, 0x0, 0xb, 0xf7, 0x6f, 0xb0, 0x0,
    0x2, 0xff, 0x10, 0x0, 0xd, 0xf7, 0x6f, 0xd0,
    0x0, 0x7, 0xff, 0x30, 0x0, 0x2f, 0xf7, 0x3f,
    0xf5, 0x0, 0x6f, 0xff, 0xa0, 0x2, 0xdf, 0xf7,
    0xc, 0xff, 0xef, 0xfa, 0x5f, 0xff, 0xef, 0xe9,
    0xf7, 0x1, 0x9e, 0xfd, 0x70, 0x5, 0xcf, 0xea,
    0x27, 0xf7,

    /* U+019D "Ɲ" */
    0x0, 0x1f, 0xf8, 0x0, 0x0, 0x0, 0x0, 0xcf,
    0x60, 0x1, 0xff, 0xf3, 0x0, 0x0, 0x0, 0xc,
    0xf6, 0x0, 0x1f, 0xff, 0xc0, 0x0, 0x0, 0x0,
    0xcf, 0x60, 0x1, 0xff, 0xff, 0x70, 0x0, 0x0,
    0xc, 0xf6, 0x0, 0x1f, 0xf8, 0xff, 0x10, 0x0,
    0x0, 0xcf, 0x60, 0x1, 0xff, 0x1d, 0xfb, 0x0,
    0x0, 0xc, 0xf6, 0x0, 0x1f, 0xf1, 0x3f, 0xf5,
    0x0, 0x0, 0xcf, 0x60, 0x1, 0xff, 0x10, 0x9f,
    0xe1, 0x0, 0xc, 0xf6, 0x0, 0x1f, 0xf1, 0x0,
    0xef, 0x90, 0x0, 0xcf, 0x60, 0x1, 0xff, 0x10,
    0x5, 0xff, 0x40, 0xc, 0xf6, 0x0, 0x1f, 0xf1,
    0x0, 0xa, 0xfd, 0x0, 0xcf, 0x60, 0x1, 0xff,
    0x10, 0x0, 0x1f, 0xf8, 0xc, 0xf6, 0x0, 0x1f,
    0xf1, 0x0, 0x0, 0x6f, 0xf2, 0xcf, 0x60, 0x1,
    0xff, 0x10, 0x0, 0x0, 0xcf, 0xcc, 0xf6, 0x0,
    0x1f, 0xf1, 0x0, 0x0, 0x2, 0xff, 0xff, 0x60,
    0x1, 0xff, 0x10, 0x0, 0x0, 0x8, 0xff, 0xf6,
    0x0, 0x1f, 0xf1, 0x0, 0x0, 0x0, 0xd, 0xff,
    0x60, 0x1, 0xff, 0x10, 0x0, 0x0, 0x0, 0x3f,
    0xf6, 0x0, 0x1f, 0xf0, 0x0, 0x0, 0x0, 0x0,
    0x0, 0x0, 0x5, 0xff, 0x0, 0x0, 0x0, 0x0,
    0x0, 0x0, 0x4f, 0xff, 0xb0, 0x0, 0x0, 0x0,
    0x0, 0x0, 0x6, 0xff, 0xb2, 0x0, 0x0, 0x0,
    0x0, 0x0, 0x0,

    /* U+019E "ƞ" */
    0x6f, 0x81, 0x9e, 0xfe, 0x91, 0x6, 0xf9, 0xdf,
    0xee, 0xff, 0xd0, 0x6f, 0xfd, 0x40, 0x4, 0xff,
    0x76, 0xff, 0x30, 0x0, 0x9, 0xfa, 0x6f, 0xd0,
    0x0, 0x0, 0x6f, 0xb6, 0xfc, 0x0, 0x0, 0x5,
    0xfc, 0x6f, 0xb0, 0x0, 0x0, 0x5f, 0xc6, 0xfb,
    0x0, 0x0, 0x5, 0xfc, 0x6f, 0xb0, 0x0, 0x0,
    0x5f, 0xc6, 0xfb, 0x0, 0x0, 0x5, 0xfc, 0x6f,
    0xb0, 0x0, 0x0, 0x5f, 0xc6, 0xfb, 0x0, 0x0,
    0x5, 0xfc, 0x6f, 0xb0, 0x0, 0x0, 0x5f, 0xc0,
    0x0, 0x0, 0x0, 0x5, 0xfc, 0x0, 0x0, 0x0,
    0x0, 0x5f, 0xc0, 0x0, 0x0, 0x0, 0x5, 0xfc,
    0x0, 0x0, 0x0, 0x0, 0x5f, 0xc0, 0x0, 0x0,
    0x0, 0x5, 0xfc,

    /* U+019F "Ɵ" */
    0x0, 0x0, 0x18, 0xce, 0xfe, 0xb6, 0x0, 0x0,
    0x0, 0x0, 0x7f, 0xff, 0xff, 0xff, 0xfd, 0x30,
    0x0, 0x0, 0x9f, 0xfb, 0x41, 0x1, 0x6d, 0xff,
    0x40, 0x0, 0x5f, 0xf6, 0x0, 0x0, 0x0, 0xb,
    0xfe, 0x10, 0xe, 0xf9, 0x0, 0x0, 0x0, 0x0,
    0xd, 0xf9, 0x5, 0xff, 0x10, 0x0, 0x0, 0x0,
    0x0, 0x6f, 0xf0, 0x9f, 0xc0, 0x0, 0x0, 0x0,
    0x0, 0x1, 0xff, 0x4c, 0xf9, 0x0, 0x0, 0x0,
    0x0, 0x0, 0xe, 0xf7, 0xdf, 0xff, 0xff, 0xff,
    0xff, 0xff, 0xff, 0xff, 0x8d, 0xfe, 0xcc, 0xcc,
    0xcc, 0xcc, 0xcc, 0xcf, 0xf8, 0xcf, 0x90, 0x0,
    0x0, 0x0, 0x0, 0x0, 0xef, 0x79, 0xfc, 0x0,
    0x0, 0x0, 0x0, 0x0, 0x1f, 0xf4, 0x5f, 0xf2,
    0x0, 0x0, 0x0, 0x0, 0x7, 0xff, 0x0, 0xef,
    0xa0, 0x0, 0x0, 0x0, 0x1, 0xef, 0x90, 0x5,
    0xff, 0x80, 0x0, 0x0, 0x0, 0xbf, 0xe1, 0x0,
    0x8, 0xff, 0xb4, 0x0, 0x16, 0xdf, 0xf4, 0x0,
    0x0, 0x7, 0xff, 0xff, 0xff, 0xff, 0xe3, 0x0,
    0x0, 0x0, 0x1, 0x8c, 0xef, 0xeb, 0x60, 0x0,
    0x0,

    /* U+01A0 "Ơ" */
    0x0, 0x0, 0x0, 0x0, 0x0, 0x0, 0x3f, 0xf3,
    0x0, 0x0, 0x0, 0x0, 0x0, 0x0, 0x0, 0xff,
    0x60, 0x0, 0x0, 0x0, 0x0, 0x0, 0x0, 0xf,
    0xf6, 0x0, 0x0, 0x0, 0x0, 0x0, 0x0, 0x4,
    0xff, 0x40, 0x0, 0x0, 0x4a, 0xdf, 0xfe, 0xff,
    0xff, 0xb0, 0x0, 0x1, 0xbf, 0xff, 0xff, 0xff,
    0xff, 0x70, 0x0, 0x1, 0xdf, 0xff, 0xec, 0xbe,
    0xff, 0xff, 0x40, 0x0, 0xaf, 0xff, 0x70, 0x0,
    0x4, 0xef, 0xfe, 0x10, 0x2f, 0xff, 0x60, 0x0,
    0x0, 0x2, 0xff, 0xf7, 0x8, 0xff, 0xd0, 0x0,
    0x0, 0x0, 0x8, 0xff, 0xd0, 0xcf, 0xf7, 0x0,
    0x0, 0x0, 0x0, 0x3f, 0xff, 0x1d, 0xff, 0x50,
    0x0, 0x0, 0x0, 0x0, 0xff, 0xf2, 0xff, 0xf4,
    0x0, 0x0, 0x0, 0x0, 0xf, 0xff, 0x4e, 0xff,
    0x50, 0x0, 0x0, 0x0, 0x0, 0xff, 0xf2, 0xcf,
    0xf7, 0x0, 0x0, 0x0, 0x0, 0x2f, 0xff, 0x18,
    0xff, 0xc0, 0x0, 0x0, 0x0, 0x8, 0xff, 0xd0,
    0x3f, 0xff, 0x60, 0x0, 0x0, 0x1, 0xff, 0xf8,
    0x0, 0xbf, 0xff, 0x70, 0x0, 0x4, 0xef, 0xfe,
    0x10, 0x1, 0xef, 0xff, 0xec, 0xbd, 0xff, 0xff,
    0x40, 0x0, 0x1, 0xbf, 0xff, 0xff, 0xff, 0xfe,
    0x40, 0x0, 0x0, 0x0, 0x4a, 0xdf, 0xfe, 0xb7,
    0x0, 0x0, 0x0,

    /* U+01A1 "ơ" */
    0x0, 0x0, 0x0, 0x0, 0x0, 0x7, 0x84, 0x0,
    0x0, 0x0, 0x0, 0x0, 0xc, 0xfb, 0x0, 0x0,
    0x0, 0x0, 0x0, 0xa, 0xfc, 0x0, 0x0, 0x0,
    0x0, 0x0, 0x1d, 0xfa, 0x0, 0x0, 0x6c, 0xef,
    0xff, 0xff, 0xf3, 0x0, 0x2d, 0xff, 0xff, 0xff,
    0xfc, 0x0, 0x0, 0xdf, 0xfe, 0x98, 0xcf, 0xff,
    0x50, 0x7, 0xff, 0xe1, 0x0, 0x9, 0xff, 0xe0,
    0xc, 0xff, 0x70, 0x0, 0x1, 0xff, 0xf4, 0xf,
    0xff, 0x30, 0x0, 0x0, 0xcf, 0xf6, 0xf, 0xff,
    0x20, 0x0, 0x0, 0xbf, 0xf8, 0xf, 0xff, 0x30,
    0x0, 0x0, 0xcf, 0xf6, 0xc, 0xff, 0x70, 0x0,
    0x0, 0xff, 0xf4, 0x6, 0xff, 0xe1, 0x0, 0x8,
    0xff, 0xe0, 0x0, 0xdf, 0xfe, 0x97, 0xbf, 0xff,
    0x50, 0x0, 0x2d, 0xff, 0xff, 0xff, 0xf7, 0x0,
    0x0, 0x0, 0x6c, 0xef, 0xd9, 0x30, 0x0,

    /* U+01A2 "Ƣ" */
    0x0, 0x0, 0x18, 0xce, 0xfe, 0xb6, 0x0, 0x6c,
    0xff, 0xc6, 0x0, 0x0, 0x7, 0xff, 0xff, 0xff,
    0xff, 0xda, 0xff, 0xff, 0xff, 0x90, 0x0, 0x9f,
    0xfd, 0x62, 0x13, 0x8e, 0xff, 0xf8, 0x22, 0x8f,
    0xf3, 0x5, 0xff, 0x80, 0x0, 0x0, 0x1, 0xcf,
    0xf1, 0x0, 0xc, 0xf8, 0xe, 0xfa, 0x0, 0x0,
    0x0, 0x0, 0x1f, 0xf9, 0x0, 0x8, 0xfb, 0x5f,
    0xf2, 0x0, 0x0, 0x0, 0x0, 0x7, 0xff, 0x0,
    0x7, 0xfc, 0x9f, 0xd0, 0x0, 0x0, 0x0, 0x0,
    0x2, 0xff, 0x40, 0x7, 0xfd, 0xcf, 0x90, 0x0,
    0x0, 0x0, 0x0, 0x0, 0xef, 0x70, 0x7, 0xfd,
    0xdf, 0x80, 0x0, 0x0, 0x0, 0x0, 0x0, 0xdf,
    0x80, 0x7, 0xfd, 0xdf, 0x80, 0x0, 0x0, 0x0,
    0x0, 0x0, 0xcf, 0x80, 0x7, 0xfd, 0xcf, 0x90,
    0x0, 0x0, 0x0, 0x0, 0x0, 0xef, 0x70, 0x7,
    0xfd, 0x9f, 0xc0, 0x0, 0x0, 0x0, 0x0, 0x1,
    0xff, 0x40, 0x7, 0xfd, 0x5f, 0xf1, 0x0, 0x0,
    0x0, 0x0, 0x6, 0xff, 0x0, 0x7, 0xfd, 0xe,
    0xfa, 0x0, 0x0, 0x0, 0x0, 0x1e, 0xf9, 0x0,
    0x7, 0xfd, 0x5, 0xff, 0x70, 0x0, 0x0, 0x0,
    0xbf, 0xe1, 0x0, 0x7, 0xfd, 0x0, 0x8f, 0xfb,
    0x40, 0x1, 0x6d, 0xff, 0x40, 0x0, 0x7, 0xfd,
    0x0, 0x7, 0xff, 0xff, 0xff, 0xff, 0xe3, 0x0,
    0x0, 0x7, 0xfd, 0x0, 0x0, 0x18, 0xce, 0xfe,
    0xb6, 0x0, 0x0, 0x0, 0x7, 0xfd,

    /* U+01A3 "ƣ" */
    0x0, 0x2, 0x9e, 0xfe, 0xb4, 0x2b, 0xff, 0xd6,
    0x0, 0x0, 0x5f, 0xff, 0xef, 0xff, 0xff, 0xff,
    0xff, 0x60, 0x3, 0xff, 0xa1, 0x0, 0x6f, 0xfc,
    0x0, 0x9f, 0xe0, 0xa, 0xfb, 0x0, 0x0, 0x6,
    0xfe, 0x0, 0x1f, 0xf1, 0xe, 0xf4, 0x0, 0x0,
    0x0, 0xef, 0x40, 0xf, 0xf2, 0x1f, 0xf1, 0x0,
    0x0, 0x0, 0xbf, 0x60, 0xf, 0xf2, 0x2f, 0xf0,
    0x0, 0x0, 0x0, 0xaf, 0x70, 0xf, 0xf2, 0x1f,
    0xf1, 0x0, 0x0, 0x0, 0xcf, 0x60, 0xf, 0xf2,
    0xf, 0xf4, 0x0, 0x0, 0x0, 0xef, 0x40, 0xf,
    0xf2, 0xa, 0xfa, 0x0, 0x0, 0x6, 0xff, 0x0,
    0xf, 0xf2, 0x3, 0xff, 0x80, 0x0, 0x4f, 0xf8,
    0x0, 0xf, 0xf2, 0x0, 0x5f, 0xff, 0xcd, 0xff,
    0xa0, 0x0, 0xf, 0xf2, 0x0, 0x2, 0x9e, 0xfe,
    0xb4, 0x0, 0x0, 0xf, 0xf2, 0x0, 0x0, 0x0,
    0x0, 0x0, 0x0, 0x0, 0xf, 0xf2, 0x0, 0x0,
    0x0, 0x0, 0x0, 0x0, 0x0, 0xf, 0xf2, 0x0,
    0x0, 0x0, 0x0, 0x0, 0x0, 0x0, 0xf, 0xf2,
    0x0, 0x0, 0x0, 0x0, 0x0, 0x0, 0x0, 0xf,
    0xf2, 0x0, 0x0, 0x0, 0x0, 0x0, 0x0, 0x0,
    0xf, 0xf2,

    /* U+01A4 "Ƥ" */
    0x1b, 0xef, 0xff, 0xff, 0xff, 0xff, 0xd9, 0x10,
    0xb, 0xff, 0xff, 0xff, 0xff, 0xff, 0xff, 0xfe,
    0x30, 0xff, 0x49, 0xfc, 0x11, 0x11, 0x12, 0x6e,
    0xfd, 0xf, 0xf0, 0x8f, 0xc0, 0x0, 0x0, 0x0,
    0x4f, 0xf4, 0xcb, 0x8, 0xfc, 0x0, 0x0, 0x0,
    0x0, 0xef, 0x70, 0x0, 0x8f, 0xc0, 0x0, 0x0,
    0x0, 0xc, 0xf8, 0x0, 0x8, 0xfc, 0x0, 0x0,
    0x0, 0x0, 0xef, 0x70, 0x0, 0x8f, 0xc0, 0x0,
    0x0, 0x0, 0x5f, 0xf3, 0x0, 0x8, 0xfc, 0x11,
    0x11, 0x13, 0x8f, 0xfc, 0x0, 0x0, 0x8f, 0xff,
    0xff, 0xff, 0xff, 0xfd, 0x10, 0x0, 0x8, 0xff,
    0xff, 0xff, 0xfe, 0xb6, 0x0, 0x0, 0x0, 0x8f,
    0xc0, 0x0, 0x0, 0x0, 0x0, 0x0, 0x0, 0x8,
    0xfc, 0x0, 0x0, 0x0, 0x0, 0x0, 0x0, 0x0,
    0x8f, 0xc0, 0x0, 0x0, 0x0, 0x0, 0x0, 0x0,
    0x8, 0xfc, 0x0, 0x0, 0x0, 0x0, 0x0, 0x0,
    0x0, 0x8f, 0xc0, 0x0, 0x0, 0x0, 0x0, 0x0,
    0x0, 0x8, 0xfc, 0x0, 0x0, 0x0, 0x0, 0x0,
    0x0, 0x0, 0x8f, 0xc0, 0x0, 0x0, 0x0, 0x0,
    0x0,

    /* U+01A5 "ƥ" */
    0x0, 0x0, 0x0, 0x0, 0x7b, 0xb3, 0x0, 0x0,
    0x0, 0x7, 0xff, 0xf4, 0x0, 0x0, 0x0, 0xb,
    0xf4, 0x0, 0x6f, 0x82, 0xae, 0xff, 0xf1, 0x0,
    0x6f, 0xae, 0xfc, 0xcf, 0xfc, 0x0, 0x6f, 0xfe,
    0x20, 0x2, 0xef, 0x80, 0x6f, 0xf4, 0x0, 0x0,
    0x5f, 0xf0, 0x6f, 0xd0, 0x0, 0x0, 0xe, 0xf4,
    0x6f, 0xa0, 0x0, 0x0, 0xc, 0xf5, 0x6f, 0x80,
    0x0, 0x0, 0xb, 0xf6, 0x6f, 0x90, 0x0, 0x0,
    0xc, 0xf5, 0x6f, 0xc0, 0x0, 0x0, 0xf, 0xf2,
    0x6f, 0xf2, 0x0, 0x0, 0x6f, 0xd0, 0x6f, 0xfd,
    0x20, 0x4, 0xff, 0x50, 0x6f, 0xde, 0xfc, 0xdf,
    0xf8, 0x0, 0x6f, 0xb2, 0xbf, 0xfc, 0x40, 0x0,
    0x6f, 0xb0, 0x0, 0x0, 0x0, 0x0, 0x6f, 0xb0,
    0x0, 0x0, 0x0, 0x0, 0x6f, 0xb0, 0x0, 0x0,
    0x0, 0x0, 0x6f, 0xb0, 0x0, 0x0, 0x0, 0x0,
    0x6f, 0xb0, 0x0, 0x0, 0x0, 0x0,

    /* U+01A6 "Ʀ" */
    0x1f, 0xf3, 0x0, 0x0, 0x0, 0x0, 0x0, 0x0,
    0x1, 0xff, 0x30, 0x0, 0x0, 0x0, 0x0, 0x0,
    0x0, 0x1f, 0xff, 0xff, 0xff, 0xee, 0xc9, 0x20,
    0x0, 0x1, 0xff, 0xff, 0xff, 0xff, 0xff, 0xff,
    0x50, 0x0, 0x1f, 0xf3, 0x0, 0x0, 0x1, 0x4d,
    0xff, 0x10, 0x1, 0xff, 0x30, 0x0, 0x0, 0x0,
    0x2f, 0xf6, 0x0, 0x1f, 0xf3, 0x0, 0x0, 0x0,
    0x0, 0xcf, 0x90, 0x1, 0xff, 0x30, 0x0, 0x0,
    0x0, 0xc, 0xf9, 0x0, 0x1f, 0xf3, 0x0, 0x0,
    0x0, 0x2, 0xff, 0x60, 0x1, 0xff, 0x30, 0x0,
    0x0, 0x15, 0xdf, 0xe0, 0x0, 0x1f, 0xff, 0xff,
    0xff, 0xff, 0xff, 0xe3, 0x0, 0x1, 0xff, 0xff,
    0xff, 0xff, 0xfa, 0x60, 0x0, 0x0, 0x1f, 0xf4,
    0x11, 0x25, 0xdf, 0xb1, 0x0, 0x0, 0x1, 0xff,
    0x30, 0x0, 0x1, 0xef, 0xd0, 0x0, 0x0, 0x1f,
    0xf3, 0x0, 0x0, 0x3, 0xff, 0xa0, 0x0, 0x1,
    0xff, 0x30, 0x0, 0x0, 0x8, 0xff, 0x50, 0x0,
    0x1f, 0xf3, 0x0, 0x0, 0x0, 0xd, 0xfe, 0x0,
    0x1, 0xff, 0x30, 0x0, 0x0, 0x0, 0x4f, 0xf8,
    0x0, 0x0, 0x0, 0x0, 0x0, 0x0, 0x0, 0xaf,
    0xf2, 0x0, 0x0, 0x0, 0x0, 0x0, 0x0, 0x1,
    0xff, 0xc0, 0x0, 0x0, 0x0, 0x0, 0x0, 0x0,
    0x7, 0xff, 0x60,

    /* U+01A7 "Ƨ" */
    0x0, 0x2, 0x9d, 0xff, 0xeb, 0x50, 0x0, 0x0,
    0x7f, 0xff, 0xff, 0xff, 0xfb, 0x0, 0x5, 0xff,
    0xb4, 0x21, 0x38, 0xff, 0x90, 0xd, 0xfa, 0x0,
    0x0, 0x0, 0x4f, 0xf1, 0x1f, 0xf3, 0x0, 0x0,
    0x0, 0xf, 0xf3, 0x4, 0x50, 0x0, 0x0, 0x0,
    0x2f, 0xf2, 0x0, 0x0, 0x0, 0x0, 0x4, 0xdf,
    0xd0, 0x0, 0x0, 0x2, 0x6a, 0xef, 0xff, 0x40,
    0x0, 0x18, 0xef, 0xff, 0xff, 0xb2, 0x0, 0x4,
    0xff, 0xff, 0xea, 0x61, 0x0, 0x0, 0x2f, 0xfe,
    0x83, 0x0, 0x0, 0x0, 0x0, 0x8f, 0xe1, 0x0,
    0x0, 0x0, 0x0, 0x0, 0xbf, 0x80, 0x0, 0x0,
    0x0, 0x5, 0xfd, 0xaf, 0x80, 0x0, 0x0, 0x0,
    0xa, 0xfb, 0x6f, 0xe1, 0x0, 0x0, 0x0, 0x5f,
    0xf5, 0xd, 0xfe, 0x83, 0x23, 0x5b, 0xff, 0xc0,
    0x2, 0xdf, 0xff, 0xff, 0xff, 0xfb, 0x10, 0x0,
    0x6, 0xbe, 0xff, 0xda, 0x40, 0x0,

    /* U+01A8 "ƨ" */
    0x0, 0x6, 0xce, 0xfe, 0xa2, 0x0, 0x0, 0xaf,
    0xfd, 0xcf, 0xff, 0x20, 0x4, 0xfe, 0x30, 0x0,
    0x8f, 0xb0, 0x4, 0xa6, 0x0, 0x0, 0x2f, 0xe0,
    0x0, 0x0, 0x0, 0x4, 0xcf, 0xb0, 0x0, 0x1,
    0x6b, 0xff, 0xff, 0x30, 0x0, 0xaf, 0xff, 0xff,
    0xa2, 0x0, 0xa, 0xff, 0xc8, 0x40, 0x0, 0x0,
    0xf, 0xf6, 0x0, 0x0, 0x3, 0x10, 0xf, 0xf2,
    0x0, 0x0, 0x1f, 0xf2, 0xb, 0xfb, 0x10, 0x1,
    0xbf, 0xc0, 0x2, 0xef, 0xfd, 0xdf, 0xfe, 0x30,
    0x0, 0x18, 0xdf, 0xfd, 0x91, 0x0,

    /* U+01A9 "Ʃ" */
    0xef, 0xff, 0xff, 0xff, 0xff, 0xfd, 0xe, 0xff,
    0xff, 0xff, 0xff, 0xff, 0xd0, 0xbf, 0xe2, 0x11,
    0x11, 0x11, 0x11, 0x0, 0xcf, 0xc0, 0x0, 0x0,
    0x0, 0x0, 0x1, 0xdf, 0xb0, 0x0, 0x0, 0x0,
    0x0, 0x2, 0xef, 0xa0, 0x0, 0x0, 0x0, 0x0,
    0x3, 0xff, 0x80, 0x0, 0x0, 0x0, 0x0, 0x4,
    0xff, 0x60, 0x0, 0x0, 0x0, 0x0, 0x8, 0xff,
    0x30, 0x0, 0x0, 0x0, 0x1, 0xdf, 0xc0, 0x0,
    0x0, 0x0, 0x0, 0xbf, 0xe1, 0x0, 0x0, 0x0,
    0x0, 0x9f, 0xf3, 0x0, 0x0, 0x0, 0x0, 0x6f,
    0xf5, 0x0, 0x0, 0x0, 0x0, 0x3f, 0xf9, 0x0,
    0x0, 0x0, 0x0, 0x1e, 0xfb, 0x0, 0x0, 0x0,
    0x0, 0xb, 0xfe, 0x21, 0x11, 0x11, 0x11, 0x10,
    0xef, 0xff, 0xff, 0xff, 0xff, 0xff, 0x4e, 0xff,
    0xff, 0xff, 0xff, 0xff, 0xf4,

    /* U+01AA "ƪ" */
    0x1, 0xbf, 0xd7, 0x0, 0x0, 0xb, 0xb3, 0x9f,
    0x80, 0x0, 0x1f, 0x10, 0xe, 0xf1, 0x0, 0x1f,
    0x0, 0xd, 0xf4, 0x0, 0xd, 0x80, 0x6f, 0xf5,
    0x0, 0x2, 0xdf, 0xff, 0xf5, 0x0, 0x0, 0x2,
    0xc, 0xf5, 0x0, 0x0, 0x0, 0xc, 0xf5, 0x0,
    0x0, 0x0, 0xc, 0xf5, 0x0, 0x0, 0x0, 0xc,
    0xf5, 0x0, 0x0, 0x0, 0xc, 0xf5, 0x0, 0x0,
    0x0, 0xc, 0xf5, 0x0, 0x0, 0x0, 0xc, 0xf5,
    0x0, 0x0, 0x0, 0xc, 0xf5, 0x0, 0x0, 0x0,
    0xc, 0xf5, 0x0, 0x0, 0x0, 0xc, 0xf5, 0x0,
    0x0, 0x0, 0xc, 0xf5, 0x0, 0x0, 0x0, 0xc,
    0xf5, 0x0, 0x0, 0x0, 0xc, 0xf5, 0x0, 0x0,
    0x0, 0xb, 0xf9, 0x0, 0x0, 0x0, 0x9, 0xff,
    0xf8, 0x0, 0x0, 0x1, 0xaf, 0xf9,

    /* U+01AB "ƫ" */
    0x0, 0x2, 0x0, 0x0, 0x8, 0xf1, 0x0, 0x0,
    0xff, 0x10, 0x0, 0xf, 0xf1, 0x0, 0x0, 0xff,
    0x10, 0x9, 0xff, 0xff, 0xf2, 0x6a, 0xff, 0xaa,
    0x10, 0xf, 0xf1, 0x0, 0x0, 0xff, 0x10, 0x0,
    0xf, 0xf1, 0x0, 0x0, 0xff, 0x10, 0x0, 0xf,
    0xf1, 0x0, 0x0, 0xff, 0x10, 0x0, 0xf, 0xf1,
    0x0, 0x0, 0xff, 0x10, 0x0, 0xf, 0xf4, 0x0,
    0x0, 0xdf, 0xff, 0x70, 0x4, 0xdf, 0xf7, 0x0,
    0x0, 0x7f, 0x60, 0x0, 0xa, 0xf5, 0x0, 0xaf,
    0xff, 0x20, 0x7, 0xba, 0x40,

    /* U+01AC "Ƭ" */
    0x6, 0xdf, 0xff, 0xff, 0xff, 0xff, 0xf2, 0x3f,
    0xff, 0xff, 0xff, 0xff, 0xff, 0xf2, 0x6f, 0xc2,
    0x11, 0xdf, 0x81, 0x11, 0x10, 0x7f, 0x80, 0x0,
    0xdf, 0x70, 0x0, 0x0, 0x49, 0x50, 0x0, 0xdf,
    0x70, 0x0, 0x0, 0x0, 0x0, 0x0, 0xdf, 0x70,
    0x0, 0x0, 0x0, 0x0, 0x0, 0xdf, 0x70, 0x0,
    0x0, 0x0, 0x0, 0x0, 0xdf, 0x70, 0x0, 0x0,
    0x0, 0x0, 0x0, 0xdf, 0x70, 0x0, 0x0, 0x0,
    0x0, 0x0, 0xdf, 0x70, 0x0, 0x0, 0x0, 0x0,
    0x0, 0xdf, 0x70, 0x0, 0x0, 0x0, 0x0, 0x0,
    0xdf, 0x70, 0x0, 0x0, 0x0, 0x0, 0x0, 0xdf,
    0x70, 0x0, 0x0, 0x0, 0x0, 0x0, 0xdf, 0x70,
    0x0, 0x0, 0x0, 0x0, 0x0, 0xdf, 0x70, 0x0,
    0x0, 0x0, 0x0, 0x0, 0xdf, 0x70, 0x0, 0x0,
    0x0, 0x0, 0x0, 0xdf, 0x70, 0x0, 0x0, 0x0,
    0x0, 0x0, 0xdf, 0x70, 0x0, 0x0,

    /* U+01AD "ƭ" */
    0x0, 0x2c, 0xff, 0x50, 0xc, 0xff, 0xf4, 0x0,
    0xff, 0x50, 0x0, 0xf, 0xf1, 0x0, 0x0, 0xff,
    0x10, 0x9, 0xff, 0xff, 0xf2, 0x6a, 0xff, 0xaa,
    0x10, 0xf, 0xf1, 0x0, 0x0, 0xff, 0x10, 0x0,
    0xf, 0xf1, 0x0, 0x0, 0xff, 0x10, 0x0, 0xf,
    0xf1, 0x0, 0x0, 0xff, 0x10, 0x0, 0xf, 0xf1,
    0x0, 0x0, 0xff, 0x10, 0x0, 0xf, 0xf5, 0x0,
    0x0, 0xcf, 0xff, 0x40, 0x2, 0xcf, 0xf5,

    /* U+01AE "Ʈ" */
    0x7f, 0xff, 0xff, 0xff, 0xff, 0xff, 0xff, 0x27,
    0xff, 0xff, 0xff, 0xff, 0xff, 0xff, 0xf2, 0x1,
    0x11, 0x11, 0xdf, 0x81, 0x11, 0x11, 0x0, 0x0,
    0x0, 0xd, 0xf7, 0x0, 0x0, 0x0, 0x0, 0x0,
    0x0, 0xdf, 0x70, 0x0, 0x0, 0x0, 0x0, 0x0,
    0xd, 0xf7, 0x0, 0x0, 0x0, 0x0, 0x0, 0x0,
    0xdf, 0x70, 0x0, 0x0, 0x0, 0x0, 0x0, 0xd,
    0xf7, 0x0, 0x0, 0x0, 0x0, 0x0, 0x0, 0xdf,
    0x70, 0x0, 0x0, 0x0, 0x0, 0x0, 0xd, 0xf7,
    0x0, 0x0, 0x0, 0x0, 0x0, 0x0, 0xdf, 0x70,
    0x0, 0x0, 0x0, 0x0, 0x0, 0xd, 0xf7, 0x0,
    0x0, 0x0, 0x0, 0x0, 0x0, 0xdf, 0x70, 0x0,
    0x0, 0x0, 0x0, 0x0, 0xd, 0xf7, 0x0, 0x0,
    0x0, 0x0, 0x0, 0x0, 0xdf, 0x70, 0x0, 0x0,
    0x0, 0x0, 0x0, 0xd, 0xf7, 0x0, 0x0, 0x0,
    0x0, 0x0, 0x0, 0xdf, 0x70, 0x0, 0x0, 0x0,
    0x0, 0x0, 0xd, 0xf7, 0x0, 0x0, 0x0, 0x0,
    0x0, 0x0, 0xdf, 0x70, 0x0, 0x0, 0x0, 0x0,
    0x0, 0xc, 0xf7, 0x0, 0x0, 0x0, 0x0, 0x0,
    0x0, 0xbf, 0xb2, 0x10, 0x0, 0x0, 0x0, 0x0,
    0x7, 0xff, 0xfa, 0x0, 0x0, 0x0, 0x0, 0x0,
    0x9, 0xef, 0xb0, 0x0, 0x0,

    /* U+01AF "Ư" */
    0x0, 0x0, 0x0, 0x0, 0x0, 0x0, 0x6, 0xff,
    0x10, 0x0, 0x0, 0x0, 0x0, 0x0, 0x0, 0x3f,
    0xf3, 0x0, 0x0, 0x0, 0x0, 0x0, 0x0, 0x2,
    0xff, 0x30, 0x0, 0x0, 0x0, 0x0, 0x0, 0x0,
    0x7f, 0xf1, 0x7f, 0xfb, 0x0, 0x0, 0x0, 0xf,
    0xff, 0xf8, 0x7, 0xff, 0xb0, 0x0, 0x0, 0x0,
    0xff, 0xf6, 0x0, 0x7f, 0xfb, 0x0, 0x0, 0x0,
    0xe, 0xff, 0x30, 0x7, 0xff, 0xb0, 0x0, 0x0,
    0x0, 0xef, 0xf3, 0x0, 0x7f, 0xfb, 0x0, 0x0,
    0x0, 0xe, 0xff, 0x30, 0x7, 0xff, 0xb0, 0x0,
    0x0, 0x0, 0xef, 0xf3, 0x0, 0x7f, 0xfb, 0x0,
    0x0, 0x0, 0xe, 0xff, 0x30, 0x7, 0xff, 0xb0,
    0x0, 0x0, 0x0, 0xef, 0xf3, 0x0, 0x7f, 0xfb,
    0x0, 0x0, 0x0, 0xe, 0xff, 0x30, 0x7, 0xff,
    0xb0, 0x0, 0x0, 0x0, 0xef, 0xf3, 0x0, 0x6f,
    0xfb, 0x0, 0x0, 0x0, 0xe, 0xff, 0x30, 0x5,
    0xff, 0xd0, 0x0, 0x0, 0x0, 0xff, 0xf1, 0x0,
    0x3f, 0xff, 0x20, 0x0, 0x0, 0x5f, 0xff, 0x0,
    0x0, 0xdf, 0xfc, 0x20, 0x0, 0x4e, 0xff, 0x90,
    0x0, 0x4, 0xff, 0xff, 0xdb, 0xdf, 0xff, 0xe1,
    0x0, 0x0, 0x5, 0xff, 0xff, 0xff, 0xff, 0xd3,
    0x0, 0x0, 0x0, 0x1, 0x7c, 0xef, 0xeb, 0x60,
    0x0, 0x0, 0x0,

    /* U+01B0 "ư" */
    0x0, 0x0, 0x0, 0x0, 0x0, 0x7, 0x83, 0x0,
    0x0, 0x0, 0x0, 0x0, 0xc, 0xfa, 0x0, 0x0,
    0x0, 0x0, 0x0, 0xb, 0xfb, 0x0, 0x0, 0x0,
    0x0, 0x0, 0x1d, 0xf9, 0x5f, 0xfc, 0x0, 0x0,
    0xaf, 0xff, 0xe2, 0x5f, 0xfc, 0x0, 0x0, 0x8f,
    0xff, 0x0, 0x5f, 0xfc, 0x0, 0x0, 0x7f, 0xfa,
    0x0, 0x5f, 0xfc, 0x0, 0x0, 0x7f, 0xfa, 0x0,
    0x5f, 0xfc, 0x0, 0x0, 0x7f, 0xfa, 0x0, 0x5f,
    0xfc, 0x0, 0x0, 0x7f, 0xfa, 0x0, 0x5f, 0xfc,
    0x0, 0x0, 0x7f, 0xfa, 0x0, 0x5f, 0xfc, 0x0,
    0x0, 0x7f, 0xfa, 0x0, 0x4f, 0xfd, 0x0, 0x0,
    0x9f, 0xfa, 0x0, 0x2f, 0xff, 0x20, 0x1, 0xff,
    0xfa, 0x0, 0xe, 0xff, 0xe8, 0x9e, 0xff, 0xfa,
    0x0, 0x5, 0xff, 0xff, 0xff, 0x7f, 0xfa, 0x0,
    0x0, 0x4c, 0xfe, 0xb3, 0x3f, 0xfa, 0x0,

    /* U+01B1 "Ʊ" */
    0x6f, 0xfe, 0xa2, 0x0, 0x0, 0x3b, 0xef, 0xf5,
    0x6f, 0xff, 0xfb, 0x0, 0x0, 0xdf, 0xff, 0xf5,
    0x1, 0x2d, 0xfa, 0x0, 0x0, 0xcf, 0xb2, 0x10,
    0x0, 0xa, 0xf7, 0x0, 0x0, 0x9f, 0x90, 0x0,
    0x0, 0x1f, 0xf1, 0x0, 0x0, 0x2f, 0xe0, 0x0,
    0x0, 0x8f, 0x90, 0x0, 0x0, 0xb, 0xf7, 0x0,
    0x1, 0xff, 0x30, 0x0, 0x0, 0x4, 0xfe, 0x0,
    0x7, 0xfc, 0x0, 0x0, 0x0, 0x0, 0xef, 0x60,
    0xc, 0xf7, 0x0, 0x0, 0x0, 0x0, 0x8f, 0xb0,
    0xf, 0xf4, 0x0, 0x0, 0x0, 0x0, 0x5f, 0xf0,
    0x2f, 0xf2, 0x0, 0x0, 0x0, 0x0, 0x3f, 0xf1,
    0x2f, 0xf3, 0x0, 0x0, 0x0, 0x0, 0x4f, 0xf1,
    0xf, 0xf7, 0x0, 0x0, 0x0, 0x0, 0x7f, 0xf0,
    0xa, 0xfd, 0x0, 0x0, 0x0, 0x0, 0xef, 0xa0,
    0x3, 0xff, 0xa0, 0x0, 0x0, 0xa, 0xff, 0x20,
    0x0, 0x7f, 0xfb, 0x30, 0x3, 0xbf, 0xf6, 0x0,
    0x0, 0x6, 0xff, 0xff, 0xff, 0xff, 0x60, 0x0,
    0x0, 0x0, 0x29, 0xdf, 0xfd, 0x82, 0x0, 0x0,

    /* U+01B2 "Ʋ" */
    0xaf, 0xc0, 0x0, 0x0, 0x0, 0xd, 0xfe, 0x54,
    0xff, 0x10, 0x0, 0x0, 0x1, 0xdf, 0xfd, 0xe,
    0xf7, 0x0, 0x0, 0x0, 0x0, 0x4f, 0xd0, 0x9f,
    0xc0, 0x0, 0x0, 0x0, 0x5, 0xfb, 0x3, 0xff,
    0x20, 0x0, 0x0, 0x0, 0x7f, 0x80, 0xd, 0xf7,
    0x0, 0x0, 0x0, 0xb, 0xf5, 0x0, 0x7f, 0xc0,
    0x0, 0x0, 0x0, 0xff, 0x10, 0x1, 0xff, 0x20,
    0x0, 0x0, 0x5f, 0xb0, 0x0, 0xb, 0xf7, 0x0,
    0x0, 0xa, 0xf6, 0x0, 0x0, 0x5f, 0xd0, 0x0,
    0x0, 0xff, 0x0, 0x0, 0x0, 0xff, 0x20, 0x0,
    0x6f, 0xa0, 0x0, 0x0, 0x9, 0xf8, 0x0, 0xd,
    0xf3, 0x0, 0x0, 0x0, 0x3f, 0xd0, 0x4, 0xfc,
    0x0, 0x0, 0x0, 0x0, 0xdf, 0x30, 0xcf, 0x50,
    0x0, 0x0, 0x0, 0x8, 0xf8, 0x4f, 0xd0, 0x0,
    0x0, 0x0, 0x0, 0x2f, 0xcb, 0xf6, 0x0, 0x0,
    0x0, 0x0, 0x0, 0xcf, 0xfd, 0x0, 0x0, 0x0,
    0x0, 0x0, 0x6, 0xff, 0x60, 0x0, 0x0,

    /* U+01B3 "Ƴ" */
    0xc, 0xff, 0xa2, 0x0, 0x0, 0x0, 0x0, 0x1f,
    0xf9, 0xb, 0xff, 0xfe, 0x30, 0x0, 0x0, 0x0,
    0xbf, 0xe0, 0x1, 0x1, 0xbf, 0xe1, 0x0, 0x0,
    0x5, 0xff, 0x40, 0x0, 0x0, 0xd, 0xfa, 0x0,
    0x0, 0xe, 0xfa, 0x0, 0x0, 0x0, 0x2, 0xff,
    0x40, 0x0, 0x8f, 0xe1, 0x0, 0x0, 0x0, 0x0,
    0x8f, 0xb0, 0x2, 0xff, 0x50, 0x0, 0x0, 0x0,
    0x0, 0x1f, 0xf3, 0xb, 0xfb, 0x0, 0x0, 0x0,
    0x0, 0x0, 0x9, 0xf9, 0x5f, 0xf1, 0x0, 0x0,
    0x0, 0x0, 0x0, 0x2, 0xff, 0xef, 0x60, 0x0,
    0x0, 0x0, 0x0, 0x0, 0x0, 0xbf, 0xfc, 0x0,
    0x0, 0x0, 0x0, 0x0, 0x0, 0x0, 0x5f, 0xf2,
    0x0, 0x0, 0x0, 0x0, 0x0, 0x0, 0x0, 0x3f,
    0xf0, 0x0, 0x0, 0x0, 0x0, 0x0, 0x0, 0x0,
    0x3f, 0xf0, 0x0, 0x0, 0x0, 0x0, 0x0, 0x0,
    0x0, 0x3f, 0xf0, 0x0, 0x0, 0x0, 0x0, 0x0,
    0x0, 0x0, 0x3f, 0xf0, 0x0, 0x0, 0x0, 0x0,
    0x0, 0x0, 0x0, 0x3f, 0xf0, 0x0, 0x0, 0x0,
    0x0, 0x0, 0x0, 0x0, 0x3f, 0xf0, 0x0, 0x0,
    0x0, 0x0, 0x0, 0x0, 0x0, 0x3f, 0xf0, 0x0,
    0x0, 0x0,

    /* U+01B4 "ƴ" */
    0x6f, 0xd0, 0x0, 0x0, 0x0, 0x7e, 0xe7, 0x1,
    0xff, 0x20, 0x0, 0x0, 0x6f, 0xff, 0xf4, 0xb,
    0xf8, 0x0, 0x0, 0xe, 0xf2, 0x4f, 0xa0, 0x5f,
    0xe0, 0x0, 0x6, 0xfa, 0x0, 0x97, 0x0, 0xef,
    0x30, 0x0, 0xdf, 0x30, 0x0, 0x0, 0x9, 0xf9,
    0x0, 0x3f, 0xd0, 0x0, 0x0, 0x0, 0x3f, 0xe0,
    0x9, 0xf7, 0x0, 0x0, 0x0, 0x0, 0xdf, 0x40,
    0xef, 0x10, 0x0, 0x0, 0x0, 0x7, 0xfa, 0x4f,
    0xb0, 0x0, 0x0, 0x0, 0x0, 0x1f, 0xe9, 0xf5,
    0x0, 0x0, 0x0, 0x0, 0x0, 0xcf, 0xff, 0x0,
    0x0, 0x0, 0x0, 0x0, 0x6, 0xff, 0xa0, 0x0,
    0x0, 0x0, 0x0, 0x0, 0xf, 0xf4, 0x0, 0x0,
    0x0, 0x0, 0x0, 0x2, 0xfd, 0x0, 0x0, 0x0,
    0x0, 0x0, 0x0, 0x8f, 0x70, 0x0, 0x0, 0x0,
    0x0, 0x22, 0x5f, 0xf1, 0x0, 0x0, 0x0, 0x0,
    0xa, 0xff, 0xf7, 0x0, 0x0, 0x0, 0x0, 0x0,
    0x7e, 0xe7, 0x0, 0x0, 0x0, 0x0, 0x0,

    /* U+01B5 "Ƶ" */
    0x9, 0xff, 0xff, 0xff, 0xff, 0xff, 0xfb, 0x0,
    0x9f, 0xff, 0xff, 0xff, 0xff, 0xff, 0xb0, 0x0,
    0x11, 0x11, 0x11, 0x11, 0x6f, 0xf6, 0x0, 0x0,
    0x0, 0x0, 0x0, 0x3f, 0xfa, 0x0, 0x0, 0x0,
    0x0, 0x0, 0xd, 0xfd, 0x10, 0x0, 0x0, 0x0,
    0x0, 0xa, 0xff, 0x30, 0x0, 0x0, 0x0, 0x0,
    0x5, 0xff, 0x70, 0x0, 0x0, 0x0, 0x0, 0x2,
    0xff, 0xb0, 0x0, 0x0, 0x0, 0xcf, 0xff, 0xff,
    0xff, 0xff, 0x0, 0x0, 0x8, 0xbb, 0xff, 0xfb,
    0xbb, 0xb0, 0x0, 0x0, 0x0, 0x6f, 0xf5, 0x0,
    0x0, 0x0, 0x0, 0x0, 0x3f, 0xf8, 0x0, 0x0,
    0x0, 0x0, 0x0, 0x1e, 0xfb, 0x0, 0x0, 0x0,
    0x0, 0x0, 0xb, 0xfe, 0x10, 0x0, 0x0, 0x0,
    0x0, 0x8, 0xff, 0x30, 0x0, 0x0, 0x0, 0x0,
    0x4, 0xff, 0x71, 0x11, 0x11, 0x11, 0x11, 0x10,
    0x9f, 0xff, 0xff, 0xff, 0xff, 0xff, 0xff, 0x9,
    0xff, 0xff, 0xff, 0xff, 0xff, 0xff, 0xf0,

    /* U+01B6 "ƶ" */
    0x1f, 0xff, 0xff, 0xff, 0xff, 0xf1, 0xb, 0xbb,
    0xbb, 0xbb, 0xef, 0xe0, 0x0, 0x0, 0x0, 0x3,
    0xff, 0x40, 0x0, 0x0, 0x0, 0x1e, 0xf7, 0x0,
    0x0, 0x0, 0x0, 0xdf, 0xa0, 0x0, 0xe, 0xff,
    0xff, 0xff, 0xff, 0xf0, 0x9, 0xbb, 0xff, 0xeb,
    0xbb, 0xa0, 0x0, 0x6, 0xff, 0x30, 0x0, 0x0,
    0x0, 0x3f, 0xf6, 0x0, 0x0, 0x0, 0x2, 0xef,
    0x90, 0x0, 0x0, 0x0, 0xd, 0xfb, 0x0, 0x0,
    0x0, 0x0, 0x7f, 0xfd, 0xdd, 0xee, 0xee, 0xe7,
    0x8f, 0xff, 0xff, 0xff, 0xff, 0xf8,

    /* U+01B7 "Ʒ" */
    0x2, 0xff, 0xff, 0xff, 0xff, 0xff, 0xe0, 0x2,
    0xff, 0xff, 0xff, 0xff, 0xff, 0xd0, 0x0, 0x11,
    0x11, 0x11, 0x1b, 0xfc, 0x10, 0x0, 0x0, 0x0,
    0x1, 0xcf, 0xa0, 0x0, 0x0, 0x0, 0x0, 0x2d,
    0xf8, 0x0, 0x0, 0x0, 0x0, 0x4, 0xef, 0x50,
    0x0, 0x0, 0x0, 0x0, 0xf, 0xfe, 0xb8, 0x20,
    0x0, 0x0, 0x0, 0x1f, 0xff, 0xff, 0xf9, 0x0,
    0x0, 0x0, 0x2, 0x0, 0x27, 0xff, 0xa0, 0x0,
    0x0, 0x0, 0x0, 0x0, 0x2f, 0xf5, 0x0, 0x0,
    0x0, 0x0, 0x0, 0x8, 0xfb, 0x0, 0x0, 0x0,
    0x0, 0x0, 0x3, 0xfe, 0x8, 0xd3, 0x0, 0x0,
    0x0, 0x3, 0xfe, 0xd, 0xf8, 0x0, 0x0, 0x0,
    0x8, 0xfb, 0x8, 0xff, 0x30, 0x0, 0x0, 0x3f,
    0xf5, 0x0, 0xef, 0xe6, 0x10, 0x27, 0xff, 0xb0,
    0x0, 0x2d, 0xff, 0xff, 0xff, 0xfb, 0x0, 0x0,
    0x0, 0x7c, 0xef, 0xeb, 0x50, 0x0,

    /* U+01B8 "Ƹ" */
    0xd, 0xff, 0xff, 0xff, 0xff, 0xff, 0x30, 0xb,
    0xff, 0xff, 0xff, 0xff, 0xff, 0x30, 0x1, 0xcf,
    0xc2, 0x11, 0x11, 0x11, 0x0, 0x0, 0xa, 0xfc,
    0x10, 0x0, 0x0, 0x0, 0x0, 0x0, 0x7f, 0xe3,
    0x0, 0x0, 0x0, 0x0, 0x0, 0x5, 0xff, 0x50,
    0x0, 0x0, 0x0, 0x2, 0x8b, 0xef, 0xf0, 0x0,
    0x0, 0x0, 0x8f, 0xff, 0xff, 0xf2, 0x0, 0x0,
    0x9, 0xff, 0x72, 0x0, 0x20, 0x0, 0x0, 0x4f,
    0xf3, 0x0, 0x0, 0x0, 0x0, 0x0, 0xaf, 0x90,
    0x0, 0x0, 0x0, 0x0, 0x0, 0xdf, 0x50, 0x0,
    0x0, 0x0, 0x0, 0x0, 0xdf, 0x50, 0x0, 0x0,
    0x0, 0x2e, 0x80, 0xaf, 0x90, 0x0, 0x0, 0x0,
    0x7f, 0xe0, 0x4f, 0xf3, 0x0, 0x0, 0x2, 0xff,
    0x90, 0xa, 0xff, 0x72, 0x1, 0x6e, 0xfe, 0x10,
    0x0, 0xaf, 0xff, 0xff, 0xff, 0xe3, 0x0, 0x0,
    0x4, 0xbe, 0xff, 0xc7, 0x0, 0x0,

    /* U+01B9 "ƹ" */
    0x9f, 0xff, 0xff, 0xff, 0xff, 0x36, 0xff, 0xcc,
    0xcc, 0xcc, 0xc2, 0xb, 0xf8, 0x0, 0x0, 0x0,
    0x0, 0x1e, 0xf4, 0x0, 0x0, 0x0, 0x0, 0x4f,
    0xe1, 0x0, 0x0, 0x0, 0x0, 0x7f, 0xb0, 0x0,
    0x0, 0x0, 0x0, 0xbf, 0x70, 0x0, 0x0, 0x0,
    0x5b, 0xff, 0x0, 0x0, 0x2, 0xdf, 0xff, 0xf1,
    0x0, 0x1, 0xef, 0xc3, 0x0, 0x0, 0x0, 0x9f,
    0xc0, 0x0, 0x0, 0x0, 0xd, 0xf5, 0x0, 0x0,
    0x0, 0x0, 0xff, 0x30, 0x0, 0x0, 0x0, 0xe,
    0xf5, 0x0, 0x0, 0x5, 0xa5, 0x9f, 0xb0, 0x0,
    0x0, 0xcf, 0x72, 0xff, 0x80, 0x0, 0x7f, 0xf1,
    0x4, 0xff, 0xec, 0xef, 0xf5, 0x0, 0x2, 0x9e,
    0xfe, 0xa3, 0x0,

    /* U+01BA "ƺ" */
    0x2f, 0xff, 0xff, 0xff, 0xfe, 0x1, 0xcc, 0xcc,
    0xcc, 0xff, 0xa0, 0x0, 0x0, 0x0, 0x6f, 0xc0,
    0x0, 0x0, 0x0, 0x5f, 0xd1, 0x0, 0x0, 0x0,
    0x3f, 0xe1, 0x0, 0x0, 0x0, 0x2f, 0xe2, 0x0,
    0x0, 0x0, 0x7, 0xff, 0xfc, 0x70, 0x0, 0x0,
    0x8c, 0xce, 0xff, 0xc0, 0x0, 0x0, 0x0, 0x3,
    0xff, 0x50, 0x0, 0x0, 0x0, 0xb, 0xf7, 0x0,
    0x0, 0x0, 0x3, 0xff, 0x40, 0x0, 0x0, 0x4a,
    0xff, 0x90, 0x0, 0x18, 0xef, 0xfc, 0x50, 0x0,
    0x1e, 0xfb, 0x61, 0x0, 0x0, 0x8, 0xf5, 0x0,
    0x0, 0x0, 0x0, 0x9f, 0x40, 0x0, 0x0, 0x0,
    0x4, 0xff, 0xdc, 0xea, 0x0, 0x0, 0x5, 0xcf,
    0xfd, 0x90, 0x0,

    /* U+01BB "ƻ" */
    0x0, 0x1, 0x8d, 0xfe, 0xc5, 0x0, 0x0, 0x2,
    0xef, 0xff, 0xff, 0xf9, 0x0, 0x0, 0xdf, 0xb3,
    0x2, 0xaf, 0xf6, 0x0, 0x6f, 0xd0, 0x0, 0x0,
    0xbf, 0xd0, 0xb, 0xf7, 0x0, 0x0, 0x5, 0xff,
    0x0, 0x58, 0x30, 0x0, 0x0, 0x5f, 0xf0, 0x0,
    0x0, 0x0, 0x0, 0x9, 0xfe, 0x0, 0x0, 0x0,
    0x0, 0x1, 0xff, 0x90, 0x0, 0x0, 0x0, 0x0,
    0xbf, 0xf1, 0x0, 0x0, 0x0, 0x0, 0x9f, 0xf6,
    0x0, 0x0, 0x7f, 0xff, 0xff, 0xff, 0xff, 0x20,
    0x5, 0xcc, 0xff, 0xfc, 0xcc, 0xc1, 0x0, 0x1,
    0xcf, 0xf6, 0x0, 0x0, 0x0, 0x1, 0xdf, 0xe3,
    0x0, 0x0, 0x0, 0x0, 0xcf, 0xe2, 0x0, 0x0,
    0x0, 0x0, 0x8f, 0xf3, 0x11, 0x11, 0x11, 0x10,
    0xf, 0xff, 0xff, 0xff, 0xff, 0xff, 0x23, 0xff,
    0xff, 0xff, 0xff, 0xff, 0xf2,

    /* U+01BC "Ƽ" */
    0xbf, 0xff, 0xff, 0xff, 0xff, 0xf9, 0xb, 0xff,
    0xff, 0xff, 0xff, 0xff, 0x90, 0x11, 0x7f, 0xa1,
    0x11, 0x11, 0x10, 0x0, 0x9, 0xf7, 0x0, 0x0,
    0x0, 0x0, 0x0, 0xcf, 0x40, 0x0, 0x0, 0x0,
    0x0, 0xf, 0xf1, 0x0, 0x0, 0x0, 0x0, 0x1,
    0xfe, 0x4b, 0xef, 0xc5, 0x0, 0x0, 0x4f, 0xff,
    0xff, 0xff, 0xfa, 0x0, 0x7, 0xff, 0x82, 0x2,
    0xaf, 0xf8, 0x0, 0x48, 0x60, 0x0, 0x0, 0xaf,
    0xf0, 0x0, 0x0, 0x0, 0x0, 0x3, 0xff, 0x40,
    0x0, 0x0, 0x0, 0x0, 0xf, 0xf5, 0x0, 0x0,
    0x0, 0x0, 0x0, 0xff, 0x50, 0xdf, 0x60, 0x0,
    0x0, 0x3f, 0xf2, 0xa, 0xfb, 0x0, 0x0, 0xa,
    0xfc, 0x0, 0x3f, 0xf8, 0x0, 0x7, 0xff, 0x40,
    0x0, 0x6f, 0xff, 0xce, 0xff, 0x60, 0x0, 0x0,
    0x3a, 0xef, 0xea, 0x30, 0x0,

    /* U+01BD "ƽ" */
    0x1f, 0xff, 0xff, 0xff, 0xff, 0xd0, 0x1c, 0xef,
    0xcc, 0xcc, 0xcc, 0xa0, 0x0, 0xbf, 0x0, 0x0,
    0x0, 0x0, 0x0, 0xec, 0x0, 0x0, 0x0, 0x0,
    0x2, 0xfa, 0x69, 0xa9, 0x50, 0x0, 0x5, 0xff,
    0xff, 0xff, 0xfe, 0x40, 0x7, 0xeb, 0x41, 0x2,
    0x9f, 0xf2, 0x0, 0x0, 0x0, 0x0, 0xb, 0xf8,
    0x0, 0x0, 0x0, 0x0, 0x8, 0xfa, 0xa, 0xc2,
    0x0, 0x0, 0xb, 0xf8, 0xb, 0xfb, 0x10, 0x0,
    0x8f, 0xf2, 0x2, 0xef, 0xfd, 0xdf, 0xff, 0x60,
    0x0, 0x17, 0xce, 0xfd, 0xa3, 0x0,

    /* U+01BE "ƾ" */
    0x0, 0x0, 0x6f, 0x90, 0x0, 0x0, 0x0, 0x0,
    0x6f, 0x90, 0x0, 0x0, 0x0, 0x0, 0x6f, 0x90,
    0x0, 0x0, 0x0, 0xaf, 0xff, 0xff, 0xf0, 0x0,
    0x0, 0x7c, 0xdf, 0xec, 0xb0, 0x0, 0x0, 0x0,
    0x5f, 0xa0, 0x0, 0x0, 0x0, 0x0, 0x3f, 0xe0,
    0x0, 0x0, 0x0, 0x0, 0xd, 0xf7, 0x0, 0x0,
    0x0, 0x0, 0x4, 0xff, 0x50, 0x0, 0x0, 0x0,
    0x0, 0x6f, 0xf5, 0x0, 0x0, 0x0, 0x0, 0x6,
    0xff, 0x30, 0x0, 0x0, 0x0, 0x0, 0x8f, 0xc0,
    0x1, 0x0, 0x0, 0x0, 0x1f, 0xf1, 0xcf, 0x70,
    0x0, 0x0, 0xf, 0xf2, 0x8f, 0xd0, 0x0, 0x0,
    0x5f, 0xf0, 0x2f, 0xf9, 0x0, 0x4, 0xff, 0x90,
    0x5, 0xff, 0xfc, 0xef, 0xfb, 0x0, 0x0, 0x2a,
    0xef, 0xfc, 0x60, 0x0,

    /* U+01BF "ƿ" */
    0x6f, 0x80, 0x8d, 0xfe, 0x91, 0x6, 0xfa, 0xdf,
    0xcb, 0xff, 0xd1, 0x6f, 0xfd, 0x30, 0x1, 0xdf,
    0x86, 0xfd, 0x10, 0x0, 0x6, 0xfd, 0x6f, 0xb0,
    0x0, 0x0, 0x3f, 0xe6, 0xfb, 0x0, 0x0, 0x4,
    0xfe, 0x6f, 0xb0, 0x0, 0x0, 0x7f, 0xb6, 0xfb,
    0x0, 0x0, 0xe, 0xf5, 0x6f, 0xb0, 0x0, 0xa,
    0xfb, 0x6, 0xfb, 0x0, 0x1b, 0xfd, 0x10, 0x6f,
    0xb0, 0x7e, 0xfa, 0x0, 0x6, 0xfe, 0xef, 0xd5,
    0x0, 0x0, 0x6f, 0xfc, 0x50, 0x0, 0x0, 0x6,
    0xfb, 0x0, 0x0, 0x0, 0x0, 0x6f, 0xb0, 0x0,
    0x0, 0x0, 0x6, 0xfb, 0x0, 0x0, 0x0, 0x0,
    0x6f, 0xb0, 0x0, 0x0, 0x0, 0x6, 0xfb, 0x0,
    0x0, 0x0, 0x0,

    /* U+01C0 "ǀ" */
    0xcf, 0xc, 0xf0, 0xcf, 0xc, 0xf0, 0xcf, 0xc,
    0xf0, 0xcf, 0xc, 0xf0, 0xcf, 0xc, 0xf0, 0xcf,
    0xc, 0xf0, 0xcf, 0xc, 0xf0, 0xcf, 0xc, 0xf0,
    0xcf, 0xc, 0xf0,

    /* U+01C1 "ǁ" */
    0xcf, 0x0, 0xe, 0xfc, 0xf0, 0x0, 0xef, 0xcf,
    0x0, 0xe, 0xfc, 0xf0, 0x0, 0xef, 0xcf, 0x0,
    0xe, 0xfc, 0xf0, 0x0, 0xef, 0xcf, 0x0, 0xe,
    0xfc, 0xf0, 0x0, 0xef, 0xcf, 0x0, 0xe, 0xfc,
    0xf0, 0x0, 0xef, 0xcf, 0x0, 0xe, 0xfc, 0xf0,
    0x0, 0xef, 0xcf, 0x0, 0xe, 0xfc, 0xf0, 0x0,
    0xef, 0xcf, 0x0, 0xe, 0xfc, 0xf0, 0x0, 0xef,
    0xcf, 0x0, 0xe, 0xfc, 0xf0, 0x0, 0xef,

    /* U+01C2 "ǂ" */
    0x0, 0x0, 0x3f, 0x90, 0x0, 0x0, 0x0, 0x3,
    0xf9, 0x0, 0x0, 0x0, 0x0, 0x3f, 0x90, 0x0,
    0x0, 0x0, 0x3, 0xf9, 0x0, 0x0, 0x0, 0x0,
    0x3f, 0x90, 0x0, 0x6, 0xff, 0xff, 0xff, 0xff,
    0xfc, 0x4a, 0xaa, 0xbf, 0xda, 0xaa, 0x80, 0x0,
    0x3, 0xf9, 0x0, 0x0, 0x0, 0x0, 0x3f, 0x90,
    0x0, 0x0, 0x0, 0x3, 0xf9, 0x0, 0x0, 0x4a,
    0xaa, 0xbf, 0xda, 0xaa, 0x86, 0xff, 0xff, 0xff,
    0xff, 0xfc, 0x0, 0x0, 0x3f, 0x90, 0x0, 0x0,
    0x0, 0x3, 0xf9, 0x0, 0x0, 0x0, 0x0, 0x3f,
    0x90, 0x0, 0x0, 0x0, 0x3, 0xf9, 0x0, 0x0,
    0x0, 0x0, 0x3f, 0x90, 0x0, 0x0, 0x0, 0x3,
    0xf9, 0x0, 0x0,

    /* U+01C3 "ǃ" */
    0xff, 0xaf, 0xfa, 0xff, 0xaf, 0xfa, 0xef, 0x9d,
    0xf8, 0xcf, 0x7b, 0xf6, 0xaf, 0x59, 0xf4, 0x8f,
    0x36, 0xf2, 0x5f, 0x10, 0x30, 0x0, 0x6, 0x73,
    0xdf, 0x8d, 0xf8,

    /* U+01C4 "Ǆ" */
    0x0, 0x0, 0x0, 0x0, 0x0, 0x0, 0x0, 0x0,
    0x0, 0x0, 0xcf, 0x80, 0x7f, 0xd0, 0x0, 0x0,
    0x0, 0x0, 0x0, 0x0, 0x0, 0x0, 0x0, 0x0,
    0x0, 0x1, 0xef, 0x4f, 0xf2, 0x0, 0x0, 0x0,
    0x0, 0x0, 0x0, 0x0, 0x0, 0x0, 0x0, 0x0,
    0x0, 0x4, 0xff, 0xf6, 0x0, 0x0, 0x0, 0x0,
    0x0, 0x0, 0x0, 0x0, 0x0, 0x0, 0x0, 0x0,
    0x0, 0x5, 0x86, 0x0, 0x0, 0x0, 0x1f, 0xff,
    0xff, 0xff, 0xed, 0x82, 0x0, 0x0, 0x5, 0xff,
    0xff, 0xff, 0xff, 0xff, 0xff, 0x1, 0xff, 0xff,
    0xff, 0xff, 0xff, 0xf5, 0x0, 0x0, 0x5f, 0xff,
    0xff, 0xff, 0xff, 0xff, 0xf0, 0x1f, 0xf4, 0x11,
    0x11, 0x26, 0xdf, 0xf4, 0x0, 0x0, 0x11, 0x11,
    0x11, 0x11, 0x3f, 0xfa, 0x1, 0xff, 0x30, 0x0,
    0x0, 0x0, 0xcf, 0xd0, 0x0, 0x0, 0x0, 0x0,
    0x0, 0x1d, 0xfd, 0x0, 0x1f, 0xf3, 0x0, 0x0,
    0x0, 0x2, 0xff, 0x50, 0x0, 0x0, 0x0, 0x0,
    0xb, 0xff, 0x20, 0x1, 0xff, 0x30, 0x0, 0x0,
    0x0, 0xa, 0xfb, 0x0, 0x0, 0x0, 0x0, 0x7,
    0xff, 0x50, 0x0, 0x1f, 0xf3, 0x0, 0x0, 0x0,
    0x0, 0x7f, 0xe0, 0x0, 0x0, 0x0, 0x3, 0xff,
    0x90, 0x0, 0x1, 0xff, 0x30, 0x0, 0x0, 0x0,
    0x5, 0xff, 0x0, 0x0, 0x0, 0x1, 0xef, 0xc0,
    0x0, 0x0, 0x1f, 0xf3, 0x0, 0x0, 0x0, 0x0,
    0x4f, 0xf1, 0x0, 0x0, 0x0, 0xbf, 0xe1, 0x0,
    0x0, 0x1, 0xff, 0x30, 0x0, 0x0, 0x0, 0x4,
    0xff, 0x10, 0x0, 0x0, 0x8f, 0xf4, 0x0, 0x0,
    0x0, 0x1f, 0xf3, 0x0, 0x0, 0x0, 0x0, 0x5f,
    0xf0, 0x0, 0x0, 0x4f, 0xf7, 0x0, 0x0, 0x0,
    0x1, 0xff, 0x30, 0x0, 0x0, 0x0, 0x7, 0xfd,
    0x0, 0x0, 0x1e, 0xfb, 0x0, 0x0, 0x0, 0x0,
    0x1f, 0xf3, 0x0, 0x0, 0x0, 0x0, 0xbf, 0xa0,
    0x0, 0xc, 0xfe, 0x10, 0x0, 0x0, 0x0, 0x1,
    0xff, 0x30, 0x0, 0x0, 0x0, 0x2f, 0xf5, 0x0,
    0x8, 0xff, 0x30, 0x0, 0x0, 0x0, 0x0, 0x1f,
    0xf3, 0x0, 0x0, 0x0, 0x1c, 0xfd, 0x0, 0x4,
    0xff, 0x60, 0x0, 0x0, 0x0, 0x0, 0x1, 0xff,
    0x41, 0x11, 0x23, 0x6e, 0xff, 0x30, 0x1, 0xef,
    0xa1, 0x11, 0x11, 0x11, 0x11, 0x10, 0x1f, 0xff,
    0xff, 0xff, 0xff, 0xfe, 0x40, 0x0, 0x5f, 0xff,
    0xff, 0xff, 0xff, 0xff, 0xff, 0x41, 0xff, 0xff,
    0xff, 0xfe, 0xb7, 0x10, 0x0, 0x5, 0xff, 0xff,
    0xff, 0xff, 0xff, 0xff, 0xf4,

    /* U+01C5 "ǅ" */
    0x1f, 0xff, 0xff, 0xff, 0xed, 0x82, 0x0, 0x0,
    0x0, 0x1e, 0xf5, 0xb, 0xf9, 0x0, 0x1f, 0xff,
    0xff, 0xff, 0xff, 0xff, 0x50, 0x0, 0x0, 0x2,
    0xff, 0xaf, 0xc0, 0x0, 0x1f, 0xf4, 0x11, 0x11,
    0x26, 0xdf, 0xf4, 0x0, 0x0, 0x0, 0x4f, 0xfe,
    0x10, 0x0, 0x1f, 0xf3, 0x0, 0x0, 0x0, 0xc,
    0xfd, 0x0, 0x0, 0x0, 0x1, 0x10, 0x0, 0x0,
    0x1f, 0xf3, 0x0, 0x0, 0x0, 0x2, 0xff, 0x50,
    0x0, 0x0, 0x0, 0x0, 0x0, 0x0, 0x1f, 0xf3,
    0x0, 0x0, 0x0, 0x0, 0xaf, 0xb0, 0xb, 0xff,
    0xff, 0xff, 0xff, 0xf7, 0x1f, 0xf3, 0x0, 0x0,
    0x0, 0x0, 0x7f, 0xe0, 0x8, 0xbb, 0xbb, 0xbb,
    0xdf, 0xf4, 0x1f, 0xf3, 0x0, 0x0, 0x0, 0x0,
    0x5f, 0xf0, 0x0, 0x0, 0x0, 0x0, 0xdf, 0x90,
    0x1f, 0xf3, 0x0, 0x0, 0x0, 0x0, 0x4f, 0xf1,
    0x0, 0x0, 0x0, 0xb, 0xfb, 0x0, 0x1f, 0xf3,
    0x0, 0x0, 0x0, 0x0, 0x4f, 0xf1, 0x0, 0x0,
    0x0, 0x8f, 0xe1, 0x0, 0x1f, 0xf3, 0x0, 0x0,
    0x0, 0x0, 0x5f, 0xf0, 0x0, 0x0, 0x6, 0xff,
    0x30, 0x0, 0x1f, 0xf3, 0x0, 0x0, 0x0, 0x0,
    0x7f, 0xd0, 0x0, 0x0, 0x3f, 0xf5, 0x0, 0x0,
    0x1f, 0xf3, 0x0, 0x0, 0x0, 0x0, 0xbf, 0xa0,
    0x0, 0x2, 0xef, 0x80, 0x0, 0x0, 0x1f, 0xf3,
    0x0, 0x0, 0x0, 0x2, 0xff, 0x50, 0x0, 0xd,
    0xfb, 0x0, 0x0, 0x0, 0x1f, 0xf3, 0x0, 0x0,
    0x0, 0x1c, 0xfd, 0x0, 0x0, 0xbf, 0xd1, 0x0,
    0x0, 0x0, 0x1f, 0xf4, 0x11, 0x12, 0x36, 0xef,
    0xf3, 0x0, 0x8, 0xff, 0x20, 0x0, 0x0, 0x0,
    0x1f, 0xff, 0xff, 0xff, 0xff, 0xfe, 0x40, 0x0,
    0x2f, 0xfe, 0xdd, 0xdd, 0xdd, 0xdb, 0x1f, 0xff,
    0xff, 0xff, 0xeb, 0x71, 0x0, 0x0, 0x2f, 0xff,
    0xff, 0xff, 0xff, 0xfd,

    /* U+01C6 "ǆ" */
    0x0, 0x0, 0x0, 0x0, 0x7, 0xfa, 0x0, 0x1,
    0xdf, 0x60, 0xaf, 0xb0, 0x0, 0x0, 0x0, 0x0,
    0x0, 0x7f, 0xa0, 0x0, 0x3, 0xff, 0x7f, 0xd1,
    0x0, 0x0, 0x0, 0x0, 0x0, 0x7, 0xfa, 0x0,
    0x0, 0x5, 0xff, 0xf3, 0x0, 0x0, 0x0, 0x0,
    0x0, 0x0, 0x7f, 0xa0, 0x0, 0x0, 0x4, 0x53,
    0x0, 0x0, 0x0, 0x0, 0x0, 0x0, 0x7, 0xfa,
    0x0, 0x0, 0x0, 0x0, 0x0, 0x0, 0x0, 0x0,
    0x4b, 0xff, 0xc4, 0x7f, 0xa0, 0xb, 0xff, 0xff,
    0xff, 0xff, 0xf7, 0x0, 0x6f, 0xfe, 0xcf, 0xfb,
    0xfa, 0x0, 0x8b, 0xbb, 0xbb, 0xbd, 0xff, 0x60,
    0x2f, 0xf6, 0x0, 0xa, 0xff, 0xa0, 0x0, 0x0,
    0x0, 0x0, 0xdf, 0xc0, 0xa, 0xfa, 0x0, 0x0,
    0xe, 0xfa, 0x0, 0x0, 0x0, 0x0, 0xbf, 0xd1,
    0x0, 0xef, 0x40, 0x0, 0x0, 0x9f, 0xa0, 0x0,
    0x0, 0x0, 0x8f, 0xf2, 0x0, 0xf, 0xf2, 0x0,
    0x0, 0x6, 0xfa, 0x0, 0x0, 0x0, 0x6f, 0xf4,
    0x0, 0x1, 0xff, 0x0, 0x0, 0x0, 0x4f, 0xa0,
    0x0, 0x0, 0x3f, 0xf7, 0x0, 0x0, 0xf, 0xf1,
    0x0, 0x0, 0x5, 0xfa, 0x0, 0x0, 0x2e, 0xfa,
    0x0, 0x0, 0x0, 0xef, 0x40, 0x0, 0x0, 0x7f,
    0xa0, 0x0, 0xd, 0xfc, 0x0, 0x0, 0x0, 0x9,
    0xfb, 0x0, 0x0, 0xd, 0xfa, 0x0, 0xb, 0xfe,
    0x10, 0x0, 0x0, 0x0, 0x1f, 0xf8, 0x0, 0xa,
    0xff, 0xa0, 0x9, 0xff, 0x20, 0x0, 0x0, 0x0,
    0x0, 0x4f, 0xfe, 0xcf, 0xfb, 0xfa, 0x2, 0xff,
    0xed, 0xdd, 0xdd, 0xdd, 0xb0, 0x0, 0x2a, 0xef,
    0xc5, 0x5f, 0xa0, 0x2f, 0xff, 0xff, 0xff, 0xff,
    0xfd,

    /* U+01C7 "Ǉ" */
    0x3f, 0xf1, 0x0, 0x0, 0x0, 0x0, 0x0, 0x0,
    0x0, 0x7, 0xfc, 0x3f, 0xf1, 0x0, 0x0, 0x0,
    0x0, 0x0, 0x0, 0x0, 0x7, 0xfc, 0x3f, 0xf1,
    0x0, 0x0, 0x0, 0x0, 0x0, 0x0, 0x0, 0x7,
    0xfc, 0x3f, 0xf1, 0x0, 0x0, 0x0, 0x0, 0x0,
    0x0, 0x0, 0x7, 0xfc, 0x3f, 0xf1, 0x0, 0x0,
    0x0, 0x0, 0x0, 0x0, 0x0, 0x7, 0xfc, 0x3f,
    0xf1, 0x0, 0x0, 0x0, 0x0, 0x0, 0x0, 0x0,
    0x7, 0xfc, 0x3f, 0xf1, 0x0, 0x0, 0x0, 0x0,
    0x0, 0x0, 0x0, 0x7, 0xfc, 0x3f, 0xf1, 0x0,
    0x0, 0x0, 0x0, 0x0, 0x0, 0x0, 0x7, 0xfc,
    0x3f, 0xf1, 0x0, 0x0, 0x0, 0x0, 0x0, 0x0,
    0x0, 0x7, 0xfc, 0x3f, 0xf1, 0x0, 0x0, 0x0,
    0x0, 0x0, 0x0, 0x0, 0x7, 0xfc, 0x3f, 0xf1,
    0x0, 0x0, 0x0, 0x0, 0x0, 0x0, 0x0, 0x7,
    0xfc, 0x3f, 0xf1, 0x0, 0x0, 0x0, 0x0, 0x0,
    0x0, 0x0, 0x7, 0xfc, 0x3f, 0xf1, 0x0, 0x0,
    0x0, 0x0, 0x13, 0x20, 0x0, 0x7, 0xfc, 0x3f,
    0xf1, 0x0, 0x0, 0x0, 0x0, 0x9f, 0x70, 0x0,
    0x8, 0xfa, 0x3f, 0xf1, 0x0, 0x0, 0x0, 0x0,
    0x8f, 0xc0, 0x0, 0xc, 0xf8, 0x3f, 0xf2, 0x11,
    0x11, 0x11, 0x10, 0x3f, 0xf9, 0x22, 0x9f, 0xf3,
    0x3f, 0xff, 0xff, 0xff, 0xff, 0xf8, 0xa, 0xff,
    0xff, 0xff, 0x90, 0x3f, 0xff, 0xff, 0xff, 0xff,
    0xf8, 0x0, 0x7d, 0xff, 0xc6, 0x0,

    /* U+01C8 "ǈ" */
    0x3f, 0xf1, 0x0, 0x0, 0x0, 0x0, 0x1, 0xff,
    0x3, 0xff, 0x10, 0x0, 0x0, 0x0, 0x0, 0x1f,
    0xf0, 0x3f, 0xf1, 0x0, 0x0, 0x0, 0x0, 0x0,
    0x77, 0x3, 0xff, 0x10, 0x0, 0x0, 0x0, 0x0,
    0x0, 0x0, 0x3f, 0xf1, 0x0, 0x0, 0x0, 0x0,
    0x0, 0x0, 0x3, 0xff, 0x10, 0x0, 0x0, 0x0,
    0x0, 0x1f, 0xf0, 0x3f, 0xf1, 0x0, 0x0, 0x0,
    0x0, 0x1, 0xff, 0x3, 0xff, 0x10, 0x0, 0x0,
    0x0, 0x0, 0x1f, 0xf0, 0x3f, 0xf1, 0x0, 0x0,
    0x0, 0x0, 0x1, 0xff, 0x3, 0xff, 0x10, 0x0,
    0x0, 0x0, 0x0, 0x1f, 0xf0, 0x3f, 0xf1, 0x0,
    0x0, 0x0, 0x0, 0x1, 0xff, 0x3, 0xff, 0x10,
    0x0, 0x0, 0x0, 0x0, 0x1f, 0xf0, 0x3f, 0xf1,
    0x0, 0x0, 0x0, 0x0, 0x1, 0xff, 0x3, 0xff,
    0x10, 0x0, 0x0, 0x0, 0x0, 0x1f, 0xf0, 0x3f,
    0xf1, 0x0, 0x0, 0x0, 0x0, 0x1, 0xff, 0x3,
    0xff, 0x21, 0x11, 0x11, 0x11, 0x0, 0x1f, 0xf0,
    0x3f, 0xff, 0xff, 0xff, 0xff, 0xf8, 0x1, 0xff,
    0x3, 0xff, 0xff, 0xff, 0xff, 0xff, 0x80, 0x1f,
    0xf0, 0x0, 0x0, 0x0, 0x0, 0x0, 0x0, 0x1,
    0xff, 0x0, 0x0, 0x0, 0x0, 0x0, 0x0, 0x0,
    0x1f, 0xf0, 0x0, 0x0, 0x0, 0x0, 0x0, 0x0,
    0x5, 0xfe, 0x0, 0x0, 0x0, 0x0, 0x0, 0x0,
    0x7e, 0xff, 0x80, 0x0, 0x0, 0x0, 0x0, 0x0,
    0x9, 0xfe, 0x90, 0x0,

    /* U+01C9 "ǉ" */
    0x6f, 0xb0, 0x1, 0xff, 0x6, 0xfb, 0x0, 0x1f,
    0xf0, 0x6f, 0xb0, 0x0, 0x77, 0x6, 0xfb, 0x0,
    0x0, 0x0, 0x6f, 0xb0, 0x0, 0x0, 0x6, 0xfb,
    0x0, 0x1f, 0xf0, 0x6f, 0xb0, 0x1, 0xff, 0x6,
    0xfb, 0x0, 0x1f, 0xf0, 0x6f, 0xb0, 0x1, 0xff,
    0x6, 0xfb, 0x0, 0x1f, 0xf0, 0x6f, 0xb0, 0x1,
    0xff, 0x6, 0xfb, 0x0, 0x1f, 0xf0, 0x6f, 0xb0,
    0x1, 0xff, 0x6, 0xfb, 0x0, 0x1f, 0xf0, 0x6f,
    0xb0, 0x1, 0xff, 0x6, 0xfb, 0x0, 0x1f, 0xf0,
    0x6f, 0xb0, 0x1, 0xff, 0x6, 0xfb, 0x0, 0x1f,
    0xf0, 0x0, 0x0, 0x1, 0xff, 0x0, 0x0, 0x0,
    0x2f, 0xf0, 0x0, 0x0, 0x6, 0xfd, 0x0, 0x0,
    0x7e, 0xff, 0x80, 0x0, 0x9, 0xfe, 0x90, 0x0,

    /* U+01CA "Ǌ" */
    0x1f, 0xf8, 0x0, 0x0, 0x0, 0x0, 0xcf, 0x60,
    0x0, 0x0, 0x0, 0x0, 0xef, 0x61, 0xff, 0xf3,
    0x0, 0x0, 0x0, 0xc, 0xf6, 0x0, 0x0, 0x0,
    0x0, 0xe, 0xf6, 0x1f, 0xff, 0xd0, 0x0, 0x0,
    0x0, 0xcf, 0x60, 0x0, 0x0, 0x0, 0x0, 0xef,
    0x61, 0xff, 0xff, 0x70, 0x0, 0x0, 0xc, 0xf6,
    0x0, 0x0, 0x0, 0x0, 0xe, 0xf6, 0x1f, 0xf8,
    0xff, 0x20, 0x0, 0x0, 0xcf, 0x60, 0x0, 0x0,
    0x0, 0x0, 0xef, 0x61, 0xff, 0x1c, 0xfc, 0x0,
    0x0, 0xc, 0xf6, 0x0, 0x0, 0x0, 0x0, 0xe,
    0xf6, 0x1f, 0xf1, 0x3f, 0xf6, 0x0, 0x0, 0xcf,
    0x60, 0x0, 0x0, 0x0, 0x0, 0xef, 0x61, 0xff,
    0x10, 0x9f, 0xf1, 0x0, 0xc, 0xf6, 0x0, 0x0,
    0x0, 0x0, 0xe, 0xf6, 0x1f, 0xf1, 0x0, 0xef,
    0xb0, 0x0, 0xcf, 0x60, 0x0, 0x0, 0x0, 0x0,
    0xef, 0x61, 0xff, 0x10, 0x4, 0xff, 0x50, 0xc,
    0xf6, 0x0, 0x0, 0x0, 0x0, 0xe, 0xf6, 0x1f,
    0xf1, 0x0, 0xa, 0xfe, 0x10, 0xcf, 0x60, 0x0,
    0x0, 0x0, 0x0, 0xef, 0x61, 0xff, 0x10, 0x0,
    0x1e, 0xfa, 0xc, 0xf6, 0x0, 0x0, 0x0, 0x0,
    0xe, 0xf6, 0x1f, 0xf1, 0x0, 0x0, 0x6f, 0xf4,
    0xcf, 0x60, 0x6, 0x80, 0x0, 0x0, 0xef, 0x51,
    0xff, 0x10, 0x0, 0x0, 0xcf, 0xec, 0xf6, 0x0,
    0xff, 0x10, 0x0, 0xf, 0xf4, 0x1f, 0xf1, 0x0,
    0x0, 0x2, 0xff, 0xff, 0x60, 0xe, 0xf6, 0x0,
    0x3, 0xff, 0x11, 0xff, 0x10, 0x0, 0x0, 0x8,
    0xff, 0xf6, 0x0, 0x9f, 0xe5, 0x24, 0xdf, 0xc0,
    0x1f, 0xf1, 0x0, 0x0, 0x0, 0xd, 0xff, 0x60,
    0x1, 0xef, 0xff, 0xff, 0xf3, 0x1, 0xff, 0x10,
    0x0, 0x0, 0x0, 0x3f, 0xf6, 0x0, 0x1, 0x9e,
    0xfe, 0xa2, 0x0,

    /* U+01CB "ǋ" */
    0x1f, 0xf8, 0x0, 0x0, 0x0, 0x0, 0xcf, 0x60,
    0x1, 0xff, 0x1, 0xff, 0xf3, 0x0, 0x0, 0x0,
    0xc, 0xf6, 0x0, 0x1f, 0xf0, 0x1f, 0xff, 0xc0,
    0x0, 0x0, 0x0, 0xcf, 0x60, 0x0, 0x77, 0x1,
    0xff, 0xff, 0x70, 0x0, 0x0, 0xc, 0xf6, 0x0,
    0x0, 0x0, 0x1f, 0xf8, 0xff, 0x10, 0x0, 0x0,
    0xcf, 0x60, 0x0, 0x0, 0x1, 0xff, 0x1d, 0xfb,
    0x0, 0x0, 0xc, 0xf6, 0x0, 0x1f, 0xf0, 0x1f,
    0xf1, 0x3f, 0xf5, 0x0, 0x0, 0xcf, 0x60, 0x1,
    0xff, 0x1, 0xff, 0x10, 0x9f, 0xe1, 0x0, 0xc,
    0xf6, 0x0, 0x1f, 0xf0, 0x1f, 0xf1, 0x0, 0xef,
    0x90, 0x0, 0xcf, 0x60, 0x1, 0xff, 0x1, 0xff,
    0x10, 0x5, 0xff, 0x40, 0xc, 0xf6, 0x0, 0x1f,
    0xf0, 0x1f, 0xf1, 0x0, 0xa, 0xfd, 0x0, 0xcf,
    0x60, 0x1, 0xff, 0x1, 0xff, 0x10, 0x0, 0x1f,
    0xf8, 0xc, 0xf6, 0x0, 0x1f, 0xf0, 0x1f, 0xf1,
    0x0, 0x0, 0x6f, 0xf2, 0xcf, 0x60, 0x1, 0xff,
    0x1, 0xff, 0x10, 0x0, 0x0, 0xcf, 0xcc, 0xf6,
    0x0, 0x1f, 0xf0, 0x1f, 0xf1, 0x0, 0x0, 0x2,
    0xff, 0xff, 0x60, 0x1, 0xff, 0x1, 0xff, 0x10,
    0x0, 0x0, 0x8, 0xff, 0xf6, 0x0, 0x1f, 0xf0,
    0x1f, 0xf1, 0x0, 0x0, 0x0, 0xd, 0xff, 0x60,
    0x1, 0xff, 0x1, 0xff, 0x10, 0x0, 0x0, 0x0,
    0x3f, 0xf6, 0x0, 0x1f, 0xf0, 0x0, 0x0, 0x0,
    0x0, 0x0, 0x0, 0x0, 0x0, 0x1, 0xff, 0x0,
    0x0, 0x0, 0x0, 0x0, 0x0, 0x0, 0x0, 0x0,
    0x2f, 0xf0, 0x0, 0x0, 0x0, 0x0, 0x0, 0x0,
    0x0, 0x0, 0x6, 0xfd, 0x0, 0x0, 0x0, 0x0,
    0x0, 0x0, 0x0, 0x0, 0x7e, 0xff, 0x80, 0x0,
    0x0, 0x0, 0x0, 0x0, 0x0, 0x0, 0x9, 0xfe,
    0x90, 0x0,

    /* U+01CC "ǌ" */
    0x0, 0x0, 0x0, 0x0, 0x0, 0x0, 0x1, 0xff,
    0x0, 0x0, 0x0, 0x0, 0x0, 0x0, 0x0, 0x1f,
    0xf0, 0x0, 0x0, 0x0, 0x0, 0x0, 0x0, 0x0,
    0x77, 0x0, 0x0, 0x0, 0x0, 0x0, 0x0, 0x0,
    0x0, 0x0, 0x0, 0x0, 0x0, 0x0, 0x0, 0x0,
    0x0, 0x0, 0x6, 0xf8, 0x19, 0xef, 0xe9, 0x10,
    0x0, 0x1f, 0xf0, 0x6f, 0x9d, 0xfe, 0xef, 0xfd,
    0x0, 0x1, 0xff, 0x6, 0xff, 0xd4, 0x0, 0x4f,
    0xf7, 0x0, 0x1f, 0xf0, 0x6f, 0xf3, 0x0, 0x0,
    0x9f, 0xa0, 0x1, 0xff, 0x6, 0xfd, 0x0, 0x0,
    0x6, 0xfb, 0x0, 0x1f, 0xf0, 0x6f, 0xc0, 0x0,
    0x0, 0x5f, 0xc0, 0x1, 0xff, 0x6, 0xfb, 0x0,
    0x0, 0x5, 0xfc, 0x0, 0x1f, 0xf0, 0x6f, 0xb0,
    0x0, 0x0, 0x5f, 0xc0, 0x1, 0xff, 0x6, 0xfb,
    0x0, 0x0, 0x5, 0xfc, 0x0, 0x1f, 0xf0, 0x6f,
    0xb0, 0x0, 0x0, 0x5f, 0xc0, 0x1, 0xff, 0x6,
    0xfb, 0x0, 0x0, 0x5, 0xfc, 0x0, 0x1f, 0xf0,
    0x6f, 0xb0, 0x0, 0x0, 0x5f, 0xc0, 0x1, 0xff,
    0x6, 0xfb, 0x0, 0x0, 0x5, 0xfc, 0x0, 0x1f,
    0xf0, 0x0, 0x0, 0x0, 0x0, 0x0, 0x0, 0x1,
    0xff, 0x0, 0x0, 0x0, 0x0, 0x0, 0x0, 0x0,
    0x1f, 0xf0, 0x0, 0x0, 0x0, 0x0, 0x0, 0x0,
    0x5, 0xfe, 0x0, 0x0, 0x0, 0x0, 0x0, 0x0,
    0x7e, 0xff, 0x80, 0x0, 0x0, 0x0, 0x0, 0x0,
    0x9, 0xfe, 0x90, 0x0,

    /* U+01CD "Ǎ" */
    0x0, 0x0, 0xe, 0xf5, 0x4, 0xfe, 0x10, 0x0,
    0x0, 0x0, 0x0, 0x4f, 0xf3, 0xef, 0x50, 0x0,
    0x0, 0x0, 0x0, 0x0, 0xaf, 0xff, 0xb0, 0x0,
    0x0, 0x0, 0x0, 0x0, 0x1, 0x88, 0x81, 0x0,
    0x0, 0x0, 0x0, 0x0, 0x0, 0x0, 0x0, 0x0,
    0x0, 0x0, 0x0, 0x0, 0x0, 0x9, 0xff, 0xf9,
    0x0, 0x0, 0x0, 0x0, 0x0, 0x0, 0xef, 0xff,
    0xe0, 0x0, 0x0, 0x0, 0x0, 0x0, 0x4f, 0xff,
    0xff, 0x50, 0x0, 0x0, 0x0, 0x0, 0xa, 0xff,
    0xcf, 0xfa, 0x0, 0x0, 0x0, 0x0, 0x1, 0xff,
    0xf2, 0xff, 0xf1, 0x0, 0x0, 0x0, 0x0, 0x6f,
    0xfb, 0xb, 0xff, 0x60, 0x0, 0x0, 0x0, 0xc,
    0xff, 0x50, 0x5f, 0xfc, 0x0, 0x0, 0x0, 0x1,
    0xff, 0xf0, 0x0, 0xff, 0xf2, 0x0, 0x0, 0x0,
    0x7f, 0xfa, 0x0, 0xa, 0xff, 0x70, 0x0, 0x0,
    0xd, 0xff, 0x50, 0x0, 0x5f, 0xfd, 0x0, 0x0,
    0x3, 0xff, 0xfa, 0xaa, 0xaa, 0xff, 0xf3, 0x0,
    0x0, 0x9f, 0xff, 0xff, 0xff, 0xff, 0xff, 0x90,
    0x0, 0xe, 0xff, 0xff, 0xff, 0xff, 0xff, 0xfe,
    0x0, 0x4, 0xff, 0xe0, 0x0, 0x0, 0x0, 0xef,
    0xf4, 0x0, 0xaf, 0xf9, 0x0, 0x0, 0x0, 0x9,
    0xff, 0xa0, 0xf, 0xff, 0x30, 0x0, 0x0, 0x0,
    0x3f, 0xff, 0x5, 0xff, 0xe0, 0x0, 0x0, 0x0,
    0x0, 0xef, 0xf6,

    /* U+01CE "ǎ" */
    0x0, 0x7, 0xe9, 0x0, 0xae, 0x60, 0x0, 0x0,
    0x1, 0xef, 0x56, 0xfd, 0x0, 0x0, 0x0, 0x0,
    0x6f, 0xff, 0xf4, 0x0, 0x0, 0x0, 0x0, 0xa,
    0xcc, 0x90, 0x0, 0x0, 0x0, 0x0, 0x0, 0x0,
    0x0, 0x0, 0x0, 0x0, 0x3, 0xae, 0xff, 0xd8,
    0x10, 0x0, 0x0, 0x7f, 0xff, 0xff, 0xff, 0xe3,
    0x0, 0x4, 0xff, 0xfa, 0x67, 0xdf, 0xfd, 0x0,
    0xb, 0xff, 0x80, 0x0, 0xe, 0xff, 0x30, 0x0,
    0x0, 0x0, 0x0, 0xb, 0xff, 0x60, 0x0, 0x0,
    0x36, 0xad, 0xff, 0xff, 0x60, 0x0, 0x6e, 0xff,
    0xff, 0xff, 0xff, 0x70, 0x7, 0xff, 0xfb, 0x74,
    0xa, 0xff, 0x70, 0xe, 0xff, 0x60, 0x0, 0xc,
    0xff, 0x70, 0xf, 0xff, 0x20, 0x0, 0x3f, 0xff,
    0x70, 0xe, 0xff, 0xc4, 0x48, 0xff, 0xff, 0xd4,
    0x6, 0xff, 0xff, 0xff, 0xf5, 0xff, 0xf9, 0x0,
    0x4b, 0xef, 0xea, 0x20, 0x5d, 0xf7,

    /* U+01CF "Ǐ" */
    0x1e, 0xf4, 0xb, 0xfa, 0x4, 0xfd, 0x5f, 0xd0,
    0x0, 0x8f, 0xff, 0x30, 0x0, 0x7, 0x85, 0x0,
    0x0, 0xc, 0xf7, 0x0, 0x0, 0xc, 0xf7, 0x0,
    0x0, 0xc, 0xf7, 0x0, 0x0, 0xc, 0xf7, 0x0,
    0x0, 0xc, 0xf7, 0x0, 0x0, 0xc, 0xf7, 0x0,
    0x0, 0xc, 0xf7, 0x0, 0x0, 0xc, 0xf7, 0x0,
    0x0, 0xc, 0xf7, 0x0, 0x0, 0xc, 0xf7, 0x0,
    0x0, 0xc, 0xf7, 0x0, 0x0, 0xc, 0xf7, 0x0,
    0x0, 0xc, 0xf7, 0x0, 0x0, 0xc, 0xf7, 0x0,
    0x0, 0xc, 0xf7, 0x0, 0x0, 0xc, 0xf7, 0x0,
    0x0, 0xc, 0xf7, 0x0, 0x0, 0xc, 0xf7, 0x0,

    /* U+01D0 "ǐ" */
    0x1e, 0xf4, 0xb, 0xf9, 0x3, 0xfe, 0x7f, 0xc0,
    0x0, 0x6f, 0xfe, 0x10, 0x0, 0x3, 0x42, 0x0,
    0x0, 0x0, 0x0, 0x0, 0x0, 0xb, 0xf6, 0x0,
    0x0, 0xb, 0xf6, 0x0, 0x0, 0xb, 0xf6, 0x0,
    0x0, 0xb, 0xf6, 0x0, 0x0, 0xb, 0xf6, 0x0,
    0x0, 0xb, 0xf6, 0x0, 0x0, 0xb, 0xf6, 0x0,
    0x0, 0xb, 0xf6, 0x0, 0x0, 0xb, 0xf6, 0x0,
    0x0, 0xb, 0xf6, 0x0, 0x0, 0xb, 0xf6, 0x0,
    0x0, 0xb, 0xf6, 0x0, 0x0, 0xb, 0xf6, 0x0,

    /* U+01D1 "Ǒ" */
    0x0, 0x0, 0x28, 0x70, 0x4, 0x86, 0x0, 0x0,
    0x0, 0x0, 0x0, 0xbf, 0x81, 0xff, 0x30, 0x0,
    0x0, 0x0, 0x0, 0x1, 0xef, 0xcf, 0x70, 0x0,
    0x0, 0x0, 0x0, 0x0, 0x3, 0xff, 0xc0, 0x0,
    0x0, 0x0, 0x0, 0x0, 0x0, 0x0, 0x0, 0x0,
    0x0, 0x0, 0x0, 0x0, 0x1, 0x8c, 0xef, 0xeb,
    0x60, 0x0, 0x0, 0x0, 0x7, 0xff, 0xff, 0xff,
    0xff, 0xd3, 0x0, 0x0, 0x9, 0xff, 0xb4, 0x10,
    0x16, 0xef, 0xf4, 0x0, 0x5, 0xff, 0x70, 0x0,
    0x0, 0x0, 0xcf, 0xe1, 0x0, 0xef, 0xa0, 0x0,
    0x0, 0x0, 0x1, 0xef, 0x90, 0x5f, 0xf2, 0x0,
    0x0, 0x0, 0x0, 0x6, 0xff, 0x9, 0xfc, 0x0,
    0x0, 0x0, 0x0, 0x0, 0x1f, 0xf4, 0xcf, 0x90,
    0x0, 0x0, 0x0, 0x0, 0x0, 0xef, 0x7d, 0xf8,
    0x0, 0x0, 0x0, 0x0, 0x0, 0xd, 0xf8, 0xdf,
    0x80, 0x0, 0x0, 0x0, 0x0, 0x0, 0xdf, 0x8c,
    0xf9, 0x0, 0x0, 0x0, 0x0, 0x0, 0xe, 0xf7,
    0x9f, 0xc0, 0x0, 0x0, 0x0, 0x0, 0x1, 0xff,
    0x45, 0xff, 0x20, 0x0, 0x0, 0x0, 0x0, 0x6f,
    0xf0, 0xe, 0xfa, 0x0, 0x0, 0x0, 0x0, 0x1e,
    0xf9, 0x0, 0x5f, 0xf7, 0x0, 0x0, 0x0, 0xb,
    0xfe, 0x10, 0x0, 0x8f, 0xfb, 0x40, 0x1, 0x6d,
    0xff, 0x40, 0x0, 0x0, 0x7f, 0xff, 0xff, 0xff,
    0xfe, 0x30, 0x0, 0x0, 0x0, 0x18, 0xce, 0xfe,
    0xb6, 0x0, 0x0, 0x0,

    /* U+01D2 "ǒ" */
    0x0, 0xb, 0xf9, 0x6, 0xfe, 0x10, 0x0, 0x0,
    0x1d, 0xf5, 0xef, 0x30, 0x0, 0x0, 0x0, 0x3f,
    0xff, 0x70, 0x0, 0x0, 0x0, 0x0, 0x47, 0x60,
    0x0, 0x0, 0x0, 0x0, 0x0, 0x0, 0x0, 0x0,
    0x0, 0x0, 0x29, 0xef, 0xeb, 0x50, 0x0, 0x0,
    0x5f, 0xff, 0xce, 0xff, 0xa0, 0x0, 0x3f, 0xf8,
    0x0, 0x4, 0xff, 0x70, 0xa, 0xfa, 0x0, 0x0,
    0x5, 0xff, 0x0, 0xef, 0x40, 0x0, 0x0, 0xe,
    0xf4, 0x1f, 0xf1, 0x0, 0x0, 0x0, 0xbf, 0x72,
    0xff, 0x0, 0x0, 0x0, 0xa, 0xf7, 0x1f, 0xf1,
    0x0, 0x0, 0x0, 0xcf, 0x60, 0xff, 0x40, 0x0,
    0x0, 0xf, 0xf4, 0xa, 0xfb, 0x0, 0x0, 0x6,
    0xff, 0x0, 0x3f, 0xf8, 0x0, 0x4, 0xff, 0x70,
    0x0, 0x5f, 0xff, 0xcd, 0xff, 0x90, 0x0, 0x0,
    0x29, 0xef, 0xeb, 0x40, 0x0,

    /* U+01D3 "Ǔ" */
    0x0, 0x0, 0x68, 0x30, 0x18, 0x71, 0x0, 0x0,
    0x0, 0x5, 0xfe, 0xa, 0xf9, 0x0, 0x0, 0x0,
    0x0, 0x8, 0xfc, 0xfd, 0x0, 0x0, 0x0, 0x0,
    0x0, 0xc, 0xff, 0x30, 0x0, 0x0, 0x0, 0x0,
    0x0, 0x0, 0x0, 0x0, 0x0, 0x1, 0xff, 0x20,
    0x0, 0x0, 0x0, 0xe, 0xf6, 0x1f, 0xf2, 0x0,
    0x0, 0x0, 0x0, 0xef, 0x61, 0xff, 0x20, 0x0,
    0x0, 0x0, 0xe, 0xf6, 0x1f, 0xf2, 0x0, 0x0,
    0x0, 0x0, 0xef, 0x61, 0xff, 0x20, 0x0, 0x0,
    0x0, 0xe, 0xf6, 0x1f, 0xf2, 0x0, 0x0, 0x0,
    0x0, 0xef, 0x61, 0xff, 0x20, 0x0, 0x0, 0x0,
    0xe, 0xf6, 0x1f, 0xf2, 0x0, 0x0, 0x0, 0x0,
    0xef, 0x61, 0xff, 0x20, 0x0, 0x0, 0x0, 0xe,
    0xf6, 0x1f, 0xf2, 0x0, 0x0, 0x0, 0x0, 0xef,
    0x61, 0xff, 0x20, 0x0, 0x0, 0x0, 0xe, 0xf6,
    0xf, 0xf3, 0x0, 0x0, 0x0, 0x0, 0xef, 0x50,
    0xff, 0x50, 0x0, 0x0, 0x0, 0xf, 0xf4, 0xc,
    0xf9, 0x0, 0x0, 0x0, 0x4, 0xff, 0x10, 0x7f,
    0xf3, 0x0, 0x0, 0x0, 0xcf, 0xc0, 0x1, 0xef,
    0xe6, 0x21, 0x36, 0xdf, 0xf3, 0x0, 0x3, 0xef,
    0xff, 0xff, 0xff, 0xf6, 0x0, 0x0, 0x0, 0x7c,
    0xef, 0xed, 0x82, 0x0, 0x0,

    /* U+01D4 "ǔ" */
    0x0, 0xaf, 0xa0, 0x5f, 0xe1, 0x0, 0x0, 0xcf,
    0x7e, 0xf3, 0x0, 0x0, 0x1, 0xef, 0xf6, 0x0,
    0x0, 0x0, 0x1, 0x43, 0x0, 0x0, 0x0, 0x0,
    0x0, 0x0, 0x0, 0x6, 0xfb, 0x0, 0x0, 0x6,
    0xfb, 0x6f, 0xb0, 0x0, 0x0, 0x6f, 0xb6, 0xfb,
    0x0, 0x0, 0x6, 0xfb, 0x6f, 0xb0, 0x0, 0x0,
    0x6f, 0xb6, 0xfb, 0x0, 0x0, 0x6, 0xfb, 0x6f,
    0xb0, 0x0, 0x0, 0x6f, 0xb6, 0xfb, 0x0, 0x0,
    0x6, 0xfb, 0x6f, 0xb0, 0x0, 0x0, 0x7f, 0xb6,
    0xfb, 0x0, 0x0, 0x9, 0xfb, 0x4f, 0xe0, 0x0,
    0x0, 0xef, 0xb1, 0xff, 0x80, 0x2, 0xbf, 0xfb,
    0x8, 0xff, 0xfe, 0xff, 0x6f, 0xb0, 0x6, 0xcf,
    0xea, 0x23, 0xfb,

    /* U+01D5 "Ǖ" */
    0x0, 0x1, 0xff, 0xff, 0xff, 0xf3, 0x0, 0x0,
    0x0, 0x1c, 0xcc, 0xcc, 0xcc, 0x20, 0x0, 0x0,
    0x0, 0x0, 0x0, 0x0, 0x0, 0x0, 0x0, 0x0,
    0x9, 0xf9, 0x3, 0xff, 0x0, 0x0, 0x0, 0x0,
    0x9f, 0x90, 0x3f, 0xf0, 0x0, 0x0, 0x0, 0x4,
    0x74, 0x1, 0x76, 0x0, 0x0, 0x0, 0x0, 0x0,
    0x0, 0x0, 0x0, 0x0, 0x1, 0xff, 0x20, 0x0,
    0x0, 0x0, 0xe, 0xf6, 0x1f, 0xf2, 0x0, 0x0,
    0x0, 0x0, 0xef, 0x61, 0xff, 0x20, 0x0, 0x0,
    0x0, 0xe, 0xf6, 0x1f, 0xf2, 0x0, 0x0, 0x0,
    0x0, 0xef, 0x61, 0xff, 0x20, 0x0, 0x0, 0x0,
    0xe, 0xf6, 0x1f, 0xf2, 0x0, 0x0, 0x0, 0x0,
    0xef, 0x61, 0xff, 0x20, 0x0, 0x0, 0x0, 0xe,
    0xf6, 0x1f, 0xf2, 0x0, 0x0, 0x0, 0x0, 0xef,
    0x61, 0xff, 0x20, 0x0, 0x0, 0x0, 0xe, 0xf6,
    0x1f, 0xf2, 0x0, 0x0, 0x0, 0x0, 0xef, 0x61,
    0xff, 0x20, 0x0, 0x0, 0x0, 0xe, 0xf6, 0xf,
    0xf3, 0x0, 0x0, 0x0, 0x0, 0xef, 0x50, 0xff,
    0x50, 0x0, 0x0, 0x0, 0xf, 0xf4, 0xc, 0xf9,
    0x0, 0x0, 0x0, 0x4, 0xff, 0x10, 0x7f, 0xf3,
    0x0, 0x0, 0x0, 0xcf, 0xc0, 0x1, 0xef, 0xe6,
    0x21, 0x36, 0xdf, 0xf3, 0x0, 0x3, 0xef, 0xff,
    0xff, 0xff, 0xf6, 0x0, 0x0, 0x0, 0x7c, 0xef,
    0xed, 0x82, 0x0, 0x0,

    /* U+01D6 "ǖ" */
    0x0, 0xcc, 0xcc, 0xcc, 0xc3, 0x0, 0xf, 0xff,
    0xff, 0xff, 0x40, 0x0, 0x0, 0x0, 0x0, 0x0,
    0x0, 0x8, 0xfa, 0x3, 0xff, 0x0, 0x0, 0x8f,
    0xa0, 0x3f, 0xf0, 0x0, 0x3, 0x74, 0x1, 0x77,
    0x0, 0x0, 0x0, 0x0, 0x0, 0x0, 0x0, 0x0,
    0x0, 0x0, 0x0, 0x0, 0x6f, 0xb0, 0x0, 0x0,
    0x6f, 0xb6, 0xfb, 0x0, 0x0, 0x6, 0xfb, 0x6f,
    0xb0, 0x0, 0x0, 0x6f, 0xb6, 0xfb, 0x0, 0x0,
    0x6, 0xfb, 0x6f, 0xb0, 0x0, 0x0, 0x6f, 0xb6,
    0xfb, 0x0, 0x0, 0x6, 0xfb, 0x6f, 0xb0, 0x0,
    0x0, 0x6f, 0xb6, 0xfb, 0x0, 0x0, 0x7, 0xfb,
    0x6f, 0xb0, 0x0, 0x0, 0x9f, 0xb4, 0xfe, 0x0,
    0x0, 0xe, 0xfb, 0x1f, 0xf8, 0x0, 0x2b, 0xff,
    0xb0, 0x8f, 0xff, 0xef, 0xf6, 0xfb, 0x0, 0x6c,
    0xfe, 0xa2, 0x3f, 0xb0,

    /* U+01D7 "Ǘ" */
    0x0, 0x0, 0x0, 0x1, 0x66, 0x30, 0x0, 0x0,
    0x0, 0x0, 0x0, 0x8f, 0xe1, 0x0, 0x0, 0x0,
    0x0, 0x0, 0xe, 0xf3, 0x0, 0x0, 0x0, 0x0,
    0x0, 0x6, 0xf7, 0x0, 0x0, 0x0, 0x0, 0x0,
    0x0, 0x0, 0x0, 0x0, 0x0, 0x0, 0x0, 0x9,
    0xf9, 0x3, 0xff, 0x0, 0x0, 0x0, 0x0, 0x9f,
    0x90, 0x3f, 0xf0, 0x0, 0x0, 0x0, 0x4, 0x74,
    0x1, 0x76, 0x0, 0x0, 0x0, 0x0, 0x0, 0x0,
    0x0, 0x0, 0x0, 0x1, 0xff, 0x20, 0x0, 0x0,
    0x0, 0xe, 0xf6, 0x1f, 0xf2, 0x0, 0x0, 0x0,
    0x0, 0xef, 0x61, 0xff, 0x20, 0x0, 0x0, 0x0,
    0xe, 0xf6, 0x1f, 0xf2, 0x0, 0x0, 0x0, 0x0,
    0xef, 0x61, 0xff, 0x20, 0x0, 0x0, 0x0, 0xe,
    0xf6, 0x1f, 0xf2, 0x0, 0x0, 0x0, 0x0, 0xef,
    0x61, 0xff, 0x20, 0x0, 0x0, 0x0, 0xe, 0xf6,
    0x1f, 0xf2, 0x0, 0x0, 0x0, 0x0, 0xef, 0x61,
    0xff, 0x20, 0x0, 0x0, 0x0, 0xe, 0xf6, 0x1f,
    0xf2, 0x0, 0x0, 0x0, 0x0, 0xef, 0x61, 0xff,
    0x20, 0x0, 0x0, 0x0, 0xe, 0xf6, 0xf, 0xf3,
    0x0, 0x0, 0x0, 0x0, 0xef, 0x50, 0xff, 0x50,
    0x0, 0x0, 0x0, 0xf, 0xf4, 0xc, 0xf9, 0x0,
    0x0, 0x0, 0x4, 0xff, 0x10, 0x7f, 0xf3, 0x0,
    0x0, 0x0, 0xcf, 0xc0, 0x1, 0xef, 0xe6, 0x21,
    0x36, 0xdf, 0xf3, 0x0, 0x3, 0xef, 0xff, 0xff,
    0xff, 0xf6, 0x0, 0x0, 0x0, 0x7c, 0xef, 0xed,
    0x82, 0x0, 0x0,

    /* U+01D8 "ǘ" */
    0x0, 0x0, 0x0, 0x66, 0x30, 0x0, 0x0, 0x0,
    0x7f, 0xe1, 0x0, 0x0, 0x0, 0xe, 0xf4, 0x0,
    0x0, 0x0, 0x6, 0xf7, 0x0, 0x0, 0x0, 0x0,
    0x0, 0x0, 0x0, 0x0, 0x8, 0xfa, 0x3, 0xff,
    0x0, 0x0, 0x8f, 0xa0, 0x3f, 0xf0, 0x0, 0x3,
    0x74, 0x1, 0x77, 0x0, 0x0, 0x0, 0x0, 0x0,
    0x0, 0x0, 0x0, 0x0, 0x0, 0x0, 0x0, 0x6f,
    0xb0, 0x0, 0x0, 0x6f, 0xb6, 0xfb, 0x0, 0x0,
    0x6, 0xfb, 0x6f, 0xb0, 0x0, 0x0, 0x6f, 0xb6,
    0xfb, 0x0, 0x0, 0x6, 0xfb, 0x6f, 0xb0, 0x0,
    0x0, 0x6f, 0xb6, 0xfb, 0x0, 0x0, 0x6, 0xfb,
    0x6f, 0xb0, 0x0, 0x0, 0x6f, 0xb6, 0xfb, 0x0,
    0x0, 0x7, 0xfb, 0x6f, 0xb0, 0x0, 0x0, 0x9f,
    0xb4, 0xfe, 0x0, 0x0, 0xe, 0xfb, 0x1f, 0xf8,
    0x0, 0x2b, 0xff, 0xb0, 0x8f, 0xff, 0xef, 0xf6,
    0xfb, 0x0, 0x6c, 0xfe, 0xa2, 0x3f, 0xb0,

    /* U+01D9 "Ǚ" */
    0x0, 0x0, 0x68, 0x40, 0x18, 0x81, 0x0, 0x0,
    0x0, 0x4, 0xfe, 0x1a, 0xfa, 0x0, 0x0, 0x0,
    0x0, 0x8, 0xfc, 0xfd, 0x0, 0x0, 0x0, 0x0,
    0x0, 0xb, 0xff, 0x30, 0x0, 0x0, 0x0, 0x0,
    0x0, 0x0, 0x0, 0x0, 0x0, 0x0, 0x0, 0x9,
    0xf9, 0x3, 0xff, 0x0, 0x0, 0x0, 0x0, 0x9f,
    0x90, 0x3f, 0xf0, 0x0, 0x0, 0x0, 0x4, 0x74,
    0x1, 0x76, 0x0, 0x0, 0x0, 0x0, 0x0, 0x0,
    0x0, 0x0, 0x0, 0x1, 0xff, 0x20, 0x0, 0x0,
    0x0, 0xe, 0xf6, 0x1f, 0xf2, 0x0, 0x0, 0x0,
    0x0, 0xef, 0x61, 0xff, 0x20, 0x0, 0x0, 0x0,
    0xe, 0xf6, 0x1f, 0xf2, 0x0, 0x0, 0x0, 0x0,
    0xef, 0x61, 0xff, 0x20, 0x0, 0x0, 0x0, 0xe,
    0xf6, 0x1f, 0xf2, 0x0, 0x0, 0x0, 0x0, 0xef,
    0x61, 0xff, 0x20, 0x0, 0x0, 0x0, 0xe, 0xf6,
    0x1f, 0xf2, 0x0, 0x0, 0x0, 0x0, 0xef, 0x61,
    0xff, 0x20, 0x0, 0x0, 0x0, 0xe, 0xf6, 0x1f,
    0xf2, 0x0, 0x0, 0x0, 0x0, 0xef, 0x61, 0xff,
    0x20, 0x0, 0x0, 0x0, 0xe, 0xf6, 0xf, 0xf3,
    0x0, 0x0, 0x0, 0x0, 0xef, 0x50, 0xff, 0x50,
    0x0, 0x0, 0x0, 0xf, 0xf4, 0xc, 0xf9, 0x0,
    0x0, 0x0, 0x4, 0xff, 0x10, 0x7f, 0xf3, 0x0,
    0x0, 0x0, 0xcf, 0xc0, 0x1, 0xef, 0xe6, 0x21,
    0x36, 0xdf, 0xf3, 0x0, 0x3, 0xef, 0xff, 0xff,
    0xff, 0xf6, 0x0, 0x0, 0x0, 0x7c, 0xef, 0xed,
    0x82, 0x0, 0x0,

    /* U+01DA "ǚ" */
    0x0, 0x78, 0x30, 0x28, 0x70, 0x0, 0x5, 0xfd,
    0xb, 0xf8, 0x0, 0x0, 0x9, 0xfc, 0xfc, 0x0,
    0x0, 0x0, 0xd, 0xff, 0x20, 0x0, 0x0, 0x0,
    0x0, 0x0, 0x0, 0x0, 0x9, 0xf9, 0x3, 0xfe,
    0x0, 0x0, 0x9f, 0x90, 0x3f, 0xe0, 0x0, 0x4,
    0x74, 0x1, 0x76, 0x0, 0x0, 0x0, 0x0, 0x0,
    0x0, 0x0, 0x0, 0x0, 0x0, 0x0, 0x0, 0x6f,
    0xb0, 0x0, 0x0, 0x6f, 0xb6, 0xfb, 0x0, 0x0,
    0x6, 0xfb, 0x6f, 0xb0, 0x0, 0x0, 0x6f, 0xb6,
    0xfb, 0x0, 0x0, 0x6, 0xfb, 0x6f, 0xb0, 0x0,
    0x0, 0x6f, 0xb6, 0xfb, 0x0, 0x0, 0x6, 0xfb,
    0x6f, 0xb0, 0x0, 0x0, 0x6f, 0xb6, 0xfb, 0x0,
    0x0, 0x7, 0xfb, 0x6f, 0xb0, 0x0, 0x0, 0x9f,
    0xb4, 0xfe, 0x0, 0x0, 0xe, 0xfb, 0x1f, 0xf8,
    0x0, 0x2b, 0xff, 0xb0, 0x8f, 0xff, 0xef, 0xf6,
    0xfb, 0x0, 0x6c, 0xfe, 0xa2, 0x3f, 0xb0,

    /* U+01DB "Ǜ" */
    0x0, 0x0, 0x6, 0x63, 0x0, 0x0, 0x0, 0x0,
    0x0, 0x0, 0xaf, 0xd0, 0x0, 0x0, 0x0, 0x0,
    0x0, 0x0, 0xdf, 0x50, 0x0, 0x0, 0x0, 0x0,
    0x0, 0x2, 0xfc, 0x0, 0x0, 0x0, 0x0, 0x0,
    0x0, 0x0, 0x0, 0x0, 0x0, 0x0, 0x0, 0x9,
    0xf9, 0x3, 0xff, 0x0, 0x0, 0x0, 0x0, 0x9f,
    0x90, 0x3f, 0xf0, 0x0, 0x0, 0x0, 0x4, 0x74,
    0x1, 0x76, 0x0, 0x0, 0x0, 0x0, 0x0, 0x0,
    0x0, 0x0, 0x0, 0x1, 0xff, 0x20, 0x0, 0x0,
    0x0, 0xe, 0xf6, 0x1f, 0xf2, 0x0, 0x0, 0x0,
    0x0, 0xef, 0x61, 0xff, 0x20, 0x0, 0x0, 0x0,
    0xe, 0xf6, 0x1f, 0xf2, 0x0, 0x0, 0x0, 0x0,
    0xef, 0x61, 0xff, 0x20, 0x0, 0x0, 0x0, 0xe,
    0xf6, 0x1f, 0xf2, 0x0, 0x0, 0x0, 0x0, 0xef,
    0x61, 0xff, 0x20, 0x0, 0x0, 0x0, 0xe, 0xf6,
    0x1f, 0xf2, 0x0, 0x0, 0x0, 0x0, 0xef, 0x61,
    0xff, 0x20, 0x0, 0x0, 0x0, 0xe, 0xf6, 0x1f,
    0xf2, 0x0, 0x0, 0x0, 0x0, 0xef, 0x61, 0xff,
    0x20, 0x0, 0x0, 0x0, 0xe, 0xf6, 0xf, 0xf3,
    0x0, 0x0, 0x0, 0x0, 0xef, 0x50, 0xff, 0x50,
    0x0, 0x0, 0x0, 0xf, 0xf4, 0xc, 0xf9, 0x0,
    0x0, 0x0, 0x4, 0xff, 0x10, 0x7f, 0xf3, 0x0,
    0x0, 0x0, 0xcf, 0xc0, 0x1, 0xef, 0xe6, 0x21,
    0x36, 0xdf, 0xf3, 0x0, 0x3, 0xef, 0xff, 0xff,
    0xff, 0xf6, 0x0, 0x0, 0x0, 0x7c, 0xef, 0xed,
    0x82, 0x0, 0x0,

    /* U+01DC "ǜ" */
    0x0, 0x16, 0x63, 0x0, 0x0, 0x0, 0x0, 0xaf,
    0xd0, 0x0, 0x0, 0x0, 0x0, 0xdf, 0x40, 0x0,
    0x0, 0x0, 0x2, 0xfc, 0x0, 0x0, 0x0, 0x0,
    0x0, 0x0, 0x0, 0x0, 0x9, 0xf9, 0x3, 0xfe,
    0x0, 0x0, 0x9f, 0x90, 0x3f, 0xe0, 0x0, 0x4,
    0x74, 0x1, 0x76, 0x0, 0x0, 0x0, 0x0, 0x0,
    0x0, 0x0, 0x0, 0x0, 0x0, 0x0, 0x0, 0x6f,
    0xb0, 0x0, 0x0, 0x6f, 0xb6, 0xfb, 0x0, 0x0,
    0x6, 0xfb, 0x6f, 0xb0, 0x0, 0x0, 0x6f, 0xb6,
    0xfb, 0x0, 0x0, 0x6, 0xfb, 0x6f, 0xb0, 0x0,
    0x0, 0x6f, 0xb6, 0xfb, 0x0, 0x0, 0x6, 0xfb,
    0x6f, 0xb0, 0x0, 0x0, 0x6f, 0xb6, 0xfb, 0x0,
    0x0, 0x7, 0xfb, 0x6f, 0xb0, 0x0, 0x0, 0x9f,
    0xb4, 0xfe, 0x0, 0x0, 0xe, 0xfb, 0x1f, 0xf8,
    0x0, 0x2b, 0xff, 0xb0, 0x8f, 0xff, 0xef, 0xf6,
    0xfb, 0x0, 0x6c, 0xfe, 0xa2, 0x3f, 0xb0,

    /* U+01DD "ǝ" */
    0x0, 0x4, 0xbe, 0xfe, 0xb4, 0x0, 0x0, 0x7,
    0xff, 0xec, 0xef, 0xf9, 0x0, 0x4, 0xff, 0x70,
    0x0, 0x6f, 0xf6, 0x0, 0xbf, 0x90, 0x0, 0x0,
    0x8f, 0xe0, 0x1, 0x31, 0x0, 0x0, 0x1, 0xff,
    0x30, 0x0, 0x0, 0x0, 0x0, 0xe, 0xf5, 0xf,
    0xff, 0xff, 0xff, 0xff, 0xff, 0x60, 0xff, 0xdc,
    0xcc, 0xcc, 0xcf, 0xf5, 0xd, 0xf5, 0x0, 0x0,
    0x0, 0xff, 0x20, 0x8f, 0xa0, 0x0, 0x0, 0x7f,
    0xd0, 0x1, 0xff, 0x70, 0x0, 0x6f, 0xf5, 0x0,
    0x4, 0xff, 0xfd, 0xff, 0xf7, 0x0, 0x0, 0x2,
    0x9e, 0xfe, 0xb4, 0x0, 0x0,

    /* U+01DE "Ǟ" */
    0x0, 0x0, 0x9, 0xcc, 0xcc, 0xcc, 0x60, 0x0,
    0x0, 0x0, 0x0, 0xc, 0xff, 0xff, 0xff, 0x80,
    0x0, 0x0, 0x0, 0x0, 0x0, 0x0, 0x0, 0x0,
    0x0, 0x0, 0x0, 0x0, 0x0, 0x1, 0x76, 0x0,
    0x67, 0x20, 0x0, 0x0, 0x0, 0x0, 0x3, 0xff,
    0x0, 0xef, 0x40, 0x0, 0x0, 0x0, 0x0, 0x3,
    0xff, 0x0, 0xef, 0x40, 0x0, 0x0, 0x0, 0x0,
    0x0, 0x0, 0x0, 0x0, 0x0, 0x0, 0x0, 0x0,
    0x0, 0x0, 0x9, 0xff, 0x30, 0x0, 0x0, 0x0,
    0x0, 0x0, 0x0, 0xf, 0xff, 0x90, 0x0, 0x0,
    0x0, 0x0, 0x0, 0x0, 0x5f, 0xaf, 0xf0, 0x0,
    0x0, 0x0, 0x0, 0x0, 0x0, 0xbf, 0x6c, 0xf6,
    0x0, 0x0, 0x0, 0x0, 0x0, 0x1, 0xff, 0x18,
    0xfc, 0x0, 0x0, 0x0, 0x0, 0x0, 0x7, 0xfd,
    0x2, 0xff, 0x20, 0x0, 0x0, 0x0, 0x0, 0xd,
    0xf7, 0x0, 0xcf, 0x80, 0x0, 0x0, 0x0, 0x0,
    0x2f, 0xf2, 0x0, 0x7f, 0xe0, 0x0, 0x0, 0x0,
    0x0, 0x8f, 0xc0, 0x0, 0x1f, 0xf5, 0x0, 0x0,
    0x0, 0x0, 0xef, 0x70, 0x0, 0xc, 0xfb, 0x0,
    0x0, 0x0, 0x4, 0xff, 0x10, 0x0, 0x6, 0xff,
    0x10, 0x0, 0x0, 0xa, 0xff, 0xff, 0xff, 0xff,
    0xff, 0x80, 0x0, 0x0, 0xf, 0xfe, 0xdd, 0xdd,
    0xdd, 0xef, 0xe0, 0x0, 0x0, 0x6f, 0xf1, 0x0,
    0x0, 0x0, 0x4f, 0xf4, 0x0, 0x0, 0xcf, 0xa0,
    0x0, 0x0, 0x0, 0xe, 0xfa, 0x0, 0x1, 0xff,
    0x40, 0x0, 0x0, 0x0, 0x8, 0xff, 0x10, 0x7,
    0xfe, 0x0, 0x0, 0x0, 0x0, 0x2, 0xff, 0x70,
    0xd, 0xf8, 0x0, 0x0, 0x0, 0x0, 0x0, 0xbf,
    0xd0,

    /* U+01DF "ǟ" */
    0x0, 0xc, 0xcc, 0xcc, 0xcc, 0x30, 0x0, 0x0,
    0xff, 0xff, 0xff, 0xf4, 0x0, 0x0, 0x0, 0x0,
    0x0, 0x0, 0x0, 0x0, 0x0, 0x9f, 0x90, 0x3f,
    0xe0, 0x0, 0x0, 0x9, 0xf9, 0x3, 0xfe, 0x0,
    0x0, 0x0, 0x47, 0x40, 0x17, 0x60, 0x0, 0x0,
    0x0, 0x0, 0x0, 0x0, 0x0, 0x0, 0x0, 0x0,
    0x0, 0x0, 0x0, 0x0, 0x0, 0x4, 0xae, 0xff,
    0xd9, 0x10, 0x0, 0x8, 0xff, 0xec, 0xdf, 0xfe,
    0x10, 0x4, 0xff, 0x40, 0x0, 0x2e, 0xf7, 0x0,
    0x8f, 0x90, 0x0, 0x0, 0x8f, 0xa0, 0x0, 0x0,
    0x0, 0x0, 0x7, 0xfb, 0x0, 0x0, 0x3, 0x68,
    0xbd, 0xff, 0xb0, 0x0, 0x7e, 0xff, 0xff, 0xcb,
    0xfb, 0x0, 0x7f, 0xfa, 0x63, 0x0, 0x6f, 0xb0,
    0xe, 0xf7, 0x0, 0x0, 0x8, 0xfb, 0x0, 0xff,
    0x30, 0x0, 0x0, 0xef, 0xb0, 0xe, 0xfa, 0x0,
    0x2, 0xbf, 0xfb, 0x0, 0x6f, 0xfe, 0xbd, 0xff,
    0x8f, 0xd0, 0x0, 0x4b, 0xef, 0xd8, 0x10, 0xff,
    0x20,

    /* U+01E0 "Ǡ" */
    0x0, 0x0, 0xa, 0xcc, 0xcc, 0xcc, 0x50, 0x0,
    0x0, 0x0, 0x0, 0xd, 0xff, 0xff, 0xff, 0x70,
    0x0, 0x0, 0x0, 0x0, 0x0, 0x0, 0x0, 0x0,
    0x0, 0x0, 0x0, 0x0, 0x0, 0x0, 0x1, 0x76,
    0x0, 0x0, 0x0, 0x0, 0x0, 0x0, 0x0, 0x4,
    0xfe, 0x0, 0x0, 0x0, 0x0, 0x0, 0x0, 0x0,
    0x4, 0xfe, 0x0, 0x0, 0x0, 0x0, 0x0, 0x0,
    0x0, 0x0, 0x0, 0x0, 0x0, 0x0, 0x0, 0x0,
    0x0, 0x0, 0x9, 0xff, 0x30, 0x0, 0x0, 0x0,
    0x0, 0x0, 0x0, 0xf, 0xff, 0x90, 0x0, 0x0,
    0x0, 0x0, 0x0, 0x0, 0x5f, 0xaf, 0xf0, 0x0,
    0x0, 0x0, 0x0, 0x0, 0x0, 0xbf, 0x6c, 0xf6,
    0x0, 0x0, 0x0, 0x0, 0x0, 0x1, 0xff, 0x18,
    0xfc, 0x0, 0x0, 0x0, 0x0, 0x0, 0x7, 0xfd,
    0x2, 0xff, 0x20, 0x0, 0x0, 0x0, 0x0, 0xd,
    0xf7, 0x0, 0xcf, 0x80, 0x0, 0x0, 0x0, 0x0,
    0x2f, 0xf2, 0x0, 0x7f, 0xe0, 0x0, 0x0, 0x0,
    0x0, 0x8f, 0xc0, 0x0, 0x1f, 0xf5, 0x0, 0x0,
    0x0, 0x0, 0xef, 0x70, 0x0, 0xc, 0xfb, 0x0,
    0x0, 0x0, 0x4, 0xff, 0x10, 0x0, 0x6, 0xff,
    0x10, 0x0, 0x0, 0xa, 0xff, 0xff, 0xff, 0xff,
    0xff, 0x80, 0x0, 0x0, 0xf, 0xfe, 0xdd, 0xdd,
    0xdd, 0xef, 0xe0, 0x0, 0x0, 0x6f, 0xf1, 0x0,
    0x0, 0x0, 0x4f, 0xf4, 0x0, 0x0, 0xcf, 0xa0,
    0x0, 0x0, 0x0, 0xe, 0xfa, 0x0, 0x1, 0xff,
    0x40, 0x0, 0x0, 0x0, 0x8, 0xff, 0x10, 0x7,
    0xfe, 0x0, 0x0, 0x0, 0x0, 0x2, 0xff, 0x70,
    0xd, 0xf8, 0x0, 0x0, 0x0, 0x0, 0x0, 0xbf,
    0xd0,

    /* U+01E1 "ǡ" */
    0x0, 0xb, 0xcc, 0xcc, 0xcc, 0x40, 0x0, 0x0,
    0xff, 0xff, 0xff, 0xf6, 0x0, 0x0, 0x0, 0x0,
    0x0, 0x0, 0x0, 0x0, 0x0, 0x0, 0x3f, 0xe0,
    0x0, 0x0, 0x0, 0x0, 0x3, 0xfe, 0x0, 0x0,
    0x0, 0x0, 0x0, 0x17, 0x60, 0x0, 0x0, 0x0,
    0x0, 0x0, 0x0, 0x0, 0x0, 0x0, 0x0, 0x0,
    0x0, 0x0, 0x0, 0x0, 0x0, 0x4, 0xae, 0xff,
    0xd9, 0x10, 0x0, 0x8, 0xff, 0xec, 0xdf, 0xfe,
    0x10, 0x4, 0xff, 0x40, 0x0, 0x2e, 0xf7, 0x0,
    0x8f, 0x90, 0x0, 0x0, 0x8f, 0xa0, 0x0, 0x0,
    0x0, 0x0, 0x7, 0xfb, 0x0, 0x0, 0x3, 0x68,
    0xbd, 0xff, 0xb0, 0x0, 0x7e, 0xff, 0xff, 0xcb,
    0xfb, 0x0, 0x7f, 0xfa, 0x63, 0x0, 0x6f, 0xb0,
    0xe, 0xf7, 0x0, 0x0, 0x8, 0xfb, 0x0, 0xff,
    0x30, 0x0, 0x0, 0xef, 0xb0, 0xe, 0xfa, 0x0,
    0x2, 0xbf, 0xfb, 0x0, 0x6f, 0xfe, 0xbd, 0xff,
    0x8f, 0xd0, 0x0, 0x4b, 0xef, 0xd8, 0x10, 0xff,
    0x20,

    /* U+01E2 "Ǣ" */
    0x0, 0x0, 0x0, 0x0, 0xf, 0xff, 0xff, 0xff,
    0x40, 0x0, 0x0, 0x0, 0x0, 0x0, 0x0, 0x0,
    0xcc, 0xcc, 0xcc, 0xc3, 0x0, 0x0, 0x0, 0x0,
    0x0, 0x0, 0x0, 0x0, 0x0, 0x0, 0x0, 0x0,
    0x0, 0x0, 0x0, 0x0, 0x0, 0x0, 0xe, 0xff,
    0xff, 0xff, 0xff, 0xff, 0xff, 0xf6, 0x0, 0x0,
    0x0, 0x6, 0xff, 0xff, 0xff, 0xff, 0xff, 0xff,
    0xff, 0x60, 0x0, 0x0, 0x0, 0xdf, 0x91, 0x9f,
    0xb1, 0x11, 0x11, 0x11, 0x10, 0x0, 0x0, 0x0,
    0x5f, 0xf1, 0x8, 0xfb, 0x0, 0x0, 0x0, 0x0,
    0x0, 0x0, 0x0, 0xc, 0xfa, 0x0, 0x8f, 0xb0,
    0x0, 0x0, 0x0, 0x0, 0x0, 0x0, 0x4, 0xff,
    0x30, 0x8, 0xfb, 0x0, 0x0, 0x0, 0x0, 0x0,
    0x0, 0x0, 0xbf, 0xc0, 0x0, 0x8f, 0xb0, 0x0,
    0x0, 0x0, 0x0, 0x0, 0x0, 0x2f, 0xf5, 0x0,
    0x8, 0xfb, 0x0, 0x0, 0x0, 0x0, 0x0, 0x0,
    0xa, 0xfd, 0x0, 0x0, 0x8f, 0xff, 0xff, 0xff,
    0xff, 0xc0, 0x0, 0x1, 0xff, 0x60, 0x0, 0x8,
    0xff, 0xff, 0xff, 0xff, 0xfc, 0x0, 0x0, 0x8f,
    0xf1, 0x11, 0x11, 0x9f, 0xb0, 0x0, 0x0, 0x0,
    0x0, 0x0, 0x1f, 0xff, 0xff, 0xff, 0xff, 0xfb,
    0x0, 0x0, 0x0, 0x0, 0x0, 0x7, 0xff, 0xff,
    0xff, 0xff, 0xff, 0xb0, 0x0, 0x0, 0x0, 0x0,
    0x0, 0xef, 0x90, 0x0, 0x0, 0x8, 0xfb, 0x0,
    0x0, 0x0, 0x0, 0x0, 0x6f, 0xf2, 0x0, 0x0,
    0x0, 0x8f, 0xb0, 0x0, 0x0, 0x0, 0x0, 0xd,
    0xfa, 0x0, 0x0, 0x0, 0x8, 0xfb, 0x11, 0x11,
    0x11, 0x11, 0x5, 0xff, 0x20, 0x0, 0x0, 0x0,
    0x8f, 0xff, 0xff, 0xff, 0xff, 0xfa, 0xcf, 0xb0,
    0x0, 0x0, 0x0, 0x8, 0xff, 0xff, 0xff, 0xff,
    0xff, 0xa0,

    /* U+01E3 "ǣ" */
    0x0, 0x0, 0x0, 0xe, 0xff, 0xff, 0xff, 0x60,
    0x0, 0x0, 0x0, 0x0, 0x0, 0x0, 0xbc, 0xcc,
    0xcc, 0xc5, 0x0, 0x0, 0x0, 0x0, 0x0, 0x0,
    0x0, 0x0, 0x0, 0x0, 0x0, 0x0, 0x0, 0x0,
    0x0, 0x0, 0x0, 0x0, 0x0, 0x0, 0x0, 0x0,
    0x0, 0x0, 0x0, 0x0, 0x0, 0x0, 0x0, 0x0,
    0x0, 0x0, 0x0, 0x0, 0x0, 0x0, 0x4b, 0xdf,
    0xec, 0x70, 0x7, 0xdf, 0xec, 0x50, 0x0, 0x0,
    0x9f, 0xfd, 0xcd, 0xff, 0xbc, 0xff, 0xdd, 0xff,
    0xa0, 0x0, 0x4f, 0xe3, 0x0, 0x4, 0xff, 0xfb,
    0x10, 0x2, 0xdf, 0x60, 0x9, 0xf7, 0x0, 0x0,
    0xc, 0xfe, 0x0, 0x0, 0x3, 0xfd, 0x0, 0x0,
    0x0, 0x0, 0x0, 0xcf, 0x90, 0x0, 0x0, 0xe,
    0xf2, 0x0, 0x0, 0x47, 0xac, 0xff, 0xfd, 0xcc,
    0xcc, 0xcc, 0xff, 0x40, 0x8, 0xff, 0xff, 0xfb,
    0xdf, 0xff, 0xff, 0xff, 0xff, 0xf5, 0x8, 0xff,
    0x84, 0x20, 0xb, 0xf6, 0x0, 0x0, 0x0, 0x0,
    0x0, 0xff, 0x40, 0x0, 0x0, 0xcf, 0x80, 0x0,
    0x0, 0x5, 0x30, 0x2f, 0xf2, 0x0, 0x0, 0x2f,
    0xfd, 0x0, 0x0, 0x3, 0xff, 0x20, 0xff, 0x90,
    0x0, 0x4e, 0xfd, 0xfb, 0x10, 0x3, 0xdf, 0xa0,
    0x6, 0xff, 0xfd, 0xef, 0xe4, 0x1d, 0xff, 0xdd,
    0xff, 0xc0, 0x0, 0x5, 0xcf, 0xfd, 0x81, 0x0,
    0x7, 0xdf, 0xfc, 0x70, 0x0,

    /* U+01E4 "Ǥ" */
    0x0, 0x0, 0x4a, 0xdf, 0xfe, 0xa5, 0x0, 0x0,
    0x0, 0x0, 0xaf, 0xff, 0xff, 0xff, 0xfc, 0x10,
    0x0, 0x0, 0xcf, 0xff, 0xec, 0xbe, 0xff, 0xfc,
    0x0, 0x0, 0x9f, 0xff, 0x60, 0x0, 0x5, 0xff,
    0xf7, 0x0, 0x2f, 0xff, 0x50, 0x0, 0x0, 0x7,
    0xff, 0xe0, 0x7, 0xff, 0xd0, 0x0, 0x0, 0x0,
    0x19, 0x99, 0x10, 0xcf, 0xf8, 0x0, 0x0, 0x0,
    0x0, 0x0, 0x0, 0xd, 0xff, 0x50, 0x0, 0x0,
    0x0, 0x0, 0x0, 0x0, 0xff, 0xf4, 0x0, 0x0,
    0xff, 0xff, 0xff, 0xf4, 0xe, 0xff, 0x50, 0x0,
    0xf, 0xff, 0xff, 0xff, 0x30, 0xcf, 0xf7, 0x0,
    0x0, 0x0, 0x0, 0xdf, 0xf2, 0x8, 0xff, 0xc0,
    0x0, 0xf, 0xff, 0xff, 0xff, 0xf8, 0x3f, 0xff,
    0x50, 0x0, 0xab, 0xbf, 0xff, 0xfb, 0x50, 0xaf,
    0xff, 0x50, 0x0, 0x6, 0xff, 0xf4, 0x0, 0x1,
    0xdf, 0xff, 0xeb, 0xbe, 0xff, 0xfa, 0x0, 0x0,
    0x1, 0xcf, 0xff, 0xff, 0xff, 0xf9, 0x0, 0x0,
    0x0, 0x0, 0x5a, 0xef, 0xfd, 0x93, 0x0, 0x0,
    0x0,

    /* U+01E5 "ǥ" */
    0x0, 0x2, 0xae, 0xfd, 0x70, 0xcf, 0xf3, 0x0,
    0x4, 0xff, 0xff, 0xff, 0xac, 0xff, 0x30, 0x1,
    0xff, 0xfd, 0x77, 0xcf, 0xff, 0xf3, 0x0, 0x9f,
    0xfd, 0x0, 0x0, 0xaf, 0xff, 0x30, 0xd, 0xff,
    0x60, 0x0, 0x1, 0xff, 0xf3, 0x0, 0xff, 0xf3,
    0x9, 0xff, 0xff, 0xff, 0xfb, 0xf, 0xff, 0x20,
    0xaf, 0xff, 0xff, 0xff, 0xc0, 0xef, 0xf4, 0x0,
    0x0, 0x1f, 0xff, 0x30, 0xb, 0xff, 0xb0, 0x0,
    0x7, 0xff, 0xf3, 0x0, 0x4f, 0xff, 0x81, 0x16,
    0xff, 0xff, 0x30, 0x0, 0xaf, 0xff, 0xff, 0xfe,
    0xef, 0xf3, 0x0, 0x0, 0x8f, 0xff, 0xfd, 0x3e,
    0xff, 0x30, 0x0, 0x0, 0x4, 0x53, 0x0, 0xff,
    0xf2, 0x0, 0x6d, 0xd9, 0x0, 0x0, 0x4f, 0xfe,
    0x0, 0x2, 0xff, 0xfa, 0x55, 0x8f, 0xff, 0x80,
    0x0, 0x5, 0xff, 0xff, 0xff, 0xff, 0xa0, 0x0,
    0x0, 0x2, 0x9d, 0xff, 0xea, 0x40, 0x0, 0x0,

    /* U+01E6 "Ǧ" */
    0x0, 0x0, 0x7f, 0xc0, 0xc, 0xf7, 0x0, 0x0,
    0x0, 0x0, 0xc, 0xf8, 0x8f, 0xc0, 0x0, 0x0,
    0x0, 0x0, 0x3, 0xff, 0xff, 0x30, 0x0, 0x0,
    0x0, 0x0, 0x0, 0x58, 0x85, 0x0, 0x0, 0x0,
    0x0, 0x0, 0x0, 0x0, 0x0, 0x0, 0x0, 0x0,
    0x0, 0x0, 0x4a, 0xdf, 0xfd, 0xa4, 0x0, 0x0,
    0x0, 0xb, 0xff, 0xff, 0xff, 0xff, 0xb1, 0x0,
    0x0, 0xdf, 0xff, 0xec, 0xce, 0xff, 0xfc, 0x0,
    0x9, 0xff, 0xf6, 0x0, 0x0, 0x5f, 0xff, 0x60,
    0x2f, 0xff, 0x60, 0x0, 0x0, 0x7, 0xff, 0xd0,
    0x7f, 0xfd, 0x0, 0x0, 0x0, 0x1, 0x99, 0x91,
    0xcf, 0xf8, 0x0, 0x0, 0x0, 0x0, 0x0, 0x0,
    0xdf, 0xf5, 0x0, 0x0, 0x0, 0x0, 0x0, 0x0,
    0xff, 0xf4, 0x0, 0x0, 0xff, 0xff, 0xff, 0xf4,
    0xef, 0xf5, 0x0, 0x0, 0xff, 0xff, 0xff, 0xf4,
    0xcf, 0xf7, 0x0, 0x0, 0x66, 0x66, 0xef, 0xf4,
    0x8f, 0xfc, 0x0, 0x0, 0x0, 0x0, 0xff, 0xf4,
    0x3f, 0xff, 0x50, 0x0, 0x0, 0x7, 0xff, 0xf4,
    0xa, 0xff, 0xf5, 0x0, 0x0, 0x6f, 0xff, 0xf4,
    0x1, 0xef, 0xff, 0xec, 0xbe, 0xff, 0xde, 0xf4,
    0x0, 0x1c, 0xff, 0xff, 0xff, 0xfd, 0x2d, 0xf4,
    0x0, 0x0, 0x5b, 0xef, 0xfc, 0x70, 0xc, 0xf4,

    /* U+01E7 "ǧ" */
    0x0, 0x3, 0x86, 0x0, 0x38, 0x60, 0x0, 0x0,
    0x0, 0xef, 0x61, 0xef, 0x50, 0x0, 0x0, 0x0,
    0x4f, 0xfd, 0xfb, 0x0, 0x0, 0x0, 0x0, 0xa,
    0xff, 0xf2, 0x0, 0x0, 0x0, 0x0, 0x0, 0x0,
    0x0, 0x0, 0x0, 0x0, 0x2, 0xae, 0xfd, 0x70,
    0xcf, 0xf3, 0x0, 0x4f, 0xff, 0xff, 0xfa, 0xcf,
    0xf3, 0x1, 0xff, 0xfd, 0x77, 0xcf, 0xff, 0xf3,
    0x9, 0xff, 0xd0, 0x0, 0xa, 0xff, 0xf3, 0xd,
    0xff, 0x60, 0x0, 0x1, 0xff, 0xf3, 0xf, 0xff,
    0x30, 0x0, 0x0, 0xef, 0xf3, 0xf, 0xff, 0x20,
    0x0, 0x0, 0xef, 0xf3, 0xe, 0xff, 0x40, 0x0,
    0x1, 0xff, 0xf3, 0xb, 0xff, 0xb0, 0x0, 0x7,
    0xff, 0xf3, 0x4, 0xff, 0xf8, 0x11, 0x6f, 0xff,
    0xf3, 0x0, 0xaf, 0xff, 0xff, 0xfe, 0xef, 0xf3,
    0x0, 0x8, 0xff, 0xff, 0xd3, 0xef, 0xf3, 0x0,
    0x0, 0x4, 0x53, 0x0, 0xff, 0xf2, 0x6, 0xdd,
    0x90, 0x0, 0x4, 0xff, 0xe0, 0x2, 0xff, 0xfa,
    0x55, 0x8f, 0xff, 0x80, 0x0, 0x5f, 0xff, 0xff,
    0xff, 0xfa, 0x0, 0x0, 0x2, 0x9d, 0xff, 0xea,
    0x40, 0x0,

    /* U+01E8 "Ǩ" */
    0x0, 0x4, 0xfe, 0x10, 0xaf, 0xa0, 0x0, 0x0,
    0x0, 0xa, 0xfb, 0x6f, 0xe1, 0x0, 0x0, 0x0,
    0x0, 0x1e, 0xff, 0xf5, 0x0, 0x0, 0x0, 0x0,
    0x0, 0x48, 0x86, 0x0, 0x0, 0x0, 0x0, 0x0,
    0x0, 0x0, 0x0, 0x0, 0x0, 0x1, 0xff, 0xf0,
    0x0, 0x0, 0xb, 0xff, 0xe1, 0x1f, 0xff, 0x0,
    0x0, 0x9, 0xff, 0xf2, 0x1, 0xff, 0xf0, 0x0,
    0x6, 0xff, 0xf4, 0x0, 0x1f, 0xff, 0x0, 0x4,
    0xff, 0xf6, 0x0, 0x1, 0xff, 0xf0, 0x3, 0xff,
    0xf9, 0x0, 0x0, 0x1f, 0xff, 0x1, 0xef, 0xfb,
    0x0, 0x0, 0x1, 0xff, 0xf1, 0xdf, 0xfc, 0x0,
    0x0, 0x0, 0x1f, 0xff, 0xcf, 0xff, 0x30, 0x0,
    0x0, 0x1, 0xff, 0xff, 0xff, 0xfc, 0x0, 0x0,
    0x0, 0x1f, 0xff, 0xfe, 0xff, 0xf7, 0x0, 0x0,
    0x1, 0xff, 0xff, 0x36, 0xff, 0xf3, 0x0, 0x0,
    0x1f, 0xff, 0x40, 0xa, 0xff, 0xd0, 0x0, 0x1,
    0xff, 0xf0, 0x0, 0x1e, 0xff, 0x90, 0x0, 0x1f,
    0xff, 0x0, 0x0, 0x4f, 0xff, 0x50, 0x1, 0xff,
    0xf0, 0x0, 0x0, 0x8f, 0xfe, 0x10, 0x1f, 0xff,
    0x0, 0x0, 0x0, 0xcf, 0xfb, 0x1, 0xff, 0xf0,
    0x0, 0x0, 0x2, 0xff, 0xf7,

    /* U+01E9 "ǩ" */
    0x4f, 0xe1, 0x9, 0xfb, 0x0, 0x0, 0x0, 0x0,
    0x9f, 0xb5, 0xff, 0x10, 0x0, 0x0, 0x0, 0x1,
    0xef, 0xff, 0x60, 0x0, 0x0, 0x0, 0x0, 0x3,
    0x88, 0x70, 0x0, 0x0, 0x0, 0x0, 0x0, 0x5f,
    0xfc, 0x0, 0x0, 0x0, 0x0, 0x0, 0x5, 0xff,
    0xc0, 0x0, 0x0, 0x0, 0x0, 0x0, 0x5f, 0xfc,
    0x0, 0x0, 0x0, 0x0, 0x0, 0x5, 0xff, 0xc0,
    0x0, 0x0, 0x0, 0x0, 0x0, 0x5f, 0xfc, 0x0,
    0x0, 0x6f, 0xff, 0x50, 0x5, 0xff, 0xc0, 0x0,
    0x5f, 0xff, 0x60, 0x0, 0x5f, 0xfc, 0x0, 0x4f,
    0xff, 0x70, 0x0, 0x5, 0xff, 0xc0, 0x2f, 0xff,
    0x80, 0x0, 0x0, 0x5f, 0xfc, 0x2e, 0xff, 0x90,
    0x0, 0x0, 0x5, 0xff, 0xdd, 0xff, 0xf0, 0x0,
    0x0, 0x0, 0x5f, 0xff, 0xff, 0xff, 0x80, 0x0,
    0x0, 0x5, 0xff, 0xff, 0x9f, 0xff, 0x30, 0x0,
    0x0, 0x5f, 0xff, 0x90, 0x6f, 0xfd, 0x0, 0x0,
    0x5, 0xff, 0xd0, 0x0, 0xcf, 0xf9, 0x0, 0x0,
    0x5f, 0xfc, 0x0, 0x2, 0xff, 0xf4, 0x0, 0x5,
    0xff, 0xc0, 0x0, 0x7, 0xff, 0xe0, 0x0, 0x5f,
    0xfc, 0x0, 0x0, 0xc, 0xff, 0xa0,

    /* U+01EA "Ǫ" */
    0x0, 0x0, 0x18, 0xce, 0xfe, 0xb6, 0x0, 0x0,
    0x0, 0x0, 0x7f, 0xff, 0xff, 0xff, 0xfd, 0x30,
    0x0, 0x0, 0x8f, 0xfb, 0x41, 0x2, 0x6e, 0xff,
    0x30, 0x0, 0x5f, 0xf7, 0x0, 0x0, 0x0, 0x1c,
    0xfe, 0x10, 0xd, 0xfa, 0x0, 0x0, 0x0, 0x0,
    0x1e, 0xf8, 0x4, 0xff, 0x20, 0x0, 0x0, 0x0,
    0x0, 0x7f, 0xf0, 0x8f, 0xc0, 0x0, 0x0, 0x0,
    0x0, 0x2, 0xff, 0x3b, 0xf9, 0x0, 0x0, 0x0,
    0x0, 0x0, 0xe, 0xf6, 0xdf, 0x80, 0x0, 0x0,
    0x0, 0x0, 0x0, 0xdf, 0x8d, 0xf8, 0x0, 0x0,
    0x0, 0x0, 0x0, 0xc, 0xf8, 0xcf, 0x90, 0x0,
    0x0, 0x0, 0x0, 0x0, 0xef, 0x7a, 0xfc, 0x0,
    0x0, 0x0, 0x0, 0x0, 0x1f, 0xf4, 0x5f, 0xf1,
    0x0, 0x0, 0x0, 0x0, 0x6, 0xff, 0x10, 0xef,
    0x90, 0x0, 0x0, 0x0, 0x0, 0xdf, 0xa0, 0x6,
    0xff, 0x50, 0x0, 0x0, 0x0, 0xaf, 0xf2, 0x0,
    0xa, 0xff, 0x92, 0x0, 0x4, 0xcf, 0xf6, 0x0,
    0x0, 0x9, 0xff, 0xff, 0xef, 0xff, 0xf6, 0x0,
    0x0, 0x0, 0x4, 0xaf, 0xff, 0xfd, 0x82, 0x0,
    0x0, 0x0, 0x0, 0x0, 0xa, 0xc0, 0x0, 0x0,
    0x0, 0x0, 0x0, 0x0, 0x0, 0xca, 0x0, 0x0,
    0x0, 0x0, 0x0, 0x0, 0x0, 0xd, 0xd0, 0x0,
    0x0, 0x0, 0x0, 0x0, 0x0, 0x0, 0x9f, 0xda,
    0xd4, 0x0, 0x0, 0x0, 0x0, 0x0, 0x1, 0xaf,
    0xe9, 0x10, 0x0, 0x0,

    /* U+01EB "ǫ" */
    0x0, 0x2, 0xae, 0xfe, 0xb4, 0x0, 0x0, 0x5,
    0xff, 0xec, 0xef, 0xf9, 0x0, 0x2, 0xff, 0x80,
    0x0, 0x5f, 0xf6, 0x0, 0xaf, 0xb0, 0x0, 0x0,
    0x7f, 0xe0, 0xf, 0xf4, 0x0, 0x0, 0x1, 0xff,
    0x32, 0xff, 0x10, 0x0, 0x0, 0xd, 0xf6, 0x2f,
    0xf0, 0x0, 0x0, 0x0, 0xbf, 0x62, 0xff, 0x10,
    0x0, 0x0, 0xd, 0xf6, 0xf, 0xf3, 0x0, 0x0,
    0x0, 0xff, 0x30, 0xbf, 0xa0, 0x0, 0x0, 0x6f,
    0xf0, 0x4, 0xff, 0x50, 0x0, 0x2e, 0xf8, 0x0,
    0x8, 0xff, 0xc9, 0xbf, 0xfc, 0x0, 0x0, 0x5,
    0xdf, 0xff, 0xe7, 0x0, 0x0, 0x0, 0x0, 0x3f,
    0x40, 0x0, 0x0, 0x0, 0x0, 0x5, 0xf1, 0x0,
    0x0, 0x0, 0x0, 0x0, 0x6f, 0x40, 0x0, 0x0,
    0x0, 0x0, 0x3, 0xff, 0xab, 0xa0, 0x0, 0x0,
    0x0, 0x6, 0xef, 0xb4, 0x0,

    /* U+01EC "Ǭ" */
    0x0, 0x0, 0x6f, 0xff, 0xff, 0xfe, 0x0, 0x0,
    0x0, 0x0, 0x5, 0xcc, 0xcc, 0xcc, 0xb0, 0x0,
    0x0, 0x0, 0x0, 0x0, 0x0, 0x0, 0x0, 0x0,
    0x0, 0x0, 0x0, 0x1, 0x8c, 0xef, 0xeb, 0x60,
    0x0, 0x0, 0x0, 0x7, 0xff, 0xff, 0xff, 0xff,
    0xd3, 0x0, 0x0, 0x8, 0xff, 0xb4, 0x10, 0x26,
    0xef, 0xf3, 0x0, 0x5, 0xff, 0x70, 0x0, 0x0,
    0x1, 0xcf, 0xe1, 0x0, 0xdf, 0xa0, 0x0, 0x0,
    0x0, 0x1, 0xef, 0x80, 0x4f, 0xf2, 0x0, 0x0,
    0x0, 0x0, 0x7, 0xff, 0x8, 0xfc, 0x0, 0x0,
    0x0, 0x0, 0x0, 0x2f, 0xf3, 0xbf, 0x90, 0x0,
    0x0, 0x0, 0x0, 0x0, 0xef, 0x6d, 0xf8, 0x0,
    0x0, 0x0, 0x0, 0x0, 0xd, 0xf8, 0xdf, 0x80,
    0x0, 0x0, 0x0, 0x0, 0x0, 0xcf, 0x8c, 0xf9,
    0x0, 0x0, 0x0, 0x0, 0x0, 0xe, 0xf7, 0xaf,
    0xc0, 0x0, 0x0, 0x0, 0x0, 0x1, 0xff, 0x45,
    0xff, 0x10, 0x0, 0x0, 0x0, 0x0, 0x6f, 0xf1,
    0xe, 0xf9, 0x0, 0x0, 0x0, 0x0, 0xd, 0xfa,
    0x0, 0x6f, 0xf5, 0x0, 0x0, 0x0, 0xa, 0xff,
    0x20, 0x0, 0xaf, 0xf9, 0x20, 0x0, 0x4c, 0xff,
    0x60, 0x0, 0x0, 0x9f, 0xff, 0xfe, 0xff, 0xff,
    0x60, 0x0, 0x0, 0x0, 0x4a, 0xff, 0xff, 0xd8,
    0x20, 0x0, 0x0, 0x0, 0x0, 0x0, 0xac, 0x0,
    0x0, 0x0, 0x0, 0x0, 0x0, 0x0, 0xc, 0xa0,
    0x0, 0x0, 0x0, 0x0, 0x0, 0x0, 0x0, 0xdd,
    0x0, 0x0, 0x0, 0x0, 0x0, 0x0, 0x0, 0x9,
    0xfd, 0xad, 0x40, 0x0, 0x0, 0x0, 0x0, 0x0,
    0x1a, 0xfe, 0x91, 0x0, 0x0,

    /* U+01ED "ǭ" */
    0x0, 0x4f, 0xff, 0xff, 0xff, 0x0, 0x0, 0x3,
    0xcc, 0xcc, 0xcc, 0xc0, 0x0, 0x0, 0x0, 0x0,
    0x0, 0x0, 0x0, 0x0, 0x0, 0x0, 0x0, 0x0,
    0x0, 0x0, 0x0, 0x0, 0x0, 0x0, 0x0, 0x0,
    0x0, 0x0, 0x2a, 0xef, 0xeb, 0x40, 0x0, 0x0,
    0x5f, 0xfe, 0xce, 0xff, 0x90, 0x0, 0x2f, 0xf8,
    0x0, 0x5, 0xff, 0x60, 0xa, 0xfb, 0x0, 0x0,
    0x7, 0xfe, 0x0, 0xff, 0x40, 0x0, 0x0, 0x1f,
    0xf3, 0x2f, 0xf1, 0x0, 0x0, 0x0, 0xdf, 0x62,
    0xff, 0x0, 0x0, 0x0, 0xb, 0xf6, 0x2f, 0xf1,
    0x0, 0x0, 0x0, 0xdf, 0x60, 0xff, 0x30, 0x0,
    0x0, 0xf, 0xf3, 0xb, 0xfa, 0x0, 0x0, 0x6,
    0xff, 0x0, 0x4f, 0xf5, 0x0, 0x2, 0xef, 0x80,
    0x0, 0x8f, 0xfc, 0x9b, 0xff, 0xc0, 0x0, 0x0,
    0x5d, 0xff, 0xfe, 0x70, 0x0, 0x0, 0x0, 0x3,
    0xf4, 0x0, 0x0, 0x0, 0x0, 0x0, 0x5f, 0x10,
    0x0, 0x0, 0x0, 0x0, 0x6, 0xf4, 0x0, 0x0,
    0x0, 0x0, 0x0, 0x3f, 0xfa, 0xba, 0x0, 0x0,
    0x0, 0x0, 0x6e, 0xfb, 0x40, 0x0,

    /* U+01EE "Ǯ" */
    0x1, 0xef, 0x50, 0xaf, 0xb0, 0x0, 0x3, 0xfe,
    0x5f, 0xe1, 0x0, 0x0, 0x7, 0xff, 0xf4, 0x0,
    0x0, 0x0, 0x7, 0x85, 0x0, 0x0, 0x6f, 0xff,
    0xff, 0xff, 0xff, 0x66, 0xff, 0xff, 0xff, 0xff,
    0xf5, 0x1, 0x11, 0x11, 0x1a, 0xfb, 0x0, 0x0,
    0x0, 0x5, 0xfd, 0x0, 0x0, 0x0, 0x2, 0xfe,
    0x20, 0x0, 0x0, 0x0, 0xdf, 0x40, 0x0, 0x0,
    0x0, 0xbf, 0x60, 0x0, 0x0, 0x0, 0x2f, 0xfd,
    0x81, 0x0, 0x0, 0x4, 0xde, 0xff, 0xe3, 0x0,
    0x0, 0x0, 0x2, 0xcf, 0xe1, 0x0, 0x0, 0x0,
    0x1, 0xef, 0x70, 0x0, 0x0, 0x0, 0x8, 0xfb,
    0x0, 0x0, 0x0, 0x0, 0x6f, 0xc7, 0xb3, 0x0,
    0x0, 0x8, 0xfa, 0x9f, 0x90, 0x0, 0x0, 0xef,
    0x63, 0xff, 0x50, 0x1, 0xbf, 0xd0, 0x7, 0xff,
    0xed, 0xff, 0xe2, 0x0, 0x4, 0xbe, 0xfd, 0x81,
    0x0,

    /* U+01EF "ǯ" */
    0x0, 0xdf, 0x70, 0x9f, 0xb0, 0x0, 0x2, 0xef,
    0x6f, 0xe1, 0x0, 0x0, 0x4, 0xff, 0xf3, 0x0,
    0x0, 0x0, 0x2, 0x42, 0x0, 0x0, 0x0, 0x0,
    0x0, 0x0, 0x0, 0x6, 0xff, 0xff, 0xff, 0xff,
    0xf6, 0x6f, 0xff, 0xff, 0xff, 0xff, 0x50, 0x11,
    0x11, 0x11, 0xaf, 0xa0, 0x0, 0x0, 0x0, 0x5f,
    0xd0, 0x0, 0x0, 0x0, 0x3f, 0xe2, 0x0, 0x0,
    0x0, 0x1d, 0xf4, 0x0, 0x0, 0x0, 0xb, 0xf6,
    0x0, 0x0, 0x0, 0x2, 0xff, 0xd8, 0x10, 0x0,
    0x0, 0x3d, 0xef, 0xfe, 0x30, 0x0, 0x0, 0x0,
    0x2c, 0xfe, 0x10, 0x0, 0x0, 0x0, 0x1e, 0xf7,
    0x0, 0x0, 0x0, 0x0, 0x8f, 0xb0, 0x0, 0x0,
    0x0, 0x6, 0xfc, 0x7b, 0x30, 0x0, 0x0, 0x8f,
    0xa9, 0xf9, 0x0, 0x0, 0xe, 0xf6, 0x3f, 0xf5,
    0x0, 0x1b, 0xfd, 0x0, 0x7f, 0xfd, 0xcf, 0xfe,
    0x20, 0x0, 0x4b, 0xef, 0xd8, 0x10, 0x0,

    /* U+01F0 "ǰ" */
    0xb, 0xf9, 0x7, 0xfd, 0x0, 0x1d, 0xf6, 0xff,
    0x20, 0x0, 0x2f, 0xff, 0x40, 0x0, 0x0, 0x24,
    0x30, 0x0, 0x0, 0x0, 0x0, 0x0, 0x0, 0x0,
    0x6f, 0xb0, 0x0, 0x0, 0x6, 0xfb, 0x0, 0x0,
    0x0, 0x6f, 0xb0, 0x0, 0x0, 0x6, 0xfb, 0x0,
    0x0, 0x0, 0x6f, 0xb0, 0x0, 0x0, 0x6, 0xfb,
    0x0, 0x0, 0x0, 0x6f, 0xb0, 0x0, 0x0, 0x6,
    0xfb, 0x0, 0x0, 0x0, 0x6f, 0xb0, 0x0, 0x0,
    0x6, 0xfb, 0x0, 0x0, 0x0, 0x6f, 0xb0, 0x0,
    0x0, 0x6, 0xfb, 0x0, 0x0, 0x0, 0x6f, 0xb0,
    0x0, 0x0, 0x6, 0xfb, 0x0, 0x0, 0x0, 0x6f,
    0xa0, 0x0, 0x0, 0xa, 0xf9, 0x0, 0x0, 0xce,
    0xff, 0x30, 0x0, 0xd, 0xfd, 0x60, 0x0, 0x0,

    /* U+01F1 "Ǳ" */
    0x1f, 0xff, 0xff, 0xff, 0xed, 0x82, 0x0, 0x0,
    0x6, 0xff, 0xff, 0xff, 0xff, 0xff, 0xfe, 0x1,
    0xff, 0xff, 0xff, 0xff, 0xff, 0xf5, 0x0, 0x0,
    0x6f, 0xff, 0xff, 0xff, 0xff, 0xff, 0xe0, 0x1f,
    0xf4, 0x11, 0x11, 0x26, 0xdf, 0xf4, 0x0, 0x0,
    0x11, 0x11, 0x11, 0x11, 0x4f, 0xf9, 0x1, 0xff,
    0x30, 0x0, 0x0, 0x0, 0xcf, 0xd0, 0x0, 0x0,
    0x0, 0x0, 0x0, 0x1e, 0xfc, 0x0, 0x1f, 0xf3,
    0x0, 0x0, 0x0, 0x2, 0xff, 0x50, 0x0, 0x0,
    0x0, 0x0, 0xb, 0xfe, 0x20, 0x1, 0xff, 0x30,
    0x0, 0x0, 0x0, 0xa, 0xfb, 0x0, 0x0, 0x0,
    0x0, 0x8, 0xff, 0x40, 0x0, 0x1f, 0xf3, 0x0,
    0x0, 0x0, 0x0, 0x7f, 0xe0, 0x0, 0x0, 0x0,
    0x4, 0xff, 0x80, 0x0, 0x1, 0xff, 0x30, 0x0,
    0x0, 0x0, 0x5, 0xff, 0x0, 0x0, 0x0, 0x1,
    0xef, 0xb0, 0x0, 0x0, 0x1f, 0xf3, 0x0, 0x0,
    0x0, 0x0, 0x4f, 0xf1, 0x0, 0x0, 0x0, 0xcf,
    0xe1, 0x0, 0x0, 0x1, 0xff, 0x30, 0x0, 0x0,
    0x0, 0x4, 0xff, 0x10, 0x0, 0x0, 0x8f, 0xf3,
    0x0, 0x0, 0x0, 0x1f, 0xf3, 0x0, 0x0, 0x0,
    0x0, 0x5f, 0xf0, 0x0, 0x0, 0x5f, 0xf7, 0x0,
    0x0, 0x0, 0x1, 0xff, 0x30, 0x0, 0x0, 0x0,
    0x7, 0xfd, 0x0, 0x0, 0x2e, 0xfa, 0x0, 0x0,
    0x0, 0x0, 0x1f, 0xf3, 0x0, 0x0, 0x0, 0x0,
    0xbf, 0xa0, 0x0, 0xc, 0xfd, 0x0, 0x0, 0x0,
    0x0, 0x1, 0xff, 0x30, 0x0, 0x0, 0x0, 0x2f,
    0xf5, 0x0, 0x9, 0xff, 0x20, 0x0, 0x0, 0x0,
    0x0, 0x1f, 0xf3, 0x0, 0x0, 0x0, 0x1c, 0xfd,
    0x0, 0x5, 0xff, 0x50, 0x0, 0x0, 0x0, 0x0,
    0x1, 0xff, 0x41, 0x11, 0x23, 0x6e, 0xff, 0x30,
    0x2, 0xff, 0xa1, 0x11, 0x11, 0x11, 0x11, 0x10,
    0x1f, 0xff, 0xff, 0xff, 0xff, 0xfe, 0x40, 0x0,
    0x5f, 0xff, 0xff, 0xff, 0xff, 0xff, 0xff, 0x31,
    0xff, 0xff, 0xff, 0xfe, 0xb7, 0x10, 0x0, 0x5,
    0xff, 0xff, 0xff, 0xff, 0xff, 0xff, 0xf3,

    /* U+01F2 "ǲ" */
    0x1f, 0xff, 0xff, 0xff, 0xed, 0x82, 0x0, 0x0,
    0x0, 0x0, 0x0, 0x0, 0x0, 0x0, 0x1f, 0xff,
    0xff, 0xff, 0xff, 0xff, 0x50, 0x0, 0x0, 0x0,
    0x0, 0x0, 0x0, 0x0, 0x1f, 0xf4, 0x11, 0x11,
    0x26, 0xdf, 0xf4, 0x0, 0x0, 0x0, 0x0, 0x0,
    0x0, 0x0, 0x1f, 0xf3, 0x0, 0x0, 0x0, 0xc,
    0xfd, 0x0, 0x0, 0x0, 0x0, 0x0, 0x0, 0x0,
    0x1f, 0xf3, 0x0, 0x0, 0x0, 0x2, 0xff, 0x50,
    0x0, 0x0, 0x0, 0x0, 0x0, 0x0, 0x1f, 0xf3,
    0x0, 0x0, 0x0, 0x0, 0xaf, 0xb0, 0xc, 0xff,
    0xff, 0xff, 0xff, 0xf6, 0x1f, 0xf3, 0x0, 0x0,
    0x0, 0x0, 0x7f, 0xe0, 0x8, 0xbb, 0xbb, 0xbb,
    0xdf, 0xf4, 0x1f, 0xf3, 0x0, 0x0, 0x0, 0x0,
    0x5f, 0xf0, 0x0, 0x0, 0x0, 0x1, 0xdf, 0x80,
    0x1f, 0xf3, 0x0, 0x0, 0x0, 0x0, 0x4f, 0xf1,
    0x0, 0x0, 0x0, 0xb, 0xfb, 0x0, 0x1f, 0xf3,
    0x0, 0x0, 0x0, 0x0, 0x4f, 0xf1, 0x0, 0x0,
    0x0, 0x9f, 0xd0, 0x0, 0x1f, 0xf3, 0x0, 0x0,
    0x0, 0x0, 0x5f, 0xf0, 0x0, 0x0, 0x6, 0xff,
    0x20, 0x0, 0x1f, 0xf3, 0x0, 0x0, 0x0, 0x0,
    0x7f, 0xd0, 0x0, 0x0, 0x4f, 0xf4, 0x0, 0x0,
    0x1f, 0xf3, 0x0, 0x0, 0x0, 0x0, 0xbf, 0xa0,
    0x0, 0x2, 0xff, 0x70, 0x0, 0x0, 0x1f, 0xf3,
    0x0, 0x0, 0x0, 0x2, 0xff, 0x50, 0x0, 0x1d,
    0xfa, 0x0, 0x0, 0x0, 0x1f, 0xf3, 0x0, 0x0,
    0x0, 0x1c, 0xfd, 0x0, 0x0, 0xbf, 0xd0, 0x0,
    0x0, 0x0, 0x1f, 0xf4, 0x11, 0x12, 0x36, 0xef,
    0xf3, 0x0, 0x9, 0xfe, 0x20, 0x0, 0x0, 0x0,
    0x1f, 0xff, 0xff, 0xff, 0xff, 0xfe, 0x40, 0x0,
    0x3f, 0xfe, 0xdd, 0xdd, 0xdd, 0xda, 0x1f, 0xff,
    0xff, 0xff, 0xeb, 0x71, 0x0, 0x0, 0x3f, 0xff,
    0xff, 0xff, 0xff, 0xfc,

    /* U+01F3 "ǳ" */
    0x0, 0x0, 0x0, 0x0, 0x7, 0xfa, 0x0, 0x0,
    0x0, 0x0, 0x0, 0x0, 0x0, 0x0, 0x0, 0x0,
    0x0, 0x7f, 0xa0, 0x0, 0x0, 0x0, 0x0, 0x0,
    0x0, 0x0, 0x0, 0x0, 0x0, 0x7, 0xfa, 0x0,
    0x0, 0x0, 0x0, 0x0, 0x0, 0x0, 0x0, 0x0,
    0x0, 0x0, 0x7f, 0xa0, 0x0, 0x0, 0x0, 0x0,
    0x0, 0x0, 0x0, 0x0, 0x0, 0x0, 0x7, 0xfa,
    0x0, 0x0, 0x0, 0x0, 0x0, 0x0, 0x0, 0x0,
    0x4b, 0xff, 0xc4, 0x7f, 0xa0, 0xc, 0xff, 0xff,
    0xff, 0xff, 0xf6, 0x0, 0x6f, 0xfe, 0xcf, 0xfb,
    0xfa, 0x0, 0x8b, 0xbb, 0xbb, 0xbd, 0xff, 0x60,
    0x2f, 0xf6, 0x0, 0xa, 0xff, 0xa0, 0x0, 0x0,
    0x0, 0x1, 0xdf, 0xb0, 0xa, 0xfa, 0x0, 0x0,
    0xe, 0xfa, 0x0, 0x0, 0x0, 0x0, 0xbf, 0xd0,
    0x0, 0xef, 0x40, 0x0, 0x0, 0x9f, 0xa0, 0x0,
    0x0, 0x0, 0x9f, 0xe2, 0x0, 0xf, 0xf2, 0x0,
    0x0, 0x6, 0xfa, 0x0, 0x0, 0x0, 0x7f, 0xf4,
    0x0, 0x1, 0xff, 0x0, 0x0, 0x0, 0x4f, 0xa0,
    0x0, 0x0, 0x4f, 0xf6, 0x0, 0x0, 0xf, 0xf1,
    0x0, 0x0, 0x5, 0xfa, 0x0, 0x0, 0x2f, 0xf9,
    0x0, 0x0, 0x0, 0xef, 0x40, 0x0, 0x0, 0x7f,
    0xa0, 0x0, 0x1d, 0xfb, 0x0, 0x0, 0x0, 0x9,
    0xfb, 0x0, 0x0, 0xd, 0xfa, 0x0, 0xc, 0xfd,
    0x10, 0x0, 0x0, 0x0, 0x1f, 0xf8, 0x0, 0xa,
    0xff, 0xa0, 0xa, 0xfe, 0x20, 0x0, 0x0, 0x0,
    0x0, 0x4f, 0xfe, 0xcf, 0xfb, 0xfa, 0x3, 0xff,
    0xed, 0xdd, 0xdd, 0xdd, 0xa0, 0x0, 0x2a, 0xef,
    0xc5, 0x5f, 0xa0, 0x3f, 0xff, 0xff, 0xff, 0xff,
    0xfd,

    /* U+01F4 "Ǵ" */
    0x0, 0x0, 0x0, 0x0, 0x36, 0x61, 0x0, 0x0,
    0x0, 0x0, 0x0, 0x0, 0xd, 0xfa, 0x0, 0x0,
    0x0, 0x0, 0x0, 0x0, 0x4, 0xfd, 0x0, 0x0,
    0x0, 0x0, 0x0, 0x0, 0x0, 0xcf, 0x20, 0x0,
    0x0, 0x0, 0x0, 0x0, 0x0, 0x0, 0x0, 0x0,
    0x0, 0x0, 0x0, 0x0, 0x1, 0x7b, 0xef, 0xfd,
    0xa4, 0x0, 0x0, 0x0, 0x4, 0xff, 0xff, 0xff,
    0xff, 0xfa, 0x0, 0x0, 0x6, 0xff, 0xd5, 0x10,
    0x13, 0xaf, 0xfa, 0x0, 0x2, 0xff, 0x90, 0x0,
    0x0, 0x0, 0x6f, 0xf4, 0x0, 0xbf, 0xc0, 0x0,
    0x0, 0x0, 0x0, 0xaf, 0xa0, 0x1f, 0xf3, 0x0,
    0x0, 0x0, 0x0, 0x3, 0x94, 0x6, 0xfe, 0x0,
    0x0, 0x0, 0x0, 0x0, 0x0, 0x0, 0x9f, 0xb0,
    0x0, 0x0, 0x0, 0x0, 0x0, 0x0, 0xb, 0xf9,
    0x0, 0x0, 0x0, 0x11, 0x11, 0x11, 0x10, 0xbf,
    0xa0, 0x0, 0x0, 0x2f, 0xff, 0xff, 0xff, 0x2a,
    0xfb, 0x0, 0x0, 0x2, 0xff, 0xff, 0xff, 0xf2,
    0x7f, 0xe0, 0x0, 0x0, 0x0, 0x0, 0x1, 0xff,
    0x23, 0xff, 0x40, 0x0, 0x0, 0x0, 0x0, 0x1f,
    0xf2, 0xc, 0xfd, 0x0, 0x0, 0x0, 0x0, 0x1,
    0xff, 0x20, 0x3f, 0xfb, 0x10, 0x0, 0x0, 0x0,
    0x9f, 0xf2, 0x0, 0x5f, 0xfe, 0x84, 0x22, 0x48,
    0xef, 0xfb, 0x0, 0x0, 0x4e, 0xff, 0xff, 0xff,
    0xff, 0xe6, 0x0, 0x0, 0x0, 0x6, 0xad, 0xff,
    0xda, 0x60, 0x0, 0x0,

    /* U+01F5 "ǵ" */
    0x0, 0x0, 0x0, 0xcf, 0xc0, 0x0, 0x0, 0x0,
    0x4, 0xfe, 0x10, 0x0, 0x0, 0x0, 0xb, 0xf4,
    0x0, 0x0, 0x0, 0x0, 0x5, 0x40, 0x0, 0x0,
    0x0, 0x0, 0x0, 0x0, 0x0, 0x0, 0x0, 0x3,
    0xbe, 0xfc, 0x52, 0xfc, 0x0, 0x6f, 0xfe, 0xcf,
    0xfa, 0xfc, 0x2, 0xff, 0x70, 0x0, 0xaf, 0xfc,
    0xa, 0xfb, 0x0, 0x0, 0xd, 0xfc, 0xe, 0xf4,
    0x0, 0x0, 0x6, 0xfc, 0x1f, 0xf1, 0x0, 0x0,
    0x3, 0xfc, 0x2f, 0xf0, 0x0, 0x0, 0x3, 0xfc,
    0x1f, 0xf0, 0x0, 0x0, 0x3, 0xfc, 0xe, 0xf3,
    0x0, 0x0, 0x6, 0xfc, 0xa, 0xf9, 0x0, 0x0,
    0xc, 0xfc, 0x2, 0xff, 0x70, 0x0, 0x9f, 0xfc,
    0x0, 0x6f, 0xfe, 0xcf, 0xfc, 0xfc, 0x0, 0x3,
    0xbe, 0xfc, 0x56, 0xfb, 0x0, 0x0, 0x0, 0x0,
    0x7, 0xfa, 0xa, 0xc4, 0x0, 0x0, 0xb, 0xf7,
    0x7, 0xfd, 0x10, 0x0, 0x7f, 0xf1, 0x1, 0xdf,
    0xfd, 0xce, 0xff, 0x50, 0x0, 0x7, 0xce, 0xfd,
    0x92, 0x0,

    /* U+01FA "Ǻ" */
    0x0, 0x0, 0x0, 0x0, 0x5, 0x53, 0x0, 0x0,
    0x0, 0x0, 0x0, 0x0, 0x0, 0x7f, 0xf2, 0x0,
    0x0, 0x0, 0x0, 0x0, 0x0, 0x0, 0xef, 0x50,
    0x0, 0x0, 0x0, 0x0, 0x0, 0x0, 0x5, 0xf8,
    0x0, 0x0, 0x0, 0x0, 0x0, 0x0, 0x0, 0x0,
    0x0, 0x0, 0x0, 0x0, 0x0, 0x0, 0x0, 0x0,
    0x6, 0xdc, 0x20, 0x0, 0x0, 0x0, 0x0, 0x0,
    0x0, 0x2c, 0x2, 0xb0, 0x0, 0x0, 0x0, 0x0,
    0x0, 0x0, 0x3c, 0x13, 0xd0, 0x0, 0x0, 0x0,
    0x0, 0x0, 0x0, 0xd, 0xff, 0x70, 0x0, 0x0,
    0x0, 0x0, 0x0, 0x0, 0xc, 0xff, 0x60, 0x0,
    0x0, 0x0, 0x0, 0x0, 0x0, 0x2f, 0xaf, 0xd0,
    0x0, 0x0, 0x0, 0x0, 0x0, 0x0, 0x8f, 0x6c,
    0xf3, 0x0, 0x0, 0x0, 0x0, 0x0, 0x0, 0xef,
    0x18, 0xf9, 0x0, 0x0, 0x0, 0x0, 0x0, 0x4,
    0xfd, 0x2, 0xff, 0x0, 0x0, 0x0, 0x0, 0x0,
    0xa, 0xf7, 0x0, 0xcf, 0x60, 0x0, 0x0, 0x0,
    0x0, 0x1f, 0xf2, 0x0, 0x7f, 0xd0, 0x0, 0x0,
    0x0, 0x0, 0x7f, 0xc0, 0x0, 0x1f, 0xf3, 0x0,
    0x0, 0x0, 0x0, 0xdf, 0x70, 0x0, 0xc, 0xf9,
    0x0, 0x0, 0x0, 0x3, 0xff, 0x10, 0x0, 0x6,
    0xff, 0x0, 0x0, 0x0, 0x9, 0xff, 0xff, 0xff,
    0xff, 0xff, 0x60, 0x0, 0x0, 0xe, 0xfe, 0xdd,
    0xdd, 0xdd, 0xef, 0xd0, 0x0, 0x0, 0x5f, 0xf1,
    0x0, 0x0, 0x0, 0x4f, 0xf3, 0x0, 0x0, 0xbf,
    0xa0, 0x0, 0x0, 0x0, 0xe, 0xfa, 0x0, 0x1,
    0xff, 0x40, 0x0, 0x0, 0x0, 0x8, 0xff, 0x10,
    0x7, 0xfe, 0x0, 0x0, 0x0, 0x0, 0x2, 0xff,
    0x60, 0xd, 0xf8, 0x0, 0x0, 0x0, 0x0, 0x0,
    0xbf, 0xd0,

    /* U+01FB "ǻ" */
    0x0, 0x0, 0x0, 0x5, 0x53, 0x0, 0x0, 0x0,
    0x0, 0x7, 0xfe, 0x10, 0x0, 0x0, 0x0, 0x0,
    0xef, 0x40, 0x0, 0x0, 0x0, 0x0, 0x6f, 0x70,
    0x0, 0x0, 0x0, 0x0, 0x0, 0x0, 0x0, 0x0,
    0x0, 0x0, 0x0, 0x7d, 0xa1, 0x0, 0x0, 0x0,
    0x0, 0x3c, 0x7, 0x80, 0x0, 0x0, 0x0, 0x6,
    0x70, 0x1c, 0x0, 0x0, 0x0, 0x0, 0x3c, 0x6,
    0x90, 0x0, 0x0, 0x0, 0x0, 0x7d, 0xb1, 0x0,
    0x0, 0x0, 0x0, 0x0, 0x0, 0x0, 0x0, 0x0,
    0x0, 0x4a, 0xef, 0xfd, 0x91, 0x0, 0x0, 0x8f,
    0xfe, 0xcd, 0xff, 0xe1, 0x0, 0x4f, 0xf4, 0x0,
    0x2, 0xef, 0x70, 0x8, 0xf9, 0x0, 0x0, 0x8,
    0xfa, 0x0, 0x0, 0x0, 0x0, 0x0, 0x7f, 0xb0,
    0x0, 0x0, 0x36, 0x8b, 0xdf, 0xfb, 0x0, 0x7,
    0xef, 0xff, 0xfc, 0xbf, 0xb0, 0x7, 0xff, 0xa6,
    0x30, 0x6, 0xfb, 0x0, 0xef, 0x70, 0x0, 0x0,
    0x8f, 0xb0, 0xf, 0xf3, 0x0, 0x0, 0xe, 0xfb,
    0x0, 0xef, 0xa0, 0x0, 0x2b, 0xff, 0xb0, 0x6,
    0xff, 0xeb, 0xdf, 0xf8, 0xfd, 0x0, 0x4, 0xbe,
    0xfd, 0x81, 0xf, 0xf2,

    /* U+01FC "Ǽ" */
    0x0, 0x0, 0x0, 0x0, 0x0, 0x0, 0x0, 0x6f,
    0xf3, 0x0, 0x0, 0x0, 0x0, 0x0, 0x0, 0x0,
    0x0, 0x0, 0xd, 0xf7, 0x0, 0x0, 0x0, 0x0,
    0x0, 0x0, 0x0, 0x0, 0x0, 0x4, 0xfa, 0x0,
    0x0, 0x0, 0x0, 0x0, 0x0, 0x0, 0x0, 0x0,
    0x0, 0x35, 0x0, 0x0, 0x0, 0x0, 0x0, 0x0,
    0x0, 0x0, 0xef, 0xff, 0xff, 0xff, 0xff, 0xff,
    0xff, 0x60, 0x0, 0x0, 0x0, 0x6f, 0xff, 0xff,
    0xff, 0xff, 0xff, 0xff, 0xf6, 0x0, 0x0, 0x0,
    0xd, 0xf9, 0x19, 0xfb, 0x11, 0x11, 0x11, 0x11,
    0x0, 0x0, 0x0, 0x5, 0xff, 0x10, 0x8f, 0xb0,
    0x0, 0x0, 0x0, 0x0, 0x0, 0x0, 0x0, 0xcf,
    0xa0, 0x8, 0xfb, 0x0, 0x0, 0x0, 0x0, 0x0,
    0x0, 0x0, 0x4f, 0xf3, 0x0, 0x8f, 0xb0, 0x0,
    0x0, 0x0, 0x0, 0x0, 0x0, 0xb, 0xfc, 0x0,
    0x8, 0xfb, 0x0, 0x0, 0x0, 0x0, 0x0, 0x0,
    0x2, 0xff, 0x50, 0x0, 0x8f, 0xb0, 0x0, 0x0,
    0x0, 0x0, 0x0, 0x0, 0xaf, 0xd0, 0x0, 0x8,
    0xff, 0xff, 0xff, 0xff, 0xfc, 0x0, 0x0, 0x1f,
    0xf6, 0x0, 0x0, 0x8f, 0xff, 0xff, 0xff, 0xff,
    0xc0, 0x0, 0x8, 0xff, 0x11, 0x11, 0x19, 0xfb,
    0x0, 0x0, 0x0, 0x0, 0x0, 0x1, 0xff, 0xff,
    0xff, 0xff, 0xff, 0xb0, 0x0, 0x0, 0x0, 0x0,
    0x0, 0x7f, 0xff, 0xff, 0xff, 0xff, 0xfb, 0x0,
    0x0, 0x0, 0x0, 0x0, 0xe, 0xf9, 0x0, 0x0,
    0x0, 0x8f, 0xb0, 0x0, 0x0, 0x0, 0x0, 0x6,
    0xff, 0x20, 0x0, 0x0, 0x8, 0xfb, 0x0, 0x0,
    0x0, 0x0, 0x0, 0xdf, 0xa0, 0x0, 0x0, 0x0,
    0x8f, 0xb1, 0x11, 0x11, 0x11, 0x10, 0x5f, 0xf2,
    0x0, 0x0, 0x0, 0x8, 0xff, 0xff, 0xff, 0xff,
    0xff, 0xac, 0xfb, 0x0, 0x0, 0x0, 0x0, 0x8f,
    0xff, 0xff, 0xff, 0xff, 0xfa,

    /* U+01FD "ǽ" */
    0x0, 0x0, 0x0, 0x0, 0x0, 0xbf, 0xd0, 0x0,
    0x0, 0x0, 0x0, 0x0, 0x0, 0x0, 0x0, 0x2f,
    0xf2, 0x0, 0x0, 0x0, 0x0, 0x0, 0x0, 0x0,
    0x0, 0xa, 0xf5, 0x0, 0x0, 0x0, 0x0, 0x0,
    0x0, 0x0, 0x0, 0x0, 0x54, 0x0, 0x0, 0x0,
    0x0, 0x0, 0x0, 0x0, 0x0, 0x0, 0x0, 0x0,
    0x0, 0x0, 0x0, 0x0, 0x0, 0x0, 0x4b, 0xdf,
    0xec, 0x70, 0x7, 0xdf, 0xec, 0x50, 0x0, 0x0,
    0x9f, 0xfd, 0xcd, 0xff, 0xbc, 0xff, 0xdd, 0xff,
    0xa0, 0x0, 0x4f, 0xe3, 0x0, 0x4, 0xff, 0xfb,
    0x10, 0x2, 0xdf, 0x60, 0x9, 0xf7, 0x0, 0x0,
    0xc, 0xfe, 0x0, 0x0, 0x3, 0xfd, 0x0, 0x0,
    0x0, 0x0, 0x0, 0xcf, 0x90, 0x0, 0x0, 0xe,
    0xf2, 0x0, 0x0, 0x47, 0xac, 0xff, 0xfd, 0xcc,
    0xcc, 0xcc, 0xff, 0x40, 0x8, 0xff, 0xff, 0xfb,
    0xdf, 0xff, 0xff, 0xff, 0xff, 0xf5, 0x8, 0xff,
    0x84, 0x20, 0xb, 0xf6, 0x0, 0x0, 0x0, 0x0,
    0x0, 0xff, 0x40, 0x0, 0x0, 0xcf, 0x80, 0x0,
    0x0, 0x5, 0x30, 0x2f, 0xf2, 0x0, 0x0, 0x2f,
    0xfd, 0x0, 0x0, 0x3, 0xff, 0x20, 0xff, 0x90,
    0x0, 0x4e, 0xfd, 0xfb, 0x10, 0x3, 0xdf, 0xa0,
    0x6, 0xff, 0xfd, 0xef, 0xe4, 0x1d, 0xff, 0xdd,
    0xff, 0xc0, 0x0, 0x5, 0xcf, 0xfd, 0x81, 0x0,
    0x7, 0xdf, 0xfc, 0x70, 0x0,

    /* U+01FE "Ǿ" */
    0x0, 0x0, 0x0, 0x0, 0x2, 0x55, 0x10, 0x0,
    0x0, 0x0, 0x0, 0x0, 0x0, 0xd, 0xfa, 0x0,
    0x0, 0x0, 0x0, 0x0, 0x0, 0x0, 0x4f, 0xd0,
    0x0, 0x0, 0x0, 0x0, 0x0, 0x0, 0x0, 0xcf,
    0x20, 0x0, 0x0, 0x0, 0x0, 0x0, 0x0, 0x0,
    0x0, 0x0, 0x0, 0x0, 0x20, 0x0, 0x0, 0x1,
    0x8c, 0xef, 0xeb, 0x60, 0x3, 0xf8, 0x0, 0x0,
    0x7f, 0xff, 0xff, 0xff, 0xfd, 0x5e, 0xe1, 0x0,
    0x9, 0xff, 0xb4, 0x10, 0x16, 0xef, 0xff, 0x30,
    0x0, 0x5f, 0xf7, 0x0, 0x0, 0x0, 0x1f, 0xff,
    0x10, 0x0, 0xef, 0x90, 0x0, 0x0, 0x0, 0xaf,
    0xff, 0x90, 0x5, 0xff, 0x10, 0x0, 0x0, 0x8,
    0xf8, 0x7f, 0xf0, 0x9, 0xfc, 0x0, 0x0, 0x0,
    0x6f, 0xa0, 0x2f, 0xf4, 0xc, 0xf9, 0x0, 0x0,
    0x4, 0xfb, 0x0, 0xf, 0xf7, 0xd, 0xf8, 0x0,
    0x0, 0x3f, 0xd1, 0x0, 0xd, 0xf8, 0xd, 0xf8,
    0x0, 0x2, 0xee, 0x10, 0x0, 0xc, 0xf8, 0xc,
    0xf9, 0x0, 0x1d, 0xf2, 0x0, 0x0, 0xe, 0xf7,
    0x9, 0xfc, 0x0, 0xcf, 0x40, 0x0, 0x0, 0x1f,
    0xf4, 0x4, 0xff, 0x2a, 0xf5, 0x0, 0x0, 0x0,
    0x6f, 0xf0, 0x0, 0xdf, 0xef, 0x70, 0x0, 0x0,
    0x1, 0xef, 0x90, 0x0, 0x4f, 0xfc, 0x0, 0x0,
    0x0, 0xb, 0xfe, 0x10, 0x0, 0x5f, 0xff, 0xb4,
    0x0, 0x16, 0xdf, 0xf4, 0x0, 0x3, 0xfc, 0x6f,
    0xff, 0xff, 0xff, 0xfd, 0x30, 0x0, 0xb, 0xd1,
    0x1, 0x7c, 0xef, 0xeb, 0x60, 0x0, 0x0, 0x0,
    0x10, 0x0, 0x0, 0x0, 0x0, 0x0, 0x0, 0x0,

    /* U+01FF "ǿ" */
    0x0, 0x0, 0x0, 0xaf, 0xe1, 0x0, 0x0, 0x0,
    0x0, 0x2f, 0xf3, 0x0, 0x0, 0x0, 0x0, 0x9,
    0xf6, 0x0, 0x0, 0x0, 0x0, 0x0, 0x55, 0x0,
    0x0, 0x0, 0x0, 0x0, 0x0, 0x0, 0x0, 0x22,
    0x0, 0x0, 0x4b, 0xef, 0xd9, 0x2c, 0xd0, 0x0,
    0x9f, 0xfe, 0xcf, 0xff, 0xf3, 0x0, 0x7f, 0xf5,
    0x0, 0xb, 0xff, 0x20, 0xe, 0xf5, 0x0, 0x2,
    0xff, 0xfa, 0x4, 0xfe, 0x0, 0x0, 0xdd, 0x5f,
    0xf0, 0x6f, 0xb0, 0x0, 0xaf, 0x21, 0xff, 0x17,
    0xfb, 0x0, 0x7f, 0x40, 0xf, 0xf2, 0x6f, 0xc0,
    0x3f, 0x80, 0x0, 0xff, 0x14, 0xff, 0x2e, 0xb0,
    0x0, 0x4f, 0xf0, 0xe, 0xfe, 0xe1, 0x0, 0xa,
    0xfb, 0x0, 0x7f, 0xf8, 0x0, 0x8, 0xff, 0x30,
    0x5, 0xff, 0xfe, 0xcf, 0xff, 0x50, 0x1, 0xea,
    0x3b, 0xef, 0xe9, 0x20, 0x0, 0x6, 0x0, 0x0,
    0x0, 0x0, 0x0, 0x0,

    /* U+0200 "Ȁ" */
    0x0, 0x0, 0x9f, 0xf0, 0xaf, 0xe0, 0x0, 0x0,
    0x0, 0x0, 0x0, 0xd, 0xf7, 0xd, 0xf6, 0x0,
    0x0, 0x0, 0x0, 0x0, 0x2, 0xfe, 0x2, 0xfd,
    0x0, 0x0, 0x0, 0x0, 0x0, 0x0, 0x36, 0x10,
    0x36, 0x10, 0x0, 0x0, 0x0, 0x0, 0x0, 0x9,
    0xff, 0x30, 0x0, 0x0, 0x0, 0x0, 0x0, 0x0,
    0xf, 0xff, 0x90, 0x0, 0x0, 0x0, 0x0, 0x0,
    0x0, 0x5f, 0xaf, 0xf0, 0x0, 0x0, 0x0, 0x0,
    0x0, 0x0, 0xbf, 0x6c, 0xf6, 0x0, 0x0, 0x0,
    0x0, 0x0, 0x1, 0xff, 0x18, 0xfc, 0x0, 0x0,
    0x0, 0x0, 0x0, 0x7, 0xfd, 0x2, 0xff, 0x20,
    0x0, 0x0, 0x0, 0x0, 0xd, 0xf7, 0x0, 0xcf,
    0x80, 0x0, 0x0, 0x0, 0x0, 0x2f, 0xf2, 0x0,
    0x7f, 0xe0, 0x0, 0x0, 0x0, 0x0, 0x8f, 0xc0,
    0x0, 0x1f, 0xf5, 0x0, 0x0, 0x0, 0x0, 0xef,
    0x70, 0x0, 0xc, 0xfb, 0x0, 0x0, 0x0, 0x4,
    0xff, 0x10, 0x0, 0x6, 0xff, 0x10, 0x0, 0x0,
    0xa, 0xff, 0xff, 0xff, 0xff, 0xff, 0x80, 0x0,
    0x0, 0xf, 0xfe, 0xdd, 0xdd, 0xdd, 0xef, 0xe0,
    0x0, 0x0, 0x6f, 0xf1, 0x0, 0x0, 0x0, 0x4f,
    0xf4, 0x0, 0x0, 0xcf, 0xa0, 0x0, 0x0, 0x0,
    0xe, 0xfa, 0x0, 0x1, 0xff, 0x40, 0x0, 0x0,
    0x0, 0x8, 0xff, 0x10, 0x7, 0xfe, 0x0, 0x0,
    0x0, 0x0, 0x2, 0xff, 0x70, 0xd, 0xf8, 0x0,
    0x0, 0x0, 0x0, 0x0, 0xbf, 0xd0,

    /* U+0201 "ȁ" */
    0x0, 0x8f, 0xf1, 0x9f, 0xf1, 0x0, 0x0, 0x0,
    0xcf, 0x80, 0xcf, 0x70, 0x0, 0x0, 0x1, 0xee,
    0x1, 0xee, 0x0, 0x0, 0x0, 0x2, 0x51, 0x3,
    0x51, 0x0, 0x0, 0x0, 0x0, 0x0, 0x0, 0x0,
    0x0, 0x0, 0x4a, 0xef, 0xfd, 0x91, 0x0, 0x0,
    0x8f, 0xfe, 0xcd, 0xff, 0xe1, 0x0, 0x4f, 0xf4,
    0x0, 0x2, 0xef, 0x70, 0x8, 0xf9, 0x0, 0x0,
    0x8, 0xfa, 0x0, 0x0, 0x0, 0x0, 0x0, 0x7f,
    0xb0, 0x0, 0x0, 0x36, 0x8b, 0xdf, 0xfb, 0x0,
    0x7, 0xef, 0xff, 0xfc, 0xbf, 0xb0, 0x7, 0xff,
    0xa6, 0x30, 0x6, 0xfb, 0x0, 0xef, 0x70, 0x0,
    0x0, 0x8f, 0xb0, 0xf, 0xf3, 0x0, 0x0, 0xe,
    0xfb, 0x0, 0xef, 0xa0, 0x0, 0x2b, 0xff, 0xb0,
    0x6, 0xff, 0xeb, 0xdf, 0xf8, 0xfd, 0x0, 0x4,
    0xbe, 0xfd, 0x81, 0xf, 0xf2,

    /* U+0202 "Ȃ" */
    0x0, 0x0, 0x0, 0x0, 0x10, 0x0, 0x0, 0x0,
    0x0, 0x0, 0x0, 0x0, 0x5d, 0xff, 0xb2, 0x0,
    0x0, 0x0, 0x0, 0x0, 0x2, 0xfb, 0x57, 0xed,
    0x0, 0x0, 0x0, 0x0, 0x0, 0x7, 0xd0, 0x0,
    0x4e, 0x20, 0x0, 0x0, 0x0, 0x0, 0x0, 0x0,
    0x0, 0x0, 0x0, 0x0, 0x0, 0x0, 0x0, 0x0,
    0x9, 0xff, 0x30, 0x0, 0x0, 0x0, 0x0, 0x0,
    0x0, 0xf, 0xff, 0x90, 0x0, 0x0, 0x0, 0x0,
    0x0, 0x0, 0x5f, 0xaf, 0xf0, 0x0, 0x0, 0x0,
    0x0, 0x0, 0x0, 0xbf, 0x6c, 0xf6, 0x0, 0x0,
    0x0, 0x0, 0x0, 0x1, 0xff, 0x18, 0xfc, 0x0,
    0x0, 0x0, 0x0, 0x0, 0x7, 0xfd, 0x2, 0xff,
    0x20, 0x0, 0x0, 0x0, 0x0, 0xd, 0xf7, 0x0,
    0xcf, 0x80, 0x0, 0x0, 0x0, 0x0, 0x2f, 0xf2,
    0x0, 0x7f, 0xe0, 0x0, 0x0, 0x0, 0x0, 0x8f,
    0xc0, 0x0, 0x1f, 0xf5, 0x0, 0x0, 0x0, 0x0,
    0xef, 0x70, 0x0, 0xc, 0xfb, 0x0, 0x0, 0x0,
    0x4, 0xff, 0x10, 0x0, 0x6, 0xff, 0x10, 0x0,
    0x0, 0xa, 0xff, 0xff, 0xff, 0xff, 0xff, 0x80,
    0x0, 0x0, 0xf, 0xfe, 0xdd, 0xdd, 0xdd, 0xef,
    0xe0, 0x0, 0x0, 0x6f, 0xf1, 0x0, 0x0, 0x0,
    0x4f, 0xf4, 0x0, 0x0, 0xcf, 0xa0, 0x0, 0x0,
    0x0, 0xe, 0xfa, 0x0, 0x1, 0xff, 0x40, 0x0,
    0x0, 0x0, 0x8, 0xff, 0x10, 0x7, 0xfe, 0x0,
    0x0, 0x0, 0x0, 0x2, 0xff, 0x70, 0xd, 0xf8,
    0x0, 0x0, 0x0, 0x0, 0x0, 0xbf, 0xd0,

    /* U+0203 "ȃ" */
    0x0, 0x0, 0x2b, 0xee, 0x91, 0x0, 0x0, 0x0,
    0x1e, 0xe8, 0x9f, 0xb0, 0x0, 0x0, 0x5, 0xf2,
    0x0, 0x6f, 0x20, 0x0, 0x0, 0x23, 0x0, 0x0,
    0x41, 0x0, 0x0, 0x0, 0x0, 0x0, 0x0, 0x0,
    0x0, 0x0, 0x4a, 0xef, 0xfd, 0x91, 0x0, 0x0,
    0x8f, 0xfe, 0xcd, 0xff, 0xe1, 0x0, 0x4f, 0xf4,
    0x0, 0x2, 0xef, 0x70, 0x8, 0xf9, 0x0, 0x0,
    0x8, 0xfa, 0x0, 0x0, 0x0, 0x0, 0x0, 0x7f,
    0xb0, 0x0, 0x0, 0x36, 0x8b, 0xdf, 0xfb, 0x0,
    0x7, 0xef, 0xff, 0xfc, 0xbf, 0xb0, 0x7, 0xff,
    0xa6, 0x30, 0x6, 0xfb, 0x0, 0xef, 0x70, 0x0,
    0x0, 0x8f, 0xb0, 0xf, 0xf3, 0x0, 0x0, 0xe,
    0xfb, 0x0, 0xef, 0xa0, 0x0, 0x2b, 0xff, 0xb0,
    0x6, 0xff, 0xeb, 0xdf, 0xf8, 0xfd, 0x0, 0x4,
    0xbe, 0xfd, 0x81, 0xf, 0xf2,

    /* U+0204 "Ȅ" */
    0x0, 0x4f, 0xf5, 0x4f, 0xf5, 0x0, 0x0, 0x0,
    0x7, 0xfd, 0x8, 0xfc, 0x0, 0x0, 0x0, 0x0,
    0xbf, 0x40, 0xbf, 0x40, 0x0, 0x0, 0x0, 0x16,
    0x30, 0x16, 0x30, 0x0, 0x1f, 0xff, 0xff, 0xff,
    0xff, 0xff, 0xf5, 0x1f, 0xff, 0xff, 0xff, 0xff,
    0xff, 0xf5, 0x1f, 0xf3, 0x11, 0x11, 0x11, 0x11,
    0x10, 0x1f, 0xf2, 0x0, 0x0, 0x0, 0x0, 0x0,
    0x1f, 0xf2, 0x0, 0x0, 0x0, 0x0, 0x0, 0x1f,
    0xf2, 0x0, 0x0, 0x0, 0x0, 0x0, 0x1f, 0xf2,
    0x0, 0x0, 0x0, 0x0, 0x0, 0x1f, 0xf3, 0x11,
    0x11, 0x11, 0x11, 0x0, 0x1f, 0xff, 0xff, 0xff,
    0xff, 0xff, 0xa0, 0x1f, 0xff, 0xff, 0xff, 0xff,
    0xff, 0xa0, 0x1f, 0xf2, 0x0, 0x0, 0x0, 0x0,
    0x0, 0x1f, 0xf2, 0x0, 0x0, 0x0, 0x0, 0x0,
    0x1f, 0xf2, 0x0, 0x0, 0x0, 0x0, 0x0, 0x1f,
    0xf2, 0x0, 0x0, 0x0, 0x0, 0x0, 0x1f, 0xf2,
    0x0, 0x0, 0x0, 0x0, 0x0, 0x1f, 0xf3, 0x11,
    0x11, 0x11, 0x11, 0x10, 0x1f, 0xff, 0xff, 0xff,
    0xff, 0xff, 0xfb, 0x1f, 0xff, 0xff, 0xff, 0xff,
    0xff, 0xfb,

    /* U+0205 "ȅ" */
    0x0, 0x8f, 0xf1, 0x9f, 0xf1, 0x0, 0x0, 0x0,
    0xcf, 0x80, 0xcf, 0x70, 0x0, 0x0, 0x1, 0xee,
    0x1, 0xee, 0x0, 0x0, 0x0, 0x2, 0x51, 0x3,
    0x51, 0x0, 0x0, 0x0, 0x0, 0x0, 0x0, 0x0,
    0x0, 0x0, 0x19, 0xdf, 0xeb, 0x40, 0x0, 0x0,
    0x3f, 0xff, 0xde, 0xff, 0x90, 0x0, 0x1e, 0xfa,
    0x0, 0x4, 0xef, 0x60, 0x7, 0xfc, 0x0, 0x0,
    0x3, 0xfe, 0x0, 0xcf, 0x60, 0x0, 0x0, 0xd,
    0xf2, 0xf, 0xfd, 0xcc, 0xcc, 0xcc, 0xff, 0x50,
    0xff, 0xff, 0xff, 0xff, 0xff, 0xf6, 0xf, 0xf3,
    0x0, 0x0, 0x0, 0x0, 0x0, 0xdf, 0x60, 0x0,
    0x0, 0x4, 0x20, 0x8, 0xfd, 0x0, 0x0, 0x3,
    0xff, 0x10, 0x1f, 0xfa, 0x10, 0x3, 0xef, 0xa0,
    0x0, 0x4f, 0xff, 0xcd, 0xff, 0xc0, 0x0, 0x0,
    0x29, 0xdf, 0xfc, 0x70, 0x0,

    /* U+0206 "Ȇ" */
    0x0, 0x0, 0x0, 0x1, 0x0, 0x0, 0x0, 0x0,
    0x0, 0x9, 0xff, 0xf8, 0x0, 0x0, 0x0, 0x0,
    0x8f, 0x85, 0x9f, 0x70, 0x0, 0x0, 0x0, 0xd8,
    0x0, 0xa, 0xb0, 0x0, 0x0, 0x0, 0x0, 0x0,
    0x0, 0x0, 0x0, 0x1f, 0xff, 0xff, 0xff, 0xff,
    0xff, 0xf5, 0x1f, 0xff, 0xff, 0xff, 0xff, 0xff,
    0xf5, 0x1f, 0xf3, 0x11, 0x11, 0x11, 0x11, 0x10,
    0x1f, 0xf2, 0x0, 0x0, 0x0, 0x0, 0x0, 0x1f,
    0xf2, 0x0, 0x0, 0x0, 0x0, 0x0, 0x1f, 0xf2,
    0x0, 0x0, 0x0, 0x0, 0x0, 0x1f, 0xf2, 0x0,
    0x0, 0x0, 0x0, 0x0, 0x1f, 0xf3, 0x11, 0x11,
    0x11, 0x11, 0x0, 0x1f, 0xff, 0xff, 0xff, 0xff,
    0xff, 0xa0, 0x1f, 0xff, 0xff, 0xff, 0xff, 0xff,
    0xa0, 0x1f, 0xf2, 0x0, 0x0, 0x0, 0x0, 0x0,
    0x1f, 0xf2, 0x0, 0x0, 0x0, 0x0, 0x0, 0x1f,
    0xf2, 0x0, 0x0, 0x0, 0x0, 0x0, 0x1f, 0xf2,
    0x0, 0x0, 0x0, 0x0, 0x0, 0x1f, 0xf2, 0x0,
    0x0, 0x0, 0x0, 0x0, 0x1f, 0xf3, 0x11, 0x11,
    0x11, 0x11, 0x10, 0x1f, 0xff, 0xff, 0xff, 0xff,
    0xff, 0xfb, 0x1f, 0xff, 0xff, 0xff, 0xff, 0xff,
    0xfb,

    /* U+0207 "ȇ" */
    0x0, 0x0, 0x4c, 0xfd, 0x70, 0x0, 0x0, 0x0,
    0x3f, 0xd8, 0xbf, 0x80, 0x0, 0x0, 0x9, 0xe0,
    0x0, 0x9e, 0x0, 0x0, 0x0, 0x32, 0x0, 0x1,
    0x40, 0x0, 0x0, 0x0, 0x0, 0x0, 0x0, 0x0,
    0x0, 0x0, 0x19, 0xdf, 0xeb, 0x40, 0x0, 0x0,
    0x3f, 0xff, 0xde, 0xff, 0x90, 0x0, 0x1e, 0xfa,
    0x0, 0x4, 0xef, 0x60, 0x7, 0xfc, 0x0, 0x0,
    0x3, 0xfe, 0x0, 0xcf, 0x60, 0x0, 0x0, 0xd,
    0xf2, 0xf, 0xfd, 0xcc, 0xcc, 0xcc, 0xff, 0x50,
    0xff, 0xff, 0xff, 0xff, 0xff, 0xf6, 0xf, 0xf3,
    0x0, 0x0, 0x0, 0x0, 0x0, 0xdf, 0x60, 0x0,
    0x0, 0x4, 0x20, 0x8, 0xfd, 0x0, 0x0, 0x3,
    0xff, 0x10, 0x1f, 0xfa, 0x10, 0x3, 0xef, 0xa0,
    0x0, 0x4f, 0xff, 0xcd, 0xff, 0xc0, 0x0, 0x0,
    0x29, 0xdf, 0xfc, 0x70, 0x0,

    /* U+0208 "Ȉ" */
    0x1d, 0xfa, 0x1e, 0xfa, 0x0, 0x3f, 0xf2, 0x3f,
    0xf1, 0x0, 0x6f, 0x90, 0x6f, 0x90, 0x0, 0x55,
    0x0, 0x55, 0x0, 0x0, 0xcf, 0x70, 0x0, 0x0,
    0xc, 0xf7, 0x0, 0x0, 0x0, 0xcf, 0x70, 0x0,
    0x0, 0xc, 0xf7, 0x0, 0x0, 0x0, 0xcf, 0x70,
    0x0, 0x0, 0xc, 0xf7, 0x0, 0x0, 0x0, 0xcf,
    0x70, 0x0, 0x0, 0xc, 0xf7, 0x0, 0x0, 0x0,
    0xcf, 0x70, 0x0, 0x0, 0xc, 0xf7, 0x0, 0x0,
    0x0, 0xcf, 0x70, 0x0, 0x0, 0xc, 0xf7, 0x0,
    0x0, 0x0, 0xcf, 0x70, 0x0, 0x0, 0xc, 0xf7,
    0x0, 0x0, 0x0, 0xcf, 0x70, 0x0, 0x0, 0xc,
    0xf7, 0x0, 0x0, 0x0, 0xcf, 0x70, 0x0, 0x0,
    0xc, 0xf7, 0x0,

    /* U+0209 "ȉ" */
    0xd, 0xfb, 0xd, 0xfb, 0x0, 0x2, 0xff, 0x32,
    0xff, 0x20, 0x0, 0x5f, 0xa0, 0x6f, 0x90, 0x0,
    0x4, 0x50, 0x4, 0x50, 0x0, 0x0, 0x0, 0x0,
    0x0, 0x0, 0x0, 0xbf, 0x60, 0x0, 0x0, 0x0,
    0xbf, 0x60, 0x0, 0x0, 0x0, 0xbf, 0x60, 0x0,
    0x0, 0x0, 0xbf, 0x60, 0x0, 0x0, 0x0, 0xbf,
    0x60, 0x0, 0x0, 0x0, 0xbf, 0x60, 0x0, 0x0,
    0x0, 0xbf, 0x60, 0x0, 0x0, 0x0, 0xbf, 0x60,
    0x0, 0x0, 0x0, 0xbf, 0x60, 0x0, 0x0, 0x0,
    0xbf, 0x60, 0x0, 0x0, 0x0, 0xbf, 0x60, 0x0,
    0x0, 0x0, 0xbf, 0x60, 0x0, 0x0, 0x0, 0xbf,
    0x60, 0x0,

    /* U+020A "Ȋ" */
    0x0, 0x0, 0x10, 0x0, 0x0, 0x9f, 0xff, 0x70,
    0x9, 0xf8, 0x5a, 0xf6, 0xd, 0x70, 0x0, 0xba,
    0x0, 0x0, 0x0, 0x0, 0x0, 0xc, 0xf7, 0x0,
    0x0, 0xc, 0xf7, 0x0, 0x0, 0xc, 0xf7, 0x0,
    0x0, 0xc, 0xf7, 0x0, 0x0, 0xc, 0xf7, 0x0,
    0x0, 0xc, 0xf7, 0x0, 0x0, 0xc, 0xf7, 0x0,
    0x0, 0xc, 0xf7, 0x0, 0x0, 0xc, 0xf7, 0x0,
    0x0, 0xc, 0xf7, 0x0, 0x0, 0xc, 0xf7, 0x0,
    0x0, 0xc, 0xf7, 0x0, 0x0, 0xc, 0xf7, 0x0,
    0x0, 0xc, 0xf7, 0x0, 0x0, 0xc, 0xf7, 0x0,
    0x0, 0xc, 0xf7, 0x0, 0x0, 0xc, 0xf7, 0x0,
    0x0, 0xc, 0xf7, 0x0,

    /* U+020B "ȋ" */
    0x0, 0x7d, 0xfc, 0x40, 0x8, 0xfa, 0x8d, 0xf3,
    0xf, 0x80, 0x0, 0xda, 0x2, 0x0, 0x0, 0x11,
    0x0, 0x0, 0x0, 0x0, 0x0, 0xb, 0xf6, 0x0,
    0x0, 0xb, 0xf6, 0x0, 0x0, 0xb, 0xf6, 0x0,
    0x0, 0xb, 0xf6, 0x0, 0x0, 0xb, 0xf6, 0x0,
    0x0, 0xb, 0xf6, 0x0, 0x0, 0xb, 0xf6, 0x0,
    0x0, 0xb, 0xf6, 0x0, 0x0, 0xb, 0xf6, 0x0,
    0x0, 0xb, 0xf6, 0x0, 0x0, 0xb, 0xf6, 0x0,
    0x0, 0xb, 0xf6, 0x0, 0x0, 0xb, 0xf6, 0x0,

    /* U+020C "Ȍ" */
    0x0, 0x3, 0x65, 0x4, 0x65, 0x0, 0x0, 0x0,
    0x0, 0x0, 0x2f, 0xf6, 0x2f, 0xf5, 0x0, 0x0,
    0x0, 0x0, 0x0, 0x5f, 0xd0, 0x6f, 0xc0, 0x0,
    0x0, 0x0, 0x0, 0x0, 0x9f, 0x50, 0x9f, 0x40,
    0x0, 0x0, 0x0, 0x0, 0x0, 0x0, 0x0, 0x0,
    0x0, 0x0, 0x0, 0x0, 0x1, 0x8c, 0xef, 0xeb,
    0x60, 0x0, 0x0, 0x0, 0x7, 0xff, 0xff, 0xff,
    0xff, 0xd3, 0x0, 0x0, 0x9, 0xff, 0xb4, 0x10,
    0x16, 0xef, 0xf4, 0x0, 0x5, 0xff, 0x70, 0x0,
    0x0, 0x0, 0xcf, 0xe1, 0x0, 0xef, 0xa0, 0x0,
    0x0, 0x0, 0x1, 0xef, 0x90, 0x5f, 0xf2, 0x0,
    0x0, 0x0, 0x0, 0x6, 0xff, 0x9, 0xfc, 0x0,
    0x0, 0x0, 0x0, 0x0, 0x1f, 0xf4, 0xcf, 0x90,
    0x0, 0x0, 0x0, 0x0, 0x0, 0xef, 0x7d, 0xf8,
    0x0, 0x0, 0x0, 0x0, 0x0, 0xd, 0xf8, 0xdf,
    0x80, 0x0, 0x0, 0x0, 0x0, 0x0, 0xdf, 0x8c,
    0xf9, 0x0, 0x0, 0x0, 0x0, 0x0, 0xe, 0xf7,
    0x9f, 0xc0, 0x0, 0x0, 0x0, 0x0, 0x1, 0xff,
    0x45, 0xff, 0x20, 0x0, 0x0, 0x0, 0x0, 0x6f,
    0xf0, 0xe, 0xfa, 0x0, 0x0, 0x0, 0x0, 0x1e,
    0xf9, 0x0, 0x5f, 0xf7, 0x0, 0x0, 0x0, 0xb,
    0xfe, 0x10, 0x0, 0x8f, 0xfb, 0x40, 0x1, 0x6d,
    0xff, 0x40, 0x0, 0x0, 0x7f, 0xff, 0xff, 0xff,
    0xfe, 0x30, 0x0, 0x0, 0x0, 0x18, 0xce, 0xfe,
    0xb6, 0x0, 0x0, 0x0,

    /* U+020D "ȍ" */
    0x0, 0xcf, 0xc0, 0xdf, 0xb0, 0x0, 0x0, 0x2,
    0xef, 0x32, 0xff, 0x30, 0x0, 0x0, 0x4, 0xfb,
    0x5, 0xfa, 0x0, 0x0, 0x0, 0x4, 0x50, 0x4,
    0x50, 0x0, 0x0, 0x0, 0x0, 0x0, 0x0, 0x0,
    0x0, 0x0, 0x29, 0xef, 0xeb, 0x50, 0x0, 0x0,
    0x5f, 0xff, 0xce, 0xff, 0xa0, 0x0, 0x3f, 0xf8,
    0x0, 0x4, 0xff, 0x70, 0xa, 0xfa, 0x0, 0x0,
    0x5, 0xff, 0x0, 0xef, 0x40, 0x0, 0x0, 0xe,
    0xf4, 0x1f, 0xf1, 0x0, 0x0, 0x0, 0xbf, 0x72,
    0xff, 0x0, 0x0, 0x0, 0xa, 0xf7, 0x1f, 0xf1,
    0x0, 0x0, 0x0, 0xcf, 0x60, 0xff, 0x40, 0x0,
    0x0, 0xf, 0xf4, 0xa, 0xfb, 0x0, 0x0, 0x6,
    0xff, 0x0, 0x3f, 0xf8, 0x0, 0x4, 0xff, 0x70,
    0x0, 0x5f, 0xff, 0xcd, 0xff, 0x90, 0x0, 0x0,
    0x29, 0xef, 0xeb, 0x40, 0x0,

    /* U+020E "Ȏ" */
    0x0, 0x0, 0x0, 0x0, 0x10, 0x0, 0x0, 0x0,
    0x0, 0x0, 0x0, 0x9, 0xff, 0xe6, 0x0, 0x0,
    0x0, 0x0, 0x0, 0x9, 0xf8, 0x5b, 0xf4, 0x0,
    0x0, 0x0, 0x0, 0x0, 0xf8, 0x0, 0xd, 0xa0,
    0x0, 0x0, 0x0, 0x0, 0x1, 0x0, 0x0, 0x11,
    0x0, 0x0, 0x0, 0x0, 0x1, 0x8c, 0xef, 0xeb,
    0x60, 0x0, 0x0, 0x0, 0x7, 0xff, 0xff, 0xff,
    0xff, 0xd3, 0x0, 0x0, 0x9, 0xff, 0xb4, 0x10,
    0x16, 0xef, 0xf4, 0x0, 0x5, 0xff, 0x70, 0x0,
    0x0, 0x0, 0xcf, 0xe1, 0x0, 0xef, 0xa0, 0x0,
    0x0, 0x0, 0x1, 0xef, 0x90, 0x5f, 0xf2, 0x0,
    0x0, 0x0, 0x0, 0x6, 0xff, 0x9, 0xfc, 0x0,
    0x0, 0x0, 0x0, 0x0, 0x1f, 0xf4, 0xcf, 0x90,
    0x0, 0x0, 0x0, 0x0, 0x0, 0xef, 0x7d, 0xf8,
    0x0, 0x0, 0x0, 0x0, 0x0, 0xd, 0xf8, 0xdf,
    0x80, 0x0, 0x0, 0x0, 0x0, 0x0, 0xdf, 0x8c,
    0xf9, 0x0, 0x0, 0x0, 0x0, 0x0, 0xe, 0xf7,
    0x9f, 0xc0, 0x0, 0x0, 0x0, 0x0, 0x1, 0xff,
    0x45, 0xff, 0x20, 0x0, 0x0, 0x0, 0x0, 0x6f,
    0xf0, 0xe, 0xfa, 0x0, 0x0, 0x0, 0x0, 0x1e,
    0xf9, 0x0, 0x5f, 0xf7, 0x0, 0x0, 0x0, 0xb,
    0xfe, 0x10, 0x0, 0x8f, 0xfb, 0x40, 0x1, 0x6d,
    0xff, 0x40, 0x0, 0x0, 0x7f, 0xff, 0xff, 0xff,
    0xfe, 0x30, 0x0, 0x0, 0x0, 0x18, 0xce, 0xfe,
    0xb6, 0x0, 0x0, 0x0,

    /* U+020F "ȏ" */
    0x0, 0x0, 0x3c, 0xfd, 0x70, 0x0, 0x0, 0x0,
    0x2f, 0xd8, 0xbf, 0x80, 0x0, 0x0, 0x8, 0xe0,
    0x0, 0x9f, 0x0, 0x0, 0x0, 0x33, 0x0, 0x1,
    0x40, 0x0, 0x0, 0x0, 0x0, 0x0, 0x0, 0x0,
    0x0, 0x0, 0x29, 0xef, 0xeb, 0x50, 0x0, 0x0,
    0x5f, 0xff, 0xce, 0xff, 0xa0, 0x0, 0x3f, 0xf8,
    0x0, 0x4, 0xff, 0x70, 0xa, 0xfa, 0x0, 0x0,
    0x5, 0xff, 0x0, 0xef, 0x40, 0x0, 0x0, 0xe,
    0xf4, 0x1f, 0xf1, 0x0, 0x0, 0x0, 0xbf, 0x72,
    0xff, 0x0, 0x0, 0x0, 0xa, 0xf7, 0x1f, 0xf1,
    0x0, 0x0, 0x0, 0xcf, 0x60, 0xff, 0x40, 0x0,
    0x0, 0xf, 0xf4, 0xa, 0xfb, 0x0, 0x0, 0x6,
    0xff, 0x0, 0x3f, 0xf8, 0x0, 0x4, 0xff, 0x70,
    0x0, 0x5f, 0xff, 0xcd, 0xff, 0x90, 0x0, 0x0,
    0x29, 0xef, 0xeb, 0x40, 0x0,

    /* U+0210 "Ȑ" */
    0x0, 0x6f, 0xf3, 0x6f, 0xf3, 0x0, 0x0, 0x0,
    0x0, 0x0, 0x9f, 0xb0, 0xaf, 0xa0, 0x0, 0x0,
    0x0, 0x0, 0x0, 0xcf, 0x20, 0xdf, 0x20, 0x0,
    0x0, 0x0, 0x0, 0x1, 0x62, 0x2, 0x62, 0x0,
    0x0, 0x0, 0x1f, 0xff, 0xff, 0xff, 0xff, 0xda,
    0x30, 0x0, 0x1, 0xff, 0xff, 0xff, 0xff, 0xff,
    0xff, 0x60, 0x0, 0x1f, 0xf3, 0x0, 0x0, 0x0,
    0x3d, 0xff, 0x10, 0x1, 0xff, 0x30, 0x0, 0x0,
    0x0, 0x2f, 0xf6, 0x0, 0x1f, 0xf3, 0x0, 0x0,
    0x0, 0x0, 0xcf, 0x90, 0x1, 0xff, 0x30, 0x0,
    0x0, 0x0, 0xc, 0xf9, 0x0, 0x1f, 0xf3, 0x0,
    0x0, 0x0, 0x2, 0xff, 0x60, 0x1, 0xff, 0x30,
    0x0, 0x0, 0x15, 0xef, 0xe0, 0x0, 0x1f, 0xff,
    0xff, 0xff, 0xff, 0xff, 0xd2, 0x0, 0x1, 0xff,
    0xff, 0xff, 0xff, 0xfa, 0x60, 0x0, 0x0, 0x1f,
    0xf4, 0x11, 0x15, 0xef, 0xb1, 0x0, 0x0, 0x1,
    0xff, 0x30, 0x0, 0x1, 0xef, 0xd0, 0x0, 0x0,
    0x1f, 0xf3, 0x0, 0x0, 0x3, 0xff, 0xa0, 0x0,
    0x1, 0xff, 0x30, 0x0, 0x0, 0x8, 0xff, 0x40,
    0x0, 0x1f, 0xf3, 0x0, 0x0, 0x0, 0xe, 0xfd,
    0x0, 0x1, 0xff, 0x30, 0x0, 0x0, 0x0, 0x5f,
    0xf8, 0x0, 0x1f, 0xf3, 0x0, 0x0, 0x0, 0x0,
    0xbf, 0xf2, 0x1, 0xff, 0x30, 0x0, 0x0, 0x0,
    0x2, 0xff, 0xc0,

    /* U+0211 "ȑ" */
    0x4f, 0xf5, 0x5f, 0xf4, 0x0, 0x8f, 0xc0, 0x8f,
    0xc0, 0x0, 0xbf, 0x40, 0xcf, 0x30, 0x1, 0x53,
    0x1, 0x53, 0x0, 0x0, 0x0, 0x0, 0x0, 0x7f,
    0x74, 0xdf, 0xb1, 0x7, 0xf9, 0xff, 0xff, 0x0,
    0x7f, 0xfd, 0x44, 0x60, 0x7, 0xff, 0x30, 0x0,
    0x0, 0x7f, 0xd0, 0x0, 0x0, 0x7, 0xfb, 0x0,
    0x0, 0x0, 0x7f, 0xa0, 0x0, 0x0, 0x7, 0xfa,
    0x0, 0x0, 0x0, 0x7f, 0xa0, 0x0, 0x0, 0x7,
    0xfa, 0x0, 0x0, 0x0, 0x7f, 0xa0, 0x0, 0x0,
    0x7, 0xfa, 0x0, 0x0, 0x0, 0x7f, 0xa0, 0x0,
    0x0,

    /* U+0212 "Ȓ" */
    0x0, 0x0, 0x0, 0x1, 0x0, 0x0, 0x0, 0x0,
    0x0, 0x0, 0x2, 0xcf, 0xfd, 0x40, 0x0, 0x0,
    0x0, 0x0, 0x0, 0xed, 0x66, 0xdf, 0x10, 0x0,
    0x0, 0x0, 0x0, 0x3e, 0x30, 0x1, 0xe6, 0x0,
    0x0, 0x0, 0x0, 0x0, 0x0, 0x0, 0x0, 0x0,
    0x0, 0x0, 0x1, 0xff, 0xff, 0xff, 0xff, 0xfd,
    0xa3, 0x0, 0x0, 0x1f, 0xff, 0xff, 0xff, 0xff,
    0xff, 0xf6, 0x0, 0x1, 0xff, 0x30, 0x0, 0x0,
    0x3, 0xdf, 0xf1, 0x0, 0x1f, 0xf3, 0x0, 0x0,
    0x0, 0x2, 0xff, 0x60, 0x1, 0xff, 0x30, 0x0,
    0x0, 0x0, 0xc, 0xf9, 0x0, 0x1f, 0xf3, 0x0,
    0x0, 0x0, 0x0, 0xcf, 0x90, 0x1, 0xff, 0x30,
    0x0, 0x0, 0x0, 0x2f, 0xf6, 0x0, 0x1f, 0xf3,
    0x0, 0x0, 0x1, 0x5e, 0xfe, 0x0, 0x1, 0xff,
    0xff, 0xff, 0xff, 0xff, 0xfd, 0x20, 0x0, 0x1f,
    0xff, 0xff, 0xff, 0xff, 0xa6, 0x0, 0x0, 0x1,
    0xff, 0x41, 0x11, 0x5e, 0xfb, 0x10, 0x0, 0x0,
    0x1f, 0xf3, 0x0, 0x0, 0x1e, 0xfd, 0x0, 0x0,
    0x1, 0xff, 0x30, 0x0, 0x0, 0x3f, 0xfa, 0x0,
    0x0, 0x1f, 0xf3, 0x0, 0x0, 0x0, 0x8f, 0xf4,
    0x0, 0x1, 0xff, 0x30, 0x0, 0x0, 0x0, 0xef,
    0xd0, 0x0, 0x1f, 0xf3, 0x0, 0x0, 0x0, 0x5,
    0xff, 0x80, 0x1, 0xff, 0x30, 0x0, 0x0, 0x0,
    0xb, 0xff, 0x20, 0x1f, 0xf3, 0x0, 0x0, 0x0,
    0x0, 0x2f, 0xfc, 0x0,

    /* U+0213 "ȓ" */
    0x0, 0x7d, 0xfc, 0x40, 0x0, 0x7f, 0xb8, 0xdf,
    0x30, 0xe, 0xa0, 0x0, 0xda, 0x0, 0x41, 0x0,
    0x2, 0x30, 0x0, 0x0, 0x0, 0x0, 0x0, 0x7f,
    0x74, 0xdf, 0xb1, 0x7, 0xf9, 0xff, 0xff, 0x0,
    0x7f, 0xfd, 0x44, 0x60, 0x7, 0xff, 0x30, 0x0,
    0x0, 0x7f, 0xd0, 0x0, 0x0, 0x7, 0xfb, 0x0,
    0x0, 0x0, 0x7f, 0xa0, 0x0, 0x0, 0x7, 0xfa,
    0x0, 0x0, 0x0, 0x7f, 0xa0, 0x0, 0x0, 0x7,
    0xfa, 0x0, 0x0, 0x0, 0x7f, 0xa0, 0x0, 0x0,
    0x7, 0xfa, 0x0, 0x0, 0x0, 0x7f, 0xa0, 0x0,
    0x0,

    /* U+0214 "Ȕ" */
    0x0, 0x5, 0x64, 0x5, 0x64, 0x0, 0x0, 0x0,
    0x0, 0x6f, 0xf1, 0x6f, 0xf1, 0x0, 0x0, 0x0,
    0x0, 0x9f, 0x90, 0xaf, 0x80, 0x0, 0x0, 0x0,
    0x0, 0xdf, 0x10, 0xde, 0x0, 0x0, 0x0, 0x0,
    0x0, 0x0, 0x0, 0x0, 0x0, 0x1, 0xff, 0x20,
    0x0, 0x0, 0x0, 0xe, 0xf6, 0x1f, 0xf2, 0x0,
    0x0, 0x0, 0x0, 0xef, 0x61, 0xff, 0x20, 0x0,
    0x0, 0x0, 0xe, 0xf6, 0x1f, 0xf2, 0x0, 0x0,
    0x0, 0x0, 0xef, 0x61, 0xff, 0x20, 0x0, 0x0,
    0x0, 0xe, 0xf6, 0x1f, 0xf2, 0x0, 0x0, 0x0,
    0x0, 0xef, 0x61, 0xff, 0x20, 0x0, 0x0, 0x0,
    0xe, 0xf6, 0x1f, 0xf2, 0x0, 0x0, 0x0, 0x0,
    0xef, 0x61, 0xff, 0x20, 0x0, 0x0, 0x0, 0xe,
    0xf6, 0x1f, 0xf2, 0x0, 0x0, 0x0, 0x0, 0xef,
    0x61, 0xff, 0x20, 0x0, 0x0, 0x0, 0xe, 0xf6,
    0xf, 0xf3, 0x0, 0x0, 0x0, 0x0, 0xef, 0x50,
    0xff, 0x50, 0x0, 0x0, 0x0, 0xf, 0xf4, 0xc,
    0xf9, 0x0, 0x0, 0x0, 0x4, 0xff, 0x10, 0x7f,
    0xf3, 0x0, 0x0, 0x0, 0xcf, 0xc0, 0x1, 0xef,
    0xe6, 0x21, 0x36, 0xdf, 0xf3, 0x0, 0x3, 0xef,
    0xff, 0xff, 0xff, 0xf6, 0x0, 0x0, 0x0, 0x7c,
    0xef, 0xed, 0x82, 0x0, 0x0,

    /* U+0215 "ȕ" */
    0x8, 0xff, 0x19, 0xff, 0x10, 0x0, 0xc, 0xf8,
    0xc, 0xf7, 0x0, 0x0, 0x1e, 0xe0, 0x1e, 0xe0,
    0x0, 0x0, 0x25, 0x10, 0x35, 0x10, 0x0, 0x0,
    0x0, 0x0, 0x0, 0x6, 0xfb, 0x0, 0x0, 0x6,
    0xfb, 0x6f, 0xb0, 0x0, 0x0, 0x6f, 0xb6, 0xfb,
    0x0, 0x0, 0x6, 0xfb, 0x6f, 0xb0, 0x0, 0x0,
    0x6f, 0xb6, 0xfb, 0x0, 0x0, 0x6, 0xfb, 0x6f,
    0xb0, 0x0, 0x0, 0x6f, 0xb6, 0xfb, 0x0, 0x0,
    0x6, 0xfb, 0x6f, 0xb0, 0x0, 0x0, 0x7f, 0xb6,
    0xfb, 0x0, 0x0, 0x9, 0xfb, 0x4f, 0xe0, 0x0,
    0x0, 0xef, 0xb1, 0xff, 0x80, 0x2, 0xbf, 0xfb,
    0x8, 0xff, 0xfe, 0xff, 0x6f, 0xb0, 0x6, 0xcf,
    0xea, 0x23, 0xfb,

    /* U+0216 "Ȗ" */
    0x0, 0x0, 0x0, 0x1, 0x0, 0x0, 0x0, 0x0,
    0x0, 0x0, 0x6e, 0xff, 0xa0, 0x0, 0x0, 0x0,
    0x0, 0x5f, 0xa5, 0x8f, 0xa0, 0x0, 0x0, 0x0,
    0x9, 0xc0, 0x0, 0x6e, 0x0, 0x0, 0x0, 0x0,
    0x0, 0x0, 0x0, 0x0, 0x0, 0x1, 0xff, 0x20,
    0x0, 0x0, 0x0, 0xe, 0xf6, 0x1f, 0xf2, 0x0,
    0x0, 0x0, 0x0, 0xef, 0x61, 0xff, 0x20, 0x0,
    0x0, 0x0, 0xe, 0xf6, 0x1f, 0xf2, 0x0, 0x0,
    0x0, 0x0, 0xef, 0x61, 0xff, 0x20, 0x0, 0x0,
    0x0, 0xe, 0xf6, 0x1f, 0xf2, 0x0, 0x0, 0x0,
    0x0, 0xef, 0x61, 0xff, 0x20, 0x0, 0x0, 0x0,
    0xe, 0xf6, 0x1f, 0xf2, 0x0, 0x0, 0x0, 0x0,
    0xef, 0x61, 0xff, 0x20, 0x0, 0x0, 0x0, 0xe,
    0xf6, 0x1f, 0xf2, 0x0, 0x0, 0x0, 0x0, 0xef,
    0x61, 0xff, 0x20, 0x0, 0x0, 0x0, 0xe, 0xf6,
    0xf, 0xf3, 0x0, 0x0, 0x0, 0x0, 0xef, 0x50,
    0xff, 0x50, 0x0, 0x0, 0x0, 0xf, 0xf4, 0xc,
    0xf9, 0x0, 0x0, 0x0, 0x4, 0xff, 0x10, 0x7f,
    0xf3, 0x0, 0x0, 0x0, 0xcf, 0xc0, 0x1, 0xef,
    0xe6, 0x21, 0x36, 0xdf, 0xf3, 0x0, 0x3, 0xef,
    0xff, 0xff, 0xff, 0xf6, 0x0, 0x0, 0x0, 0x7c,
    0xef, 0xed, 0x82, 0x0, 0x0,

    /* U+0217 "ȗ" */
    0x0, 0x5, 0xcf, 0xd7, 0x0, 0x0, 0x4, 0xfc,
    0x8b, 0xf7, 0x0, 0x0, 0xad, 0x0, 0x9, 0xe0,
    0x0, 0x1, 0x10, 0x0, 0x2, 0x0, 0x0, 0x0,
    0x0, 0x0, 0x0, 0x6, 0xfb, 0x0, 0x0, 0x6,
    0xfb, 0x6f, 0xb0, 0x0, 0x0, 0x6f, 0xb6, 0xfb,
    0x0, 0x0, 0x6, 0xfb, 0x6f, 0xb0, 0x0, 0x0,
    0x6f, 0xb6, 0xfb, 0x0, 0x0, 0x6, 0xfb, 0x6f,
    0xb0, 0x0, 0x0, 0x6f, 0xb6, 0xfb, 0x0, 0x0,
    0x6, 0xfb, 0x6f, 0xb0, 0x0, 0x0, 0x7f, 0xb6,
    0xfb, 0x0, 0x0, 0x9, 0xfb, 0x4f, 0xe0, 0x0,
    0x0, 0xef, 0xb1, 0xff, 0x80, 0x2, 0xbf, 0xfb,
    0x8, 0xff, 0xfe, 0xff, 0x6f, 0xb0, 0x6, 0xcf,
    0xea, 0x23, 0xfb,

    /* U+0218 "Ș" */
    0x0, 0x5, 0xbe, 0xfe, 0xd8, 0x10, 0x0, 0x1,
    0xcf, 0xff, 0xff, 0xff, 0xf5, 0x0, 0xb, 0xff,
    0xfd, 0xbc, 0xff, 0xff, 0x40, 0x2f, 0xff, 0x60,
    0x0, 0x1b, 0xff, 0xd0, 0x5f, 0xfd, 0x0, 0x0,
    0x1, 0xff, 0xf3, 0x4f, 0xfe, 0x0, 0x0, 0x0,
    0x68, 0x83, 0x1f, 0xff, 0xc5, 0x0, 0x0, 0x0,
    0x0, 0x5, 0xff, 0xff, 0xfc, 0x84, 0x0, 0x0,
    0x0, 0x29, 0xff, 0xff, 0xff, 0xe6, 0x0, 0x0,
    0x0, 0x3, 0x7b, 0xff, 0xff, 0xa0, 0x0, 0x0,
    0x0, 0x0, 0x18, 0xff, 0xf5, 0x8c, 0xc6, 0x0,
    0x0, 0x0, 0x9f, 0xfa, 0x7f, 0xfd, 0x0, 0x0,
    0x0, 0x7f, 0xfb, 0x1f, 0xff, 0xa0, 0x0, 0x1,
    0xdf, 0xf8, 0x7, 0xff, 0xff, 0xba, 0xcf, 0xff,
    0xf2, 0x0, 0x7f, 0xff, 0xff, 0xff, 0xfe, 0x40,
    0x0, 0x2, 0x8d, 0xef, 0xec, 0x71, 0x0, 0x0,
    0x0, 0x0, 0x0, 0x0, 0x0, 0x0, 0x0, 0x0,
    0x2, 0x99, 0x50, 0x0, 0x0, 0x0, 0x0, 0x3,
    0xff, 0xa0, 0x0, 0x0, 0x0, 0x0, 0x3, 0xff,
    0x90, 0x0, 0x0, 0x0, 0x0, 0x0, 0xbf, 0x20,
    0x0, 0x0, 0x0, 0x0, 0x5, 0xf8, 0x0, 0x0,
    0x0,

    /* U+0219 "ș" */
    0x0, 0x5, 0xbe, 0xfe, 0xd8, 0x10, 0x0, 0xa,
    0xff, 0xff, 0xff, 0xfe, 0x20, 0x5, 0xff, 0xf9,
    0x66, 0xdf, 0xfc, 0x0, 0x9f, 0xfa, 0x0, 0x1,
    0xff, 0xf2, 0x8, 0xff, 0xb0, 0x0, 0x3, 0x44,
    0x10, 0x3f, 0xff, 0xd8, 0x52, 0x0, 0x0, 0x0,
    0x5e, 0xff, 0xff, 0xfe, 0x70, 0x0, 0x0, 0x4,
    0x8b, 0xef, 0xff, 0xb0, 0x4, 0x44, 0x0, 0x0,
    0x5f, 0xff, 0x20, 0xef, 0xf6, 0x0, 0x0, 0xff,
    0xf4, 0x8, 0xff, 0xf9, 0x56, 0xbf, 0xff, 0x10,
    0xb, 0xff, 0xff, 0xff, 0xff, 0x60, 0x0, 0x5,
    0xbe, 0xfe, 0xd9, 0x20, 0x0, 0x0, 0x0, 0x0,
    0x0, 0x0, 0x0, 0x0, 0x0, 0x5, 0x99, 0x20,
    0x0, 0x0, 0x0, 0x0, 0xaf, 0xf3, 0x0, 0x0,
    0x0, 0x0, 0xa, 0xff, 0x30, 0x0, 0x0, 0x0,
    0x0, 0x2f, 0xb0, 0x0, 0x0, 0x0, 0x0, 0xc,
    0xf2, 0x0, 0x0, 0x0,

    /* U+021A "Ț" */
    0xbf, 0xff, 0xff, 0xff, 0xff, 0xff, 0xfb, 0xbf,
    0xff, 0xff, 0xff, 0xff, 0xff, 0xfb, 0x8b, 0xbb,
    0xbd, 0xff, 0xdb, 0xbb, 0xb8, 0x0, 0x0, 0x8,
    0xff, 0x90, 0x0, 0x0, 0x0, 0x0, 0x8, 0xff,
    0x90, 0x0, 0x0, 0x0, 0x0, 0x8, 0xff, 0x90,
    0x0, 0x0, 0x0, 0x0, 0x8, 0xff, 0x90, 0x0,
    0x0, 0x0, 0x0, 0x8, 0xff, 0x90, 0x0, 0x0,
    0x0, 0x0, 0x8, 0xff, 0x90, 0x0, 0x0, 0x0,
    0x0, 0x8, 0xff, 0x90, 0x0, 0x0, 0x0, 0x0,
    0x8, 0xff, 0x90, 0x0, 0x0, 0x0, 0x0, 0x8,
    0xff, 0x90, 0x0, 0x0, 0x0, 0x0, 0x8, 0xff,
    0x90, 0x0, 0x0, 0x0, 0x0, 0x8, 0xff, 0x90,
    0x0, 0x0, 0x0, 0x0, 0x8, 0xff, 0x90, 0x0,
    0x0, 0x0, 0x0, 0x8, 0xff, 0x90, 0x0, 0x0,
    0x0, 0x0, 0x8, 0xff, 0x90, 0x0, 0x0, 0x0,
    0x0, 0x0, 0x0, 0x0, 0x0, 0x0, 0x0, 0x0,
    0x4, 0x99, 0x40, 0x0, 0x0, 0x0, 0x0, 0x7,
    0xff, 0x70, 0x0, 0x0, 0x0, 0x0, 0x7, 0xff,
    0x60, 0x0, 0x0, 0x0, 0x0, 0x0, 0xde, 0x10,
    0x0, 0x0, 0x0, 0x0, 0x8, 0xf5, 0x0, 0x0,
    0x0,

    /* U+021B "ț" */
    0x0, 0x78, 0x81, 0x0, 0x0, 0xe, 0xff, 0x20,
    0x0, 0x0, 0xef, 0xf2, 0x0, 0xe, 0xff, 0xff,
    0xff, 0xf8, 0xef, 0xff, 0xff, 0xff, 0x85, 0x5f,
    0xff, 0x85, 0x53, 0x0, 0xef, 0xf2, 0x0, 0x0,
    0xe, 0xff, 0x20, 0x0, 0x0, 0xef, 0xf2, 0x0,
    0x0, 0xe, 0xff, 0x20, 0x0, 0x0, 0xef, 0xf2,
    0x0, 0x0, 0xe, 0xff, 0x20, 0x0, 0x0, 0xef,
    0xf3, 0x0, 0x0, 0xc, 0xff, 0xc6, 0x53, 0x0,
    0x6f, 0xff, 0xff, 0x80, 0x0, 0x7d, 0xff, 0xf8,
    0x0, 0x0, 0x0, 0x0, 0x0, 0x0, 0x39, 0x94,
    0x0, 0x0, 0x6, 0xff, 0x70, 0x0, 0x0, 0x6f,
    0xf7, 0x0, 0x0, 0x0, 0xde, 0x10, 0x0, 0x0,
    0x8f, 0x50, 0x0,

    /* U+0237 "ȷ" */
    0x0, 0x6, 0xff, 0xb0, 0x0, 0x6f, 0xfb, 0x0,
    0x6, 0xff, 0xb0, 0x0, 0x6f, 0xfb, 0x0, 0x6,
    0xff, 0xb0, 0x0, 0x6f, 0xfb, 0x0, 0x6, 0xff,
    0xb0, 0x0, 0x6f, 0xfb, 0x0, 0x6, 0xff, 0xb0,
    0x0, 0x6f, 0xfb, 0x0, 0x6, 0xff, 0xb0, 0x0,
    0x6f, 0xfb, 0x0, 0x6, 0xff, 0xb0, 0x0, 0x6f,
    0xfa, 0x5, 0x6d, 0xff, 0x81, 0xff, 0xff, 0xf3,
    0x1f, 0xff, 0xc5, 0x0,

    /* U+1E00 "Ḁ" */
    0x0, 0x0, 0x0, 0x9, 0xff, 0x30, 0x0, 0x0,
    0x0, 0x0, 0x0, 0x0, 0xf, 0xff, 0x90, 0x0,
    0x0, 0x0, 0x0, 0x0, 0x0, 0x5f, 0xaf, 0xf0,
    0x0, 0x0, 0x0, 0x0, 0x0, 0x0, 0xbf, 0x6c,
    0xf6, 0x0, 0x0, 0x0, 0x0, 0x0, 0x1, 0xff,
    0x18, 0xfc, 0x0, 0x0, 0x0, 0x0, 0x0, 0x7,
    0xfd, 0x2, 0xff, 0x20, 0x0, 0x0, 0x0, 0x0,
    0xd, 0xf7, 0x0, 0xcf, 0x80, 0x0, 0x0, 0x0,
    0x0, 0x2f, 0xf2, 0x0, 0x7f, 0xe0, 0x0, 0x0,
    0x0, 0x0, 0x8f, 0xc0, 0x0, 0x1f, 0xf5, 0x0,
    0x0, 0x0, 0x0, 0xef, 0x70, 0x0, 0xc, 0xfb,
    0x0, 0x0, 0x0, 0x4, 0xff, 0x10, 0x0, 0x6,
    0xff, 0x10, 0x0, 0x0, 0xa, 0xff, 0xff, 0xff,
    0xff, 0xff, 0x80, 0x0, 0x0, 0xf, 0xfe, 0xdd,
    0xdd, 0xdd, 0xef, 0xe0, 0x0, 0x0, 0x6f, 0xf1,
    0x0, 0x0, 0x0, 0x4f, 0xf4, 0x0, 0x0, 0xcf,
    0xa0, 0x0, 0x0, 0x0, 0xe, 0xfa, 0x0, 0x1,
    0xff, 0x40, 0x0, 0x0, 0x0, 0x8, 0xff, 0x10,
    0x7, 0xfe, 0x0, 0x0, 0x0, 0x0, 0x2, 0xff,
    0x70, 0xd, 0xf8, 0x0, 0x0, 0x0, 0x0, 0x0,
    0xbf, 0xd0, 0x0, 0x0, 0x0, 0x0, 0x0, 0x0,
    0x0, 0x0, 0x0, 0x0, 0x0, 0x0, 0x7, 0xdc,
    0x20, 0x0, 0x0, 0x0, 0x0, 0x0, 0x0, 0x2c,
    0x3, 0xc0, 0x0, 0x0, 0x0, 0x0, 0x0, 0x0,
    0x3b, 0x2, 0xc0, 0x0, 0x0, 0x0, 0x0, 0x0,
    0x0, 0x8, 0xed, 0x30, 0x0, 0x0, 0x0,

    /* U+1E01 "ḁ" */
    0x0, 0x4, 0xae, 0xff, 0xd9, 0x10, 0x0, 0x8,
    0xff, 0xec, 0xdf, 0xfe, 0x10, 0x4, 0xff, 0x40,
    0x0, 0x2e, 0xf7, 0x0, 0x8f, 0x90, 0x0, 0x0,
    0x8f, 0xa0, 0x0, 0x0, 0x0, 0x0, 0x7, 0xfb,
    0x0, 0x0, 0x3, 0x68, 0xbd, 0xff, 0xb0, 0x0,
    0x7e, 0xff, 0xff, 0xcb, 0xfb, 0x0, 0x7f, 0xfa,
    0x63, 0x0, 0x6f, 0xb0, 0xe, 0xf7, 0x0, 0x0,
    0x8, 0xfb, 0x0, 0xff, 0x30, 0x0, 0x0, 0xef,
    0xb0, 0xe, 0xfa, 0x0, 0x2, 0xbf, 0xfb, 0x0,
    0x6f, 0xfe, 0xbd, 0xff, 0x8f, 0xd0, 0x0, 0x4b,
    0xef, 0xd8, 0x10, 0xff, 0x20, 0x0, 0x0, 0x0,
    0x0, 0x0, 0x0, 0x0, 0x0, 0x3c, 0xd6, 0x0,
    0x0, 0x0, 0x0, 0xc, 0x20, 0xc2, 0x0, 0x0,
    0x0, 0x0, 0xd2, 0xc, 0x20, 0x0, 0x0, 0x0,
    0x3, 0xde, 0x70, 0x0, 0x0,

    /* U+1E02 "Ḃ" */
    0x0, 0x0, 0x3, 0x75, 0x0, 0x0, 0x0, 0x0,
    0x0, 0x7, 0xfb, 0x0, 0x0, 0x0, 0x0, 0x0,
    0x7, 0xfb, 0x0, 0x0, 0x0, 0x0, 0x0, 0x0,
    0x0, 0x0, 0x0, 0x0, 0x3f, 0xff, 0xff, 0xff,
    0xeb, 0x50, 0x0, 0x3f, 0xff, 0xff, 0xff, 0xff,
    0xfa, 0x0, 0x3f, 0xf2, 0x11, 0x12, 0x39, 0xff,
    0x60, 0x3f, 0xf1, 0x0, 0x0, 0x0, 0xaf, 0xc0,
    0x3f, 0xf1, 0x0, 0x0, 0x0, 0x6f, 0xe0, 0x3f,
    0xf1, 0x0, 0x0, 0x0, 0x5f, 0xc0, 0x3f, 0xf1,
    0x0, 0x0, 0x0, 0xaf, 0x60, 0x3f, 0xf2, 0x11,
    0x11, 0x39, 0xfb, 0x0, 0x3f, 0xff, 0xff, 0xff,
    0xff, 0xe2, 0x0, 0x3f, 0xff, 0xff, 0xff, 0xff,
    0xff, 0x50, 0x3f, 0xf1, 0x0, 0x0, 0x15, 0xdf,
    0xf2, 0x3f, 0xf1, 0x0, 0x0, 0x0, 0x1e, 0xf8,
    0x3f, 0xf1, 0x0, 0x0, 0x0, 0xa, 0xfb, 0x3f,
    0xf1, 0x0, 0x0, 0x0, 0xb, 0xfa, 0x3f, 0xf1,
    0x0, 0x0, 0x0, 0x1e, 0xf7, 0x3f, 0xf2, 0x11,
    0x11, 0x25, 0xdf, 0xe1, 0x3f, 0xff, 0xff, 0xff,
    0xff, 0xff, 0x40, 0x3f, 0xff, 0xff, 0xff, 0xec,
    0x81, 0x0,

    /* U+1E03 "ḃ" */
    0x0, 0x0, 0xf, 0xf1, 0x0, 0x0, 0x0, 0x0,
    0xf, 0xf1, 0x0, 0x0, 0x0, 0x0, 0x7, 0x70,
    0x0, 0x0, 0x0, 0x0, 0x0, 0x0, 0x0, 0x0,
    0x6f, 0xb0, 0x0, 0x0, 0x0, 0x0, 0x6f, 0xb0,
    0x0, 0x0, 0x0, 0x0, 0x6f, 0xb0, 0x0, 0x0,
    0x0, 0x0, 0x6f, 0xb0, 0x0, 0x0, 0x0, 0x0,
    0x6f, 0xb0, 0x0, 0x0, 0x0, 0x0, 0x6f, 0xb2,
    0xae, 0xfc, 0x60, 0x0, 0x6f, 0xde, 0xfd, 0xdf,
    0xfb, 0x0, 0x6f, 0xfe, 0x20, 0x3, 0xff, 0x70,
    0x6f, 0xf4, 0x0, 0x0, 0x7f, 0xe0, 0x6f, 0xd0,
    0x0, 0x0, 0xf, 0xf3, 0x6f, 0xa0, 0x0, 0x0,
    0xd, 0xf5, 0x6f, 0x80, 0x0, 0x0, 0xc, 0xf6,
    0x6f, 0x90, 0x0, 0x0, 0xd, 0xf5, 0x6f, 0xb0,
    0x0, 0x0, 0xf, 0xf2, 0x6f, 0xf2, 0x0, 0x0,
    0x7f, 0xd0, 0x6f, 0xfd, 0x20, 0x4, 0xff, 0x50,
    0x6f, 0xbe, 0xfd, 0xdf, 0xf8, 0x0, 0x6f, 0x92,
    0xbf, 0xfc, 0x40, 0x0,

    /* U+1E04 "Ḅ" */
    0x3f, 0xff, 0xff, 0xff, 0xeb, 0x50, 0x0, 0x3f,
    0xff, 0xff, 0xff, 0xff, 0xfa, 0x0, 0x3f, 0xf2,
    0x11, 0x12, 0x39, 0xff, 0x60, 0x3f, 0xf1, 0x0,
    0x0, 0x0, 0xaf, 0xc0, 0x3f, 0xf1, 0x0, 0x0,
    0x0, 0x6f, 0xe0, 0x3f, 0xf1, 0x0, 0x0, 0x0,
    0x5f, 0xc0, 0x3f, 0xf1, 0x0, 0x0, 0x0, 0xaf,
    0x60, 0x3f, 0xf2, 0x11, 0x11, 0x39, 0xfb, 0x0,
    0x3f, 0xff, 0xff, 0xff, 0xff, 0xe2, 0x0, 0x3f,
    0xff, 0xff, 0xff, 0xff, 0xff, 0x50, 0x3f, 0xf1,
    0x0, 0x0, 0x15, 0xdf, 0xf2, 0x3f, 0xf1, 0x0,
    0x0, 0x0, 0x1e, 0xf8, 0x3f, 0xf1, 0x0, 0x0,
    0x0, 0xa, 0xfb, 0x3f, 0xf1, 0x0, 0x0, 0x0,
    0xb, 0xfa, 0x3f, 0xf1, 0x0, 0x0, 0x0, 0x1e,
    0xf7, 0x3f, 0xf2, 0x11, 0x11, 0x25, 0xdf, 0xe1,
    0x3f, 0xff, 0xff, 0xff, 0xff, 0xff, 0x40, 0x3f,
    0xff, 0xff, 0xff, 0xec, 0x81, 0x0, 0x0, 0x0,
    0x0, 0x0, 0x0, 0x0, 0x0, 0x0, 0x0, 0x0,
    0x0, 0x0, 0x0, 0x0, 0x0, 0x0, 0x3, 0x74,
    0x0, 0x0, 0x0, 0x0, 0x0, 0x8, 0xfa, 0x0,
    0x0, 0x0, 0x0, 0x0, 0x8, 0xfa, 0x0, 0x0,
    0x0,

    /* U+1E05 "ḅ" */
    0x6f, 0xb0, 0x0, 0x0, 0x0, 0x0, 0x6f, 0xb0,
    0x0, 0x0, 0x0, 0x0, 0x6f, 0xb0, 0x0, 0x0,
    0x0, 0x0, 0x6f, 0xb0, 0x0, 0x0, 0x0, 0x0,
    0x6f, 0xb0, 0x0, 0x0, 0x0, 0x0, 0x6f, 0xb2,
    0xae, 0xfc, 0x60, 0x0, 0x6f, 0xde, 0xfd, 0xdf,
    0xfb, 0x0, 0x6f, 0xfe, 0x20, 0x3, 0xff, 0x70,
    0x6f, 0xf4, 0x0, 0x0, 0x7f, 0xe0, 0x6f, 0xd0,
    0x0, 0x0, 0xf, 0xf3, 0x6f, 0xa0, 0x0, 0x0,
    0xd, 0xf5, 0x6f, 0x80, 0x0, 0x0, 0xc, 0xf6,
    0x6f, 0x90, 0x0, 0x0, 0xd, 0xf5, 0x6f, 0xb0,
    0x0, 0x0, 0xf, 0xf2, 0x6f, 0xf2, 0x0, 0x0,
    0x7f, 0xd0, 0x6f, 0xfd, 0x20, 0x4, 0xff, 0x50,
    0x6f, 0xbe, 0xfd, 0xdf, 0xf8, 0x0, 0x6f, 0x92,
    0xbf, 0xfc, 0x40, 0x0, 0x0, 0x0, 0x0, 0x0,
    0x0, 0x0, 0x0, 0x0, 0x0, 0x0, 0x0, 0x0,
    0x0, 0x0, 0x27, 0x50, 0x0, 0x0, 0x0, 0x0,
    0x6f, 0xc0, 0x0, 0x0, 0x0, 0x0, 0x6f, 0xc0,
    0x0, 0x0,

    /* U+1E06 "Ḇ" */
    0x3f, 0xff, 0xff, 0xff, 0xeb, 0x50, 0x0, 0x3f,
    0xff, 0xff, 0xff, 0xff, 0xfa, 0x0, 0x3f, 0xf2,
    0x11, 0x12, 0x39, 0xff, 0x60, 0x3f, 0xf1, 0x0,
    0x0, 0x0, 0xaf, 0xc0, 0x3f, 0xf1, 0x0, 0x0,
    0x0, 0x6f, 0xe0, 0x3f, 0xf1, 0x0, 0x0, 0x0,
    0x5f, 0xc0, 0x3f, 0xf1, 0x0, 0x0, 0x0, 0x9f,
    0x60, 0x3f, 0xf1, 0x0, 0x0, 0x28, 0xfb, 0x0,
    0x3f, 0xff, 0xff, 0xff, 0xff, 0xe2, 0x0, 0x3f,
    0xff, 0xff, 0xff, 0xff, 0xff, 0x50, 0x3f, 0xf2,
    0x11, 0x11, 0x26, 0xdf, 0xf2, 0x3f, 0xf1, 0x0,
    0x0, 0x0, 0x1f, 0xf8, 0x3f, 0xf1, 0x0, 0x0,
    0x0, 0xb, 0xfb, 0x3f, 0xf1, 0x0, 0x0, 0x0,
    0xb, 0xfa, 0x3f, 0xf1, 0x0, 0x0, 0x0, 0x1e,
    0xf7, 0x3f, 0xf2, 0x11, 0x11, 0x25, 0xdf, 0xe1,
    0x3f, 0xff, 0xff, 0xff, 0xff, 0xff, 0x40, 0x3f,
    0xff, 0xff, 0xff, 0xec, 0x81, 0x0, 0x0, 0x0,
    0x0, 0x0, 0x0, 0x0, 0x0, 0x0, 0x0, 0x0,
    0x0, 0x0, 0x0, 0x0, 0x0, 0x0, 0x0, 0x0,
    0x0, 0x0, 0x0, 0x0, 0x5c, 0xcc, 0xcc, 0xcb,
    0x0, 0x0, 0x0, 0x6f, 0xff, 0xff, 0xfe, 0x0,
    0x0,

    /* U+1E07 "ḇ" */
    0x6f, 0xb0, 0x0, 0x0, 0x0, 0x0, 0x6f, 0xb0,
    0x0, 0x0, 0x0, 0x0, 0x6f, 0xb0, 0x0, 0x0,
    0x0, 0x0, 0x6f, 0xb0, 0x0, 0x0, 0x0, 0x0,
    0x6f, 0xb0, 0x0, 0x0, 0x0, 0x0, 0x6f, 0xb2,
    0xae, 0xfc, 0x60, 0x0, 0x6f, 0xde, 0xfd, 0xdf,
    0xfb, 0x0, 0x6f, 0xfe, 0x20, 0x3, 0xff, 0x70,
    0x6f, 0xf4, 0x0, 0x0, 0x7f, 0xe0, 0x6f, 0xd0,
    0x0, 0x0, 0xf, 0xf3, 0x6f, 0xa0, 0x0, 0x0,
    0xd, 0xf5, 0x6f, 0x80, 0x0, 0x0, 0xc, 0xf6,
    0x6f, 0x90, 0x0, 0x0, 0xd, 0xf5, 0x6f, 0xb0,
    0x0, 0x0, 0xf, 0xf2, 0x6f, 0xf2, 0x0, 0x0,
    0x7f, 0xd0, 0x6f, 0xfd, 0x20, 0x4, 0xff, 0x50,
    0x6f, 0xbe, 0xfd, 0xdf, 0xf8, 0x0, 0x6f, 0x92,
    0xbf, 0xfc, 0x40, 0x0, 0x0, 0x0, 0x0, 0x0,
    0x0, 0x0, 0x0, 0x0, 0x0, 0x0, 0x0, 0x0,
    0x0, 0x0, 0x0, 0x0, 0x0, 0x0, 0x3, 0xcc,
    0xcc, 0xcc, 0xc0, 0x0, 0x4, 0xff, 0xff, 0xff,
    0xf0, 0x0,

    /* U+1E08 "Ḉ" */
    0x0, 0x0, 0x0, 0x0, 0xaf, 0xe1, 0x0, 0x0,
    0x0, 0x0, 0x0, 0x2, 0xff, 0x30, 0x0, 0x0,
    0x0, 0x0, 0x0, 0x9, 0xf6, 0x0, 0x0, 0x0,
    0x0, 0x0, 0x0, 0x5, 0x50, 0x0, 0x0, 0x0,
    0x0, 0x0, 0x18, 0xce, 0xfe, 0xb5, 0x0, 0x0,
    0x0, 0x7, 0xff, 0xff, 0xff, 0xff, 0xb1, 0x0,
    0x0, 0x9f, 0xfa, 0x30, 0x2, 0x8f, 0xfc, 0x0,
    0x6, 0xff, 0x60, 0x0, 0x0, 0x4, 0xff, 0x70,
    0xe, 0xf9, 0x0, 0x0, 0x0, 0x0, 0x9f, 0xe0,
    0x4f, 0xf2, 0x0, 0x0, 0x0, 0x0, 0x27, 0x40,
    0x8f, 0xd0, 0x0, 0x0, 0x0, 0x0, 0x0, 0x0,
    0xaf, 0xa0, 0x0, 0x0, 0x0, 0x0, 0x0, 0x0,
    0xbf, 0x90, 0x0, 0x0, 0x0, 0x0, 0x0, 0x0,
    0xcf, 0x90, 0x0, 0x0, 0x0, 0x0, 0x0, 0x0,
    0xaf, 0xa0, 0x0, 0x0, 0x0, 0x0, 0x0, 0x0,
    0x8f, 0xd0, 0x0, 0x0, 0x0, 0x0, 0x3, 0x0,
    0x4f, 0xf1, 0x0, 0x0, 0x0, 0x0, 0x1f, 0xf4,
    0xe, 0xf8, 0x0, 0x0, 0x0, 0x0, 0x8f, 0xf0,
    0x6, 0xff, 0x50, 0x0, 0x0, 0x3, 0xff, 0x80,
    0x0, 0xbf, 0xf9, 0x20, 0x1, 0x8f, 0xfd, 0x0,
    0x0, 0xa, 0xff, 0xff, 0xff, 0xff, 0xd1, 0x0,
    0x0, 0x0, 0x4a, 0xef, 0xfe, 0xc6, 0x0, 0x0,
    0x0, 0x0, 0x0, 0x3f, 0x90, 0x0, 0x0, 0x0,
    0x0, 0x0, 0x0, 0x6e, 0xfd, 0x0, 0x0, 0x0,
    0x0, 0x0, 0x0, 0x0, 0xcf, 0x50, 0x0, 0x0,
    0x0, 0x0, 0x7, 0x79, 0xff, 0x20, 0x0, 0x0,
    0x0, 0x0, 0xe, 0xff, 0xb4, 0x0, 0x0, 0x0,

    /* U+1E09 "ḉ" */
    0x0, 0x0, 0x0, 0x5f, 0xf4, 0x0, 0x0, 0x0,
    0x0, 0xcf, 0x80, 0x0, 0x0, 0x0, 0x3, 0xfb,
    0x0, 0x0, 0x0, 0x0, 0x3, 0x51, 0x0, 0x0,
    0x0, 0x0, 0x0, 0x0, 0x0, 0x0, 0x0, 0x2,
    0x9e, 0xfd, 0xa2, 0x0, 0x0, 0x4f, 0xff, 0xce,
    0xff, 0x60, 0x1, 0xef, 0x90, 0x0, 0x8f, 0xf1,
    0x8, 0xfc, 0x0, 0x0, 0xc, 0xf7, 0xc, 0xf6,
    0x0, 0x0, 0x3, 0x41, 0xf, 0xf2, 0x0, 0x0,
    0x0, 0x0, 0xf, 0xf1, 0x0, 0x0, 0x0, 0x0,
    0xf, 0xf2, 0x0, 0x0, 0x0, 0x0, 0xe, 0xf3,
    0x0, 0x0, 0x2, 0x53, 0xb, 0xf8, 0x0, 0x0,
    0x8, 0xf9, 0x5, 0xfe, 0x10, 0x0, 0x1e, 0xf4,
    0x0, 0xbf, 0xe6, 0x46, 0xdf, 0xa0, 0x0, 0xa,
    0xff, 0xff, 0xf9, 0x0, 0x0, 0x0, 0x2d, 0xe6,
    0x20, 0x0, 0x0, 0x0, 0xe, 0xfa, 0x10, 0x0,
    0x0, 0x0, 0x0, 0x8f, 0x80, 0x0, 0x0, 0x0,
    0x77, 0xcf, 0x70, 0x0, 0x0, 0x0, 0xef, 0xd8,
    0x0, 0x0,

    /* U+1E0A "Ḋ" */
    0x0, 0x0, 0x0, 0x67, 0x20, 0x0, 0x0, 0x0,
    0x0, 0x0, 0x0, 0xdf, 0x50, 0x0, 0x0, 0x0,
    0x0, 0x0, 0x0, 0xdf, 0x50, 0x0, 0x0, 0x0,
    0x0, 0x0, 0x0, 0x0, 0x0, 0x0, 0x0, 0x0,
    0x1f, 0xff, 0xff, 0xff, 0xed, 0x82, 0x0, 0x0,
    0x1f, 0xff, 0xff, 0xff, 0xff, 0xff, 0x50, 0x0,
    0x1f, 0xf4, 0x11, 0x11, 0x26, 0xdf, 0xf4, 0x0,
    0x1f, 0xf3, 0x0, 0x0, 0x0, 0xc, 0xfd, 0x0,
    0x1f, 0xf3, 0x0, 0x0, 0x0, 0x2, 0xff, 0x50,
    0x1f, 0xf3, 0x0, 0x0, 0x0, 0x0, 0xaf, 0xb0,
    0x1f, 0xf3, 0x0, 0x0, 0x0, 0x0, 0x7f, 0xe0,
    0x1f, 0xf3, 0x0, 0x0, 0x0, 0x0, 0x5f, 0xf0,
    0x1f, 0xf3, 0x0, 0x0, 0x0, 0x0, 0x4f, 0xf1,
    0x1f, 0xf3, 0x0, 0x0, 0x0, 0x0, 0x4f, 0xf1,
    0x1f, 0xf3, 0x0, 0x0, 0x0, 0x0, 0x5f, 0xf0,
    0x1f, 0xf3, 0x0, 0x0, 0x0, 0x0, 0x7f, 0xd0,
    0x1f, 0xf3, 0x0, 0x0, 0x0, 0x0, 0xbf, 0xa0,
    0x1f, 0xf3, 0x0, 0x0, 0x0, 0x2, 0xff, 0x50,
    0x1f, 0xf3, 0x0, 0x0, 0x0, 0x1c, 0xfd, 0x0,
    0x1f, 0xf4, 0x11, 0x12, 0x36, 0xef, 0xf3, 0x0,
    0x1f, 0xff, 0xff, 0xff, 0xff, 0xfe, 0x40, 0x0,
    0x1f, 0xff, 0xff, 0xff, 0xeb, 0x71, 0x0, 0x0,

    /* U+1E0B "ḋ" */
    0x0, 0x0, 0x9, 0xf8, 0x0, 0x0, 0x0, 0x0,
    0x9, 0xf8, 0x0, 0x0, 0x0, 0x0, 0x4, 0x73,
    0x0, 0x0, 0x0, 0x0, 0x0, 0x0, 0x0, 0x0,
    0x0, 0x0, 0x0, 0x0, 0x7, 0xfa, 0x0, 0x0,
    0x0, 0x0, 0x7, 0xfa, 0x0, 0x0, 0x0, 0x0,
    0x7, 0xfa, 0x0, 0x0, 0x0, 0x0, 0x7, 0xfa,
    0x0, 0x0, 0x0, 0x0, 0x7, 0xfa, 0x0, 0x4,
    0xbf, 0xfc, 0x47, 0xfa, 0x0, 0x6f, 0xfe, 0xcf,
    0xfb, 0xfa, 0x2, 0xff, 0x60, 0x0, 0xaf, 0xfa,
    0xa, 0xfa, 0x0, 0x0, 0xe, 0xfa, 0xe, 0xf4,
    0x0, 0x0, 0x9, 0xfa, 0xf, 0xf2, 0x0, 0x0,
    0x6, 0xfa, 0x1f, 0xf0, 0x0, 0x0, 0x4, 0xfa,
    0xf, 0xf1, 0x0, 0x0, 0x5, 0xfa, 0xe, 0xf4,
    0x0, 0x0, 0x7, 0xfa, 0x9, 0xfb, 0x0, 0x0,
    0xd, 0xfa, 0x1, 0xff, 0x80, 0x0, 0xaf, 0xfa,
    0x0, 0x4f, 0xfe, 0xcf, 0xfa, 0xfa, 0x0, 0x2,
    0xae, 0xfc, 0x45, 0xfa,

    /* U+1E0C "Ḍ" */
    0x1f, 0xff, 0xff, 0xff, 0xed, 0x82, 0x0, 0x0,
    0x1f, 0xff, 0xff, 0xff, 0xff, 0xff, 0x50, 0x0,
    0x1f, 0xf4, 0x11, 0x11, 0x26, 0xdf, 0xf4, 0x0,
    0x1f, 0xf3, 0x0, 0x0, 0x0, 0xc, 0xfd, 0x0,
    0x1f, 0xf3, 0x0, 0x0, 0x0, 0x2, 0xff, 0x50,
    0x1f, 0xf3, 0x0, 0x0, 0x0, 0x0, 0xaf, 0xb0,
    0x1f, 0xf3, 0x0, 0x0, 0x0, 0x0, 0x7f, 0xe0,
    0x1f, 0xf3, 0x0, 0x0, 0x0, 0x0, 0x5f, 0xf0,
    0x1f, 0xf3, 0x0, 0x0, 0x0, 0x0, 0x4f, 0xf1,
    0x1f, 0xf3, 0x0, 0x0, 0x0, 0x0, 0x4f, 0xf1,
    0x1f, 0xf3, 0x0, 0x0, 0x0, 0x0, 0x5f, 0xf0,
    0x1f, 0xf3, 0x0, 0x0, 0x0, 0x0, 0x7f, 0xd0,
    0x1f, 0xf3, 0x0, 0x0, 0x0, 0x0, 0xbf, 0xa0,
    0x1f, 0xf3, 0x0, 0x0, 0x0, 0x2, 0xff, 0x50,
    0x1f, 0xf3, 0x0, 0x0, 0x0, 0x1c, 0xfd, 0x0,
    0x1f, 0xf4, 0x11, 0x12, 0x36, 0xef, 0xf3, 0x0,
    0x1f, 0xff, 0xff, 0xff, 0xff, 0xfe, 0x40, 0x0,
    0x1f, 0xff, 0xff, 0xff, 0xeb, 0x71, 0x0, 0x0,
    0x0, 0x0, 0x0, 0x0, 0x0, 0x0, 0x0, 0x0,
    0x0, 0x0, 0x0, 0x0, 0x0, 0x0, 0x0, 0x0,
    0x0, 0x0, 0x0, 0x77, 0x0, 0x0, 0x0, 0x0,
    0x0, 0x0, 0x1, 0xff, 0x10, 0x0, 0x0, 0x0,
    0x0, 0x0, 0x1, 0xff, 0x10, 0x0, 0x0, 0x0,

    /* U+1E0D "ḍ" */
    0x0, 0x0, 0x0, 0x0, 0x7, 0xfa, 0x0, 0x0,
    0x0, 0x0, 0x7, 0xfa, 0x0, 0x0, 0x0, 0x0,
    0x7, 0xfa, 0x0, 0x0, 0x0, 0x0, 0x7, 0xfa,
    0x0, 0x0, 0x0, 0x0, 0x7, 0xfa, 0x0, 0x4,
    0xbf, 0xfc, 0x47, 0xfa, 0x0, 0x6f, 0xfe, 0xcf,
    0xfb, 0xfa, 0x2, 0xff, 0x60, 0x0, 0xaf, 0xfa,
    0xa, 0xfa, 0x0, 0x0, 0xe, 0xfa, 0xe, 0xf4,
    0x0, 0x0, 0x9, 0xfa, 0xf, 0xf2, 0x0, 0x0,
    0x6, 0xfa, 0x1f, 0xf0, 0x0, 0x0, 0x4, 0xfa,
    0xf, 0xf1, 0x0, 0x0, 0x5, 0xfa, 0xe, 0xf4,
    0x0, 0x0, 0x7, 0xfa, 0x9, 0xfb, 0x0, 0x0,
    0xd, 0xfa, 0x1, 0xff, 0x80, 0x0, 0xaf, 0xfa,
    0x0, 0x4f, 0xfe, 0xcf, 0xfa, 0xfa, 0x0, 0x2,
    0xae, 0xfc, 0x45, 0xfa, 0x0, 0x0, 0x0, 0x0,
    0x0, 0x0, 0x0, 0x0, 0x0, 0x0, 0x0, 0x0,
    0x0, 0x0, 0x3, 0x74, 0x0, 0x0, 0x0, 0x0,
    0x8, 0xfa, 0x0, 0x0, 0x0, 0x0, 0x8, 0xfa,
    0x0, 0x0,

    /* U+1E0E "Ḏ" */
    0x1f, 0xff, 0xff, 0xff, 0xed, 0x82, 0x0, 0x0,
    0x1f, 0xff, 0xff, 0xff, 0xff, 0xff, 0x50, 0x0,
    0x1f, 0xf4, 0x11, 0x11, 0x26, 0xdf, 0xf4, 0x0,
    0x1f, 0xf3, 0x0, 0x0, 0x0, 0xc, 0xfd, 0x0,
    0x1f, 0xf3, 0x0, 0x0, 0x0, 0x2, 0xff, 0x50,
    0x1f, 0xf3, 0x0, 0x0, 0x0, 0x0, 0xaf, 0xb0,
    0x1f, 0xf3, 0x0, 0x0, 0x0, 0x0, 0x7f, 0xe0,
    0x1f, 0xf3, 0x0, 0x0, 0x0, 0x0, 0x5f, 0xf0,
    0x1f, 0xf3, 0x0, 0x0, 0x0, 0x0, 0x4f, 0xf1,
    0x1f, 0xf3, 0x0, 0x0, 0x0, 0x0, 0x4f, 0xf1,
    0x1f, 0xf3, 0x0, 0x0, 0x0, 0x0, 0x5f, 0xf0,
    0x1f, 0xf3, 0x0, 0x0, 0x0, 0x0, 0x7f, 0xd0,
    0x1f, 0xf3, 0x0, 0x0, 0x0, 0x0, 0xbf, 0xa0,
    0x1f, 0xf3, 0x0, 0x0, 0x0, 0x2, 0xff, 0x50,
    0x1f, 0xf3, 0x0, 0x0, 0x0, 0x1c, 0xfd, 0x0,
    0x1f, 0xf4, 0x11, 0x12, 0x36, 0xef, 0xf3, 0x0,
    0x1f, 0xff, 0xff, 0xff, 0xff, 0xfe, 0x40, 0x0,
    0x1f, 0xff, 0xff, 0xff, 0xeb, 0x71, 0x0, 0x0,
    0x0, 0x0, 0x0, 0x0, 0x0, 0x0, 0x0, 0x0,
    0x0, 0x0, 0x0, 0x0, 0x0, 0x0, 0x0, 0x0,
    0x0, 0x0, 0x0, 0x0, 0x0, 0x0, 0x0, 0x0,
    0x0, 0x9, 0xcc, 0xcc, 0xcc, 0x70, 0x0, 0x0,
    0x0, 0xb, 0xff, 0xff, 0xff, 0x90, 0x0, 0x0,

    /* U+1E0F "ḏ" */
    0x0, 0x0, 0x0, 0x0, 0x7, 0xfa, 0x0, 0x0,
    0x0, 0x0, 0x7, 0xfa, 0x0, 0x0, 0x0, 0x0,
    0x7, 0xfa, 0x0, 0x0, 0x0, 0x0, 0x7, 0xfa,
    0x0, 0x0, 0x0, 0x0, 0x7, 0xfa, 0x0, 0x4,
    0xbf, 0xfc, 0x47, 0xfa, 0x0, 0x6f, 0xfe, 0xcf,
    0xfb, 0xfa, 0x2, 0xff, 0x60, 0x0, 0xaf, 0xfa,
    0xa, 0xfa, 0x0, 0x0, 0xe, 0xfa, 0xe, 0xf4,
    0x0, 0x0, 0x9, 0xfa, 0xf, 0xf2, 0x0, 0x0,
    0x6, 0xfa, 0x1f, 0xf0, 0x0, 0x0, 0x4, 0xfa,
    0xf, 0xf1, 0x0, 0x0, 0x5, 0xfa, 0xe, 0xf4,
    0x0, 0x0, 0x7, 0xfa, 0x9, 0xfb, 0x0, 0x0,
    0xd, 0xfa, 0x1, 0xff, 0x80, 0x0, 0xaf, 0xfa,
    0x0, 0x4f, 0xfe, 0xcf, 0xfa, 0xfa, 0x0, 0x2,
    0xae, 0xfc, 0x45, 0xfa, 0x0, 0x0, 0x0, 0x0,
    0x0, 0x0, 0x0, 0x0, 0x0, 0x0, 0x0, 0x0,
    0x0, 0x0, 0x0, 0x0, 0x0, 0x0, 0x0, 0x3c,
    0xcc, 0xcc, 0xcc, 0x0, 0x0, 0x4f, 0xff, 0xff,
    0xff, 0x0,

    /* U+1E10 "Ḑ" */
    0x1f, 0xff, 0xff, 0xff, 0xed, 0x82, 0x0, 0x0,
    0x1f, 0xff, 0xff, 0xff, 0xff, 0xff, 0x50, 0x0,
    0x1f, 0xf4, 0x11, 0x11, 0x26, 0xdf, 0xf4, 0x0,
    0x1f, 0xf3, 0x0, 0x0, 0x0, 0xc, 0xfd, 0x0,
    0x1f, 0xf3, 0x0, 0x0, 0x0, 0x2, 0xff, 0x50,
    0x1f, 0xf3, 0x0, 0x0, 0x0, 0x0, 0xbf, 0xb0,
    0x1f, 0xf3, 0x0, 0x0, 0x0, 0x0, 0x7f, 0xe0,
    0x1f, 0xf3, 0x0, 0x0, 0x0, 0x0, 0x5f, 0xf0,
    0x1f, 0xf3, 0x0, 0x0, 0x0, 0x0, 0x4f, 0xf1,
    0x1f, 0xf3, 0x0, 0x0, 0x0, 0x0, 0x4f, 0xf1,
    0x1f, 0xf3, 0x0, 0x0, 0x0, 0x0, 0x5f, 0xf0,
    0x1f, 0xf3, 0x0, 0x0, 0x0, 0x0, 0x7f, 0xe0,
    0x1f, 0xf3, 0x0, 0x0, 0x0, 0x0, 0xbf, 0xa0,
    0x1f, 0xf3, 0x0, 0x0, 0x0, 0x2, 0xff, 0x50,
    0x1f, 0xf3, 0x0, 0x0, 0x0, 0xc, 0xfe, 0x0,
    0x1f, 0xf3, 0x0, 0x1, 0x26, 0xdf, 0xf4, 0x0,
    0x1f, 0xff, 0xff, 0xff, 0xff, 0xff, 0x60, 0x0,
    0x1f, 0xff, 0xff, 0xff, 0xed, 0x82, 0x0, 0x0,
    0x0, 0x0, 0x0, 0xf8, 0x0, 0x0, 0x0, 0x0,
    0x0, 0x0, 0x3, 0xfe, 0x80, 0x0, 0x0, 0x0,
    0x0, 0x0, 0x0, 0xa, 0xf4, 0x0, 0x0, 0x0,
    0x0, 0x0, 0x47, 0x9f, 0xf2, 0x0, 0x0, 0x0,
    0x0, 0x0, 0x9f, 0xfc, 0x40, 0x0, 0x0, 0x0,

    /* U+1E11 "ḑ" */
    0x0, 0x0, 0x0, 0x0, 0x7, 0xfa, 0x0, 0x0,
    0x0, 0x0, 0x7, 0xfa, 0x0, 0x0, 0x0, 0x0,
    0x7, 0xfa, 0x0, 0x0, 0x0, 0x0, 0x7, 0xfa,
    0x0, 0x0, 0x0, 0x0, 0x7, 0xfa, 0x0, 0x4,
    0xbe, 0xfc, 0x47, 0xfa, 0x0, 0x6f, 0xfe, 0xcf,
    0xfb, 0xfa, 0x2, 0xff, 0x70, 0x0, 0xbf, 0xfa,
    0x9, 0xfb, 0x0, 0x0, 0xf, 0xfa, 0xe, 0xf5,
    0x0, 0x0, 0x9, 0xfa, 0xf, 0xf2, 0x0, 0x0,
    0x6, 0xfa, 0x1f, 0xf0, 0x0, 0x0, 0x4, 0xfa,
    0x1f, 0xf1, 0x0, 0x0, 0x4, 0xfa, 0xe, 0xf3,
    0x0, 0x0, 0x6, 0xfa, 0xa, 0xf8, 0x0, 0x0,
    0xa, 0xfa, 0x3, 0xff, 0x20, 0x0, 0x4f, 0xfa,
    0x0, 0x8f, 0xf8, 0x58, 0xfe, 0xfa, 0x0, 0x7,
    0xff, 0xff, 0xb5, 0xfa, 0x0, 0x0, 0xa, 0xf3,
    0x0, 0x0, 0x0, 0x0, 0xd, 0xfb, 0x20, 0x0,
    0x0, 0x0, 0x0, 0x5f, 0xc0, 0x0, 0x0, 0x1,
    0x78, 0xcf, 0xa0, 0x0, 0x0, 0x2, 0xff, 0xe9,
    0x0, 0x0,

    /* U+1E12 "Ḓ" */
    0x1f, 0xff, 0xff, 0xff, 0xed, 0x82, 0x0, 0x0,
    0x1f, 0xff, 0xff, 0xff, 0xff, 0xff, 0x50, 0x0,
    0x1f, 0xf4, 0x11, 0x11, 0x26, 0xdf, 0xf4, 0x0,
    0x1f, 0xf3, 0x0, 0x0, 0x0, 0xc, 0xfd, 0x0,
    0x1f, 0xf3, 0x0, 0x0, 0x0, 0x2, 0xff, 0x50,
    0x1f, 0xf3, 0x0, 0x0, 0x0, 0x0, 0xaf, 0xb0,
    0x1f, 0xf3, 0x0, 0x0, 0x0, 0x0, 0x7f, 0xe0,
    0x1f, 0xf3, 0x0, 0x0, 0x0, 0x0, 0x5f, 0xf0,
    0x1f, 0xf3, 0x0, 0x0, 0x0, 0x0, 0x4f, 0xf1,
    0x1f, 0xf3, 0x0, 0x0, 0x0, 0x0, 0x4f, 0xf1,
    0x1f, 0xf3, 0x0, 0x0, 0x0, 0x0, 0x5f, 0xf0,
    0x1f, 0xf3, 0x0, 0x0, 0x0, 0x0, 0x7f, 0xd0,
    0x1f, 0xf3, 0x0, 0x0, 0x0, 0x0, 0xbf, 0xa0,
    0x1f, 0xf3, 0x0, 0x0, 0x0, 0x2, 0xff, 0x50,
    0x1f, 0xf3, 0x0, 0x0, 0x0, 0x1c, 0xfd, 0x0,
    0x1f, 0xf4, 0x11, 0x12, 0x36, 0xef, 0xf3, 0x0,
    0x1f, 0xff, 0xff, 0xff, 0xff, 0xfe, 0x40, 0x0,
    0x1f, 0xff, 0xff, 0xff, 0xeb, 0x71, 0x0, 0x0,
    0x0, 0x0, 0x0, 0x0, 0x0, 0x0, 0x0, 0x0,
    0x0, 0x0, 0x1, 0x43, 0x0, 0x0, 0x0, 0x0,
    0x0, 0x0, 0xd, 0xff, 0x80, 0x0, 0x0, 0x0,
    0x0, 0x0, 0xaf, 0x9c, 0xf5, 0x0, 0x0, 0x0,
    0x0, 0x7, 0xfd, 0x3, 0xff, 0x20, 0x0, 0x0,

    /* U+1E13 "ḓ" */
    0x0, 0x0, 0x0, 0x0, 0x7, 0xfa, 0x0, 0x0,
    0x0, 0x0, 0x7, 0xfa, 0x0, 0x0, 0x0, 0x0,
    0x7, 0xfa, 0x0, 0x0, 0x0, 0x0, 0x7, 0xfa,
    0x0, 0x0, 0x0, 0x0, 0x7, 0xfa, 0x0, 0x4,
    0xbf, 0xfc, 0x47, 0xfa, 0x0, 0x6f, 0xfe, 0xcf,
    0xfb, 0xfa, 0x2, 0xff, 0x60, 0x0, 0xaf, 0xfa,
    0xa, 0xfa, 0x0, 0x0, 0xe, 0xfa, 0xe, 0xf4,
    0x0, 0x0, 0x9, 0xfa, 0xf, 0xf2, 0x0, 0x0,
    0x6, 0xfa, 0x1f, 0xf0, 0x0, 0x0, 0x4, 0xfa,
    0xf, 0xf1, 0x0, 0x0, 0x5, 0xfa, 0xe, 0xf4,
    0x0, 0x0, 0x7, 0xfa, 0x9, 0xfb, 0x0, 0x0,
    0xd, 0xfa, 0x1, 0xff, 0x80, 0x0, 0xaf, 0xfa,
    0x0, 0x4f, 0xfe, 0xcf, 0xfa, 0xfa, 0x0, 0x2,
    0xae, 0xfc, 0x45, 0xfa, 0x0, 0x0, 0x0, 0x0,
    0x0, 0x0, 0x0, 0x0, 0x4, 0x76, 0x0, 0x0,
    0x0, 0x0, 0x3f, 0xff, 0x70, 0x0, 0x0, 0x0,
    0xdf, 0x5e, 0xf3, 0x0, 0x0, 0xa, 0xfa, 0x5,
    0xfe, 0x10,

    /* U+1E14 "Ḕ" */
    0x0, 0x0, 0x5f, 0xf4, 0x0, 0x0, 0x0, 0x0,
    0x0, 0x9, 0xfb, 0x0, 0x0, 0x0, 0x0, 0x0,
    0x0, 0xcf, 0x30, 0x0, 0x0, 0x0, 0x0, 0x0,
    0x15, 0x20, 0x0, 0x0, 0x0, 0x0, 0x0, 0x0,
    0x0, 0x0, 0x0, 0x0, 0xa, 0xff, 0xff, 0xff,
    0xb0, 0x0, 0x0, 0x7, 0xcc, 0xcc, 0xcc, 0x80,
    0x0, 0x0, 0x0, 0x0, 0x0, 0x0, 0x0, 0x0,
    0x1f, 0xff, 0xff, 0xff, 0xff, 0xff, 0xf5, 0x1f,
    0xff, 0xff, 0xff, 0xff, 0xff, 0xf5, 0x1f, 0xf3,
    0x11, 0x11, 0x11, 0x11, 0x10, 0x1f, 0xf2, 0x0,
    0x0, 0x0, 0x0, 0x0, 0x1f, 0xf2, 0x0, 0x0,
    0x0, 0x0, 0x0, 0x1f, 0xf2, 0x0, 0x0, 0x0,
    0x0, 0x0, 0x1f, 0xf2, 0x0, 0x0, 0x0, 0x0,
    0x0, 0x1f, 0xf3, 0x11, 0x11, 0x11, 0x11, 0x0,
    0x1f, 0xff, 0xff, 0xff, 0xff, 0xff, 0xa0, 0x1f,
    0xff, 0xff, 0xff, 0xff, 0xff, 0xa0, 0x1f, 0xf2,
    0x0, 0x0, 0x0, 0x0, 0x0, 0x1f, 0xf2, 0x0,
    0x0, 0x0, 0x0, 0x0, 0x1f, 0xf2, 0x0, 0x0,
    0x0, 0x0, 0x0, 0x1f, 0xf2, 0x0, 0x0, 0x0,
    0x0, 0x0, 0x1f, 0xf2, 0x0, 0x0, 0x0, 0x0,
    0x0, 0x1f, 0xf3, 0x11, 0x11, 0x11, 0x11, 0x10,
    0x1f, 0xff, 0xff, 0xff, 0xff, 0xff, 0xfb, 0x1f,
    0xff, 0xff, 0xff, 0xff, 0xff, 0xfb,

    /* U+1E15 "ḕ" */
    0x0, 0x1, 0xdf, 0xa0, 0x0, 0x0, 0x0, 0x0,
    0x3, 0xff, 0x20, 0x0, 0x0, 0x0, 0x0, 0x6,
    0xf9, 0x0, 0x0, 0x0, 0x0, 0x0, 0x5, 0x50,
    0x0, 0x0, 0x0, 0xc, 0xff, 0xff, 0xff, 0x80,
    0x0, 0x0, 0x9c, 0xcc, 0xcc, 0xc6, 0x0, 0x0,
    0x0, 0x0, 0x0, 0x0, 0x0, 0x0, 0x0, 0x0,
    0x0, 0x0, 0x0, 0x0, 0x0, 0x0, 0x0, 0x0,
    0x0, 0x0, 0x0, 0x0, 0x19, 0xdf, 0xeb, 0x40,
    0x0, 0x0, 0x3f, 0xff, 0xde, 0xff, 0x90, 0x0,
    0x1e, 0xfa, 0x0, 0x4, 0xef, 0x60, 0x7, 0xfc,
    0x0, 0x0, 0x3, 0xfe, 0x0, 0xcf, 0x60, 0x0,
    0x0, 0xd, 0xf2, 0xf, 0xfd, 0xcc, 0xcc, 0xcc,
    0xff, 0x50, 0xff, 0xff, 0xff, 0xff, 0xff, 0xf6,
    0xf, 0xf3, 0x0, 0x0, 0x0, 0x0, 0x0, 0xdf,
    0x60, 0x0, 0x0, 0x4, 0x20, 0x8, 0xfd, 0x0,
    0x0, 0x3, 0xff, 0x10, 0x1f, 0xfa, 0x10, 0x3,
    0xef, 0xa0, 0x0, 0x4f, 0xff, 0xcd, 0xff, 0xc0,
    0x0, 0x0, 0x29, 0xdf, 0xfc, 0x70, 0x0,

    /* U+1E16 "Ḗ" */
    0x0, 0x0, 0x0, 0xe, 0xfa, 0x0, 0x0, 0x0,
    0x0, 0x0, 0x7f, 0xd0, 0x0, 0x0, 0x0, 0x0,
    0x0, 0xef, 0x20, 0x0, 0x0, 0x0, 0x0, 0x1,
    0x53, 0x0, 0x0, 0x0, 0x0, 0x0, 0x0, 0x0,
    0x0, 0x0, 0x0, 0x0, 0x9, 0xff, 0xff, 0xff,
    0xb0, 0x0, 0x0, 0x7, 0xcc, 0xcc, 0xcc, 0x90,
    0x0, 0x0, 0x0, 0x0, 0x0, 0x0, 0x0, 0x0,
    0x1f, 0xff, 0xff, 0xff, 0xff, 0xff, 0xf5, 0x1f,
    0xff, 0xff, 0xff, 0xff, 0xff, 0xf5, 0x1f, 0xf3,
    0x11, 0x11, 0x11, 0x11, 0x10, 0x1f, 0xf2, 0x0,
    0x0, 0x0, 0x0, 0x0, 0x1f, 0xf2, 0x0, 0x0,
    0x0, 0x0, 0x0, 0x1f, 0xf2, 0x0, 0x0, 0x0,
    0x0, 0x0, 0x1f, 0xf2, 0x0, 0x0, 0x0, 0x0,
    0x0, 0x1f, 0xf3, 0x11, 0x11, 0x11, 0x11, 0x0,
    0x1f, 0xff, 0xff, 0xff, 0xff, 0xff, 0xa0, 0x1f,
    0xff, 0xff, 0xff, 0xff, 0xff, 0xa0, 0x1f, 0xf2,
    0x0, 0x0, 0x0, 0x0, 0x0, 0x1f, 0xf2, 0x0,
    0x0, 0x0, 0x0, 0x0, 0x1f, 0xf2, 0x0, 0x0,
    0x0, 0x0, 0x0, 0x1f, 0xf2, 0x0, 0x0, 0x0,
    0x0, 0x0, 0x1f, 0xf2, 0x0, 0x0, 0x0, 0x0,
    0x0, 0x1f, 0xf3, 0x11, 0x11, 0x11, 0x11, 0x10,
    0x1f, 0xff, 0xff, 0xff, 0xff, 0xff, 0xfb, 0x1f,
    0xff, 0xff, 0xff, 0xff, 0xff, 0xfb,

    /* U+1E17 "ḗ" */
    0x0, 0x0, 0x0, 0x4f, 0xf5, 0x0, 0x0, 0x0,
    0x0, 0xc, 0xf8, 0x0, 0x0, 0x0, 0x0, 0x3,
    0xfc, 0x0, 0x0, 0x0, 0x0, 0x0, 0x35, 0x10,
    0x0, 0x0, 0x0, 0xc, 0xff, 0xff, 0xff, 0x80,
    0x0, 0x0, 0x9c, 0xcc, 0xcc, 0xc6, 0x0, 0x0,
    0x0, 0x0, 0x0, 0x0, 0x0, 0x0, 0x0, 0x0,
    0x0, 0x0, 0x0, 0x0, 0x0, 0x0, 0x0, 0x0,
    0x0, 0x0, 0x0, 0x0, 0x19, 0xdf, 0xeb, 0x40,
    0x0, 0x0, 0x3f, 0xff, 0xde, 0xff, 0x90, 0x0,
    0x1e, 0xfa, 0x0, 0x4, 0xef, 0x60, 0x7, 0xfc,
    0x0, 0x0, 0x3, 0xfe, 0x0, 0xcf, 0x60, 0x0,
    0x0, 0xd, 0xf2, 0xf, 0xfd, 0xcc, 0xcc, 0xcc,
    0xff, 0x50, 0xff, 0xff, 0xff, 0xff, 0xff, 0xf6,
    0xf, 0xf3, 0x0, 0x0, 0x0, 0x0, 0x0, 0xdf,
    0x60, 0x0, 0x0, 0x4, 0x20, 0x8, 0xfd, 0x0,
    0x0, 0x3, 0xff, 0x10, 0x1f, 0xfa, 0x10, 0x3,
    0xef, 0xa0, 0x0, 0x4f, 0xff, 0xcd, 0xff, 0xc0,
    0x0, 0x0, 0x29, 0xdf, 0xfc, 0x70, 0x0,

    /* U+1E18 "Ḙ" */
    0x1f, 0xff, 0xff, 0xff, 0xff, 0xff, 0xf5, 0x1f,
    0xff, 0xff, 0xff, 0xff, 0xff, 0xf5, 0x1f, 0xf3,
    0x11, 0x11, 0x11, 0x11, 0x10, 0x1f, 0xf2, 0x0,
    0x0, 0x0, 0x0, 0x0, 0x1f, 0xf2, 0x0, 0x0,
    0x0, 0x0, 0x0, 0x1f, 0xf2, 0x0, 0x0, 0x0,
    0x0, 0x0, 0x1f, 0xf2, 0x0, 0x0, 0x0, 0x0,
    0x0, 0x1f, 0xf3, 0x11, 0x11, 0x11, 0x11, 0x0,
    0x1f, 0xff, 0xff, 0xff, 0xff, 0xff, 0xa0, 0x1f,
    0xff, 0xff, 0xff, 0xff, 0xff, 0xa0, 0x1f, 0xf2,
    0x0, 0x0, 0x0, 0x0, 0x0, 0x1f, 0xf2, 0x0,
    0x0, 0x0, 0x0, 0x0, 0x1f, 0xf2, 0x0, 0x0,
    0x0, 0x0, 0x0, 0x1f, 0xf2, 0x0, 0x0, 0x0,
    0x0, 0x0, 0x1f, 0xf2, 0x0, 0x0, 0x0, 0x0,
    0x0, 0x1f, 0xf3, 0x11, 0x11, 0x11, 0x11, 0x10,
    0x1f, 0xff, 0xff, 0xff, 0xff, 0xff, 0xfb, 0x1f,
    0xff, 0xff, 0xff, 0xff, 0xff, 0xfb, 0x0, 0x0,
    0x0, 0x0, 0x0, 0x0, 0x0, 0x0, 0x0, 0x0,
    0x34, 0x10, 0x0, 0x0, 0x0, 0x0, 0x9, 0xff,
    0xc0, 0x0, 0x0, 0x0, 0x0, 0x5f, 0xd8, 0xfa,
    0x0, 0x0, 0x0, 0x2, 0xff, 0x30, 0xdf, 0x70,
    0x0,

    /* U+1E19 "ḙ" */
    0x0, 0x1, 0x9d, 0xfe, 0xb4, 0x0, 0x0, 0x3,
    0xff, 0xfd, 0xef, 0xf9, 0x0, 0x1, 0xef, 0xa0,
    0x0, 0x4e, 0xf6, 0x0, 0x7f, 0xc0, 0x0, 0x0,
    0x3f, 0xe0, 0xc, 0xf6, 0x0, 0x0, 0x0, 0xdf,
    0x20, 0xff, 0xdc, 0xcc, 0xcc, 0xcf, 0xf5, 0xf,
    0xff, 0xff, 0xff, 0xff, 0xff, 0x60, 0xff, 0x30,
    0x0, 0x0, 0x0, 0x0, 0xd, 0xf6, 0x0, 0x0,
    0x0, 0x42, 0x0, 0x8f, 0xd0, 0x0, 0x0, 0x3f,
    0xf1, 0x1, 0xff, 0xa1, 0x0, 0x3e, 0xfa, 0x0,
    0x4, 0xff, 0xfc, 0xdf, 0xfc, 0x0, 0x0, 0x2,
    0x9d, 0xff, 0xc7, 0x0, 0x0, 0x0, 0x0, 0x0,
    0x0, 0x0, 0x0, 0x0, 0x0, 0x2, 0x77, 0x10,
    0x0, 0x0, 0x0, 0x0, 0xdf, 0xfc, 0x0, 0x0,
    0x0, 0x0, 0x9f, 0xa9, 0xf8, 0x0, 0x0, 0x0,
    0x5f, 0xe1, 0x1e, 0xf5, 0x0,

    /* U+1E1A "Ḛ" */
    0x1f, 0xff, 0xff, 0xff, 0xff, 0xff, 0xf5, 0x1f,
    0xff, 0xff, 0xff, 0xff, 0xff, 0xf5, 0x1f, 0xf3,
    0x11, 0x11, 0x11, 0x11, 0x10, 0x1f, 0xf2, 0x0,
    0x0, 0x0, 0x0, 0x0, 0x1f, 0xf2, 0x0, 0x0,
    0x0, 0x0, 0x0, 0x1f, 0xf2, 0x0, 0x0, 0x0,
    0x0, 0x0, 0x1f, 0xf2, 0x0, 0x0, 0x0, 0x0,
    0x0, 0x1f, 0xf2, 0x0, 0x0, 0x0, 0x0, 0x0,
    0x1f, 0xff, 0xff, 0xff, 0xff, 0xff, 0xa0, 0x1f,
    0xff, 0xff, 0xff, 0xff, 0xff, 0xa0, 0x1f, 0xf3,
    0x11, 0x11, 0x11, 0x11, 0x0, 0x1f, 0xf2, 0x0,
    0x0, 0x0, 0x0, 0x0, 0x1f, 0xf2, 0x0, 0x0,
    0x0, 0x0, 0x0, 0x1f, 0xf2, 0x0, 0x0, 0x0,
    0x0, 0x0, 0x1f, 0xf2, 0x0, 0x0, 0x0, 0x0,
    0x0, 0x1f, 0xf3, 0x11, 0x11, 0x11, 0x11, 0x10,
    0x1f, 0xff, 0xff, 0xff, 0xff, 0xff, 0xfb, 0x1f,
    0xff, 0xff, 0xff, 0xff, 0xff, 0xfb, 0x0, 0x0,
    0x0, 0x0, 0x0, 0x0, 0x0, 0x0, 0x0, 0x0,
    0x0, 0x0, 0x0, 0x0, 0x0, 0x0, 0x38, 0x72,
    0x3, 0x91, 0x0, 0x0, 0x3, 0xff, 0xff, 0xce,
    0xf0, 0x0, 0x0, 0x8, 0xf2, 0x29, 0xee, 0x50,
    0x0,

    /* U+1E1B "ḛ" */
    0x0, 0x1, 0x9d, 0xfe, 0xa3, 0x0, 0x0, 0x3,
    0xff, 0xfc, 0xef, 0xf7, 0x0, 0x1, 0xef, 0xb1,
    0x0, 0x6f, 0xf3, 0x0, 0x7f, 0xe1, 0x0, 0x0,
    0x6f, 0xc0, 0xc, 0xf8, 0x0, 0x0, 0x0, 0xff,
    0x10, 0xff, 0x50, 0x0, 0x0, 0xd, 0xf4, 0xf,
    0xff, 0xff, 0xff, 0xff, 0xff, 0x50, 0xff, 0xcc,
    0xcc, 0xcc, 0xcc, 0xc4, 0xd, 0xf4, 0x0, 0x0,
    0x0, 0x0, 0x0, 0x8f, 0xa0, 0x0, 0x0, 0x1c,
    0xb2, 0x1, 0xff, 0x80, 0x0, 0x1c, 0xfc, 0x0,
    0x4, 0xff, 0xfd, 0xdf, 0xfd, 0x10, 0x0, 0x2,
    0x9d, 0xfe, 0xc7, 0x10, 0x0, 0x0, 0x0, 0x0,
    0x0, 0x0, 0x0, 0x0, 0x0, 0x0, 0x0, 0x0,
    0x0, 0x0, 0x0, 0x6, 0x85, 0x0, 0x77, 0x0,
    0x0, 0x9, 0xff, 0xff, 0xcf, 0x90, 0x0, 0x0,
    0xeb, 0x15, 0xcf, 0xb1, 0x0,

    /* U+1E1C "Ḝ" */
    0x0, 0x0, 0xe8, 0x0, 0xb, 0xc0, 0x0, 0x0,
    0x0, 0x9f, 0x52, 0x7f, 0x70, 0x0, 0x0, 0x0,
    0xb, 0xff, 0xfa, 0x0, 0x0, 0x0, 0x0, 0x0,
    0x24, 0x20, 0x0, 0x0, 0x1f, 0xff, 0xff, 0xff,
    0xff, 0xff, 0xf5, 0x1f, 0xff, 0xff, 0xff, 0xff,
    0xff, 0xf5, 0x1f, 0xf3, 0x11, 0x11, 0x11, 0x11,
    0x10, 0x1f, 0xf2, 0x0, 0x0, 0x0, 0x0, 0x0,
    0x1f, 0xf2, 0x0, 0x0, 0x0, 0x0, 0x0, 0x1f,
    0xf2, 0x0, 0x0, 0x0, 0x0, 0x0, 0x1f, 0xf2,
    0x0, 0x0, 0x0, 0x0, 0x0, 0x1f, 0xf3, 0x11,
    0x11, 0x11, 0x11, 0x0, 0x1f, 0xff, 0xff, 0xff,
    0xff, 0xff, 0xa0, 0x1f, 0xff, 0xff, 0xff, 0xff,
    0xff, 0xa0, 0x1f, 0xf2, 0x0, 0x0, 0x0, 0x0,
    0x0, 0x1f, 0xf2, 0x0, 0x0, 0x0, 0x0, 0x0,
    0x1f, 0xf2, 0x0, 0x0, 0x0, 0x0, 0x0, 0x1f,
    0xf2, 0x0, 0x0, 0x0, 0x0, 0x0, 0x1f, 0xf2,
    0x0, 0x0, 0x0, 0x0, 0x0, 0x1f, 0xf3, 0x11,
    0x11, 0x11, 0x11, 0x10, 0x1f, 0xff, 0xff, 0xff,
    0xff, 0xff, 0xfb, 0x1f, 0xff, 0xff, 0xff, 0xff,
    0xff, 0xfb, 0x0, 0x0, 0x0, 0x8f, 0x0, 0x0,
    0x0, 0x0, 0x0, 0x0, 0xbf, 0xd3, 0x0, 0x0,
    0x0, 0x0, 0x0, 0x3, 0xfc, 0x0, 0x0, 0x0,
    0x0, 0x7, 0x8c, 0xfa, 0x0, 0x0, 0x0, 0x0,
    0x2f, 0xfe, 0x90, 0x0, 0x0,

    /* U+1E1D "ḝ" */
    0x0, 0x8, 0xf0, 0x0, 0x3f, 0x30, 0x0, 0x0,
    0x3f, 0x90, 0x2c, 0xe0, 0x0, 0x0, 0x0, 0x8f,
    0xff, 0xf4, 0x0, 0x0, 0x0, 0x0, 0x26, 0x61,
    0x0, 0x0, 0x0, 0x0, 0x0, 0x0, 0x0, 0x0,
    0x0, 0x0, 0x19, 0xdf, 0xeb, 0x40, 0x0, 0x0,
    0x3e, 0xff, 0xde, 0xff, 0x90, 0x0, 0xe, 0xfa,
    0x0, 0x4, 0xef, 0x60, 0x7, 0xfc, 0x0, 0x0,
    0x3, 0xfe, 0x0, 0xcf, 0x60, 0x0, 0x0, 0xd,
    0xf2, 0xf, 0xfd, 0xcc, 0xcc, 0xcc, 0xff, 0x50,
    0xff, 0xff, 0xff, 0xff, 0xff, 0xf6, 0xf, 0xf2,
    0x0, 0x0, 0x0, 0x0, 0x0, 0xef, 0x50, 0x0,
    0x0, 0x1, 0x0, 0xa, 0xfa, 0x0, 0x0, 0x1,
    0xff, 0x20, 0x4f, 0xf5, 0x0, 0x0, 0xaf, 0xc0,
    0x0, 0x9f, 0xf9, 0x56, 0xcf, 0xf3, 0x0, 0x0,
    0x7f, 0xff, 0xff, 0xd3, 0x0, 0x0, 0x0, 0x6,
    0xf9, 0x20, 0x0, 0x0, 0x0, 0x0, 0x7f, 0xc5,
    0x0, 0x0, 0x0, 0x0, 0x0, 0x1e, 0xf1, 0x0,
    0x0, 0x0, 0x6, 0x79, 0xff, 0x0, 0x0, 0x0,
    0x0, 0xcf, 0xeb, 0x30, 0x0, 0x0,

    /* U+1E1E "Ḟ" */
    0x0, 0x0, 0x3, 0x75, 0x0, 0x0, 0x0, 0x0,
    0x0, 0x7f, 0xb0, 0x0, 0x0, 0x0, 0x0, 0x7,
    0xfb, 0x0, 0x0, 0x0, 0x0, 0x0, 0x0, 0x0,
    0x0, 0x0, 0x1f, 0xff, 0xff, 0xff, 0xff, 0xff,
    0x81, 0xff, 0xff, 0xff, 0xff, 0xff, 0xf8, 0x1f,
    0xf4, 0x11, 0x11, 0x11, 0x11, 0x1, 0xff, 0x30,
    0x0, 0x0, 0x0, 0x0, 0x1f, 0xf3, 0x0, 0x0,
    0x0, 0x0, 0x1, 0xff, 0x30, 0x0, 0x0, 0x0,
    0x0, 0x1f, 0xf3, 0x0, 0x0, 0x0, 0x0, 0x1,
    0xff, 0x30, 0x0, 0x0, 0x0, 0x0, 0x1f, 0xff,
    0xff, 0xff, 0xff, 0xf4, 0x1, 0xff, 0xff, 0xff,
    0xff, 0xff, 0x40, 0x1f, 0xf4, 0x11, 0x11, 0x11,
    0x10, 0x1, 0xff, 0x30, 0x0, 0x0, 0x0, 0x0,
    0x1f, 0xf3, 0x0, 0x0, 0x0, 0x0, 0x1, 0xff,
    0x30, 0x0, 0x0, 0x0, 0x0, 0x1f, 0xf3, 0x0,
    0x0, 0x0, 0x0, 0x1, 0xff, 0x30, 0x0, 0x0,
    0x0, 0x0, 0x1f, 0xf3, 0x0, 0x0, 0x0, 0x0,
    0x1, 0xff, 0x30, 0x0, 0x0, 0x0, 0x0,

    /* U+1E1F "ḟ" */
    0x0, 0x3, 0x74, 0x0, 0x0, 0x8, 0xfa, 0x0,
    0x0, 0x8, 0xfa, 0x0, 0x0, 0x0, 0x0, 0x0,
    0x0, 0x8, 0xef, 0xe5, 0x0, 0x8f, 0xff, 0xf4,
    0x0, 0xdf, 0x90, 0x0, 0x0, 0xef, 0x30, 0x0,
    0x0, 0xff, 0x20, 0x0, 0xdf, 0xff, 0xff, 0x90,
    0x8a, 0xff, 0xba, 0x60, 0x0, 0xff, 0x20, 0x0,
    0x0, 0xff, 0x20, 0x0, 0x0, 0xff, 0x20, 0x0,
    0x0, 0xff, 0x20, 0x0, 0x0, 0xff, 0x20, 0x0,
    0x0, 0xff, 0x20, 0x0, 0x0, 0xff, 0x20, 0x0,
    0x0, 0xff, 0x20, 0x0, 0x0, 0xff, 0x20, 0x0,
    0x0, 0xff, 0x20, 0x0, 0x0, 0xff, 0x20, 0x0,

    /* U+1E20 "Ḡ" */
    0x0, 0x0, 0x25, 0x55, 0x55, 0x52, 0x0, 0x0,
    0x0, 0x0, 0x7f, 0xff, 0xff, 0xf7, 0x0, 0x0,
    0x0, 0x0, 0x7f, 0xff, 0xff, 0xf7, 0x0, 0x0,
    0x0, 0x0, 0x0, 0x0, 0x0, 0x0, 0x0, 0x0,
    0x0, 0x0, 0x0, 0x0, 0x0, 0x0, 0x0, 0x0,
    0x0, 0x0, 0x4a, 0xdf, 0xfd, 0xa4, 0x0, 0x0,
    0x0, 0xb, 0xff, 0xff, 0xff, 0xff, 0xb1, 0x0,
    0x0, 0xdf, 0xff, 0xec, 0xce, 0xff, 0xfc, 0x0,
    0x9, 0xff, 0xf6, 0x0, 0x0, 0x5f, 0xff, 0x60,
    0x2f, 0xff, 0x60, 0x0, 0x0, 0x7, 0xff, 0xd0,
    0x7f, 0xfd, 0x0, 0x0, 0x0, 0x1, 0x99, 0x91,
    0xcf, 0xf8, 0x0, 0x0, 0x0, 0x0, 0x0, 0x0,
    0xdf, 0xf5, 0x0, 0x0, 0x0, 0x0, 0x0, 0x0,
    0xff, 0xf4, 0x0, 0x0, 0xff, 0xff, 0xff, 0xf4,
    0xef, 0xf5, 0x0, 0x0, 0xff, 0xff, 0xff, 0xf4,
    0xcf, 0xf7, 0x0, 0x0, 0x66, 0x66, 0xef, 0xf4,
    0x8f, 0xfc, 0x0, 0x0, 0x0, 0x0, 0xff, 0xf4,
    0x3f, 0xff, 0x50, 0x0, 0x0, 0x7, 0xff, 0xf4,
    0xa, 0xff, 0xf5, 0x0, 0x0, 0x6f, 0xff, 0xf4,
    0x1, 0xef, 0xff, 0xec, 0xbe, 0xff, 0xde, 0xf4,
    0x0, 0x1c, 0xff, 0xff, 0xff, 0xfd, 0x2d, 0xf4,
    0x0, 0x0, 0x5b, 0xef, 0xfc, 0x70, 0xc, 0xf4,

    /* U+1E21 "ḡ" */
    0x0, 0x4, 0xff, 0xff, 0xff, 0xb0, 0x0, 0x0,
    0x4, 0xff, 0xff, 0xff, 0xb0, 0x0, 0x0, 0x1,
    0x44, 0x44, 0x44, 0x30, 0x0, 0x0, 0x0, 0x0,
    0x0, 0x0, 0x0, 0x0, 0x0, 0x2, 0xae, 0xfd,
    0x70, 0xcf, 0xf3, 0x0, 0x4f, 0xff, 0xff, 0xfa,
    0xcf, 0xf3, 0x1, 0xff, 0xfd, 0x77, 0xcf, 0xff,
    0xf3, 0x9, 0xff, 0xd0, 0x0, 0xa, 0xff, 0xf3,
    0xd, 0xff, 0x60, 0x0, 0x1, 0xff, 0xf3, 0xf,
    0xff, 0x30, 0x0, 0x0, 0xef, 0xf3, 0xf, 0xff,
    0x20, 0x0, 0x0, 0xef, 0xf3, 0xe, 0xff, 0x40,
    0x0, 0x1, 0xff, 0xf3, 0xb, 0xff, 0xb0, 0x0,
    0x7, 0xff, 0xf3, 0x4, 0xff, 0xf8, 0x11, 0x6f,
    0xff, 0xf3, 0x0, 0xaf, 0xff, 0xff, 0xfe, 0xef,
    0xf3, 0x0, 0x8, 0xff, 0xff, 0xd3, 0xef, 0xf3,
    0x0, 0x0, 0x4, 0x53, 0x0, 0xff, 0xf2, 0x6,
    0xdd, 0x90, 0x0, 0x4, 0xff, 0xe0, 0x2, 0xff,
    0xfa, 0x55, 0x8f, 0xff, 0x80, 0x0, 0x5f, 0xff,
    0xff, 0xff, 0xfa, 0x0, 0x0, 0x2, 0x9d, 0xff,
    0xea, 0x40, 0x0,

    /* U+1E22 "Ḣ" */
    0x0, 0x0, 0x0, 0x17, 0x60, 0x0, 0x0, 0x0,
    0x0, 0x0, 0x3, 0xff, 0x0, 0x0, 0x0, 0x0,
    0x0, 0x0, 0x3f, 0xf0, 0x0, 0x0, 0x0, 0x0,
    0x0, 0x0, 0x0, 0x0, 0x0, 0x0, 0x1f, 0xf3,
    0x0, 0x0, 0x0, 0x0, 0xef, 0x61, 0xff, 0x30,
    0x0, 0x0, 0x0, 0xe, 0xf6, 0x1f, 0xf3, 0x0,
    0x0, 0x0, 0x0, 0xef, 0x61, 0xff, 0x30, 0x0,
    0x0, 0x0, 0xe, 0xf6, 0x1f, 0xf3, 0x0, 0x0,
    0x0, 0x0, 0xef, 0x61, 0xff, 0x30, 0x0, 0x0,
    0x0, 0xe, 0xf6, 0x1f, 0xf3, 0x0, 0x0, 0x0,
    0x0, 0xef, 0x61, 0xff, 0x41, 0x11, 0x11, 0x11,
    0x1e, 0xf6, 0x1f, 0xff, 0xff, 0xff, 0xff, 0xff,
    0xff, 0x61, 0xff, 0xff, 0xff, 0xff, 0xff, 0xff,
    0xf6, 0x1f, 0xf3, 0x0, 0x0, 0x0, 0x0, 0xef,
    0x61, 0xff, 0x30, 0x0, 0x0, 0x0, 0xe, 0xf6,
    0x1f, 0xf3, 0x0, 0x0, 0x0, 0x0, 0xef, 0x61,
    0xff, 0x30, 0x0, 0x0, 0x0, 0xe, 0xf6, 0x1f,
    0xf3, 0x0, 0x0, 0x0, 0x0, 0xef, 0x61, 0xff,
    0x30, 0x0, 0x0, 0x0, 0xe, 0xf6, 0x1f, 0xf3,
    0x0, 0x0, 0x0, 0x0, 0xef, 0x61, 0xff, 0x30,
    0x0, 0x0, 0x0, 0xe, 0xf6,

    /* U+1E23 "ḣ" */
    0x27, 0x50, 0x0, 0x0, 0x0, 0x5, 0xfc, 0x0,
    0x0, 0x0, 0x0, 0x5f, 0xc0, 0x0, 0x0, 0x0,
    0x0, 0x0, 0x0, 0x0, 0x0, 0x0, 0x6f, 0xb0,
    0x0, 0x0, 0x0, 0x6, 0xfb, 0x0, 0x0, 0x0,
    0x0, 0x6f, 0xb0, 0x0, 0x0, 0x0, 0x6, 0xfb,
    0x0, 0x0, 0x0, 0x0, 0x6f, 0xb0, 0x0, 0x0,
    0x0, 0x6, 0xfb, 0x19, 0xef, 0xd9, 0x10, 0x6f,
    0xde, 0xff, 0xff, 0xfd, 0x6, 0xff, 0xe4, 0x0,
    0x4f, 0xf6, 0x6f, 0xf3, 0x0, 0x0, 0x9f, 0xa6,
    0xfe, 0x0, 0x0, 0x6, 0xfb, 0x6f, 0xb0, 0x0,
    0x0, 0x5f, 0xc6, 0xfb, 0x0, 0x0, 0x5, 0xfc,
    0x6f, 0xb0, 0x0, 0x0, 0x5f, 0xc6, 0xfb, 0x0,
    0x0, 0x5, 0xfc, 0x6f, 0xb0, 0x0, 0x0, 0x5f,
    0xc6, 0xfb, 0x0, 0x0, 0x5, 0xfc, 0x6f, 0xb0,
    0x0, 0x0, 0x5f, 0xc6, 0xfb, 0x0, 0x0, 0x5,
    0xfc,

    /* U+1E24 "Ḥ" */
    0x1f, 0xf3, 0x0, 0x0, 0x0, 0x0, 0xef, 0x61,
    0xff, 0x30, 0x0, 0x0, 0x0, 0xe, 0xf6, 0x1f,
    0xf3, 0x0, 0x0, 0x0, 0x0, 0xef, 0x61, 0xff,
    0x30, 0x0, 0x0, 0x0, 0xe, 0xf6, 0x1f, 0xf3,
    0x0, 0x0, 0x0, 0x0, 0xef, 0x61, 0xff, 0x30,
    0x0, 0x0, 0x0, 0xe, 0xf6, 0x1f, 0xf3, 0x0,
    0x0, 0x0, 0x0, 0xef, 0x61, 0xff, 0x41, 0x11,
    0x11, 0x11, 0x1e, 0xf6, 0x1f, 0xff, 0xff, 0xff,
    0xff, 0xff, 0xff, 0x61, 0xff, 0xff, 0xff, 0xff,
    0xff, 0xff, 0xf6, 0x1f, 0xf3, 0x0, 0x0, 0x0,
    0x0, 0xef, 0x61, 0xff, 0x30, 0x0, 0x0, 0x0,
    0xe, 0xf6, 0x1f, 0xf3, 0x0, 0x0, 0x0, 0x0,
    0xef, 0x61, 0xff, 0x30, 0x0, 0x0, 0x0, 0xe,
    0xf6, 0x1f, 0xf3, 0x0, 0x0, 0x0, 0x0, 0xef,
    0x61, 0xff, 0x30, 0x0, 0x0, 0x0, 0xe, 0xf6,
    0x1f, 0xf3, 0x0, 0x0, 0x0, 0x0, 0xef, 0x61,
    0xff, 0x30, 0x0, 0x0, 0x0, 0xe, 0xf6, 0x0,
    0x0, 0x0, 0x0, 0x0, 0x0, 0x0, 0x0, 0x0,
    0x0, 0x0, 0x0, 0x0, 0x0, 0x0, 0x0, 0x0,
    0x0, 0x17, 0x70, 0x0, 0x0, 0x0, 0x0, 0x0,
    0x3, 0xff, 0x0, 0x0, 0x0, 0x0, 0x0, 0x0,
    0x3f, 0xf0, 0x0, 0x0, 0x0,

    /* U+1E25 "ḥ" */
    0x6f, 0xb0, 0x0, 0x0, 0x0, 0x6, 0xfb, 0x0,
    0x0, 0x0, 0x0, 0x6f, 0xb0, 0x0, 0x0, 0x0,
    0x6, 0xfb, 0x0, 0x0, 0x0, 0x0, 0x6f, 0xb0,
    0x0, 0x0, 0x0, 0x6, 0xfb, 0x19, 0xef, 0xd9,
    0x10, 0x6f, 0xde, 0xff, 0xff, 0xfd, 0x6, 0xff,
    0xe4, 0x0, 0x4f, 0xf6, 0x6f, 0xf3, 0x0, 0x0,
    0x9f, 0xa6, 0xfe, 0x0, 0x0, 0x6, 0xfb, 0x6f,
    0xb0, 0x0, 0x0, 0x5f, 0xc6, 0xfb, 0x0, 0x0,
    0x5, 0xfc, 0x6f, 0xb0, 0x0, 0x0, 0x5f, 0xc6,
    0xfb, 0x0, 0x0, 0x5, 0xfc, 0x6f, 0xb0, 0x0,
    0x0, 0x5f, 0xc6, 0xfb, 0x0, 0x0, 0x5, 0xfc,
    0x6f, 0xb0, 0x0, 0x0, 0x5f, 0xc6, 0xfb, 0x0,
    0x0, 0x5, 0xfc, 0x0, 0x0, 0x0, 0x0, 0x0,
    0x0, 0x0, 0x0, 0x0, 0x0, 0x0, 0x0, 0x0,
    0x27, 0x60, 0x0, 0x0, 0x0, 0x4, 0xfe, 0x0,
    0x0, 0x0, 0x0, 0x4f, 0xe0, 0x0, 0x0,

    /* U+1E26 "Ḧ" */
    0x0, 0x0, 0x47, 0x40, 0x17, 0x60, 0x0, 0x0,
    0x0, 0x9, 0xf9, 0x3, 0xff, 0x0, 0x0, 0x0,
    0x0, 0x9f, 0x90, 0x3f, 0xf0, 0x0, 0x0, 0x0,
    0x0, 0x0, 0x0, 0x0, 0x0, 0x0, 0x1f, 0xf3,
    0x0, 0x0, 0x0, 0x0, 0xef, 0x61, 0xff, 0x30,
    0x0, 0x0, 0x0, 0xe, 0xf6, 0x1f, 0xf3, 0x0,
    0x0, 0x0, 0x0, 0xef, 0x61, 0xff, 0x30, 0x0,
    0x0, 0x0, 0xe, 0xf6, 0x1f, 0xf3, 0x0, 0x0,
    0x0, 0x0, 0xef, 0x61, 0xff, 0x30, 0x0, 0x0,
    0x0, 0xe, 0xf6, 0x1f, 0xf3, 0x0, 0x0, 0x0,
    0x0, 0xef, 0x61, 0xff, 0x41, 0x11, 0x11, 0x11,
    0x1e, 0xf6, 0x1f, 0xff, 0xff, 0xff, 0xff, 0xff,
    0xff, 0x61, 0xff, 0xff, 0xff, 0xff, 0xff, 0xff,
    0xf6, 0x1f, 0xf3, 0x0, 0x0, 0x0, 0x0, 0xef,
    0x61, 0xff, 0x30, 0x0, 0x0, 0x0, 0xe, 0xf6,
    0x1f, 0xf3, 0x0, 0x0, 0x0, 0x0, 0xef, 0x61,
    0xff, 0x30, 0x0, 0x0, 0x0, 0xe, 0xf6, 0x1f,
    0xf3, 0x0, 0x0, 0x0, 0x0, 0xef, 0x61, 0xff,
    0x30, 0x0, 0x0, 0x0, 0xe, 0xf6, 0x1f, 0xf3,
    0x0, 0x0, 0x0, 0x0, 0xef, 0x61, 0xff, 0x30,
    0x0, 0x0, 0x0, 0xe, 0xf6,

    /* U+1E27 "ḧ" */
    0x0, 0x37, 0x40, 0x17, 0x70, 0x0, 0x8, 0xfa,
    0x2, 0xff, 0x0, 0x0, 0x8f, 0xa0, 0x2f, 0xf0,
    0x0, 0x0, 0x0, 0x0, 0x0, 0x0, 0x6f, 0xb0,
    0x0, 0x0, 0x0, 0x6, 0xfb, 0x0, 0x0, 0x0,
    0x0, 0x6f, 0xb0, 0x0, 0x0, 0x0, 0x6, 0xfb,
    0x0, 0x0, 0x0, 0x0, 0x6f, 0xb0, 0x0, 0x0,
    0x0, 0x6, 0xfb, 0x19, 0xef, 0xd9, 0x10, 0x6f,
    0xde, 0xff, 0xff, 0xfd, 0x6, 0xff, 0xe4, 0x0,
    0x4f, 0xf6, 0x6f, 0xf3, 0x0, 0x0, 0x9f, 0xa6,
    0xfe, 0x0, 0x0, 0x6, 0xfb, 0x6f, 0xb0, 0x0,
    0x0, 0x5f, 0xc6, 0xfb, 0x0, 0x0, 0x5, 0xfc,
    0x6f, 0xb0, 0x0, 0x0, 0x5f, 0xc6, 0xfb, 0x0,
    0x0, 0x5, 0xfc, 0x6f, 0xb0, 0x0, 0x0, 0x5f,
    0xc6, 0xfb, 0x0, 0x0, 0x5, 0xfc, 0x6f, 0xb0,
    0x0, 0x0, 0x5f, 0xc6, 0xfb, 0x0, 0x0, 0x5,
    0xfc,

    /* U+1E28 "Ḩ" */
    0x1, 0xff, 0x30, 0x0, 0x0, 0x0, 0xe, 0xf6,
    0x1, 0xff, 0x30, 0x0, 0x0, 0x0, 0xe, 0xf6,
    0x1, 0xff, 0x30, 0x0, 0x0, 0x0, 0xe, 0xf6,
    0x1, 0xff, 0x30, 0x0, 0x0, 0x0, 0xe, 0xf6,
    0x1, 0xff, 0x30, 0x0, 0x0, 0x0, 0xe, 0xf6,
    0x1, 0xff, 0x30, 0x0, 0x0, 0x0, 0xe, 0xf6,
    0x1, 0xff, 0x30, 0x0, 0x0, 0x0, 0xe, 0xf6,
    0x1, 0xff, 0x41, 0x11, 0x11, 0x11, 0x1e, 0xf6,
    0x1, 0xff, 0xff, 0xff, 0xff, 0xff, 0xff, 0xf6,
    0x1, 0xff, 0xff, 0xff, 0xff, 0xff, 0xff, 0xf6,
    0x1, 0xff, 0x30, 0x0, 0x0, 0x0, 0xe, 0xf6,
    0x1, 0xff, 0x30, 0x0, 0x0, 0x0, 0xe, 0xf6,
    0x1, 0xff, 0x30, 0x0, 0x0, 0x0, 0xe, 0xf6,
    0x1, 0xff, 0x30, 0x0, 0x0, 0x0, 0xe, 0xf6,
    0x1, 0xff, 0x30, 0x0, 0x0, 0x0, 0xe, 0xf6,
    0x1, 0xff, 0x30, 0x0, 0x0, 0x0, 0xe, 0xf6,
    0x1, 0xff, 0x30, 0x0, 0x0, 0x0, 0xe, 0xf6,
    0x1, 0xff, 0x30, 0x0, 0x0, 0x0, 0xe, 0xf6,
    0x0, 0xad, 0x0, 0x0, 0x0, 0x0, 0x0, 0x0,
    0x0, 0xdf, 0xc2, 0x0, 0x0, 0x0, 0x0, 0x0,
    0x0, 0x5, 0xfa, 0x0, 0x0, 0x0, 0x0, 0x0,
    0x27, 0x8d, 0xf7, 0x0, 0x0, 0x0, 0x0, 0x0,
    0x4f, 0xfd, 0x80, 0x0, 0x0, 0x0, 0x0, 0x0,

    /* U+1E29 "ḩ" */
    0x6, 0xfb, 0x0, 0x0, 0x0, 0x0, 0x6, 0xfb,
    0x0, 0x0, 0x0, 0x0, 0x6, 0xfb, 0x0, 0x0,
    0x0, 0x0, 0x6, 0xfb, 0x0, 0x0, 0x0, 0x0,
    0x6, 0xfb, 0x0, 0x0, 0x0, 0x0, 0x6, 0xfb,
    0x19, 0xef, 0xd9, 0x10, 0x6, 0xfd, 0xef, 0xff,
    0xff, 0xd0, 0x6, 0xff, 0xe4, 0x0, 0x4f, 0xf6,
    0x6, 0xff, 0x30, 0x0, 0x9, 0xfa, 0x6, 0xfe,
    0x0, 0x0, 0x6, 0xfb, 0x6, 0xfb, 0x0, 0x0,
    0x5, 0xfc, 0x6, 0xfb, 0x0, 0x0, 0x5, 0xfc,
    0x6, 0xfb, 0x0, 0x0, 0x5, 0xfc, 0x6, 0xfb,
    0x0, 0x0, 0x5, 0xfc, 0x6, 0xfb, 0x0, 0x0,
    0x5, 0xfc, 0x6, 0xfb, 0x0, 0x0, 0x5, 0xfc,
    0x6, 0xfb, 0x0, 0x0, 0x5, 0xfc, 0x6, 0xfb,
    0x0, 0x0, 0x5, 0xfc, 0x4, 0xf4, 0x0, 0x0,
    0x0, 0x0, 0x7, 0xfe, 0x60, 0x0, 0x0, 0x0,
    0x0, 0xe, 0xf0, 0x0, 0x0, 0x0, 0x67, 0xaf,
    0xd0, 0x0, 0x0, 0x0, 0xdf, 0xeb, 0x20, 0x0,
    0x0, 0x0,

    /* U+1E2A "Ḫ" */
    0x1f, 0xf3, 0x0, 0x0, 0x0, 0x0, 0xef, 0x61,
    0xff, 0x30, 0x0, 0x0, 0x0, 0xe, 0xf6, 0x1f,
    0xf3, 0x0, 0x0, 0x0, 0x0, 0xef, 0x61, 0xff,
    0x30, 0x0, 0x0, 0x0, 0xe, 0xf6, 0x1f, 0xf3,
    0x0, 0x0, 0x0, 0x0, 0xef, 0x61, 0xff, 0x30,
    0x0, 0x0, 0x0, 0xe, 0xf6, 0x1f, 0xf3, 0x0,
    0x0, 0x0, 0x0, 0xef, 0x61, 0xff, 0x41, 0x11,
    0x11, 0x11, 0x1e, 0xf6, 0x1f, 0xff, 0xff, 0xff,
    0xff, 0xff, 0xff, 0x61, 0xff, 0xff, 0xff, 0xff,
    0xff, 0xff, 0xf6, 0x1f, 0xf3, 0x0, 0x0, 0x0,
    0x0, 0xef, 0x61, 0xff, 0x30, 0x0, 0x0, 0x0,
    0xe, 0xf6, 0x1f, 0xf3, 0x0, 0x0, 0x0, 0x0,
    0xef, 0x61, 0xff, 0x30, 0x0, 0x0, 0x0, 0xe,
    0xf6, 0x1f, 0xf3, 0x0, 0x0, 0x0, 0x0, 0xef,
    0x61, 0xff, 0x30, 0x0, 0x0, 0x0, 0xe, 0xf6,
    0x1f, 0xf3, 0x0, 0x0, 0x0, 0x0, 0xef, 0x61,
    0xff, 0x30, 0x0, 0x0, 0x0, 0xe, 0xf6, 0x0,
    0x0, 0x0, 0x0, 0x0, 0x0, 0x0, 0x0, 0x0,
    0x1, 0x10, 0x0, 0x2, 0x0, 0x0, 0x0, 0x0,
    0x9e, 0x0, 0x9, 0xf0, 0x0, 0x0, 0x0, 0x3,
    0xfc, 0x8a, 0xf8, 0x0, 0x0, 0x0, 0x0, 0x4,
    0xcf, 0xd7, 0x0, 0x0, 0x0,

    /* U+1E2B "ḫ" */
    0x6f, 0xb0, 0x0, 0x0, 0x0, 0x6, 0xfb, 0x0,
    0x0, 0x0, 0x0, 0x6f, 0xb0, 0x0, 0x0, 0x0,
    0x6, 0xfb, 0x0, 0x0, 0x0, 0x0, 0x6f, 0xb0,
    0x0, 0x0, 0x0, 0x6, 0xfb, 0x19, 0xef, 0xd9,
    0x10, 0x6f, 0xde, 0xff, 0xff, 0xfd, 0x6, 0xff,
    0xe4, 0x0, 0x4f, 0xf6, 0x6f, 0xf3, 0x0, 0x0,
    0x9f, 0xa6, 0xfe, 0x0, 0x0, 0x6, 0xfb, 0x6f,
    0xb0, 0x0, 0x0, 0x5f, 0xc6, 0xfb, 0x0, 0x0,
    0x5, 0xfc, 0x6f, 0xb0, 0x0, 0x0, 0x5f, 0xc6,
    0xfb, 0x0, 0x0, 0x5, 0xfc, 0x6f, 0xb0, 0x0,
    0x0, 0x5f, 0xc6, 0xfb, 0x0, 0x0, 0x5, 0xfc,
    0x6f, 0xb0, 0x0, 0x0, 0x5f, 0xc6, 0xfb, 0x0,
    0x0, 0x5, 0xfc, 0x0, 0x0, 0x0, 0x0, 0x0,
    0x0, 0x2, 0x10, 0x0, 0x2, 0x0, 0x0, 0xad,
    0x0, 0xa, 0xe0, 0x0, 0x4, 0xfc, 0x8b, 0xf7,
    0x0, 0x0, 0x5, 0xcf, 0xd7, 0x0, 0x0,

    /* U+1E2C "Ḭ" */
    0x0, 0xc, 0xf7, 0x0, 0x0, 0x0, 0xcf, 0x70,
    0x0, 0x0, 0xc, 0xf7, 0x0, 0x0, 0x0, 0xcf,
    0x70, 0x0, 0x0, 0xc, 0xf7, 0x0, 0x0, 0x0,
    0xcf, 0x70, 0x0, 0x0, 0xc, 0xf7, 0x0, 0x0,
    0x0, 0xcf, 0x70, 0x0, 0x0, 0xc, 0xf7, 0x0,
    0x0, 0x0, 0xcf, 0x70, 0x0, 0x0, 0xc, 0xf7,
    0x0, 0x0, 0x0, 0xcf, 0x70, 0x0, 0x0, 0xc,
    0xf7, 0x0, 0x0, 0x0, 0xcf, 0x70, 0x0, 0x0,
    0xc, 0xf7, 0x0, 0x0, 0x0, 0xcf, 0x70, 0x0,
    0x0, 0xc, 0xf7, 0x0, 0x0, 0x0, 0xcf, 0x70,
    0x0, 0x0, 0x0, 0x0, 0x0, 0x0, 0x0, 0x0,
    0x0, 0x0, 0x3, 0x87, 0x10, 0x49, 0x14, 0xff,
    0xff, 0xce, 0xe0, 0x9f, 0x23, 0x9e, 0xd4, 0x0,

    /* U+1E2D "ḭ" */
    0x0, 0x6, 0xfb, 0x0, 0x0, 0x0, 0x6f, 0xb0,
    0x0, 0x0, 0x2, 0x75, 0x0, 0x0, 0x0, 0x0,
    0x0, 0x0, 0x0, 0x0, 0x0, 0x0, 0x0, 0x0,
    0x6f, 0xb0, 0x0, 0x0, 0x6, 0xfb, 0x0, 0x0,
    0x0, 0x6f, 0xb0, 0x0, 0x0, 0x6, 0xfb, 0x0,
    0x0, 0x0, 0x6f, 0xb0, 0x0, 0x0, 0x6, 0xfb,
    0x0, 0x0, 0x0, 0x6f, 0xb0, 0x0, 0x0, 0x6,
    0xfb, 0x0, 0x0, 0x0, 0x6f, 0xb0, 0x0, 0x0,
    0x6, 0xfb, 0x0, 0x0, 0x0, 0x6f, 0xb0, 0x0,
    0x0, 0x6, 0xfb, 0x0, 0x0, 0x0, 0x6f, 0xb0,
    0x0, 0x0, 0x0, 0x0, 0x0, 0x0, 0x0, 0x0,
    0x0, 0x0, 0x1, 0x78, 0x30, 0x19, 0x30, 0xef,
    0xff, 0xdd, 0xf3, 0x5f, 0x61, 0x7d, 0xe8, 0x0,

    /* U+1E2E "Ḯ" */
    0x0, 0xa, 0xfd, 0x10, 0x2, 0xff, 0x30, 0x0,
    0x9f, 0x60, 0x0, 0x5, 0x50, 0x0, 0x67, 0x10,
    0x47, 0x4e, 0xf4, 0x9, 0xf9, 0xef, 0x40, 0x9f,
    0x90, 0x0, 0x0, 0x0, 0x0, 0xcf, 0x70, 0x0,
    0xc, 0xf7, 0x0, 0x0, 0xcf, 0x70, 0x0, 0xc,
    0xf7, 0x0, 0x0, 0xcf, 0x70, 0x0, 0xc, 0xf7,
    0x0, 0x0, 0xcf, 0x70, 0x0, 0xc, 0xf7, 0x0,
    0x0, 0xcf, 0x70, 0x0, 0xc, 0xf7, 0x0, 0x0,
    0xcf, 0x70, 0x0, 0xc, 0xf7, 0x0, 0x0, 0xcf,
    0x70, 0x0, 0xc, 0xf7, 0x0, 0x0, 0xcf, 0x70,
    0x0, 0xc, 0xf7, 0x0, 0x0, 0xcf, 0x70, 0x0,
    0xc, 0xf7, 0x0,

    /* U+1E2F "ḯ" */
    0x0, 0xa, 0xfd, 0x10, 0x2, 0xff, 0x30, 0x0,
    0x9f, 0x60, 0x0, 0x5, 0x50, 0x0, 0xef, 0x40,
    0x8f, 0xae, 0xf4, 0x8, 0xfa, 0x67, 0x20, 0x37,
    0x40, 0x0, 0x0, 0x0, 0x0, 0x0, 0x0, 0x0,
    0xb, 0xf6, 0x0, 0x0, 0xbf, 0x60, 0x0, 0xb,
    0xf6, 0x0, 0x0, 0xbf, 0x60, 0x0, 0xb, 0xf6,
    0x0, 0x0, 0xbf, 0x60, 0x0, 0xb, 0xf6, 0x0,
    0x0, 0xbf, 0x60, 0x0, 0xb, 0xf6, 0x0, 0x0,
    0xbf, 0x60, 0x0, 0xb, 0xf6, 0x0, 0x0, 0xbf,
    0x60, 0x0, 0xb, 0xf6, 0x0,

    /* U+1E30 "Ḱ" */
    0x0, 0x0, 0x0, 0x8f, 0xf2, 0x0, 0x0, 0x0,
    0x0, 0x0, 0xe, 0xf5, 0x0, 0x0, 0x0, 0x0,
    0x0, 0x6, 0xf9, 0x0, 0x0, 0x0, 0x0, 0x0,
    0x0, 0x45, 0x0, 0x0, 0x0, 0x0, 0x3f, 0xf0,
    0x0, 0x0, 0x0, 0x1d, 0xff, 0x33, 0xff, 0x0,
    0x0, 0x0, 0xc, 0xff, 0x30, 0x3f, 0xf0, 0x0,
    0x0, 0xc, 0xff, 0x30, 0x3, 0xff, 0x0, 0x0,
    0xb, 0xff, 0x30, 0x0, 0x3f, 0xf0, 0x0, 0xb,
    0xff, 0x30, 0x0, 0x3, 0xff, 0x0, 0xa, 0xff,
    0x40, 0x0, 0x0, 0x3f, 0xf0, 0xa, 0xff, 0x40,
    0x0, 0x0, 0x3, 0xff, 0x9, 0xff, 0xa0, 0x0,
    0x0, 0x0, 0x3f, 0xf9, 0xff, 0xff, 0x40, 0x0,
    0x0, 0x3, 0xff, 0xff, 0x4b, 0xfe, 0x10, 0x0,
    0x0, 0x3f, 0xff, 0x40, 0x1f, 0xfb, 0x0, 0x0,
    0x3, 0xff, 0x50, 0x0, 0x6f, 0xf6, 0x0, 0x0,
    0x3f, 0xf0, 0x0, 0x0, 0xbf, 0xf2, 0x0, 0x3,
    0xff, 0x0, 0x0, 0x1, 0xff, 0xc0, 0x0, 0x3f,
    0xf0, 0x0, 0x0, 0x6, 0xff, 0x80, 0x3, 0xff,
    0x0, 0x0, 0x0, 0xb, 0xff, 0x30, 0x3f, 0xf0,
    0x0, 0x0, 0x0, 0x1e, 0xfd, 0x3, 0xff, 0x0,
    0x0, 0x0, 0x0, 0x5f, 0xf9,

    /* U+1E31 "ḱ" */
    0x0, 0x9, 0xfe, 0x10, 0x0, 0x0, 0x1, 0xff,
    0x40, 0x0, 0x0, 0x0, 0x8f, 0x70, 0x0, 0x0,
    0x0, 0x5, 0x50, 0x0, 0x0, 0x0, 0x6f, 0xb0,
    0x0, 0x0, 0x0, 0x6, 0xfb, 0x0, 0x0, 0x0,
    0x0, 0x6f, 0xb0, 0x0, 0x0, 0x0, 0x6, 0xfb,
    0x0, 0x0, 0x0, 0x0, 0x6f, 0xb0, 0x0, 0x0,
    0x0, 0x6, 0xfb, 0x0, 0x0, 0xcf, 0xd1, 0x6f,
    0xb0, 0x0, 0xbf, 0xd1, 0x6, 0xfb, 0x0, 0xaf,
    0xd1, 0x0, 0x6f, 0xb0, 0xaf, 0xd1, 0x0, 0x6,
    0xfb, 0x9f, 0xe1, 0x0, 0x0, 0x6f, 0xff, 0xff,
    0x20, 0x0, 0x6, 0xff, 0xec, 0xfb, 0x0, 0x0,
    0x6f, 0xe2, 0x2f, 0xf6, 0x0, 0x6, 0xfb, 0x0,
    0x7f, 0xe1, 0x0, 0x6f, 0xb0, 0x0, 0xdf, 0xa0,
    0x6, 0xfb, 0x0, 0x3, 0xff, 0x40, 0x6f, 0xb0,
    0x0, 0x9, 0xfe, 0x6, 0xfb, 0x0, 0x0, 0x1e,
    0xf9,

    /* U+1E32 "Ḳ" */
    0x3f, 0xf0, 0x0, 0x0, 0x0, 0x1d, 0xff, 0x33,
    0xff, 0x0, 0x0, 0x0, 0xc, 0xff, 0x30, 0x3f,
    0xf0, 0x0, 0x0, 0xc, 0xff, 0x30, 0x3, 0xff,
    0x0, 0x0, 0xb, 0xff, 0x30, 0x0, 0x3f, 0xf0,
    0x0, 0xb, 0xff, 0x30, 0x0, 0x3, 0xff, 0x0,
    0xa, 0xff, 0x40, 0x0, 0x0, 0x3f, 0xf0, 0xa,
    0xff, 0x40, 0x0, 0x0, 0x3, 0xff, 0x9, 0xff,
    0xa0, 0x0, 0x0, 0x0, 0x3f, 0xf9, 0xff, 0xff,
    0x40, 0x0, 0x0, 0x3, 0xff, 0xff, 0x4b, 0xfe,
    0x10, 0x0, 0x0, 0x3f, 0xff, 0x40, 0x1f, 0xfb,
    0x0, 0x0, 0x3, 0xff, 0x50, 0x0, 0x6f, 0xf6,
    0x0, 0x0, 0x3f, 0xf0, 0x0, 0x0, 0xbf, 0xf2,
    0x0, 0x3, 0xff, 0x0, 0x0, 0x1, 0xff, 0xc0,
    0x0, 0x3f, 0xf0, 0x0, 0x0, 0x6, 0xff, 0x80,
    0x3, 0xff, 0x0, 0x0, 0x0, 0xb, 0xff, 0x30,
    0x3f, 0xf0, 0x0, 0x0, 0x0, 0x1e, 0xfd, 0x3,
    0xff, 0x0, 0x0, 0x0, 0x0, 0x5f, 0xf9, 0x0,
    0x0, 0x0, 0x0, 0x0, 0x0, 0x0, 0x0, 0x0,
    0x0, 0x0, 0x0, 0x0, 0x0, 0x0, 0x0, 0x0,
    0x2, 0x76, 0x0, 0x0, 0x0, 0x0, 0x0, 0x0,
    0x4f, 0xd0, 0x0, 0x0, 0x0, 0x0, 0x0, 0x4,
    0xfd, 0x0, 0x0, 0x0, 0x0,

    /* U+1E33 "ḳ" */
    0x6f, 0xb0, 0x0, 0x0, 0x0, 0x6, 0xfb, 0x0,
    0x0, 0x0, 0x0, 0x6f, 0xb0, 0x0, 0x0, 0x0,
    0x6, 0xfb, 0x0, 0x0, 0x0, 0x0, 0x6f, 0xb0,
    0x0, 0x0, 0x0, 0x6, 0xfb, 0x0, 0x0, 0xcf,
    0xd1, 0x6f, 0xb0, 0x0, 0xbf, 0xd1, 0x6, 0xfb,
    0x0, 0xaf, 0xd1, 0x0, 0x6f, 0xb0, 0xaf, 0xd1,
    0x0, 0x6, 0xfb, 0x9f, 0xe1, 0x0, 0x0, 0x6f,
    0xff, 0xff, 0x20, 0x0, 0x6, 0xff, 0xec, 0xfb,
    0x0, 0x0, 0x6f, 0xe2, 0x2f, 0xf6, 0x0, 0x6,
    0xfb, 0x0, 0x7f, 0xe1, 0x0, 0x6f, 0xb0, 0x0,
    0xdf, 0xa0, 0x6, 0xfb, 0x0, 0x3, 0xff, 0x40,
    0x6f, 0xb0, 0x0, 0x9, 0xfe, 0x6, 0xfb, 0x0,
    0x0, 0x1e, 0xf9, 0x0, 0x0, 0x0, 0x0, 0x0,
    0x0, 0x0, 0x0, 0x0, 0x0, 0x0, 0x0, 0x0,
    0x77, 0x10, 0x0, 0x0, 0x0, 0xf, 0xf2, 0x0,
    0x0, 0x0, 0x0, 0xff, 0x20, 0x0, 0x0,

    /* U+1E34 "Ḵ" */
    0x3f, 0xf0, 0x0, 0x0, 0x0, 0x1d, 0xff, 0x33,
    0xff, 0x0, 0x0, 0x0, 0xc, 0xff, 0x30, 0x3f,
    0xf0, 0x0, 0x0, 0xc, 0xff, 0x30, 0x3, 0xff,
    0x0, 0x0, 0xb, 0xff, 0x30, 0x0, 0x3f, 0xf0,
    0x0, 0xb, 0xff, 0x30, 0x0, 0x3, 0xff, 0x0,
    0xa, 0xff, 0x40, 0x0, 0x0, 0x3f, 0xf0, 0xa,
    0xff, 0x40, 0x0, 0x0, 0x3, 0xff, 0x9, 0xff,
    0xa0, 0x0, 0x0, 0x0, 0x3f, 0xf9, 0xff, 0xff,
    0x40, 0x0, 0x0, 0x3, 0xff, 0xff, 0x4b, 0xfe,
    0x10, 0x0, 0x0, 0x3f, 0xff, 0x40, 0x1f, 0xfb,
    0x0, 0x0, 0x3, 0xff, 0x50, 0x0, 0x6f, 0xf6,
    0x0, 0x0, 0x3f, 0xf0, 0x0, 0x0, 0xbf, 0xf2,
    0x0, 0x3, 0xff, 0x0, 0x0, 0x1, 0xff, 0xc0,
    0x0, 0x3f, 0xf0, 0x0, 0x0, 0x6, 0xff, 0x80,
    0x3, 0xff, 0x0, 0x0, 0x0, 0xb, 0xff, 0x30,
    0x3f, 0xf0, 0x0, 0x0, 0x0, 0x1e, 0xfd, 0x3,
    0xff, 0x0, 0x0, 0x0, 0x0, 0x5f, 0xf9, 0x0,
    0x0, 0x0, 0x0, 0x0, 0x0, 0x0, 0x0, 0x0,
    0x0, 0x0, 0x0, 0x0, 0x0, 0x0, 0x0, 0x0,
    0x0, 0x0, 0x0, 0x0, 0x0, 0x0, 0x0, 0x6c,
    0xcc, 0xcc, 0xca, 0x0, 0x0, 0x0, 0x7, 0xff,
    0xff, 0xff, 0xd0, 0x0, 0x0,

    /* U+1E35 "ḵ" */
    0x6f, 0xb0, 0x0, 0x0, 0x0, 0x6, 0xfb, 0x0,
    0x0, 0x0, 0x0, 0x6f, 0xb0, 0x0, 0x0, 0x0,
    0x6, 0xfb, 0x0, 0x0, 0x0, 0x0, 0x6f, 0xb0,
    0x0, 0x0, 0x0, 0x6, 0xfb, 0x0, 0x0, 0xcf,
    0xd1, 0x6f, 0xb0, 0x0, 0xbf, 0xd1, 0x6, 0xfb,
    0x0, 0xaf, 0xd1, 0x0, 0x6f, 0xb0, 0xaf, 0xd1,
    0x0, 0x6, 0xfb, 0x9f, 0xe1, 0x0, 0x0, 0x6f,
    0xff, 0xff, 0x20, 0x0, 0x6, 0xff, 0xec, 0xfb,
    0x0, 0x0, 0x6f, 0xe2, 0x2f, 0xf6, 0x0, 0x6,
    0xfb, 0x0, 0x7f, 0xe1, 0x0, 0x6f, 0xb0, 0x0,
    0xdf, 0xa0, 0x6, 0xfb, 0x0, 0x3, 0xff, 0x40,
    0x6f, 0xb0, 0x0, 0x9, 0xfe, 0x6, 0xfb, 0x0,
    0x0, 0x1e, 0xf9, 0x0, 0x0, 0x0, 0x0, 0x0,
    0x0, 0x0, 0x0, 0x0, 0x0, 0x0, 0x0, 0x0,
    0x0, 0x0, 0x0, 0x0, 0x2c, 0xcc, 0xcc, 0xcc,
    0x10, 0x2, 0xff, 0xff, 0xff, 0xf2, 0x0,

    /* U+1E36 "Ḷ" */
    0x3f, 0xf1, 0x0, 0x0, 0x0, 0x0, 0x3f, 0xf1,
    0x0, 0x0, 0x0, 0x0, 0x3f, 0xf1, 0x0, 0x0,
    0x0, 0x0, 0x3f, 0xf1, 0x0, 0x0, 0x0, 0x0,
    0x3f, 0xf1, 0x0, 0x0, 0x0, 0x0, 0x3f, 0xf1,
    0x0, 0x0, 0x0, 0x0, 0x3f, 0xf1, 0x0, 0x0,
    0x0, 0x0, 0x3f, 0xf1, 0x0, 0x0, 0x0, 0x0,
    0x3f, 0xf1, 0x0, 0x0, 0x0, 0x0, 0x3f, 0xf1,
    0x0, 0x0, 0x0, 0x0, 0x3f, 0xf1, 0x0, 0x0,
    0x0, 0x0, 0x3f, 0xf1, 0x0, 0x0, 0x0, 0x0,
    0x3f, 0xf1, 0x0, 0x0, 0x0, 0x0, 0x3f, 0xf1,
    0x0, 0x0, 0x0, 0x0, 0x3f, 0xf1, 0x0, 0x0,
    0x0, 0x0, 0x3f, 0xf2, 0x11, 0x11, 0x11, 0x10,
    0x3f, 0xff, 0xff, 0xff, 0xff, 0xf8, 0x3f, 0xff,
    0xff, 0xff, 0xff, 0xf8, 0x0, 0x0, 0x0, 0x0,
    0x0, 0x0, 0x0, 0x0, 0x0, 0x0, 0x0, 0x0,
    0x0, 0x0, 0x7, 0x70, 0x0, 0x0, 0x0, 0x0,
    0xf, 0xf1, 0x0, 0x0, 0x0, 0x0, 0xf, 0xf1,
    0x0, 0x0,

    /* U+1E37 "ḷ" */
    0x6f, 0xb6, 0xfb, 0x6f, 0xb6, 0xfb, 0x6f, 0xb6,
    0xfb, 0x6f, 0xb6, 0xfb, 0x6f, 0xb6, 0xfb, 0x6f,
    0xb6, 0xfb, 0x6f, 0xb6, 0xfb, 0x6f, 0xb6, 0xfb,
    0x6f, 0xb6, 0xfb, 0x0, 0x0, 0x0, 0x27, 0x55,
    0xfc, 0x5f, 0xc0,

    /* U+1E38 "Ḹ" */
    0x0, 0xbf, 0xff, 0xff, 0xfa, 0x0, 0x0, 0x8c,
    0xcc, 0xcc, 0xc7, 0x0, 0x0, 0x0, 0x0, 0x0,
    0x0, 0x0, 0x3f, 0xf1, 0x0, 0x0, 0x0, 0x0,
    0x3f, 0xf1, 0x0, 0x0, 0x0, 0x0, 0x3f, 0xf1,
    0x0, 0x0, 0x0, 0x0, 0x3f, 0xf1, 0x0, 0x0,
    0x0, 0x0, 0x3f, 0xf1, 0x0, 0x0, 0x0, 0x0,
    0x3f, 0xf1, 0x0, 0x0, 0x0, 0x0, 0x3f, 0xf1,
    0x0, 0x0, 0x0, 0x0, 0x3f, 0xf1, 0x0, 0x0,
    0x0, 0x0, 0x3f, 0xf1, 0x0, 0x0, 0x0, 0x0,
    0x3f, 0xf1, 0x0, 0x0, 0x0, 0x0, 0x3f, 0xf1,
    0x0, 0x0, 0x0, 0x0, 0x3f, 0xf1, 0x0, 0x0,
    0x0, 0x0, 0x3f, 0xf1, 0x0, 0x0, 0x0, 0x0,
    0x3f, 0xf1, 0x0, 0x0, 0x0, 0x0, 0x3f, 0xf1,
    0x0, 0x0, 0x0, 0x0, 0x3f, 0xf2, 0x11, 0x11,
    0x11, 0x10, 0x3f, 0xff, 0xff, 0xff, 0xff, 0xf8,
    0x3f, 0xff, 0xff, 0xff, 0xff, 0xf8, 0x0, 0x0,
    0x0, 0x0, 0x0, 0x0, 0x0, 0x0, 0x0, 0x0,
    0x0, 0x0, 0x0, 0x0, 0x7, 0x70, 0x0, 0x0,
    0x0, 0x0, 0xf, 0xf1, 0x0, 0x0, 0x0, 0x0,
    0xf, 0xf1, 0x0, 0x0,

    /* U+1E39 "ḹ" */
    0xff, 0xff, 0xff, 0xf5, 0xcc, 0xcc, 0xcc, 0xc4,
    0x0, 0x0, 0x0, 0x0, 0x0, 0x6f, 0xb0, 0x0,
    0x0, 0x6f, 0xb0, 0x0, 0x0, 0x6f, 0xb0, 0x0,
    0x0, 0x6f, 0xb0, 0x0, 0x0, 0x6f, 0xb0, 0x0,
    0x0, 0x6f, 0xb0, 0x0, 0x0, 0x6f, 0xb0, 0x0,
    0x0, 0x6f, 0xb0, 0x0, 0x0, 0x6f, 0xb0, 0x0,
    0x0, 0x6f, 0xb0, 0x0, 0x0, 0x6f, 0xb0, 0x0,
    0x0, 0x6f, 0xb0, 0x0, 0x0, 0x6f, 0xb0, 0x0,
    0x0, 0x6f, 0xb0, 0x0, 0x0, 0x6f, 0xb0, 0x0,
    0x0, 0x6f, 0xb0, 0x0, 0x0, 0x6f, 0xb0, 0x0,
    0x0, 0x6f, 0xb0, 0x0, 0x0, 0x0, 0x0, 0x0,
    0x0, 0x0, 0x0, 0x0, 0x0, 0x27, 0x50, 0x0,
    0x0, 0x5f, 0xc0, 0x0, 0x0, 0x5f, 0xc0, 0x0,

    /* U+1E3A "Ḻ" */
    0x3f, 0xf1, 0x0, 0x0, 0x0, 0x0, 0x3f, 0xf1,
    0x0, 0x0, 0x0, 0x0, 0x3f, 0xf1, 0x0, 0x0,
    0x0, 0x0, 0x3f, 0xf1, 0x0, 0x0, 0x0, 0x0,
    0x3f, 0xf1, 0x0, 0x0, 0x0, 0x0, 0x3f, 0xf1,
    0x0, 0x0, 0x0, 0x0, 0x3f, 0xf1, 0x0, 0x0,
    0x0, 0x0, 0x3f, 0xf1, 0x0, 0x0, 0x0, 0x0,
    0x3f, 0xf1, 0x0, 0x0, 0x0, 0x0, 0x3f, 0xf1,
    0x0, 0x0, 0x0, 0x0, 0x3f, 0xf1, 0x0, 0x0,
    0x0, 0x0, 0x3f, 0xf1, 0x0, 0x0, 0x0, 0x0,
    0x3f, 0xf1, 0x0, 0x0, 0x0, 0x0, 0x3f, 0xf1,
    0x0, 0x0, 0x0, 0x0, 0x3f, 0xf1, 0x0, 0x0,
    0x0, 0x0, 0x3f, 0xf2, 0x11, 0x11, 0x11, 0x10,
    0x3f, 0xff, 0xff, 0xff, 0xff, 0xf8, 0x3f, 0xff,
    0xff, 0xff, 0xff, 0xf8, 0x0, 0x0, 0x0, 0x0,
    0x0, 0x0, 0x0, 0x0, 0x0, 0x0, 0x0, 0x0,
    0x0, 0x0, 0x0, 0x0, 0x0, 0x0, 0x0, 0x7c,
    0xcc, 0xcc, 0xc9, 0x0, 0x0, 0x9f, 0xff, 0xff,
    0xfc, 0x0,

    /* U+1E3B "ḻ" */
    0x0, 0x6, 0xfb, 0x0, 0x0, 0x0, 0x6f, 0xb0,
    0x0, 0x0, 0x6, 0xfb, 0x0, 0x0, 0x0, 0x6f,
    0xb0, 0x0, 0x0, 0x6, 0xfb, 0x0, 0x0, 0x0,
    0x6f, 0xb0, 0x0, 0x0, 0x6, 0xfb, 0x0, 0x0,
    0x0, 0x6f, 0xb0, 0x0, 0x0, 0x6, 0xfb, 0x0,
    0x0, 0x0, 0x6f, 0xb0, 0x0, 0x0, 0x6, 0xfb,
    0x0, 0x0, 0x0, 0x6f, 0xb0, 0x0, 0x0, 0x6,
    0xfb, 0x0, 0x0, 0x0, 0x6f, 0xb0, 0x0, 0x0,
    0x6, 0xfb, 0x0, 0x0, 0x0, 0x6f, 0xb0, 0x0,
    0x0, 0x6, 0xfb, 0x0, 0x0, 0x0, 0x6f, 0xb0,
    0x0, 0x0, 0x0, 0x0, 0x0, 0x0, 0x0, 0x0,
    0x0, 0x0, 0x0, 0x0, 0x0, 0x0, 0x0, 0xcc,
    0xcc, 0xcc, 0xc3, 0xf, 0xff, 0xff, 0xff, 0x40,

    /* U+1E3C "Ḽ" */
    0x3f, 0xf1, 0x0, 0x0, 0x0, 0x0, 0x3f, 0xf1,
    0x0, 0x0, 0x0, 0x0, 0x3f, 0xf1, 0x0, 0x0,
    0x0, 0x0, 0x3f, 0xf1, 0x0, 0x0, 0x0, 0x0,
    0x3f, 0xf1, 0x0, 0x0, 0x0, 0x0, 0x3f, 0xf1,
    0x0, 0x0, 0x0, 0x0, 0x3f, 0xf1, 0x0, 0x0,
    0x0, 0x0, 0x3f, 0xf1, 0x0, 0x0, 0x0, 0x0,
    0x3f, 0xf1, 0x0, 0x0, 0x0, 0x0, 0x3f, 0xf1,
    0x0, 0x0, 0x0, 0x0, 0x3f, 0xf1, 0x0, 0x0,
    0x0, 0x0, 0x3f, 0xf1, 0x0, 0x0, 0x0, 0x0,
    0x3f, 0xf1, 0x0, 0x0, 0x0, 0x0, 0x3f, 0xf1,
    0x0, 0x0, 0x0, 0x0, 0x3f, 0xf1, 0x0, 0x0,
    0x0, 0x0, 0x3f, 0xf2, 0x11, 0x11, 0x11, 0x10,
    0x3f, 0xff, 0xff, 0xff, 0xff, 0xf8, 0x3f, 0xff,
    0xff, 0xff, 0xff, 0xf8, 0x0, 0x0, 0x0, 0x0,
    0x0, 0x0, 0x0, 0x0, 0x3, 0x41, 0x0, 0x0,
    0x0, 0x0, 0x8f, 0xfd, 0x0, 0x0, 0x0, 0x4,
    0xfe, 0x7f, 0xb0, 0x0, 0x0, 0x2e, 0xf4, 0xc,
    0xf8, 0x0,

    /* U+1E3D "ḽ" */
    0x0, 0x6f, 0xb0, 0x0, 0x0, 0x6f, 0xb0, 0x0,
    0x0, 0x6f, 0xb0, 0x0, 0x0, 0x6f, 0xb0, 0x0,
    0x0, 0x6f, 0xb0, 0x0, 0x0, 0x6f, 0xb0, 0x0,
    0x0, 0x6f, 0xb0, 0x0, 0x0, 0x6f, 0xb0, 0x0,
    0x0, 0x6f, 0xb0, 0x0, 0x0, 0x6f, 0xb0, 0x0,
    0x0, 0x6f, 0xb0, 0x0, 0x0, 0x6f, 0xb0, 0x0,
    0x0, 0x6f, 0xb0, 0x0, 0x0, 0x6f, 0xb0, 0x0,
    0x0, 0x6f, 0xb0, 0x0, 0x0, 0x6f, 0xb0, 0x0,
    0x0, 0x6f, 0xb0, 0x0, 0x0, 0x6f, 0xb0, 0x0,
    0x0, 0x0, 0x0, 0x0, 0x0, 0x14, 0x30, 0x0,
    0x1, 0xef, 0xf7, 0x0, 0xb, 0xf8, 0xdf, 0x40,
    0x8f, 0xc0, 0x3f, 0xe2,

    /* U+1E3E "Ḿ" */
    0x0, 0x0, 0x0, 0x0, 0xd, 0xfc, 0x0, 0x0,
    0x0, 0x0, 0x0, 0x0, 0x0, 0x4f, 0xe1, 0x0,
    0x0, 0x0, 0x0, 0x0, 0x0, 0x0, 0xcf, 0x40,
    0x0, 0x0, 0x0, 0x0, 0x0, 0x0, 0x0, 0x54,
    0x0, 0x0, 0x0, 0x0, 0x2f, 0xff, 0x60, 0x0,
    0x0, 0x0, 0x0, 0xff, 0xf2, 0x2f, 0xff, 0xb0,
    0x0, 0x0, 0x0, 0x5, 0xff, 0xf2, 0x2f, 0xff,
    0xf0, 0x0, 0x0, 0x0, 0xa, 0xff, 0xf2, 0x2f,
    0xfa, 0xf5, 0x0, 0x0, 0x0, 0xf, 0xcf, 0xf2,
    0x2f, 0xf5, 0xfa, 0x0, 0x0, 0x0, 0x5f, 0x7f,
    0xf2, 0x2f, 0xf0, 0xff, 0x0, 0x0, 0x0, 0xaf,
    0x2f, 0xf2, 0x2f, 0xf0, 0xbf, 0x40, 0x0, 0x0,
    0xfc, 0xf, 0xf2, 0x2f, 0xf0, 0x6f, 0x90, 0x0,
    0x5, 0xf7, 0xf, 0xf2, 0x2f, 0xf0, 0x1f, 0xe0,
    0x0, 0xa, 0xf2, 0xf, 0xf2, 0x2f, 0xf0, 0xc,
    0xf4, 0x0, 0xf, 0xc0, 0xf, 0xf2, 0x2f, 0xf0,
    0x6, 0xf9, 0x0, 0x4f, 0x70, 0xf, 0xf2, 0x2f,
    0xf0, 0x1, 0xfe, 0x0, 0x9f, 0x20, 0xf, 0xf2,
    0x2f, 0xf0, 0x0, 0xcf, 0x30, 0xed, 0x0, 0xf,
    0xf2, 0x2f, 0xf0, 0x0, 0x7f, 0x84, 0xf7, 0x0,
    0xf, 0xf2, 0x2f, 0xf0, 0x0, 0x2f, 0xd9, 0xf2,
    0x0, 0xf, 0xf2, 0x2f, 0xf0, 0x0, 0xd, 0xfe,
    0xd0, 0x0, 0xf, 0xf2, 0x2f, 0xf0, 0x0, 0x8,
    0xff, 0x80, 0x0, 0xf, 0xf2, 0x2f, 0xf0, 0x0,
    0x2, 0xff, 0x20, 0x0, 0xf, 0xf2,

    /* U+1E3F "ḿ" */
    0x0, 0x0, 0x0, 0x0, 0x7, 0xff, 0x30, 0x0,
    0x0, 0x0, 0x0, 0x0, 0x0, 0xe, 0xf6, 0x0,
    0x0, 0x0, 0x0, 0x0, 0x0, 0x0, 0x6f, 0x90,
    0x0, 0x0, 0x0, 0x0, 0x0, 0x0, 0x0, 0x45,
    0x0, 0x0, 0x0, 0x0, 0x0, 0x0, 0x0, 0x0,
    0x0, 0x0, 0x0, 0x0, 0x0, 0x7f, 0x72, 0xae,
    0xfc, 0x50, 0x7, 0xdf, 0xe9, 0x10, 0x7f, 0x9e,
    0xfe, 0xff, 0xf5, 0xaf, 0xfe, 0xff, 0xc0, 0x7f,
    0xfd, 0x30, 0xa, 0xff, 0xf6, 0x0, 0x5f, 0xf3,
    0x7f, 0xf2, 0x0, 0x2, 0xff, 0x70, 0x0, 0xc,
    0xf6, 0x7f, 0xd0, 0x0, 0x0, 0xff, 0x20, 0x0,
    0xb, 0xf7, 0x7f, 0xb0, 0x0, 0x0, 0xff, 0x10,
    0x0, 0xa, 0xf7, 0x7f, 0xa0, 0x0, 0x0, 0xff,
    0x10, 0x0, 0xa, 0xf7, 0x7f, 0xa0, 0x0, 0x0,
    0xff, 0x10, 0x0, 0xa, 0xf7, 0x7f, 0xa0, 0x0,
    0x0, 0xff, 0x10, 0x0, 0xa, 0xf7, 0x7f, 0xa0,
    0x0, 0x0, 0xff, 0x10, 0x0, 0xa, 0xf7, 0x7f,
    0xa0, 0x0, 0x0, 0xff, 0x10, 0x0, 0xa, 0xf7,
    0x7f, 0xa0, 0x0, 0x0, 0xff, 0x10, 0x0, 0xa,
    0xf7, 0x7f, 0xa0, 0x0, 0x0, 0xff, 0x10, 0x0,
    0xa, 0xf7,

    /* U+1E40 "Ṁ" */
    0x0, 0x0, 0x0, 0x0, 0x77, 0x0, 0x0, 0x0,
    0x0, 0x0, 0x0, 0x0, 0x0, 0xff, 0x10, 0x0,
    0x0, 0x0, 0x0, 0x0, 0x0, 0x0, 0xff, 0x10,
    0x0, 0x0, 0x0, 0x0, 0x0, 0x0, 0x0, 0x0,
    0x0, 0x0, 0x0, 0x0, 0x2f, 0xff, 0x60, 0x0,
    0x0, 0x0, 0x0, 0xff, 0xf2, 0x2f, 0xff, 0xb0,
    0x0, 0x0, 0x0, 0x5, 0xff, 0xf2, 0x2f, 0xff,
    0xf0, 0x0, 0x0, 0x0, 0xa, 0xff, 0xf2, 0x2f,
    0xfa, 0xf5, 0x0, 0x0, 0x0, 0xf, 0xcf, 0xf2,
    0x2f, 0xf5, 0xfa, 0x0, 0x0, 0x0, 0x5f, 0x7f,
    0xf2, 0x2f, 0xf0, 0xff, 0x0, 0x0, 0x0, 0xaf,
    0x2f, 0xf2, 0x2f, 0xf0, 0xbf, 0x40, 0x0, 0x0,
    0xfc, 0xf, 0xf2, 0x2f, 0xf0, 0x6f, 0x90, 0x0,
    0x5, 0xf7, 0xf, 0xf2, 0x2f, 0xf0, 0x1f, 0xe0,
    0x0, 0xa, 0xf2, 0xf, 0xf2, 0x2f, 0xf0, 0xc,
    0xf4, 0x0, 0xf, 0xc0, 0xf, 0xf2, 0x2f, 0xf0,
    0x6, 0xf9, 0x0, 0x4f, 0x70, 0xf, 0xf2, 0x2f,
    0xf0, 0x1, 0xfe, 0x0, 0x9f, 0x20, 0xf, 0xf2,
    0x2f, 0xf0, 0x0, 0xcf, 0x30, 0xed, 0x0, 0xf,
    0xf2, 0x2f, 0xf0, 0x0, 0x7f, 0x84, 0xf7, 0x0,
    0xf, 0xf2, 0x2f, 0xf0, 0x0, 0x2f, 0xd9, 0xf2,
    0x0, 0xf, 0xf2, 0x2f, 0xf0, 0x0, 0xd, 0xfe,
    0xd0, 0x0, 0xf, 0xf2, 0x2f, 0xf0, 0x0, 0x8,
    0xff, 0x80, 0x0, 0xf, 0xf2, 0x2f, 0xf0, 0x0,
    0x2, 0xff, 0x20, 0x0, 0xf, 0xf2,

    /* U+1E41 "ṁ" */
    0x0, 0x0, 0x0, 0x0, 0xdf, 0x40, 0x0, 0x0,
    0x0, 0x0, 0x0, 0x0, 0x0, 0xdf, 0x40, 0x0,
    0x0, 0x0, 0x0, 0x0, 0x0, 0x0, 0x67, 0x20,
    0x0, 0x0, 0x0, 0x0, 0x0, 0x0, 0x0, 0x0,
    0x0, 0x0, 0x0, 0x0, 0x0, 0x0, 0x0, 0x0,
    0x0, 0x0, 0x0, 0x0, 0x0, 0x7f, 0x72, 0xae,
    0xfc, 0x50, 0x7, 0xdf, 0xe9, 0x10, 0x7f, 0x9e,
    0xfe, 0xff, 0xf5, 0xaf, 0xfe, 0xff, 0xc0, 0x7f,
    0xfd, 0x30, 0xa, 0xff, 0xf6, 0x0, 0x5f, 0xf3,
    0x7f, 0xf2, 0x0, 0x2, 0xff, 0x70, 0x0, 0xc,
    0xf6, 0x7f, 0xd0, 0x0, 0x0, 0xff, 0x20, 0x0,
    0xb, 0xf7, 0x7f, 0xb0, 0x0, 0x0, 0xff, 0x10,
    0x0, 0xa, 0xf7, 0x7f, 0xa0, 0x0, 0x0, 0xff,
    0x10, 0x0, 0xa, 0xf7, 0x7f, 0xa0, 0x0, 0x0,
    0xff, 0x10, 0x0, 0xa, 0xf7, 0x7f, 0xa0, 0x0,
    0x0, 0xff, 0x10, 0x0, 0xa, 0xf7, 0x7f, 0xa0,
    0x0, 0x0, 0xff, 0x10, 0x0, 0xa, 0xf7, 0x7f,
    0xa0, 0x0, 0x0, 0xff, 0x10, 0x0, 0xa, 0xf7,
    0x7f, 0xa0, 0x0, 0x0, 0xff, 0x10, 0x0, 0xa,
    0xf7, 0x7f, 0xa0, 0x0, 0x0, 0xff, 0x10, 0x0,
    0xa, 0xf7,

    /* U+1E42 "Ṃ" */
    0x2f, 0xff, 0x60, 0x0, 0x0, 0x0, 0x0, 0xff,
    0xf2, 0x2f, 0xff, 0xb0, 0x0, 0x0, 0x0, 0x5,
    0xff, 0xf2, 0x2f, 0xff, 0xf0, 0x0, 0x0, 0x0,
    0xa, 0xff, 0xf2, 0x2f, 0xfa, 0xf5, 0x0, 0x0,
    0x0, 0xf, 0xcf, 0xf2, 0x2f, 0xf5, 0xfa, 0x0,
    0x0, 0x0, 0x5f, 0x7f, 0xf2, 0x2f, 0xf0, 0xff,
    0x0, 0x0, 0x0, 0xaf, 0x2f, 0xf2, 0x2f, 0xf0,
    0xbf, 0x40, 0x0, 0x0, 0xfc, 0xf, 0xf2, 0x2f,
    0xf0, 0x6f, 0x90, 0x0, 0x5, 0xf7, 0xf, 0xf2,
    0x2f, 0xf0, 0x1f, 0xe0, 0x0, 0xa, 0xf2, 0xf,
    0xf2, 0x2f, 0xf0, 0xc, 0xf4, 0x0, 0xf, 0xc0,
    0xf, 0xf2, 0x2f, 0xf0, 0x6, 0xf9, 0x0, 0x4f,
    0x70, 0xf, 0xf2, 0x2f, 0xf0, 0x1, 0xfe, 0x0,
    0x9f, 0x20, 0xf, 0xf2, 0x2f, 0xf0, 0x0, 0xcf,
    0x30, 0xed, 0x0, 0xf, 0xf2, 0x2f, 0xf0, 0x0,
    0x7f, 0x84, 0xf7, 0x0, 0xf, 0xf2, 0x2f, 0xf0,
    0x0, 0x2f, 0xd9, 0xf2, 0x0, 0xf, 0xf2, 0x2f,
    0xf0, 0x0, 0xd, 0xfe, 0xd0, 0x0, 0xf, 0xf2,
    0x2f, 0xf0, 0x0, 0x8, 0xff, 0x80, 0x0, 0xf,
    0xf2, 0x2f, 0xf0, 0x0, 0x2, 0xff, 0x20, 0x0,
    0xf, 0xf2, 0x0, 0x0, 0x0, 0x0, 0x0, 0x0,
    0x0, 0x0, 0x0, 0x0, 0x0, 0x0, 0x0, 0x0,
    0x0, 0x0, 0x0, 0x0, 0x0, 0x0, 0x0, 0x0,
    0x67, 0x10, 0x0, 0x0, 0x0, 0x0, 0x0, 0x0,
    0x0, 0xef, 0x40, 0x0, 0x0, 0x0, 0x0, 0x0,
    0x0, 0x0, 0xef, 0x40, 0x0, 0x0, 0x0,

    /* U+1E43 "ṃ" */
    0x7f, 0x72, 0xae, 0xfc, 0x50, 0x7, 0xdf, 0xe9,
    0x10, 0x7f, 0x9e, 0xfe, 0xff, 0xf5, 0xaf, 0xfe,
    0xff, 0xc0, 0x7f, 0xfd, 0x30, 0xa, 0xff, 0xf6,
    0x0, 0x5f, 0xf3, 0x7f, 0xf2, 0x0, 0x2, 0xff,
    0x70, 0x0, 0xc, 0xf6, 0x7f, 0xd0, 0x0, 0x0,
    0xff, 0x20, 0x0, 0xb, 0xf7, 0x7f, 0xb0, 0x0,
    0x0, 0xff, 0x10, 0x0, 0xa, 0xf7, 0x7f, 0xa0,
    0x0, 0x0, 0xff, 0x10, 0x0, 0xa, 0xf7, 0x7f,
    0xa0, 0x0, 0x0, 0xff, 0x10, 0x0, 0xa, 0xf7,
    0x7f, 0xa0, 0x0, 0x0, 0xff, 0x10, 0x0, 0xa,
    0xf7, 0x7f, 0xa0, 0x0, 0x0, 0xff, 0x10, 0x0,
    0xa, 0xf7, 0x7f, 0xa0, 0x0, 0x0, 0xff, 0x10,
    0x0, 0xa, 0xf7, 0x7f, 0xa0, 0x0, 0x0, 0xff,
    0x10, 0x0, 0xa, 0xf7, 0x7f, 0xa0, 0x0, 0x0,
    0xff, 0x10, 0x0, 0xa, 0xf7, 0x0, 0x0, 0x0,
    0x0, 0x0, 0x0, 0x0, 0x0, 0x0, 0x0, 0x0,
    0x0, 0x0, 0x0, 0x0, 0x0, 0x0, 0x0, 0x0,
    0x0, 0x0, 0x0, 0x67, 0x10, 0x0, 0x0, 0x0,
    0x0, 0x0, 0x0, 0x0, 0xef, 0x40, 0x0, 0x0,
    0x0, 0x0, 0x0, 0x0, 0x0, 0xef, 0x40, 0x0,
    0x0, 0x0,

    /* U+1E44 "Ṅ" */
    0x0, 0x0, 0x0, 0x17, 0x60, 0x0, 0x0, 0x0,
    0x0, 0x0, 0x3, 0xff, 0x0, 0x0, 0x0, 0x0,
    0x0, 0x0, 0x3f, 0xf0, 0x0, 0x0, 0x0, 0x0,
    0x0, 0x0, 0x0, 0x0, 0x0, 0x0, 0x1f, 0xf8,
    0x0, 0x0, 0x0, 0x0, 0xcf, 0x61, 0xff, 0xf3,
    0x0, 0x0, 0x0, 0xc, 0xf6, 0x1f, 0xff, 0xc0,
    0x0, 0x0, 0x0, 0xcf, 0x61, 0xff, 0xff, 0x70,
    0x0, 0x0, 0xc, 0xf6, 0x1f, 0xf8, 0xff, 0x10,
    0x0, 0x0, 0xcf, 0x61, 0xff, 0x1d, 0xfb, 0x0,
    0x0, 0xc, 0xf6, 0x1f, 0xf1, 0x3f, 0xf5, 0x0,
    0x0, 0xcf, 0x61, 0xff, 0x10, 0x9f, 0xe1, 0x0,
    0xc, 0xf6, 0x1f, 0xf1, 0x0, 0xef, 0x90, 0x0,
    0xcf, 0x61, 0xff, 0x10, 0x5, 0xff, 0x40, 0xc,
    0xf6, 0x1f, 0xf1, 0x0, 0xa, 0xfd, 0x0, 0xcf,
    0x61, 0xff, 0x10, 0x0, 0x1f, 0xf8, 0xc, 0xf6,
    0x1f, 0xf1, 0x0, 0x0, 0x6f, 0xf2, 0xcf, 0x61,
    0xff, 0x10, 0x0, 0x0, 0xcf, 0xcc, 0xf6, 0x1f,
    0xf1, 0x0, 0x0, 0x2, 0xff, 0xff, 0x61, 0xff,
    0x10, 0x0, 0x0, 0x8, 0xff, 0xf6, 0x1f, 0xf1,
    0x0, 0x0, 0x0, 0xd, 0xff, 0x61, 0xff, 0x10,
    0x0, 0x0, 0x0, 0x3f, 0xf6,

    /* U+1E45 "ṅ" */
    0x0, 0x0, 0xd, 0xf5, 0x0, 0x0, 0x0, 0x0,
    0xdf, 0x50, 0x0, 0x0, 0x0, 0x5, 0x72, 0x0,
    0x0, 0x0, 0x0, 0x0, 0x0, 0x0, 0x0, 0x0,
    0x0, 0x0, 0x0, 0x6, 0xf8, 0x19, 0xef, 0xe9,
    0x10, 0x6f, 0x9d, 0xfe, 0xef, 0xfd, 0x6, 0xff,
    0xd4, 0x0, 0x4f, 0xf7, 0x6f, 0xf3, 0x0, 0x0,
    0x9f, 0xa6, 0xfd, 0x0, 0x0, 0x6, 0xfb, 0x6f,
    0xc0, 0x0, 0x0, 0x5f, 0xc6, 0xfb, 0x0, 0x0,
    0x5, 0xfc, 0x6f, 0xb0, 0x0, 0x0, 0x5f, 0xc6,
    0xfb, 0x0, 0x0, 0x5, 0xfc, 0x6f, 0xb0, 0x0,
    0x0, 0x5f, 0xc6, 0xfb, 0x0, 0x0, 0x5, 0xfc,
    0x6f, 0xb0, 0x0, 0x0, 0x5f, 0xc6, 0xfb, 0x0,
    0x0, 0x5, 0xfc,

    /* U+1E46 "Ṇ" */
    0x1f, 0xf8, 0x0, 0x0, 0x0, 0x0, 0xcf, 0x61,
    0xff, 0xf3, 0x0, 0x0, 0x0, 0xc, 0xf6, 0x1f,
    0xff, 0xc0, 0x0, 0x0, 0x0, 0xcf, 0x61, 0xff,
    0xff, 0x70, 0x0, 0x0, 0xc, 0xf6, 0x1f, 0xf8,
    0xff, 0x10, 0x0, 0x0, 0xcf, 0x61, 0xff, 0x1d,
    0xfb, 0x0, 0x0, 0xc, 0xf6, 0x1f, 0xf1, 0x3f,
    0xf5, 0x0, 0x0, 0xcf, 0x61, 0xff, 0x10, 0x9f,
    0xe1, 0x0, 0xc, 0xf6, 0x1f, 0xf1, 0x0, 0xef,
    0x90, 0x0, 0xcf, 0x61, 0xff, 0x10, 0x5, 0xff,
    0x40, 0xc, 0xf6, 0x1f, 0xf1, 0x0, 0xa, 0xfd,
    0x0, 0xcf, 0x61, 0xff, 0x10, 0x0, 0x1f, 0xf8,
    0xc, 0xf6, 0x1f, 0xf1, 0x0, 0x0, 0x6f, 0xf2,
    0xcf, 0x61, 0xff, 0x10, 0x0, 0x0, 0xcf, 0xcc,
    0xf6, 0x1f, 0xf1, 0x0, 0x0, 0x2, 0xff, 0xff,
    0x61, 0xff, 0x10, 0x0, 0x0, 0x8, 0xff, 0xf6,
    0x1f, 0xf1, 0x0, 0x0, 0x0, 0xd, 0xff, 0x61,
    0xff, 0x10, 0x0, 0x0, 0x0, 0x3f, 0xf6, 0x0,
    0x0, 0x0, 0x0, 0x0, 0x0, 0x0, 0x0, 0x0,
    0x0, 0x0, 0x0, 0x0, 0x0, 0x0, 0x0, 0x0,
    0x0, 0x17, 0x70, 0x0, 0x0, 0x0, 0x0, 0x0,
    0x3, 0xff, 0x0, 0x0, 0x0, 0x0, 0x0, 0x0,
    0x3f, 0xf0, 0x0, 0x0, 0x0,

    /* U+1E47 "ṇ" */
    0x6f, 0x81, 0x9e, 0xfe, 0x91, 0x6, 0xf9, 0xdf,
    0xee, 0xff, 0xd0, 0x6f, 0xfd, 0x40, 0x4, 0xff,
    0x76, 0xff, 0x30, 0x0, 0x9, 0xfa, 0x6f, 0xd0,
    0x0, 0x0, 0x6f, 0xb6, 0xfc, 0x0, 0x0, 0x5,
    0xfc, 0x6f, 0xb0, 0x0, 0x0, 0x5f, 0xc6, 0xfb,
    0x0, 0x0, 0x5, 0xfc, 0x6f, 0xb0, 0x0, 0x0,
    0x5f, 0xc6, 0xfb, 0x0, 0x0, 0x5, 0xfc, 0x6f,
    0xb0, 0x0, 0x0, 0x5f, 0xc6, 0xfb, 0x0, 0x0,
    0x5, 0xfc, 0x6f, 0xb0, 0x0, 0x0, 0x5f, 0xc0,
    0x0, 0x0, 0x0, 0x0, 0x0, 0x0, 0x0, 0x0,
    0x0, 0x0, 0x0, 0x0, 0x1, 0x77, 0x0, 0x0,
    0x0, 0x0, 0x2f, 0xf0, 0x0, 0x0, 0x0, 0x2,
    0xff, 0x0, 0x0,

    /* U+1E48 "Ṉ" */
    0x1f, 0xf8, 0x0, 0x0, 0x0, 0x0, 0xcf, 0x61,
    0xff, 0xf3, 0x0, 0x0, 0x0, 0xc, 0xf6, 0x1f,
    0xff, 0xc0, 0x0, 0x0, 0x0, 0xcf, 0x61, 0xff,
    0xff, 0x70, 0x0, 0x0, 0xc, 0xf6, 0x1f, 0xf8,
    0xff, 0x10, 0x0, 0x0, 0xcf, 0x61, 0xff, 0x1d,
    0xfb, 0x0, 0x0, 0xc, 0xf6, 0x1f, 0xf1, 0x3f,
    0xf5, 0x0, 0x0, 0xcf, 0x61, 0xff, 0x10, 0x9f,
    0xe1, 0x0, 0xc, 0xf6, 0x1f, 0xf1, 0x0, 0xef,
    0x90, 0x0, 0xcf, 0x61, 0xff, 0x10, 0x5, 0xff,
    0x40, 0xc, 0xf6, 0x1f, 0xf1, 0x0, 0xa, 0xfd,
    0x0, 0xcf, 0x61, 0xff, 0x10, 0x0, 0x1f, 0xf8,
    0xc, 0xf6, 0x1f, 0xf1, 0x0, 0x0, 0x6f, 0xf2,
    0xcf, 0x61, 0xff, 0x10, 0x0, 0x0, 0xcf, 0xcc,
    0xf6, 0x1f, 0xf1, 0x0, 0x0, 0x2, 0xff, 0xff,
    0x61, 0xff, 0x10, 0x0, 0x0, 0x8, 0xff, 0xf6,
    0x1f, 0xf1, 0x0, 0x0, 0x0, 0xd, 0xff, 0x61,
    0xff, 0x10, 0x0, 0x0, 0x0, 0x3f, 0xf6, 0x0,
    0x0, 0x0, 0x0, 0x0, 0x0, 0x0, 0x0, 0x0,
    0x0, 0x0, 0x0, 0x0, 0x0, 0x0, 0x0, 0x0,
    0x0, 0x0, 0x0, 0x0, 0x0, 0x0, 0x0, 0xc,
    0xcc, 0xcc, 0xcc, 0x40, 0x0, 0x0, 0x0, 0xff,
    0xff, 0xff, 0xf5, 0x0, 0x0,

    /* U+1E49 "ṉ" */
    0x6f, 0x81, 0x9e, 0xfe, 0x91, 0x6, 0xf9, 0xdf,
    0xee, 0xff, 0xd0, 0x6f, 0xfd, 0x40, 0x4, 0xff,
    0x76, 0xff, 0x30, 0x0, 0x9, 0xfa, 0x6f, 0xd0,
    0x0, 0x0, 0x6f, 0xb6, 0xfc, 0x0, 0x0, 0x5,
    0xfc, 0x6f, 0xb0, 0x0, 0x0, 0x5f, 0xc6, 0xfb,
    0x0, 0x0, 0x5, 0xfc, 0x6f, 0xb0, 0x0, 0x0,
    0x5f, 0xc6, 0xfb, 0x0, 0x0, 0x5, 0xfc, 0x6f,
    0xb0, 0x0, 0x0, 0x5f, 0xc6, 0xfb, 0x0, 0x0,
    0x5, 0xfc, 0x6f, 0xb0, 0x0, 0x0, 0x5f, 0xc0,
    0x0, 0x0, 0x0, 0x0, 0x0, 0x0, 0x0, 0x0,
    0x0, 0x0, 0x0, 0x0, 0x0, 0x0, 0x0, 0x0,
    0x0, 0xbc, 0xcc, 0xcc, 0xc5, 0x0, 0xe, 0xff,
    0xff, 0xff, 0x60,

    /* U+1E4A "Ṋ" */
    0x1f, 0xf8, 0x0, 0x0, 0x0, 0x0, 0xcf, 0x61,
    0xff, 0xf3, 0x0, 0x0, 0x0, 0xc, 0xf6, 0x1f,
    0xff, 0xc0, 0x0, 0x0, 0x0, 0xcf, 0x61, 0xff,
    0xff, 0x70, 0x0, 0x0, 0xc, 0xf6, 0x1f, 0xf8,
    0xff, 0x10, 0x0, 0x0, 0xcf, 0x61, 0xff, 0x1d,
    0xfb, 0x0, 0x0, 0xc, 0xf6, 0x1f, 0xf1, 0x3f,
    0xf5, 0x0, 0x0, 0xcf, 0x61, 0xff, 0x10, 0x9f,
    0xe1, 0x0, 0xc, 0xf6, 0x1f, 0xf1, 0x0, 0xef,
    0x90, 0x0, 0xcf, 0x61, 0xff, 0x10, 0x5, 0xff,
    0x40, 0xc, 0xf6, 0x1f, 0xf1, 0x0, 0xa, 0xfd,
    0x0, 0xcf, 0x61, 0xff, 0x10, 0x0, 0x1f, 0xf8,
    0xc, 0xf6, 0x1f, 0xf1, 0x0, 0x0, 0x6f, 0xf2,
    0xcf, 0x61, 0xff, 0x10, 0x0, 0x0, 0xcf, 0xcc,
    0xf6, 0x1f, 0xf1, 0x0, 0x0, 0x2, 0xff, 0xff,
    0x61, 0xff, 0x10, 0x0, 0x0, 0x8, 0xff, 0xf6,
    0x1f, 0xf1, 0x0, 0x0, 0x0, 0xd, 0xff, 0x61,
    0xff, 0x10, 0x0, 0x0, 0x0, 0x3f, 0xf6, 0x0,
    0x0, 0x0, 0x0, 0x0, 0x0, 0x0, 0x0, 0x0,
    0x0, 0x0, 0x44, 0x0, 0x0, 0x0, 0x0, 0x0,
    0x0, 0xbf, 0xfa, 0x0, 0x0, 0x0, 0x0, 0x0,
    0x8f, 0xba, 0xf7, 0x0, 0x0, 0x0, 0x0, 0x4f,
    0xe1, 0x1e, 0xf5, 0x0, 0x0,

    /* U+1E4B "ṋ" */
    0x6f, 0x81, 0x9e, 0xfe, 0x91, 0x6, 0xf9, 0xdf,
    0xee, 0xff, 0xd0, 0x6f, 0xfd, 0x40, 0x4, 0xff,
    0x76, 0xff, 0x30, 0x0, 0x9, 0xfa, 0x6f, 0xd0,
    0x0, 0x0, 0x6f, 0xb6, 0xfc, 0x0, 0x0, 0x5,
    0xfc, 0x6f, 0xb0, 0x0, 0x0, 0x5f, 0xc6, 0xfb,
    0x0, 0x0, 0x5, 0xfc, 0x6f, 0xb0, 0x0, 0x0,
    0x5f, 0xc6, 0xfb, 0x0, 0x0, 0x5, 0xfc, 0x6f,
    0xb0, 0x0, 0x0, 0x5f, 0xc6, 0xfb, 0x0, 0x0,
    0x5, 0xfc, 0x6f, 0xb0, 0x0, 0x0, 0x5f, 0xc0,
    0x0, 0x0, 0x0, 0x0, 0x0, 0x0, 0x0, 0x24,
    0x30, 0x0, 0x0, 0x0, 0x2e, 0xff, 0x50, 0x0,
    0x0, 0xc, 0xf7, 0xef, 0x30, 0x0, 0xa, 0xfb,
    0x5, 0xfe, 0x10,

    /* U+1E4C "Ṍ" */
    0x0, 0x0, 0x0, 0x0, 0x25, 0x51, 0x0, 0x0,
    0x0, 0x0, 0x0, 0x0, 0xd, 0xfa, 0x0, 0x0,
    0x0, 0x0, 0x0, 0x0, 0x4, 0xfd, 0x0, 0x0,
    0x0, 0x0, 0x0, 0x0, 0x0, 0xcf, 0x20, 0x0,
    0x0, 0x0, 0x0, 0x0, 0x0, 0x0, 0x0, 0x0,
    0x0, 0x0, 0x0, 0x0, 0x0, 0x8e, 0xe7, 0x16,
    0xf3, 0x0, 0x0, 0x0, 0x0, 0x4f, 0xcc, 0xff,
    0xfd, 0x0, 0x0, 0x0, 0x0, 0x4, 0x90, 0x3,
    0x87, 0x10, 0x0, 0x0, 0x0, 0x0, 0x0, 0x0,
    0x0, 0x0, 0x0, 0x0, 0x0, 0x0, 0x1, 0x8c,
    0xef, 0xeb, 0x60, 0x0, 0x0, 0x0, 0x7, 0xff,
    0xff, 0xff, 0xff, 0xd3, 0x0, 0x0, 0x9, 0xff,
    0xb4, 0x10, 0x16, 0xef, 0xf4, 0x0, 0x5, 0xff,
    0x70, 0x0, 0x0, 0x0, 0xcf, 0xe1, 0x0, 0xef,
    0xa0, 0x0, 0x0, 0x0, 0x1, 0xef, 0x90, 0x5f,
    0xf2, 0x0, 0x0, 0x0, 0x0, 0x6, 0xff, 0x9,
    0xfc, 0x0, 0x0, 0x0, 0x0, 0x0, 0x1f, 0xf4,
    0xcf, 0x90, 0x0, 0x0, 0x0, 0x0, 0x0, 0xef,
    0x7d, 0xf8, 0x0, 0x0, 0x0, 0x0, 0x0, 0xd,
    0xf8, 0xdf, 0x80, 0x0, 0x0, 0x0, 0x0, 0x0,
    0xdf, 0x8c, 0xf9, 0x0, 0x0, 0x0, 0x0, 0x0,
    0xe, 0xf7, 0x9f, 0xc0, 0x0, 0x0, 0x0, 0x0,
    0x1, 0xff, 0x45, 0xff, 0x20, 0x0, 0x0, 0x0,
    0x0, 0x6f, 0xf0, 0xe, 0xfa, 0x0, 0x0, 0x0,
    0x0, 0x1e, 0xf9, 0x0, 0x5f, 0xf7, 0x0, 0x0,
    0x0, 0xb, 0xfe, 0x10, 0x0, 0x8f, 0xfb, 0x40,
    0x1, 0x6d, 0xff, 0x40, 0x0, 0x0, 0x7f, 0xff,
    0xff, 0xff, 0xfe, 0x30, 0x0, 0x0, 0x0, 0x18,
    0xce, 0xfe, 0xb6, 0x0, 0x0, 0x0,

    /* U+1E4D "ṍ" */
    0x0, 0x0, 0x0, 0x6, 0x63, 0x0, 0x0, 0x0,
    0x0, 0x7, 0xfe, 0x10, 0x0, 0x0, 0x0, 0x0,
    0xef, 0x40, 0x0, 0x0, 0x0, 0x0, 0x6f, 0x70,
    0x0, 0x0, 0x0, 0x0, 0x0, 0x0, 0x0, 0x0,
    0x0, 0x0, 0x4d, 0xe7, 0x0, 0xe8, 0x0, 0x0,
    0xe, 0xdb, 0xfd, 0xbf, 0x40, 0x0, 0x2, 0xf4,
    0x4, 0xdf, 0x80, 0x0, 0x0, 0x0, 0x0, 0x0,
    0x0, 0x0, 0x0, 0x0, 0x0, 0x0, 0x0, 0x0,
    0x0, 0x0, 0x2, 0x9e, 0xfe, 0xb5, 0x0, 0x0,
    0x5, 0xff, 0xfc, 0xef, 0xfa, 0x0, 0x3, 0xff,
    0x80, 0x0, 0x4f, 0xf7, 0x0, 0xaf, 0xa0, 0x0,
    0x0, 0x5f, 0xf0, 0xe, 0xf4, 0x0, 0x0, 0x0,
    0xef, 0x41, 0xff, 0x10, 0x0, 0x0, 0xb, 0xf7,
    0x2f, 0xf0, 0x0, 0x0, 0x0, 0xaf, 0x71, 0xff,
    0x10, 0x0, 0x0, 0xc, 0xf6, 0xf, 0xf4, 0x0,
    0x0, 0x0, 0xff, 0x40, 0xaf, 0xb0, 0x0, 0x0,
    0x6f, 0xf0, 0x3, 0xff, 0x80, 0x0, 0x4f, 0xf7,
    0x0, 0x5, 0xff, 0xfc, 0xdf, 0xf9, 0x0, 0x0,
    0x2, 0x9e, 0xfe, 0xb4, 0x0, 0x0,

    /* U+1E4E "Ṏ" */
    0x0, 0x0, 0x6, 0x71, 0x4, 0x74, 0x0, 0x0,
    0x0, 0x0, 0x0, 0xef, 0x40, 0x9f, 0x90, 0x0,
    0x0, 0x0, 0x0, 0xe, 0xf4, 0x9, 0xf9, 0x0,
    0x0, 0x0, 0x0, 0x0, 0x0, 0x0, 0x0, 0x0,
    0x0, 0x0, 0x0, 0x0, 0x8, 0xee, 0x71, 0x6f,
    0x30, 0x0, 0x0, 0x0, 0x4, 0xfc, 0xcf, 0xff,
    0xd0, 0x0, 0x0, 0x0, 0x0, 0x49, 0x0, 0x38,
    0x71, 0x0, 0x0, 0x0, 0x0, 0x0, 0x0, 0x0,
    0x0, 0x0, 0x0, 0x0, 0x0, 0x0, 0x18, 0xce,
    0xfe, 0xb6, 0x0, 0x0, 0x0, 0x0, 0x7f, 0xff,
    0xff, 0xff, 0xfd, 0x30, 0x0, 0x0, 0x9f, 0xfb,
    0x41, 0x1, 0x6e, 0xff, 0x40, 0x0, 0x5f, 0xf7,
    0x0, 0x0, 0x0, 0xc, 0xfe, 0x10, 0xe, 0xfa,
    0x0, 0x0, 0x0, 0x0, 0x1e, 0xf9, 0x5, 0xff,
    0x20, 0x0, 0x0, 0x0, 0x0, 0x6f, 0xf0, 0x9f,
    0xc0, 0x0, 0x0, 0x0, 0x0, 0x1, 0xff, 0x4c,
    0xf9, 0x0, 0x0, 0x0, 0x0, 0x0, 0xe, 0xf7,
    0xdf, 0x80, 0x0, 0x0, 0x0, 0x0, 0x0, 0xdf,
    0x8d, 0xf8, 0x0, 0x0, 0x0, 0x0, 0x0, 0xd,
    0xf8, 0xcf, 0x90, 0x0, 0x0, 0x0, 0x0, 0x0,
    0xef, 0x79, 0xfc, 0x0, 0x0, 0x0, 0x0, 0x0,
    0x1f, 0xf4, 0x5f, 0xf2, 0x0, 0x0, 0x0, 0x0,
    0x6, 0xff, 0x0, 0xef, 0xa0, 0x0, 0x0, 0x0,
    0x1, 0xef, 0x90, 0x5, 0xff, 0x70, 0x0, 0x0,
    0x0, 0xbf, 0xe1, 0x0, 0x8, 0xff, 0xb4, 0x0,
    0x16, 0xdf, 0xf4, 0x0, 0x0, 0x7, 0xff, 0xff,
    0xff, 0xff, 0xe3, 0x0, 0x0, 0x0, 0x1, 0x8c,
    0xef, 0xeb, 0x60, 0x0, 0x0,

    /* U+1E4F "ṏ" */
    0x0, 0x3, 0x74, 0x1, 0x77, 0x0, 0x0, 0x0,
    0x8f, 0xa0, 0x3f, 0xf0, 0x0, 0x0, 0x8, 0xfa,
    0x3, 0xff, 0x0, 0x0, 0x0, 0x0, 0x0, 0x0,
    0x0, 0x0, 0x0, 0x4, 0xde, 0x70, 0xe, 0x80,
    0x0, 0x0, 0xed, 0xbf, 0xdb, 0xf4, 0x0, 0x0,
    0x2f, 0x40, 0x4d, 0xf8, 0x0, 0x0, 0x0, 0x0,
    0x0, 0x0, 0x0, 0x0, 0x0, 0x0, 0x0, 0x0,
    0x0, 0x0, 0x0, 0x0, 0x29, 0xef, 0xeb, 0x50,
    0x0, 0x0, 0x5f, 0xff, 0xce, 0xff, 0xa0, 0x0,
    0x3f, 0xf8, 0x0, 0x4, 0xff, 0x70, 0xa, 0xfa,
    0x0, 0x0, 0x5, 0xff, 0x0, 0xef, 0x40, 0x0,
    0x0, 0xe, 0xf4, 0x1f, 0xf1, 0x0, 0x0, 0x0,
    0xbf, 0x72, 0xff, 0x0, 0x0, 0x0, 0xa, 0xf7,
    0x1f, 0xf1, 0x0, 0x0, 0x0, 0xcf, 0x60, 0xff,
    0x40, 0x0, 0x0, 0xf, 0xf4, 0xa, 0xfb, 0x0,
    0x0, 0x6, 0xff, 0x0, 0x3f, 0xf8, 0x0, 0x4,
    0xff, 0x70, 0x0, 0x5f, 0xff, 0xcd, 0xff, 0x90,
    0x0, 0x0, 0x29, 0xef, 0xeb, 0x40, 0x0,

    /* U+1E50 "Ṑ" */
    0x0, 0x0, 0x1, 0xdf, 0xa0, 0x0, 0x0, 0x0,
    0x0, 0x0, 0x0, 0x3, 0xff, 0x20, 0x0, 0x0,
    0x0, 0x0, 0x0, 0x0, 0x6, 0xf9, 0x0, 0x0,
    0x0, 0x0, 0x0, 0x0, 0x0, 0x5, 0x50, 0x0,
    0x0, 0x0, 0x0, 0x0, 0x2c, 0xcc, 0xcc, 0xcc,
    0x10, 0x0, 0x0, 0x0, 0x2, 0xff, 0xff, 0xff,
    0xf2, 0x0, 0x0, 0x0, 0x0, 0x0, 0x0, 0x0,
    0x0, 0x0, 0x0, 0x0, 0x0, 0x0, 0x0, 0x0,
    0x0, 0x0, 0x0, 0x0, 0x0, 0x0, 0x18, 0xce,
    0xfe, 0xb6, 0x0, 0x0, 0x0, 0x0, 0x7f, 0xff,
    0xff, 0xff, 0xfd, 0x30, 0x0, 0x0, 0x9f, 0xfb,
    0x41, 0x1, 0x6e, 0xff, 0x40, 0x0, 0x5f, 0xf7,
    0x0, 0x0, 0x0, 0xc, 0xfe, 0x10, 0xe, 0xfa,
    0x0, 0x0, 0x0, 0x0, 0x1e, 0xf9, 0x5, 0xff,
    0x20, 0x0, 0x0, 0x0, 0x0, 0x6f, 0xf0, 0x9f,
    0xc0, 0x0, 0x0, 0x0, 0x0, 0x1, 0xff, 0x4c,
    0xf9, 0x0, 0x0, 0x0, 0x0, 0x0, 0xe, 0xf7,
    0xdf, 0x80, 0x0, 0x0, 0x0, 0x0, 0x0, 0xdf,
    0x8d, 0xf8, 0x0, 0x0, 0x0, 0x0, 0x0, 0xd,
    0xf8, 0xcf, 0x90, 0x0, 0x0, 0x0, 0x0, 0x0,
    0xef, 0x79, 0xfc, 0x0, 0x0, 0x0, 0x0, 0x0,
    0x1f, 0xf4, 0x5f, 0xf2, 0x0, 0x0, 0x0, 0x0,
    0x6, 0xff, 0x0, 0xef, 0xa0, 0x0, 0x0, 0x0,
    0x1, 0xef, 0x90, 0x5, 0xff, 0x70, 0x0, 0x0,
    0x0, 0xbf, 0xe1, 0x0, 0x8, 0xff, 0xb4, 0x0,
    0x16, 0xdf, 0xf4, 0x0, 0x0, 0x7, 0xff, 0xff,
    0xff, 0xff, 0xe3, 0x0, 0x0, 0x0, 0x1, 0x8c,
    0xef, 0xeb, 0x60, 0x0, 0x0,

    /* U+1E51 "ṑ" */
    0x0, 0x1, 0xdf, 0xa0, 0x0, 0x0, 0x0, 0x0,
    0x3, 0xff, 0x20, 0x0, 0x0, 0x0, 0x0, 0x6,
    0xf9, 0x0, 0x0, 0x0, 0x0, 0x0, 0x5, 0x50,
    0x0, 0x0, 0x0, 0x1f, 0xff, 0xff, 0xff, 0x30,
    0x0, 0x0, 0xcc, 0xcc, 0xcc, 0xc2, 0x0, 0x0,
    0x0, 0x0, 0x0, 0x0, 0x0, 0x0, 0x0, 0x0,
    0x0, 0x0, 0x0, 0x0, 0x0, 0x0, 0x0, 0x0,
    0x0, 0x0, 0x0, 0x0, 0x29, 0xef, 0xeb, 0x50,
    0x0, 0x0, 0x5f, 0xff, 0xce, 0xff, 0xa0, 0x0,
    0x3f, 0xf8, 0x0, 0x4, 0xff, 0x70, 0xa, 0xfa,
    0x0, 0x0, 0x5, 0xff, 0x0, 0xef, 0x40, 0x0,
    0x0, 0xe, 0xf4, 0x1f, 0xf1, 0x0, 0x0, 0x0,
    0xbf, 0x72, 0xff, 0x0, 0x0, 0x0, 0xa, 0xf7,
    0x1f, 0xf1, 0x0, 0x0, 0x0, 0xcf, 0x60, 0xff,
    0x40, 0x0, 0x0, 0xf, 0xf4, 0xa, 0xfb, 0x0,
    0x0, 0x6, 0xff, 0x0, 0x3f, 0xf8, 0x0, 0x4,
    0xff, 0x70, 0x0, 0x5f, 0xff, 0xcd, 0xff, 0x90,
    0x0, 0x0, 0x29, 0xef, 0xeb, 0x40, 0x0,

    /* U+1E52 "Ṓ" */
    0x0, 0x0, 0x0, 0x0, 0xaf, 0xd1, 0x0, 0x0,
    0x0, 0x0, 0x0, 0x0, 0x2f, 0xf3, 0x0, 0x0,
    0x0, 0x0, 0x0, 0x0, 0x9, 0xf6, 0x0, 0x0,
    0x0, 0x0, 0x0, 0x0, 0x0, 0x55, 0x0, 0x0,
    0x0, 0x0, 0x0, 0x0, 0x2c, 0xcc, 0xcc, 0xcc,
    0x10, 0x0, 0x0, 0x0, 0x2, 0xff, 0xff, 0xff,
    0xf2, 0x0, 0x0, 0x0, 0x0, 0x0, 0x0, 0x0,
    0x0, 0x0, 0x0, 0x0, 0x0, 0x0, 0x0, 0x0,
    0x0, 0x0, 0x0, 0x0, 0x0, 0x0, 0x18, 0xce,
    0xfe, 0xb6, 0x0, 0x0, 0x0, 0x0, 0x7f, 0xff,
    0xff, 0xff, 0xfd, 0x30, 0x0, 0x0, 0x9f, 0xfb,
    0x41, 0x1, 0x6e, 0xff, 0x40, 0x0, 0x5f, 0xf7,
    0x0, 0x0, 0x0, 0xc, 0xfe, 0x10, 0xe, 0xfa,
    0x0, 0x0, 0x0, 0x0, 0x1e, 0xf9, 0x5, 0xff,
    0x20, 0x0, 0x0, 0x0, 0x0, 0x6f, 0xf0, 0x9f,
    0xc0, 0x0, 0x0, 0x0, 0x0, 0x1, 0xff, 0x4c,
    0xf9, 0x0, 0x0, 0x0, 0x0, 0x0, 0xe, 0xf7,
    0xdf, 0x80, 0x0, 0x0, 0x0, 0x0, 0x0, 0xdf,
    0x8d, 0xf8, 0x0, 0x0, 0x0, 0x0, 0x0, 0xd,
    0xf8, 0xcf, 0x90, 0x0, 0x0, 0x0, 0x0, 0x0,
    0xef, 0x79, 0xfc, 0x0, 0x0, 0x0, 0x0, 0x0,
    0x1f, 0xf4, 0x5f, 0xf2, 0x0, 0x0, 0x0, 0x0,
    0x6, 0xff, 0x0, 0xef, 0xa0, 0x0, 0x0, 0x0,
    0x1, 0xef, 0x90, 0x5, 0xff, 0x70, 0x0, 0x0,
    0x0, 0xbf, 0xe1, 0x0, 0x8, 0xff, 0xb4, 0x0,
    0x16, 0xdf, 0xf4, 0x0, 0x0, 0x7, 0xff, 0xff,
    0xff, 0xff, 0xe3, 0x0, 0x0, 0x0, 0x1, 0x8c,
    0xef, 0xeb, 0x60, 0x0, 0x0,

    /* U+1E53 "ṓ" */
    0x0, 0x0, 0x0, 0x4f, 0xf5, 0x0, 0x0, 0x0,
    0x0, 0xc, 0xf8, 0x0, 0x0, 0x0, 0x0, 0x3,
    0xfc, 0x0, 0x0, 0x0, 0x0, 0x0, 0x35, 0x10,
    0x0, 0x0, 0x0, 0x1f, 0xff, 0xff, 0xff, 0x30,
    0x0, 0x0, 0xcc, 0xcc, 0xcc, 0xc2, 0x0, 0x0,
    0x0, 0x0, 0x0, 0x0, 0x0, 0x0, 0x0, 0x0,
    0x0, 0x0, 0x0, 0x0, 0x0, 0x0, 0x0, 0x0,
    0x0, 0x0, 0x0, 0x0, 0x29, 0xef, 0xeb, 0x50,
    0x0, 0x0, 0x5f, 0xff, 0xce, 0xff, 0xa0, 0x0,
    0x3f, 0xf8, 0x0, 0x4, 0xff, 0x70, 0xa, 0xfa,
    0x0, 0x0, 0x5, 0xff, 0x0, 0xef, 0x40, 0x0,
    0x0, 0xe, 0xf4, 0x1f, 0xf1, 0x0, 0x0, 0x0,
    0xbf, 0x72, 0xff, 0x0, 0x0, 0x0, 0xa, 0xf7,
    0x1f, 0xf1, 0x0, 0x0, 0x0, 0xcf, 0x60, 0xff,
    0x40, 0x0, 0x0, 0xf, 0xf4, 0xa, 0xfb, 0x0,
    0x0, 0x6, 0xff, 0x0, 0x3f, 0xf8, 0x0, 0x4,
    0xff, 0x70, 0x0, 0x5f, 0xff, 0xcd, 0xff, 0x90,
    0x0, 0x0, 0x29, 0xef, 0xeb, 0x40, 0x0,

    /* U+1E54 "Ṕ" */
    0x0, 0x0, 0x0, 0x4f, 0xf5, 0x0, 0x0, 0x0,
    0x0, 0x0, 0xbf, 0x90, 0x0, 0x0, 0x0, 0x0,
    0x3, 0xfc, 0x0, 0x0, 0x0, 0x0, 0x0, 0x3,
    0x61, 0x0, 0x0, 0x0, 0x2f, 0xff, 0xff, 0xff,
    0xfe, 0xa4, 0x0, 0x2f, 0xff, 0xff, 0xff, 0xff,
    0xff, 0x80, 0x2f, 0xf3, 0x11, 0x11, 0x24, 0xbf,
    0xf3, 0x2f, 0xf2, 0x0, 0x0, 0x0, 0xe, 0xfa,
    0x2f, 0xf2, 0x0, 0x0, 0x0, 0x8, 0xfd, 0x2f,
    0xf2, 0x0, 0x0, 0x0, 0x7, 0xfe, 0x2f, 0xf2,
    0x0, 0x0, 0x0, 0x9, 0xfd, 0x2f, 0xf2, 0x0,
    0x0, 0x0, 0x1e, 0xf9, 0x2f, 0xf3, 0x11, 0x11,
    0x36, 0xef, 0xf2, 0x2f, 0xff, 0xff, 0xff, 0xff,
    0xff, 0x50, 0x2f, 0xff, 0xff, 0xff, 0xfd, 0x92,
    0x0, 0x2f, 0xf2, 0x0, 0x0, 0x0, 0x0, 0x0,
    0x2f, 0xf2, 0x0, 0x0, 0x0, 0x0, 0x0, 0x2f,
    0xf2, 0x0, 0x0, 0x0, 0x0, 0x0, 0x2f, 0xf2,
    0x0, 0x0, 0x0, 0x0, 0x0, 0x2f, 0xf2, 0x0,
    0x0, 0x0, 0x0, 0x0, 0x2f, 0xf2, 0x0, 0x0,
    0x0, 0x0, 0x0, 0x2f, 0xf2, 0x0, 0x0, 0x0,
    0x0, 0x0,

    /* U+1E55 "ṕ" */
    0x0, 0x0, 0x4, 0xff, 0x50, 0x0, 0x0, 0x0,
    0xc, 0xf8, 0x0, 0x0, 0x0, 0x0, 0x3f, 0xc0,
    0x0, 0x0, 0x0, 0x0, 0x35, 0x10, 0x0, 0x0,
    0x0, 0x0, 0x0, 0x0, 0x0, 0x0, 0x6f, 0x82,
    0xae, 0xfd, 0x60, 0x0, 0x6f, 0xae, 0xfc, 0xcf,
    0xfb, 0x0, 0x6f, 0xfe, 0x20, 0x2, 0xef, 0x70,
    0x6f, 0xf4, 0x0, 0x0, 0x5f, 0xe0, 0x6f, 0xd0,
    0x0, 0x0, 0xe, 0xf3, 0x6f, 0xa0, 0x0, 0x0,
    0xc, 0xf6, 0x6f, 0x80, 0x0, 0x0, 0xb, 0xf6,
    0x6f, 0x90, 0x0, 0x0, 0xc, 0xf5, 0x6f, 0xc0,
    0x0, 0x0, 0xf, 0xf2, 0x6f, 0xf2, 0x0, 0x0,
    0x6f, 0xd0, 0x6f, 0xfd, 0x20, 0x4, 0xff, 0x50,
    0x6f, 0xde, 0xfc, 0xdf, 0xf8, 0x0, 0x6f, 0xb2,
    0xbf, 0xfc, 0x50, 0x0, 0x6f, 0xb0, 0x0, 0x0,
    0x0, 0x0, 0x6f, 0xb0, 0x0, 0x0, 0x0, 0x0,
    0x6f, 0xb0, 0x0, 0x0, 0x0, 0x0, 0x6f, 0xb0,
    0x0, 0x0, 0x0, 0x0, 0x6f, 0xb0, 0x0, 0x0,
    0x0, 0x0,

    /* U+1E56 "Ṗ" */
    0x0, 0x0, 0x3, 0x75, 0x0, 0x0, 0x0, 0x0,
    0x0, 0x7, 0xfb, 0x0, 0x0, 0x0, 0x0, 0x0,
    0x7, 0xfb, 0x0, 0x0, 0x0, 0x0, 0x0, 0x0,
    0x0, 0x0, 0x0, 0x0, 0x2f, 0xff, 0xff, 0xff,
    0xfe, 0xa4, 0x0, 0x2f, 0xff, 0xff, 0xff, 0xff,
    0xff, 0x80, 0x2f, 0xf3, 0x11, 0x11, 0x24, 0xbf,
    0xf3, 0x2f, 0xf2, 0x0, 0x0, 0x0, 0xe, 0xfa,
    0x2f, 0xf2, 0x0, 0x0, 0x0, 0x8, 0xfd, 0x2f,
    0xf2, 0x0, 0x0, 0x0, 0x7, 0xfe, 0x2f, 0xf2,
    0x0, 0x0, 0x0, 0x9, 0xfd, 0x2f, 0xf2, 0x0,
    0x0, 0x0, 0x1e, 0xf9, 0x2f, 0xf3, 0x11, 0x11,
    0x36, 0xef, 0xf2, 0x2f, 0xff, 0xff, 0xff, 0xff,
    0xff, 0x50, 0x2f, 0xff, 0xff, 0xff, 0xfd, 0x92,
    0x0, 0x2f, 0xf2, 0x0, 0x0, 0x0, 0x0, 0x0,
    0x2f, 0xf2, 0x0, 0x0, 0x0, 0x0, 0x0, 0x2f,
    0xf2, 0x0, 0x0, 0x0, 0x0, 0x0, 0x2f, 0xf2,
    0x0, 0x0, 0x0, 0x0, 0x0, 0x2f, 0xf2, 0x0,
    0x0, 0x0, 0x0, 0x0, 0x2f, 0xf2, 0x0, 0x0,
    0x0, 0x0, 0x0, 0x2f, 0xf2, 0x0, 0x0, 0x0,
    0x0, 0x0,

    /* U+1E57 "ṗ" */
    0x0, 0x0, 0x3f, 0xf0, 0x0, 0x0, 0x0, 0x0,
    0x3f, 0xf0, 0x0, 0x0, 0x0, 0x0, 0x17, 0x70,
    0x0, 0x0, 0x0, 0x0, 0x0, 0x0, 0x0, 0x0,
    0x0, 0x0, 0x0, 0x0, 0x0, 0x0, 0x6f, 0x82,
    0xae, 0xfd, 0x60, 0x0, 0x6f, 0xae, 0xfc, 0xcf,
    0xfb, 0x0, 0x6f, 0xfe, 0x20, 0x2, 0xef, 0x70,
    0x6f, 0xf4, 0x0, 0x0, 0x5f, 0xe0, 0x6f, 0xd0,
    0x0, 0x0, 0xe, 0xf3, 0x6f, 0xa0, 0x0, 0x0,
    0xc, 0xf6, 0x6f, 0x80, 0x0, 0x0, 0xb, 0xf6,
    0x6f, 0x90, 0x0, 0x0, 0xc, 0xf5, 0x6f, 0xc0,
    0x0, 0x0, 0xf, 0xf2, 0x6f, 0xf2, 0x0, 0x0,
    0x6f, 0xd0, 0x6f, 0xfd, 0x20, 0x4, 0xff, 0x50,
    0x6f, 0xde, 0xfc, 0xdf, 0xf8, 0x0, 0x6f, 0xb2,
    0xbf, 0xfc, 0x50, 0x0, 0x6f, 0xb0, 0x0, 0x0,
    0x0, 0x0, 0x6f, 0xb0, 0x0, 0x0, 0x0, 0x0,
    0x6f, 0xb0, 0x0, 0x0, 0x0, 0x0, 0x6f, 0xb0,
    0x0, 0x0, 0x0, 0x0, 0x6f, 0xb0, 0x0, 0x0,
    0x0, 0x0,

    /* U+1E58 "Ṙ" */
    0x0, 0x0, 0x0, 0x47, 0x30, 0x0, 0x0, 0x0,
    0x0, 0x0, 0x0, 0xb, 0xf7, 0x0, 0x0, 0x0,
    0x0, 0x0, 0x0, 0x0, 0xbf, 0x70, 0x0, 0x0,
    0x0, 0x0, 0x0, 0x0, 0x0, 0x0, 0x0, 0x0,
    0x0, 0x0, 0x1f, 0xff, 0xff, 0xff, 0xff, 0xda,
    0x30, 0x0, 0x1, 0xff, 0xff, 0xff, 0xff, 0xff,
    0xff, 0x60, 0x0, 0x1f, 0xf3, 0x0, 0x0, 0x0,
    0x3d, 0xff, 0x10, 0x1, 0xff, 0x30, 0x0, 0x0,
    0x0, 0x2f, 0xf6, 0x0, 0x1f, 0xf3, 0x0, 0x0,
    0x0, 0x0, 0xcf, 0x90, 0x1, 0xff, 0x30, 0x0,
    0x0, 0x0, 0xc, 0xf9, 0x0, 0x1f, 0xf3, 0x0,
    0x0, 0x0, 0x2, 0xff, 0x60, 0x1, 0xff, 0x30,
    0x0, 0x0, 0x15, 0xef, 0xe0, 0x0, 0x1f, 0xff,
    0xff, 0xff, 0xff, 0xff, 0xd2, 0x0, 0x1, 0xff,
    0xff, 0xff, 0xff, 0xfa, 0x60, 0x0, 0x0, 0x1f,
    0xf4, 0x11, 0x15, 0xef, 0xb1, 0x0, 0x0, 0x1,
    0xff, 0x30, 0x0, 0x1, 0xef, 0xd0, 0x0, 0x0,
    0x1f, 0xf3, 0x0, 0x0, 0x3, 0xff, 0xa0, 0x0,
    0x1, 0xff, 0x30, 0x0, 0x0, 0x8, 0xff, 0x40,
    0x0, 0x1f, 0xf3, 0x0, 0x0, 0x0, 0xe, 0xfd,
    0x0, 0x1, 0xff, 0x30, 0x0, 0x0, 0x0, 0x5f,
    0xf8, 0x0, 0x1f, 0xf3, 0x0, 0x0, 0x0, 0x0,
    0xbf, 0xf2, 0x1, 0xff, 0x30, 0x0, 0x0, 0x0,
    0x2, 0xff, 0xc0,

    /* U+1E59 "ṙ" */
    0x1, 0xff, 0x10, 0x0, 0x1, 0xff, 0x10, 0x0,
    0x0, 0x77, 0x0, 0x0, 0x0, 0x0, 0x0, 0x0,
    0x0, 0x0, 0x0, 0x0, 0x7f, 0x74, 0xdf, 0xb1,
    0x7f, 0x9f, 0xff, 0xf0, 0x7f, 0xfd, 0x44, 0x60,
    0x7f, 0xf3, 0x0, 0x0, 0x7f, 0xd0, 0x0, 0x0,
    0x7f, 0xb0, 0x0, 0x0, 0x7f, 0xa0, 0x0, 0x0,
    0x7f, 0xa0, 0x0, 0x0, 0x7f, 0xa0, 0x0, 0x0,
    0x7f, 0xa0, 0x0, 0x0, 0x7f, 0xa0, 0x0, 0x0,
    0x7f, 0xa0, 0x0, 0x0, 0x7f, 0xa0, 0x0, 0x0,

    /* U+1E5A "Ṛ" */
    0x1f, 0xff, 0xff, 0xff, 0xff, 0xda, 0x30, 0x0,
    0x1, 0xff, 0xff, 0xff, 0xff, 0xff, 0xff, 0x60,
    0x0, 0x1f, 0xf3, 0x0, 0x0, 0x0, 0x3d, 0xff,
    0x10, 0x1, 0xff, 0x30, 0x0, 0x0, 0x0, 0x2f,
    0xf6, 0x0, 0x1f, 0xf3, 0x0, 0x0, 0x0, 0x0,
    0xcf, 0x90, 0x1, 0xff, 0x30, 0x0, 0x0, 0x0,
    0xc, 0xf9, 0x0, 0x1f, 0xf3, 0x0, 0x0, 0x0,
    0x2, 0xff, 0x60, 0x1, 0xff, 0x30, 0x0, 0x0,
    0x15, 0xef, 0xe0, 0x0, 0x1f, 0xff, 0xff, 0xff,
    0xff, 0xff, 0xd2, 0x0, 0x1, 0xff, 0xff, 0xff,
    0xff, 0xfa, 0x60, 0x0, 0x0, 0x1f, 0xf4, 0x11,
    0x15, 0xef, 0xb1, 0x0, 0x0, 0x1, 0xff, 0x30,
    0x0, 0x1, 0xef, 0xd0, 0x0, 0x0, 0x1f, 0xf3,
    0x0, 0x0, 0x3, 0xff, 0xa0, 0x0, 0x1, 0xff,
    0x30, 0x0, 0x0, 0x8, 0xff, 0x40, 0x0, 0x1f,
    0xf3, 0x0, 0x0, 0x0, 0xe, 0xfd, 0x0, 0x1,
    0xff, 0x30, 0x0, 0x0, 0x0, 0x5f, 0xf8, 0x0,
    0x1f, 0xf3, 0x0, 0x0, 0x0, 0x0, 0xbf, 0xf2,
    0x1, 0xff, 0x30, 0x0, 0x0, 0x0, 0x2, 0xff,
    0xc0, 0x0, 0x0, 0x0, 0x0, 0x0, 0x0, 0x0,
    0x0, 0x0, 0x0, 0x0, 0x0, 0x0, 0x0, 0x0,
    0x0, 0x0, 0x0, 0x0, 0x0, 0x47, 0x40, 0x0,
    0x0, 0x0, 0x0, 0x0, 0x0, 0x9, 0xf9, 0x0,
    0x0, 0x0, 0x0, 0x0, 0x0, 0x0, 0x9f, 0x90,
    0x0, 0x0, 0x0, 0x0,

    /* U+1E5B "ṛ" */
    0x7f, 0x74, 0xdf, 0xb1, 0x7f, 0x9f, 0xff, 0xf0,
    0x7f, 0xfd, 0x44, 0x60, 0x7f, 0xf3, 0x0, 0x0,
    0x7f, 0xd0, 0x0, 0x0, 0x7f, 0xb0, 0x0, 0x0,
    0x7f, 0xa0, 0x0, 0x0, 0x7f, 0xa0, 0x0, 0x0,
    0x7f, 0xa0, 0x0, 0x0, 0x7f, 0xa0, 0x0, 0x0,
    0x7f, 0xa0, 0x0, 0x0, 0x7f, 0xa0, 0x0, 0x0,
    0x7f, 0xa0, 0x0, 0x0, 0x0, 0x0, 0x0, 0x0,
    0x0, 0x0, 0x0, 0x0, 0x0, 0x77, 0x0, 0x0,
    0x0, 0xff, 0x10, 0x0, 0x0, 0xff, 0x10, 0x0,

    /* U+1E5C "Ṝ" */
    0x0, 0x6, 0xff, 0xff, 0xff, 0xe0, 0x0, 0x0,
    0x0, 0x0, 0x4c, 0xcc, 0xcc, 0xcb, 0x0, 0x0,
    0x0, 0x0, 0x0, 0x0, 0x0, 0x0, 0x0, 0x0,
    0x0, 0x1, 0xff, 0xff, 0xff, 0xff, 0xfd, 0xa3,
    0x0, 0x0, 0x1f, 0xff, 0xff, 0xff, 0xff, 0xff,
    0xf6, 0x0, 0x1, 0xff, 0x30, 0x0, 0x0, 0x3,
    0xdf, 0xf1, 0x0, 0x1f, 0xf3, 0x0, 0x0, 0x0,
    0x2, 0xff, 0x60, 0x1, 0xff, 0x30, 0x0, 0x0,
    0x0, 0xc, 0xf9, 0x0, 0x1f, 0xf3, 0x0, 0x0,
    0x0, 0x0, 0xcf, 0x90, 0x1, 0xff, 0x30, 0x0,
    0x0, 0x0, 0x2f, 0xf6, 0x0, 0x1f, 0xf3, 0x0,
    0x0, 0x1, 0x5e, 0xfe, 0x0, 0x1, 0xff, 0xff,
    0xff, 0xff, 0xff, 0xfd, 0x20, 0x0, 0x1f, 0xff,
    0xff, 0xff, 0xff, 0xa6, 0x0, 0x0, 0x1, 0xff,
    0x41, 0x11, 0x5e, 0xfb, 0x10, 0x0, 0x0, 0x1f,
    0xf3, 0x0, 0x0, 0x1e, 0xfd, 0x0, 0x0, 0x1,
    0xff, 0x30, 0x0, 0x0, 0x3f, 0xfa, 0x0, 0x0,
    0x1f, 0xf3, 0x0, 0x0, 0x0, 0x8f, 0xf4, 0x0,
    0x1, 0xff, 0x30, 0x0, 0x0, 0x0, 0xef, 0xd0,
    0x0, 0x1f, 0xf3, 0x0, 0x0, 0x0, 0x5, 0xff,
    0x80, 0x1, 0xff, 0x30, 0x0, 0x0, 0x0, 0xb,
    0xff, 0x20, 0x1f, 0xf3, 0x0, 0x0, 0x0, 0x0,
    0x2f, 0xfc, 0x0, 0x0, 0x0, 0x0, 0x0, 0x0,
    0x0, 0x0, 0x0, 0x0, 0x0, 0x0, 0x0, 0x0,
    0x0, 0x0, 0x0, 0x0, 0x0, 0x0, 0x4, 0x74,
    0x0, 0x0, 0x0, 0x0, 0x0, 0x0, 0x0, 0x9f,
    0x90, 0x0, 0x0, 0x0, 0x0, 0x0, 0x0, 0x9,
    0xf9, 0x0, 0x0, 0x0, 0x0,

    /* U+1E5D "ṝ" */
    0xaf, 0xff, 0xff, 0xfa, 0x8, 0xcc, 0xcc, 0xcc,
    0x80, 0x0, 0x0, 0x0, 0x0, 0x0, 0x0, 0x0,
    0x0, 0x0, 0x0, 0x0, 0x0, 0x0, 0x0, 0x7f,
    0x74, 0xdf, 0xb1, 0x7, 0xf9, 0xff, 0xff, 0x0,
    0x7f, 0xfd, 0x44, 0x60, 0x7, 0xff, 0x30, 0x0,
    0x0, 0x7f, 0xd0, 0x0, 0x0, 0x7, 0xfb, 0x0,
    0x0, 0x0, 0x7f, 0xa0, 0x0, 0x0, 0x7, 0xfa,
    0x0, 0x0, 0x0, 0x7f, 0xa0, 0x0, 0x0, 0x7,
    0xfa, 0x0, 0x0, 0x0, 0x7f, 0xa0, 0x0, 0x0,
    0x7, 0xfa, 0x0, 0x0, 0x0, 0x7f, 0xa0, 0x0,
    0x0, 0x0, 0x0, 0x0, 0x0, 0x0, 0x0, 0x0,
    0x0, 0x0, 0x0, 0x7, 0x70, 0x0, 0x0, 0x0,
    0xff, 0x10, 0x0, 0x0, 0xf, 0xf1, 0x0, 0x0,

    /* U+1E5E "Ṟ" */
    0x1f, 0xff, 0xff, 0xff, 0xff, 0xda, 0x20, 0x0,
    0x1, 0xff, 0xff, 0xff, 0xff, 0xff, 0xff, 0x40,
    0x0, 0x1f, 0xf3, 0x0, 0x0, 0x0, 0x4e, 0xfe,
    0x0, 0x1, 0xff, 0x30, 0x0, 0x0, 0x0, 0x3f,
    0xf5, 0x0, 0x1f, 0xf3, 0x0, 0x0, 0x0, 0x0,
    0xdf, 0x80, 0x1, 0xff, 0x30, 0x0, 0x0, 0x0,
    0xb, 0xf9, 0x0, 0x1f, 0xf3, 0x0, 0x0, 0x0,
    0x0, 0xef, 0x80, 0x1, 0xff, 0x30, 0x0, 0x0,
    0x0, 0x5f, 0xf4, 0x0, 0x1f, 0xf4, 0x11, 0x11,
    0x13, 0x7f, 0xfc, 0x0, 0x1, 0xff, 0xff, 0xff,
    0xff, 0xff, 0xfc, 0x10, 0x0, 0x1f, 0xff, 0xff,
    0xff, 0xff, 0x94, 0x0, 0x0, 0x1, 0xff, 0x30,
    0x0, 0x3c, 0xfd, 0x20, 0x0, 0x0, 0x1f, 0xf3,
    0x0, 0x0, 0xc, 0xfe, 0x20, 0x0, 0x1, 0xff,
    0x30, 0x0, 0x0, 0x1d, 0xfd, 0x0, 0x0, 0x1f,
    0xf3, 0x0, 0x0, 0x0, 0x3f, 0xfa, 0x0, 0x1,
    0xff, 0x30, 0x0, 0x0, 0x0, 0x8f, 0xf5, 0x0,
    0x1f, 0xf3, 0x0, 0x0, 0x0, 0x0, 0xcf, 0xe1,
    0x1, 0xff, 0x30, 0x0, 0x0, 0x0, 0x2, 0xff,
    0xb0, 0x0, 0x0, 0x0, 0x0, 0x0, 0x0, 0x0,
    0x0, 0x0, 0x0, 0x0, 0x0, 0x0, 0x0, 0x0,
    0x0, 0x0, 0x0, 0x0, 0x0, 0x0, 0x0, 0x0,
    0x0, 0x0, 0x0, 0x0, 0x9, 0xcc, 0xcc, 0xcc,
    0x70, 0x0, 0x0, 0x0, 0x0, 0xbf, 0xff, 0xff,
    0xf9, 0x0, 0x0, 0x0,

    /* U+1E5F "ṟ" */
    0x7, 0xf7, 0x4d, 0xfb, 0x10, 0x7f, 0x9f, 0xff,
    0xf0, 0x7, 0xff, 0xd4, 0x46, 0x0, 0x7f, 0xf3,
    0x0, 0x0, 0x7, 0xfd, 0x0, 0x0, 0x0, 0x7f,
    0xb0, 0x0, 0x0, 0x7, 0xfa, 0x0, 0x0, 0x0,
    0x7f, 0xa0, 0x0, 0x0, 0x7, 0xfa, 0x0, 0x0,
    0x0, 0x7f, 0xa0, 0x0, 0x0, 0x7, 0xfa, 0x0,
    0x0, 0x0, 0x7f, 0xa0, 0x0, 0x0, 0x7, 0xfa,
    0x0, 0x0, 0x0, 0x0, 0x0, 0x0, 0x0, 0x0,
    0x0, 0x0, 0x0, 0x0, 0x0, 0x0, 0x0, 0x0,
    0xac, 0xcc, 0xcc, 0xc6, 0xc, 0xff, 0xff, 0xff,
    0x80,

    /* U+1E60 "Ṡ" */
    0x0, 0x0, 0x7, 0xfb, 0x0, 0x0, 0x0, 0x0,
    0x0, 0x7, 0xfb, 0x0, 0x0, 0x0, 0x0, 0x0,
    0x3, 0x75, 0x0, 0x0, 0x0, 0x0, 0x0, 0x0,
    0x0, 0x0, 0x0, 0x0, 0x0, 0x5, 0xbe, 0xff,
    0xd9, 0x20, 0x0, 0x0, 0xbf, 0xff, 0xff, 0xff,
    0xf7, 0x0, 0x9, 0xff, 0x83, 0x12, 0x4b, 0xff,
    0x60, 0xf, 0xf4, 0x0, 0x0, 0x0, 0xaf, 0xe0,
    0x3f, 0xf0, 0x0, 0x0, 0x0, 0x3f, 0xf2, 0x2f,
    0xf2, 0x0, 0x0, 0x0, 0x6, 0x40, 0xd, 0xfd,
    0x40, 0x0, 0x0, 0x0, 0x0, 0x4, 0xff, 0xfe,
    0xa6, 0x20, 0x0, 0x0, 0x0, 0x2b, 0xff, 0xff,
    0xfe, 0x81, 0x0, 0x0, 0x0, 0x16, 0xae, 0xff,
    0xff, 0x40, 0x0, 0x0, 0x0, 0x0, 0x38, 0xef,
    0xf2, 0x0, 0x0, 0x0, 0x0, 0x0, 0x1d, 0xf8,
    0xcf, 0x50, 0x0, 0x0, 0x0, 0x7, 0xfb, 0xbf,
    0xa0, 0x0, 0x0, 0x0, 0x8, 0xfb, 0x5f, 0xf5,
    0x0, 0x0, 0x0, 0x1e, 0xf7, 0xc, 0xff, 0xb5,
    0x32, 0x37, 0xef, 0xd0, 0x1, 0xbf, 0xff, 0xff,
    0xff, 0xfd, 0x20, 0x0, 0x4, 0xad, 0xff, 0xeb,
    0x60, 0x0,

    /* U+1E61 "ṡ" */
    0x0, 0x0, 0xf, 0xf2, 0x0, 0x0, 0x0, 0x0,
    0xf, 0xf2, 0x0, 0x0, 0x0, 0x0, 0x7, 0x70,
    0x0, 0x0, 0x0, 0x0, 0x0, 0x0, 0x0, 0x0,
    0x0, 0x0, 0x0, 0x0, 0x0, 0x0, 0x0, 0x2a,
    0xef, 0xec, 0x60, 0x0, 0x3, 0xff, 0xfc, 0xdf,
    0xfa, 0x0, 0xb, 0xf8, 0x0, 0x3, 0xef, 0x40,
    0xe, 0xf3, 0x0, 0x0, 0x7a, 0x40, 0xb, 0xfc,
    0x40, 0x0, 0x0, 0x0, 0x3, 0xff, 0xff, 0xa6,
    0x10, 0x0, 0x0, 0x2a, 0xff, 0xff, 0xfa, 0x0,
    0x0, 0x0, 0x4, 0x8c, 0xff, 0xa0, 0x2, 0x30,
    0x0, 0x0, 0x6f, 0xf0, 0x2f, 0xf1, 0x0, 0x0,
    0x2f, 0xf0, 0xc, 0xfb, 0x10, 0x1, 0xbf, 0xb0,
    0x3, 0xef, 0xfd, 0xdf, 0xfe, 0x20, 0x0, 0x19,
    0xdf, 0xfd, 0x81, 0x0,

    /* U+1E62 "Ṣ" */
    0x0, 0x5, 0xbe, 0xff, 0xd9, 0x20, 0x0, 0x0,
    0xbf, 0xff, 0xff, 0xff, 0xf7, 0x0, 0x9, 0xff,
    0x83, 0x12, 0x4b, 0xff, 0x60, 0xf, 0xf4, 0x0,
    0x0, 0x0, 0xaf, 0xe0, 0x3f, 0xf0, 0x0, 0x0,
    0x0, 0x3f, 0xf2, 0x2f, 0xf2, 0x0, 0x0, 0x0,
    0x6, 0x40, 0xd, 0xfd, 0x40, 0x0, 0x0, 0x0,
    0x0, 0x4, 0xff, 0xfe, 0xa6, 0x20, 0x0, 0x0,
    0x0, 0x2b, 0xff, 0xff, 0xfe, 0x81, 0x0, 0x0,
    0x0, 0x16, 0xae, 0xff, 0xff, 0x40, 0x0, 0x0,
    0x0, 0x0, 0x38, 0xef, 0xf2, 0x0, 0x0, 0x0,
    0x0, 0x0, 0x1d, 0xf8, 0xcf, 0x50, 0x0, 0x0,
    0x0, 0x7, 0xfb, 0xbf, 0xa0, 0x0, 0x0, 0x0,
    0x8, 0xfb, 0x5f, 0xf5, 0x0, 0x0, 0x0, 0x1e,
    0xf7, 0xc, 0xff, 0xb5, 0x32, 0x37, 0xef, 0xd0,
    0x1, 0xbf, 0xff, 0xff, 0xff, 0xfd, 0x20, 0x0,
    0x4, 0xad, 0xff, 0xeb, 0x60, 0x0, 0x0, 0x0,
    0x0, 0x0, 0x0, 0x0, 0x0, 0x0, 0x0, 0x0,
    0x0, 0x0, 0x0, 0x0, 0x0, 0x0, 0x0, 0x77,
    0x0, 0x0, 0x0, 0x0, 0x0, 0x1, 0xff, 0x10,
    0x0, 0x0, 0x0, 0x0, 0x1, 0xff, 0x10, 0x0,
    0x0,

    /* U+1E63 "ṣ" */
    0x0, 0x2a, 0xef, 0xec, 0x60, 0x0, 0x3, 0xff,
    0xfc, 0xdf, 0xfa, 0x0, 0xb, 0xf8, 0x0, 0x3,
    0xef, 0x40, 0xe, 0xf3, 0x0, 0x0, 0x7a, 0x40,
    0xb, 0xfc, 0x40, 0x0, 0x0, 0x0, 0x3, 0xff,
    0xff, 0xa6, 0x10, 0x0, 0x0, 0x2a, 0xff, 0xff,
    0xfa, 0x0, 0x0, 0x0, 0x4, 0x8c, 0xff, 0xa0,
    0x2, 0x30, 0x0, 0x0, 0x6f, 0xf0, 0x2f, 0xf1,
    0x0, 0x0, 0x2f, 0xf0, 0xc, 0xfb, 0x10, 0x1,
    0xbf, 0xb0, 0x3, 0xef, 0xfd, 0xdf, 0xfe, 0x20,
    0x0, 0x19, 0xdf, 0xfd, 0x81, 0x0, 0x0, 0x0,
    0x0, 0x0, 0x0, 0x0, 0x0, 0x0, 0x0, 0x0,
    0x0, 0x0, 0x0, 0x0, 0x7, 0x70, 0x0, 0x0,
    0x0, 0x0, 0x2f, 0xf0, 0x0, 0x0, 0x0, 0x0,
    0x2f, 0xf0, 0x0, 0x0,

    /* U+1E64 "Ṥ" */
    0x0, 0x0, 0x77, 0x10, 0x0, 0x0, 0x0, 0x0,
    0x0, 0xff, 0x20, 0x46, 0x50, 0x0, 0x0, 0x0,
    0xff, 0x21, 0xff, 0x70, 0x0, 0x0, 0x0, 0x0,
    0x7, 0xfb, 0x0, 0x0, 0x0, 0x0, 0x0, 0xe,
    0xd1, 0x0, 0x0, 0x0, 0x0, 0x0, 0x0, 0x0,
    0x0, 0x0, 0x0, 0x5, 0xbe, 0xff, 0xd9, 0x20,
    0x0, 0x0, 0xbf, 0xff, 0xff, 0xff, 0xf7, 0x0,
    0x9, 0xff, 0x83, 0x12, 0x4b, 0xff, 0x60, 0xf,
    0xf4, 0x0, 0x0, 0x0, 0xaf, 0xe0, 0x3f, 0xf0,
    0x0, 0x0, 0x0, 0x3f, 0xf2, 0x2f, 0xf2, 0x0,
    0x0, 0x0, 0x6, 0x40, 0xd, 0xfd, 0x40, 0x0,
    0x0, 0x0, 0x0, 0x4, 0xff, 0xfe, 0xa6, 0x20,
    0x0, 0x0, 0x0, 0x2b, 0xff, 0xff, 0xfe, 0x81,
    0x0, 0x0, 0x0, 0x16, 0xae, 0xff, 0xff, 0x40,
    0x0, 0x0, 0x0, 0x0, 0x38, 0xef, 0xf2, 0x0,
    0x0, 0x0, 0x0, 0x0, 0x1d, 0xf8, 0xcf, 0x50,
    0x0, 0x0, 0x0, 0x7, 0xfb, 0xbf, 0xa0, 0x0,
    0x0, 0x0, 0x8, 0xfb, 0x5f, 0xf5, 0x0, 0x0,
    0x0, 0x1e, 0xf7, 0xc, 0xff, 0xb5, 0x32, 0x37,
    0xef, 0xd0, 0x1, 0xbf, 0xff, 0xff, 0xff, 0xfd,
    0x20, 0x0, 0x4, 0xad, 0xff, 0xeb, 0x60, 0x0,

    /* U+1E65 "ṥ" */
    0x0, 0x5f, 0xd0, 0x0, 0x0, 0x0, 0x0, 0x5f,
    0xd0, 0x4f, 0xf5, 0x0, 0x0, 0x27, 0x60, 0xcf,
    0x80, 0x0, 0x0, 0x0, 0x3, 0xfc, 0x0, 0x0,
    0x0, 0x0, 0x3, 0x51, 0x0, 0x0, 0x0, 0x0,
    0x0, 0x0, 0x0, 0x0, 0x0, 0x2a, 0xef, 0xec,
    0x60, 0x0, 0x3, 0xff, 0xfc, 0xdf, 0xfa, 0x0,
    0xb, 0xf8, 0x0, 0x3, 0xef, 0x40, 0xe, 0xf3,
    0x0, 0x0, 0x7a, 0x40, 0xb, 0xfc, 0x40, 0x0,
    0x0, 0x0, 0x3, 0xff, 0xff, 0xa6, 0x10, 0x0,
    0x0, 0x2a, 0xff, 0xff, 0xfa, 0x0, 0x0, 0x0,
    0x4, 0x8c, 0xff, 0xa0, 0x2, 0x30, 0x0, 0x0,
    0x6f, 0xf0, 0x2f, 0xf1, 0x0, 0x0, 0x2f, 0xf0,
    0xc, 0xfb, 0x10, 0x1, 0xbf, 0xb0, 0x3, 0xef,
    0xfd, 0xdf, 0xfe, 0x20, 0x0, 0x19, 0xdf, 0xfd,
    0x81, 0x0,

    /* U+1E66 "Ṧ" */
    0x0, 0x0, 0x2, 0xff, 0x0, 0x0, 0x0, 0x0,
    0x0, 0x2, 0xff, 0x0, 0x0, 0x0, 0x0, 0x0,
    0x1, 0x77, 0x0, 0x0, 0x0, 0x0, 0x3, 0x53,
    0x0, 0x45, 0x20, 0x0, 0x0, 0x2, 0xff, 0x23,
    0xff, 0x20, 0x0, 0x0, 0x0, 0x5f, 0xcd, 0xf5,
    0x0, 0x0, 0x0, 0x0, 0x9, 0xff, 0xa0, 0x0,
    0x0, 0x0, 0x0, 0x0, 0x22, 0x0, 0x0, 0x0,
    0x0, 0x5, 0xbe, 0xff, 0xd9, 0x20, 0x0, 0x0,
    0xbf, 0xff, 0xff, 0xff, 0xf7, 0x0, 0x9, 0xff,
    0x83, 0x12, 0x4b, 0xff, 0x60, 0xf, 0xf4, 0x0,
    0x0, 0x0, 0xaf, 0xe0, 0x3f, 0xf0, 0x0, 0x0,
    0x0, 0x3f, 0xf2, 0x2f, 0xf2, 0x0, 0x0, 0x0,
    0x6, 0x40, 0xd, 0xfd, 0x40, 0x0, 0x0, 0x0,
    0x0, 0x4, 0xff, 0xfe, 0xa6, 0x20, 0x0, 0x0,
    0x0, 0x2b, 0xff, 0xff, 0xfe, 0x81, 0x0, 0x0,
    0x0, 0x16, 0xae, 0xff, 0xff, 0x40, 0x0, 0x0,
    0x0, 0x0, 0x38, 0xef, 0xf2, 0x0, 0x0, 0x0,
    0x0, 0x0, 0x1d, 0xf8, 0xcf, 0x50, 0x0, 0x0,
    0x0, 0x7, 0xfb, 0xbf, 0xa0, 0x0, 0x0, 0x0,
    0x8, 0xfb, 0x5f, 0xf5, 0x0, 0x0, 0x0, 0x1e,
    0xf7, 0xc, 0xff, 0xb5, 0x32, 0x37, 0xef, 0xd0,
    0x1, 0xbf, 0xff, 0xff, 0xff, 0xfd, 0x20, 0x0,
    0x4, 0xad, 0xff, 0xeb, 0x60, 0x0,

    /* U+1E67 "ṧ" */
    0x0, 0x0, 0xf, 0xf2, 0x0, 0x0, 0x0, 0x0,
    0xf, 0xf2, 0x0, 0x0, 0x0, 0x0, 0x7, 0x70,
    0x0, 0x0, 0x0, 0x0, 0x0, 0x0, 0x0, 0x0,
    0x0, 0x4f, 0xe1, 0x1e, 0xf5, 0x0, 0x0, 0x8,
    0xf9, 0xaf, 0x90, 0x0, 0x0, 0x0, 0xcf, 0xfd,
    0x0, 0x0, 0x0, 0x0, 0x17, 0x72, 0x0, 0x0,
    0x0, 0x0, 0x0, 0x0, 0x0, 0x0, 0x0, 0x2a,
    0xef, 0xec, 0x60, 0x0, 0x3, 0xff, 0xfc, 0xdf,
    0xfa, 0x0, 0xb, 0xf8, 0x0, 0x3, 0xef, 0x40,
    0xe, 0xf3, 0x0, 0x0, 0x7a, 0x40, 0xb, 0xfc,
    0x40, 0x0, 0x0, 0x0, 0x3, 0xff, 0xff, 0xa6,
    0x10, 0x0, 0x0, 0x2a, 0xff, 0xff, 0xfa, 0x0,
    0x0, 0x0, 0x4, 0x8c, 0xff, 0xa0, 0x2, 0x30,
    0x0, 0x0, 0x6f, 0xf0, 0x2f, 0xf1, 0x0, 0x0,
    0x2f, 0xf0, 0xc, 0xfb, 0x10, 0x1, 0xbf, 0xb0,
    0x3, 0xef, 0xfd, 0xdf, 0xfe, 0x20, 0x0, 0x19,
    0xdf, 0xfd, 0x81, 0x0,

    /* U+1E68 "Ṩ" */
    0x0, 0x0, 0x1, 0xff, 0x10, 0x0, 0x0, 0x0,
    0x0, 0x1, 0xff, 0x10, 0x0, 0x0, 0x0, 0x0,
    0x0, 0x77, 0x0, 0x0, 0x0, 0x0, 0x0, 0x0,
    0x0, 0x0, 0x0, 0x0, 0x0, 0x5, 0xbe, 0xff,
    0xd9, 0x20, 0x0, 0x0, 0xbf, 0xff, 0xff, 0xff,
    0xf7, 0x0, 0x9, 0xff, 0x83, 0x12, 0x4b, 0xff,
    0x60, 0xf, 0xf4, 0x0, 0x0, 0x0, 0xaf, 0xe0,
    0x3f, 0xf0, 0x0, 0x0, 0x0, 0x3f, 0xf2, 0x2f,
    0xf2, 0x0, 0x0, 0x0, 0x6, 0x40, 0xd, 0xfd,
    0x40, 0x0, 0x0, 0x0, 0x0, 0x4, 0xff, 0xfe,
    0xa6, 0x20, 0x0, 0x0, 0x0, 0x2b, 0xff, 0xff,
    0xfe, 0x81, 0x0, 0x0, 0x0, 0x16, 0xae, 0xff,
    0xff, 0x40, 0x0, 0x0, 0x0, 0x0, 0x38, 0xef,
    0xf2, 0x0, 0x0, 0x0, 0x0, 0x0, 0x1d, 0xf8,
    0xcf, 0x50, 0x0, 0x0, 0x0, 0x7, 0xfb, 0xbf,
    0xa0, 0x0, 0x0, 0x0, 0x8, 0xfb, 0x5f, 0xf5,
    0x0, 0x0, 0x0, 0x1e, 0xf7, 0xc, 0xff, 0xb5,
    0x32, 0x37, 0xef, 0xd0, 0x1, 0xbf, 0xff, 0xff,
    0xff, 0xfd, 0x20, 0x0, 0x4, 0xad, 0xff, 0xeb,
    0x60, 0x0, 0x0, 0x0, 0x0, 0x0, 0x0, 0x0,
    0x0, 0x0, 0x0, 0x0, 0x0, 0x0, 0x0, 0x0,
    0x0, 0x0, 0x0, 0x77, 0x0, 0x0, 0x0, 0x0,
    0x0, 0x1, 0xff, 0x10, 0x0, 0x0, 0x0, 0x0,
    0x1, 0xff, 0x10, 0x0, 0x0,

    /* U+1E69 "ṩ" */
    0x0, 0x0, 0xf, 0xf2, 0x0, 0x0, 0x0, 0x0,
    0xf, 0xf2, 0x0, 0x0, 0x0, 0x0, 0x7, 0x70,
    0x0, 0x0, 0x0, 0x0, 0x0, 0x0, 0x0, 0x0,
    0x0, 0x0, 0x0, 0x0, 0x0, 0x0, 0x0, 0x2a,
    0xef, 0xec, 0x60, 0x0, 0x3, 0xff, 0xfc, 0xdf,
    0xfa, 0x0, 0xb, 0xf8, 0x0, 0x3, 0xef, 0x40,
    0xe, 0xf3, 0x0, 0x0, 0x7a, 0x40, 0xb, 0xfc,
    0x40, 0x0, 0x0, 0x0, 0x3, 0xff, 0xff, 0xa6,
    0x10, 0x0, 0x0, 0x2a, 0xff, 0xff, 0xfa, 0x0,
    0x0, 0x0, 0x4, 0x8c, 0xff, 0xa0, 0x2, 0x30,
    0x0, 0x0, 0x6f, 0xf0, 0x2f, 0xf1, 0x0, 0x0,
    0x2f, 0xf0, 0xc, 0xfb, 0x10, 0x1, 0xbf, 0xb0,
    0x3, 0xef, 0xfd, 0xdf, 0xfe, 0x20, 0x0, 0x19,
    0xdf, 0xfd, 0x81, 0x0, 0x0, 0x0, 0x0, 0x0,
    0x0, 0x0, 0x0, 0x0, 0x0, 0x0, 0x0, 0x0,
    0x0, 0x0, 0x7, 0x70, 0x0, 0x0, 0x0, 0x0,
    0xf, 0xf2, 0x0, 0x0, 0x0, 0x0, 0xf, 0xf2,
    0x0, 0x0,

    /* U+1E6A "Ṫ" */
    0x0, 0x0, 0x0, 0x47, 0x30, 0x0, 0x0, 0x0,
    0x0, 0x0, 0xa, 0xf7, 0x0, 0x0, 0x0, 0x0,
    0x0, 0x0, 0xaf, 0x70, 0x0, 0x0, 0x0, 0x0,
    0x0, 0x0, 0x0, 0x0, 0x0, 0x0, 0x7f, 0xff,
    0xff, 0xff, 0xff, 0xff, 0xff, 0x27, 0xff, 0xff,
    0xff, 0xff, 0xff, 0xff, 0xf2, 0x1, 0x11, 0x11,
    0xdf, 0x81, 0x11, 0x11, 0x0, 0x0, 0x0, 0xd,
    0xf7, 0x0, 0x0, 0x0, 0x0, 0x0, 0x0, 0xdf,
    0x70, 0x0, 0x0, 0x0, 0x0, 0x0, 0xd, 0xf7,
    0x0, 0x0, 0x0, 0x0, 0x0, 0x0, 0xdf, 0x70,
    0x0, 0x0, 0x0, 0x0, 0x0, 0xd, 0xf7, 0x0,
    0x0, 0x0, 0x0, 0x0, 0x0, 0xdf, 0x70, 0x0,
    0x0, 0x0, 0x0, 0x0, 0xd, 0xf7, 0x0, 0x0,
    0x0, 0x0, 0x0, 0x0, 0xdf, 0x70, 0x0, 0x0,
    0x0, 0x0, 0x0, 0xd, 0xf7, 0x0, 0x0, 0x0,
    0x0, 0x0, 0x0, 0xdf, 0x70, 0x0, 0x0, 0x0,
    0x0, 0x0, 0xd, 0xf7, 0x0, 0x0, 0x0, 0x0,
    0x0, 0x0, 0xdf, 0x70, 0x0, 0x0, 0x0, 0x0,
    0x0, 0xd, 0xf7, 0x0, 0x0, 0x0, 0x0, 0x0,
    0x0, 0xdf, 0x70, 0x0, 0x0, 0x0, 0x0, 0x0,
    0xd, 0xf7, 0x0, 0x0, 0x0,

    /* U+1E6B "ṫ" */
    0x0, 0xff, 0x20, 0x0, 0xf, 0xf2, 0x0, 0x0,
    0x77, 0x0, 0x0, 0x0, 0x0, 0x0, 0x0, 0x3,
    0x0, 0x0, 0x8, 0xf1, 0x0, 0x0, 0xff, 0x10,
    0x0, 0xf, 0xf1, 0x0, 0x0, 0xff, 0x10, 0x9,
    0xff, 0xff, 0xf2, 0x6a, 0xff, 0xaa, 0x10, 0xf,
    0xf1, 0x0, 0x0, 0xff, 0x10, 0x0, 0xf, 0xf1,
    0x0, 0x0, 0xff, 0x10, 0x0, 0xf, 0xf1, 0x0,
    0x0, 0xff, 0x10, 0x0, 0xf, 0xf1, 0x0, 0x0,
    0xff, 0x10, 0x0, 0xf, 0xf5, 0x0, 0x0, 0xcf,
    0xff, 0x40, 0x2, 0xcf, 0xf5,

    /* U+1E6C "Ṭ" */
    0x7f, 0xff, 0xff, 0xff, 0xff, 0xff, 0xff, 0x27,
    0xff, 0xff, 0xff, 0xff, 0xff, 0xff, 0xf2, 0x1,
    0x11, 0x11, 0xdf, 0x81, 0x11, 0x11, 0x0, 0x0,
    0x0, 0xd, 0xf7, 0x0, 0x0, 0x0, 0x0, 0x0,
    0x0, 0xdf, 0x70, 0x0, 0x0, 0x0, 0x0, 0x0,
    0xd, 0xf7, 0x0, 0x0, 0x0, 0x0, 0x0, 0x0,
    0xdf, 0x70, 0x0, 0x0, 0x0, 0x0, 0x0, 0xd,
    0xf7, 0x0, 0x0, 0x0, 0x0, 0x0, 0x0, 0xdf,
    0x70, 0x0, 0x0, 0x0, 0x0, 0x0, 0xd, 0xf7,
    0x0, 0x0, 0x0, 0x0, 0x0, 0x0, 0xdf, 0x70,
    0x0, 0x0, 0x0, 0x0, 0x0, 0xd, 0xf7, 0x0,
    0x0, 0x0, 0x0, 0x0, 0x0, 0xdf, 0x70, 0x0,
    0x0, 0x0, 0x0, 0x0, 0xd, 0xf7, 0x0, 0x0,
    0x0, 0x0, 0x0, 0x0, 0xdf, 0x70, 0x0, 0x0,
    0x0, 0x0, 0x0, 0xd, 0xf7, 0x0, 0x0, 0x0,
    0x0, 0x0, 0x0, 0xdf, 0x70, 0x0, 0x0, 0x0,
    0x0, 0x0, 0xd, 0xf7, 0x0, 0x0, 0x0, 0x0,
    0x0, 0x0, 0x0, 0x0, 0x0, 0x0, 0x0, 0x0,
    0x0, 0x0, 0x0, 0x0, 0x0, 0x0, 0x0, 0x0,
    0x0, 0x67, 0x20, 0x0, 0x0, 0x0, 0x0, 0x0,
    0xd, 0xf5, 0x0, 0x0, 0x0, 0x0, 0x0, 0x0,
    0xdf, 0x50, 0x0, 0x0, 0x0,

    /* U+1E6D "ṭ" */
    0x0, 0x2, 0x0, 0x0, 0x8, 0xf1, 0x0, 0x0,
    0xff, 0x10, 0x0, 0xf, 0xf1, 0x0, 0x0, 0xff,
    0x10, 0x9, 0xff, 0xff, 0xf2, 0x6a, 0xff, 0xaa,
    0x10, 0xf, 0xf1, 0x0, 0x0, 0xff, 0x10, 0x0,
    0xf, 0xf1, 0x0, 0x0, 0xff, 0x10, 0x0, 0xf,
    0xf1, 0x0, 0x0, 0xff, 0x10, 0x0, 0xf, 0xf1,
    0x0, 0x0, 0xff, 0x10, 0x0, 0xf, 0xf5, 0x0,
    0x0, 0xcf, 0xff, 0x40, 0x2, 0xcf, 0xf5, 0x0,
    0x0, 0x0, 0x0, 0x0, 0x0, 0x0, 0x0, 0x7,
    0x70, 0x0, 0x1, 0xff, 0x10, 0x0, 0x1f, 0xf1,
    0x0,

    /* U+1E6E "Ṯ" */
    0x7f, 0xff, 0xff, 0xff, 0xff, 0xff, 0xff, 0x27,
    0xff, 0xff, 0xff, 0xff, 0xff, 0xff, 0xf2, 0x1,
    0x11, 0x11, 0xdf, 0x81, 0x11, 0x11, 0x0, 0x0,
    0x0, 0xd, 0xf7, 0x0, 0x0, 0x0, 0x0, 0x0,
    0x0, 0xdf, 0x70, 0x0, 0x0, 0x0, 0x0, 0x0,
    0xd, 0xf7, 0x0, 0x0, 0x0, 0x0, 0x0, 0x0,
    0xdf, 0x70, 0x0, 0x0, 0x0, 0x0, 0x0, 0xd,
    0xf7, 0x0, 0x0, 0x0, 0x0, 0x0, 0x0, 0xdf,
    0x70, 0x0, 0x0, 0x0, 0x0, 0x0, 0xd, 0xf7,
    0x0, 0x0, 0x0, 0x0, 0x0, 0x0, 0xdf, 0x70,
    0x0, 0x0, 0x0, 0x0, 0x0, 0xd, 0xf7, 0x0,
    0x0, 0x0, 0x0, 0x0, 0x0, 0xdf, 0x70, 0x0,
    0x0, 0x0, 0x0, 0x0, 0xd, 0xf7, 0x0, 0x0,
    0x0, 0x0, 0x0, 0x0, 0xdf, 0x70, 0x0, 0x0,
    0x0, 0x0, 0x0, 0xd, 0xf7, 0x0, 0x0, 0x0,
    0x0, 0x0, 0x0, 0xdf, 0x70, 0x0, 0x0, 0x0,
    0x0, 0x0, 0xd, 0xf7, 0x0, 0x0, 0x0, 0x0,
    0x0, 0x0, 0x0, 0x0, 0x0, 0x0, 0x0, 0x0,
    0x0, 0x0, 0x0, 0x0, 0x0, 0x0, 0x0, 0x0,
    0x0, 0x0, 0x0, 0x0, 0x0, 0x0, 0x0, 0x5c,
    0xcc, 0xcc, 0xcb, 0x0, 0x0, 0x0, 0x6, 0xff,
    0xff, 0xff, 0xe0, 0x0, 0x0,

    /* U+1E6F "ṯ" */
    0x0, 0x0, 0x20, 0x0, 0x0, 0x0, 0x8f, 0x10,
    0x0, 0x0, 0xf, 0xf1, 0x0, 0x0, 0x0, 0xff,
    0x10, 0x0, 0x0, 0xf, 0xf1, 0x0, 0x0, 0x9f,
    0xff, 0xff, 0x20, 0x6, 0xaf, 0xfa, 0xa1, 0x0,
    0x0, 0xff, 0x10, 0x0, 0x0, 0xf, 0xf1, 0x0,
    0x0, 0x0, 0xff, 0x10, 0x0, 0x0, 0xf, 0xf1,
    0x0, 0x0, 0x0, 0xff, 0x10, 0x0, 0x0, 0xf,
    0xf1, 0x0, 0x0, 0x0, 0xff, 0x10, 0x0, 0x0,
    0xf, 0xf1, 0x0, 0x0, 0x0, 0xff, 0x50, 0x0,
    0x0, 0xc, 0xff, 0xf4, 0x0, 0x0, 0x2c, 0xff,
    0x50, 0x0, 0x0, 0x0, 0x0, 0x0, 0x0, 0x0,
    0x0, 0x0, 0x0, 0x0, 0x0, 0x0, 0x3, 0xcc,
    0xcc, 0xcc, 0xc0, 0x4f, 0xff, 0xff, 0xff, 0x0,

    /* U+1E70 "Ṱ" */
    0x7f, 0xff, 0xff, 0xff, 0xff, 0xff, 0xff, 0x27,
    0xff, 0xff, 0xff, 0xff, 0xff, 0xff, 0xf2, 0x1,
    0x11, 0x11, 0xdf, 0x81, 0x11, 0x11, 0x0, 0x0,
    0x0, 0xd, 0xf7, 0x0, 0x0, 0x0, 0x0, 0x0,
    0x0, 0xdf, 0x70, 0x0, 0x0, 0x0, 0x0, 0x0,
    0xd, 0xf7, 0x0, 0x0, 0x0, 0x0, 0x0, 0x0,
    0xdf, 0x70, 0x0, 0x0, 0x0, 0x0, 0x0, 0xd,
    0xf7, 0x0, 0x0, 0x0, 0x0, 0x0, 0x0, 0xdf,
    0x70, 0x0, 0x0, 0x0, 0x0, 0x0, 0xd, 0xf7,
    0x0, 0x0, 0x0, 0x0, 0x0, 0x0, 0xdf, 0x70,
    0x0, 0x0, 0x0, 0x0, 0x0, 0xd, 0xf7, 0x0,
    0x0, 0x0, 0x0, 0x0, 0x0, 0xdf, 0x70, 0x0,
    0x0, 0x0, 0x0, 0x0, 0xd, 0xf7, 0x0, 0x0,
    0x0, 0x0, 0x0, 0x0, 0xdf, 0x70, 0x0, 0x0,
    0x0, 0x0, 0x0, 0xd, 0xf7, 0x0, 0x0, 0x0,
    0x0, 0x0, 0x0, 0xdf, 0x70, 0x0, 0x0, 0x0,
    0x0, 0x0, 0xd, 0xf7, 0x0, 0x0, 0x0, 0x0,
    0x0, 0x0, 0x0, 0x0, 0x0, 0x0, 0x0, 0x0,
    0x0, 0x3, 0x41, 0x0, 0x0, 0x0, 0x0, 0x0,
    0x6, 0xff, 0xe1, 0x0, 0x0, 0x0, 0x0, 0x3,
    0xfe, 0x7f, 0xc0, 0x0, 0x0, 0x0, 0x1, 0xef,
    0x50, 0xaf, 0x90, 0x0, 0x0,

    /* U+1E71 "ṱ" */
    0x0, 0x2, 0x0, 0x0, 0x0, 0x8f, 0x10, 0x0,
    0x0, 0xff, 0x10, 0x0, 0x0, 0xff, 0x10, 0x0,
    0x0, 0xff, 0x10, 0x0, 0x9f, 0xff, 0xff, 0x20,
    0x6a, 0xff, 0xaa, 0x10, 0x0, 0xff, 0x10, 0x0,
    0x0, 0xff, 0x10, 0x0, 0x0, 0xff, 0x10, 0x0,
    0x0, 0xff, 0x10, 0x0, 0x0, 0xff, 0x10, 0x0,
    0x0, 0xff, 0x10, 0x0, 0x0, 0xff, 0x10, 0x0,
    0x0, 0xff, 0x10, 0x0, 0x0, 0xff, 0x50, 0x0,
    0x0, 0xcf, 0xff, 0x40, 0x0, 0x2c, 0xff, 0x50,
    0x0, 0x0, 0x0, 0x0, 0x0, 0x26, 0x50, 0x0,
    0x1, 0xef, 0xf9, 0x0, 0xb, 0xf8, 0xcf, 0x60,
    0x7f, 0xd0, 0x2f, 0xf3,

    /* U+1E72 "Ṳ" */
    0x1f, 0xf2, 0x0, 0x0, 0x0, 0x0, 0xef, 0x61,
    0xff, 0x20, 0x0, 0x0, 0x0, 0xe, 0xf6, 0x1f,
    0xf2, 0x0, 0x0, 0x0, 0x0, 0xef, 0x61, 0xff,
    0x20, 0x0, 0x0, 0x0, 0xe, 0xf6, 0x1f, 0xf2,
    0x0, 0x0, 0x0, 0x0, 0xef, 0x61, 0xff, 0x20,
    0x0, 0x0, 0x0, 0xe, 0xf6, 0x1f, 0xf2, 0x0,
    0x0, 0x0, 0x0, 0xef, 0x61, 0xff, 0x20, 0x0,
    0x0, 0x0, 0xe, 0xf6, 0x1f, 0xf2, 0x0, 0x0,
    0x0, 0x0, 0xef, 0x61, 0xff, 0x20, 0x0, 0x0,
    0x0, 0xe, 0xf6, 0x1f, 0xf2, 0x0, 0x0, 0x0,
    0x0, 0xef, 0x60, 0xff, 0x30, 0x0, 0x0, 0x0,
    0xe, 0xf5, 0xf, 0xf5, 0x0, 0x0, 0x0, 0x0,
    0xff, 0x40, 0xcf, 0x90, 0x0, 0x0, 0x0, 0x4f,
    0xf1, 0x7, 0xff, 0x30, 0x0, 0x0, 0xc, 0xfc,
    0x0, 0x1e, 0xfe, 0x62, 0x13, 0x6d, 0xff, 0x30,
    0x0, 0x3e, 0xff, 0xff, 0xff, 0xff, 0x60, 0x0,
    0x0, 0x7, 0xce, 0xfe, 0xd8, 0x20, 0x0, 0x0,
    0x0, 0x0, 0x0, 0x0, 0x0, 0x0, 0x0, 0x0,
    0x0, 0x0, 0x0, 0x0, 0x0, 0x0, 0x0, 0x0,
    0x57, 0x30, 0x27, 0x50, 0x0, 0x0, 0x0, 0xb,
    0xf7, 0x5, 0xfc, 0x0, 0x0, 0x0, 0x0, 0xbf,
    0x70, 0x5f, 0xc0, 0x0, 0x0,

    /* U+1E73 "ṳ" */
    0x6f, 0xb0, 0x0, 0x0, 0x6f, 0xb6, 0xfb, 0x0,
    0x0, 0x6, 0xfb, 0x6f, 0xb0, 0x0, 0x0, 0x6f,
    0xb6, 0xfb, 0x0, 0x0, 0x6, 0xfb, 0x6f, 0xb0,
    0x0, 0x0, 0x6f, 0xb6, 0xfb, 0x0, 0x0, 0x6,
    0xfb, 0x6f, 0xb0, 0x0, 0x0, 0x6f, 0xb6, 0xfb,
    0x0, 0x0, 0x7, 0xfb, 0x6f, 0xb0, 0x0, 0x0,
    0x9f, 0xb4, 0xfe, 0x0, 0x0, 0xe, 0xfb, 0x1f,
    0xf8, 0x0, 0x2b, 0xff, 0xb0, 0x8f, 0xff, 0xef,
    0xf6, 0xfb, 0x0, 0x6c, 0xfe, 0xa2, 0x3f, 0xb0,
    0x0, 0x0, 0x0, 0x0, 0x0, 0x0, 0x0, 0x0,
    0x0, 0x0, 0x0, 0x5, 0x73, 0x2, 0x75, 0x0,
    0x0, 0xbf, 0x70, 0x6f, 0xc0, 0x0, 0xb, 0xf7,
    0x6, 0xfc, 0x0,

    /* U+1E74 "Ṵ" */
    0x1f, 0xf2, 0x0, 0x0, 0x0, 0x0, 0xef, 0x61,
    0xff, 0x20, 0x0, 0x0, 0x0, 0xe, 0xf6, 0x1f,
    0xf2, 0x0, 0x0, 0x0, 0x0, 0xef, 0x61, 0xff,
    0x20, 0x0, 0x0, 0x0, 0xe, 0xf6, 0x1f, 0xf2,
    0x0, 0x0, 0x0, 0x0, 0xef, 0x61, 0xff, 0x20,
    0x0, 0x0, 0x0, 0xe, 0xf6, 0x1f, 0xf2, 0x0,
    0x0, 0x0, 0x0, 0xef, 0x61, 0xff, 0x20, 0x0,
    0x0, 0x0, 0xe, 0xf6, 0x1f, 0xf2, 0x0, 0x0,
    0x0, 0x0, 0xef, 0x61, 0xff, 0x20, 0x0, 0x0,
    0x0, 0xe, 0xf6, 0x1f, 0xf2, 0x0, 0x0, 0x0,
    0x0, 0xef, 0x60, 0xff, 0x30, 0x0, 0x0, 0x0,
    0xe, 0xf5, 0xf, 0xf5, 0x0, 0x0, 0x0, 0x0,
    0xff, 0x40, 0xcf, 0x90, 0x0, 0x0, 0x0, 0x4f,
    0xf1, 0x7, 0xff, 0x30, 0x0, 0x0, 0xc, 0xfc,
    0x0, 0x1e, 0xfe, 0x62, 0x13, 0x6d, 0xff, 0x30,
    0x0, 0x3e, 0xff, 0xff, 0xff, 0xff, 0x60, 0x0,
    0x0, 0x7, 0xce, 0xfe, 0xd8, 0x20, 0x0, 0x0,
    0x0, 0x0, 0x0, 0x0, 0x0, 0x0, 0x0, 0x0,
    0x0, 0x0, 0x0, 0x0, 0x0, 0x0, 0x0, 0x0,
    0x6, 0x84, 0x0, 0x86, 0x0, 0x0, 0x0, 0xb,
    0xff, 0xfe, 0xcf, 0x70, 0x0, 0x0, 0x0, 0xf9,
    0x16, 0xcf, 0xa0, 0x0, 0x0,

    /* U+1E75 "ṵ" */
    0x6f, 0xb0, 0x0, 0x0, 0x6f, 0xb6, 0xfb, 0x0,
    0x0, 0x6, 0xfb, 0x6f, 0xb0, 0x0, 0x0, 0x6f,
    0xb6, 0xfb, 0x0, 0x0, 0x6, 0xfb, 0x6f, 0xb0,
    0x0, 0x0, 0x6f, 0xb6, 0xfb, 0x0, 0x0, 0x6,
    0xfb, 0x6f, 0xb0, 0x0, 0x0, 0x6f, 0xb6, 0xfb,
    0x0, 0x0, 0x7, 0xfb, 0x6f, 0xb0, 0x0, 0x0,
    0x9f, 0xb4, 0xfe, 0x0, 0x0, 0xe, 0xfb, 0x1f,
    0xf8, 0x0, 0x2b, 0xff, 0xb0, 0x8f, 0xff, 0xef,
    0xf6, 0xfb, 0x0, 0x6c, 0xfe, 0xa2, 0x3f, 0xb0,
    0x0, 0x0, 0x0, 0x0, 0x0, 0x0, 0x0, 0x0,
    0x0, 0x0, 0x0, 0x1, 0x78, 0x30, 0x9, 0x40,
    0x0, 0xdf, 0xff, 0xed, 0xf4, 0x0, 0x3f, 0x71,
    0x7d, 0xf9, 0x0,

    /* U+1E76 "Ṷ" */
    0x1f, 0xf2, 0x0, 0x0, 0x0, 0x0, 0xef, 0x61,
    0xff, 0x20, 0x0, 0x0, 0x0, 0xe, 0xf6, 0x1f,
    0xf2, 0x0, 0x0, 0x0, 0x0, 0xef, 0x61, 0xff,
    0x20, 0x0, 0x0, 0x0, 0xe, 0xf6, 0x1f, 0xf2,
    0x0, 0x0, 0x0, 0x0, 0xef, 0x61, 0xff, 0x20,
    0x0, 0x0, 0x0, 0xe, 0xf6, 0x1f, 0xf2, 0x0,
    0x0, 0x0, 0x0, 0xef, 0x61, 0xff, 0x20, 0x0,
    0x0, 0x0, 0xe, 0xf6, 0x1f, 0xf2, 0x0, 0x0,
    0x0, 0x0, 0xef, 0x61, 0xff, 0x20, 0x0, 0x0,
    0x0, 0xe, 0xf6, 0x1f, 0xf2, 0x0, 0x0, 0x0,
    0x0, 0xef, 0x60, 0xff, 0x30, 0x0, 0x0, 0x0,
    0xe, 0xf5, 0xf, 0xf5, 0x0, 0x0, 0x0, 0x0,
    0xff, 0x40, 0xcf, 0x90, 0x0, 0x0, 0x0, 0x4f,
    0xf1, 0x7, 0xff, 0x30, 0x0, 0x0, 0xc, 0xfc,
    0x0, 0x1e, 0xfe, 0x62, 0x13, 0x6d, 0xff, 0x30,
    0x0, 0x3e, 0xff, 0xff, 0xff, 0xff, 0x60, 0x0,
    0x0, 0x7, 0xce, 0xfe, 0xd8, 0x20, 0x0, 0x0,
    0x0, 0x0, 0x0, 0x0, 0x0, 0x0, 0x0, 0x0,
    0x0, 0x4, 0x76, 0x0, 0x0, 0x0, 0x0, 0x0,
    0x2, 0xff, 0xf8, 0x0, 0x0, 0x0, 0x0, 0x0,
    0xdf, 0x6d, 0xf4, 0x0, 0x0, 0x0, 0x0, 0x9f,
    0xb0, 0x4f, 0xe1, 0x0, 0x0,

    /* U+1E77 "ṷ" */
    0x6f, 0xb0, 0x0, 0x0, 0x6f, 0xb6, 0xfb, 0x0,
    0x0, 0x6, 0xfb, 0x6f, 0xb0, 0x0, 0x0, 0x6f,
    0xb6, 0xfb, 0x0, 0x0, 0x6, 0xfb, 0x6f, 0xb0,
    0x0, 0x0, 0x6f, 0xb6, 0xfb, 0x0, 0x0, 0x6,
    0xfb, 0x6f, 0xb0, 0x0, 0x0, 0x6f, 0xb6, 0xfb,
    0x0, 0x0, 0x7, 0xfb, 0x6f, 0xb0, 0x0, 0x0,
    0x9f, 0xb4, 0xfe, 0x0, 0x0, 0xe, 0xfb, 0x1f,
    0xf8, 0x0, 0x2b, 0xff, 0xb0, 0x8f, 0xff, 0xef,
    0xf6, 0xfb, 0x0, 0x6c, 0xfe, 0xa2, 0x3f, 0xb0,
    0x0, 0x0, 0x0, 0x0, 0x0, 0x0, 0x0, 0x57,
    0x60, 0x0, 0x0, 0x0, 0x3f, 0xff, 0x60, 0x0,
    0x0, 0x1e, 0xf5, 0xef, 0x30, 0x0, 0xb, 0xfa,
    0x5, 0xfd, 0x10,

    /* U+1E78 "Ṹ" */
    0x0, 0x0, 0x0, 0x1, 0x66, 0x30, 0x0, 0x0,
    0x0, 0x0, 0x0, 0x8f, 0xe1, 0x0, 0x0, 0x0,
    0x0, 0x0, 0xe, 0xf3, 0x0, 0x0, 0x0, 0x0,
    0x0, 0x6, 0xf7, 0x0, 0x0, 0x0, 0x0, 0x0,
    0x0, 0x0, 0x0, 0x0, 0x0, 0x0, 0x0, 0x2,
    0xcf, 0xb4, 0x1c, 0xc0, 0x0, 0x0, 0x0, 0xce,
    0xae, 0xff, 0xf7, 0x0, 0x0, 0x0, 0x9, 0x50,
    0x6, 0x85, 0x0, 0x0, 0x0, 0x0, 0x0, 0x0,
    0x0, 0x0, 0x0, 0x1, 0xff, 0x20, 0x0, 0x0,
    0x0, 0xe, 0xf6, 0x1f, 0xf2, 0x0, 0x0, 0x0,
    0x0, 0xef, 0x61, 0xff, 0x20, 0x0, 0x0, 0x0,
    0xe, 0xf6, 0x1f, 0xf2, 0x0, 0x0, 0x0, 0x0,
    0xef, 0x61, 0xff, 0x20, 0x0, 0x0, 0x0, 0xe,
    0xf6, 0x1f, 0xf2, 0x0, 0x0, 0x0, 0x0, 0xef,
    0x61, 0xff, 0x20, 0x0, 0x0, 0x0, 0xe, 0xf6,
    0x1f, 0xf2, 0x0, 0x0, 0x0, 0x0, 0xef, 0x61,
    0xff, 0x20, 0x0, 0x0, 0x0, 0xe, 0xf6, 0x1f,
    0xf2, 0x0, 0x0, 0x0, 0x0, 0xef, 0x61, 0xff,
    0x20, 0x0, 0x0, 0x0, 0xe, 0xf6, 0xf, 0xf3,
    0x0, 0x0, 0x0, 0x0, 0xef, 0x50, 0xff, 0x50,
    0x0, 0x0, 0x0, 0xf, 0xf4, 0xc, 0xf9, 0x0,
    0x0, 0x0, 0x4, 0xff, 0x10, 0x7f, 0xf3, 0x0,
    0x0, 0x0, 0xcf, 0xc0, 0x1, 0xef, 0xe6, 0x21,
    0x36, 0xdf, 0xf3, 0x0, 0x3, 0xef, 0xff, 0xff,
    0xff, 0xf6, 0x0, 0x0, 0x0, 0x7c, 0xef, 0xed,
    0x82, 0x0, 0x0,

    /* U+1E79 "ṹ" */
    0x0, 0x0, 0x0, 0x66, 0x30, 0x0, 0x0, 0x0,
    0x7f, 0xe1, 0x0, 0x0, 0x0, 0xe, 0xf4, 0x0,
    0x0, 0x0, 0x6, 0xf7, 0x0, 0x0, 0x0, 0x0,
    0x0, 0x0, 0x0, 0x0, 0x4, 0xde, 0x70, 0xe,
    0x80, 0x0, 0xed, 0xbf, 0xdb, 0xf4, 0x0, 0x2f,
    0x40, 0x4d, 0xf8, 0x0, 0x0, 0x0, 0x0, 0x0,
    0x0, 0x0, 0x0, 0x0, 0x0, 0x0, 0x0, 0x6f,
    0xb0, 0x0, 0x0, 0x6f, 0xb6, 0xfb, 0x0, 0x0,
    0x6, 0xfb, 0x6f, 0xb0, 0x0, 0x0, 0x6f, 0xb6,
    0xfb, 0x0, 0x0, 0x6, 0xfb, 0x6f, 0xb0, 0x0,
    0x0, 0x6f, 0xb6, 0xfb, 0x0, 0x0, 0x6, 0xfb,
    0x6f, 0xb0, 0x0, 0x0, 0x6f, 0xb6, 0xfb, 0x0,
    0x0, 0x7, 0xfb, 0x6f, 0xb0, 0x0, 0x0, 0x9f,
    0xb4, 0xfe, 0x0, 0x0, 0xe, 0xfb, 0x1f, 0xf8,
    0x0, 0x2b, 0xff, 0xb0, 0x8f, 0xff, 0xef, 0xf6,
    0xfb, 0x0, 0x6c, 0xfe, 0xa2, 0x3f, 0xb0,

    /* U+1E7A "Ṻ" */
    0x0, 0x0, 0x9f, 0x90, 0x3f, 0xf0, 0x0, 0x0,
    0x0, 0x9, 0xf9, 0x3, 0xff, 0x0, 0x0, 0x0,
    0x0, 0x47, 0x40, 0x17, 0x60, 0x0, 0x0, 0x0,
    0x0, 0x0, 0x0, 0x0, 0x0, 0x0, 0x0, 0x0,
    0xff, 0xff, 0xff, 0xf5, 0x0, 0x0, 0x0, 0xc,
    0xcc, 0xcc, 0xcc, 0x40, 0x0, 0x0, 0x0, 0x0,
    0x0, 0x0, 0x0, 0x0, 0x1, 0xff, 0x20, 0x0,
    0x0, 0x0, 0xe, 0xf6, 0x1f, 0xf2, 0x0, 0x0,
    0x0, 0x0, 0xef, 0x61, 0xff, 0x20, 0x0, 0x0,
    0x0, 0xe, 0xf6, 0x1f, 0xf2, 0x0, 0x0, 0x0,
    0x0, 0xef, 0x61, 0xff, 0x20, 0x0, 0x0, 0x0,
    0xe, 0xf6, 0x1f, 0xf2, 0x0, 0x0, 0x0, 0x0,
    0xef, 0x61, 0xff, 0x20, 0x0, 0x0, 0x0, 0xe,
    0xf6, 0x1f, 0xf2, 0x0, 0x0, 0x0, 0x0, 0xef,
    0x61, 0xff, 0x20, 0x0, 0x0, 0x0, 0xe, 0xf6,
    0x1f, 0xf2, 0x0, 0x0, 0x0, 0x0, 0xef, 0x61,
    0xff, 0x20, 0x0, 0x0, 0x0, 0xe, 0xf6, 0xf,
    0xf3, 0x0, 0x0, 0x0, 0x0, 0xef, 0x50, 0xff,
    0x50, 0x0, 0x0, 0x0, 0xf, 0xf4, 0xc, 0xf9,
    0x0, 0x0, 0x0, 0x4, 0xff, 0x10, 0x7f, 0xf3,
    0x0, 0x0, 0x0, 0xcf, 0xc0, 0x1, 0xef, 0xe6,
    0x21, 0x36, 0xdf, 0xf3, 0x0, 0x3, 0xef, 0xff,
    0xff, 0xff, 0xf6, 0x0, 0x0, 0x0, 0x7c, 0xef,
    0xed, 0x82, 0x0, 0x0,

    /* U+1E7B "ṻ" */
    0x0, 0x8f, 0xa0, 0x3f, 0xf0, 0x0, 0x8, 0xfa,
    0x3, 0xff, 0x0, 0x0, 0x37, 0x40, 0x17, 0x70,
    0x0, 0xf, 0xff, 0xff, 0xff, 0x50, 0x0, 0xcc,
    0xcc, 0xcc, 0xc4, 0x0, 0x0, 0x0, 0x0, 0x0,
    0x0, 0x0, 0x0, 0x0, 0x0, 0x0, 0x0, 0x0,
    0x0, 0x0, 0x0, 0x0, 0x6f, 0xb0, 0x0, 0x0,
    0x6f, 0xb6, 0xfb, 0x0, 0x0, 0x6, 0xfb, 0x6f,
    0xb0, 0x0, 0x0, 0x6f, 0xb6, 0xfb, 0x0, 0x0,
    0x6, 0xfb, 0x6f, 0xb0, 0x0, 0x0, 0x6f, 0xb6,
    0xfb, 0x0, 0x0, 0x6, 0xfb, 0x6f, 0xb0, 0x0,
    0x0, 0x6f, 0xb6, 0xfb, 0x0, 0x0, 0x7, 0xfb,
    0x6f, 0xb0, 0x0, 0x0, 0x9f, 0xb4, 0xfe, 0x0,
    0x0, 0xe, 0xfb, 0x1f, 0xf8, 0x0, 0x2b, 0xff,
    0xb0, 0x8f, 0xff, 0xef, 0xf6, 0xfb, 0x0, 0x6c,
    0xfe, 0xa2, 0x3f, 0xb0,

    /* U+1E7C "Ṽ" */
    0x0, 0x0, 0x5, 0x85, 0x0, 0x67, 0x0, 0x0,
    0x0, 0x0, 0x8f, 0xff, 0xda, 0xfa, 0x0, 0x0,
    0x0, 0x0, 0xea, 0x15, 0xcf, 0xc1, 0x0, 0x0,
    0x0, 0x0, 0x0, 0x0, 0x0, 0x0, 0x0, 0x0,
    0xaf, 0xc0, 0x0, 0x0, 0x0, 0x0, 0xa, 0xfa,
    0x4f, 0xf1, 0x0, 0x0, 0x0, 0x0, 0xf, 0xf4,
    0xe, 0xf7, 0x0, 0x0, 0x0, 0x0, 0x5f, 0xe0,
    0x9, 0xfc, 0x0, 0x0, 0x0, 0x0, 0xbf, 0x80,
    0x3, 0xff, 0x20, 0x0, 0x0, 0x1, 0xff, 0x20,
    0x0, 0xdf, 0x70, 0x0, 0x0, 0x6, 0xfc, 0x0,
    0x0, 0x7f, 0xd0, 0x0, 0x0, 0xc, 0xf6, 0x0,
    0x0, 0x1f, 0xf2, 0x0, 0x0, 0x2f, 0xf1, 0x0,
    0x0, 0xb, 0xf7, 0x0, 0x0, 0x7f, 0xa0, 0x0,
    0x0, 0x5, 0xfd, 0x0, 0x0, 0xdf, 0x40, 0x0,
    0x0, 0x0, 0xff, 0x20, 0x3, 0xfe, 0x0, 0x0,
    0x0, 0x0, 0x9f, 0x80, 0x8, 0xf8, 0x0, 0x0,
    0x0, 0x0, 0x3f, 0xd0, 0xe, 0xf2, 0x0, 0x0,
    0x0, 0x0, 0xd, 0xf3, 0x3f, 0xc0, 0x0, 0x0,
    0x0, 0x0, 0x8, 0xf8, 0x8f, 0x60, 0x0, 0x0,
    0x0, 0x0, 0x2, 0xfd, 0xdf, 0x10, 0x0, 0x0,
    0x0, 0x0, 0x0, 0xcf, 0xfa, 0x0, 0x0, 0x0,
    0x0, 0x0, 0x0, 0x6f, 0xf4, 0x0, 0x0, 0x0,

    /* U+1E7D "ṽ" */
    0x0, 0x9, 0xfc, 0x20, 0x6f, 0x0, 0x0, 0x6f,
    0xbe, 0xfa, 0xed, 0x0, 0x0, 0xac, 0x0, 0x9f,
    0xd3, 0x0, 0x0, 0x0, 0x0, 0x0, 0x0, 0x0,
    0x0, 0x0, 0x0, 0x0, 0x0, 0x0, 0x8f, 0xb0,
    0x0, 0x0, 0xa, 0xf8, 0x2f, 0xf1, 0x0, 0x0,
    0xf, 0xf2, 0xc, 0xf6, 0x0, 0x0, 0x5f, 0xc0,
    0x6, 0xfb, 0x0, 0x0, 0xaf, 0x70, 0x1, 0xff,
    0x10, 0x0, 0xff, 0x10, 0x0, 0xaf, 0x60, 0x5,
    0xfb, 0x0, 0x0, 0x5f, 0xc0, 0xb, 0xf5, 0x0,
    0x0, 0xe, 0xf1, 0x1f, 0xf0, 0x0, 0x0, 0x9,
    0xf6, 0x6f, 0xa0, 0x0, 0x0, 0x3, 0xfb, 0xbf,
    0x40, 0x0, 0x0, 0x0, 0xdf, 0xfe, 0x0, 0x0,
    0x0, 0x0, 0x8f, 0xf8, 0x0, 0x0, 0x0, 0x0,
    0x2f, 0xf3, 0x0, 0x0,

    /* U+1E7E "Ṿ" */
    0xaf, 0xc0, 0x0, 0x0, 0x0, 0x0, 0xa, 0xfa,
    0x4f, 0xf1, 0x0, 0x0, 0x0, 0x0, 0xf, 0xf4,
    0xe, 0xf7, 0x0, 0x0, 0x0, 0x0, 0x5f, 0xe0,
    0x9, 0xfc, 0x0, 0x0, 0x0, 0x0, 0xbf, 0x80,
    0x3, 0xff, 0x20, 0x0, 0x0, 0x1, 0xff, 0x20,
    0x0, 0xdf, 0x70, 0x0, 0x0, 0x6, 0xfc, 0x0,
    0x0, 0x7f, 0xd0, 0x0, 0x0, 0xc, 0xf6, 0x0,
    0x0, 0x1f, 0xf2, 0x0, 0x0, 0x2f, 0xf1, 0x0,
    0x0, 0xb, 0xf7, 0x0, 0x0, 0x7f, 0xa0, 0x0,
    0x0, 0x5, 0xfd, 0x0, 0x0, 0xdf, 0x40, 0x0,
    0x0, 0x0, 0xff, 0x20, 0x3, 0xfe, 0x0, 0x0,
    0x0, 0x0, 0x9f, 0x80, 0x8, 0xf8, 0x0, 0x0,
    0x0, 0x0, 0x3f, 0xd0, 0xe, 0xf2, 0x0, 0x0,
    0x0, 0x0, 0xd, 0xf3, 0x3f, 0xc0, 0x0, 0x0,
    0x0, 0x0, 0x8, 0xf8, 0x8f, 0x60, 0x0, 0x0,
    0x0, 0x0, 0x2, 0xfd, 0xdf, 0x10, 0x0, 0x0,
    0x0, 0x0, 0x0, 0xcf, 0xfa, 0x0, 0x0, 0x0,
    0x0, 0x0, 0x0, 0x6f, 0xf4, 0x0, 0x0, 0x0,
    0x0, 0x0, 0x0, 0x0, 0x0, 0x0, 0x0, 0x0,
    0x0, 0x0, 0x0, 0x0, 0x0, 0x0, 0x0, 0x0,
    0x0, 0x0, 0x0, 0x7, 0x70, 0x0, 0x0, 0x0,
    0x0, 0x0, 0x0, 0x1f, 0xf1, 0x0, 0x0, 0x0,
    0x0, 0x0, 0x0, 0x1f, 0xf1, 0x0, 0x0, 0x0,

    /* U+1E7F "ṿ" */
    0x8f, 0xb0, 0x0, 0x0, 0xa, 0xf8, 0x2f, 0xf1,
    0x0, 0x0, 0xf, 0xf2, 0xc, 0xf6, 0x0, 0x0,
    0x5f, 0xc0, 0x6, 0xfb, 0x0, 0x0, 0xaf, 0x70,
    0x1, 0xff, 0x10, 0x0, 0xff, 0x10, 0x0, 0xaf,
    0x60, 0x5, 0xfb, 0x0, 0x0, 0x5f, 0xc0, 0xb,
    0xf5, 0x0, 0x0, 0xe, 0xf1, 0x1f, 0xf0, 0x0,
    0x0, 0x9, 0xf6, 0x6f, 0xa0, 0x0, 0x0, 0x3,
    0xfb, 0xbf, 0x40, 0x0, 0x0, 0x0, 0xdf, 0xfe,
    0x0, 0x0, 0x0, 0x0, 0x8f, 0xf8, 0x0, 0x0,
    0x0, 0x0, 0x2f, 0xf3, 0x0, 0x0, 0x0, 0x0,
    0x0, 0x0, 0x0, 0x0, 0x0, 0x0, 0x0, 0x0,
    0x0, 0x0, 0x0, 0x0, 0x7, 0x71, 0x0, 0x0,
    0x0, 0x0, 0xf, 0xf3, 0x0, 0x0, 0x0, 0x0,
    0xf, 0xf3, 0x0, 0x0,

    /* U+1E80 "Ẁ" */
    0x0, 0x0, 0x0, 0x0, 0x5, 0x55, 0x0, 0x0,
    0x0, 0x0, 0x0, 0x0, 0x0, 0x0, 0x0, 0x0,
    0xbf, 0xf2, 0x0, 0x0, 0x0, 0x0, 0x0, 0x0,
    0x0, 0x0, 0x0, 0x2, 0xff, 0x90, 0x0, 0x0,
    0x0, 0x0, 0x0, 0x0, 0x0, 0x0, 0x0, 0x7,
    0xff, 0x10, 0x0, 0x0, 0x0, 0x0, 0x0, 0x0,
    0x0, 0x0, 0x0, 0x0, 0x0, 0x0, 0x0, 0x0,
    0x0, 0x0, 0xff, 0xf4, 0x0, 0x0, 0xb, 0xff,
    0x70, 0x0, 0x0, 0x8f, 0xfc, 0xb, 0xff, 0x80,
    0x0, 0x0, 0xef, 0xfb, 0x0, 0x0, 0xc, 0xff,
    0x70, 0x7f, 0xfc, 0x0, 0x0, 0x2f, 0xff, 0xf0,
    0x0, 0x0, 0xff, 0xf3, 0x2, 0xff, 0xf0, 0x0,
    0x6, 0xff, 0xff, 0x30, 0x0, 0x4f, 0xff, 0x0,
    0xe, 0xff, 0x40, 0x0, 0xaf, 0xff, 0xf7, 0x0,
    0x8, 0xff, 0xa0, 0x0, 0xaf, 0xf8, 0x0, 0xe,
    0xfe, 0xff, 0xb0, 0x0, 0xcf, 0xf6, 0x0, 0x5,
    0xff, 0xc0, 0x2, 0xff, 0x9c, 0xff, 0x0, 0xf,
    0xff, 0x20, 0x0, 0x1f, 0xff, 0x0, 0x6f, 0xf5,
    0x8f, 0xf3, 0x4, 0xff, 0xe0, 0x0, 0x0, 0xdf,
    0xf4, 0xa, 0xff, 0x14, 0xff, 0x70, 0x7f, 0xf9,
    0x0, 0x0, 0x8, 0xff, 0x80, 0xef, 0xd0, 0xf,
    0xfb, 0xb, 0xff, 0x50, 0x0, 0x0, 0x4f, 0xfc,
    0x2f, 0xf9, 0x0, 0xcf, 0xe0, 0xff, 0xf1, 0x0,
    0x0, 0x0, 0xff, 0xf7, 0xff, 0x50, 0x8, 0xff,
    0x6f, 0xfd, 0x0, 0x0, 0x0, 0xc, 0xff, 0xef,
    0xf1, 0x0, 0x4f, 0xfe, 0xff, 0x80, 0x0, 0x0,
    0x0, 0x7f, 0xff, 0xfd, 0x0, 0x0, 0xff, 0xff,
    0xf4, 0x0, 0x0, 0x0, 0x3, 0xff, 0xff, 0x80,
    0x0, 0xc, 0xff, 0xff, 0x0, 0x0, 0x0, 0x0,
    0xe, 0xff, 0xf4, 0x0, 0x0, 0x8f, 0xff, 0xb0,
    0x0, 0x0, 0x0, 0x0, 0xaf, 0xff, 0x0, 0x0,
    0x4, 0xff, 0xf7, 0x0, 0x0,

    /* U+1E81 "ẁ" */
    0x0, 0x0, 0x0, 0x5, 0x55, 0x0, 0x0, 0x0,
    0x0, 0x0, 0x0, 0x0, 0x0, 0x8, 0xff, 0x60,
    0x0, 0x0, 0x0, 0x0, 0x0, 0x0, 0x0, 0x0,
    0xdf, 0xd0, 0x0, 0x0, 0x0, 0x0, 0x0, 0x0,
    0x0, 0x0, 0x4f, 0xf4, 0x0, 0x0, 0x0, 0x0,
    0x0, 0x0, 0x0, 0x0, 0x0, 0x0, 0x0, 0x0,
    0x0, 0x0, 0x5f, 0xfc, 0x0, 0x0, 0x6f, 0xf8,
    0x0, 0x0, 0xaf, 0xf7, 0x1f, 0xff, 0x0, 0x0,
    0xbf, 0xfd, 0x0, 0x0, 0xef, 0xf2, 0xc, 0xff,
    0x40, 0x0, 0xff, 0xff, 0x10, 0x2, 0xff, 0xe0,
    0x7, 0xff, 0x90, 0x3, 0xff, 0xff, 0x50, 0x7,
    0xff, 0x90, 0x2, 0xff, 0xd0, 0x8, 0xff, 0xef,
    0xa0, 0xb, 0xff, 0x40, 0x0, 0xdf, 0xf1, 0xc,
    0xfb, 0x9f, 0xe0, 0xf, 0xff, 0x0, 0x0, 0x9f,
    0xf5, 0x1f, 0xf6, 0x4f, 0xf2, 0x3f, 0xfb, 0x0,
    0x0, 0x4f, 0xf9, 0x5f, 0xf2, 0xf, 0xf7, 0x7f,
    0xf6, 0x0, 0x0, 0xf, 0xfe, 0x9f, 0xd0, 0xb,
    0xfb, 0xcf, 0xf1, 0x0, 0x0, 0xa, 0xff, 0xff,
    0x80, 0x6, 0xff, 0xff, 0xc0, 0x0, 0x0, 0x5,
    0xff, 0xff, 0x40, 0x2, 0xff, 0xff, 0x80, 0x0,
    0x0, 0x1, 0xff, 0xff, 0x0, 0x0, 0xdf, 0xff,
    0x30, 0x0, 0x0, 0x0, 0xcf, 0xfa, 0x0, 0x0,
    0x8f, 0xfe, 0x0, 0x0,

    /* U+1E82 "Ẃ" */
    0x0, 0x0, 0x0, 0x0, 0x0, 0x0, 0x55, 0x50,
    0x0, 0x0, 0x0, 0x0, 0x0, 0x0, 0x0, 0x0,
    0x0, 0x6f, 0xf8, 0x0, 0x0, 0x0, 0x0, 0x0,
    0x0, 0x0, 0x0, 0x0, 0xd, 0xfd, 0x0, 0x0,
    0x0, 0x0, 0x0, 0x0, 0x0, 0x0, 0x0, 0x4,
    0xff, 0x30, 0x0, 0x0, 0x0, 0x0, 0x0, 0x0,
    0x0, 0x0, 0x0, 0x0, 0x0, 0x0, 0x0, 0x0,
    0x0, 0x0, 0xff, 0xf4, 0x0, 0x0, 0xb, 0xff,
    0x70, 0x0, 0x0, 0x8f, 0xfc, 0xb, 0xff, 0x80,
    0x0, 0x0, 0xef, 0xfb, 0x0, 0x0, 0xc, 0xff,
    0x70, 0x7f, 0xfc, 0x0, 0x0, 0x2f, 0xff, 0xf0,
    0x0, 0x0, 0xff, 0xf3, 0x2, 0xff, 0xf0, 0x0,
    0x6, 0xff, 0xff, 0x30, 0x0, 0x4f, 0xff, 0x0,
    0xe, 0xff, 0x40, 0x0, 0xaf, 0xff, 0xf7, 0x0,
    0x8, 0xff, 0xa0, 0x0, 0xaf, 0xf8, 0x0, 0xe,
    0xfe, 0xff, 0xb0, 0x0, 0xcf, 0xf6, 0x0, 0x5,
    0xff, 0xc0, 0x2, 0xff, 0x9c, 0xff, 0x0, 0xf,
    0xff, 0x20, 0x0, 0x1f, 0xff, 0x0, 0x6f, 0xf5,
    0x8f, 0xf3, 0x4, 0xff, 0xe0, 0x0, 0x0, 0xdf,
    0xf4, 0xa, 0xff, 0x14, 0xff, 0x70, 0x7f, 0xf9,
    0x0, 0x0, 0x8, 0xff, 0x80, 0xef, 0xd0, 0xf,
    0xfb, 0xb, 0xff, 0x50, 0x0, 0x0, 0x4f, 0xfc,
    0x2f, 0xf9, 0x0, 0xcf, 0xe0, 0xff, 0xf1, 0x0,
    0x0, 0x0, 0xff, 0xf7, 0xff, 0x50, 0x8, 0xff,
    0x6f, 0xfd, 0x0, 0x0, 0x0, 0xc, 0xff, 0xef,
    0xf1, 0x0, 0x4f, 0xfe, 0xff, 0x80, 0x0, 0x0,
    0x0, 0x7f, 0xff, 0xfd, 0x0, 0x0, 0xff, 0xff,
    0xf4, 0x0, 0x0, 0x0, 0x3, 0xff, 0xff, 0x80,
    0x0, 0xc, 0xff, 0xff, 0x0, 0x0, 0x0, 0x0,
    0xe, 0xff, 0xf4, 0x0, 0x0, 0x8f, 0xff, 0xb0,
    0x0, 0x0, 0x0, 0x0, 0xaf, 0xff, 0x0, 0x0,
    0x4, 0xff, 0xf7, 0x0, 0x0,

    /* U+1E83 "ẃ" */
    0x0, 0x0, 0x0, 0x0, 0x0, 0x45, 0x50, 0x0,
    0x0, 0x0, 0x0, 0x0, 0x0, 0x0, 0x3, 0xff,
    0xb0, 0x0, 0x0, 0x0, 0x0, 0x0, 0x0, 0x0,
    0xa, 0xff, 0x10, 0x0, 0x0, 0x0, 0x0, 0x0,
    0x0, 0x0, 0x1f, 0xf6, 0x0, 0x0, 0x0, 0x0,
    0x0, 0x0, 0x0, 0x0, 0x0, 0x0, 0x0, 0x0,
    0x0, 0x0, 0x5f, 0xfc, 0x0, 0x0, 0x6f, 0xf8,
    0x0, 0x0, 0xaf, 0xf7, 0x1f, 0xff, 0x0, 0x0,
    0xbf, 0xfd, 0x0, 0x0, 0xef, 0xf2, 0xc, 0xff,
    0x40, 0x0, 0xff, 0xff, 0x10, 0x2, 0xff, 0xe0,
    0x7, 0xff, 0x90, 0x3, 0xff, 0xff, 0x50, 0x7,
    0xff, 0x90, 0x2, 0xff, 0xd0, 0x8, 0xff, 0xef,
    0xa0, 0xb, 0xff, 0x40, 0x0, 0xdf, 0xf1, 0xc,
    0xfb, 0x9f, 0xe0, 0xf, 0xff, 0x0, 0x0, 0x9f,
    0xf5, 0x1f, 0xf6, 0x4f, 0xf2, 0x3f, 0xfb, 0x0,
    0x0, 0x4f, 0xf9, 0x5f, 0xf2, 0xf, 0xf7, 0x7f,
    0xf6, 0x0, 0x0, 0xf, 0xfe, 0x9f, 0xd0, 0xb,
    0xfb, 0xcf, 0xf1, 0x0, 0x0, 0xa, 0xff, 0xff,
    0x80, 0x6, 0xff, 0xff, 0xc0, 0x0, 0x0, 0x5,
    0xff, 0xff, 0x40, 0x2, 0xff, 0xff, 0x80, 0x0,
    0x0, 0x1, 0xff, 0xff, 0x0, 0x0, 0xdf, 0xff,
    0x30, 0x0, 0x0, 0x0, 0xcf, 0xfa, 0x0, 0x0,
    0x8f, 0xfe, 0x0, 0x0,

    /* U+1E84 "Ẅ" */
    0x0, 0x0, 0x0, 0x0, 0xff, 0xf0, 0x3f, 0xfc,
    0x0, 0x0, 0x0, 0x0, 0x0, 0x0, 0x0, 0xf,
    0xff, 0x3, 0xff, 0xc0, 0x0, 0x0, 0x0, 0x0,
    0x0, 0x0, 0x0, 0xbb, 0xa0, 0x2b, 0xb8, 0x0,
    0x0, 0x0, 0x0, 0x0, 0x0, 0x0, 0x0, 0x0,
    0x0, 0x0, 0x0, 0x0, 0x0, 0x0, 0xf, 0xff,
    0x40, 0x0, 0x0, 0xbf, 0xf7, 0x0, 0x0, 0x8,
    0xff, 0xc0, 0xbf, 0xf8, 0x0, 0x0, 0xe, 0xff,
    0xb0, 0x0, 0x0, 0xcf, 0xf7, 0x7, 0xff, 0xc0,
    0x0, 0x2, 0xff, 0xff, 0x0, 0x0, 0xf, 0xff,
    0x30, 0x2f, 0xff, 0x0, 0x0, 0x6f, 0xff, 0xf3,
    0x0, 0x4, 0xff, 0xf0, 0x0, 0xef, 0xf4, 0x0,
    0xa, 0xff, 0xff, 0x70, 0x0, 0x8f, 0xfa, 0x0,
    0xa, 0xff, 0x80, 0x0, 0xef, 0xef, 0xfb, 0x0,
    0xc, 0xff, 0x60, 0x0, 0x5f, 0xfc, 0x0, 0x2f,
    0xf9, 0xcf, 0xf0, 0x0, 0xff, 0xf2, 0x0, 0x1,
    0xff, 0xf0, 0x6, 0xff, 0x58, 0xff, 0x30, 0x4f,
    0xfe, 0x0, 0x0, 0xd, 0xff, 0x40, 0xaf, 0xf1,
    0x4f, 0xf7, 0x7, 0xff, 0x90, 0x0, 0x0, 0x8f,
    0xf8, 0xe, 0xfd, 0x0, 0xff, 0xb0, 0xbf, 0xf5,
    0x0, 0x0, 0x4, 0xff, 0xc2, 0xff, 0x90, 0xc,
    0xfe, 0xf, 0xff, 0x10, 0x0, 0x0, 0xf, 0xff,
    0x7f, 0xf5, 0x0, 0x8f, 0xf6, 0xff, 0xd0, 0x0,
    0x0, 0x0, 0xcf, 0xfe, 0xff, 0x10, 0x4, 0xff,
    0xef, 0xf8, 0x0, 0x0, 0x0, 0x7, 0xff, 0xff,
    0xd0, 0x0, 0xf, 0xff, 0xff, 0x40, 0x0, 0x0,
    0x0, 0x3f, 0xff, 0xf8, 0x0, 0x0, 0xcf, 0xff,
    0xf0, 0x0, 0x0, 0x0, 0x0, 0xef, 0xff, 0x40,
    0x0, 0x8, 0xff, 0xfb, 0x0, 0x0, 0x0, 0x0,
    0xa, 0xff, 0xf0, 0x0, 0x0, 0x4f, 0xff, 0x70,
    0x0, 0x0,

    /* U+1E85 "ẅ" */
    0x0, 0x0, 0x0, 0xdf, 0xf2, 0xf, 0xff, 0x0,
    0x0, 0x0, 0x0, 0x0, 0x0, 0xdf, 0xf2, 0xf,
    0xff, 0x0, 0x0, 0x0, 0x0, 0x0, 0x0, 0x9b,
    0xb1, 0xb, 0xbb, 0x0, 0x0, 0x0, 0x0, 0x0,
    0x0, 0x0, 0x0, 0x0, 0x0, 0x0, 0x0, 0x0,
    0x5f, 0xfc, 0x0, 0x0, 0x6f, 0xf8, 0x0, 0x0,
    0xaf, 0xf7, 0x1f, 0xff, 0x0, 0x0, 0xbf, 0xfd,
    0x0, 0x0, 0xef, 0xf2, 0xc, 0xff, 0x40, 0x0,
    0xff, 0xff, 0x10, 0x2, 0xff, 0xe0, 0x7, 0xff,
    0x90, 0x3, 0xff, 0xff, 0x50, 0x7, 0xff, 0x90,
    0x2, 0xff, 0xd0, 0x8, 0xff, 0xef, 0xa0, 0xb,
    0xff, 0x40, 0x0, 0xdf, 0xf1, 0xc, 0xfb, 0x9f,
    0xe0, 0xf, 0xff, 0x0, 0x0, 0x9f, 0xf5, 0x1f,
    0xf6, 0x4f, 0xf2, 0x3f, 0xfb, 0x0, 0x0, 0x4f,
    0xf9, 0x5f, 0xf2, 0xf, 0xf7, 0x7f, 0xf6, 0x0,
    0x0, 0xf, 0xfe, 0x9f, 0xd0, 0xb, 0xfb, 0xcf,
    0xf1, 0x0, 0x0, 0xa, 0xff, 0xff, 0x80, 0x6,
    0xff, 0xff, 0xc0, 0x0, 0x0, 0x5, 0xff, 0xff,
    0x40, 0x2, 0xff, 0xff, 0x80, 0x0, 0x0, 0x1,
    0xff, 0xff, 0x0, 0x0, 0xdf, 0xff, 0x30, 0x0,
    0x0, 0x0, 0xcf, 0xfa, 0x0, 0x0, 0x8f, 0xfe,
    0x0, 0x0,

    /* U+1E86 "Ẇ" */
    0x0, 0x0, 0x0, 0x0, 0x0, 0x47, 0x30, 0x0,
    0x0, 0x0, 0x0, 0x0, 0x0, 0x0, 0x0, 0x0,
    0xb, 0xf7, 0x0, 0x0, 0x0, 0x0, 0x0, 0x0,
    0x0, 0x0, 0x0, 0x0, 0xbf, 0x70, 0x0, 0x0,
    0x0, 0x0, 0x0, 0x0, 0x0, 0x0, 0x0, 0x0,
    0x0, 0x0, 0x0, 0x0, 0x0, 0x0, 0x9f, 0xb0,
    0x0, 0x0, 0x1, 0xff, 0xe0, 0x0, 0x0, 0x0,
    0xff, 0x45, 0xff, 0x0, 0x0, 0x0, 0x6f, 0xff,
    0x20, 0x0, 0x0, 0x3f, 0xf0, 0x1f, 0xf2, 0x0,
    0x0, 0xa, 0xfc, 0xf7, 0x0, 0x0, 0x7, 0xfb,
    0x0, 0xdf, 0x60, 0x0, 0x0, 0xff, 0x6f, 0xb0,
    0x0, 0x0, 0xbf, 0x70, 0x8, 0xfa, 0x0, 0x0,
    0x3f, 0xc1, 0xff, 0x0, 0x0, 0xe, 0xf3, 0x0,
    0x4f, 0xd0, 0x0, 0x8, 0xf8, 0xd, 0xf4, 0x0,
    0x2, 0xfe, 0x0, 0x1, 0xff, 0x10, 0x0, 0xcf,
    0x30, 0x8f, 0x80, 0x0, 0x6f, 0xa0, 0x0, 0xc,
    0xf5, 0x0, 0x1f, 0xf0, 0x4, 0xfc, 0x0, 0xa,
    0xf6, 0x0, 0x0, 0x8f, 0x90, 0x5, 0xfb, 0x0,
    0xf, 0xf1, 0x0, 0xef, 0x20, 0x0, 0x4, 0xfc,
    0x0, 0x9f, 0x60, 0x0, 0xcf, 0x50, 0x1f, 0xe0,
    0x0, 0x0, 0xf, 0xf0, 0xe, 0xf2, 0x0, 0x8,
    0xf8, 0x5, 0xfa, 0x0, 0x0, 0x0, 0xcf, 0x42,
    0xfe, 0x0, 0x0, 0x3f, 0xc0, 0x9f, 0x50, 0x0,
    0x0, 0x8, 0xf7, 0x6f, 0xa0, 0x0, 0x0, 0xff,
    0xc, 0xf1, 0x0, 0x0, 0x0, 0x4f, 0xba, 0xf5,
    0x0, 0x0, 0xb, 0xf3, 0xfd, 0x0, 0x0, 0x0,
    0x0, 0xfe, 0xef, 0x10, 0x0, 0x0, 0x7f, 0x9f,
    0x90, 0x0, 0x0, 0x0, 0xc, 0xff, 0xd0, 0x0,
    0x0, 0x2, 0xfe, 0xf4, 0x0, 0x0, 0x0, 0x0,
    0x8f, 0xf9, 0x0, 0x0, 0x0, 0xe, 0xff, 0x0,
    0x0, 0x0, 0x0, 0x4, 0xff, 0x40, 0x0, 0x0,
    0x0, 0xaf, 0xc0, 0x0, 0x0,

    /* U+1E87 "ẇ" */
    0x0, 0x0, 0x0, 0x4, 0xfe, 0x0, 0x0, 0x0,
    0x0, 0x0, 0x0, 0x0, 0x4, 0xfe, 0x0, 0x0,
    0x0, 0x0, 0x0, 0x0, 0x0, 0x1, 0x76, 0x0,
    0x0, 0x0, 0x0, 0x0, 0x0, 0x0, 0x0, 0x0,
    0x0, 0x0, 0x0, 0x0, 0x0, 0x0, 0x0, 0x0,
    0x0, 0x0, 0x0, 0x0, 0x0, 0xbf, 0x70, 0x0,
    0x7, 0xff, 0x0, 0x0, 0xf, 0xf1, 0x6f, 0xb0,
    0x0, 0xb, 0xff, 0x30, 0x0, 0x4f, 0xc0, 0x2f,
    0xf0, 0x0, 0xf, 0xff, 0x70, 0x0, 0x9f, 0x70,
    0xd, 0xf3, 0x0, 0x4f, 0xdf, 0xa0, 0x0, 0xdf,
    0x20, 0x8, 0xf7, 0x0, 0x8f, 0x5f, 0xe0, 0x2,
    0xfd, 0x0, 0x4, 0xfc, 0x0, 0xcf, 0xd, 0xf2,
    0x6, 0xf8, 0x0, 0x0, 0xff, 0x0, 0xfc, 0x9,
    0xf6, 0xb, 0xf3, 0x0, 0x0, 0xaf, 0x44, 0xf8,
    0x5, 0xfa, 0xf, 0xe0, 0x0, 0x0, 0x6f, 0x88,
    0xf4, 0x1, 0xfe, 0x4f, 0xa0, 0x0, 0x0, 0x1f,
    0xcc, 0xf0, 0x0, 0xcf, 0xbf, 0x50, 0x0, 0x0,
    0xc, 0xff, 0xc0, 0x0, 0x8f, 0xff, 0x10, 0x0,
    0x0, 0x8, 0xff, 0x80, 0x0, 0x4f, 0xfb, 0x0,
    0x0, 0x0, 0x3, 0xff, 0x40, 0x0, 0xf, 0xf7,
    0x0, 0x0,

    /* U+1E88 "Ẉ" */
    0x9f, 0xb0, 0x0, 0x0, 0x1, 0xff, 0xe0, 0x0,
    0x0, 0x0, 0xff, 0x45, 0xff, 0x0, 0x0, 0x0,
    0x6f, 0xff, 0x20, 0x0, 0x0, 0x3f, 0xf0, 0x1f,
    0xf2, 0x0, 0x0, 0xa, 0xfc, 0xf7, 0x0, 0x0,
    0x7, 0xfb, 0x0, 0xdf, 0x60, 0x0, 0x0, 0xff,
    0x6f, 0xb0, 0x0, 0x0, 0xbf, 0x70, 0x8, 0xfa,
    0x0, 0x0, 0x3f, 0xc1, 0xff, 0x0, 0x0, 0xe,
    0xf3, 0x0, 0x4f, 0xd0, 0x0, 0x8, 0xf8, 0xd,
    0xf4, 0x0, 0x2, 0xfe, 0x0, 0x1, 0xff, 0x10,
    0x0, 0xcf, 0x30, 0x8f, 0x80, 0x0, 0x6f, 0xa0,
    0x0, 0xc, 0xf5, 0x0, 0x1f, 0xf0, 0x4, 0xfc,
    0x0, 0xa, 0xf6, 0x0, 0x0, 0x8f, 0x90, 0x5,
    0xfb, 0x0, 0xf, 0xf1, 0x0, 0xef, 0x20, 0x0,
    0x4, 0xfc, 0x0, 0x9f, 0x60, 0x0, 0xcf, 0x50,
    0x1f, 0xe0, 0x0, 0x0, 0xf, 0xf0, 0xe, 0xf2,
    0x0, 0x8, 0xf8, 0x5, 0xfa, 0x0, 0x0, 0x0,
    0xcf, 0x42, 0xfe, 0x0, 0x0, 0x3f, 0xc0, 0x9f,
    0x50, 0x0, 0x0, 0x8, 0xf7, 0x6f, 0xa0, 0x0,
    0x0, 0xff, 0xc, 0xf1, 0x0, 0x0, 0x0, 0x4f,
    0xba, 0xf5, 0x0, 0x0, 0xb, 0xf3, 0xfd, 0x0,
    0x0, 0x0, 0x0, 0xfe, 0xef, 0x10, 0x0, 0x0,
    0x7f, 0x9f, 0x90, 0x0, 0x0, 0x0, 0xc, 0xff,
    0xd0, 0x0, 0x0, 0x2, 0xfe, 0xf4, 0x0, 0x0,
    0x0, 0x0, 0x8f, 0xf9, 0x0, 0x0, 0x0, 0xe,
    0xff, 0x0, 0x0, 0x0, 0x0, 0x4, 0xff, 0x40,
    0x0, 0x0, 0x0, 0xaf, 0xc0, 0x0, 0x0, 0x0,
    0x0, 0x0, 0x0, 0x0, 0x0, 0x0, 0x0, 0x0,
    0x0, 0x0, 0x0, 0x0, 0x0, 0x0, 0x0, 0x0,
    0x0, 0x0, 0x0, 0x0, 0x0, 0x0, 0x0, 0x0,
    0x0, 0x0, 0x0, 0x57, 0x30, 0x0, 0x0, 0x0,
    0x0, 0x0, 0x0, 0x0, 0x0, 0x0, 0xb, 0xf7,
    0x0, 0x0, 0x0, 0x0, 0x0, 0x0, 0x0, 0x0,
    0x0, 0x0, 0xbf, 0x70, 0x0, 0x0, 0x0, 0x0,
    0x0,

    /* U+1E89 "ẉ" */
    0xbf, 0x70, 0x0, 0x7, 0xff, 0x0, 0x0, 0xf,
    0xf1, 0x6f, 0xb0, 0x0, 0xb, 0xff, 0x30, 0x0,
    0x4f, 0xc0, 0x2f, 0xf0, 0x0, 0xf, 0xff, 0x70,
    0x0, 0x9f, 0x70, 0xd, 0xf3, 0x0, 0x4f, 0xdf,
    0xa0, 0x0, 0xdf, 0x20, 0x8, 0xf7, 0x0, 0x8f,
    0x5f, 0xe0, 0x2, 0xfd, 0x0, 0x4, 0xfc, 0x0,
    0xcf, 0xd, 0xf2, 0x6, 0xf8, 0x0, 0x0, 0xff,
    0x0, 0xfc, 0x9, 0xf6, 0xb, 0xf3, 0x0, 0x0,
    0xaf, 0x44, 0xf8, 0x5, 0xfa, 0xf, 0xe0, 0x0,
    0x0, 0x6f, 0x88, 0xf4, 0x1, 0xfe, 0x4f, 0xa0,
    0x0, 0x0, 0x1f, 0xcc, 0xf0, 0x0, 0xcf, 0xbf,
    0x50, 0x0, 0x0, 0xc, 0xff, 0xc0, 0x0, 0x8f,
    0xff, 0x10, 0x0, 0x0, 0x8, 0xff, 0x80, 0x0,
    0x4f, 0xfb, 0x0, 0x0, 0x0, 0x3, 0xff, 0x40,
    0x0, 0xf, 0xf7, 0x0, 0x0, 0x0, 0x0, 0x0,
    0x0, 0x0, 0x0, 0x0, 0x0, 0x0, 0x0, 0x0,
    0x0, 0x0, 0x0, 0x0, 0x0, 0x0, 0x0, 0x0,
    0x0, 0x0, 0x1, 0x76, 0x0, 0x0, 0x0, 0x0,
    0x0, 0x0, 0x0, 0x4, 0xfe, 0x0, 0x0, 0x0,
    0x0, 0x0, 0x0, 0x0, 0x4, 0xfe, 0x0, 0x0,
    0x0, 0x0,

    /* U+1E8A "Ẋ" */
    0x0, 0x0, 0x0, 0x4, 0x73, 0x0, 0x0, 0x0,
    0x0, 0x0, 0x0, 0xb, 0xf7, 0x0, 0x0, 0x0,
    0x0, 0x0, 0x0, 0xb, 0xf7, 0x0, 0x0, 0x0,
    0x0, 0x0, 0x0, 0x0, 0x0, 0x0, 0x0, 0x0,
    0xc, 0xfe, 0x0, 0x0, 0x0, 0x0, 0x7f, 0xe1,
    0x2, 0xff, 0x90, 0x0, 0x0, 0x3, 0xff, 0x50,
    0x0, 0x6f, 0xf4, 0x0, 0x0, 0xd, 0xf9, 0x0,
    0x0, 0xb, 0xfe, 0x0, 0x0, 0x9f, 0xd0, 0x0,
    0x0, 0x1, 0xef, 0x90, 0x5, 0xff, 0x30, 0x0,
    0x0, 0x0, 0x5f, 0xf4, 0x1e, 0xf7, 0x0, 0x0,
    0x0, 0x0, 0xa, 0xfe, 0xbf, 0xc0, 0x0, 0x0,
    0x0, 0x0, 0x1, 0xef, 0xfe, 0x10, 0x0, 0x0,
    0x0, 0x0, 0x0, 0x6f, 0xf8, 0x0, 0x0, 0x0,
    0x0, 0x0, 0x0, 0xdf, 0xff, 0x10, 0x0, 0x0,
    0x0, 0x0, 0x8, 0xfd, 0xef, 0xb0, 0x0, 0x0,
    0x0, 0x0, 0x4f, 0xf4, 0x4f, 0xf6, 0x0, 0x0,
    0x0, 0x1, 0xef, 0x90, 0xa, 0xff, 0x20, 0x0,
    0x0, 0xa, 0xfe, 0x0, 0x1, 0xef, 0xc0, 0x0,
    0x0, 0x6f, 0xf4, 0x0, 0x0, 0x4f, 0xf7, 0x0,
    0x2, 0xff, 0x90, 0x0, 0x0, 0xa, 0xff, 0x20,
    0xc, 0xfd, 0x0, 0x0, 0x0, 0x1, 0xef, 0xd0,
    0x8f, 0xf3, 0x0, 0x0, 0x0, 0x0, 0x4f, 0xf8,

    /* U+1E8B "ẋ" */
    0x0, 0x0, 0xf, 0xf2, 0x0, 0x0, 0x0, 0x0,
    0xf, 0xf2, 0x0, 0x0, 0x0, 0x0, 0x7, 0x71,
    0x0, 0x0, 0x0, 0x0, 0x0, 0x0, 0x0, 0x0,
    0x0, 0x0, 0x0, 0x0, 0x0, 0x0, 0x2f, 0xf7,
    0x0, 0x0, 0x5f, 0xf2, 0x7, 0xff, 0x20, 0x1,
    0xef, 0x70, 0x0, 0xcf, 0xb0, 0xb, 0xfb, 0x0,
    0x0, 0x2f, 0xf5, 0x6f, 0xe1, 0x0, 0x0, 0x7,
    0xfe, 0xff, 0x50, 0x0, 0x0, 0x0, 0xcf, 0xfa,
    0x0, 0x0, 0x0, 0x0, 0x8f, 0xf7, 0x0, 0x0,
    0x0, 0x2, 0xff, 0xff, 0x20, 0x0, 0x0, 0xc,
    0xf9, 0x9f, 0xc0, 0x0, 0x0, 0x7f, 0xe0, 0x1e,
    0xf7, 0x0, 0x2, 0xff, 0x50, 0x5, 0xff, 0x20,
    0xc, 0xfa, 0x0, 0x0, 0xbf, 0xc0, 0x7f, 0xf1,
    0x0, 0x0, 0x2f, 0xf8,

    /* U+1E8C "Ẍ" */
    0x0, 0x0, 0x27, 0x60, 0x7, 0x71, 0x0, 0x0,
    0x0, 0x0, 0x5f, 0xd0, 0xf, 0xf3, 0x0, 0x0,
    0x0, 0x0, 0x5f, 0xd0, 0xf, 0xf3, 0x0, 0x0,
    0x0, 0x0, 0x0, 0x0, 0x0, 0x0, 0x0, 0x0,
    0xc, 0xfe, 0x0, 0x0, 0x0, 0x0, 0x7f, 0xe1,
    0x2, 0xff, 0x90, 0x0, 0x0, 0x3, 0xff, 0x50,
    0x0, 0x6f, 0xf4, 0x0, 0x0, 0xd, 0xf9, 0x0,
    0x0, 0xb, 0xfe, 0x0, 0x0, 0x9f, 0xd0, 0x0,
    0x0, 0x1, 0xef, 0x90, 0x5, 0xff, 0x30, 0x0,
    0x0, 0x0, 0x5f, 0xf4, 0x1e, 0xf7, 0x0, 0x0,
    0x0, 0x0, 0xa, 0xfe, 0xbf, 0xc0, 0x0, 0x0,
    0x0, 0x0, 0x1, 0xef, 0xfe, 0x10, 0x0, 0x0,
    0x0, 0x0, 0x0, 0x6f, 0xf8, 0x0, 0x0, 0x0,
    0x0, 0x0, 0x0, 0xdf, 0xff, 0x10, 0x0, 0x0,
    0x0, 0x0, 0x8, 0xfd, 0xef, 0xb0, 0x0, 0x0,
    0x0, 0x0, 0x4f, 0xf4, 0x4f, 0xf6, 0x0, 0x0,
    0x0, 0x1, 0xef, 0x90, 0xa, 0xff, 0x20, 0x0,
    0x0, 0xa, 0xfe, 0x0, 0x1, 0xef, 0xc0, 0x0,
    0x0, 0x6f, 0xf4, 0x0, 0x0, 0x4f, 0xf7, 0x0,
    0x2, 0xff, 0x90, 0x0, 0x0, 0xa, 0xff, 0x20,
    0xc, 0xfd, 0x0, 0x0, 0x0, 0x1, 0xef, 0xd0,
    0x8f, 0xf3, 0x0, 0x0, 0x0, 0x0, 0x4f, 0xf8,

    /* U+1E8D "ẍ" */
    0x0, 0x6f, 0xc0, 0xf, 0xf2, 0x0, 0x0, 0x6f,
    0xc0, 0xf, 0xf2, 0x0, 0x0, 0x27, 0x50, 0x7,
    0x70, 0x0, 0x0, 0x0, 0x0, 0x0, 0x0, 0x0,
    0x0, 0x0, 0x0, 0x0, 0x0, 0x0, 0x2f, 0xf7,
    0x0, 0x0, 0x5f, 0xf2, 0x7, 0xff, 0x20, 0x1,
    0xef, 0x70, 0x0, 0xcf, 0xb0, 0xb, 0xfb, 0x0,
    0x0, 0x2f, 0xf5, 0x6f, 0xe1, 0x0, 0x0, 0x7,
    0xfe, 0xff, 0x50, 0x0, 0x0, 0x0, 0xcf, 0xfa,
    0x0, 0x0, 0x0, 0x0, 0x8f, 0xf7, 0x0, 0x0,
    0x0, 0x2, 0xff, 0xff, 0x20, 0x0, 0x0, 0xc,
    0xf9, 0x9f, 0xc0, 0x0, 0x0, 0x7f, 0xe0, 0x1e,
    0xf7, 0x0, 0x2, 0xff, 0x50, 0x5, 0xff, 0x20,
    0xc, 0xfa, 0x0, 0x0, 0xbf, 0xc0, 0x7f, 0xf1,
    0x0, 0x0, 0x2f, 0xf8,

    /* U+1E8E "Ẏ" */
    0x0, 0x0, 0x0, 0x7, 0x71, 0x0, 0x0, 0x0,
    0x0, 0x0, 0x0, 0xf, 0xf2, 0x0, 0x0, 0x0,
    0x0, 0x0, 0x0, 0xf, 0xf2, 0x0, 0x0, 0x0,
    0x0, 0x0, 0x0, 0x0, 0x0, 0x0, 0x0, 0x0,
    0x8f, 0xf3, 0x0, 0x0, 0x0, 0x0, 0x2f, 0xf8,
    0xe, 0xfc, 0x0, 0x0, 0x0, 0x0, 0xbf, 0xd0,
    0x4, 0xff, 0x70, 0x0, 0x0, 0x5, 0xff, 0x30,
    0x0, 0xaf, 0xf1, 0x0, 0x0, 0x1e, 0xf9, 0x0,
    0x0, 0x1e, 0xfb, 0x0, 0x0, 0x9f, 0xd0, 0x0,
    0x0, 0x5, 0xff, 0x50, 0x3, 0xff, 0x40, 0x0,
    0x0, 0x0, 0xbf, 0xe0, 0xd, 0xf9, 0x0, 0x0,
    0x0, 0x0, 0x2f, 0xf7, 0x6f, 0xe0, 0x0, 0x0,
    0x0, 0x0, 0x7, 0xff, 0xef, 0x40, 0x0, 0x0,
    0x0, 0x0, 0x0, 0xcf, 0xf9, 0x0, 0x0, 0x0,
    0x0, 0x0, 0x0, 0x4f, 0xf1, 0x0, 0x0, 0x0,
    0x0, 0x0, 0x0, 0x4f, 0xf0, 0x0, 0x0, 0x0,
    0x0, 0x0, 0x0, 0x4f, 0xf0, 0x0, 0x0, 0x0,
    0x0, 0x0, 0x0, 0x4f, 0xf0, 0x0, 0x0, 0x0,
    0x0, 0x0, 0x0, 0x4f, 0xf0, 0x0, 0x0, 0x0,
    0x0, 0x0, 0x0, 0x4f, 0xf0, 0x0, 0x0, 0x0,
    0x0, 0x0, 0x0, 0x4f, 0xf0, 0x0, 0x0, 0x0,
    0x0, 0x0, 0x0, 0x4f, 0xf0, 0x0, 0x0, 0x0,

    /* U+1E8F "ẏ" */
    0x0, 0x0, 0xd, 0xf5, 0x0, 0x0, 0x0, 0x0,
    0xd, 0xf5, 0x0, 0x0, 0x0, 0x0, 0x6, 0x72,
    0x0, 0x0, 0x0, 0x0, 0x0, 0x0, 0x0, 0x0,
    0x0, 0x0, 0x0, 0x0, 0x0, 0x0, 0x6f, 0xd0,
    0x0, 0x0, 0x8, 0xfa, 0x1f, 0xf2, 0x0, 0x0,
    0xd, 0xf4, 0xb, 0xf8, 0x0, 0x0, 0x3f, 0xe0,
    0x5, 0xfe, 0x0, 0x0, 0x9f, 0x80, 0x0, 0xef,
    0x30, 0x0, 0xef, 0x20, 0x0, 0x9f, 0x90, 0x4,
    0xfc, 0x0, 0x0, 0x3f, 0xe0, 0xa, 0xf7, 0x0,
    0x0, 0xd, 0xf4, 0xf, 0xf1, 0x0, 0x0, 0x7,
    0xf9, 0x4f, 0xb0, 0x0, 0x0, 0x2, 0xfe, 0x9f,
    0x50, 0x0, 0x0, 0x0, 0xcf, 0xff, 0x0, 0x0,
    0x0, 0x0, 0x6f, 0xf9, 0x0, 0x0, 0x0, 0x0,
    0xf, 0xf4, 0x0, 0x0, 0x0, 0x0, 0x2f, 0xe0,
    0x0, 0x0, 0x0, 0x0, 0x8f, 0x80, 0x0, 0x0,
    0x2, 0x25, 0xff, 0x10, 0x0, 0x0, 0xa, 0xff,
    0xf7, 0x0, 0x0, 0x0, 0x7, 0xee, 0x80, 0x0,
    0x0, 0x0,

    /* U+1E90 "Ẑ" */
    0x0, 0x0, 0x1, 0xef, 0xe1, 0x0, 0x0, 0x0,
    0x0, 0x0, 0xaf, 0xcf, 0xb0, 0x0, 0x0, 0x0,
    0x0, 0x6f, 0xd0, 0xbf, 0x80, 0x0, 0x0, 0x0,
    0x7, 0x83, 0x2, 0x87, 0x0, 0x0, 0x9, 0xff,
    0xff, 0xff, 0xff, 0xff, 0xfb, 0x0, 0x9f, 0xff,
    0xff, 0xff, 0xff, 0xff, 0xb0, 0x0, 0x11, 0x11,
    0x11, 0x11, 0x6f, 0xf6, 0x0, 0x0, 0x0, 0x0,
    0x0, 0x3f, 0xfa, 0x0, 0x0, 0x0, 0x0, 0x0,
    0x1e, 0xfd, 0x0, 0x0, 0x0, 0x0, 0x0, 0xb,
    0xff, 0x20, 0x0, 0x0, 0x0, 0x0, 0x7, 0xff,
    0x50, 0x0, 0x0, 0x0, 0x0, 0x3, 0xff, 0x80,
    0x0, 0x0, 0x0, 0x0, 0x1, 0xef, 0xc0, 0x0,
    0x0, 0x0, 0x0, 0x0, 0xbf, 0xe1, 0x0, 0x0,
    0x0, 0x0, 0x0, 0x8f, 0xf4, 0x0, 0x0, 0x0,
    0x0, 0x0, 0x4f, 0xf7, 0x0, 0x0, 0x0, 0x0,
    0x0, 0x1e, 0xfb, 0x0, 0x0, 0x0, 0x0, 0x0,
    0xc, 0xfd, 0x10, 0x0, 0x0, 0x0, 0x0, 0x8,
    0xff, 0x30, 0x0, 0x0, 0x0, 0x0, 0x4, 0xff,
    0x71, 0x11, 0x11, 0x11, 0x11, 0x10, 0x9f, 0xff,
    0xff, 0xff, 0xff, 0xff, 0xff, 0x9, 0xff, 0xff,
    0xff, 0xff, 0xff, 0xff, 0xf0,

    /* U+1E91 "ẑ" */
    0x0, 0x0, 0x5f, 0xfa, 0x0, 0x0, 0x0, 0x2,
    0xff, 0xbf, 0x70, 0x0, 0x0, 0xd, 0xf6, 0x1e,
    0xf4, 0x0, 0x0, 0x14, 0x30, 0x2, 0x43, 0x0,
    0x0, 0x0, 0x0, 0x0, 0x0, 0x0, 0x1f, 0xff,
    0xff, 0xff, 0xff, 0xf1, 0xb, 0xbb, 0xbb, 0xbb,
    0xef, 0xe0, 0x0, 0x0, 0x0, 0x4, 0xff, 0x30,
    0x0, 0x0, 0x0, 0x2e, 0xf6, 0x0, 0x0, 0x0,
    0x0, 0xdf, 0x90, 0x0, 0x0, 0x0, 0xb, 0xfc,
    0x0, 0x0, 0x0, 0x0, 0x9f, 0xe1, 0x0, 0x0,
    0x0, 0x6, 0xff, 0x30, 0x0, 0x0, 0x0, 0x3f,
    0xf6, 0x0, 0x0, 0x0, 0x2, 0xef, 0x90, 0x0,
    0x0, 0x0, 0xd, 0xfb, 0x0, 0x0, 0x0, 0x0,
    0x7f, 0xfd, 0xdd, 0xdd, 0xdd, 0xd6, 0x8f, 0xff,
    0xff, 0xff, 0xff, 0xf8,

    /* U+1E92 "Ẓ" */
    0x9, 0xff, 0xff, 0xff, 0xff, 0xff, 0xfb, 0x0,
    0x9f, 0xff, 0xff, 0xff, 0xff, 0xff, 0xb0, 0x0,
    0x11, 0x11, 0x11, 0x11, 0x6f, 0xf6, 0x0, 0x0,
    0x0, 0x0, 0x0, 0x3f, 0xfa, 0x0, 0x0, 0x0,
    0x0, 0x0, 0x1e, 0xfd, 0x0, 0x0, 0x0, 0x0,
    0x0, 0xb, 0xff, 0x20, 0x0, 0x0, 0x0, 0x0,
    0x7, 0xff, 0x50, 0x0, 0x0, 0x0, 0x0, 0x3,
    0xff, 0x80, 0x0, 0x0, 0x0, 0x0, 0x1, 0xef,
    0xc0, 0x0, 0x0, 0x0, 0x0, 0x0, 0xbf, 0xe1,
    0x0, 0x0, 0x0, 0x0, 0x0, 0x8f, 0xf4, 0x0,
    0x0, 0x0, 0x0, 0x0, 0x4f, 0xf7, 0x0, 0x0,
    0x0, 0x0, 0x0, 0x1e, 0xfb, 0x0, 0x0, 0x0,
    0x0, 0x0, 0xc, 0xfd, 0x10, 0x0, 0x0, 0x0,
    0x0, 0x8, 0xff, 0x30, 0x0, 0x0, 0x0, 0x0,
    0x4, 0xff, 0x71, 0x11, 0x11, 0x11, 0x11, 0x10,
    0x9f, 0xff, 0xff, 0xff, 0xff, 0xff, 0xff, 0x9,
    0xff, 0xff, 0xff, 0xff, 0xff, 0xff, 0xf0, 0x0,
    0x0, 0x0, 0x0, 0x0, 0x0, 0x0, 0x0, 0x0,
    0x0, 0x0, 0x0, 0x0, 0x0, 0x0, 0x0, 0x0,
    0x0, 0x77, 0x0, 0x0, 0x0, 0x0, 0x0, 0x0,
    0xf, 0xf1, 0x0, 0x0, 0x0, 0x0, 0x0, 0x0,
    0xff, 0x10, 0x0, 0x0, 0x0,

    /* U+1E93 "ẓ" */
    0x1f, 0xff, 0xff, 0xff, 0xff, 0xf1, 0xb, 0xbb,
    0xbb, 0xbb, 0xef, 0xe0, 0x0, 0x0, 0x0, 0x4,
    0xff, 0x30, 0x0, 0x0, 0x0, 0x2e, 0xf6, 0x0,
    0x0, 0x0, 0x0, 0xdf, 0x90, 0x0, 0x0, 0x0,
    0xb, 0xfc, 0x0, 0x0, 0x0, 0x0, 0x9f, 0xe1,
    0x0, 0x0, 0x0, 0x6, 0xff, 0x30, 0x0, 0x0,
    0x0, 0x3f, 0xf6, 0x0, 0x0, 0x0, 0x2, 0xef,
    0x90, 0x0, 0x0, 0x0, 0xd, 0xfb, 0x0, 0x0,
    0x0, 0x0, 0x7f, 0xfd, 0xdd, 0xdd, 0xdd, 0xd6,
    0x8f, 0xff, 0xff, 0xff, 0xff, 0xf8, 0x0, 0x0,
    0x0, 0x0, 0x0, 0x0, 0x0, 0x0, 0x0, 0x0,
    0x0, 0x0, 0x0, 0x0, 0x7, 0x70, 0x0, 0x0,
    0x0, 0x0, 0x2f, 0xf0, 0x0, 0x0, 0x0, 0x0,
    0x2f, 0xf0, 0x0, 0x0,

    /* U+1E94 "Ẕ" */
    0x9, 0xff, 0xff, 0xff, 0xff, 0xff, 0xfb, 0x0,
    0x9f, 0xff, 0xff, 0xff, 0xff, 0xff, 0xb0, 0x0,
    0x11, 0x11, 0x11, 0x11, 0x6f, 0xf6, 0x0, 0x0,
    0x0, 0x0, 0x0, 0x3f, 0xfa, 0x0, 0x0, 0x0,
    0x0, 0x0, 0x1e, 0xfd, 0x0, 0x0, 0x0, 0x0,
    0x0, 0xb, 0xff, 0x20, 0x0, 0x0, 0x0, 0x0,
    0x7, 0xff, 0x50, 0x0, 0x0, 0x0, 0x0, 0x3,
    0xff, 0x80, 0x0, 0x0, 0x0, 0x0, 0x1, 0xef,
    0xc0, 0x0, 0x0, 0x0, 0x0, 0x0, 0xbf, 0xe1,
    0x0, 0x0, 0x0, 0x0, 0x0, 0x8f, 0xf4, 0x0,
    0x0, 0x0, 0x0, 0x0, 0x4f, 0xf7, 0x0, 0x0,
    0x0, 0x0, 0x0, 0x1e, 0xfb, 0x0, 0x0, 0x0,
    0x0, 0x0, 0xc, 0xfd, 0x10, 0x0, 0x0, 0x0,
    0x0, 0x8, 0xff, 0x30, 0x0, 0x0, 0x0, 0x0,
    0x4, 0xff, 0x71, 0x11, 0x11, 0x11, 0x11, 0x10,
    0x9f, 0xff, 0xff, 0xff, 0xff, 0xff, 0xff, 0x9,
    0xff, 0xff, 0xff, 0xff, 0xff, 0xff, 0xf0, 0x0,
    0x0, 0x0, 0x0, 0x0, 0x0, 0x0, 0x0, 0x0,
    0x0, 0x0, 0x0, 0x0, 0x0, 0x0, 0x0, 0x0,
    0x0, 0x0, 0x0, 0x0, 0x0, 0x0, 0x0, 0x5c,
    0xcc, 0xcc, 0xcb, 0x0, 0x0, 0x0, 0x6, 0xff,
    0xff, 0xff, 0xe0, 0x0, 0x0,

    /* U+1E95 "ẕ" */
    0x1f, 0xff, 0xff, 0xff, 0xff, 0xf1, 0xb, 0xbb,
    0xbb, 0xbb, 0xef, 0xe0, 0x0, 0x0, 0x0, 0x4,
    0xff, 0x30, 0x0, 0x0, 0x0, 0x2e, 0xf6, 0x0,
    0x0, 0x0, 0x0, 0xdf, 0x90, 0x0, 0x0, 0x0,
    0xb, 0xfc, 0x0, 0x0, 0x0, 0x0, 0x9f, 0xe1,
    0x0, 0x0, 0x0, 0x6, 0xff, 0x30, 0x0, 0x0,
    0x0, 0x3f, 0xf6, 0x0, 0x0, 0x0, 0x2, 0xef,
    0x90, 0x0, 0x0, 0x0, 0xd, 0xfb, 0x0, 0x0,
    0x0, 0x0, 0x7f, 0xfd, 0xdd, 0xdd, 0xdd, 0xd6,
    0x8f, 0xff, 0xff, 0xff, 0xff, 0xf8, 0x0, 0x0,
    0x0, 0x0, 0x0, 0x0, 0x0, 0x0, 0x0, 0x0,
    0x0, 0x0, 0x0, 0x0, 0x0, 0x0, 0x0, 0x0,
    0x0, 0x7c, 0xcc, 0xcc, 0xc9, 0x0, 0x0, 0x9f,
    0xff, 0xff, 0xfb, 0x0,

    /* U+1E96 "ẖ" */
    0x6f, 0xb0, 0x0, 0x0, 0x0, 0x6, 0xfb, 0x0,
    0x0, 0x0, 0x0, 0x6f, 0xb0, 0x0, 0x0, 0x0,
    0x6, 0xfb, 0x0, 0x0, 0x0, 0x0, 0x6f, 0xb0,
    0x0, 0x0, 0x0, 0x6, 0xfb, 0x19, 0xef, 0xd9,
    0x10, 0x6f, 0xde, 0xff, 0xff, 0xfd, 0x6, 0xff,
    0xe4, 0x0, 0x4f, 0xf6, 0x6f, 0xf3, 0x0, 0x0,
    0x9f, 0xa6, 0xfe, 0x0, 0x0, 0x6, 0xfb, 0x6f,
    0xb0, 0x0, 0x0, 0x5f, 0xc6, 0xfb, 0x0, 0x0,
    0x5, 0xfc, 0x6f, 0xb0, 0x0, 0x0, 0x5f, 0xc6,
    0xfb, 0x0, 0x0, 0x5, 0xfc, 0x6f, 0xb0, 0x0,
    0x0, 0x5f, 0xc6, 0xfb, 0x0, 0x0, 0x5, 0xfc,
    0x6f, 0xb0, 0x0, 0x0, 0x5f, 0xc6, 0xfb, 0x0,
    0x0, 0x5, 0xfc, 0x0, 0x0, 0x0, 0x0, 0x0,
    0x0, 0x0, 0x0, 0x0, 0x0, 0x0, 0x0, 0x0,
    0x0, 0x0, 0x0, 0x0, 0xb, 0xcc, 0xcc, 0xcc,
    0x50, 0x0, 0xef, 0xff, 0xff, 0xf6, 0x0,

    /* U+1E97 "ẗ" */
    0xff, 0x30, 0x9f, 0x8f, 0xf3, 0x9, 0xf8, 0x77,
    0x10, 0x47, 0x30, 0x0, 0x0, 0x0, 0x0, 0x3,
    0x0, 0x0, 0x8, 0xf1, 0x0, 0x0, 0xff, 0x10,
    0x0, 0xf, 0xf1, 0x0, 0x0, 0xff, 0x10, 0x9,
    0xff, 0xff, 0xf2, 0x6a, 0xff, 0xaa, 0x10, 0xf,
    0xf1, 0x0, 0x0, 0xff, 0x10, 0x0, 0xf, 0xf1,
    0x0, 0x0, 0xff, 0x10, 0x0, 0xf, 0xf1, 0x0,
    0x0, 0xff, 0x10, 0x0, 0xf, 0xf1, 0x0, 0x0,
    0xff, 0x10, 0x0, 0xf, 0xf5, 0x0, 0x0, 0xcf,
    0xff, 0x40, 0x2, 0xcf, 0xf5,

    /* U+1E98 "ẘ" */
    0x0, 0x0, 0x0, 0x5, 0xdc, 0x20, 0x0, 0x0,
    0x0, 0x0, 0x0, 0x0, 0x1d, 0x14, 0xb0, 0x0,
    0x0, 0x0, 0x0, 0x0, 0x0, 0x39, 0x0, 0xd0,
    0x0, 0x0, 0x0, 0x0, 0x0, 0x0, 0x1d, 0x14,
    0xb0, 0x0, 0x0, 0x0, 0x0, 0x0, 0x0, 0x5,
    0xdc, 0x20, 0x0, 0x0, 0x0, 0x0, 0x0, 0x0,
    0x0, 0x0, 0x0, 0x0, 0x0, 0x0, 0xbf, 0x70,
    0x0, 0x7, 0xff, 0x0, 0x0, 0xf, 0xf1, 0x6f,
    0xb0, 0x0, 0xb, 0xff, 0x30, 0x0, 0x4f, 0xc0,
    0x2f, 0xf0, 0x0, 0xf, 0xff, 0x70, 0x0, 0x9f,
    0x70, 0xd, 0xf3, 0x0, 0x4f, 0xdf, 0xa0, 0x0,
    0xdf, 0x20, 0x8, 0xf7, 0x0, 0x8f, 0x5f, 0xe0,
    0x2, 0xfd, 0x0, 0x4, 0xfc, 0x0, 0xcf, 0xd,
    0xf2, 0x6, 0xf8, 0x0, 0x0, 0xff, 0x0, 0xfc,
    0x9, 0xf6, 0xb, 0xf3, 0x0, 0x0, 0xaf, 0x44,
    0xf8, 0x5, 0xfa, 0xf, 0xe0, 0x0, 0x0, 0x6f,
    0x88, 0xf4, 0x1, 0xfe, 0x4f, 0xa0, 0x0, 0x0,
    0x1f, 0xcc, 0xf0, 0x0, 0xcf, 0xbf, 0x50, 0x0,
    0x0, 0xc, 0xff, 0xc0, 0x0, 0x8f, 0xff, 0x10,
    0x0, 0x0, 0x8, 0xff, 0x80, 0x0, 0x4f, 0xfb,
    0x0, 0x0, 0x0, 0x3, 0xff, 0x40, 0x0, 0xf,
    0xf7, 0x0, 0x0,

    /* U+1E99 "ẙ" */
    0x0, 0x0, 0x2c, 0xd5, 0x0, 0x0, 0x0, 0x0,
    0xb4, 0x1d, 0x10, 0x0, 0x0, 0x0, 0xd0, 0x9,
    0x30, 0x0, 0x0, 0x0, 0xb4, 0x1d, 0x10, 0x0,
    0x0, 0x0, 0x2c, 0xd5, 0x0, 0x0, 0x0, 0x0,
    0x0, 0x0, 0x0, 0x0, 0x6f, 0xd0, 0x0, 0x0,
    0x8, 0xfa, 0x1f, 0xf2, 0x0, 0x0, 0xd, 0xf4,
    0xb, 0xf8, 0x0, 0x0, 0x3f, 0xe0, 0x5, 0xfe,
    0x0, 0x0, 0x9f, 0x80, 0x0, 0xef, 0x30, 0x0,
    0xef, 0x20, 0x0, 0x9f, 0x90, 0x4, 0xfc, 0x0,
    0x0, 0x3f, 0xe0, 0xa, 0xf7, 0x0, 0x0, 0xd,
    0xf4, 0xf, 0xf1, 0x0, 0x0, 0x7, 0xf9, 0x4f,
    0xb0, 0x0, 0x0, 0x2, 0xfe, 0x9f, 0x50, 0x0,
    0x0, 0x0, 0xcf, 0xff, 0x0, 0x0, 0x0, 0x0,
    0x6f, 0xf9, 0x0, 0x0, 0x0, 0x0, 0xf, 0xf4,
    0x0, 0x0, 0x0, 0x0, 0x2f, 0xe0, 0x0, 0x0,
    0x0, 0x0, 0x8f, 0x80, 0x0, 0x0, 0x2, 0x25,
    0xff, 0x10, 0x0, 0x0, 0xa, 0xff, 0xf7, 0x0,
    0x0, 0x0, 0x7, 0xee, 0x80, 0x0, 0x0, 0x0,

    /* U+1E9A "ẚ" */
    0x0, 0x0, 0x0, 0x0, 0x0, 0xcc, 0x40, 0x0,
    0x0, 0x0, 0x0, 0x0, 0x27, 0xf1, 0x0, 0x0,
    0x0, 0x0, 0x0, 0x0, 0xc5, 0x0, 0x0, 0x0,
    0x0, 0x0, 0x3, 0xf2, 0x0, 0x0, 0x0, 0x0,
    0x0, 0xde, 0x60, 0x0, 0x0, 0x0, 0x0, 0x0,
    0x10, 0x0, 0x0, 0x4, 0xae, 0xff, 0xd9, 0x10,
    0x0, 0x0, 0x8f, 0xfe, 0xcd, 0xff, 0xe1, 0x0,
    0x4, 0xff, 0x40, 0x0, 0x2e, 0xf7, 0x0, 0x8,
    0xf9, 0x0, 0x0, 0x8, 0xfa, 0x0, 0x0, 0x0,
    0x0, 0x0, 0x7, 0xfb, 0x0, 0x0, 0x0, 0x36,
    0x8b, 0xdf, 0xfb, 0x0, 0x0, 0x7e, 0xff, 0xff,
    0xcb, 0xfb, 0x0, 0x7, 0xff, 0xa6, 0x30, 0x6,
    0xfb, 0x0, 0xe, 0xf7, 0x0, 0x0, 0x8, 0xfb,
    0x0, 0xf, 0xf3, 0x0, 0x0, 0xe, 0xfb, 0x0,
    0xe, 0xfa, 0x0, 0x2, 0xbf, 0xfb, 0x0, 0x6,
    0xff, 0xeb, 0xdf, 0xf8, 0xfd, 0x0, 0x0, 0x4b,
    0xef, 0xd8, 0x10, 0xff, 0x20,

    /* U+1E9B "ẛ" */
    0x0, 0x4, 0x74, 0x0, 0x0, 0x9, 0xf9, 0x0,
    0x0, 0x9, 0xf9, 0x0, 0x0, 0x0, 0x0, 0x0,
    0x0, 0x8, 0xef, 0xe5, 0x0, 0x8f, 0xff, 0xf4,
    0x0, 0xdf, 0x90, 0x0, 0x0, 0xef, 0x30, 0x0,
    0x0, 0xff, 0x20, 0x0, 0xdf, 0xff, 0x20, 0x0,
    0x8a, 0xff, 0x20, 0x0, 0x0, 0xff, 0x20, 0x0,
    0x0, 0xff, 0x20, 0x0, 0x0, 0xff, 0x20, 0x0,
    0x0, 0xff, 0x20, 0x0, 0x0, 0xff, 0x20, 0x0,
    0x0, 0xff, 0x20, 0x0, 0x0, 0xff, 0x20, 0x0,
    0x0, 0xff, 0x20, 0x0, 0x0, 0xff, 0x20, 0x0,
    0x0, 0xff, 0x20, 0x0, 0x0, 0xff, 0x20, 0x0,

    /* U+1E9E "ẞ" */
    0x0, 0x4, 0xbe, 0xff, 0xff, 0xff, 0xff, 0x20,
    0x0, 0x9f, 0xff, 0xff, 0xff, 0xff, 0xff, 0x20,
    0x5, 0xff, 0xfe, 0xbb, 0xbb, 0xff, 0xff, 0x20,
    0xc, 0xff, 0xb0, 0x0, 0x6, 0xff, 0xf6, 0x0,
    0xf, 0xff, 0x30, 0x0, 0x8f, 0xff, 0x40, 0x0,
    0x1f, 0xff, 0x10, 0x9, 0xff, 0xe3, 0x0, 0x0,
    0x1f, 0xff, 0x0, 0xaf, 0xff, 0x30, 0x0, 0x0,
    0x1f, 0xff, 0x0, 0xff, 0xff, 0xfd, 0x70, 0x0,
    0x1f, 0xff, 0x0, 0xff, 0xff, 0xff, 0xfc, 0x0,
    0x1f, 0xff, 0x0, 0x0, 0x2, 0x7f, 0xff, 0x90,
    0x1f, 0xff, 0x0, 0x0, 0x0, 0x6, 0xff, 0xe0,
    0x1f, 0xff, 0x0, 0x0, 0x0, 0x2, 0xff, 0xf0,
    0x1f, 0xff, 0x0, 0x0, 0x0, 0x4, 0xff, 0xf0,
    0x1f, 0xff, 0x0, 0x0, 0x0, 0x2d, 0xff, 0xc0,
    0x1f, 0xff, 0x3, 0xbb, 0xbc, 0xff, 0xff, 0x40,
    0x1f, 0xff, 0x5, 0xff, 0xff, 0xff, 0xf6, 0x0,
    0x1f, 0xff, 0x5, 0xff, 0xfe, 0xd8, 0x20, 0x0,

    /* U+1EA0 "Ạ" */
    0x0, 0x0, 0x0, 0x9f, 0xff, 0x90, 0x0, 0x0,
    0x0, 0x0, 0x0, 0xe, 0xff, 0xfe, 0x0, 0x0,
    0x0, 0x0, 0x0, 0x4, 0xff, 0xff, 0xf5, 0x0,
    0x0, 0x0, 0x0, 0x0, 0xaf, 0xfd, 0xff, 0xa0,
    0x0, 0x0, 0x0, 0x0, 0x1f, 0xff, 0x4f, 0xff,
    0x10, 0x0, 0x0, 0x0, 0x6, 0xff, 0xd0, 0xcf,
    0xf6, 0x0, 0x0, 0x0, 0x0, 0xcf, 0xf7, 0x7,
    0xff, 0xc0, 0x0, 0x0, 0x0, 0x1f, 0xff, 0x20,
    0x2f, 0xff, 0x20, 0x0, 0x0, 0x7, 0xff, 0xd0,
    0x0, 0xdf, 0xf7, 0x0, 0x0, 0x0, 0xdf, 0xf8,
    0x0, 0x8, 0xff, 0xd0, 0x0, 0x0, 0x3f, 0xff,
    0x30, 0x0, 0x3f, 0xff, 0x30, 0x0, 0x9, 0xff,
    0xff, 0xff, 0xff, 0xff, 0xf9, 0x0, 0x0, 0xef,
    0xff, 0xff, 0xff, 0xff, 0xff, 0xe0, 0x0, 0x4f,
    0xff, 0xaa, 0xaa, 0xaa, 0xaf, 0xff, 0x40, 0xa,
    0xff, 0xc0, 0x0, 0x0, 0x0, 0xcf, 0xfa, 0x0,
    0xff, 0xf5, 0x0, 0x0, 0x0, 0x5, 0xff, 0xf0,
    0x5f, 0xfe, 0x0, 0x0, 0x0, 0x0, 0xe, 0xff,
    0x60, 0x0, 0x0, 0x0, 0x0, 0x0, 0x0, 0x0,
    0x0, 0x0, 0x0, 0x0, 0x6, 0x76, 0x0, 0x0,
    0x0, 0x0, 0x0, 0x0, 0x0, 0xef, 0xe0, 0x0,
    0x0, 0x0, 0x0, 0x0, 0x0, 0xe, 0xfe, 0x0,
    0x0, 0x0, 0x0,

    /* U+1EA1 "ạ" */
    0x0, 0x3, 0xad, 0xff, 0xd8, 0x10, 0x0, 0x0,
    0x6f, 0xff, 0xff, 0xff, 0xe3, 0x0, 0x3, 0xff,
    0xfa, 0x67, 0xdf, 0xfd, 0x0, 0xa, 0xff, 0x90,
    0x0, 0x1e, 0xff, 0x30, 0x2, 0x33, 0x10, 0x0,
    0xb, 0xff, 0x60, 0x0, 0x0, 0x14, 0x7a, 0xdf,
    0xff, 0x60, 0x0, 0x4c, 0xff, 0xff, 0xff, 0xff,
    0x70, 0x5, 0xff, 0xfc, 0x85, 0x2a, 0xff, 0x70,
    0xe, 0xff, 0x60, 0x0, 0xc, 0xff, 0x70, 0xf,
    0xff, 0x20, 0x0, 0x3f, 0xff, 0x70, 0xe, 0xff,
    0xb4, 0x47, 0xff, 0xff, 0xd4, 0x6, 0xff, 0xff,
    0xff, 0xf5, 0xff, 0xf9, 0x0, 0x4b, 0xef, 0xea,
    0x20, 0x5d, 0xf7, 0x0, 0x0, 0x0, 0x0, 0x0,
    0x0, 0x0, 0x0, 0x0, 0x4, 0x77, 0x10, 0x0,
    0x0, 0x0, 0x0, 0x9, 0xff, 0x30, 0x0, 0x0,
    0x0, 0x0, 0x9, 0xff, 0x30, 0x0, 0x0,

    /* U+1EA2 "Ả" */
    0x0, 0x0, 0x0, 0x6f, 0xfc, 0x10, 0x0, 0x0,
    0x0, 0x0, 0x0, 0x6, 0xae, 0xf7, 0x0, 0x0,
    0x0, 0x0, 0x0, 0x0, 0x0, 0x8f, 0x60, 0x0,
    0x0, 0x0, 0x0, 0x0, 0x0, 0x2c, 0xa0, 0x0,
    0x0, 0x0, 0x0, 0x0, 0x0, 0x0, 0x0, 0x0,
    0x0, 0x0, 0x0, 0x0, 0x0, 0x9, 0xff, 0xf9,
    0x0, 0x0, 0x0, 0x0, 0x0, 0x0, 0xef, 0xff,
    0xe0, 0x0, 0x0, 0x0, 0x0, 0x0, 0x4f, 0xff,
    0xff, 0x50, 0x0, 0x0, 0x0, 0x0, 0xa, 0xff,
    0xcf, 0xfa, 0x0, 0x0, 0x0, 0x0, 0x1, 0xff,
    0xf2, 0xff, 0xf1, 0x0, 0x0, 0x0, 0x0, 0x6f,
    0xfb, 0xb, 0xff, 0x60, 0x0, 0x0, 0x0, 0xc,
    0xff, 0x50, 0x5f, 0xfc, 0x0, 0x0, 0x0, 0x1,
    0xff, 0xf0, 0x0, 0xff, 0xf2, 0x0, 0x0, 0x0,
    0x7f, 0xfa, 0x0, 0xa, 0xff, 0x70, 0x0, 0x0,
    0xd, 0xff, 0x50, 0x0, 0x5f, 0xfd, 0x0, 0x0,
    0x3, 0xff, 0xfa, 0xaa, 0xaa, 0xff, 0xf3, 0x0,
    0x0, 0x9f, 0xff, 0xff, 0xff, 0xff, 0xff, 0x90,
    0x0, 0xe, 0xff, 0xff, 0xff, 0xff, 0xff, 0xfe,
    0x0, 0x4, 0xff, 0xe0, 0x0, 0x0, 0x0, 0xef,
    0xf4, 0x0, 0xaf, 0xf9, 0x0, 0x0, 0x0, 0x9,
    0xff, 0xa0, 0xf, 0xff, 0x30, 0x0, 0x0, 0x0,
    0x3f, 0xff, 0x5, 0xff, 0xe0, 0x0, 0x0, 0x0,
    0x0, 0xef, 0xf6,

    /* U+1EA3 "ả" */
    0x0, 0x0, 0x8, 0x98, 0x10, 0x0, 0x0, 0x0,
    0x0, 0xf, 0xff, 0xc0, 0x0, 0x0, 0x0, 0x0,
    0x1, 0x2f, 0xf0, 0x0, 0x0, 0x0, 0x0, 0x0,
    0x2f, 0xc0, 0x0, 0x0, 0x0, 0x0, 0x0, 0x9d,
    0x30, 0x0, 0x0, 0x0, 0x0, 0x0, 0x0, 0x0,
    0x0, 0x0, 0x0, 0x3, 0xad, 0xff, 0xd8, 0x10,
    0x0, 0x0, 0x6f, 0xff, 0xff, 0xff, 0xe3, 0x0,
    0x3, 0xff, 0xfa, 0x67, 0xdf, 0xfd, 0x0, 0xa,
    0xff, 0x90, 0x0, 0x1e, 0xff, 0x30, 0x2, 0x33,
    0x10, 0x0, 0xb, 0xff, 0x60, 0x0, 0x0, 0x14,
    0x7a, 0xdf, 0xff, 0x60, 0x0, 0x4c, 0xff, 0xff,
    0xff, 0xff, 0x70, 0x5, 0xff, 0xfc, 0x85, 0x2a,
    0xff, 0x70, 0xe, 0xff, 0x60, 0x0, 0xc, 0xff,
    0x70, 0xf, 0xff, 0x20, 0x0, 0x3f, 0xff, 0x70,
    0xe, 0xff, 0xb4, 0x47, 0xff, 0xff, 0xd4, 0x6,
    0xff, 0xff, 0xff, 0xf5, 0xff, 0xf9, 0x0, 0x4b,
    0xef, 0xea, 0x20, 0x5d, 0xf7,

    /* U+1EA4 "Ấ" */
    0x0, 0x0, 0x0, 0x0, 0x0, 0x0, 0xff, 0xc0,
    0x0, 0x0, 0x0, 0x0, 0x0, 0x0, 0x5f, 0xf3,
    0x0, 0x0, 0x0, 0x0, 0x5, 0x66, 0xb, 0xfa,
    0x0, 0x0, 0x0, 0x0, 0x9, 0xff, 0xfa, 0x55,
    0x10, 0x0, 0x0, 0x0, 0x5, 0xfe, 0x4e, 0xf5,
    0x0, 0x0, 0x0, 0x0, 0x0, 0xbc, 0x40, 0x4c,
    0xb0, 0x0, 0x0, 0x0, 0x0, 0x0, 0x0, 0x0,
    0x0, 0x0, 0x0, 0x0, 0x0, 0x0, 0x9, 0xff,
    0xf9, 0x0, 0x0, 0x0, 0x0, 0x0, 0x0, 0xef,
    0xff, 0xe0, 0x0, 0x0, 0x0, 0x0, 0x0, 0x4f,
    0xff, 0xff, 0x50, 0x0, 0x0, 0x0, 0x0, 0xa,
    0xff, 0xcf, 0xfa, 0x0, 0x0, 0x0, 0x0, 0x1,
    0xff, 0xf2, 0xff, 0xf1, 0x0, 0x0, 0x0, 0x0,
    0x6f, 0xfb, 0xb, 0xff, 0x60, 0x0, 0x0, 0x0,
    0xc, 0xff, 0x50, 0x5f, 0xfc, 0x0, 0x0, 0x0,
    0x1, 0xff, 0xf0, 0x0, 0xff, 0xf2, 0x0, 0x0,
    0x0, 0x7f, 0xfa, 0x0, 0xa, 0xff, 0x70, 0x0,
    0x0, 0xd, 0xff, 0x50, 0x0, 0x5f, 0xfd, 0x0,
    0x0, 0x3, 0xff, 0xfa, 0xaa, 0xaa, 0xff, 0xf3,
    0x0, 0x0, 0x9f, 0xff, 0xff, 0xff, 0xff, 0xff,
    0x90, 0x0, 0xe, 0xff, 0xff, 0xff, 0xff, 0xff,
    0xfe, 0x0, 0x4, 0xff, 0xe0, 0x0, 0x0, 0x0,
    0xef, 0xf4, 0x0, 0xaf, 0xf9, 0x0, 0x0, 0x0,
    0x9, 0xff, 0xa0, 0xf, 0xff, 0x30, 0x0, 0x0,
    0x0, 0x3f, 0xff, 0x5, 0xff, 0xe0, 0x0, 0x0,
    0x0, 0x0, 0xef, 0xf6,

    /* U+1EA5 "ấ" */
    0x0, 0x0, 0x0, 0x0, 0x0, 0x8f, 0xf3, 0x0,
    0x0, 0x0, 0x0, 0x0, 0xef, 0xa0, 0x0, 0x0,
    0x0, 0x0, 0x4, 0xff, 0x20, 0x0, 0x0, 0xd,
    0xff, 0xc3, 0x54, 0x0, 0x0, 0x0, 0xaf, 0x9b,
    0xf9, 0x0, 0x0, 0x0, 0x6, 0xfd, 0x1, 0xdf,
    0x50, 0x0, 0x0, 0x0, 0x0, 0x0, 0x0, 0x0,
    0x0, 0x0, 0x3, 0xad, 0xff, 0xd8, 0x10, 0x0,
    0x0, 0x6f, 0xff, 0xff, 0xff, 0xe3, 0x0, 0x3,
    0xff, 0xfa, 0x67, 0xdf, 0xfd, 0x0, 0xa, 0xff,
    0x90, 0x0, 0x1e, 0xff, 0x30, 0x2, 0x33, 0x10,
    0x0, 0xb, 0xff, 0x60, 0x0, 0x0, 0x14, 0x7a,
    0xdf, 0xff, 0x60, 0x0, 0x4c, 0xff, 0xff, 0xff,
    0xff, 0x70, 0x5, 0xff, 0xfc, 0x85, 0x2a, 0xff,
    0x70, 0xe, 0xff, 0x60, 0x0, 0xc, 0xff, 0x70,
    0xf, 0xff, 0x20, 0x0, 0x3f, 0xff, 0x70, 0xe,
    0xff, 0xb4, 0x47, 0xff, 0xff, 0xd4, 0x6, 0xff,
    0xff, 0xff, 0xf5, 0xff, 0xf9, 0x0, 0x4b, 0xef,
    0xea, 0x20, 0x5d, 0xf7,

    /* U+1EA6 "Ầ" */
    0x0, 0x0, 0x0, 0x0, 0x0, 0x8f, 0xf4, 0x0,
    0x0, 0x0, 0x0, 0x0, 0x0, 0x0, 0xef, 0xa0,
    0x0, 0x0, 0x0, 0x0, 0x5, 0x66, 0x5, 0xff,
    0x10, 0x0, 0x0, 0x0, 0x9, 0xff, 0xfa, 0x5,
    0x51, 0x0, 0x0, 0x0, 0x5, 0xfe, 0x4e, 0xf5,
    0x0, 0x0, 0x0, 0x0, 0x0, 0xbc, 0x40, 0x4c,
    0xb0, 0x0, 0x0, 0x0, 0x0, 0x0, 0x0, 0x0,
    0x0, 0x0, 0x0, 0x0, 0x0, 0x0, 0x9, 0xff,
    0xf9, 0x0, 0x0, 0x0, 0x0, 0x0, 0x0, 0xef,
    0xff, 0xe0, 0x0, 0x0, 0x0, 0x0, 0x0, 0x4f,
    0xff, 0xff, 0x50, 0x0, 0x0, 0x0, 0x0, 0xa,
    0xff, 0xcf, 0xfa, 0x0, 0x0, 0x0, 0x0, 0x1,
    0xff, 0xf2, 0xff, 0xf1, 0x0, 0x0, 0x0, 0x0,
    0x6f, 0xfb, 0xb, 0xff, 0x60, 0x0, 0x0, 0x0,
    0xc, 0xff, 0x50, 0x5f, 0xfc, 0x0, 0x0, 0x0,
    0x1, 0xff, 0xf0, 0x0, 0xff, 0xf2, 0x0, 0x0,
    0x0, 0x7f, 0xfa, 0x0, 0xa, 0xff, 0x70, 0x0,
    0x0, 0xd, 0xff, 0x50, 0x0, 0x5f, 0xfd, 0x0,
    0x0, 0x3, 0xff, 0xfa, 0xaa, 0xaa, 0xff, 0xf3,
    0x0, 0x0, 0x9f, 0xff, 0xff, 0xff, 0xff, 0xff,
    0x90, 0x0, 0xe, 0xff, 0xff, 0xff, 0xff, 0xff,
    0xfe, 0x0, 0x4, 0xff, 0xe0, 0x0, 0x0, 0x0,
    0xef, 0xf4, 0x0, 0xaf, 0xf9, 0x0, 0x0, 0x0,
    0x9, 0xff, 0xa0, 0xf, 0xff, 0x30, 0x0, 0x0,
    0x0, 0x3f, 0xff, 0x5, 0xff, 0xe0, 0x0, 0x0,
    0x0, 0x0, 0xef, 0xf6,

    /* U+1EA7 "ầ" */
    0x0, 0x0, 0x0, 0x0, 0x1f, 0xfb, 0x0, 0x0,
    0x0, 0x0, 0x0, 0x7, 0xff, 0x10, 0x0, 0x0,
    0x0, 0x0, 0x0, 0xef, 0x70, 0x0, 0x0, 0xd,
    0xff, 0xc0, 0x35, 0x40, 0x0, 0x0, 0xaf, 0x9b,
    0xf9, 0x0, 0x0, 0x0, 0x6, 0xfd, 0x1, 0xdf,
    0x50, 0x0, 0x0, 0x0, 0x0, 0x0, 0x0, 0x0,
    0x0, 0x0, 0x3, 0xad, 0xff, 0xd8, 0x10, 0x0,
    0x0, 0x6f, 0xff, 0xff, 0xff, 0xe3, 0x0, 0x3,
    0xff, 0xfa, 0x67, 0xdf, 0xfd, 0x0, 0xa, 0xff,
    0x90, 0x0, 0x1e, 0xff, 0x30, 0x2, 0x33, 0x10,
    0x0, 0xb, 0xff, 0x60, 0x0, 0x0, 0x14, 0x7a,
    0xdf, 0xff, 0x60, 0x0, 0x4c, 0xff, 0xff, 0xff,
    0xff, 0x70, 0x5, 0xff, 0xfc, 0x85, 0x2a, 0xff,
    0x70, 0xe, 0xff, 0x60, 0x0, 0xc, 0xff, 0x70,
    0xf, 0xff, 0x20, 0x0, 0x3f, 0xff, 0x70, 0xe,
    0xff, 0xb4, 0x47, 0xff, 0xff, 0xd4, 0x6, 0xff,
    0xff, 0xff, 0xf5, 0xff, 0xf9, 0x0, 0x4b, 0xef,
    0xea, 0x20, 0x5d, 0xf7,

    /* U+1EA8 "Ẩ" */
    0x0, 0x0, 0x0, 0x0, 0x0, 0x78, 0x50, 0x0,
    0x0, 0x0, 0x0, 0x0, 0x0, 0xf, 0xff, 0x80,
    0x0, 0x0, 0x0, 0x0, 0x0, 0x0, 0x5, 0xfa,
    0x0, 0x0, 0x0, 0x0, 0x1, 0x78, 0x81, 0x8f,
    0x40, 0x0, 0x0, 0x0, 0x0, 0xaf, 0xff, 0xb5,
    0x40, 0x0, 0x0, 0x0, 0x0, 0x6f, 0xe3, 0xef,
    0x60, 0x0, 0x0, 0x0, 0x0, 0xb, 0xc3, 0x3,
    0xcb, 0x0, 0x0, 0x0, 0x0, 0x0, 0x0, 0x0,
    0x0, 0x0, 0x0, 0x0, 0x0, 0x0, 0x0, 0x9f,
    0xff, 0x90, 0x0, 0x0, 0x0, 0x0, 0x0, 0xe,
    0xff, 0xfe, 0x0, 0x0, 0x0, 0x0, 0x0, 0x4,
    0xff, 0xff, 0xf5, 0x0, 0x0, 0x0, 0x0, 0x0,
    0xaf, 0xfc, 0xff, 0xa0, 0x0, 0x0, 0x0, 0x0,
    0x1f, 0xff, 0x2f, 0xff, 0x10, 0x0, 0x0, 0x0,
    0x6, 0xff, 0xb0, 0xbf, 0xf6, 0x0, 0x0, 0x0,
    0x0, 0xcf, 0xf5, 0x5, 0xff, 0xc0, 0x0, 0x0,
    0x0, 0x1f, 0xff, 0x0, 0xf, 0xff, 0x20, 0x0,
    0x0, 0x7, 0xff, 0xa0, 0x0, 0xaf, 0xf7, 0x0,
    0x0, 0x0, 0xdf, 0xf5, 0x0, 0x5, 0xff, 0xd0,
    0x0, 0x0, 0x3f, 0xff, 0xaa, 0xaa, 0xaf, 0xff,
    0x30, 0x0, 0x9, 0xff, 0xff, 0xff, 0xff, 0xff,
    0xf9, 0x0, 0x0, 0xef, 0xff, 0xff, 0xff, 0xff,
    0xff, 0xe0, 0x0, 0x4f, 0xfe, 0x0, 0x0, 0x0,
    0xe, 0xff, 0x40, 0xa, 0xff, 0x90, 0x0, 0x0,
    0x0, 0x9f, 0xfa, 0x0, 0xff, 0xf3, 0x0, 0x0,
    0x0, 0x3, 0xff, 0xf0, 0x5f, 0xfe, 0x0, 0x0,
    0x0, 0x0, 0xe, 0xff, 0x60,

    /* U+1EA9 "ẩ" */
    0x0, 0x0, 0x0, 0x0, 0x48, 0x72, 0x0, 0x0,
    0x0, 0x0, 0x0, 0x9f, 0xfe, 0x0, 0x0, 0x0,
    0x0, 0x0, 0x10, 0xdf, 0x10, 0x0, 0x0, 0x0,
    0x0, 0x0, 0xee, 0x0, 0x0, 0x0, 0xd, 0xff,
    0xc5, 0xd5, 0x0, 0x0, 0x0, 0x9f, 0xde, 0xf8,
    0x0, 0x0, 0x0, 0x5, 0xfe, 0x12, 0xef, 0x40,
    0x0, 0x0, 0x1, 0x21, 0x0, 0x12, 0x10, 0x0,
    0x0, 0x3, 0xad, 0xff, 0xd8, 0x10, 0x0, 0x0,
    0x6f, 0xff, 0xff, 0xff, 0xe3, 0x0, 0x3, 0xff,
    0xfa, 0x67, 0xdf, 0xfd, 0x0, 0xa, 0xff, 0x90,
    0x0, 0x1e, 0xff, 0x30, 0x2, 0x33, 0x10, 0x0,
    0xb, 0xff, 0x60, 0x0, 0x0, 0x14, 0x7a, 0xdf,
    0xff, 0x60, 0x0, 0x4c, 0xff, 0xff, 0xff, 0xff,
    0x70, 0x5, 0xff, 0xfc, 0x85, 0x2a, 0xff, 0x70,
    0xe, 0xff, 0x60, 0x0, 0xc, 0xff, 0x70, 0xf,
    0xff, 0x20, 0x0, 0x3f, 0xff, 0x70, 0xe, 0xff,
    0xb4, 0x47, 0xff, 0xff, 0xd4, 0x6, 0xff, 0xff,
    0xff, 0xf5, 0xff, 0xf9, 0x0, 0x4b, 0xef, 0xea,
    0x20, 0x5d, 0xf7,

    /* U+1EAA "Ẫ" */
    0x0, 0x0, 0x4, 0xde, 0x80, 0x6f, 0x30, 0x0,
    0x0, 0x0, 0x0, 0xef, 0xdf, 0xdf, 0xe0, 0x0,
    0x0, 0x0, 0x0, 0x2f, 0x70, 0x7e, 0xd4, 0x0,
    0x0, 0x0, 0x0, 0x0, 0x0, 0x33, 0x30, 0x0,
    0x0, 0x0, 0x0, 0x0, 0x0, 0x7f, 0xff, 0x80,
    0x0, 0x0, 0x0, 0x0, 0x0, 0x4f, 0xf6, 0xff,
    0x40, 0x0, 0x0, 0x0, 0x0, 0xc, 0xd4, 0x4,
    0xdc, 0x10, 0x0, 0x0, 0x0, 0x0, 0x0, 0x0,
    0x0, 0x0, 0x0, 0x0, 0x0, 0x0, 0x0, 0x9f,
    0xff, 0x90, 0x0, 0x0, 0x0, 0x0, 0x0, 0xe,
    0xff, 0xfe, 0x0, 0x0, 0x0, 0x0, 0x0, 0x4,
    0xff, 0xff, 0xf5, 0x0, 0x0, 0x0, 0x0, 0x0,
    0xaf, 0xfc, 0xff, 0xa0, 0x0, 0x0, 0x0, 0x0,
    0x1f, 0xff, 0x2f, 0xff, 0x10, 0x0, 0x0, 0x0,
    0x6, 0xff, 0xb0, 0xbf, 0xf6, 0x0, 0x0, 0x0,
    0x0, 0xcf, 0xf5, 0x5, 0xff, 0xc0, 0x0, 0x0,
    0x0, 0x1f, 0xff, 0x0, 0xf, 0xff, 0x20, 0x0,
    0x0, 0x7, 0xff, 0xa0, 0x0, 0xaf, 0xf7, 0x0,
    0x0, 0x0, 0xdf, 0xf5, 0x0, 0x5, 0xff, 0xd0,
    0x0, 0x0, 0x3f, 0xff, 0xaa, 0xaa, 0xaf, 0xff,
    0x30, 0x0, 0x9, 0xff, 0xff, 0xff, 0xff, 0xff,
    0xf9, 0x0, 0x0, 0xef, 0xff, 0xff, 0xff, 0xff,
    0xff, 0xe0, 0x0, 0x4f, 0xfe, 0x0, 0x0, 0x0,
    0xe, 0xff, 0x40, 0xa, 0xff, 0x90, 0x0, 0x0,
    0x0, 0x9f, 0xfa, 0x0, 0xff, 0xf3, 0x0, 0x0,
    0x0, 0x3, 0xff, 0xf0, 0x5f, 0xfe, 0x0, 0x0,
    0x0, 0x0, 0xe, 0xff, 0x60,

    /* U+1EAB "ẫ" */
    0x0, 0x0, 0xaf, 0xd5, 0x1e, 0xa0, 0x0, 0x0,
    0x8, 0xfd, 0xff, 0xff, 0x60, 0x0, 0x0, 0x8,
    0xa0, 0x19, 0xb6, 0x0, 0x0, 0x0, 0x0, 0x0,
    0x0, 0x0, 0x0, 0x0, 0x0, 0x0, 0xd, 0xff,
    0xc0, 0x0, 0x0, 0x0, 0x0, 0x9f, 0xdd, 0xf9,
    0x0, 0x0, 0x0, 0x5, 0xfe, 0x11, 0xef, 0x40,
    0x0, 0x0, 0x1, 0x21, 0x0, 0x12, 0x10, 0x0,
    0x0, 0x3, 0xad, 0xff, 0xd8, 0x10, 0x0, 0x0,
    0x6f, 0xff, 0xff, 0xff, 0xe3, 0x0, 0x3, 0xff,
    0xfa, 0x67, 0xdf, 0xfd, 0x0, 0xa, 0xff, 0x90,
    0x0, 0x1e, 0xff, 0x30, 0x2, 0x33, 0x10, 0x0,
    0xb, 0xff, 0x60, 0x0, 0x0, 0x14, 0x7a, 0xdf,
    0xff, 0x60, 0x0, 0x4c, 0xff, 0xff, 0xff, 0xff,
    0x70, 0x5, 0xff, 0xfc, 0x85, 0x2a, 0xff, 0x70,
    0xe, 0xff, 0x60, 0x0, 0xc, 0xff, 0x70, 0xf,
    0xff, 0x20, 0x0, 0x3f, 0xff, 0x70, 0xe, 0xff,
    0xb4, 0x47, 0xff, 0xff, 0xd4, 0x6, 0xff, 0xff,
    0xff, 0xf5, 0xff, 0xf9, 0x0, 0x4b, 0xef, 0xea,
    0x20, 0x5d, 0xf7,

    /* U+1EAC "Ậ" */
    0x0, 0x0, 0x0, 0x18, 0x88, 0x10, 0x0, 0x0,
    0x0, 0x0, 0x0, 0xa, 0xff, 0xfb, 0x0, 0x0,
    0x0, 0x0, 0x0, 0x4, 0xff, 0x3e, 0xf5, 0x0,
    0x0, 0x0, 0x0, 0x0, 0xef, 0x50, 0x4f, 0xe1,
    0x0, 0x0, 0x0, 0x0, 0x0, 0x0, 0x0, 0x0,
    0x0, 0x0, 0x0, 0x0, 0x0, 0x9, 0xff, 0xf9,
    0x0, 0x0, 0x0, 0x0, 0x0, 0x0, 0xef, 0xff,
    0xe0, 0x0, 0x0, 0x0, 0x0, 0x0, 0x4f, 0xff,
    0xff, 0x50, 0x0, 0x0, 0x0, 0x0, 0xa, 0xff,
    0xdf, 0xfa, 0x0, 0x0, 0x0, 0x0, 0x1, 0xff,
    0xf4, 0xff, 0xf1, 0x0, 0x0, 0x0, 0x0, 0x6f,
    0xfd, 0xc, 0xff, 0x60, 0x0, 0x0, 0x0, 0xc,
    0xff, 0x70, 0x7f, 0xfc, 0x0, 0x0, 0x0, 0x1,
    0xff, 0xf2, 0x2, 0xff, 0xf2, 0x0, 0x0, 0x0,
    0x7f, 0xfd, 0x0, 0xd, 0xff, 0x70, 0x0, 0x0,
    0xd, 0xff, 0x80, 0x0, 0x8f, 0xfd, 0x0, 0x0,
    0x3, 0xff, 0xf3, 0x0, 0x3, 0xff, 0xf3, 0x0,
    0x0, 0x9f, 0xff, 0xff, 0xff, 0xff, 0xff, 0x90,
    0x0, 0xe, 0xff, 0xff, 0xff, 0xff, 0xff, 0xfe,
    0x0, 0x4, 0xff, 0xfa, 0xaa, 0xaa, 0xaa, 0xff,
    0xf4, 0x0, 0xaf, 0xfc, 0x0, 0x0, 0x0, 0xc,
    0xff, 0xa0, 0xf, 0xff, 0x50, 0x0, 0x0, 0x0,
    0x5f, 0xff, 0x5, 0xff, 0xe0, 0x0, 0x0, 0x0,
    0x0, 0xef, 0xf6, 0x0, 0x0, 0x0, 0x0, 0x0,
    0x0, 0x0, 0x0, 0x0, 0x0, 0x0, 0x0, 0x67,
    0x60, 0x0, 0x0, 0x0, 0x0, 0x0, 0x0, 0xe,
    0xfe, 0x0, 0x0, 0x0, 0x0, 0x0, 0x0, 0x0,
    0xef, 0xe0, 0x0, 0x0, 0x0,

    /* U+1EAD "ậ" */
    0x0, 0x0, 0x6, 0x88, 0x50, 0x0, 0x0, 0x0,
    0x0, 0x4f, 0xff, 0xf3, 0x0, 0x0, 0x0, 0x1,
    0xef, 0x45, 0xfd, 0x0, 0x0, 0x0, 0x6, 0xc7,
    0x0, 0x8c, 0x50, 0x0, 0x0, 0x0, 0x0, 0x0,
    0x0, 0x0, 0x0, 0x0, 0x3, 0xad, 0xff, 0xd8,
    0x10, 0x0, 0x0, 0x6f, 0xff, 0xff, 0xff, 0xe3,
    0x0, 0x3, 0xff, 0xfa, 0x67, 0xdf, 0xfd, 0x0,
    0xa, 0xff, 0x90, 0x0, 0x1e, 0xff, 0x30, 0x2,
    0x33, 0x10, 0x0, 0xb, 0xff, 0x60, 0x0, 0x0,
    0x14, 0x7a, 0xdf, 0xff, 0x60, 0x0, 0x4c, 0xff,
    0xff, 0xff, 0xff, 0x70, 0x5, 0xff, 0xfc, 0x85,
    0x2a, 0xff, 0x70, 0xe, 0xff, 0x60, 0x0, 0xc,
    0xff, 0x70, 0xf, 0xff, 0x20, 0x0, 0x3f, 0xff,
    0x70, 0xe, 0xff, 0xb4, 0x47, 0xff, 0xff, 0xd4,
    0x6, 0xff, 0xff, 0xff, 0xf5, 0xff, 0xf9, 0x0,
    0x4b, 0xef, 0xea, 0x20, 0x5d, 0xf7, 0x0, 0x0,
    0x0, 0x0, 0x0, 0x0, 0x0, 0x0, 0x0, 0x4,
    0x77, 0x10, 0x0, 0x0, 0x0, 0x0, 0x9, 0xff,
    0x30, 0x0, 0x0, 0x0, 0x0, 0x9, 0xff, 0x30,
    0x0, 0x0,

    /* U+1EAE "Ắ" */
    0x0, 0x0, 0x0, 0x0, 0x7e, 0xe2, 0x0, 0x0,
    0x0, 0x0, 0x0, 0x0, 0xe, 0xf8, 0x0, 0x0,
    0x0, 0x0, 0x0, 0x0, 0x5, 0xfe, 0x0, 0x0,
    0x0, 0x0, 0x0, 0x0, 0xa8, 0x0, 0x8, 0xa0,
    0x0, 0x0, 0x0, 0x0, 0xe, 0xf5, 0x4, 0xfd,
    0x0, 0x0, 0x0, 0x0, 0x0, 0x5f, 0xff, 0xff,
    0x50, 0x0, 0x0, 0x0, 0x0, 0x0, 0x3a, 0xca,
    0x40, 0x0, 0x0, 0x0, 0x0, 0x0, 0x0, 0x0,
    0x0, 0x0, 0x0, 0x0, 0x0, 0x0, 0x0, 0x9f,
    0xff, 0x90, 0x0, 0x0, 0x0, 0x0, 0x0, 0xe,
    0xff, 0xfe, 0x0, 0x0, 0x0, 0x0, 0x0, 0x4,
    0xff, 0xff, 0xf5, 0x0, 0x0, 0x0, 0x0, 0x0,
    0xaf, 0xfc, 0xff, 0xa0, 0x0, 0x0, 0x0, 0x0,
    0x1f, 0xff, 0x2f, 0xff, 0x10, 0x0, 0x0, 0x0,
    0x6, 0xff, 0xb0, 0xbf, 0xf6, 0x0, 0x0, 0x0,
    0x0, 0xcf, 0xf5, 0x5, 0xff, 0xc0, 0x0, 0x0,
    0x0, 0x1f, 0xff, 0x0, 0xf, 0xff, 0x20, 0x0,
    0x0, 0x7, 0xff, 0xa0, 0x0, 0xaf, 0xf7, 0x0,
    0x0, 0x0, 0xdf, 0xf5, 0x0, 0x5, 0xff, 0xd0,
    0x0, 0x0, 0x3f, 0xff, 0xaa, 0xaa, 0xaf, 0xff,
    0x30, 0x0, 0x9, 0xff, 0xff, 0xff, 0xff, 0xff,
    0xf9, 0x0, 0x0, 0xef, 0xff, 0xff, 0xff, 0xff,
    0xff, 0xe0, 0x0, 0x4f, 0xfe, 0x0, 0x0, 0x0,
    0xe, 0xff, 0x40, 0xa, 0xff, 0x90, 0x0, 0x0,
    0x0, 0x9f, 0xfa, 0x0, 0xff, 0xf3, 0x0, 0x0,
    0x0, 0x3, 0xff, 0xf0, 0x5f, 0xfe, 0x0, 0x0,
    0x0, 0x0, 0xe, 0xff, 0x60,

    /* U+1EAF "ắ" */
    0x0, 0x0, 0x0, 0xd, 0xe8, 0x0, 0x0, 0x0,
    0x0, 0x0, 0x7f, 0xe1, 0x0, 0x0, 0x0, 0x0,
    0x0, 0xdf, 0x60, 0x0, 0x0, 0x0, 0x0, 0x0,
    0x0, 0x0, 0x0, 0x0, 0x0, 0x8, 0xf8, 0x0,
    0x9f, 0x70, 0x0, 0x0, 0x2, 0xff, 0xff, 0xfe,
    0x10, 0x0, 0x0, 0x0, 0x29, 0xcb, 0x81, 0x0,
    0x0, 0x0, 0x0, 0x0, 0x0, 0x0, 0x0, 0x0,
    0x0, 0x2, 0x9d, 0xff, 0xd8, 0x10, 0x0, 0x0,
    0x5f, 0xff, 0xff, 0xff, 0xe3, 0x0, 0x2, 0xff,
    0xfb, 0x67, 0xef, 0xfd, 0x0, 0x8, 0xff, 0xb0,
    0x0, 0x1f, 0xff, 0x30, 0x7, 0x99, 0x30, 0x0,
    0xb, 0xff, 0x60, 0x0, 0x0, 0x0, 0x25, 0x8e,
    0xff, 0x60, 0x0, 0x17, 0xcf, 0xff, 0xff, 0xff,
    0x70, 0x3, 0xef, 0xff, 0xb9, 0x6b, 0xff, 0x70,
    0xd, 0xff, 0x80, 0x0, 0xb, 0xff, 0x70, 0xf,
    0xff, 0x20, 0x0, 0x2f, 0xff, 0x70, 0xf, 0xff,
    0xb4, 0x37, 0xef, 0xff, 0xc4, 0x7, 0xff, 0xff,
    0xff, 0xf5, 0xff, 0xf9, 0x0, 0x4b, 0xef, 0xea,
    0x20, 0x5d, 0xf7,

    /* U+1EB0 "Ằ" */
    0x0, 0x0, 0x1, 0xde, 0x80, 0x0, 0x0, 0x0,
    0x0, 0x0, 0x0, 0x7, 0xfe, 0x0, 0x0, 0x0,
    0x0, 0x0, 0x0, 0x0, 0xd, 0xf6, 0x0, 0x0,
    0x0, 0x0, 0x0, 0x0, 0xa8, 0x0, 0x8, 0xa0,
    0x0, 0x0, 0x0, 0x0, 0xe, 0xf5, 0x4, 0xfd,
    0x0, 0x0, 0x0, 0x0, 0x0, 0x5f, 0xff, 0xff,
    0x50, 0x0, 0x0, 0x0, 0x0, 0x0, 0x3a, 0xca,
    0x40, 0x0, 0x0, 0x0, 0x0, 0x0, 0x0, 0x0,
    0x0, 0x0, 0x0, 0x0, 0x0, 0x0, 0x0, 0x9f,
    0xff, 0x90, 0x0, 0x0, 0x0, 0x0, 0x0, 0xe,
    0xff, 0xfe, 0x0, 0x0, 0x0, 0x0, 0x0, 0x4,
    0xff, 0xff, 0xf5, 0x0, 0x0, 0x0, 0x0, 0x0,
    0xaf, 0xfc, 0xff, 0xa0, 0x0, 0x0, 0x0, 0x0,
    0x1f, 0xff, 0x2f, 0xff, 0x10, 0x0, 0x0, 0x0,
    0x6, 0xff, 0xb0, 0xbf, 0xf6, 0x0, 0x0, 0x0,
    0x0, 0xcf, 0xf5, 0x5, 0xff, 0xc0, 0x0, 0x0,
    0x0, 0x1f, 0xff, 0x0, 0xf, 0xff, 0x20, 0x0,
    0x0, 0x7, 0xff, 0xa0, 0x0, 0xaf, 0xf7, 0x0,
    0x0, 0x0, 0xdf, 0xf5, 0x0, 0x5, 0xff, 0xd0,
    0x0, 0x0, 0x3f, 0xff, 0xaa, 0xaa, 0xaf, 0xff,
    0x30, 0x0, 0x9, 0xff, 0xff, 0xff, 0xff, 0xff,
    0xf9, 0x0, 0x0, 0xef, 0xff, 0xff, 0xff, 0xff,
    0xff, 0xe0, 0x0, 0x4f, 0xfe, 0x0, 0x0, 0x0,
    0xe, 0xff, 0x40, 0xa, 0xff, 0x90, 0x0, 0x0,
    0x0, 0x9f, 0xfa, 0x0, 0xff, 0xf3, 0x0, 0x0,
    0x0, 0x3, 0xff, 0xf0, 0x5f, 0xfe, 0x0, 0x0,
    0x0, 0x0, 0xe, 0xff, 0x60,

    /* U+1EB1 "ằ" */
    0x0, 0x0, 0x8e, 0xd0, 0x0, 0x0, 0x0, 0x0,
    0x0, 0x1e, 0xf7, 0x0, 0x0, 0x0, 0x0, 0x0,
    0x6, 0xfd, 0x0, 0x0, 0x0, 0x0, 0x0, 0x0,
    0x0, 0x0, 0x0, 0x0, 0x0, 0x8, 0xf8, 0x0,
    0x9f, 0x70, 0x0, 0x0, 0x2, 0xff, 0xff, 0xfe,
    0x10, 0x0, 0x0, 0x0, 0x29, 0xcb, 0x81, 0x0,
    0x0, 0x0, 0x0, 0x0, 0x0, 0x0, 0x0, 0x0,
    0x0, 0x2, 0x9d, 0xff, 0xd8, 0x10, 0x0, 0x0,
    0x5f, 0xff, 0xff, 0xff, 0xe3, 0x0, 0x2, 0xff,
    0xfb, 0x67, 0xef, 0xfd, 0x0, 0x8, 0xff, 0xb0,
    0x0, 0x1f, 0xff, 0x30, 0x7, 0x99, 0x30, 0x0,
    0xb, 0xff, 0x60, 0x0, 0x0, 0x0, 0x25, 0x8e,
    0xff, 0x60, 0x0, 0x17, 0xcf, 0xff, 0xff, 0xff,
    0x70, 0x3, 0xef, 0xff, 0xb9, 0x6b, 0xff, 0x70,
    0xd, 0xff, 0x80, 0x0, 0xb, 0xff, 0x70, 0xf,
    0xff, 0x20, 0x0, 0x2f, 0xff, 0x70, 0xf, 0xff,
    0xb4, 0x37, 0xef, 0xff, 0xc4, 0x7, 0xff, 0xff,
    0xff, 0xf5, 0xff, 0xf9, 0x0, 0x4b, 0xef, 0xea,
    0x20, 0x5d, 0xf7,

    /* U+1EB2 "Ẳ" */
    0x0, 0x0, 0x0, 0x3f, 0xfb, 0x0, 0x0, 0x0,
    0x0, 0x0, 0x0, 0x2, 0x8d, 0xf5, 0x0, 0x0,
    0x0, 0x0, 0x0, 0x0, 0x0, 0x9f, 0x30, 0x0,
    0x0, 0x0, 0x0, 0x0, 0x75, 0x1a, 0x75, 0x70,
    0x0, 0x0, 0x0, 0x0, 0xe, 0xf4, 0x4, 0xfe,
    0x0, 0x0, 0x0, 0x0, 0x0, 0x6f, 0xff, 0xff,
    0x60, 0x0, 0x0, 0x0, 0x0, 0x0, 0x4a, 0xca,
    0x40, 0x0, 0x0, 0x0, 0x0, 0x0, 0x0, 0x0,
    0x0, 0x0, 0x0, 0x0, 0x0, 0x0, 0x0, 0x9f,
    0xff, 0x90, 0x0, 0x0, 0x0, 0x0, 0x0, 0xe,
    0xff, 0xfe, 0x0, 0x0, 0x0, 0x0, 0x0, 0x4,
    0xff, 0xff, 0xf5, 0x0, 0x0, 0x0, 0x0, 0x0,
    0xaf, 0xfc, 0xff, 0xa0, 0x0, 0x0, 0x0, 0x0,
    0x1f, 0xff, 0x2f, 0xff, 0x10, 0x0, 0x0, 0x0,
    0x6, 0xff, 0xb0, 0xbf, 0xf6, 0x0, 0x0, 0x0,
    0x0, 0xcf, 0xf5, 0x5, 0xff, 0xc0, 0x0, 0x0,
    0x0, 0x1f, 0xff, 0x0, 0xf, 0xff, 0x20, 0x0,
    0x0, 0x7, 0xff, 0xa0, 0x0, 0xaf, 0xf7, 0x0,
    0x0, 0x0, 0xdf, 0xf5, 0x0, 0x5, 0xff, 0xd0,
    0x0, 0x0, 0x3f, 0xff, 0xaa, 0xaa, 0xaf, 0xff,
    0x30, 0x0, 0x9, 0xff, 0xff, 0xff, 0xff, 0xff,
    0xf9, 0x0, 0x0, 0xef, 0xff, 0xff, 0xff, 0xff,
    0xff, 0xe0, 0x0, 0x4f, 0xfe, 0x0, 0x0, 0x0,
    0xe, 0xff, 0x40, 0xa, 0xff, 0x90, 0x0, 0x0,
    0x0, 0x9f, 0xfa, 0x0, 0xff, 0xf3, 0x0, 0x0,
    0x0, 0x3, 0xff, 0xf0, 0x5f, 0xfe, 0x0, 0x0,
    0x0, 0x0, 0xe, 0xff, 0x60,

    /* U+1EB3 "ẳ" */
    0x0, 0x0, 0xb, 0xfe, 0x50, 0x0, 0x0, 0x0,
    0x0, 0x5, 0x6f, 0xc0, 0x0, 0x0, 0x0, 0x0,
    0x0, 0x2f, 0xa0, 0x0, 0x0, 0x0, 0x7, 0xc3,
    0x7a, 0x6c, 0x60, 0x0, 0x0, 0x6, 0xfb, 0x11,
    0xcf, 0x40, 0x0, 0x0, 0x0, 0xdf, 0xff, 0xfc,
    0x0, 0x0, 0x0, 0x0, 0x8, 0xbb, 0x70, 0x0,
    0x0, 0x0, 0x0, 0x0, 0x0, 0x0, 0x0, 0x0,
    0x0, 0x3, 0xae, 0xff, 0xd8, 0x10, 0x0, 0x0,
    0x7f, 0xff, 0xff, 0xff, 0xe3, 0x0, 0x4, 0xff,
    0xfa, 0x67, 0xdf, 0xfd, 0x0, 0xb, 0xff, 0x80,
    0x0, 0xe, 0xff, 0x30, 0x0, 0x0, 0x0, 0x0,
    0xb, 0xff, 0x60, 0x0, 0x0, 0x36, 0xad, 0xff,
    0xff, 0x60, 0x0, 0x6e, 0xff, 0xff, 0xff, 0xff,
    0x70, 0x7, 0xff, 0xfb, 0x74, 0xa, 0xff, 0x70,
    0xe, 0xff, 0x60, 0x0, 0xc, 0xff, 0x70, 0xf,
    0xff, 0x20, 0x0, 0x3f, 0xff, 0x70, 0xe, 0xff,
    0xc4, 0x48, 0xff, 0xff, 0xd4, 0x6, 0xff, 0xff,
    0xff, 0xf5, 0xff, 0xf9, 0x0, 0x4b, 0xef, 0xea,
    0x20, 0x5d, 0xf7,

    /* U+1EB4 "Ẵ" */
    0x0, 0x0, 0x4, 0xee, 0xa1, 0x7f, 0x20, 0x0,
    0x0, 0x0, 0x0, 0xff, 0xdf, 0xff, 0xd0, 0x0,
    0x0, 0x0, 0x0, 0x2c, 0x40, 0x5b, 0x92, 0x0,
    0x0, 0x0, 0x0, 0x0, 0x65, 0x0, 0x4, 0x60,
    0x0, 0x0, 0x0, 0x0, 0xe, 0xf4, 0x4, 0xff,
    0x0, 0x0, 0x0, 0x0, 0x0, 0x6f, 0xff, 0xff,
    0x70, 0x0, 0x0, 0x0, 0x0, 0x0, 0x4a, 0xca,
    0x40, 0x0, 0x0, 0x0, 0x0, 0x0, 0x0, 0x0,
    0x0, 0x0, 0x0, 0x0, 0x0, 0x0, 0x0, 0x9f,
    0xff, 0x90, 0x0, 0x0, 0x0, 0x0, 0x0, 0xe,
    0xff, 0xfe, 0x0, 0x0, 0x0, 0x0, 0x0, 0x4,
    0xff, 0xff, 0xf5, 0x0, 0x0, 0x0, 0x0, 0x0,
    0xaf, 0xfc, 0xff, 0xa0, 0x0, 0x0, 0x0, 0x0,
    0x1f, 0xff, 0x2f, 0xff, 0x10, 0x0, 0x0, 0x0,
    0x6, 0xff, 0xb0, 0xbf, 0xf6, 0x0, 0x0, 0x0,
    0x0, 0xcf, 0xf5, 0x5, 0xff, 0xc0, 0x0, 0x0,
    0x0, 0x1f, 0xff, 0x0, 0xf, 0xff, 0x20, 0x0,
    0x0, 0x7, 0xff, 0xa0, 0x0, 0xaf, 0xf7, 0x0,
    0x0, 0x0, 0xdf, 0xf5, 0x0, 0x5, 0xff, 0xd0,
    0x0, 0x0, 0x3f, 0xff, 0xaa, 0xaa, 0xaf, 0xff,
    0x30, 0x0, 0x9, 0xff, 0xff, 0xff, 0xff, 0xff,
    0xf9, 0x0, 0x0, 0xef, 0xff, 0xff, 0xff, 0xff,
    0xff, 0xe0, 0x0, 0x4f, 0xfe, 0x0, 0x0, 0x0,
    0xe, 0xff, 0x40, 0xa, 0xff, 0x90, 0x0, 0x0,
    0x0, 0x9f, 0xfa, 0x0, 0xff, 0xf3, 0x0, 0x0,
    0x0, 0x3, 0xff, 0xf0, 0x5f, 0xfe, 0x0, 0x0,
    0x0, 0x0, 0xe, 0xff, 0x60,

    /* U+1EB5 "ẵ" */
    0x0, 0x0, 0x5a, 0x60, 0xa, 0x80, 0x0, 0x0,
    0x4, 0xff, 0xf9, 0x2f, 0x90, 0x0, 0x0, 0x9,
    0xf2, 0x9f, 0xff, 0x30, 0x0, 0x0, 0x8, 0x90,
    0x7, 0xa5, 0x0, 0x0, 0x0, 0x0, 0x0, 0x0,
    0x0, 0x0, 0x0, 0x0, 0x8, 0xf8, 0x0, 0x9f,
    0x70, 0x0, 0x0, 0x2, 0xef, 0xff, 0xfe, 0x10,
    0x0, 0x0, 0x0, 0x29, 0xcc, 0x91, 0x0, 0x0,
    0x0, 0x0, 0x0, 0x0, 0x0, 0x0, 0x0, 0x0,
    0x2, 0x9d, 0xff, 0xd8, 0x10, 0x0, 0x0, 0x5f,
    0xff, 0xff, 0xff, 0xe3, 0x0, 0x2, 0xff, 0xfb,
    0x67, 0xef, 0xfd, 0x0, 0x8, 0xff, 0xb0, 0x0,
    0x1f, 0xff, 0x30, 0x7, 0x99, 0x30, 0x0, 0xb,
    0xff, 0x60, 0x0, 0x0, 0x0, 0x25, 0x8e, 0xff,
    0x60, 0x0, 0x17, 0xcf, 0xff, 0xff, 0xff, 0x70,
    0x3, 0xef, 0xff, 0xb9, 0x6b, 0xff, 0x70, 0xd,
    0xff, 0x80, 0x0, 0xb, 0xff, 0x70, 0xf, 0xff,
    0x20, 0x0, 0x2f, 0xff, 0x70, 0xf, 0xff, 0xb4,
    0x37, 0xef, 0xff, 0xc4, 0x7, 0xff, 0xff, 0xff,
    0xf5, 0xff, 0xf9, 0x0, 0x4b, 0xef, 0xea, 0x20,
    0x5d, 0xf7,

    /* U+1EB6 "Ặ" */
    0x0, 0x0, 0x8, 0x60, 0x0, 0x68, 0x0, 0x0,
    0x0, 0x0, 0x0, 0xef, 0x20, 0x2f, 0xe0, 0x0,
    0x0, 0x0, 0x0, 0x7, 0xff, 0xdf, 0xf7, 0x0,
    0x0, 0x0, 0x0, 0x0, 0x6, 0xdf, 0xd6, 0x0,
    0x0, 0x0, 0x0, 0x0, 0x0, 0x0, 0x0, 0x0,
    0x0, 0x0, 0x0, 0x0, 0x0, 0x9, 0xff, 0xf9,
    0x0, 0x0, 0x0, 0x0, 0x0, 0x0, 0xef, 0xff,
    0xe0, 0x0, 0x0, 0x0, 0x0, 0x0, 0x4f, 0xff,
    0xff, 0x50, 0x0, 0x0, 0x0, 0x0, 0xa, 0xff,
    0xdf, 0xfa, 0x0, 0x0, 0x0, 0x0, 0x1, 0xff,
    0xf4, 0xff, 0xf1, 0x0, 0x0, 0x0, 0x0, 0x6f,
    0xfd, 0xc, 0xff, 0x60, 0x0, 0x0, 0x0, 0xc,
    0xff, 0x70, 0x7f, 0xfc, 0x0, 0x0, 0x0, 0x1,
    0xff, 0xf2, 0x2, 0xff, 0xf2, 0x0, 0x0, 0x0,
    0x7f, 0xfd, 0x0, 0xd, 0xff, 0x70, 0x0, 0x0,
    0xd, 0xff, 0x80, 0x0, 0x8f, 0xfd, 0x0, 0x0,
    0x3, 0xff, 0xf3, 0x0, 0x3, 0xff, 0xf3, 0x0,
    0x0, 0x9f, 0xff, 0xff, 0xff, 0xff, 0xff, 0x90,
    0x0, 0xe, 0xff, 0xff, 0xff, 0xff, 0xff, 0xfe,
    0x0, 0x4, 0xff, 0xfa, 0xaa, 0xaa, 0xaa, 0xff,
    0xf4, 0x0, 0xaf, 0xfc, 0x0, 0x0, 0x0, 0xc,
    0xff, 0xa0, 0xf, 0xff, 0x50, 0x0, 0x0, 0x0,
    0x5f, 0xff, 0x5, 0xff, 0xe0, 0x0, 0x0, 0x0,
    0x0, 0xef, 0xf6, 0x0, 0x0, 0x0, 0x0, 0x0,
    0x0, 0x0, 0x0, 0x0, 0x0, 0x0, 0x0, 0x67,
    0x60, 0x0, 0x0, 0x0, 0x0, 0x0, 0x0, 0xe,
    0xfe, 0x0, 0x0, 0x0, 0x0, 0x0, 0x0, 0x0,
    0xef, 0xe0, 0x0, 0x0, 0x0,

    /* U+1EB7 "ặ" */
    0x0, 0x8, 0xf7, 0x0, 0x8f, 0x70, 0x0, 0x0,
    0x2, 0xff, 0xde, 0xff, 0x20, 0x0, 0x0, 0x0,
    0x3b, 0xfe, 0xb3, 0x0, 0x0, 0x0, 0x0, 0x0,
    0x0, 0x0, 0x0, 0x0, 0x0, 0x1, 0x9d, 0xff,
    0xd8, 0x10, 0x0, 0x0, 0x4f, 0xff, 0xff, 0xff,
    0xe3, 0x0, 0x1, 0xef, 0xfc, 0x67, 0xef, 0xfd,
    0x0, 0x7, 0xff, 0xc0, 0x0, 0x2f, 0xff, 0x30,
    0x9, 0xcc, 0x40, 0x0, 0xc, 0xff, 0x60, 0x0,
    0x0, 0x0, 0x2, 0x5d, 0xff, 0x60, 0x0, 0x5,
    0x9d, 0xff, 0xff, 0xff, 0x70, 0x2, 0xdf, 0xff,
    0xda, 0x7c, 0xff, 0x70, 0xc, 0xff, 0x91, 0x0,
    0xb, 0xff, 0x70, 0xf, 0xff, 0x20, 0x0, 0x2f,
    0xff, 0x70, 0xf, 0xff, 0xb4, 0x37, 0xef, 0xff,
    0xc4, 0x8, 0xff, 0xff, 0xff, 0xf5, 0xff, 0xf9,
    0x0, 0x5b, 0xef, 0xea, 0x20, 0x5d, 0xf7, 0x0,
    0x0, 0x0, 0x0, 0x0, 0x0, 0x0, 0x0, 0x0,
    0x4, 0x77, 0x10, 0x0, 0x0, 0x0, 0x0, 0x9,
    0xff, 0x30, 0x0, 0x0, 0x0, 0x0, 0x9, 0xff,
    0x30, 0x0, 0x0,

    /* U+1EB8 "Ẹ" */
    0x1f, 0xff, 0xff, 0xff, 0xff, 0xff, 0x61, 0xff,
    0xff, 0xff, 0xff, 0xff, 0xf6, 0x1f, 0xff, 0xbb,
    0xbb, 0xbb, 0xbb, 0x41, 0xff, 0xf0, 0x0, 0x0,
    0x0, 0x0, 0x1f, 0xff, 0x0, 0x0, 0x0, 0x0,
    0x1, 0xff, 0xf0, 0x0, 0x0, 0x0, 0x0, 0x1f,
    0xff, 0x0, 0x0, 0x0, 0x0, 0x1, 0xff, 0xfa,
    0xaa, 0xaa, 0xaa, 0xa1, 0x1f, 0xff, 0xff, 0xff,
    0xff, 0xff, 0x11, 0xff, 0xff, 0xff, 0xff, 0xff,
    0xf1, 0x1f, 0xff, 0x0, 0x0, 0x0, 0x0, 0x1,
    0xff, 0xf0, 0x0, 0x0, 0x0, 0x0, 0x1f, 0xff,
    0x0, 0x0, 0x0, 0x0, 0x1, 0xff, 0xf0, 0x0,
    0x0, 0x0, 0x0, 0x1f, 0xff, 0xbb, 0xbb, 0xbb,
    0xbb, 0x61, 0xff, 0xff, 0xff, 0xff, 0xff, 0xf9,
    0x1f, 0xff, 0xff, 0xff, 0xff, 0xff, 0x90, 0x0,
    0x0, 0x0, 0x0, 0x0, 0x0, 0x0, 0x0, 0x4,
    0x77, 0x0, 0x0, 0x0, 0x0, 0x0, 0xaf, 0xf1,
    0x0, 0x0, 0x0, 0x0, 0xa, 0xff, 0x10, 0x0,
    0x0,

    /* U+1EB9 "ẹ" */
    0x0, 0x0, 0x6c, 0xef, 0xd7, 0x10, 0x0, 0x0,
    0x2d, 0xff, 0xff, 0xff, 0xe2, 0x0, 0x0, 0xdf,
    0xfe, 0x87, 0xcf, 0xfe, 0x0, 0x7, 0xff, 0xe1,
    0x0, 0xb, 0xff, 0x70, 0xc, 0xff, 0x70, 0x0,
    0x3, 0xff, 0xd0, 0xf, 0xff, 0x40, 0x0, 0x1,
    0xff, 0xf0, 0xf, 0xff, 0xff, 0xff, 0xff, 0xff,
    0xf2, 0xf, 0xff, 0xff, 0xff, 0xff, 0xff, 0xf3,
    0xc, 0xff, 0x30, 0x0, 0x0, 0x0, 0x0, 0x7,
    0xff, 0xb0, 0x0, 0x3, 0xbb, 0xa0, 0x0, 0xdf,
    0xfd, 0x87, 0x9f, 0xff, 0x70, 0x0, 0x2d, 0xff,
    0xff, 0xff, 0xf9, 0x0, 0x0, 0x0, 0x7c, 0xef,
    0xda, 0x30, 0x0, 0x0, 0x0, 0x0, 0x0, 0x0,
    0x0, 0x0, 0x0, 0x0, 0x1, 0x77, 0x40, 0x0,
    0x0, 0x0, 0x0, 0x2, 0xff, 0x90, 0x0, 0x0,
    0x0, 0x0, 0x2, 0xff, 0x90, 0x0, 0x0,

    /* U+1EBA "Ẻ" */
    0x0, 0x0, 0x4f, 0xfd, 0x30, 0x0, 0x0, 0x0,
    0x3, 0xad, 0xfa, 0x0, 0x0, 0x0, 0x0, 0x0,
    0x5f, 0x90, 0x0, 0x0, 0x0, 0x0, 0xb, 0xb1,
    0x0, 0x0, 0x0, 0x0, 0x0, 0x0, 0x0, 0x0,
    0x1, 0xff, 0xff, 0xff, 0xff, 0xff, 0xf6, 0x1f,
    0xff, 0xff, 0xff, 0xff, 0xff, 0x61, 0xff, 0xfb,
    0xbb, 0xbb, 0xbb, 0xb4, 0x1f, 0xff, 0x0, 0x0,
    0x0, 0x0, 0x1, 0xff, 0xf0, 0x0, 0x0, 0x0,
    0x0, 0x1f, 0xff, 0x0, 0x0, 0x0, 0x0, 0x1,
    0xff, 0xf0, 0x0, 0x0, 0x0, 0x0, 0x1f, 0xff,
    0xaa, 0xaa, 0xaa, 0xaa, 0x11, 0xff, 0xff, 0xff,
    0xff, 0xff, 0xf1, 0x1f, 0xff, 0xff, 0xff, 0xff,
    0xff, 0x11, 0xff, 0xf0, 0x0, 0x0, 0x0, 0x0,
    0x1f, 0xff, 0x0, 0x0, 0x0, 0x0, 0x1, 0xff,
    0xf0, 0x0, 0x0, 0x0, 0x0, 0x1f, 0xff, 0x0,
    0x0, 0x0, 0x0, 0x1, 0xff, 0xfb, 0xbb, 0xbb,
    0xbb, 0xb6, 0x1f, 0xff, 0xff, 0xff, 0xff, 0xff,
    0x91, 0xff, 0xff, 0xff, 0xff, 0xff, 0xf9,

    /* U+1EBB "ẻ" */
    0x0, 0x0, 0x6, 0x99, 0x30, 0x0, 0x0, 0x0,
    0x0, 0xc, 0xff, 0xf1, 0x0, 0x0, 0x0, 0x0,
    0x1, 0xd, 0xf3, 0x0, 0x0, 0x0, 0x0, 0x0,
    0xe, 0xf1, 0x0, 0x0, 0x0, 0x0, 0x0, 0x6e,
    0x60, 0x0, 0x0, 0x0, 0x0, 0x0, 0x0, 0x0,
    0x0, 0x0, 0x0, 0x0, 0x6c, 0xef, 0xd8, 0x20,
    0x0, 0x0, 0x2d, 0xff, 0xff, 0xff, 0xf5, 0x0,
    0x0, 0xdf, 0xfd, 0x87, 0xbf, 0xff, 0x20, 0x7,
    0xff, 0xc0, 0x0, 0x8, 0xff, 0xa0, 0xc, 0xff,
    0x40, 0x0, 0x1, 0xff, 0xf0, 0xf, 0xff, 0xff,
    0xff, 0xff, 0xff, 0xf2, 0xf, 0xff, 0xff, 0xff,
    0xff, 0xff, 0xf3, 0xf, 0xff, 0x30, 0x0, 0x0,
    0x0, 0x0, 0xc, 0xff, 0x60, 0x0, 0x0, 0x22,
    0x20, 0x7, 0xff, 0xe1, 0x0, 0x7, 0xff, 0xd0,
    0x0, 0xdf, 0xfe, 0x87, 0xaf, 0xff, 0x40, 0x0,
    0x2d, 0xff, 0xff, 0xff, 0xf6, 0x0, 0x0, 0x0,
    0x7c, 0xef, 0xea, 0x30, 0x0,

    /* U+1EBC "Ẽ" */
    0x0, 0x1, 0xac, 0x50, 0xd, 0x80, 0x0, 0x0,
    0xcf, 0xff, 0x64, 0xf7, 0x0, 0x0, 0x2f, 0x92,
    0xef, 0xff, 0x20, 0x0, 0x3, 0xd4, 0x2, 0xbc,
    0x40, 0x0, 0x0, 0x0, 0x0, 0x0, 0x0, 0x0,
    0x1, 0xff, 0xff, 0xff, 0xff, 0xff, 0xf6, 0x1f,
    0xff, 0xff, 0xff, 0xff, 0xff, 0x61, 0xff, 0xfb,
    0xbb, 0xbb, 0xbb, 0xb4, 0x1f, 0xff, 0x0, 0x0,
    0x0, 0x0, 0x1, 0xff, 0xf0, 0x0, 0x0, 0x0,
    0x0, 0x1f, 0xff, 0x0, 0x0, 0x0, 0x0, 0x1,
    0xff, 0xf0, 0x0, 0x0, 0x0, 0x0, 0x1f, 0xff,
    0xaa, 0xaa, 0xaa, 0xaa, 0x11, 0xff, 0xff, 0xff,
    0xff, 0xff, 0xf1, 0x1f, 0xff, 0xff, 0xff, 0xff,
    0xff, 0x11, 0xff, 0xf0, 0x0, 0x0, 0x0, 0x0,
    0x1f, 0xff, 0x0, 0x0, 0x0, 0x0, 0x1, 0xff,
    0xf0, 0x0, 0x0, 0x0, 0x0, 0x1f, 0xff, 0x0,
    0x0, 0x0, 0x0, 0x1, 0xff, 0xfb, 0xbb, 0xbb,
    0xbb, 0xb6, 0x1f, 0xff, 0xff, 0xff, 0xff, 0xff,
    0x91, 0xff, 0xff, 0xff, 0xff, 0xff, 0xf9,

    /* U+1EBD "ẽ" */
    0x0, 0x2, 0xbf, 0xfe, 0xdf, 0xf1, 0x0, 0x0,
    0xa, 0xfd, 0xef, 0xfd, 0x60, 0x0, 0x0, 0x0,
    0x0, 0x0, 0x0, 0x0, 0x0, 0x0, 0x0, 0x0,
    0x0, 0x0, 0x0, 0x0, 0x0, 0x0, 0x6c, 0xef,
    0xd8, 0x20, 0x0, 0x0, 0x2d, 0xff, 0xff, 0xff,
    0xf5, 0x0, 0x0, 0xdf, 0xfd, 0x87, 0xbf, 0xff,
    0x20, 0x7, 0xff, 0xc0, 0x0, 0x8, 0xff, 0xa0,
    0xc, 0xff, 0x40, 0x0, 0x1, 0xff, 0xf0, 0xf,
    0xff, 0xff, 0xff, 0xff, 0xff, 0xf2, 0xf, 0xff,
    0xff, 0xff, 0xff, 0xff, 0xf3, 0xf, 0xff, 0x30,
    0x0, 0x0, 0x0, 0x0, 0xc, 0xff, 0x60, 0x0,
    0x0, 0x22, 0x20, 0x7, 0xff, 0xe1, 0x0, 0x7,
    0xff, 0xd0, 0x0, 0xdf, 0xfe, 0x87, 0xaf, 0xff,
    0x40, 0x0, 0x2d, 0xff, 0xff, 0xff, 0xf6, 0x0,
    0x0, 0x0, 0x7c, 0xef, 0xea, 0x30, 0x0,

    /* U+1EBE "Ế" */
    0x0, 0x0, 0x0, 0x0, 0x0, 0xcf, 0xe0, 0x0,
    0x0, 0x0, 0x0, 0x2, 0xff, 0x60, 0x0, 0x0,
    0x5, 0x66, 0x18, 0xfd, 0x0, 0x0, 0x0, 0x6f,
    0xff, 0xc4, 0x52, 0x0, 0x0, 0x2, 0xff, 0x5d,
    0xf8, 0x0, 0x0, 0x0, 0xa, 0xd6, 0x2, 0xcc,
    0x20, 0x0, 0x0, 0x0, 0x0, 0x0, 0x0, 0x0,
    0x0, 0x1f, 0xff, 0xff, 0xff, 0xff, 0xff, 0x60,
    0x1f, 0xff, 0xff, 0xff, 0xff, 0xff, 0x60, 0x1f,
    0xff, 0xbb, 0xbb, 0xbb, 0xbb, 0x40, 0x1f, 0xff,
    0x0, 0x0, 0x0, 0x0, 0x0, 0x1f, 0xff, 0x0,
    0x0, 0x0, 0x0, 0x0, 0x1f, 0xff, 0x0, 0x0,
    0x0, 0x0, 0x0, 0x1f, 0xff, 0x0, 0x0, 0x0,
    0x0, 0x0, 0x1f, 0xff, 0xaa, 0xaa, 0xaa, 0xaa,
    0x10, 0x1f, 0xff, 0xff, 0xff, 0xff, 0xff, 0x10,
    0x1f, 0xff, 0xff, 0xff, 0xff, 0xff, 0x10, 0x1f,
    0xff, 0x0, 0x0, 0x0, 0x0, 0x0, 0x1f, 0xff,
    0x0, 0x0, 0x0, 0x0, 0x0, 0x1f, 0xff, 0x0,
    0x0, 0x0, 0x0, 0x0, 0x1f, 0xff, 0x0, 0x0,
    0x0, 0x0, 0x0, 0x1f, 0xff, 0xbb, 0xbb, 0xbb,
    0xbb, 0x60, 0x1f, 0xff, 0xff, 0xff, 0xff, 0xff,
    0x90, 0x1f, 0xff, 0xff, 0xff, 0xff, 0xff, 0x90,

    /* U+1EBF "ế" */
    0x0, 0x0, 0x0, 0x0, 0x0, 0x4f, 0xf8, 0x0,
    0x0, 0x0, 0x0, 0x0, 0xaf, 0xe0, 0x0, 0x0,
    0x0, 0x0, 0x0, 0xff, 0x60, 0x0, 0x0, 0xa,
    0xff, 0xf3, 0x55, 0x0, 0x0, 0x0, 0x5f, 0xd8,
    0xfc, 0x0, 0x0, 0x0, 0x2, 0xff, 0x20, 0xbf,
    0x80, 0x0, 0x0, 0x0, 0x10, 0x0, 0x1, 0x10,
    0x0, 0x0, 0x0, 0x6c, 0xef, 0xd8, 0x20, 0x0,
    0x0, 0x2d, 0xff, 0xff, 0xff, 0xf5, 0x0, 0x0,
    0xdf, 0xfd, 0x87, 0xbf, 0xff, 0x20, 0x7, 0xff,
    0xc0, 0x0, 0x8, 0xff, 0xa0, 0xc, 0xff, 0x40,
    0x0, 0x1, 0xff, 0xf0, 0xf, 0xff, 0xff, 0xff,
    0xff, 0xff, 0xf2, 0xf, 0xff, 0xff, 0xff, 0xff,
    0xff, 0xf3, 0xf, 0xff, 0x30, 0x0, 0x0, 0x0,
    0x0, 0xc, 0xff, 0x60, 0x0, 0x0, 0x22, 0x20,
    0x7, 0xff, 0xe1, 0x0, 0x7, 0xff, 0xd0, 0x0,
    0xdf, 0xfe, 0x87, 0xaf, 0xff, 0x40, 0x0, 0x2d,
    0xff, 0xff, 0xff, 0xf6, 0x0, 0x0, 0x0, 0x7c,
    0xef, 0xea, 0x30, 0x0,

    /* U+1EC0 "Ề" */
    0x0, 0x0, 0x0, 0x0, 0x5f, 0xf7, 0x0, 0x0,
    0x0, 0x0, 0x0, 0xbf, 0xd0, 0x0, 0x0, 0x5,
    0x66, 0x13, 0xff, 0x30, 0x0, 0x6, 0xff, 0xfc,
    0x4, 0x52, 0x0, 0x2, 0xff, 0x5d, 0xf8, 0x0,
    0x0, 0x0, 0xad, 0x60, 0x2c, 0xc2, 0x0, 0x0,
    0x0, 0x0, 0x0, 0x0, 0x0, 0x1, 0xff, 0xff,
    0xff, 0xff, 0xff, 0xf6, 0x1f, 0xff, 0xff, 0xff,
    0xff, 0xff, 0x61, 0xff, 0xfb, 0xbb, 0xbb, 0xbb,
    0xb4, 0x1f, 0xff, 0x0, 0x0, 0x0, 0x0, 0x1,
    0xff, 0xf0, 0x0, 0x0, 0x0, 0x0, 0x1f, 0xff,
    0x0, 0x0, 0x0, 0x0, 0x1, 0xff, 0xf0, 0x0,
    0x0, 0x0, 0x0, 0x1f, 0xff, 0xaa, 0xaa, 0xaa,
    0xaa, 0x11, 0xff, 0xff, 0xff, 0xff, 0xff, 0xf1,
    0x1f, 0xff, 0xff, 0xff, 0xff, 0xff, 0x11, 0xff,
    0xf0, 0x0, 0x0, 0x0, 0x0, 0x1f, 0xff, 0x0,
    0x0, 0x0, 0x0, 0x1, 0xff, 0xf0, 0x0, 0x0,
    0x0, 0x0, 0x1f, 0xff, 0x0, 0x0, 0x0, 0x0,
    0x1, 0xff, 0xfb, 0xbb, 0xbb, 0xbb, 0xb6, 0x1f,
    0xff, 0xff, 0xff, 0xff, 0xff, 0x91, 0xff, 0xff,
    0xff, 0xff, 0xff, 0xf9,

    /* U+1EC1 "ề" */
    0x0, 0x0, 0x0, 0x0, 0xc, 0xff, 0x0, 0x0,
    0x0, 0x0, 0x0, 0x3, 0xff, 0x60, 0x0, 0x0,
    0x0, 0x0, 0x0, 0xaf, 0xc0, 0x0, 0x0, 0xa,
    0xff, 0xf2, 0x15, 0x50, 0x0, 0x0, 0x5f, 0xd8,
    0xfc, 0x0, 0x0, 0x0, 0x2, 0xff, 0x20, 0xbf,
    0x80, 0x0, 0x0, 0x0, 0x10, 0x0, 0x1, 0x10,
    0x0, 0x0, 0x0, 0x6c, 0xef, 0xd8, 0x20, 0x0,
    0x0, 0x2d, 0xff, 0xff, 0xff, 0xf5, 0x0, 0x0,
    0xdf, 0xfd, 0x87, 0xbf, 0xff, 0x20, 0x7, 0xff,
    0xc0, 0x0, 0x8, 0xff, 0xa0, 0xc, 0xff, 0x40,
    0x0, 0x1, 0xff, 0xf0, 0xf, 0xff, 0xff, 0xff,
    0xff, 0xff, 0xf2, 0xf, 0xff, 0xff, 0xff, 0xff,
    0xff, 0xf3, 0xf, 0xff, 0x30, 0x0, 0x0, 0x0,
    0x0, 0xc, 0xff, 0x60, 0x0, 0x0, 0x22, 0x20,
    0x7, 0xff, 0xe1, 0x0, 0x7, 0xff, 0xd0, 0x0,
    0xdf, 0xfe, 0x87, 0xaf, 0xff, 0x40, 0x0, 0x2d,
    0xff, 0xff, 0xff, 0xf6, 0x0, 0x0, 0x0, 0x7c,
    0xef, 0xea, 0x30, 0x0,

    /* U+1EC2 "Ể" */
    0x0, 0x0, 0x0, 0x0, 0x68, 0x60, 0x0, 0x0,
    0x0, 0x0, 0xd, 0xff, 0xa0, 0x0, 0x0, 0x0,
    0x0, 0x2, 0xfd, 0x0, 0x0, 0x0, 0x78, 0x82,
    0x5f, 0x70, 0x0, 0x0, 0x8f, 0xff, 0xd4, 0x50,
    0x0, 0x0, 0x3f, 0xf4, 0xcf, 0x90, 0x0, 0x0,
    0x9, 0xc5, 0x1, 0xbc, 0x20, 0x0, 0x0, 0x0,
    0x0, 0x0, 0x0, 0x0, 0x1f, 0xff, 0xff, 0xff,
    0xff, 0xff, 0x61, 0xff, 0xff, 0xff, 0xff, 0xff,
    0xf6, 0x1f, 0xff, 0xbb, 0xbb, 0xbb, 0xbb, 0x41,
    0xff, 0xf0, 0x0, 0x0, 0x0, 0x0, 0x1f, 0xff,
    0x0, 0x0, 0x0, 0x0, 0x1, 0xff, 0xf0, 0x0,
    0x0, 0x0, 0x0, 0x1f, 0xff, 0x0, 0x0, 0x0,
    0x0, 0x1, 0xff, 0xfa, 0xaa, 0xaa, 0xaa, 0xa1,
    0x1f, 0xff, 0xff, 0xff, 0xff, 0xff, 0x11, 0xff,
    0xff, 0xff, 0xff, 0xff, 0xf1, 0x1f, 0xff, 0x0,
    0x0, 0x0, 0x0, 0x1, 0xff, 0xf0, 0x0, 0x0,
    0x0, 0x0, 0x1f, 0xff, 0x0, 0x0, 0x0, 0x0,
    0x1, 0xff, 0xf0, 0x0, 0x0, 0x0, 0x0, 0x1f,
    0xff, 0xbb, 0xbb, 0xbb, 0xbb, 0x61, 0xff, 0xff,
    0xff, 0xff, 0xff, 0xf9, 0x1f, 0xff, 0xff, 0xff,
    0xff, 0xff, 0x90,

    /* U+1EC3 "ể" */
    0x0, 0x0, 0x0, 0x0, 0x27, 0x73, 0x0, 0x0,
    0x0, 0x0, 0x0, 0x5f, 0xff, 0x20, 0x0, 0x0,
    0x0, 0x0, 0x0, 0x9f, 0x50, 0x0, 0x0, 0x0,
    0x0, 0x0, 0xaf, 0x30, 0x0, 0x0, 0x9, 0xff,
    0xf3, 0xc8, 0x0, 0x0, 0x0, 0x5f, 0xfd, 0xfc,
    0x0, 0x0, 0x0, 0x1, 0xef, 0x40, 0xcf, 0x80,
    0x0, 0x0, 0x1, 0x22, 0x0, 0x2, 0x20, 0x0,
    0x0, 0x0, 0x6c, 0xef, 0xd8, 0x20, 0x0, 0x0,
    0x2d, 0xff, 0xff, 0xff, 0xf5, 0x0, 0x0, 0xdf,
    0xfd, 0x87, 0xbf, 0xff, 0x20, 0x7, 0xff, 0xc0,
    0x0, 0x8, 0xff, 0xa0, 0xc, 0xff, 0x40, 0x0,
    0x1, 0xff, 0xf0, 0xf, 0xff, 0xff, 0xff, 0xff,
    0xff, 0xf2, 0xf, 0xff, 0xff, 0xff, 0xff, 0xff,
    0xf3, 0xf, 0xff, 0x30, 0x0, 0x0, 0x0, 0x0,
    0xc, 0xff, 0x60, 0x0, 0x0, 0x22, 0x20, 0x7,
    0xff, 0xe1, 0x0, 0x7, 0xff, 0xd0, 0x0, 0xdf,
    0xfe, 0x87, 0xaf, 0xff, 0x40, 0x0, 0x2d, 0xff,
    0xff, 0xff, 0xf6, 0x0, 0x0, 0x0, 0x7c, 0xef,
    0xea, 0x30, 0x0,

    /* U+1EC4 "Ễ" */
    0x0, 0x2, 0xcf, 0xa1, 0x3f, 0x60, 0x0, 0x0,
    0xbf, 0xdf, 0xee, 0xf2, 0x0, 0x0, 0xf, 0x90,
    0x5e, 0xe6, 0x0, 0x0, 0x0, 0x0, 0x23, 0x30,
    0x0, 0x0, 0x0, 0x0, 0x5f, 0xff, 0xb0, 0x0,
    0x0, 0x0, 0x2e, 0xf7, 0xdf, 0x70, 0x0, 0x0,
    0xa, 0xe7, 0x2, 0xdd, 0x20, 0x0, 0x0, 0x0,
    0x0, 0x0, 0x0, 0x0, 0x1f, 0xff, 0xff, 0xff,
    0xff, 0xff, 0x61, 0xff, 0xff, 0xff, 0xff, 0xff,
    0xf6, 0x1f, 0xff, 0xbb, 0xbb, 0xbb, 0xbb, 0x41,
    0xff, 0xf0, 0x0, 0x0, 0x0, 0x0, 0x1f, 0xff,
    0x0, 0x0, 0x0, 0x0, 0x1, 0xff, 0xf0, 0x0,
    0x0, 0x0, 0x0, 0x1f, 0xff, 0x0, 0x0, 0x0,
    0x0, 0x1, 0xff, 0xfa, 0xaa, 0xaa, 0xaa, 0xa1,
    0x1f, 0xff, 0xff, 0xff, 0xff, 0xff, 0x11, 0xff,
    0xff, 0xff, 0xff, 0xff, 0xf1, 0x1f, 0xff, 0x0,
    0x0, 0x0, 0x0, 0x1, 0xff, 0xf0, 0x0, 0x0,
    0x0, 0x0, 0x1f, 0xff, 0x0, 0x0, 0x0, 0x0,
    0x1, 0xff, 0xf0, 0x0, 0x0, 0x0, 0x0, 0x1f,
    0xff, 0xbb, 0xbb, 0xbb, 0xbb, 0x61, 0xff, 0xff,
    0xff, 0xff, 0xff, 0xf9, 0x1f, 0xff, 0xff, 0xff,
    0xff, 0xff, 0x90,

    /* U+1EC5 "ễ" */
    0x0, 0x0, 0x8e, 0xe8, 0x1b, 0xe0, 0x0, 0x0,
    0x3, 0xfe, 0xef, 0xff, 0xa0, 0x0, 0x0, 0x5,
    0xb1, 0x7, 0xb8, 0x0, 0x0, 0x0, 0x0, 0x0,
    0x0, 0x0, 0x0, 0x0, 0x0, 0x0, 0x9, 0xff,
    0xf2, 0x0, 0x0, 0x0, 0x0, 0x5f, 0xfc, 0xfc,
    0x0, 0x0, 0x0, 0x1, 0xef, 0x40, 0xcf, 0x80,
    0x0, 0x0, 0x1, 0x32, 0x0, 0x3, 0x20, 0x0,
    0x0, 0x0, 0x6c, 0xef, 0xd8, 0x20, 0x0, 0x0,
    0x2d, 0xff, 0xff, 0xff, 0xf5, 0x0, 0x0, 0xdf,
    0xfd, 0x87, 0xbf, 0xff, 0x20, 0x7, 0xff, 0xc0,
    0x0, 0x8, 0xff, 0xa0, 0xc, 0xff, 0x40, 0x0,
    0x1, 0xff, 0xf0, 0xf, 0xff, 0xff, 0xff, 0xff,
    0xff, 0xf2, 0xf, 0xff, 0xff, 0xff, 0xff, 0xff,
    0xf3, 0xf, 0xff, 0x30, 0x0, 0x0, 0x0, 0x0,
    0xc, 0xff, 0x60, 0x0, 0x0, 0x22, 0x20, 0x7,
    0xff, 0xe1, 0x0, 0x7, 0xff, 0xd0, 0x0, 0xdf,
    0xfe, 0x87, 0xaf, 0xff, 0x40, 0x0, 0x2d, 0xff,
    0xff, 0xff, 0xf6, 0x0, 0x0, 0x0, 0x7c, 0xef,
    0xea, 0x30, 0x0,

    /* U+1EC6 "Ệ" */
    0x0, 0x0, 0x7, 0x88, 0x30, 0x0, 0x0, 0x0,
    0x8, 0xff, 0xfd, 0x0, 0x0, 0x0, 0x2, 0xff,
    0x4d, 0xf8, 0x0, 0x0, 0x0, 0xcf, 0x70, 0x2f,
    0xf2, 0x0, 0x0, 0x0, 0x0, 0x0, 0x0, 0x0,
    0x1, 0xff, 0xff, 0xff, 0xff, 0xff, 0xf6, 0x1f,
    0xff, 0xff, 0xff, 0xff, 0xff, 0x61, 0xff, 0xfb,
    0xbb, 0xbb, 0xbb, 0xb4, 0x1f, 0xff, 0x0, 0x0,
    0x0, 0x0, 0x1, 0xff, 0xf0, 0x0, 0x0, 0x0,
    0x0, 0x1f, 0xff, 0x0, 0x0, 0x0, 0x0, 0x1,
    0xff, 0xf0, 0x0, 0x0, 0x0, 0x0, 0x1f, 0xff,
    0xaa, 0xaa, 0xaa, 0xaa, 0x11, 0xff, 0xff, 0xff,
    0xff, 0xff, 0xf1, 0x1f, 0xff, 0xff, 0xff, 0xff,
    0xff, 0x11, 0xff, 0xf0, 0x0, 0x0, 0x0, 0x0,
    0x1f, 0xff, 0x0, 0x0, 0x0, 0x0, 0x1, 0xff,
    0xf0, 0x0, 0x0, 0x0, 0x0, 0x1f, 0xff, 0x0,
    0x0, 0x0, 0x0, 0x1, 0xff, 0xfb, 0xbb, 0xbb,
    0xbb, 0xb6, 0x1f, 0xff, 0xff, 0xff, 0xff, 0xff,
    0x91, 0xff, 0xff, 0xff, 0xff, 0xff, 0xf9, 0x0,
    0x0, 0x0, 0x0, 0x0, 0x0, 0x0, 0x0, 0x0,
    0x47, 0x70, 0x0, 0x0, 0x0, 0x0, 0xa, 0xff,
    0x10, 0x0, 0x0, 0x0, 0x0, 0xaf, 0xf1, 0x0,
    0x0,

    /* U+1EC7 "ệ" */
    0x0, 0x0, 0xa, 0xfe, 0xf3, 0x0, 0x0, 0x0,
    0x0, 0x8f, 0x81, 0xee, 0x10, 0x0, 0x0, 0x2,
    0xcb, 0x0, 0x5c, 0x90, 0x0, 0x0, 0x0, 0x0,
    0x0, 0x0, 0x0, 0x0, 0x0, 0x0, 0x6c, 0xef,
    0xd7, 0x10, 0x0, 0x0, 0x2d, 0xff, 0xff, 0xff,
    0xe2, 0x0, 0x0, 0xdf, 0xfe, 0x87, 0xcf, 0xfe,
    0x0, 0x7, 0xff, 0xe1, 0x0, 0xb, 0xff, 0x70,
    0xc, 0xff, 0x70, 0x0, 0x3, 0xff, 0xd0, 0xf,
    0xff, 0x40, 0x0, 0x1, 0xff, 0xf0, 0xf, 0xff,
    0xff, 0xff, 0xff, 0xff, 0xf2, 0xf, 0xff, 0xff,
    0xff, 0xff, 0xff, 0xf3, 0xc, 0xff, 0x30, 0x0,
    0x0, 0x0, 0x0, 0x7, 0xff, 0xb0, 0x0, 0x3,
    0xbb, 0xa0, 0x0, 0xdf, 0xfd, 0x87, 0x9f, 0xff,
    0x70, 0x0, 0x2d, 0xff, 0xff, 0xff, 0xf9, 0x0,
    0x0, 0x0, 0x7c, 0xef, 0xda, 0x30, 0x0, 0x0,
    0x0, 0x0, 0x0, 0x0, 0x0, 0x0, 0x0, 0x0,
    0x1, 0x77, 0x40, 0x0, 0x0, 0x0, 0x0, 0x2,
    0xff, 0x90, 0x0, 0x0, 0x0, 0x0, 0x2, 0xff,
    0x90, 0x0, 0x0,

    /* U+1EC8 "Ỉ" */
    0x7f, 0xfc, 0x16, 0xae, 0xf7, 0x0, 0x9f, 0x50,
    0x2c, 0xa0, 0x0, 0x0, 0x1, 0xff, 0xf0, 0x1f,
    0xff, 0x1, 0xff, 0xf0, 0x1f, 0xff, 0x1, 0xff,
    0xf0, 0x1f, 0xff, 0x1, 0xff, 0xf0, 0x1f, 0xff,
    0x1, 0xff, 0xf0, 0x1f, 0xff, 0x1, 0xff, 0xf0,
    0x1f, 0xff, 0x1, 0xff, 0xf0, 0x1f, 0xff, 0x1,
    0xff, 0xf0, 0x1f, 0xff, 0x1, 0xff, 0xf0,

    /* U+1EC9 "ỉ" */
    0xbf, 0xe9, 0x9, 0xaf, 0xf3, 0x0, 0xdf, 0x10,
    0x5d, 0x70, 0x0, 0x0, 0x5, 0xff, 0xc0, 0x5f,
    0xfc, 0x5, 0xff, 0xc0, 0x5f, 0xfc, 0x5, 0xff,
    0xc0, 0x5f, 0xfc, 0x5, 0xff, 0xc0, 0x5f, 0xfc,
    0x5, 0xff, 0xc0, 0x5f, 0xfc, 0x5, 0xff, 0xc0,
    0x5f, 0xfc, 0x5, 0xff, 0xc0,

    /* U+1ECA "Ị" */
    0x1f, 0xff, 0x1, 0xff, 0xf0, 0x1f, 0xff, 0x1,
    0xff, 0xf0, 0x1f, 0xff, 0x1, 0xff, 0xf0, 0x1f,
    0xff, 0x1, 0xff, 0xf0, 0x1f, 0xff, 0x1, 0xff,
    0xf0, 0x1f, 0xff, 0x1, 0xff, 0xf0, 0x1f, 0xff,
    0x1, 0xff, 0xf0, 0x1f, 0xff, 0x1, 0xff, 0xf0,
    0x1f, 0xff, 0x0, 0x0, 0x0, 0x6, 0x76, 0x0,
    0xef, 0xd0, 0xe, 0xfd, 0x0,

    /* U+1ECB "ị" */
    0x6f, 0xfd, 0x6f, 0xfd, 0x4b, 0xb9, 0x0, 0x0,
    0x5f, 0xfc, 0x5f, 0xfc, 0x5f, 0xfc, 0x5f, 0xfc,
    0x5f, 0xfc, 0x5f, 0xfc, 0x5f, 0xfc, 0x5f, 0xfc,
    0x5f, 0xfc, 0x5f, 0xfc, 0x5f, 0xfc, 0x5f, 0xfc,
    0x5f, 0xfc, 0x0, 0x0, 0x17, 0x74, 0x2f, 0xf9,
    0x2f, 0xf9,

    /* U+1ECC "Ọ" */
    0x0, 0x0, 0x4a, 0xdf, 0xfe, 0xb6, 0x0, 0x0,
    0x0, 0x1, 0xbf, 0xff, 0xff, 0xff, 0xfe, 0x30,
    0x0, 0x1, 0xdf, 0xff, 0xec, 0xbe, 0xff, 0xff,
    0x40, 0x0, 0xaf, 0xff, 0x70, 0x0, 0x4, 0xef,
    0xfe, 0x10, 0x2f, 0xff, 0x60, 0x0, 0x0, 0x2,
    0xff, 0xf7, 0x8, 0xff, 0xd0, 0x0, 0x0, 0x0,
    0x8, 0xff, 0xd0, 0xcf, 0xf7, 0x0, 0x0, 0x0,
    0x0, 0x3f, 0xff, 0x1d, 0xff, 0x50, 0x0, 0x0,
    0x0, 0x0, 0xff, 0xf2, 0xff, 0xf4, 0x0, 0x0,
    0x0, 0x0, 0xf, 0xff, 0x4e, 0xff, 0x50, 0x0,
    0x0, 0x0, 0x0, 0xff, 0xf2, 0xcf, 0xf7, 0x0,
    0x0, 0x0, 0x0, 0x2f, 0xff, 0x18, 0xff, 0xc0,
    0x0, 0x0, 0x0, 0x8, 0xff, 0xd0, 0x3f, 0xff,
    0x60, 0x0, 0x0, 0x1, 0xff, 0xf8, 0x0, 0xbf,
    0xff, 0x70, 0x0, 0x4, 0xef, 0xfe, 0x10, 0x1,
    0xef, 0xff, 0xec, 0xbd, 0xff, 0xff, 0x40, 0x0,
    0x1, 0xbf, 0xff, 0xff, 0xff, 0xfe, 0x40, 0x0,
    0x0, 0x0, 0x4a, 0xdf, 0xfe, 0xb7, 0x0, 0x0,
    0x0, 0x0, 0x0, 0x0, 0x0, 0x0, 0x0, 0x0,
    0x0, 0x0, 0x0, 0x0, 0x17, 0x73, 0x0, 0x0,
    0x0, 0x0, 0x0, 0x0, 0x3, 0xff, 0x80, 0x0,
    0x0, 0x0, 0x0, 0x0, 0x0, 0x3f, 0xf8, 0x0,
    0x0, 0x0, 0x0,

    /* U+1ECD "ọ" */
    0x0, 0x0, 0x6c, 0xef, 0xd9, 0x20, 0x0, 0x0,
    0x2d, 0xff, 0xff, 0xff, 0xf7, 0x0, 0x0, 0xdf,
    0xfe, 0x98, 0xcf, 0xff, 0x50, 0x7, 0xff, 0xe1,
    0x0, 0x9, 0xff, 0xe0, 0xc, 0xff, 0x70, 0x0,
    0x1, 0xff, 0xf4, 0xf, 0xff, 0x30, 0x0, 0x0,
    0xcf, 0xf6, 0xf, 0xff, 0x20, 0x0, 0x0, 0xbf,
    0xf8, 0xf, 0xff, 0x30, 0x0, 0x0, 0xcf, 0xf6,
    0xc, 0xff, 0x70, 0x0, 0x0, 0xff, 0xf4, 0x6,
    0xff, 0xe1, 0x0, 0x8, 0xff, 0xe0, 0x0, 0xdf,
    0xfe, 0x97, 0xbf, 0xff, 0x50, 0x0, 0x2d, 0xff,
    0xff, 0xff, 0xf7, 0x0, 0x0, 0x0, 0x6c, 0xef,
    0xd9, 0x30, 0x0, 0x0, 0x0, 0x0, 0x0, 0x0,
    0x0, 0x0, 0x0, 0x0, 0x1, 0x77, 0x40, 0x0,
    0x0, 0x0, 0x0, 0x2, 0xff, 0x90, 0x0, 0x0,
    0x0, 0x0, 0x2, 0xff, 0x90, 0x0, 0x0,

    /* U+1ECE "Ỏ" */
    0x0, 0x0, 0x0, 0x79, 0x82, 0x0, 0x0, 0x0,
    0x0, 0x0, 0x0, 0xd, 0xff, 0xe0, 0x0, 0x0,
    0x0, 0x0, 0x0, 0x0, 0x10, 0xef, 0x20, 0x0,
    0x0, 0x0, 0x0, 0x0, 0x0, 0xf, 0xf0, 0x0,
    0x0, 0x0, 0x0, 0x0, 0x0, 0x7, 0xe6, 0x0,
    0x0, 0x0, 0x0, 0x0, 0x0, 0x0, 0x0, 0x0,
    0x0, 0x0, 0x0, 0x0, 0x0, 0x4a, 0xdf, 0xfe,
    0xb6, 0x0, 0x0, 0x0, 0x1, 0xbf, 0xff, 0xff,
    0xff, 0xfe, 0x30, 0x0, 0x1, 0xdf, 0xff, 0xec,
    0xbe, 0xff, 0xff, 0x40, 0x0, 0xaf, 0xff, 0x70,
    0x0, 0x4, 0xef, 0xfe, 0x10, 0x2f, 0xff, 0x60,
    0x0, 0x0, 0x2, 0xff, 0xf7, 0x8, 0xff, 0xd0,
    0x0, 0x0, 0x0, 0x8, 0xff, 0xd0, 0xcf, 0xf7,
    0x0, 0x0, 0x0, 0x0, 0x3f, 0xff, 0x1d, 0xff,
    0x50, 0x0, 0x0, 0x0, 0x0, 0xff, 0xf2, 0xff,
    0xf4, 0x0, 0x0, 0x0, 0x0, 0xf, 0xff, 0x4e,
    0xff, 0x50, 0x0, 0x0, 0x0, 0x0, 0xff, 0xf2,
    0xcf, 0xf7, 0x0, 0x0, 0x0, 0x0, 0x2f, 0xff,
    0x18, 0xff, 0xc0, 0x0, 0x0, 0x0, 0x8, 0xff,
    0xd0, 0x3f, 0xff, 0x60, 0x0, 0x0, 0x1, 0xff,
    0xf8, 0x0, 0xbf, 0xff, 0x70, 0x0, 0x4, 0xef,
    0xfe, 0x10, 0x1, 0xef, 0xff, 0xec, 0xbd, 0xff,
    0xff, 0x40, 0x0, 0x1, 0xbf, 0xff, 0xff, 0xff,
    0xfe, 0x40, 0x0, 0x0, 0x0, 0x4a, 0xdf, 0xfe,
    0xb7, 0x0, 0x0, 0x0,

    /* U+1ECF "ỏ" */
    0x0, 0x0, 0x6, 0x99, 0x30, 0x0, 0x0, 0x0,
    0x0, 0xc, 0xff, 0xf1, 0x0, 0x0, 0x0, 0x0,
    0x1, 0xd, 0xf3, 0x0, 0x0, 0x0, 0x0, 0x0,
    0xe, 0xf1, 0x0, 0x0, 0x0, 0x0, 0x0, 0x6d,
    0x60, 0x0, 0x0, 0x0, 0x0, 0x0, 0x0, 0x0,
    0x0, 0x0, 0x0, 0x0, 0x6c, 0xef, 0xd9, 0x20,
    0x0, 0x0, 0x2d, 0xff, 0xff, 0xff, 0xf7, 0x0,
    0x0, 0xdf, 0xfe, 0x98, 0xcf, 0xff, 0x50, 0x7,
    0xff, 0xe1, 0x0, 0x9, 0xff, 0xe0, 0xc, 0xff,
    0x70, 0x0, 0x1, 0xff, 0xf4, 0xf, 0xff, 0x30,
    0x0, 0x0, 0xcf, 0xf6, 0xf, 0xff, 0x20, 0x0,
    0x0, 0xbf, 0xf8, 0xf, 0xff, 0x30, 0x0, 0x0,
    0xcf, 0xf6, 0xc, 0xff, 0x70, 0x0, 0x0, 0xff,
    0xf4, 0x6, 0xff, 0xe1, 0x0, 0x8, 0xff, 0xe0,
    0x0, 0xdf, 0xfe, 0x97, 0xbf, 0xff, 0x50, 0x0,
    0x2d, 0xff, 0xff, 0xff, 0xf7, 0x0, 0x0, 0x0,
    0x6c, 0xef, 0xd9, 0x30, 0x0,

    /* U+1ED0 "Ố" */
    0x0, 0x0, 0x0, 0x0, 0x0, 0x1, 0x55, 0x30,
    0x0, 0x0, 0x0, 0x0, 0x0, 0x0, 0x7f, 0xf3,
    0x0, 0x0, 0x0, 0x0, 0x0, 0x0, 0xd, 0xfa,
    0x0, 0x0, 0x0, 0x0, 0x6, 0xbb, 0xa3, 0xff,
    0x20, 0x0, 0x0, 0x0, 0x1, 0xff, 0xff, 0x60,
    0x0, 0x0, 0x0, 0x0, 0x0, 0xbf, 0xa6, 0xfe,
    0x10, 0x0, 0x0, 0x0, 0x0, 0x4f, 0xe1, 0xb,
    0xf9, 0x0, 0x0, 0x0, 0x0, 0x0, 0x0, 0x0,
    0x0, 0x0, 0x0, 0x0, 0x0, 0x0, 0x4a, 0xdf,
    0xfe, 0xb6, 0x0, 0x0, 0x0, 0x1, 0xbf, 0xff,
    0xff, 0xff, 0xfe, 0x30, 0x0, 0x1, 0xdf, 0xff,
    0xec, 0xbe, 0xff, 0xff, 0x40, 0x0, 0xaf, 0xff,
    0x70, 0x0, 0x4, 0xef, 0xfe, 0x10, 0x2f, 0xff,
    0x60, 0x0, 0x0, 0x2, 0xff, 0xf7, 0x8, 0xff,
    0xd0, 0x0, 0x0, 0x0, 0x8, 0xff, 0xd0, 0xcf,
    0xf7, 0x0, 0x0, 0x0, 0x0, 0x3f, 0xff, 0x1d,
    0xff, 0x50, 0x0, 0x0, 0x0, 0x0, 0xff, 0xf2,
    0xff, 0xf4, 0x0, 0x0, 0x0, 0x0, 0xf, 0xff,
    0x4e, 0xff, 0x50, 0x0, 0x0, 0x0, 0x0, 0xff,
    0xf2, 0xcf, 0xf7, 0x0, 0x0, 0x0, 0x0, 0x2f,
    0xff, 0x18, 0xff, 0xc0, 0x0, 0x0, 0x0, 0x8,
    0xff, 0xd0, 0x3f, 0xff, 0x60, 0x0, 0x0, 0x1,
    0xff, 0xf8, 0x0, 0xbf, 0xff, 0x70, 0x0, 0x4,
    0xef, 0xfe, 0x10, 0x1, 0xef, 0xff, 0xec, 0xbd,
    0xff, 0xff, 0x40, 0x0, 0x1, 0xbf, 0xff, 0xff,
    0xff, 0xfe, 0x40, 0x0, 0x0, 0x0, 0x4a, 0xdf,
    0xfe, 0xb7, 0x0, 0x0, 0x0,

    /* U+1ED1 "ố" */
    0x0, 0x0, 0x0, 0x0, 0x0, 0x4f, 0xf8, 0x0,
    0x0, 0x0, 0x0, 0x0, 0xaf, 0xe0, 0x0, 0x0,
    0x0, 0x0, 0x0, 0xff, 0x60, 0x0, 0x0, 0xa,
    0xff, 0xf3, 0x55, 0x0, 0x0, 0x0, 0x6f, 0xd7,
    0xfd, 0x0, 0x0, 0x0, 0x2, 0xff, 0x20, 0xaf,
    0x90, 0x0, 0x0, 0x0, 0x0, 0x0, 0x0, 0x0,
    0x0, 0x0, 0x0, 0x6c, 0xef, 0xd9, 0x20, 0x0,
    0x0, 0x2d, 0xff, 0xff, 0xff, 0xf7, 0x0, 0x0,
    0xdf, 0xfe, 0x98, 0xcf, 0xff, 0x50, 0x7, 0xff,
    0xe1, 0x0, 0x9, 0xff, 0xe0, 0xc, 0xff, 0x70,
    0x0, 0x1, 0xff, 0xf4, 0xf, 0xff, 0x30, 0x0,
    0x0, 0xcf, 0xf6, 0xf, 0xff, 0x20, 0x0, 0x0,
    0xbf, 0xf8, 0xf, 0xff, 0x30, 0x0, 0x0, 0xcf,
    0xf6, 0xc, 0xff, 0x70, 0x0, 0x0, 0xff, 0xf4,
    0x6, 0xff, 0xe1, 0x0, 0x8, 0xff, 0xe0, 0x0,
    0xdf, 0xfe, 0x97, 0xbf, 0xff, 0x50, 0x0, 0x2d,
    0xff, 0xff, 0xff, 0xf7, 0x0, 0x0, 0x0, 0x6c,
    0xef, 0xd9, 0x30, 0x0,

    /* U+1ED2 "Ồ" */
    0x0, 0x0, 0x0, 0x0, 0x0, 0x55, 0x40, 0x0,
    0x0, 0x0, 0x0, 0x0, 0x0, 0xa, 0xff, 0x10,
    0x0, 0x0, 0x0, 0x0, 0x0, 0x0, 0x1f, 0xf6,
    0x0, 0x0, 0x0, 0x0, 0x6, 0xbb, 0xa0, 0x8f,
    0xc0, 0x0, 0x0, 0x0, 0x1, 0xff, 0xff, 0x60,
    0x0, 0x0, 0x0, 0x0, 0x0, 0xbf, 0xa6, 0xfe,
    0x10, 0x0, 0x0, 0x0, 0x0, 0x4f, 0xe1, 0xb,
    0xf9, 0x0, 0x0, 0x0, 0x0, 0x0, 0x0, 0x0,
    0x0, 0x0, 0x0, 0x0, 0x0, 0x0, 0x4a, 0xdf,
    0xfe, 0xb6, 0x0, 0x0, 0x0, 0x1, 0xbf, 0xff,
    0xff, 0xff, 0xfe, 0x30, 0x0, 0x1, 0xdf, 0xff,
    0xec, 0xbe, 0xff, 0xff, 0x40, 0x0, 0xaf, 0xff,
    0x70, 0x0, 0x4, 0xef, 0xfe, 0x10, 0x2f, 0xff,
    0x60, 0x0, 0x0, 0x2, 0xff, 0xf7, 0x8, 0xff,
    0xd0, 0x0, 0x0, 0x0, 0x8, 0xff, 0xd0, 0xcf,
    0xf7, 0x0, 0x0, 0x0, 0x0, 0x3f, 0xff, 0x1d,
    0xff, 0x50, 0x0, 0x0, 0x0, 0x0, 0xff, 0xf2,
    0xff, 0xf4, 0x0, 0x0, 0x0, 0x0, 0xf, 0xff,
    0x4e, 0xff, 0x50, 0x0, 0x0, 0x0, 0x0, 0xff,
    0xf2, 0xcf, 0xf7, 0x0, 0x0, 0x0, 0x0, 0x2f,
    0xff, 0x18, 0xff, 0xc0, 0x0, 0x0, 0x0, 0x8,
    0xff, 0xd0, 0x3f, 0xff, 0x60, 0x0, 0x0, 0x1,
    0xff, 0xf8, 0x0, 0xbf, 0xff, 0x70, 0x0, 0x4,
    0xef, 0xfe, 0x10, 0x1, 0xef, 0xff, 0xec, 0xbd,
    0xff, 0xff, 0x40, 0x0, 0x1, 0xbf, 0xff, 0xff,
    0xff, 0xfe, 0x40, 0x0, 0x0, 0x0, 0x4a, 0xdf,
    0xfe, 0xb7, 0x0, 0x0, 0x0,

    /* U+1ED3 "ồ" */
    0x0, 0x0, 0x0, 0x0, 0xc, 0xff, 0x0, 0x0,
    0x0, 0x0, 0x0, 0x3, 0xff, 0x60, 0x0, 0x0,
    0x0, 0x0, 0x0, 0xaf, 0xc0, 0x0, 0x0, 0xa,
    0xff, 0xf2, 0x15, 0x50, 0x0, 0x0, 0x6f, 0xd7,
    0xfd, 0x0, 0x0, 0x0, 0x2, 0xff, 0x20, 0xaf,
    0x90, 0x0, 0x0, 0x0, 0x0, 0x0, 0x0, 0x0,
    0x0, 0x0, 0x0, 0x6c, 0xef, 0xd9, 0x20, 0x0,
    0x0, 0x2d, 0xff, 0xff, 0xff, 0xf7, 0x0, 0x0,
    0xdf, 0xfe, 0x98, 0xcf, 0xff, 0x50, 0x7, 0xff,
    0xe1, 0x0, 0x9, 0xff, 0xe0, 0xc, 0xff, 0x70,
    0x0, 0x1, 0xff, 0xf4, 0xf, 0xff, 0x30, 0x0,
    0x0, 0xcf, 0xf6, 0xf, 0xff, 0x20, 0x0, 0x0,
    0xbf, 0xf8, 0xf, 0xff, 0x30, 0x0, 0x0, 0xcf,
    0xf6, 0xc, 0xff, 0x70, 0x0, 0x0, 0xff, 0xf4,
    0x6, 0xff, 0xe1, 0x0, 0x8, 0xff, 0xe0, 0x0,
    0xdf, 0xfe, 0x97, 0xbf, 0xff, 0x50, 0x0, 0x2d,
    0xff, 0xff, 0xff, 0xf7, 0x0, 0x0, 0x0, 0x6c,
    0xef, 0xd9, 0x30, 0x0,

    /* U+1ED4 "Ổ" */
    0x0, 0x0, 0x0, 0x0, 0x2, 0x77, 0x30, 0x0,
    0x0, 0x0, 0x0, 0x0, 0x0, 0x6f, 0xff, 0x20,
    0x0, 0x0, 0x0, 0x0, 0x0, 0x0, 0xa, 0xf4,
    0x0, 0x0, 0x0, 0x0, 0x3, 0x66, 0x50, 0xdf,
    0x10, 0x0, 0x0, 0x0, 0x0, 0xef, 0xff, 0x68,
    0x30, 0x0, 0x0, 0x0, 0x0, 0x9f, 0xd9, 0xfd,
    0x0, 0x0, 0x0, 0x0, 0x0, 0x3f, 0xf2, 0xc,
    0xf8, 0x0, 0x0, 0x0, 0x0, 0x0, 0x11, 0x0,
    0x1, 0x10, 0x0, 0x0, 0x0, 0x0, 0x4a, 0xdf,
    0xfe, 0xb6, 0x0, 0x0, 0x0, 0x1, 0xbf, 0xff,
    0xff, 0xff, 0xfe, 0x30, 0x0, 0x1, 0xdf, 0xff,
    0xec, 0xbe, 0xff, 0xff, 0x40, 0x0, 0xaf, 0xff,
    0x70, 0x0, 0x4, 0xef, 0xfe, 0x10, 0x2f, 0xff,
    0x60, 0x0, 0x0, 0x2, 0xff, 0xf7, 0x8, 0xff,
    0xd0, 0x0, 0x0, 0x0, 0x8, 0xff, 0xd0, 0xcf,
    0xf7, 0x0, 0x0, 0x0, 0x0, 0x3f, 0xff, 0x1d,
    0xff, 0x50, 0x0, 0x0, 0x0, 0x0, 0xff, 0xf2,
    0xff, 0xf4, 0x0, 0x0, 0x0, 0x0, 0xf, 0xff,
    0x4e, 0xff, 0x50, 0x0, 0x0, 0x0, 0x0, 0xff,
    0xf2, 0xcf, 0xf7, 0x0, 0x0, 0x0, 0x0, 0x2f,
    0xff, 0x18, 0xff, 0xc0, 0x0, 0x0, 0x0, 0x8,
    0xff, 0xd0, 0x3f, 0xff, 0x60, 0x0, 0x0, 0x1,
    0xff, 0xf8, 0x0, 0xbf, 0xff, 0x70, 0x0, 0x4,
    0xef, 0xfe, 0x10, 0x1, 0xef, 0xff, 0xec, 0xbd,
    0xff, 0xff, 0x40, 0x0, 0x1, 0xbf, 0xff, 0xff,
    0xff, 0xfe, 0x40, 0x0, 0x0, 0x0, 0x4a, 0xdf,
    0xfe, 0xb7, 0x0, 0x0, 0x0,

    /* U+1ED5 "ổ" */
    0x0, 0x0, 0x0, 0x0, 0x27, 0x73, 0x0, 0x0,
    0x0, 0x0, 0x0, 0x5f, 0xff, 0x20, 0x0, 0x0,
    0x0, 0x0, 0x0, 0x9f, 0x50, 0x0, 0x0, 0x0,
    0x0, 0x0, 0xaf, 0x30, 0x0, 0x0, 0xa, 0xff,
    0xf3, 0xc8, 0x0, 0x0, 0x0, 0x5f, 0xfd, 0xfc,
    0x0, 0x0, 0x0, 0x2, 0xff, 0x40, 0xcf, 0x80,
    0x0, 0x0, 0x0, 0x21, 0x0, 0x2, 0x10, 0x0,
    0x0, 0x0, 0x6c, 0xef, 0xd9, 0x20, 0x0, 0x0,
    0x2d, 0xff, 0xff, 0xff, 0xf7, 0x0, 0x0, 0xdf,
    0xfe, 0x98, 0xcf, 0xff, 0x50, 0x7, 0xff, 0xe1,
    0x0, 0x9, 0xff, 0xe0, 0xc, 0xff, 0x70, 0x0,
    0x1, 0xff, 0xf4, 0xf, 0xff, 0x30, 0x0, 0x0,
    0xcf, 0xf6, 0xf, 0xff, 0x20, 0x0, 0x0, 0xbf,
    0xf8, 0xf, 0xff, 0x30, 0x0, 0x0, 0xcf, 0xf6,
    0xc, 0xff, 0x70, 0x0, 0x0, 0xff, 0xf4, 0x6,
    0xff, 0xe1, 0x0, 0x8, 0xff, 0xe0, 0x0, 0xdf,
    0xfe, 0x97, 0xbf, 0xff, 0x50, 0x0, 0x2d, 0xff,
    0xff, 0xff, 0xf7, 0x0, 0x0, 0x0, 0x6c, 0xef,
    0xd9, 0x30, 0x0,

    /* U+1ED6 "Ỗ" */
    0x0, 0x0, 0x9, 0xfe, 0x71, 0xcd, 0x0, 0x0,
    0x0, 0x0, 0x5, 0xfd, 0xef, 0xff, 0x80, 0x0,
    0x0, 0x0, 0x0, 0x6b, 0x0, 0x8b, 0x70, 0x0,
    0x0, 0x0, 0x0, 0x0, 0x2, 0x55, 0x40, 0x0,
    0x0, 0x0, 0x0, 0x0, 0x0, 0xdf, 0xff, 0x30,
    0x0, 0x0, 0x0, 0x0, 0x0, 0x8f, 0xd9, 0xfd,
    0x0, 0x0, 0x0, 0x0, 0x0, 0x3f, 0xf2, 0xc,
    0xf8, 0x0, 0x0, 0x0, 0x0, 0x1, 0x21, 0x0,
    0x2, 0x20, 0x0, 0x0, 0x0, 0x0, 0x4a, 0xdf,
    0xfe, 0xb6, 0x0, 0x0, 0x0, 0x1, 0xbf, 0xff,
    0xff, 0xff, 0xfe, 0x30, 0x0, 0x1, 0xdf, 0xff,
    0xec, 0xbe, 0xff, 0xff, 0x40, 0x0, 0xaf, 0xff,
    0x70, 0x0, 0x4, 0xef, 0xfe, 0x10, 0x2f, 0xff,
    0x60, 0x0, 0x0, 0x2, 0xff, 0xf7, 0x8, 0xff,
    0xd0, 0x0, 0x0, 0x0, 0x8, 0xff, 0xd0, 0xcf,
    0xf7, 0x0, 0x0, 0x0, 0x0, 0x3f, 0xff, 0x1d,
    0xff, 0x50, 0x0, 0x0, 0x0, 0x0, 0xff, 0xf2,
    0xff, 0xf4, 0x0, 0x0, 0x0, 0x0, 0xf, 0xff,
    0x4e, 0xff, 0x50, 0x0, 0x0, 0x0, 0x0, 0xff,
    0xf2, 0xcf, 0xf7, 0x0, 0x0, 0x0, 0x0, 0x2f,
    0xff, 0x18, 0xff, 0xc0, 0x0, 0x0, 0x0, 0x8,
    0xff, 0xd0, 0x3f, 0xff, 0x60, 0x0, 0x0, 0x1,
    0xff, 0xf8, 0x0, 0xbf, 0xff, 0x70, 0x0, 0x4,
    0xef, 0xfe, 0x10, 0x1, 0xef, 0xff, 0xec, 0xbd,
    0xff, 0xff, 0x40, 0x0, 0x1, 0xbf, 0xff, 0xff,
    0xff, 0xfe, 0x40, 0x0, 0x0, 0x0, 0x4a, 0xdf,
    0xfe, 0xb7, 0x0, 0x0, 0x0,

    /* U+1ED7 "ỗ" */
    0x0, 0x0, 0x8e, 0xe8, 0x1b, 0xe0, 0x0, 0x0,
    0x3, 0xfe, 0xef, 0xff, 0xa0, 0x0, 0x0, 0x5,
    0xb1, 0x7, 0xb8, 0x0, 0x0, 0x0, 0x0, 0x0,
    0x0, 0x0, 0x0, 0x0, 0x0, 0x0, 0x9, 0xff,
    0xf2, 0x0, 0x0, 0x0, 0x0, 0x5f, 0xfc, 0xfc,
    0x0, 0x0, 0x0, 0x2, 0xff, 0x40, 0xbf, 0x90,
    0x0, 0x0, 0x1, 0x21, 0x0, 0x2, 0x20, 0x0,
    0x0, 0x0, 0x6c, 0xef, 0xd9, 0x20, 0x0, 0x0,
    0x2d, 0xff, 0xff, 0xff, 0xf7, 0x0, 0x0, 0xdf,
    0xfe, 0x98, 0xcf, 0xff, 0x50, 0x7, 0xff, 0xe1,
    0x0, 0x9, 0xff, 0xe0, 0xc, 0xff, 0x70, 0x0,
    0x1, 0xff, 0xf4, 0xf, 0xff, 0x30, 0x0, 0x0,
    0xcf, 0xf6, 0xf, 0xff, 0x20, 0x0, 0x0, 0xbf,
    0xf8, 0xf, 0xff, 0x30, 0x0, 0x0, 0xcf, 0xf6,
    0xc, 0xff, 0x70, 0x0, 0x0, 0xff, 0xf4, 0x6,
    0xff, 0xe1, 0x0, 0x8, 0xff, 0xe0, 0x0, 0xdf,
    0xfe, 0x97, 0xbf, 0xff, 0x50, 0x0, 0x2d, 0xff,
    0xff, 0xff, 0xf7, 0x0, 0x0, 0x0, 0x6c, 0xef,
    0xd9, 0x30, 0x0,

    /* U+1ED8 "Ộ" */
    0x0, 0x0, 0x0, 0x48, 0x86, 0x0, 0x0, 0x0,
    0x0, 0x0, 0x0, 0x1e, 0xff, 0xf5, 0x0, 0x0,
    0x0, 0x0, 0x0, 0xa, 0xfb, 0x6f, 0xe1, 0x0,
    0x0, 0x0, 0x0, 0x5, 0xfe, 0x10, 0xaf, 0x90,
    0x0, 0x0, 0x0, 0x0, 0x0, 0x0, 0x0, 0x0,
    0x0, 0x0, 0x0, 0x0, 0x4, 0xad, 0xff, 0xeb,
    0x60, 0x0, 0x0, 0x0, 0x1b, 0xff, 0xff, 0xff,
    0xff, 0xe3, 0x0, 0x0, 0x1d, 0xff, 0xfe, 0xcb,
    0xef, 0xff, 0xf4, 0x0, 0xa, 0xff, 0xf7, 0x0,
    0x0, 0x4e, 0xff, 0xe1, 0x2, 0xff, 0xf6, 0x0,
    0x0, 0x0, 0x2f, 0xff, 0x70, 0x8f, 0xfd, 0x0,
    0x0, 0x0, 0x0, 0x8f, 0xfd, 0xc, 0xff, 0x70,
    0x0, 0x0, 0x0, 0x3, 0xff, 0xf1, 0xdf, 0xf5,
    0x0, 0x0, 0x0, 0x0, 0xf, 0xff, 0x2f, 0xff,
    0x40, 0x0, 0x0, 0x0, 0x0, 0xff, 0xf4, 0xef,
    0xf5, 0x0, 0x0, 0x0, 0x0, 0xf, 0xff, 0x2c,
    0xff, 0x70, 0x0, 0x0, 0x0, 0x2, 0xff, 0xf1,
    0x8f, 0xfc, 0x0, 0x0, 0x0, 0x0, 0x8f, 0xfd,
    0x3, 0xff, 0xf6, 0x0, 0x0, 0x0, 0x1f, 0xff,
    0x80, 0xb, 0xff, 0xf7, 0x0, 0x0, 0x4e, 0xff,
    0xe1, 0x0, 0x1e, 0xff, 0xfe, 0xcb, 0xdf, 0xff,
    0xf4, 0x0, 0x0, 0x1b, 0xff, 0xff, 0xff, 0xff,
    0xe4, 0x0, 0x0, 0x0, 0x4, 0xad, 0xff, 0xeb,
    0x70, 0x0, 0x0, 0x0, 0x0, 0x0, 0x0, 0x0,
    0x0, 0x0, 0x0, 0x0, 0x0, 0x0, 0x1, 0x77,
    0x30, 0x0, 0x0, 0x0, 0x0, 0x0, 0x0, 0x3f,
    0xf8, 0x0, 0x0, 0x0, 0x0, 0x0, 0x0, 0x3,
    0xff, 0x80, 0x0, 0x0, 0x0,

    /* U+1ED9 "ộ" */
    0x0, 0x0, 0x3, 0x88, 0x70, 0x0, 0x0, 0x0,
    0x0, 0x1e, 0xfe, 0xf7, 0x0, 0x0, 0x0, 0x0,
    0xaf, 0x81, 0xef, 0x30, 0x0, 0x0, 0x3, 0xca,
    0x0, 0x5c, 0x90, 0x0, 0x0, 0x0, 0x0, 0x0,
    0x0, 0x0, 0x0, 0x0, 0x0, 0x6c, 0xef, 0xd9,
    0x20, 0x0, 0x0, 0x2d, 0xff, 0xff, 0xff, 0xf7,
    0x0, 0x0, 0xdf, 0xfe, 0x98, 0xcf, 0xff, 0x50,
    0x7, 0xff, 0xe1, 0x0, 0x9, 0xff, 0xe0, 0xc,
    0xff, 0x70, 0x0, 0x1, 0xff, 0xf4, 0xf, 0xff,
    0x30, 0x0, 0x0, 0xcf, 0xf6, 0xf, 0xff, 0x20,
    0x0, 0x0, 0xbf, 0xf8, 0xf, 0xff, 0x30, 0x0,
    0x0, 0xcf, 0xf6, 0xc, 0xff, 0x70, 0x0, 0x0,
    0xff, 0xf4, 0x6, 0xff, 0xe1, 0x0, 0x8, 0xff,
    0xe0, 0x0, 0xdf, 0xfe, 0x97, 0xbf, 0xff, 0x50,
    0x0, 0x2d, 0xff, 0xff, 0xff, 0xf7, 0x0, 0x0,
    0x0, 0x6c, 0xef, 0xd9, 0x30, 0x0, 0x0, 0x0,
    0x0, 0x0, 0x0, 0x0, 0x0, 0x0, 0x0, 0x1,
    0x77, 0x40, 0x0, 0x0, 0x0, 0x0, 0x2, 0xff,
    0x90, 0x0, 0x0, 0x0, 0x0, 0x2, 0xff, 0x90,
    0x0, 0x0,

    /* U+1EDA "Ớ" */
    0x0, 0x0, 0x0, 0x0, 0xff, 0xe1, 0x0, 0x0,
    0x0, 0x0, 0x0, 0x0, 0x7f, 0xf5, 0x2, 0xbb,
    0x20, 0x0, 0x0, 0x0, 0xd, 0xfb, 0x0, 0x1f,
    0xf5, 0x0, 0x0, 0x0, 0x0, 0x55, 0x10, 0x0,
    0xff, 0x70, 0x0, 0x0, 0x0, 0x0, 0x0, 0x0,
    0x4f, 0xf4, 0x0, 0x0, 0x4, 0xad, 0xff, 0xef,
    0xff, 0xfb, 0x0, 0x0, 0x1b, 0xff, 0xff, 0xff,
    0xff, 0xf7, 0x0, 0x0, 0x1d, 0xff, 0xfe, 0xcb,
    0xef, 0xff, 0xf4, 0x0, 0xa, 0xff, 0xf7, 0x0,
    0x0, 0x4e, 0xff, 0xe1, 0x2, 0xff, 0xf6, 0x0,
    0x0, 0x0, 0x2f, 0xff, 0x70, 0x8f, 0xfd, 0x0,
    0x0, 0x0, 0x0, 0x8f, 0xfd, 0xc, 0xff, 0x70,
    0x0, 0x0, 0x0, 0x3, 0xff, 0xf1, 0xdf, 0xf5,
    0x0, 0x0, 0x0, 0x0, 0xf, 0xff, 0x2f, 0xff,
    0x40, 0x0, 0x0, 0x0, 0x0, 0xff, 0xf4, 0xef,
    0xf5, 0x0, 0x0, 0x0, 0x0, 0xf, 0xff, 0x2c,
    0xff, 0x70, 0x0, 0x0, 0x0, 0x2, 0xff, 0xf1,
    0x8f, 0xfc, 0x0, 0x0, 0x0, 0x0, 0x8f, 0xfd,
    0x3, 0xff, 0xf6, 0x0, 0x0, 0x0, 0x1f, 0xff,
    0x80, 0xb, 0xff, 0xf7, 0x0, 0x0, 0x4e, 0xff,
    0xe1, 0x0, 0x1e, 0xff, 0xfe, 0xcb, 0xdf, 0xff,
    0xf4, 0x0, 0x0, 0x1b, 0xff, 0xff, 0xff, 0xff,
    0xe4, 0x0, 0x0, 0x0, 0x4, 0xad, 0xff, 0xeb,
    0x70, 0x0, 0x0,

    /* U+1EDB "ớ" */
    0x0, 0x0, 0x0, 0x3f, 0xfb, 0x0, 0x0, 0x0,
    0x0, 0x0, 0xaf, 0xf2, 0xa, 0xb6, 0x0, 0x0,
    0x2, 0xff, 0x70, 0xb, 0xfb, 0x0, 0x0, 0x2,
    0x55, 0x0, 0xa, 0xfc, 0x0, 0x0, 0x0, 0x0,
    0x0, 0x1d, 0xfa, 0x0, 0x0, 0x6c, 0xef, 0xff,
    0xff, 0xe2, 0x0, 0x2d, 0xff, 0xff, 0xff, 0xfc,
    0x0, 0x0, 0xdf, 0xfe, 0x98, 0xcf, 0xff, 0x50,
    0x7, 0xff, 0xe1, 0x0, 0x9, 0xff, 0xe0, 0xc,
    0xff, 0x70, 0x0, 0x1, 0xff, 0xf4, 0xf, 0xff,
    0x30, 0x0, 0x0, 0xcf, 0xf6, 0xf, 0xff, 0x20,
    0x0, 0x0, 0xbf, 0xf8, 0xf, 0xff, 0x30, 0x0,
    0x0, 0xcf, 0xf6, 0xc, 0xff, 0x70, 0x0, 0x0,
    0xff, 0xf4, 0x6, 0xff, 0xe1, 0x0, 0x8, 0xff,
    0xe0, 0x0, 0xdf, 0xfe, 0x97, 0xbf, 0xff, 0x50,
    0x0, 0x2d, 0xff, 0xff, 0xff, 0xf7, 0x0, 0x0,
    0x0, 0x6c, 0xef, 0xd9, 0x30, 0x0,

    /* U+1EDC "Ờ" */
    0x0, 0x0, 0xb, 0xff, 0x40, 0x0, 0x0, 0x0,
    0x0, 0x0, 0x0, 0x1f, 0xfb, 0x0, 0x2, 0xbb,
    0x20, 0x0, 0x0, 0x0, 0x6f, 0xf2, 0x0, 0x1f,
    0xf5, 0x0, 0x0, 0x0, 0x0, 0x55, 0x20, 0x0,
    0xff, 0x70, 0x0, 0x0, 0x0, 0x0, 0x0, 0x0,
    0x4f, 0xf4, 0x0, 0x0, 0x4, 0xad, 0xff, 0xef,
    0xff, 0xfb, 0x0, 0x0, 0x1b, 0xff, 0xff, 0xff,
    0xff, 0xf7, 0x0, 0x0, 0x1d, 0xff, 0xfe, 0xcb,
    0xef, 0xff, 0xf4, 0x0, 0xa, 0xff, 0xf7, 0x0,
    0x0, 0x4e, 0xff, 0xe1, 0x2, 0xff, 0xf6, 0x0,
    0x0, 0x0, 0x2f, 0xff, 0x70, 0x8f, 0xfd, 0x0,
    0x0, 0x0, 0x0, 0x8f, 0xfd, 0xc, 0xff, 0x70,
    0x0, 0x0, 0x0, 0x3, 0xff, 0xf1, 0xdf, 0xf5,
    0x0, 0x0, 0x0, 0x0, 0xf, 0xff, 0x2f, 0xff,
    0x40, 0x0, 0x0, 0x0, 0x0, 0xff, 0xf4, 0xef,
    0xf5, 0x0, 0x0, 0x0, 0x0, 0xf, 0xff, 0x2c,
    0xff, 0x70, 0x0, 0x0, 0x0, 0x2, 0xff, 0xf1,
    0x8f, 0xfc, 0x0, 0x0, 0x0, 0x0, 0x8f, 0xfd,
    0x3, 0xff, 0xf6, 0x0, 0x0, 0x0, 0x1f, 0xff,
    0x80, 0xb, 0xff, 0xf7, 0x0, 0x0, 0x4e, 0xff,
    0xe1, 0x0, 0x1e, 0xff, 0xfe, 0xcb, 0xdf, 0xff,
    0xf4, 0x0, 0x0, 0x1b, 0xff, 0xff, 0xff, 0xff,
    0xe4, 0x0, 0x0, 0x0, 0x4, 0xad, 0xff, 0xeb,
    0x70, 0x0, 0x0,

    /* U+1EDD "ờ" */
    0x0, 0x1, 0xef, 0xf1, 0x0, 0x0, 0x0, 0x0,
    0x0, 0x5f, 0xf7, 0x0, 0xa, 0xb6, 0x0, 0x0,
    0xa, 0xfe, 0x0, 0xb, 0xfb, 0x0, 0x0, 0x1,
    0x55, 0x10, 0xa, 0xfc, 0x0, 0x0, 0x0, 0x0,
    0x0, 0x1d, 0xfa, 0x0, 0x0, 0x6c, 0xef, 0xff,
    0xff, 0xe2, 0x0, 0x2d, 0xff, 0xff, 0xff, 0xfc,
    0x0, 0x0, 0xdf, 0xfe, 0x98, 0xcf, 0xff, 0x50,
    0x7, 0xff, 0xe1, 0x0, 0x9, 0xff, 0xe0, 0xc,
    0xff, 0x70, 0x0, 0x1, 0xff, 0xf4, 0xf, 0xff,
    0x30, 0x0, 0x0, 0xcf, 0xf6, 0xf, 0xff, 0x20,
    0x0, 0x0, 0xbf, 0xf8, 0xf, 0xff, 0x30, 0x0,
    0x0, 0xcf, 0xf6, 0xc, 0xff, 0x70, 0x0, 0x0,
    0xff, 0xf4, 0x6, 0xff, 0xe1, 0x0, 0x8, 0xff,
    0xe0, 0x0, 0xdf, 0xfe, 0x97, 0xbf, 0xff, 0x50,
    0x0, 0x2d, 0xff, 0xff, 0xff, 0xf7, 0x0, 0x0,
    0x0, 0x6c, 0xef, 0xd9, 0x30, 0x0,

    /* U+1EDE "Ở" */
    0x0, 0x0, 0x0, 0x79, 0x82, 0x0, 0x0, 0x0,
    0x0, 0x0, 0x0, 0xd, 0xff, 0xe0, 0x0, 0x0,
    0x0, 0x0, 0x0, 0x0, 0x10, 0xef, 0x20, 0x2b,
    0xb2, 0x0, 0x0, 0x0, 0x0, 0xf, 0xf0, 0x1,
    0xff, 0x50, 0x0, 0x0, 0x0, 0x7, 0xe6, 0x0,
    0xf, 0xf7, 0x0, 0x0, 0x0, 0x0, 0x0, 0x0,
    0x4, 0xff, 0x40, 0x0, 0x0, 0x4a, 0xdf, 0xfe,
    0xff, 0xff, 0xb0, 0x0, 0x1, 0xbf, 0xff, 0xff,
    0xff, 0xff, 0x70, 0x0, 0x1, 0xdf, 0xff, 0xec,
    0xbe, 0xff, 0xff, 0x40, 0x0, 0xaf, 0xff, 0x70,
    0x0, 0x4, 0xef, 0xfe, 0x10, 0x2f, 0xff, 0x60,
    0x0, 0x0, 0x2, 0xff, 0xf7, 0x8, 0xff, 0xd0,
    0x0, 0x0, 0x0, 0x8, 0xff, 0xd0, 0xcf, 0xf7,
    0x0, 0x0, 0x0, 0x0, 0x3f, 0xff, 0x1d, 0xff,
    0x50, 0x0, 0x0, 0x0, 0x0, 0xff, 0xf2, 0xff,
    0xf4, 0x0, 0x0, 0x0, 0x0, 0xf, 0xff, 0x4e,
    0xff, 0x50, 0x0, 0x0, 0x0, 0x0, 0xff, 0xf2,
    0xcf, 0xf7, 0x0, 0x0, 0x0, 0x0, 0x2f, 0xff,
    0x18, 0xff, 0xc0, 0x0, 0x0, 0x0, 0x8, 0xff,
    0xd0, 0x3f, 0xff, 0x60, 0x0, 0x0, 0x1, 0xff,
    0xf8, 0x0, 0xbf, 0xff, 0x70, 0x0, 0x4, 0xef,
    0xfe, 0x10, 0x1, 0xef, 0xff, 0xec, 0xbd, 0xff,
    0xff, 0x40, 0x0, 0x1, 0xbf, 0xff, 0xff, 0xff,
    0xfe, 0x40, 0x0, 0x0, 0x0, 0x4a, 0xdf, 0xfe,
    0xb7, 0x0, 0x0, 0x0,

    /* U+1EDF "ở" */
    0x0, 0x0, 0x8, 0x97, 0x10, 0x0, 0x0, 0x0,
    0x0, 0x1f, 0xff, 0xb0, 0x0, 0x0, 0x0, 0x0,
    0x1, 0x3f, 0xe0, 0x9, 0xb6, 0x0, 0x0, 0x0,
    0x3f, 0xb0, 0xb, 0xfb, 0x0, 0x0, 0x0, 0xac,
    0x20, 0xa, 0xfc, 0x0, 0x0, 0x0, 0x0, 0x0,
    0x1d, 0xfa, 0x0, 0x0, 0x6c, 0xef, 0xff, 0xff,
    0xe2, 0x0, 0x2d, 0xff, 0xff, 0xff, 0xfc, 0x0,
    0x0, 0xdf, 0xfe, 0x98, 0xcf, 0xff, 0x50, 0x7,
    0xff, 0xe1, 0x0, 0x9, 0xff, 0xe0, 0xc, 0xff,
    0x70, 0x0, 0x1, 0xff, 0xf4, 0xf, 0xff, 0x30,
    0x0, 0x0, 0xcf, 0xf6, 0xf, 0xff, 0x20, 0x0,
    0x0, 0xbf, 0xf8, 0xf, 0xff, 0x30, 0x0, 0x0,
    0xcf, 0xf6, 0xc, 0xff, 0x70, 0x0, 0x0, 0xff,
    0xf4, 0x6, 0xff, 0xe1, 0x0, 0x8, 0xff, 0xe0,
    0x0, 0xdf, 0xfe, 0x97, 0xbf, 0xff, 0x50, 0x0,
    0x2d, 0xff, 0xff, 0xff, 0xf7, 0x0, 0x0, 0x0,
    0x6c, 0xef, 0xd9, 0x30, 0x0,

    /* U+1EE0 "Ỡ" */
    0x0, 0x0, 0xa, 0xfd, 0x50, 0x9f, 0x10, 0x0,
    0x0, 0x0, 0x8, 0xff, 0xff, 0xef, 0xc2, 0xdd,
    0x30, 0x0, 0x0, 0xce, 0x3, 0xcf, 0xc2, 0xf,
    0xf6, 0x0, 0x0, 0x0, 0x0, 0x0, 0x0, 0x0,
    0xff, 0x60, 0x0, 0x0, 0x0, 0x0, 0x0, 0x0,
    0x4f, 0xf4, 0x0, 0x0, 0x4, 0xad, 0xff, 0xef,
    0xff, 0xfb, 0x0, 0x0, 0x1b, 0xff, 0xff, 0xff,
    0xff, 0xf7, 0x0, 0x0, 0x1d, 0xff, 0xfe, 0xcb,
    0xef, 0xff, 0xf4, 0x0, 0xa, 0xff, 0xf7, 0x0,
    0x0, 0x4e, 0xff, 0xe1, 0x2, 0xff, 0xf6, 0x0,
    0x0, 0x0, 0x2f, 0xff, 0x70, 0x8f, 0xfd, 0x0,
    0x0, 0x0, 0x0, 0x8f, 0xfd, 0xc, 0xff, 0x70,
    0x0, 0x0, 0x0, 0x3, 0xff, 0xf1, 0xdf, 0xf5,
    0x0, 0x0, 0x0, 0x0, 0xf, 0xff, 0x2f, 0xff,
    0x40, 0x0, 0x0, 0x0, 0x0, 0xff, 0xf4, 0xef,
    0xf5, 0x0, 0x0, 0x0, 0x0, 0xf, 0xff, 0x2c,
    0xff, 0x70, 0x0, 0x0, 0x0, 0x2, 0xff, 0xf1,
    0x8f, 0xfc, 0x0, 0x0, 0x0, 0x0, 0x8f, 0xfd,
    0x3, 0xff, 0xf6, 0x0, 0x0, 0x0, 0x1f, 0xff,
    0x80, 0xb, 0xff, 0xf7, 0x0, 0x0, 0x4e, 0xff,
    0xe1, 0x0, 0x1e, 0xff, 0xfe, 0xcb, 0xdf, 0xff,
    0xf4, 0x0, 0x0, 0x1b, 0xff, 0xff, 0xff, 0xff,
    0xe4, 0x0, 0x0, 0x0, 0x4, 0xad, 0xff, 0xeb,
    0x70, 0x0, 0x0,

    /* U+1EE1 "ỡ" */
    0x0, 0x1, 0xac, 0xa2, 0xb, 0xb0, 0x0, 0x0,
    0xc, 0xff, 0xff, 0xef, 0x9b, 0xd7, 0x0, 0xf,
    0xa1, 0x6d, 0xfa, 0x1b, 0xfb, 0x0, 0x0, 0x0,
    0x0, 0x0, 0xa, 0xfc, 0x0, 0x0, 0x0, 0x0,
    0x0, 0x1d, 0xfa, 0x0, 0x0, 0x6c, 0xef, 0xff,
    0xff, 0xe2, 0x0, 0x2d, 0xff, 0xff, 0xff, 0xfc,
    0x0, 0x0, 0xdf, 0xfe, 0x98, 0xcf, 0xff, 0x50,
    0x7, 0xff, 0xe1, 0x0, 0x9, 0xff, 0xe0, 0xc,
    0xff, 0x70, 0x0, 0x1, 0xff, 0xf4, 0xf, 0xff,
    0x30, 0x0, 0x0, 0xcf, 0xf6, 0xf, 0xff, 0x20,
    0x0, 0x0, 0xbf, 0xf8, 0xf, 0xff, 0x30, 0x0,
    0x0, 0xcf, 0xf6, 0xc, 0xff, 0x70, 0x0, 0x0,
    0xff, 0xf4, 0x6, 0xff, 0xe1, 0x0, 0x8, 0xff,
    0xe0, 0x0, 0xdf, 0xfe, 0x97, 0xbf, 0xff, 0x50,
    0x0, 0x2d, 0xff, 0xff, 0xff, 0xf7, 0x0, 0x0,
    0x0, 0x6c, 0xef, 0xd9, 0x30, 0x0,

    /* U+1EE2 "Ợ" */
    0x0, 0x0, 0x0, 0x0, 0x0, 0x0, 0x2f, 0xf4,
    0x0, 0x0, 0x0, 0x0, 0x0, 0x0, 0x0, 0xff,
    0x60, 0x0, 0x0, 0x0, 0x0, 0x0, 0x0, 0x3f,
    0xf5, 0x0, 0x0, 0x4, 0xad, 0xff, 0xef, 0xff,
    0xfd, 0x0, 0x0, 0x1b, 0xff, 0xff, 0xff, 0xff,
    0xf7, 0x0, 0x0, 0x1d, 0xff, 0xfe, 0xcb, 0xef,
    0xff, 0xf4, 0x0, 0xa, 0xff, 0xf7, 0x0, 0x0,
    0x4e, 0xff, 0xe1, 0x2, 0xff, 0xf6, 0x0, 0x0,
    0x0, 0x2f, 0xff, 0x70, 0x8f, 0xfd, 0x0, 0x0,
    0x0, 0x0, 0x8f, 0xfd, 0xc, 0xff, 0x70, 0x0,
    0x0, 0x0, 0x3, 0xff, 0xf1, 0xdf, 0xf5, 0x0,
    0x0, 0x0, 0x0, 0xf, 0xff, 0x2f, 0xff, 0x40,
    0x0, 0x0, 0x0, 0x0, 0xff, 0xf4, 0xef, 0xf5,
    0x0, 0x0, 0x0, 0x0, 0xf, 0xff, 0x2c, 0xff,
    0x70, 0x0, 0x0, 0x0, 0x2, 0xff, 0xf1, 0x8f,
    0xfc, 0x0, 0x0, 0x0, 0x0, 0x8f, 0xfd, 0x3,
    0xff, 0xf6, 0x0, 0x0, 0x0, 0x1f, 0xff, 0x80,
    0xb, 0xff, 0xf7, 0x0, 0x0, 0x4e, 0xff, 0xe1,
    0x0, 0x1e, 0xff, 0xfe, 0xcb, 0xdf, 0xff, 0xf4,
    0x0, 0x0, 0x1b, 0xff, 0xff, 0xff, 0xff, 0xe4,
    0x0, 0x0, 0x0, 0x4, 0xad, 0xff, 0xeb, 0x70,
    0x0, 0x0, 0x0, 0x0, 0x0, 0x0, 0x0, 0x0,
    0x0, 0x0, 0x0, 0x0, 0x0, 0x1, 0x77, 0x30,
    0x0, 0x0, 0x0, 0x0, 0x0, 0x0, 0x3f, 0xf8,
    0x0, 0x0, 0x0, 0x0, 0x0, 0x0, 0x3, 0xff,
    0x80, 0x0, 0x0, 0x0,

    /* U+1EE3 "ợ" */
    0x0, 0x0, 0x0, 0x0, 0x0, 0xd, 0xf9, 0x0,
    0x0, 0x0, 0x0, 0x0, 0xa, 0xfc, 0x0, 0x0,
    0x0, 0x0, 0x0, 0x1c, 0xfb, 0x0, 0x0, 0x6c,
    0xef, 0xff, 0xff, 0xf4, 0x0, 0x2d, 0xff, 0xff,
    0xff, 0xfc, 0x10, 0x0, 0xdf, 0xfe, 0x98, 0xcf,
    0xff, 0x50, 0x7, 0xff, 0xe1, 0x0, 0x9, 0xff,
    0xe0, 0xc, 0xff, 0x70, 0x0, 0x1, 0xff, 0xf4,
    0xf, 0xff, 0x30, 0x0, 0x0, 0xcf, 0xf6, 0xf,
    0xff, 0x20, 0x0, 0x0, 0xbf, 0xf8, 0xf, 0xff,
    0x30, 0x0, 0x0, 0xcf, 0xf6, 0xc, 0xff, 0x70,
    0x0, 0x0, 0xff, 0xf4, 0x6, 0xff, 0xe1, 0x0,
    0x8, 0xff, 0xe0, 0x0, 0xdf, 0xfe, 0x97, 0xbf,
    0xff, 0x50, 0x0, 0x2d, 0xff, 0xff, 0xff, 0xf7,
    0x0, 0x0, 0x0, 0x6c, 0xef, 0xd9, 0x30, 0x0,
    0x0, 0x0, 0x0, 0x0, 0x0, 0x0, 0x0, 0x0,
    0x0, 0x1, 0x77, 0x40, 0x0, 0x0, 0x0, 0x0,
    0x2, 0xff, 0x90, 0x0, 0x0, 0x0, 0x0, 0x2,
    0xff, 0x90, 0x0, 0x0,

    /* U+1EE4 "Ụ" */
    0x7f, 0xfb, 0x0, 0x0, 0x0, 0xe, 0xff, 0x37,
    0xff, 0xb0, 0x0, 0x0, 0x0, 0xef, 0xf3, 0x7f,
    0xfb, 0x0, 0x0, 0x0, 0xe, 0xff, 0x37, 0xff,
    0xb0, 0x0, 0x0, 0x0, 0xef, 0xf3, 0x7f, 0xfb,
    0x0, 0x0, 0x0, 0xe, 0xff, 0x37, 0xff, 0xb0,
    0x0, 0x0, 0x0, 0xef, 0xf3, 0x7f, 0xfb, 0x0,
    0x0, 0x0, 0xe, 0xff, 0x37, 0xff, 0xb0, 0x0,
    0x0, 0x0, 0xef, 0xf3, 0x7f, 0xfb, 0x0, 0x0,
    0x0, 0xe, 0xff, 0x37, 0xff, 0xb0, 0x0, 0x0,
    0x0, 0xef, 0xf3, 0x6f, 0xfb, 0x0, 0x0, 0x0,
    0xe, 0xff, 0x35, 0xff, 0xd0, 0x0, 0x0, 0x0,
    0xff, 0xf1, 0x3f, 0xff, 0x20, 0x0, 0x0, 0x5f,
    0xff, 0x0, 0xdf, 0xfc, 0x20, 0x0, 0x4e, 0xff,
    0x90, 0x4, 0xff, 0xff, 0xdb, 0xdf, 0xff, 0xe1,
    0x0, 0x5, 0xff, 0xff, 0xff, 0xff, 0xd3, 0x0,
    0x0, 0x1, 0x7c, 0xef, 0xeb, 0x60, 0x0, 0x0,
    0x0, 0x0, 0x0, 0x0, 0x0, 0x0, 0x0, 0x0,
    0x0, 0x0, 0x77, 0x50, 0x0, 0x0, 0x0, 0x0,
    0x0, 0xf, 0xfc, 0x0, 0x0, 0x0, 0x0, 0x0,
    0x0, 0xff, 0xc0, 0x0, 0x0, 0x0,

    /* U+1EE5 "ụ" */
    0x5f, 0xfc, 0x0, 0x0, 0x7f, 0xfa, 0x5f, 0xfc,
    0x0, 0x0, 0x7f, 0xfa, 0x5f, 0xfc, 0x0, 0x0,
    0x7f, 0xfa, 0x5f, 0xfc, 0x0, 0x0, 0x7f, 0xfa,
    0x5f, 0xfc, 0x0, 0x0, 0x7f, 0xfa, 0x5f, 0xfc,
    0x0, 0x0, 0x7f, 0xfa, 0x5f, 0xfc, 0x0, 0x0,
    0x7f, 0xfa, 0x5f, 0xfc, 0x0, 0x0, 0x7f, 0xfa,
    0x4f, 0xfd, 0x0, 0x0, 0x9f, 0xfa, 0x2f, 0xff,
    0x20, 0x1, 0xff, 0xfa, 0xe, 0xff, 0xe8, 0x9e,
    0xff, 0xfa, 0x5, 0xff, 0xff, 0xff, 0x7f, 0xfa,
    0x0, 0x4c, 0xfe, 0xb3, 0x3f, 0xfa, 0x0, 0x0,
    0x0, 0x0, 0x0, 0x0, 0x0, 0x0, 0x27, 0x73,
    0x0, 0x0, 0x0, 0x0, 0x4f, 0xf7, 0x0, 0x0,
    0x0, 0x0, 0x4f, 0xf7, 0x0, 0x0,

    /* U+1EE6 "Ủ" */
    0x0, 0x0, 0x5, 0x99, 0x50, 0x0, 0x0, 0x0,
    0x0, 0x0, 0x9f, 0xff, 0x30, 0x0, 0x0, 0x0,
    0x0, 0x1, 0xb, 0xf6, 0x0, 0x0, 0x0, 0x0,
    0x0, 0x0, 0xdf, 0x20, 0x0, 0x0, 0x0, 0x0,
    0x0, 0x39, 0x50, 0x0, 0x0, 0x0, 0x0, 0x0,
    0x0, 0x0, 0x0, 0x0, 0x0, 0x7f, 0xfb, 0x0,
    0x0, 0x0, 0xe, 0xff, 0x37, 0xff, 0xb0, 0x0,
    0x0, 0x0, 0xef, 0xf3, 0x7f, 0xfb, 0x0, 0x0,
    0x0, 0xe, 0xff, 0x37, 0xff, 0xb0, 0x0, 0x0,
    0x0, 0xef, 0xf3, 0x7f, 0xfb, 0x0, 0x0, 0x0,
    0xe, 0xff, 0x37, 0xff, 0xb0, 0x0, 0x0, 0x0,
    0xef, 0xf3, 0x7f, 0xfb, 0x0, 0x0, 0x0, 0xe,
    0xff, 0x37, 0xff, 0xb0, 0x0, 0x0, 0x0, 0xef,
    0xf3, 0x7f, 0xfb, 0x0, 0x0, 0x0, 0xe, 0xff,
    0x37, 0xff, 0xb0, 0x0, 0x0, 0x0, 0xef, 0xf3,
    0x6f, 0xfb, 0x0, 0x0, 0x0, 0xe, 0xff, 0x35,
    0xff, 0xd0, 0x0, 0x0, 0x0, 0xff, 0xf1, 0x3f,
    0xff, 0x20, 0x0, 0x0, 0x5f, 0xff, 0x0, 0xdf,
    0xfc, 0x20, 0x0, 0x4e, 0xff, 0x90, 0x4, 0xff,
    0xff, 0xdb, 0xdf, 0xff, 0xe1, 0x0, 0x5, 0xff,
    0xff, 0xff, 0xff, 0xd3, 0x0, 0x0, 0x1, 0x7c,
    0xef, 0xeb, 0x60, 0x0, 0x0,

    /* U+1EE7 "ủ" */
    0x0, 0x0, 0x79, 0x82, 0x0, 0x0, 0x0, 0x0,
    0xef, 0xfe, 0x0, 0x0, 0x0, 0x0, 0x11, 0xff,
    0x10, 0x0, 0x0, 0x0, 0x2, 0xfd, 0x0, 0x0,
    0x0, 0x0, 0x6, 0x92, 0x0, 0x0, 0x0, 0x0,
    0x0, 0x0, 0x0, 0x0, 0x5f, 0xfc, 0x0, 0x0,
    0x7f, 0xfa, 0x5f, 0xfc, 0x0, 0x0, 0x7f, 0xfa,
    0x5f, 0xfc, 0x0, 0x0, 0x7f, 0xfa, 0x5f, 0xfc,
    0x0, 0x0, 0x7f, 0xfa, 0x5f, 0xfc, 0x0, 0x0,
    0x7f, 0xfa, 0x5f, 0xfc, 0x0, 0x0, 0x7f, 0xfa,
    0x5f, 0xfc, 0x0, 0x0, 0x7f, 0xfa, 0x5f, 0xfc,
    0x0, 0x0, 0x7f, 0xfa, 0x4f, 0xfd, 0x0, 0x0,
    0x9f, 0xfa, 0x2f, 0xff, 0x20, 0x1, 0xff, 0xfa,
    0xe, 0xff, 0xe8, 0x9e, 0xff, 0xfa, 0x5, 0xff,
    0xff, 0xff, 0x7f, 0xfa, 0x0, 0x4c, 0xfe, 0xb3,
    0x3f, 0xfa,

    /* U+1EE8 "Ứ" */
    0x0, 0x0, 0x0, 0xc, 0xff, 0x30, 0x0, 0x0,
    0x0, 0x0, 0x0, 0x3, 0xff, 0x90, 0x0, 0x4b,
    0xb0, 0x0, 0x0, 0x0, 0xaf, 0xe0, 0x0, 0x4,
    0xff, 0x30, 0x0, 0x0, 0x4, 0x52, 0x0, 0x0,
    0x2f, 0xf4, 0x0, 0x0, 0x0, 0x0, 0x0, 0x0,
    0x7, 0xff, 0x17, 0xff, 0xb0, 0x0, 0x0, 0x0,
    0xff, 0xff, 0x90, 0x7f, 0xfb, 0x0, 0x0, 0x0,
    0xf, 0xff, 0x60, 0x7, 0xff, 0xb0, 0x0, 0x0,
    0x0, 0xef, 0xf3, 0x0, 0x7f, 0xfb, 0x0, 0x0,
    0x0, 0xe, 0xff, 0x30, 0x7, 0xff, 0xb0, 0x0,
    0x0, 0x0, 0xef, 0xf3, 0x0, 0x7f, 0xfb, 0x0,
    0x0, 0x0, 0xe, 0xff, 0x30, 0x7, 0xff, 0xb0,
    0x0, 0x0, 0x0, 0xef, 0xf3, 0x0, 0x7f, 0xfb,
    0x0, 0x0, 0x0, 0xe, 0xff, 0x30, 0x7, 0xff,
    0xb0, 0x0, 0x0, 0x0, 0xef, 0xf3, 0x0, 0x7f,
    0xfb, 0x0, 0x0, 0x0, 0xe, 0xff, 0x30, 0x6,
    0xff, 0xb0, 0x0, 0x0, 0x0, 0xef, 0xf3, 0x0,
    0x5f, 0xfd, 0x0, 0x0, 0x0, 0xf, 0xff, 0x10,
    0x3, 0xff, 0xf2, 0x0, 0x0, 0x5, 0xff, 0xf0,
    0x0, 0xd, 0xff, 0xc2, 0x0, 0x4, 0xef, 0xf9,
    0x0, 0x0, 0x4f, 0xff, 0xfd, 0xbd, 0xff, 0xfe,
    0x10, 0x0, 0x0, 0x5f, 0xff, 0xff, 0xff, 0xfd,
    0x30, 0x0, 0x0, 0x0, 0x17, 0xce, 0xfe, 0xb6,
    0x0, 0x0, 0x0,

    /* U+1EE9 "ứ" */
    0x0, 0x0, 0x2, 0xff, 0xd0, 0x0, 0x0, 0x0,
    0x0, 0x9, 0xff, 0x30, 0xa, 0xb6, 0x0, 0x0,
    0x1f, 0xf8, 0x0, 0xc, 0xfa, 0x0, 0x0, 0x15,
    0x50, 0x0, 0xa, 0xfb, 0x0, 0x0, 0x0, 0x0,
    0x0, 0x1d, 0xf9, 0x5f, 0xfc, 0x0, 0x0, 0xaf,
    0xff, 0xe2, 0x5f, 0xfc, 0x0, 0x0, 0x8f, 0xff,
    0x0, 0x5f, 0xfc, 0x0, 0x0, 0x7f, 0xfa, 0x0,
    0x5f, 0xfc, 0x0, 0x0, 0x7f, 0xfa, 0x0, 0x5f,
    0xfc, 0x0, 0x0, 0x7f, 0xfa, 0x0, 0x5f, 0xfc,
    0x0, 0x0, 0x7f, 0xfa, 0x0, 0x5f, 0xfc, 0x0,
    0x0, 0x7f, 0xfa, 0x0, 0x5f, 0xfc, 0x0, 0x0,
    0x7f, 0xfa, 0x0, 0x4f, 0xfd, 0x0, 0x0, 0x9f,
    0xfa, 0x0, 0x2f, 0xff, 0x20, 0x1, 0xff, 0xfa,
    0x0, 0xe, 0xff, 0xe8, 0x9e, 0xff, 0xfa, 0x0,
    0x5, 0xff, 0xff, 0xff, 0x7f, 0xfa, 0x0, 0x0,
    0x4c, 0xfe, 0xb3, 0x3f, 0xfa, 0x0,

    /* U+1EEA "Ừ" */
    0x0, 0x0, 0x7f, 0xf8, 0x0, 0x0, 0x0, 0x0,
    0x0, 0x0, 0x0, 0xcf, 0xe0, 0x0, 0x0, 0x4b,
    0xb0, 0x0, 0x0, 0x3, 0xff, 0x60, 0x0, 0x4,
    0xff, 0x30, 0x0, 0x0, 0x4, 0x53, 0x0, 0x0,
    0x2f, 0xf4, 0x0, 0x0, 0x0, 0x0, 0x0, 0x0,
    0x7, 0xff, 0x17, 0xff, 0xb0, 0x0, 0x0, 0x0,
    0xff, 0xff, 0x90, 0x7f, 0xfb, 0x0, 0x0, 0x0,
    0xf, 0xff, 0x60, 0x7, 0xff, 0xb0, 0x0, 0x0,
    0x0, 0xef, 0xf3, 0x0, 0x7f, 0xfb, 0x0, 0x0,
    0x0, 0xe, 0xff, 0x30, 0x7, 0xff, 0xb0, 0x0,
    0x0, 0x0, 0xef, 0xf3, 0x0, 0x7f, 0xfb, 0x0,
    0x0, 0x0, 0xe, 0xff, 0x30, 0x7, 0xff, 0xb0,
    0x0, 0x0, 0x0, 0xef, 0xf3, 0x0, 0x7f, 0xfb,
    0x0, 0x0, 0x0, 0xe, 0xff, 0x30, 0x7, 0xff,
    0xb0, 0x0, 0x0, 0x0, 0xef, 0xf3, 0x0, 0x7f,
    0xfb, 0x0, 0x0, 0x0, 0xe, 0xff, 0x30, 0x6,
    0xff, 0xb0, 0x0, 0x0, 0x0, 0xef, 0xf3, 0x0,
    0x5f, 0xfd, 0x0, 0x0, 0x0, 0xf, 0xff, 0x10,
    0x3, 0xff, 0xf2, 0x0, 0x0, 0x5, 0xff, 0xf0,
    0x0, 0xd, 0xff, 0xc2, 0x0, 0x4, 0xef, 0xf9,
    0x0, 0x0, 0x4f, 0xff, 0xfd, 0xbd, 0xff, 0xfe,
    0x10, 0x0, 0x0, 0x5f, 0xff, 0xff, 0xff, 0xfd,
    0x30, 0x0, 0x0, 0x0, 0x17, 0xce, 0xfe, 0xb6,
    0x0, 0x0, 0x0,

    /* U+1EEB "ừ" */
    0x0, 0xd, 0xff, 0x20, 0x0, 0x0, 0x0, 0x0,
    0x3, 0xff, 0x80, 0x0, 0xa, 0xb6, 0x0, 0x0,
    0x9f, 0xf0, 0x0, 0xc, 0xfa, 0x0, 0x0, 0x5,
    0x51, 0x0, 0xa, 0xfb, 0x0, 0x0, 0x0, 0x0,
    0x0, 0x1d, 0xf9, 0x5f, 0xfc, 0x0, 0x0, 0xaf,
    0xff, 0xe2, 0x5f, 0xfc, 0x0, 0x0, 0x8f, 0xff,
    0x0, 0x5f, 0xfc, 0x0, 0x0, 0x7f, 0xfa, 0x0,
    0x5f, 0xfc, 0x0, 0x0, 0x7f, 0xfa, 0x0, 0x5f,
    0xfc, 0x0, 0x0, 0x7f, 0xfa, 0x0, 0x5f, 0xfc,
    0x0, 0x0, 0x7f, 0xfa, 0x0, 0x5f, 0xfc, 0x0,
    0x0, 0x7f, 0xfa, 0x0, 0x5f, 0xfc, 0x0, 0x0,
    0x7f, 0xfa, 0x0, 0x4f, 0xfd, 0x0, 0x0, 0x9f,
    0xfa, 0x0, 0x2f, 0xff, 0x20, 0x1, 0xff, 0xfa,
    0x0, 0xe, 0xff, 0xe8, 0x9e, 0xff, 0xfa, 0x0,
    0x5, 0xff, 0xff, 0xff, 0x7f, 0xfa, 0x0, 0x0,
    0x4c, 0xfe, 0xb3, 0x3f, 0xfa, 0x0,

    /* U+1EEC "Ử" */
    0x0, 0x0, 0x5, 0x99, 0x50, 0x0, 0x0, 0x0,
    0x0, 0x0, 0x0, 0x9f, 0xff, 0x30, 0x0, 0x0,
    0x0, 0x0, 0x0, 0x1, 0xb, 0xf6, 0x0, 0x4,
    0xbb, 0x0, 0x0, 0x0, 0x0, 0xdf, 0x20, 0x0,
    0x4f, 0xf3, 0x0, 0x0, 0x0, 0x39, 0x50, 0x0,
    0x2, 0xff, 0x40, 0x0, 0x0, 0x0, 0x0, 0x0,
    0x0, 0x7f, 0xf1, 0x7f, 0xfb, 0x0, 0x0, 0x0,
    0xf, 0xff, 0xf9, 0x7, 0xff, 0xb0, 0x0, 0x0,
    0x0, 0xff, 0xf6, 0x0, 0x7f, 0xfb, 0x0, 0x0,
    0x0, 0xe, 0xff, 0x30, 0x7, 0xff, 0xb0, 0x0,
    0x0, 0x0, 0xef, 0xf3, 0x0, 0x7f, 0xfb, 0x0,
    0x0, 0x0, 0xe, 0xff, 0x30, 0x7, 0xff, 0xb0,
    0x0, 0x0, 0x0, 0xef, 0xf3, 0x0, 0x7f, 0xfb,
    0x0, 0x0, 0x0, 0xe, 0xff, 0x30, 0x7, 0xff,
    0xb0, 0x0, 0x0, 0x0, 0xef, 0xf3, 0x0, 0x7f,
    0xfb, 0x0, 0x0, 0x0, 0xe, 0xff, 0x30, 0x7,
    0xff, 0xb0, 0x0, 0x0, 0x0, 0xef, 0xf3, 0x0,
    0x6f, 0xfb, 0x0, 0x0, 0x0, 0xe, 0xff, 0x30,
    0x5, 0xff, 0xd0, 0x0, 0x0, 0x0, 0xff, 0xf1,
    0x0, 0x3f, 0xff, 0x20, 0x0, 0x0, 0x5f, 0xff,
    0x0, 0x0, 0xdf, 0xfc, 0x20, 0x0, 0x4e, 0xff,
    0x90, 0x0, 0x4, 0xff, 0xff, 0xdb, 0xdf, 0xff,
    0xe1, 0x0, 0x0, 0x5, 0xff, 0xff, 0xff, 0xff,
    0xd3, 0x0, 0x0, 0x0, 0x1, 0x7c, 0xef, 0xeb,
    0x60, 0x0, 0x0, 0x0,

    /* U+1EED "ử" */
    0x0, 0x0, 0x89, 0x82, 0x0, 0x0, 0x0, 0x0,
    0x0, 0xff, 0xfd, 0x0, 0x0, 0x0, 0x0, 0x0,
    0x12, 0xff, 0x0, 0xa, 0xb5, 0x0, 0x0, 0x3,
    0xfb, 0x0, 0xc, 0xfa, 0x0, 0x0, 0x7, 0x91,
    0x0, 0xa, 0xfb, 0x0, 0x0, 0x0, 0x0, 0x0,
    0x1d, 0xf9, 0x5f, 0xfc, 0x0, 0x0, 0xaf, 0xff,
    0xe2, 0x5f, 0xfc, 0x0, 0x0, 0x8f, 0xff, 0x0,
    0x5f, 0xfc, 0x0, 0x0, 0x7f, 0xfa, 0x0, 0x5f,
    0xfc, 0x0, 0x0, 0x7f, 0xfa, 0x0, 0x5f, 0xfc,
    0x0, 0x0, 0x7f, 0xfa, 0x0, 0x5f, 0xfc, 0x0,
    0x0, 0x7f, 0xfa, 0x0, 0x5f, 0xfc, 0x0, 0x0,
    0x7f, 0xfa, 0x0, 0x5f, 0xfc, 0x0, 0x0, 0x7f,
    0xfa, 0x0, 0x4f, 0xfd, 0x0, 0x0, 0x9f, 0xfa,
    0x0, 0x2f, 0xff, 0x20, 0x1, 0xff, 0xfa, 0x0,
    0xe, 0xff, 0xe8, 0x9e, 0xff, 0xfa, 0x0, 0x5,
    0xff, 0xff, 0xff, 0x7f, 0xfa, 0x0, 0x0, 0x4c,
    0xfe, 0xb3, 0x3f, 0xfa, 0x0,

    /* U+1EEE "Ữ" */
    0x0, 0x0, 0x8e, 0xe7, 0x5, 0xf4, 0x0, 0x0,
    0x0, 0x0, 0x4f, 0xff, 0xfe, 0xff, 0x10, 0x5d,
    0xd0, 0x0, 0x8, 0xf2, 0x1a, 0xfd, 0x40, 0x3,
    0xff, 0x30, 0x0, 0x0, 0x0, 0x0, 0x0, 0x0,
    0x2f, 0xf4, 0x0, 0x0, 0x0, 0x0, 0x0, 0x0,
    0x7, 0xff, 0x17, 0xff, 0xb0, 0x0, 0x0, 0x0,
    0xff, 0xff, 0x80, 0x7f, 0xfb, 0x0, 0x0, 0x0,
    0xf, 0xff, 0x60, 0x7, 0xff, 0xb0, 0x0, 0x0,
    0x0, 0xef, 0xf3, 0x0, 0x7f, 0xfb, 0x0, 0x0,
    0x0, 0xe, 0xff, 0x30, 0x7, 0xff, 0xb0, 0x0,
    0x0, 0x0, 0xef, 0xf3, 0x0, 0x7f, 0xfb, 0x0,
    0x0, 0x0, 0xe, 0xff, 0x30, 0x7, 0xff, 0xb0,
    0x0, 0x0, 0x0, 0xef, 0xf3, 0x0, 0x7f, 0xfb,
    0x0, 0x0, 0x0, 0xe, 0xff, 0x30, 0x7, 0xff,
    0xb0, 0x0, 0x0, 0x0, 0xef, 0xf3, 0x0, 0x7f,
    0xfb, 0x0, 0x0, 0x0, 0xe, 0xff, 0x30, 0x6,
    0xff, 0xb0, 0x0, 0x0, 0x0, 0xef, 0xf3, 0x0,
    0x5f, 0xfd, 0x0, 0x0, 0x0, 0xf, 0xff, 0x10,
    0x3, 0xff, 0xf2, 0x0, 0x0, 0x5, 0xff, 0xf0,
    0x0, 0xd, 0xff, 0xc2, 0x0, 0x4, 0xef, 0xf9,
    0x0, 0x0, 0x4f, 0xff, 0xfd, 0xbd, 0xff, 0xfe,
    0x10, 0x0, 0x0, 0x5f, 0xff, 0xff, 0xff, 0xfd,
    0x30, 0x0, 0x0, 0x0, 0x17, 0xce, 0xfe, 0xb6,
    0x0, 0x0, 0x0,

    /* U+1EEF "ữ" */
    0x0, 0x19, 0xca, 0x30, 0xac, 0x0, 0x0, 0x0,
    0xaf, 0xff, 0xfe, 0xfa, 0xc, 0xd7, 0x0, 0xfc,
    0x15, 0xdf, 0xb1, 0xc, 0xfa, 0x0, 0x0, 0x0,
    0x0, 0x0, 0xa, 0xfb, 0x0, 0x0, 0x0, 0x0,
    0x0, 0x1e, 0xf9, 0x5f, 0xfc, 0x0, 0x0, 0xaf,
    0xff, 0xe2, 0x5f, 0xfc, 0x0, 0x0, 0x8f, 0xfe,
    0x0, 0x5f, 0xfc, 0x0, 0x0, 0x7f, 0xfa, 0x0,
    0x5f, 0xfc, 0x0, 0x0, 0x7f, 0xfa, 0x0, 0x5f,
    0xfc, 0x0, 0x0, 0x7f, 0xfa, 0x0, 0x5f, 0xfc,
    0x0, 0x0, 0x7f, 0xfa, 0x0, 0x5f, 0xfc, 0x0,
    0x0, 0x7f, 0xfa, 0x0, 0x5f, 0xfc, 0x0, 0x0,
    0x7f, 0xfa, 0x0, 0x4f, 0xfd, 0x0, 0x0, 0x9f,
    0xfa, 0x0, 0x2f, 0xff, 0x20, 0x1, 0xff, 0xfa,
    0x0, 0xe, 0xff, 0xe8, 0x9e, 0xff, 0xfa, 0x0,
    0x5, 0xff, 0xff, 0xff, 0x7f, 0xfa, 0x0, 0x0,
    0x4c, 0xfe, 0xb3, 0x3f, 0xfa, 0x0,

    /* U+1EF0 "Ự" */
    0x0, 0x0, 0x0, 0x0, 0x0, 0x0, 0x5, 0xff,
    0x10, 0x0, 0x0, 0x0, 0x0, 0x0, 0x0, 0x3f,
    0xf3, 0x0, 0x0, 0x0, 0x0, 0x0, 0x0, 0x6,
    0xff, 0x27, 0xff, 0xb0, 0x0, 0x0, 0x0, 0xff,
    0xff, 0xa0, 0x7f, 0xfb, 0x0, 0x0, 0x0, 0xf,
    0xff, 0x60, 0x7, 0xff, 0xb0, 0x0, 0x0, 0x0,
    0xef, 0xf3, 0x0, 0x7f, 0xfb, 0x0, 0x0, 0x0,
    0xe, 0xff, 0x30, 0x7, 0xff, 0xb0, 0x0, 0x0,
    0x0, 0xef, 0xf3, 0x0, 0x7f, 0xfb, 0x0, 0x0,
    0x0, 0xe, 0xff, 0x30, 0x7, 0xff, 0xb0, 0x0,
    0x0, 0x0, 0xef, 0xf3, 0x0, 0x7f, 0xfb, 0x0,
    0x0, 0x0, 0xe, 0xff, 0x30, 0x7, 0xff, 0xb0,
    0x0, 0x0, 0x0, 0xef, 0xf3, 0x0, 0x7f, 0xfb,
    0x0, 0x0, 0x0, 0xe, 0xff, 0x30, 0x6, 0xff,
    0xb0, 0x0, 0x0, 0x0, 0xef, 0xf3, 0x0, 0x5f,
    0xfd, 0x0, 0x0, 0x0, 0xf, 0xff, 0x10, 0x3,
    0xff, 0xf2, 0x0, 0x0, 0x5, 0xff, 0xf0, 0x0,
    0xd, 0xff, 0xc2, 0x0, 0x4, 0xef, 0xf9, 0x0,
    0x0, 0x4f, 0xff, 0xfd, 0xbd, 0xff, 0xfe, 0x10,
    0x0, 0x0, 0x5f, 0xff, 0xff, 0xff, 0xfd, 0x30,
    0x0, 0x0, 0x0, 0x17, 0xce, 0xfe, 0xb6, 0x0,
    0x0, 0x0, 0x0, 0x0, 0x0, 0x0, 0x0, 0x0,
    0x0, 0x0, 0x0, 0x0, 0x0, 0x7, 0x75, 0x0,
    0x0, 0x0, 0x0, 0x0, 0x0, 0x0, 0xff, 0xc0,
    0x0, 0x0, 0x0, 0x0, 0x0, 0x0, 0xf, 0xfc,
    0x0, 0x0, 0x0, 0x0,

    /* U+1EF1 "ự" */
    0x0, 0x0, 0x0, 0x0, 0x0, 0xd, 0xf8, 0x0,
    0x0, 0x0, 0x0, 0x0, 0xb, 0xfb, 0x0, 0x0,
    0x0, 0x0, 0x0, 0x1d, 0xfa, 0x5f, 0xfc, 0x0,
    0x0, 0xaf, 0xff, 0xf3, 0x5f, 0xfc, 0x0, 0x0,
    0x8f, 0xff, 0x10, 0x5f, 0xfc, 0x0, 0x0, 0x7f,
    0xfa, 0x0, 0x5f, 0xfc, 0x0, 0x0, 0x7f, 0xfa,
    0x0, 0x5f, 0xfc, 0x0, 0x0, 0x7f, 0xfa, 0x0,
    0x5f, 0xfc, 0x0, 0x0, 0x7f, 0xfa, 0x0, 0x5f,
    0xfc, 0x0, 0x0, 0x7f, 0xfa, 0x0, 0x5f, 0xfc,
    0x0, 0x0, 0x7f, 0xfa, 0x0, 0x4f, 0xfd, 0x0,
    0x0, 0x9f, 0xfa, 0x0, 0x2f, 0xff, 0x20, 0x1,
    0xff, 0xfa, 0x0, 0xe, 0xff, 0xe8, 0x9e, 0xff,
    0xfa, 0x0, 0x5, 0xff, 0xff, 0xff, 0x7f, 0xfa,
    0x0, 0x0, 0x4c, 0xfe, 0xb3, 0x3f, 0xfa, 0x0,
    0x0, 0x0, 0x0, 0x0, 0x0, 0x0, 0x0, 0x0,
    0x0, 0x27, 0x73, 0x0, 0x0, 0x0, 0x0, 0x0,
    0x4f, 0xf7, 0x0, 0x0, 0x0, 0x0, 0x0, 0x4f,
    0xf7, 0x0, 0x0, 0x0,

    /* U+1EF2 "Ỳ" */
    0x0, 0x0, 0x4, 0x55, 0x10, 0x0, 0x0, 0x0,
    0x0, 0x0, 0x4, 0xff, 0xa0, 0x0, 0x0, 0x0,
    0x0, 0x0, 0x0, 0xaf, 0xf1, 0x0, 0x0, 0x0,
    0x0, 0x0, 0x0, 0x1e, 0xf8, 0x0, 0x0, 0x0,
    0x0, 0x0, 0x0, 0x0, 0x0, 0x0, 0x0, 0x0,
    0xd, 0xff, 0x90, 0x0, 0x0, 0x0, 0xdf, 0xf9,
    0x4, 0xff, 0xf2, 0x0, 0x0, 0x7, 0xff, 0xe1,
    0x0, 0xbf, 0xfb, 0x0, 0x0, 0x1e, 0xff, 0x60,
    0x0, 0x2f, 0xff, 0x40, 0x0, 0x9f, 0xfd, 0x0,
    0x0, 0x9, 0xff, 0xd0, 0x2, 0xff, 0xf4, 0x0,
    0x0, 0x1, 0xef, 0xf6, 0xa, 0xff, 0xb0, 0x0,
    0x0, 0x0, 0x6f, 0xfe, 0x4f, 0xff, 0x20, 0x0,
    0x0, 0x0, 0xd, 0xff, 0xff, 0xf8, 0x0, 0x0,
    0x0, 0x0, 0x4, 0xff, 0xff, 0xe0, 0x0, 0x0,
    0x0, 0x0, 0x0, 0xaf, 0xff, 0x60, 0x0, 0x0,
    0x0, 0x0, 0x0, 0x3f, 0xff, 0x0, 0x0, 0x0,
    0x0, 0x0, 0x0, 0x3f, 0xfe, 0x0, 0x0, 0x0,
    0x0, 0x0, 0x0, 0x3f, 0xfe, 0x0, 0x0, 0x0,
    0x0, 0x0, 0x0, 0x3f, 0xfe, 0x0, 0x0, 0x0,
    0x0, 0x0, 0x0, 0x3f, 0xfe, 0x0, 0x0, 0x0,
    0x0, 0x0, 0x0, 0x3f, 0xfe, 0x0, 0x0, 0x0,
    0x0, 0x0, 0x0, 0x3f, 0xfe, 0x0, 0x0, 0x0,

    /* U+1EF3 "ỳ" */
    0x0, 0x1, 0xef, 0xe0, 0x0, 0x0, 0x0, 0x0,
    0x0, 0x5f, 0xf6, 0x0, 0x0, 0x0, 0x0, 0x0,
    0xb, 0xfd, 0x0, 0x0, 0x0, 0x0, 0x0, 0x1,
    0x55, 0x0, 0x0, 0x0, 0x5f, 0xfd, 0x0, 0x0,
    0x2, 0xff, 0xf0, 0xe, 0xff, 0x30, 0x0, 0x7,
    0xff, 0xa0, 0x9, 0xff, 0x80, 0x0, 0xc, 0xff,
    0x50, 0x4, 0xff, 0xd0, 0x0, 0x1f, 0xff, 0x0,
    0x0, 0xef, 0xf2, 0x0, 0x6f, 0xfa, 0x0, 0x0,
    0x8f, 0xf7, 0x0, 0xbf, 0xf4, 0x0, 0x0, 0x2f,
    0xfd, 0x1, 0xff, 0xe0, 0x0, 0x0, 0xd, 0xff,
    0x25, 0xff, 0x90, 0x0, 0x0, 0x7, 0xff, 0x7a,
    0xff, 0x40, 0x0, 0x0, 0x1, 0xff, 0xdf, 0xfe,
    0x0, 0x0, 0x0, 0x0, 0xbf, 0xff, 0xf9, 0x0,
    0x0, 0x0, 0x0, 0x6f, 0xff, 0xf3, 0x0, 0x0,
    0x0, 0x0, 0xd, 0xff, 0xe0, 0x0, 0x0, 0x0,
    0x0, 0x4, 0xff, 0x80, 0x0, 0x0, 0x0, 0x25,
    0x6d, 0xff, 0x30, 0x0, 0x0, 0x0, 0x6f, 0xff,
    0xfb, 0x0, 0x0, 0x0, 0x0, 0x6f, 0xfe, 0xa1,
    0x0, 0x0, 0x0,

    /* U+1EF4 "Ỵ" */
    0xd, 0xff, 0x90, 0x0, 0x0, 0x0, 0xdf, 0xf9,
    0x4, 0xff, 0xf2, 0x0, 0x0, 0x7, 0xff, 0xe1,
    0x0, 0xbf, 0xfb, 0x0, 0x0, 0x1e, 0xff, 0x60,
    0x0, 0x2f, 0xff, 0x40, 0x0, 0x9f, 0xfd, 0x0,
    0x0, 0x9, 0xff, 0xd0, 0x2, 0xff, 0xf4, 0x0,
    0x0, 0x1, 0xef, 0xf6, 0xa, 0xff, 0xb0, 0x0,
    0x0, 0x0, 0x6f, 0xfe, 0x4f, 0xff, 0x20, 0x0,
    0x0, 0x0, 0xd, 0xff, 0xff, 0xf8, 0x0, 0x0,
    0x0, 0x0, 0x4, 0xff, 0xff, 0xe0, 0x0, 0x0,
    0x0, 0x0, 0x0, 0xaf, 0xff, 0x60, 0x0, 0x0,
    0x0, 0x0, 0x0, 0x3f, 0xff, 0x0, 0x0, 0x0,
    0x0, 0x0, 0x0, 0x3f, 0xfe, 0x0, 0x0, 0x0,
    0x0, 0x0, 0x0, 0x3f, 0xfe, 0x0, 0x0, 0x0,
    0x0, 0x0, 0x0, 0x3f, 0xfe, 0x0, 0x0, 0x0,
    0x0, 0x0, 0x0, 0x3f, 0xfe, 0x0, 0x0, 0x0,
    0x0, 0x0, 0x0, 0x3f, 0xfe, 0x0, 0x0, 0x0,
    0x0, 0x0, 0x0, 0x3f, 0xfe, 0x0, 0x0, 0x0,
    0x0, 0x0, 0x0, 0x0, 0x0, 0x0, 0x0, 0x0,
    0x0, 0x0, 0x0, 0x7, 0x75, 0x0, 0x0, 0x0,
    0x0, 0x0, 0x0, 0xf, 0xfb, 0x0, 0x0, 0x0,
    0x0, 0x0, 0x0, 0xf, 0xfb, 0x0, 0x0, 0x0,

    /* U+1EF5 "ỵ" */
    0x5f, 0xfd, 0x0, 0x0, 0x2, 0xff, 0xf0, 0xe,
    0xff, 0x30, 0x0, 0x7, 0xff, 0xa0, 0x9, 0xff,
    0x80, 0x0, 0xc, 0xff, 0x50, 0x4, 0xff, 0xd0,
    0x0, 0x1f, 0xff, 0x0, 0x0, 0xef, 0xf2, 0x0,
    0x6f, 0xfa, 0x0, 0x0, 0x8f, 0xf7, 0x0, 0xbf,
    0xf4, 0x0, 0x0, 0x2f, 0xfd, 0x1, 0xff, 0xe0,
    0x0, 0x0, 0xd, 0xff, 0x25, 0xff, 0x90, 0x0,
    0x0, 0x7, 0xff, 0x7a, 0xff, 0x40, 0x0, 0x0,
    0x1, 0xff, 0xdf, 0xfe, 0x0, 0x0, 0x0, 0x0,
    0xbf, 0xff, 0xf9, 0x0, 0x0, 0x0, 0x0, 0x6f,
    0xff, 0xf3, 0x0, 0x0, 0x0, 0x0, 0xd, 0xff,
    0xe0, 0x0, 0x0, 0x0, 0x0, 0x4, 0xff, 0x80,
    0x0, 0x0, 0x0, 0x25, 0x6d, 0xff, 0x34, 0x54,
    0x0, 0x0, 0x6f, 0xff, 0xfb, 0xe, 0xfe, 0x0,
    0x0, 0x6f, 0xfe, 0xa1, 0xe, 0xfe, 0x0,

    /* U+1EF6 "Ỷ" */
    0x0, 0x0, 0x0, 0x9f, 0xfb, 0x0, 0x0, 0x0,
    0x0, 0x0, 0x0, 0x7a, 0xff, 0x50, 0x0, 0x0,
    0x0, 0x0, 0x0, 0x0, 0xbf, 0x30, 0x0, 0x0,
    0x0, 0x0, 0x0, 0x3, 0xd8, 0x0, 0x0, 0x0,
    0x0, 0x0, 0x0, 0x0, 0x0, 0x0, 0x0, 0x0,
    0xd, 0xff, 0x90, 0x0, 0x0, 0x0, 0xdf, 0xf9,
    0x4, 0xff, 0xf2, 0x0, 0x0, 0x7, 0xff, 0xe1,
    0x0, 0xbf, 0xfb, 0x0, 0x0, 0x1e, 0xff, 0x60,
    0x0, 0x2f, 0xff, 0x40, 0x0, 0x9f, 0xfd, 0x0,
    0x0, 0x9, 0xff, 0xd0, 0x2, 0xff, 0xf4, 0x0,
    0x0, 0x1, 0xef, 0xf6, 0xa, 0xff, 0xb0, 0x0,
    0x0, 0x0, 0x6f, 0xfe, 0x4f, 0xff, 0x20, 0x0,
    0x0, 0x0, 0xd, 0xff, 0xff, 0xf8, 0x0, 0x0,
    0x0, 0x0, 0x4, 0xff, 0xff, 0xe0, 0x0, 0x0,
    0x0, 0x0, 0x0, 0xaf, 0xff, 0x60, 0x0, 0x0,
    0x0, 0x0, 0x0, 0x3f, 0xff, 0x0, 0x0, 0x0,
    0x0, 0x0, 0x0, 0x3f, 0xfe, 0x0, 0x0, 0x0,
    0x0, 0x0, 0x0, 0x3f, 0xfe, 0x0, 0x0, 0x0,
    0x0, 0x0, 0x0, 0x3f, 0xfe, 0x0, 0x0, 0x0,
    0x0, 0x0, 0x0, 0x3f, 0xfe, 0x0, 0x0, 0x0,
    0x0, 0x0, 0x0, 0x3f, 0xfe, 0x0, 0x0, 0x0,
    0x0, 0x0, 0x0, 0x3f, 0xfe, 0x0, 0x0, 0x0,

    /* U+1EF7 "ỷ" */
    0x0, 0x0, 0x19, 0x98, 0x10, 0x0, 0x0, 0x0,
    0x0, 0x2f, 0xff, 0xb0, 0x0, 0x0, 0x0, 0x0,
    0x0, 0x3f, 0xc0, 0x0, 0x0, 0x0, 0x0, 0x0,
    0x9e, 0x30, 0x0, 0x0, 0x0, 0x0, 0x0, 0x0,
    0x0, 0x0, 0x0, 0x5f, 0xfd, 0x0, 0x0, 0x2,
    0xff, 0xf0, 0xe, 0xff, 0x30, 0x0, 0x7, 0xff,
    0xa0, 0x9, 0xff, 0x80, 0x0, 0xc, 0xff, 0x50,
    0x4, 0xff, 0xd0, 0x0, 0x1f, 0xff, 0x0, 0x0,
    0xef, 0xf2, 0x0, 0x6f, 0xfa, 0x0, 0x0, 0x8f,
    0xf7, 0x0, 0xbf, 0xf4, 0x0, 0x0, 0x2f, 0xfd,
    0x1, 0xff, 0xe0, 0x0, 0x0, 0xd, 0xff, 0x25,
    0xff, 0x90, 0x0, 0x0, 0x7, 0xff, 0x7a, 0xff,
    0x40, 0x0, 0x0, 0x1, 0xff, 0xdf, 0xfe, 0x0,
    0x0, 0x0, 0x0, 0xbf, 0xff, 0xf9, 0x0, 0x0,
    0x0, 0x0, 0x6f, 0xff, 0xf3, 0x0, 0x0, 0x0,
    0x0, 0xd, 0xff, 0xe0, 0x0, 0x0, 0x0, 0x0,
    0x4, 0xff, 0x80, 0x0, 0x0, 0x0, 0x25, 0x6d,
    0xff, 0x30, 0x0, 0x0, 0x0, 0x6f, 0xff, 0xfb,
    0x0, 0x0, 0x0, 0x0, 0x6f, 0xfe, 0xa1, 0x0,
    0x0, 0x0,

    /* U+1EF8 "Ỹ" */
    0x0, 0x0, 0x4, 0xcb, 0x20, 0x4d, 0x40, 0x0,
    0x0, 0x0, 0x2f, 0xff, 0xe2, 0x9f, 0x20, 0x0,
    0x0, 0x0, 0x7f, 0x45, 0xff, 0xfc, 0x0, 0x0,
    0x0, 0x0, 0x8d, 0x0, 0x5c, 0xa1, 0x0, 0x0,
    0x0, 0x0, 0x0, 0x0, 0x0, 0x0, 0x0, 0x0,
    0xd, 0xff, 0x90, 0x0, 0x0, 0x0, 0xdf, 0xf9,
    0x4, 0xff, 0xf2, 0x0, 0x0, 0x7, 0xff, 0xe1,
    0x0, 0xbf, 0xfb, 0x0, 0x0, 0x1e, 0xff, 0x60,
    0x0, 0x2f, 0xff, 0x40, 0x0, 0x9f, 0xfd, 0x0,
    0x0, 0x9, 0xff, 0xd0, 0x2, 0xff, 0xf4, 0x0,
    0x0, 0x1, 0xef, 0xf6, 0xa, 0xff, 0xb0, 0x0,
    0x0, 0x0, 0x6f, 0xfe, 0x4f, 0xff, 0x20, 0x0,
    0x0, 0x0, 0xd, 0xff, 0xff, 0xf8, 0x0, 0x0,
    0x0, 0x0, 0x4, 0xff, 0xff, 0xe0, 0x0, 0x0,
    0x0, 0x0, 0x0, 0xaf, 0xff, 0x60, 0x0, 0x0,
    0x0, 0x0, 0x0, 0x3f, 0xff, 0x0, 0x0, 0x0,
    0x0, 0x0, 0x0, 0x3f, 0xfe, 0x0, 0x0, 0x0,
    0x0, 0x0, 0x0, 0x3f, 0xfe, 0x0, 0x0, 0x0,
    0x0, 0x0, 0x0, 0x3f, 0xfe, 0x0, 0x0, 0x0,
    0x0, 0x0, 0x0, 0x3f, 0xfe, 0x0, 0x0, 0x0,
    0x0, 0x0, 0x0, 0x3f, 0xfe, 0x0, 0x0, 0x0,
    0x0, 0x0, 0x0, 0x3f, 0xfe, 0x0, 0x0, 0x0,

    /* U+1EF9 "ỹ" */
    0x0, 0x3, 0xcf, 0xb3, 0xe, 0xc0, 0x0, 0x0,
    0xd, 0xfe, 0xff, 0xff, 0x70, 0x0, 0x0, 0x1f,
    0x90, 0x5d, 0xfa, 0x0, 0x0, 0x0, 0x0, 0x0,
    0x0, 0x0, 0x0, 0x0, 0x5f, 0xfd, 0x0, 0x0,
    0x2, 0xff, 0xf0, 0xe, 0xff, 0x30, 0x0, 0x7,
    0xff, 0xa0, 0x9, 0xff, 0x80, 0x0, 0xc, 0xff,
    0x50, 0x4, 0xff, 0xd0, 0x0, 0x1f, 0xff, 0x0,
    0x0, 0xef, 0xf2, 0x0, 0x6f, 0xfa, 0x0, 0x0,
    0x8f, 0xf7, 0x0, 0xbf, 0xf4, 0x0, 0x0, 0x2f,
    0xfd, 0x1, 0xff, 0xe0, 0x0, 0x0, 0xd, 0xff,
    0x25, 0xff, 0x90, 0x0, 0x0, 0x7, 0xff, 0x7a,
    0xff, 0x40, 0x0, 0x0, 0x1, 0xff, 0xdf, 0xfe,
    0x0, 0x0, 0x0, 0x0, 0xbf, 0xff, 0xf9, 0x0,
    0x0, 0x0, 0x0, 0x6f, 0xff, 0xf3, 0x0, 0x0,
    0x0, 0x0, 0xd, 0xff, 0xe0, 0x0, 0x0, 0x0,
    0x0, 0x4, 0xff, 0x80, 0x0, 0x0, 0x0, 0x25,
    0x6d, 0xff, 0x30, 0x0, 0x0, 0x0, 0x6f, 0xff,
    0xfb, 0x0, 0x0, 0x0, 0x0, 0x6f, 0xfe, 0xa1,
    0x0, 0x0, 0x0,

    /* U+2013 "–" */
    0x9, 0x99, 0x99, 0x99, 0x99, 0x99, 0x92, 0x1f,
    0xff, 0xff, 0xff, 0xff, 0xff, 0xf5, 0x1f, 0xff,
    0xff, 0xff, 0xff, 0xff, 0xf5,

    /* U+2014 "—" */
    0x9, 0x99, 0x99, 0x99, 0x99, 0x99, 0x99, 0x99,
    0x99, 0x99, 0x81, 0xff, 0xff, 0xff, 0xff, 0xff,
    0xff, 0xff, 0xff, 0xff, 0xfe, 0x1f, 0xff, 0xff,
    0xff, 0xff, 0xff, 0xff, 0xff, 0xff, 0xff, 0xe0,

    /* U+2015 "―" */
    0x4c, 0xcc, 0xcc, 0xcc, 0xcc, 0xcc, 0xb6, 0xff,
    0xff, 0xff, 0xff, 0xff, 0xfe,

    /* U+2016 "‖" */
    0xcf, 0x0, 0xcf, 0x1c, 0xf0, 0xc, 0xf1, 0xcf,
    0x0, 0xcf, 0x1c, 0xf0, 0xc, 0xf1, 0xcf, 0x0,
    0xcf, 0x1c, 0xf0, 0xc, 0xf1, 0xcf, 0x0, 0xcf,
    0x1c, 0xf0, 0xc, 0xf1, 0xcf, 0x0, 0xcf, 0x1c,
    0xf0, 0xc, 0xf1, 0xcf, 0x0, 0xcf, 0x1c, 0xf0,
    0xc, 0xf1, 0xcf, 0x0, 0xcf, 0x1c, 0xf0, 0xc,
    0xf1, 0xcf, 0x0, 0xcf, 0x1c, 0xf0, 0xc, 0xf1,
    0xcf, 0x0, 0xcf, 0x1c, 0xf0, 0xc, 0xf1, 0xcf,
    0x0, 0xcf, 0x16, 0x80, 0x6, 0x80,

    /* U+2017 "‗" */
    0x0, 0x0, 0x0, 0x0, 0x0, 0x0, 0x0, 0x2f,
    0xff, 0xff, 0xff, 0xff, 0xff, 0xf2, 0x3, 0x33,
    0x33, 0x33, 0x33, 0x33, 0x30, 0x2f, 0xff, 0xff,
    0xff, 0xff, 0xff, 0xf2, 0x3, 0x33, 0x33, 0x33,
    0x33, 0x33, 0x30,

    /* U+2018 "‘" */
    0x9, 0xf2, 0xf, 0xd0, 0x5f, 0x70, 0xcf, 0x72,
    0xff, 0xf8, 0xff, 0xf8, 0xff, 0xf8,

    /* U+2019 "’" */
    0xff, 0xf8, 0xff, 0xf8, 0xff, 0xf8, 0x5b, 0xf4,
    0xe, 0xe0, 0x4f, 0x70, 0x7d, 0x10,

    /* U+201A "‚" */
    0x5, 0x55, 0x21, 0xff, 0xf7, 0x1f, 0xff, 0x71,
    0xff, 0xf6, 0x0, 0xcf, 0x20, 0x1f, 0xc0, 0x6,
    0xf6, 0x0, 0xbf, 0x10,

    /* U+201B "‛" */
    0x7f, 0xc7, 0xfc, 0x7d, 0x65, 0xd0, 0xe, 0x70,
    0x27,

    /* U+201C "“" */
    0x9, 0xf2, 0x0, 0xce, 0x0, 0xfd, 0x0, 0x3f,
    0x90, 0x5f, 0x70, 0x9, 0xf3, 0xc, 0xf7, 0x20,
    0xff, 0x51, 0xff, 0xf8, 0x2f, 0xff, 0x5f, 0xff,
    0x83, 0xff, 0xf5, 0xff, 0xf8, 0x3f, 0xff, 0x50,

    /* U+201D "”" */
    0xff, 0xf8, 0x3f, 0xff, 0x4f, 0xff, 0x83, 0xff,
    0xf4, 0xff, 0xf8, 0x3f, 0xff, 0x45, 0xbf, 0x41,
    0x5e, 0xf1, 0xe, 0xe0, 0x2, 0xfa, 0x4, 0xf7,
    0x0, 0x8f, 0x30, 0x7d, 0x10, 0xb, 0xb0, 0x0,

    /* U+201E "„" */
    0x5, 0x55, 0x21, 0x55, 0x51, 0x1f, 0xff, 0x74,
    0xff, 0xf3, 0x1f, 0xff, 0x74, 0xff, 0xf3, 0x1f,
    0xff, 0x64, 0xff, 0xf3, 0x0, 0xcf, 0x20, 0xf,
    0xe0, 0x1, 0xfc, 0x0, 0x4f, 0x80, 0x6, 0xf6,
    0x0, 0x9f, 0x20, 0xb, 0xf1, 0x0, 0xec, 0x0,

    /* U+201F "‟" */
    0xff, 0x54, 0xff, 0xf, 0xf5, 0x4f, 0xf0, 0xe9,
    0x24, 0xf7, 0xc, 0x50, 0x2f, 0x0, 0x6d, 0x10,
    0xc9, 0x0, 0x62, 0x1, 0x80,

    /* U+2020 "†" */
    0x0, 0x0, 0x6f, 0xf7, 0x0, 0x0, 0x0, 0x0,
    0x6f, 0xf7, 0x0, 0x0, 0x0, 0x0, 0x6f, 0xf7,
    0x0, 0x0, 0x0, 0x0, 0x6f, 0xf7, 0x0, 0x0,
    0x1f, 0xff, 0xff, 0xff, 0xff, 0xf2, 0x1f, 0xff,
    0xff, 0xff, 0xff, 0xf2, 0x6, 0x66, 0xdf, 0xfe,
    0x66, 0x60, 0x0, 0x0, 0x6f, 0xf7, 0x0, 0x0,
    0x0, 0x0, 0x6f, 0xf7, 0x0, 0x0, 0x0, 0x0,
    0x6f, 0xf7, 0x0, 0x0, 0x0, 0x0, 0x6f, 0xf7,
    0x0, 0x0, 0x0, 0x0, 0x6f, 0xf7, 0x0, 0x0,
    0x0, 0x0, 0x6f, 0xf7, 0x0, 0x0, 0x0, 0x0,
    0x6f, 0xf7, 0x0, 0x0, 0x0, 0x0, 0x6f, 0xf7,
    0x0, 0x0, 0x0, 0x0, 0x6f, 0xf7, 0x0, 0x0,
    0x0, 0x0, 0x6f, 0xf7, 0x0, 0x0,

    /* U+2021 "‡" */
    0x0, 0x0, 0x6f, 0xf7, 0x0, 0x0, 0x0, 0x0,
    0x6f, 0xf7, 0x0, 0x0, 0x0, 0x0, 0x6f, 0xf7,
    0x0, 0x0, 0x0, 0x0, 0x6f, 0xf7, 0x0, 0x0,
    0x1f, 0xff, 0xff, 0xff, 0xff, 0xf2, 0x1f, 0xff,
    0xff, 0xff, 0xff, 0xf2, 0x6, 0x66, 0xdf, 0xfe,
    0x66, 0x60, 0x0, 0x0, 0x6f, 0xf7, 0x0, 0x0,
    0x0, 0x0, 0x6f, 0xf7, 0x0, 0x0, 0x0, 0x0,
    0x6f, 0xf7, 0x0, 0x0, 0x6, 0x66, 0xdf, 0xfe,
    0x66, 0x60, 0x1f, 0xff, 0xff, 0xff, 0xff, 0xf2,
    0x1f, 0xff, 0xff, 0xff, 0xff, 0xf2, 0x0, 0x0,
    0x6f, 0xf7, 0x0, 0x0, 0x0, 0x0, 0x6f, 0xf7,
    0x0, 0x0, 0x0, 0x0, 0x6f, 0xf7, 0x0, 0x0,
    0x0, 0x0, 0x6f, 0xf7, 0x0, 0x0,

    /* U+2022 "•" */
    0x0, 0x1, 0x20, 0x0, 0x1, 0xcf, 0xfe, 0x40,
    0xb, 0xff, 0xff, 0xf0, 0xf, 0xff, 0xff, 0xf4,
    0xf, 0xff, 0xff, 0xf4, 0x9, 0xff, 0xff, 0xd0,
    0x0, 0x9e, 0xfb, 0x20,

    /* U+2023 "‣" */
    0x10, 0x0, 0x0, 0xb, 0xa1, 0x0, 0x0, 0xcf,
    0xf7, 0x0, 0xc, 0xff, 0xfd, 0x40, 0xcf, 0xff,
    0xff, 0x4c, 0xff, 0xfb, 0x20, 0xcf, 0xd4, 0x0,
    0xb, 0x70, 0x0, 0x0, 0x0, 0x0, 0x0, 0x0,

    /* U+2024 "․" */
    0x67, 0x3d, 0xf8, 0xdf, 0x80,

    /* U+2025 "‥" */
    0x67, 0x30, 0x0, 0x17, 0x71, 0xdf, 0x80, 0x0,
    0x3f, 0xf3, 0xdf, 0x80, 0x0, 0x3f, 0xf3,

    /* U+2026 "…" */
    0x5, 0x55, 0x20, 0x45, 0x53, 0x4, 0x55, 0x31,
    0xff, 0xf7, 0xe, 0xff, 0x90, 0xcf, 0xfb, 0x1f,
    0xff, 0x70, 0xef, 0xf9, 0xc, 0xff, 0xb1, 0xff,
    0xf7, 0xe, 0xff, 0x90, 0xcf, 0xfb,

    /* U+203A "›" */
    0x6, 0x88, 0x50, 0x0, 0x3, 0xff, 0xf5, 0x0,
    0x0, 0x5f, 0xff, 0x30, 0x0, 0x7, 0xff, 0xe2,
    0x0, 0x0, 0x9f, 0xfb, 0x0, 0x0, 0x3f, 0xfc,
    0x0, 0x2, 0xef, 0xf7, 0x0, 0x1d, 0xff, 0x90,
    0x0, 0xbf, 0xfb, 0x0, 0xa, 0xff, 0xd0, 0x0,

    /* U+2713 "✓" */
    0x0, 0x0, 0x0, 0x0, 0x0, 0x0, 0x0, 0x8c,
    0xd2, 0x0, 0x0, 0x0, 0x0, 0x0, 0x0, 0xc,
    0xff, 0x30, 0x0, 0x0, 0x0, 0x0, 0x0, 0x0,
    0xbf, 0xf4, 0x0, 0x0, 0x0, 0x0, 0x0, 0x0,
    0x7, 0xff, 0x60, 0x0, 0x0, 0x0, 0x0, 0x0,
    0x0, 0x3f, 0xfa, 0x0, 0x0, 0x0, 0x0, 0x0,
    0x0, 0x0, 0xdf, 0xd0, 0x0, 0x0, 0x0, 0x0,
    0x0, 0x0, 0x8, 0xff, 0x30, 0x0, 0x0, 0x0,
    0x0, 0x0, 0x0, 0x2f, 0xf9, 0x0, 0x0, 0x0,
    0x0, 0x0, 0x0, 0x0, 0xbf, 0xf1, 0x0, 0x0,
    0x0, 0x0, 0x0, 0x0, 0x4, 0xff, 0x70, 0x0,
    0x0, 0x0, 0x1, 0x30, 0x0, 0xc, 0xfd, 0x0,
    0x0, 0x0, 0x0, 0x3f, 0xfc, 0x10, 0x4f, 0xf5,
    0x0, 0x0, 0x0, 0x0, 0x5f, 0xff, 0xc0, 0xcf,
    0xe0, 0x0, 0x0, 0x0, 0x0, 0x9, 0xff, 0xfa,
    0xff, 0x70, 0x0, 0x0, 0x0, 0x0, 0x0, 0xcf,
    0xff, 0xfe, 0x0, 0x0, 0x0, 0x0, 0x0, 0x0,
    0x1e, 0xff, 0xf8, 0x0, 0x0, 0x0, 0x0, 0x0,
    0x0, 0x5, 0xff, 0xf1, 0x0, 0x0, 0x0, 0x0,
    0x0, 0x0, 0x0, 0x23, 0x10, 0x0, 0x0, 0x0,
    0x0, 0x0,

    /* U+2717 "✗" */
    0x0, 0x0, 0x30, 0x0, 0x0, 0x0, 0x0, 0x0,
    0x5, 0xf9, 0x0, 0x0, 0x4, 0xb2, 0x0, 0x5,
    0xff, 0x50, 0x0, 0x3f, 0xf6, 0x0, 0x1, 0xff,
    0xe0, 0x3, 0xff, 0x70, 0x0, 0x0, 0xdf, 0xf5,
    0x2e, 0xfb, 0x0, 0x0, 0x0, 0x9f, 0xfd, 0xef,
    0xf2, 0x0, 0x0, 0x0, 0x5f, 0xff, 0xff, 0x70,
    0x0, 0x0, 0x0, 0x1f, 0xff, 0xfd, 0x0, 0x0,
    0x0, 0x0, 0xe, 0xff, 0xf3, 0x0, 0x0, 0x0,
    0x0, 0x7f, 0xff, 0xe0, 0x0, 0x0, 0x0, 0x5,
    0xff, 0xff, 0xf1, 0x0, 0x0, 0x0, 0x3f, 0xff,
    0xff, 0xf5, 0x0, 0x0, 0x2, 0xef, 0xfd, 0xbf,
    0xfc, 0x0, 0x0, 0xd, 0xff, 0xd1, 0x1f, 0xff,
    0x40, 0x0, 0xaf, 0xfe, 0x10, 0x6, 0xff, 0xd0,
    0x0, 0xcf, 0xe2, 0x0, 0x0, 0x5e, 0xe0, 0x0,
    0x1e, 0x30, 0x0, 0x0, 0x3, 0x20, 0x0, 0x1,
    0x0, 0x0, 0x0, 0x0, 0x0, 0x0
};


/*---------------------
 *  GLYPH DESCRIPTION
 *--------------------*/

static const lv_font_fmt_txt_glyph_dsc_t glyph_dsc[] = {
    {.bitmap_index = 0, .adv_w = 0, .box_w = 0, .box_h = 0, .ofs_x = 0, .ofs_y = 0} /* id = 0 reserved */,
    {.bitmap_index = 0, .adv_w = 91, .box_w = 0, .box_h = 0, .ofs_x = 0, .ofs_y = 0},
    {.bitmap_index = 0, .adv_w = 93, .box_w = 4, .box_h = 17, .ofs_x = 1, .ofs_y = 0},
    {.bitmap_index = 34, .adv_w = 144, .box_w = 7, .box_h = 7, .ofs_x = 1, .ofs_y = 10},
    {.bitmap_index = 59, .adv_w = 212, .box_w = 15, .box_h = 17, .ofs_x = -1, .ofs_y = 0},
    {.bitmap_index = 187, .adv_w = 252, .box_w = 14, .box_h = 22, .ofs_x = 1, .ofs_y = -2},
    {.bitmap_index = 341, .adv_w = 314, .box_w = 19, .box_h = 17, .ofs_x = 0, .ofs_y = 0},
    {.bitmap_index = 503, .adv_w = 260, .box_w = 16, .box_h = 17, .ofs_x = 0, .ofs_y = 0},
    {.bitmap_index = 639, .adv_w = 75, .box_w = 3, .box_h = 7, .ofs_x = 1, .ofs_y = 10},
    {.bitmap_index = 650, .adv_w = 118, .box_w = 7, .box_h = 21, .ofs_x = 1, .ofs_y = -3},
    {.bitmap_index = 724, .adv_w = 118, .box_w = 7, .box_h = 21, .ofs_x = 0, .ofs_y = -3},
    {.bitmap_index = 798, .adv_w = 163, .box_w = 10, .box_h = 10, .ofs_x = 0, .ofs_y = 8},
    {.bitmap_index = 848, .adv_w = 217, .box_w = 13, .box_h = 12, .ofs_x = 0, .ofs_y = 1},
    {.bitmap_index = 926, .adv_w = 86, .box_w = 5, .box_h = 8, .ofs_x = 0, .ofs_y = -4},
    {.bitmap_index = 946, .adv_w = 161, .box_w = 10, .box_h = 3, .ofs_x = 0, .ofs_y = 6},
    {.bitmap_index = 961, .adv_w = 86, .box_w = 5, .box_h = 4, .ofs_x = 0, .ofs_y = 0},
    {.bitmap_index = 971, .adv_w = 195, .box_w = 11, .box_h = 21, .ofs_x = 0, .ofs_y = -3},
    {.bitmap_index = 1087, .adv_w = 262, .box_w = 15, .box_h = 17, .ofs_x = 1, .ofs_y = 0},
    {.bitmap_index = 1215, .adv_w = 164, .box_w = 8, .box_h = 17, .ofs_x = 0, .ofs_y = 0},
    {.bitmap_index = 1283, .adv_w = 247, .box_w = 14, .box_h = 17, .ofs_x = 1, .ofs_y = 0},
    {.bitmap_index = 1402, .adv_w = 245, .box_w = 14, .box_h = 17, .ofs_x = 1, .ofs_y = 0},
    {.bitmap_index = 1521, .adv_w = 247, .box_w = 15, .box_h = 17, .ofs_x = 0, .ofs_y = 0},
    {.bitmap_index = 1649, .adv_w = 252, .box_w = 14, .box_h = 17, .ofs_x = 1, .ofs_y = 0},
    {.bitmap_index = 1768, .adv_w = 236, .box_w = 13, .box_h = 17, .ofs_x = 1, .ofs_y = 0},
    {.bitmap_index = 1879, .adv_w = 207, .box_w = 13, .box_h = 17, .ofs_x = 0, .ofs_y = 0},
    {.bitmap_index = 1990, .adv_w = 247, .box_w = 15, .box_h = 17, .ofs_x = 0, .ofs_y = 0},
    {.bitmap_index = 2118, .adv_w = 237, .box_w = 14, .box_h = 17, .ofs_x = 0, .ofs_y = 0},
    {.bitmap_index = 2237, .adv_w = 118, .box_w = 5, .box_h = 12, .ofs_x = 1, .ofs_y = 0},
    {.bitmap_index = 2267, .adv_w = 118, .box_w = 5, .box_h = 16, .ofs_x = 1, .ofs_y = -4},
    {.bitmap_index = 2307, .adv_w = 210, .box_w = 12, .box_h = 14, .ofs_x = 0, .ofs_y = 0},
    {.bitmap_index = 2391, .adv_w = 210, .box_w = 13, .box_h = 8, .ofs_x = 0, .ofs_y = 3},
    {.bitmap_index = 2443, .adv_w = 210, .box_w = 12, .box_h = 14, .ofs_x = 1, .ofs_y = 0},
    {.bitmap_index = 2527, .adv_w = 223, .box_w = 13, .box_h = 17, .ofs_x = 0, .ofs_y = 0},
    {.bitmap_index = 2638, .adv_w = 362, .box_w = 21, .box_h = 20, .ofs_x = 1, .ofs_y = -3},
    {.bitmap_index = 2848, .adv_w = 272, .box_w = 17, .box_h = 17, .ofs_x = 0, .ofs_y = 0},
    {.bitmap_index = 2993, .adv_w = 267, .box_w = 15, .box_h = 17, .ofs_x = 1, .ofs_y = 0},
    {.bitmap_index = 3121, .adv_w = 278, .box_w = 16, .box_h = 17, .ofs_x = 1, .ofs_y = 0},
    {.bitmap_index = 3257, .adv_w = 272, .box_w = 16, .box_h = 17, .ofs_x = 1, .ofs_y = 0},
    {.bitmap_index = 3393, .adv_w = 236, .box_w = 13, .box_h = 17, .ofs_x = 1, .ofs_y = 0},
    {.bitmap_index = 3504, .adv_w = 230, .box_w = 13, .box_h = 17, .ofs_x = 1, .ofs_y = 0},
    {.bitmap_index = 3615, .adv_w = 279, .box_w = 16, .box_h = 17, .ofs_x = 1, .ofs_y = 0},
    {.bitmap_index = 3751, .adv_w = 276, .box_w = 15, .box_h = 17, .ofs_x = 1, .ofs_y = 0},
    {.bitmap_index = 3879, .adv_w = 111, .box_w = 5, .box_h = 17, .ofs_x = 1, .ofs_y = 0},
    {.bitmap_index = 3922, .adv_w = 237, .box_w = 13, .box_h = 17, .ofs_x = 1, .ofs_y = 0},
    {.bitmap_index = 4033, .adv_w = 258, .box_w = 15, .box_h = 17, .ofs_x = 1, .ofs_y = 0},
    {.bitmap_index = 4161, .adv_w = 225, .box_w = 13, .box_h = 17, .ofs_x = 1, .ofs_y = 0},
    {.bitmap_index = 4272, .adv_w = 346, .box_w = 19, .box_h = 17, .ofs_x = 1, .ofs_y = 0},
    {.bitmap_index = 4434, .adv_w = 287, .box_w = 16, .box_h = 17, .ofs_x = 1, .ofs_y = 0},
    {.bitmap_index = 4570, .adv_w = 293, .box_w = 17, .box_h = 17, .ofs_x = 1, .ofs_y = 0},
    {.bitmap_index = 4715, .adv_w = 255, .box_w = 14, .box_h = 17, .ofs_x = 1, .ofs_y = 0},
    {.bitmap_index = 4834, .adv_w = 291, .box_w = 17, .box_h = 18, .ofs_x = 1, .ofs_y = -1},
    {.bitmap_index = 4987, .adv_w = 265, .box_w = 15, .box_h = 17, .ofs_x = 1, .ofs_y = 0},
    {.bitmap_index = 5115, .adv_w = 257, .box_w = 14, .box_h = 17, .ofs_x = 1, .ofs_y = 0},
    {.bitmap_index = 5234, .adv_w = 224, .box_w = 14, .box_h = 17, .ofs_x = 0, .ofs_y = 0},
    {.bitmap_index = 5353, .adv_w = 268, .box_w = 15, .box_h = 17, .ofs_x = 1, .ofs_y = 0},
    {.bitmap_index = 5481, .adv_w = 272, .box_w = 17, .box_h = 17, .ofs_x = 0, .ofs_y = 0},
    {.bitmap_index = 5626, .adv_w = 381, .box_w = 23, .box_h = 17, .ofs_x = 0, .ofs_y = 0},
    {.bitmap_index = 5822, .adv_w = 253, .box_w = 16, .box_h = 17, .ofs_x = 0, .ofs_y = 0},
    {.bitmap_index = 5958, .adv_w = 235, .box_w = 16, .box_h = 17, .ofs_x = -1, .ofs_y = 0},
    {.bitmap_index = 6094, .adv_w = 222, .box_w = 14, .box_h = 17, .ofs_x = 0, .ofs_y = 0},
    {.bitmap_index = 6213, .adv_w = 144, .box_w = 8, .box_h = 21, .ofs_x = 1, .ofs_y = -3},
    {.bitmap_index = 6297, .adv_w = 186, .box_w = 11, .box_h = 21, .ofs_x = 0, .ofs_y = -3},
    {.bitmap_index = 6413, .adv_w = 144, .box_w = 8, .box_h = 21, .ofs_x = 0, .ofs_y = -3},
    {.bitmap_index = 6497, .adv_w = 173, .box_w = 10, .box_h = 7, .ofs_x = 0, .ofs_y = 9},
    {.bitmap_index = 6532, .adv_w = 215, .box_w = 13, .box_h = 3, .ofs_x = 0, .ofs_y = -3},
    {.bitmap_index = 6552, .adv_w = 103, .box_w = 6, .box_h = 4, .ofs_x = 0, .ofs_y = 14},
    {.bitmap_index = 6564, .adv_w = 223, .box_w = 14, .box_h = 13, .ofs_x = 0, .ofs_y = 0},
    {.bitmap_index = 6655, .adv_w = 238, .box_w = 13, .box_h = 17, .ofs_x = 1, .ofs_y = 0},
    {.bitmap_index = 6766, .adv_w = 223, .box_w = 14, .box_h = 13, .ofs_x = 0, .ofs_y = 0},
    {.bitmap_index = 6857, .adv_w = 238, .box_w = 14, .box_h = 17, .ofs_x = 0, .ofs_y = 0},
    {.bitmap_index = 6976, .adv_w = 227, .box_w = 14, .box_h = 13, .ofs_x = 0, .ofs_y = 0},
    {.bitmap_index = 7067, .adv_w = 165, .box_w = 9, .box_h = 17, .ofs_x = 1, .ofs_y = 0},
    {.bitmap_index = 7144, .adv_w = 238, .box_w = 14, .box_h = 17, .ofs_x = 0, .ofs_y = -4},
    {.bitmap_index = 7263, .adv_w = 231, .box_w = 12, .box_h = 17, .ofs_x = 1, .ofs_y = 0},
    {.bitmap_index = 7365, .adv_w = 103, .box_w = 4, .box_h = 17, .ofs_x = 1, .ofs_y = 0},
    {.bitmap_index = 7399, .adv_w = 118, .box_w = 7, .box_h = 21, .ofs_x = -1, .ofs_y = -4},
    {.bitmap_index = 7473, .adv_w = 241, .box_w = 13, .box_h = 17, .ofs_x = 1, .ofs_y = 0},
    {.bitmap_index = 7584, .adv_w = 114, .box_w = 6, .box_h = 17, .ofs_x = 1, .ofs_y = 0},
    {.bitmap_index = 7635, .adv_w = 343, .box_w = 19, .box_h = 13, .ofs_x = 1, .ofs_y = 0},
    {.bitmap_index = 7759, .adv_w = 231, .box_w = 12, .box_h = 13, .ofs_x = 1, .ofs_y = 0},
    {.bitmap_index = 7837, .adv_w = 232, .box_w = 14, .box_h = 13, .ofs_x = 0, .ofs_y = 0},
    {.bitmap_index = 7928, .adv_w = 238, .box_w = 13, .box_h = 17, .ofs_x = 1, .ofs_y = -4},
    {.bitmap_index = 8039, .adv_w = 238, .box_w = 14, .box_h = 17, .ofs_x = 0, .ofs_y = -4},
    {.bitmap_index = 8158, .adv_w = 157, .box_w = 8, .box_h = 13, .ofs_x = 1, .ofs_y = 0},
    {.bitmap_index = 8210, .adv_w = 212, .box_w = 13, .box_h = 13, .ofs_x = 0, .ofs_y = 0},
    {.bitmap_index = 8295, .adv_w = 164, .box_w = 9, .box_h = 16, .ofs_x = 1, .ofs_y = 0},
    {.bitmap_index = 8367, .adv_w = 229, .box_w = 12, .box_h = 13, .ofs_x = 1, .ofs_y = 0},
    {.bitmap_index = 8445, .adv_w = 224, .box_w = 14, .box_h = 13, .ofs_x = 0, .ofs_y = 0},
    {.bitmap_index = 8536, .adv_w = 322, .box_w = 20, .box_h = 13, .ofs_x = 0, .ofs_y = 0},
    {.bitmap_index = 8666, .adv_w = 241, .box_w = 13, .box_h = 13, .ofs_x = 1, .ofs_y = 0},
    {.bitmap_index = 8751, .adv_w = 219, .box_w = 14, .box_h = 17, .ofs_x = 0, .ofs_y = -4},
    {.bitmap_index = 8870, .adv_w = 218, .box_w = 12, .box_h = 13, .ofs_x = 1, .ofs_y = 0},
    {.bitmap_index = 8948, .adv_w = 154, .box_w = 9, .box_h = 21, .ofs_x = 1, .ofs_y = -3},
    {.bitmap_index = 9043, .adv_w = 109, .box_w = 4, .box_h = 21, .ofs_x = 1, .ofs_y = -3},
    {.bitmap_index = 9085, .adv_w = 154, .box_w = 9, .box_h = 21, .ofs_x = 0, .ofs_y = -3},
    {.bitmap_index = 9180, .adv_w = 201, .box_w = 12, .box_h = 5, .ofs_x = 0, .ofs_y = 6},
    {.bitmap_index = 9210, .adv_w = 91, .box_w = 0, .box_h = 0, .ofs_x = 0, .ofs_y = 0},
    {.bitmap_index = 9210, .adv_w = 93, .box_w = 4, .box_h = 17, .ofs_x = 1, .ofs_y = -4},
    {.bitmap_index = 9244, .adv_w = 223, .box_w = 14, .box_h = 17, .ofs_x = 0, .ofs_y = 0},
    {.bitmap_index = 9363, .adv_w = 244, .box_w = 14, .box_h = 17, .ofs_x = 1, .ofs_y = 0},
    {.bitmap_index = 9482, .adv_w = 242, .box_w = 14, .box_h = 14, .ofs_x = 1, .ofs_y = 1},
    {.bitmap_index = 9580, .adv_w = 235, .box_w = 16, .box_h = 17, .ofs_x = -1, .ofs_y = 0},
    {.bitmap_index = 9716, .adv_w = 109, .box_w = 4, .box_h = 21, .ofs_x = 1, .ofs_y = -3},
    {.bitmap_index = 9758, .adv_w = 225, .box_w = 12, .box_h = 19, .ofs_x = 1, .ofs_y = -2},
    {.bitmap_index = 9872, .adv_w = 155, .box_w = 9, .box_h = 3, .ofs_x = 0, .ofs_y = 14},
    {.bitmap_index = 9886, .adv_w = 316, .box_w = 18, .box_h = 18, .ofs_x = 1, .ofs_y = 0},
    {.bitmap_index = 10048, .adv_w = 162, .box_w = 10, .box_h = 9, .ofs_x = 0, .ofs_y = 8},
    {.bitmap_index = 10093, .adv_w = 233, .box_w = 14, .box_h = 10, .ofs_x = 0, .ofs_y = 2},
    {.bitmap_index = 10163, .adv_w = 195, .box_w = 12, .box_h = 7, .ofs_x = 0, .ofs_y = 2},
    {.bitmap_index = 10205, .adv_w = 128, .box_w = 8, .box_h = 3, .ofs_x = 0, .ofs_y = 5},
    {.bitmap_index = 10217, .adv_w = 247, .box_w = 14, .box_h = 14, .ofs_x = 1, .ofs_y = 3},
    {.bitmap_index = 10315, .adv_w = 141, .box_w = 8, .box_h = 3, .ofs_x = 0, .ofs_y = 15},
    {.bitmap_index = 10327, .adv_w = 161, .box_w = 10, .box_h = 9, .ofs_x = 0, .ofs_y = 9},
    {.bitmap_index = 10372, .adv_w = 210, .box_w = 13, .box_h = 14, .ofs_x = 0, .ofs_y = 0},
    {.bitmap_index = 10463, .adv_w = 140, .box_w = 8, .box_h = 9, .ofs_x = 0, .ofs_y = 8},
    {.bitmap_index = 10499, .adv_w = 137, .box_w = 8, .box_h = 9, .ofs_x = 0, .ofs_y = 8},
    {.bitmap_index = 10535, .adv_w = 103, .box_w = 6, .box_h = 4, .ofs_x = 0, .ofs_y = 14},
    {.bitmap_index = 10547, .adv_w = 229, .box_w = 12, .box_h = 17, .ofs_x = 1, .ofs_y = -4},
    {.bitmap_index = 10649, .adv_w = 246, .box_w = 13, .box_h = 17, .ofs_x = 1, .ofs_y = 0},
    {.bitmap_index = 10760, .adv_w = 86, .box_w = 5, .box_h = 4, .ofs_x = 0, .ofs_y = 6},
    {.bitmap_index = 10770, .adv_w = 125, .box_w = 7, .box_h = 6, .ofs_x = 0, .ofs_y = -5},
    {.bitmap_index = 10791, .adv_w = 103, .box_w = 5, .box_h = 9, .ofs_x = 0, .ofs_y = 8},
    {.bitmap_index = 10814, .adv_w = 168, .box_w = 10, .box_h = 8, .ofs_x = 0, .ofs_y = 9},
    {.bitmap_index = 10854, .adv_w = 237, .box_w = 14, .box_h = 10, .ofs_x = 0, .ofs_y = 2},
    {.bitmap_index = 10924, .adv_w = 296, .box_w = 18, .box_h = 17, .ofs_x = 0, .ofs_y = 0},
    {.bitmap_index = 11077, .adv_w = 319, .box_w = 19, .box_h = 18, .ofs_x = 0, .ofs_y = 0},
    {.bitmap_index = 11248, .adv_w = 318, .box_w = 20, .box_h = 17, .ofs_x = 0, .ofs_y = 0},
    {.bitmap_index = 11418, .adv_w = 223, .box_w = 13, .box_h = 18, .ofs_x = 0, .ofs_y = -4},
    {.bitmap_index = 11535, .adv_w = 272, .box_w = 17, .box_h = 22, .ofs_x = 0, .ofs_y = 0},
    {.bitmap_index = 11722, .adv_w = 272, .box_w = 17, .box_h = 22, .ofs_x = 0, .ofs_y = 0},
    {.bitmap_index = 11909, .adv_w = 272, .box_w = 17, .box_h = 22, .ofs_x = 0, .ofs_y = 0},
    {.bitmap_index = 12096, .adv_w = 272, .box_w = 17, .box_h = 22, .ofs_x = 0, .ofs_y = 0},
    {.bitmap_index = 12283, .adv_w = 272, .box_w = 17, .box_h = 21, .ofs_x = 0, .ofs_y = 0},
    {.bitmap_index = 12462, .adv_w = 274, .box_w = 17, .box_h = 24, .ofs_x = 0, .ofs_y = 0},
    {.bitmap_index = 12666, .adv_w = 391, .box_w = 24, .box_h = 17, .ofs_x = 0, .ofs_y = 0},
    {.bitmap_index = 12870, .adv_w = 278, .box_w = 16, .box_h = 22, .ofs_x = 1, .ofs_y = -5},
    {.bitmap_index = 13046, .adv_w = 236, .box_w = 13, .box_h = 22, .ofs_x = 1, .ofs_y = 0},
    {.bitmap_index = 13189, .adv_w = 236, .box_w = 13, .box_h = 22, .ofs_x = 1, .ofs_y = 0},
    {.bitmap_index = 13332, .adv_w = 236, .box_w = 13, .box_h = 22, .ofs_x = 1, .ofs_y = 0},
    {.bitmap_index = 13475, .adv_w = 236, .box_w = 13, .box_h = 21, .ofs_x = 1, .ofs_y = 0},
    {.bitmap_index = 13612, .adv_w = 111, .box_w = 6, .box_h = 22, .ofs_x = 0, .ofs_y = 0},
    {.bitmap_index = 13678, .adv_w = 111, .box_w = 6, .box_h = 22, .ofs_x = 1, .ofs_y = 0},
    {.bitmap_index = 13744, .adv_w = 111, .box_w = 9, .box_h = 22, .ofs_x = -1, .ofs_y = 0},
    {.bitmap_index = 13843, .adv_w = 111, .box_w = 9, .box_h = 21, .ofs_x = -1, .ofs_y = 0},
    {.bitmap_index = 13938, .adv_w = 272, .box_w = 17, .box_h = 17, .ofs_x = 0, .ofs_y = 0},
    {.bitmap_index = 14083, .adv_w = 287, .box_w = 16, .box_h = 22, .ofs_x = 1, .ofs_y = 0},
    {.bitmap_index = 14259, .adv_w = 293, .box_w = 17, .box_h = 22, .ofs_x = 1, .ofs_y = 0},
    {.bitmap_index = 14446, .adv_w = 293, .box_w = 17, .box_h = 22, .ofs_x = 1, .ofs_y = 0},
    {.bitmap_index = 14633, .adv_w = 293, .box_w = 17, .box_h = 22, .ofs_x = 1, .ofs_y = 0},
    {.bitmap_index = 14820, .adv_w = 293, .box_w = 17, .box_h = 22, .ofs_x = 1, .ofs_y = 0},
    {.bitmap_index = 15007, .adv_w = 293, .box_w = 17, .box_h = 22, .ofs_x = 1, .ofs_y = 0},
    {.bitmap_index = 15194, .adv_w = 203, .box_w = 12, .box_h = 12, .ofs_x = 0, .ofs_y = 1},
    {.bitmap_index = 15266, .adv_w = 293, .box_w = 17, .box_h = 17, .ofs_x = 1, .ofs_y = 0},
    {.bitmap_index = 15411, .adv_w = 268, .box_w = 15, .box_h = 22, .ofs_x = 1, .ofs_y = 0},
    {.bitmap_index = 15576, .adv_w = 268, .box_w = 15, .box_h = 22, .ofs_x = 1, .ofs_y = 0},
    {.bitmap_index = 15741, .adv_w = 268, .box_w = 15, .box_h = 22, .ofs_x = 1, .ofs_y = 0},
    {.bitmap_index = 15906, .adv_w = 268, .box_w = 15, .box_h = 22, .ofs_x = 1, .ofs_y = 0},
    {.bitmap_index = 16071, .adv_w = 235, .box_w = 16, .box_h = 22, .ofs_x = -1, .ofs_y = 0},
    {.bitmap_index = 16247, .adv_w = 243, .box_w = 14, .box_h = 17, .ofs_x = 1, .ofs_y = 0},
    {.bitmap_index = 16366, .adv_w = 243, .box_w = 14, .box_h = 17, .ofs_x = 1, .ofs_y = 0},
    {.bitmap_index = 16485, .adv_w = 223, .box_w = 14, .box_h = 18, .ofs_x = 0, .ofs_y = 0},
    {.bitmap_index = 16611, .adv_w = 223, .box_w = 14, .box_h = 18, .ofs_x = 0, .ofs_y = 0},
    {.bitmap_index = 16737, .adv_w = 223, .box_w = 14, .box_h = 18, .ofs_x = 0, .ofs_y = 0},
    {.bitmap_index = 16863, .adv_w = 223, .box_w = 14, .box_h = 18, .ofs_x = 0, .ofs_y = 0},
    {.bitmap_index = 16989, .adv_w = 223, .box_w = 14, .box_h = 17, .ofs_x = 0, .ofs_y = 0},
    {.bitmap_index = 17108, .adv_w = 223, .box_w = 14, .box_h = 20, .ofs_x = 0, .ofs_y = 0},
    {.bitmap_index = 17248, .adv_w = 363, .box_w = 22, .box_h = 13, .ofs_x = 0, .ofs_y = 0},
    {.bitmap_index = 17391, .adv_w = 223, .box_w = 14, .box_h = 18, .ofs_x = 0, .ofs_y = -5},
    {.bitmap_index = 17517, .adv_w = 227, .box_w = 14, .box_h = 18, .ofs_x = 0, .ofs_y = 0},
    {.bitmap_index = 17643, .adv_w = 227, .box_w = 14, .box_h = 18, .ofs_x = 0, .ofs_y = 0},
    {.bitmap_index = 17769, .adv_w = 227, .box_w = 14, .box_h = 18, .ofs_x = 0, .ofs_y = 0},
    {.bitmap_index = 17895, .adv_w = 227, .box_w = 14, .box_h = 17, .ofs_x = 0, .ofs_y = 0},
    {.bitmap_index = 18014, .adv_w = 103, .box_w = 5, .box_h = 18, .ofs_x = 0, .ofs_y = 0},
    {.bitmap_index = 18059, .adv_w = 103, .box_w = 6, .box_h = 18, .ofs_x = 1, .ofs_y = 0},
    {.bitmap_index = 18113, .adv_w = 103, .box_w = 9, .box_h = 18, .ofs_x = -1, .ofs_y = 0},
    {.bitmap_index = 18194, .adv_w = 103, .box_w = 7, .box_h = 17, .ofs_x = 0, .ofs_y = 0},
    {.bitmap_index = 18254, .adv_w = 232, .box_w = 14, .box_h = 18, .ofs_x = 0, .ofs_y = 0},
    {.bitmap_index = 18380, .adv_w = 231, .box_w = 12, .box_h = 17, .ofs_x = 1, .ofs_y = 0},
    {.bitmap_index = 18482, .adv_w = 232, .box_w = 14, .box_h = 18, .ofs_x = 0, .ofs_y = 0},
    {.bitmap_index = 18608, .adv_w = 232, .box_w = 14, .box_h = 18, .ofs_x = 0, .ofs_y = 0},
    {.bitmap_index = 18734, .adv_w = 232, .box_w = 14, .box_h = 18, .ofs_x = 0, .ofs_y = 0},
    {.bitmap_index = 18860, .adv_w = 232, .box_w = 14, .box_h = 18, .ofs_x = 0, .ofs_y = 0},
    {.bitmap_index = 18986, .adv_w = 232, .box_w = 14, .box_h = 17, .ofs_x = 0, .ofs_y = 0},
    {.bitmap_index = 19105, .adv_w = 214, .box_w = 13, .box_h = 13, .ofs_x = 0, .ofs_y = 0},
    {.bitmap_index = 19190, .adv_w = 232, .box_w = 14, .box_h = 13, .ofs_x = 0, .ofs_y = 0},
    {.bitmap_index = 19281, .adv_w = 229, .box_w = 12, .box_h = 18, .ofs_x = 1, .ofs_y = 0},
    {.bitmap_index = 19389, .adv_w = 229, .box_w = 12, .box_h = 18, .ofs_x = 1, .ofs_y = 0},
    {.bitmap_index = 19497, .adv_w = 229, .box_w = 12, .box_h = 18, .ofs_x = 1, .ofs_y = 0},
    {.bitmap_index = 19605, .adv_w = 229, .box_w = 12, .box_h = 17, .ofs_x = 1, .ofs_y = 0},
    {.bitmap_index = 19707, .adv_w = 219, .box_w = 14, .box_h = 21, .ofs_x = 0, .ofs_y = -4},
    {.bitmap_index = 19854, .adv_w = 236, .box_w = 13, .box_h = 21, .ofs_x = 1, .ofs_y = -4},
    {.bitmap_index = 19991, .adv_w = 219, .box_w = 14, .box_h = 21, .ofs_x = 0, .ofs_y = -4},
    {.bitmap_index = 20138, .adv_w = 272, .box_w = 17, .box_h = 21, .ofs_x = 0, .ofs_y = 0},
    {.bitmap_index = 20317, .adv_w = 223, .box_w = 14, .box_h = 17, .ofs_x = 0, .ofs_y = 0},
    {.bitmap_index = 20436, .adv_w = 272, .box_w = 17, .box_h = 22, .ofs_x = 0, .ofs_y = 0},
    {.bitmap_index = 20623, .adv_w = 223, .box_w = 14, .box_h = 18, .ofs_x = 0, .ofs_y = 0},
    {.bitmap_index = 20749, .adv_w = 272, .box_w = 18, .box_h = 22, .ofs_x = 0, .ofs_y = -5},
    {.bitmap_index = 20947, .adv_w = 223, .box_w = 15, .box_h = 18, .ofs_x = 0, .ofs_y = -5},
    {.bitmap_index = 21082, .adv_w = 278, .box_w = 16, .box_h = 22, .ofs_x = 1, .ofs_y = 0},
    {.bitmap_index = 21258, .adv_w = 223, .box_w = 14, .box_h = 18, .ofs_x = 0, .ofs_y = 0},
    {.bitmap_index = 21384, .adv_w = 278, .box_w = 16, .box_h = 22, .ofs_x = 1, .ofs_y = 0},
    {.bitmap_index = 21560, .adv_w = 223, .box_w = 14, .box_h = 18, .ofs_x = 0, .ofs_y = 0},
    {.bitmap_index = 21686, .adv_w = 278, .box_w = 16, .box_h = 22, .ofs_x = 1, .ofs_y = 0},
    {.bitmap_index = 21862, .adv_w = 223, .box_w = 14, .box_h = 17, .ofs_x = 0, .ofs_y = 0},
    {.bitmap_index = 21981, .adv_w = 278, .box_w = 16, .box_h = 22, .ofs_x = 1, .ofs_y = 0},
    {.bitmap_index = 22157, .adv_w = 223, .box_w = 14, .box_h = 18, .ofs_x = 0, .ofs_y = 0},
    {.bitmap_index = 22283, .adv_w = 272, .box_w = 16, .box_h = 22, .ofs_x = 1, .ofs_y = 0},
    {.bitmap_index = 22459, .adv_w = 274, .box_w = 18, .box_h = 17, .ofs_x = 0, .ofs_y = 0},
    {.bitmap_index = 22612, .adv_w = 272, .box_w = 17, .box_h = 17, .ofs_x = 0, .ofs_y = 0},
    {.bitmap_index = 22757, .adv_w = 238, .box_w = 15, .box_h = 17, .ofs_x = 0, .ofs_y = 0},
    {.bitmap_index = 22885, .adv_w = 236, .box_w = 13, .box_h = 21, .ofs_x = 1, .ofs_y = 0},
    {.bitmap_index = 23022, .adv_w = 227, .box_w = 14, .box_h = 17, .ofs_x = 0, .ofs_y = 0},
    {.bitmap_index = 23141, .adv_w = 256, .box_w = 14, .box_h = 22, .ofs_x = 1, .ofs_y = 0},
    {.bitmap_index = 23295, .adv_w = 214, .box_w = 13, .box_h = 18, .ofs_x = 0, .ofs_y = 0},
    {.bitmap_index = 23412, .adv_w = 236, .box_w = 13, .box_h = 21, .ofs_x = 1, .ofs_y = 0},
    {.bitmap_index = 23549, .adv_w = 227, .box_w = 14, .box_h = 17, .ofs_x = 0, .ofs_y = 0},
    {.bitmap_index = 23668, .adv_w = 236, .box_w = 14, .box_h = 22, .ofs_x = 1, .ofs_y = -5},
    {.bitmap_index = 23822, .adv_w = 227, .box_w = 14, .box_h = 18, .ofs_x = 0, .ofs_y = -5},
    {.bitmap_index = 23948, .adv_w = 236, .box_w = 13, .box_h = 22, .ofs_x = 1, .ofs_y = 0},
    {.bitmap_index = 24091, .adv_w = 227, .box_w = 14, .box_h = 18, .ofs_x = 0, .ofs_y = 0},
    {.bitmap_index = 24217, .adv_w = 279, .box_w = 16, .box_h = 22, .ofs_x = 1, .ofs_y = 0},
    {.bitmap_index = 24393, .adv_w = 238, .box_w = 14, .box_h = 22, .ofs_x = 0, .ofs_y = -4},
    {.bitmap_index = 24547, .adv_w = 279, .box_w = 16, .box_h = 22, .ofs_x = 1, .ofs_y = 0},
    {.bitmap_index = 24723, .adv_w = 238, .box_w = 14, .box_h = 22, .ofs_x = 0, .ofs_y = -4},
    {.bitmap_index = 24877, .adv_w = 279, .box_w = 16, .box_h = 22, .ofs_x = 1, .ofs_y = 0},
    {.bitmap_index = 25053, .adv_w = 238, .box_w = 14, .box_h = 21, .ofs_x = 0, .ofs_y = -4},
    {.bitmap_index = 25200, .adv_w = 279, .box_w = 16, .box_h = 23, .ofs_x = 1, .ofs_y = -6},
    {.bitmap_index = 25384, .adv_w = 238, .box_w = 14, .box_h = 23, .ofs_x = 0, .ofs_y = -4},
    {.bitmap_index = 25545, .adv_w = 276, .box_w = 15, .box_h = 22, .ofs_x = 1, .ofs_y = 0},
    {.bitmap_index = 25710, .adv_w = 231, .box_w = 14, .box_h = 22, .ofs_x = -1, .ofs_y = 0},
    {.bitmap_index = 25864, .adv_w = 276, .box_w = 18, .box_h = 17, .ofs_x = 0, .ofs_y = 0},
    {.bitmap_index = 26017, .adv_w = 231, .box_w = 13, .box_h = 17, .ofs_x = 0, .ofs_y = 0},
    {.bitmap_index = 26128, .adv_w = 111, .box_w = 9, .box_h = 22, .ofs_x = -1, .ofs_y = 0},
    {.bitmap_index = 26227, .adv_w = 103, .box_w = 9, .box_h = 17, .ofs_x = -1, .ofs_y = 0},
    {.bitmap_index = 26304, .adv_w = 111, .box_w = 7, .box_h = 21, .ofs_x = 0, .ofs_y = 0},
    {.bitmap_index = 26378, .adv_w = 103, .box_w = 8, .box_h = 17, .ofs_x = -1, .ofs_y = 0},
    {.bitmap_index = 26446, .adv_w = 107, .box_w = 8, .box_h = 22, .ofs_x = -1, .ofs_y = 0},
    {.bitmap_index = 26534, .adv_w = 85, .box_w = 8, .box_h = 18, .ofs_x = -1, .ofs_y = 0},
    {.bitmap_index = 26606, .adv_w = 111, .box_w = 6, .box_h = 22, .ofs_x = 0, .ofs_y = -5},
    {.bitmap_index = 26672, .adv_w = 103, .box_w = 6, .box_h = 22, .ofs_x = 0, .ofs_y = -5},
    {.bitmap_index = 26738, .adv_w = 111, .box_w = 5, .box_h = 21, .ofs_x = 1, .ofs_y = 0},
    {.bitmap_index = 26791, .adv_w = 103, .box_w = 4, .box_h = 13, .ofs_x = 1, .ofs_y = 0},
    {.bitmap_index = 26817, .adv_w = 342, .box_w = 19, .box_h = 17, .ofs_x = 1, .ofs_y = 0},
    {.bitmap_index = 26979, .adv_w = 213, .box_w = 11, .box_h = 21, .ofs_x = 1, .ofs_y = -4},
    {.bitmap_index = 27095, .adv_w = 237, .box_w = 15, .box_h = 22, .ofs_x = 1, .ofs_y = 0},
    {.bitmap_index = 27260, .adv_w = 118, .box_w = 9, .box_h = 21, .ofs_x = -1, .ofs_y = -4},
    {.bitmap_index = 27355, .adv_w = 258, .box_w = 15, .box_h = 23, .ofs_x = 1, .ofs_y = -6},
    {.bitmap_index = 27528, .adv_w = 241, .box_w = 13, .box_h = 23, .ofs_x = 1, .ofs_y = -6},
    {.bitmap_index = 27678, .adv_w = 168, .box_w = 10, .box_h = 13, .ofs_x = 1, .ofs_y = 0},
    {.bitmap_index = 27743, .adv_w = 225, .box_w = 13, .box_h = 22, .ofs_x = 1, .ofs_y = 0},
    {.bitmap_index = 27886, .adv_w = 114, .box_w = 6, .box_h = 21, .ofs_x = 1, .ofs_y = 0},
    {.bitmap_index = 27949, .adv_w = 225, .box_w = 13, .box_h = 23, .ofs_x = 1, .ofs_y = -6},
    {.bitmap_index = 28099, .adv_w = 114, .box_w = 6, .box_h = 23, .ofs_x = 1, .ofs_y = -6},
    {.bitmap_index = 28168, .adv_w = 225, .box_w = 13, .box_h = 17, .ofs_x = 1, .ofs_y = 0},
    {.bitmap_index = 28279, .adv_w = 141, .box_w = 9, .box_h = 17, .ofs_x = 1, .ofs_y = 0},
    {.bitmap_index = 28356, .adv_w = 214, .box_w = 12, .box_h = 18, .ofs_x = 1, .ofs_y = 0},
    {.bitmap_index = 28464, .adv_w = 122, .box_w = 7, .box_h = 18, .ofs_x = 1, .ofs_y = 0},
    {.bitmap_index = 28527, .adv_w = 225, .box_w = 14, .box_h = 17, .ofs_x = 0, .ofs_y = 0},
    {.bitmap_index = 28646, .adv_w = 114, .box_w = 7, .box_h = 17, .ofs_x = 0, .ofs_y = 0},
    {.bitmap_index = 28706, .adv_w = 287, .box_w = 16, .box_h = 22, .ofs_x = 1, .ofs_y = 0},
    {.bitmap_index = 28882, .adv_w = 231, .box_w = 12, .box_h = 18, .ofs_x = 1, .ofs_y = 0},
    {.bitmap_index = 28990, .adv_w = 287, .box_w = 16, .box_h = 23, .ofs_x = 1, .ofs_y = -6},
    {.bitmap_index = 29174, .adv_w = 231, .box_w = 12, .box_h = 19, .ofs_x = 1, .ofs_y = -6},
    {.bitmap_index = 29288, .adv_w = 287, .box_w = 16, .box_h = 22, .ofs_x = 1, .ofs_y = 0},
    {.bitmap_index = 29464, .adv_w = 231, .box_w = 12, .box_h = 18, .ofs_x = 1, .ofs_y = 0},
    {.bitmap_index = 29572, .adv_w = 240, .box_w = 15, .box_h = 18, .ofs_x = -1, .ofs_y = 0},
    {.bitmap_index = 29707, .adv_w = 287, .box_w = 16, .box_h = 21, .ofs_x = 1, .ofs_y = -4},
    {.bitmap_index = 29875, .adv_w = 231, .box_w = 12, .box_h = 17, .ofs_x = 1, .ofs_y = -4},
    {.bitmap_index = 29977, .adv_w = 293, .box_w = 17, .box_h = 22, .ofs_x = 1, .ofs_y = 0},
    {.bitmap_index = 30164, .adv_w = 232, .box_w = 14, .box_h = 17, .ofs_x = 0, .ofs_y = 0},
    {.bitmap_index = 30283, .adv_w = 299, .box_w = 17, .box_h = 23, .ofs_x = 1, .ofs_y = 0},
    {.bitmap_index = 30479, .adv_w = 214, .box_w = 13, .box_h = 18, .ofs_x = 0, .ofs_y = 0},
    {.bitmap_index = 30596, .adv_w = 293, .box_w = 17, .box_h = 22, .ofs_x = 1, .ofs_y = 0},
    {.bitmap_index = 30783, .adv_w = 232, .box_w = 14, .box_h = 18, .ofs_x = 0, .ofs_y = 0},
    {.bitmap_index = 30909, .adv_w = 426, .box_w = 25, .box_h = 17, .ofs_x = 1, .ofs_y = 0},
    {.bitmap_index = 31122, .adv_w = 378, .box_w = 23, .box_h = 13, .ofs_x = 0, .ofs_y = 0},
    {.bitmap_index = 31272, .adv_w = 265, .box_w = 15, .box_h = 22, .ofs_x = 1, .ofs_y = 0},
    {.bitmap_index = 31437, .adv_w = 157, .box_w = 8, .box_h = 18, .ofs_x = 1, .ofs_y = 0},
    {.bitmap_index = 31509, .adv_w = 265, .box_w = 15, .box_h = 23, .ofs_x = 1, .ofs_y = -6},
    {.bitmap_index = 31682, .adv_w = 157, .box_w = 8, .box_h = 19, .ofs_x = 1, .ofs_y = -6},
    {.bitmap_index = 31758, .adv_w = 265, .box_w = 15, .box_h = 22, .ofs_x = 1, .ofs_y = 0},
    {.bitmap_index = 31923, .adv_w = 157, .box_w = 9, .box_h = 18, .ofs_x = 1, .ofs_y = 0},
    {.bitmap_index = 32004, .adv_w = 257, .box_w = 14, .box_h = 22, .ofs_x = 1, .ofs_y = 0},
    {.bitmap_index = 32158, .adv_w = 212, .box_w = 13, .box_h = 18, .ofs_x = 0, .ofs_y = 0},
    {.bitmap_index = 32275, .adv_w = 257, .box_w = 14, .box_h = 22, .ofs_x = 1, .ofs_y = 0},
    {.bitmap_index = 32429, .adv_w = 212, .box_w = 13, .box_h = 18, .ofs_x = 0, .ofs_y = 0},
    {.bitmap_index = 32546, .adv_w = 257, .box_w = 14, .box_h = 22, .ofs_x = 1, .ofs_y = -5},
    {.bitmap_index = 32700, .adv_w = 212, .box_w = 13, .box_h = 18, .ofs_x = 0, .ofs_y = -5},
    {.bitmap_index = 32817, .adv_w = 257, .box_w = 14, .box_h = 23, .ofs_x = 1, .ofs_y = 0},
    {.bitmap_index = 32978, .adv_w = 212, .box_w = 13, .box_h = 18, .ofs_x = 0, .ofs_y = 0},
    {.bitmap_index = 33095, .adv_w = 224, .box_w = 14, .box_h = 23, .ofs_x = 0, .ofs_y = -6},
    {.bitmap_index = 33256, .adv_w = 164, .box_w = 9, .box_h = 22, .ofs_x = 1, .ofs_y = -6},
    {.bitmap_index = 33355, .adv_w = 224, .box_w = 14, .box_h = 22, .ofs_x = 0, .ofs_y = 0},
    {.bitmap_index = 33509, .adv_w = 166, .box_w = 10, .box_h = 19, .ofs_x = 1, .ofs_y = 0},
    {.bitmap_index = 33604, .adv_w = 224, .box_w = 14, .box_h = 17, .ofs_x = 0, .ofs_y = 0},
    {.bitmap_index = 33723, .adv_w = 164, .box_w = 9, .box_h = 16, .ofs_x = 1, .ofs_y = 0},
    {.bitmap_index = 33795, .adv_w = 268, .box_w = 15, .box_h = 22, .ofs_x = 1, .ofs_y = 0},
    {.bitmap_index = 33960, .adv_w = 229, .box_w = 12, .box_h = 18, .ofs_x = 1, .ofs_y = 0},
    {.bitmap_index = 34068, .adv_w = 268, .box_w = 15, .box_h = 22, .ofs_x = 1, .ofs_y = 0},
    {.bitmap_index = 34233, .adv_w = 229, .box_w = 12, .box_h = 17, .ofs_x = 1, .ofs_y = 0},
    {.bitmap_index = 34335, .adv_w = 268, .box_w = 15, .box_h = 22, .ofs_x = 1, .ofs_y = 0},
    {.bitmap_index = 34500, .adv_w = 229, .box_w = 12, .box_h = 18, .ofs_x = 1, .ofs_y = 0},
    {.bitmap_index = 34608, .adv_w = 268, .box_w = 15, .box_h = 24, .ofs_x = 1, .ofs_y = 0},
    {.bitmap_index = 34788, .adv_w = 229, .box_w = 12, .box_h = 20, .ofs_x = 1, .ofs_y = 0},
    {.bitmap_index = 34908, .adv_w = 268, .box_w = 15, .box_h = 22, .ofs_x = 1, .ofs_y = 0},
    {.bitmap_index = 35073, .adv_w = 229, .box_w = 12, .box_h = 18, .ofs_x = 1, .ofs_y = 0},
    {.bitmap_index = 35181, .adv_w = 268, .box_w = 15, .box_h = 22, .ofs_x = 1, .ofs_y = -5},
    {.bitmap_index = 35346, .adv_w = 229, .box_w = 13, .box_h = 18, .ofs_x = 1, .ofs_y = -5},
    {.bitmap_index = 35463, .adv_w = 381, .box_w = 23, .box_h = 22, .ofs_x = 0, .ofs_y = 0},
    {.bitmap_index = 35716, .adv_w = 322, .box_w = 20, .box_h = 18, .ofs_x = 0, .ofs_y = 0},
    {.bitmap_index = 35896, .adv_w = 235, .box_w = 16, .box_h = 22, .ofs_x = -1, .ofs_y = 0},
    {.bitmap_index = 36072, .adv_w = 219, .box_w = 14, .box_h = 22, .ofs_x = 0, .ofs_y = -4},
    {.bitmap_index = 36226, .adv_w = 235, .box_w = 16, .box_h = 21, .ofs_x = -1, .ofs_y = 0},
    {.bitmap_index = 36394, .adv_w = 222, .box_w = 14, .box_h = 22, .ofs_x = 0, .ofs_y = 0},
    {.bitmap_index = 36548, .adv_w = 218, .box_w = 12, .box_h = 18, .ofs_x = 1, .ofs_y = 0},
    {.bitmap_index = 36656, .adv_w = 222, .box_w = 14, .box_h = 21, .ofs_x = 0, .ofs_y = 0},
    {.bitmap_index = 36803, .adv_w = 218, .box_w = 12, .box_h = 17, .ofs_x = 1, .ofs_y = 0},
    {.bitmap_index = 36905, .adv_w = 222, .box_w = 14, .box_h = 22, .ofs_x = 0, .ofs_y = 0},
    {.bitmap_index = 37059, .adv_w = 218, .box_w = 12, .box_h = 18, .ofs_x = 1, .ofs_y = 0},
    {.bitmap_index = 37167, .adv_w = 85, .box_w = 7, .box_h = 18, .ofs_x = 1, .ofs_y = 0},
    {.bitmap_index = 37230, .adv_w = 214, .box_w = 14, .box_h = 18, .ofs_x = -1, .ofs_y = 0},
    {.bitmap_index = 37356, .adv_w = 284, .box_w = 17, .box_h = 18, .ofs_x = 0, .ofs_y = 0},
    {.bitmap_index = 37509, .adv_w = 251, .box_w = 14, .box_h = 18, .ofs_x = 1, .ofs_y = 0},
    {.bitmap_index = 37635, .adv_w = 214, .box_w = 12, .box_h = 18, .ofs_x = 1, .ofs_y = 0},
    {.bitmap_index = 37743, .adv_w = 214, .box_w = 12, .box_h = 18, .ofs_x = 1, .ofs_y = 0},
    {.bitmap_index = 37851, .adv_w = 214, .box_w = 12, .box_h = 18, .ofs_x = 1, .ofs_y = 0},
    {.bitmap_index = 37959, .adv_w = 277, .box_w = 17, .box_h = 18, .ofs_x = 0, .ofs_y = 0},
    {.bitmap_index = 38112, .adv_w = 294, .box_w = 18, .box_h = 19, .ofs_x = 1, .ofs_y = 0},
    {.bitmap_index = 38283, .adv_w = 222, .box_w = 14, .box_h = 14, .ofs_x = 0, .ofs_y = 0},
    {.bitmap_index = 38381, .adv_w = 277, .box_w = 17, .box_h = 18, .ofs_x = 0, .ofs_y = 0},
    {.bitmap_index = 38534, .adv_w = 303, .box_w = 18, .box_h = 18, .ofs_x = 0, .ofs_y = 0},
    {.bitmap_index = 38696, .adv_w = 251, .box_w = 14, .box_h = 18, .ofs_x = 0, .ofs_y = 0},
    {.bitmap_index = 38822, .adv_w = 214, .box_w = 12, .box_h = 18, .ofs_x = 0, .ofs_y = 0},
    {.bitmap_index = 38930, .adv_w = 214, .box_w = 13, .box_h = 18, .ofs_x = 0, .ofs_y = -5},
    {.bitmap_index = 39047, .adv_w = 256, .box_w = 14, .box_h = 18, .ofs_x = 1, .ofs_y = 0},
    {.bitmap_index = 39173, .adv_w = 285, .box_w = 16, .box_h = 17, .ofs_x = 1, .ofs_y = 0},
    {.bitmap_index = 39309, .adv_w = 232, .box_w = 13, .box_h = 18, .ofs_x = 1, .ofs_y = 0},
    {.bitmap_index = 39426, .adv_w = 235, .box_w = 15, .box_h = 21, .ofs_x = -1, .ofs_y = -3},
    {.bitmap_index = 39584, .adv_w = 200, .box_w = 11, .box_h = 17, .ofs_x = 1, .ofs_y = 0},
    {.bitmap_index = 39678, .adv_w = 304, .box_w = 19, .box_h = 19, .ofs_x = 1, .ofs_y = 0},
    {.bitmap_index = 39859, .adv_w = 249, .box_w = 16, .box_h = 23, .ofs_x = 0, .ofs_y = -5},
    {.bitmap_index = 40043, .adv_w = 310, .box_w = 18, .box_h = 18, .ofs_x = 1, .ofs_y = 0},
    {.bitmap_index = 40205, .adv_w = 94, .box_w = 5, .box_h = 18, .ofs_x = 1, .ofs_y = 0},
    {.bitmap_index = 40250, .adv_w = 124, .box_w = 8, .box_h = 18, .ofs_x = 0, .ofs_y = 0},
    {.bitmap_index = 40322, .adv_w = 256, .box_w = 16, .box_h = 18, .ofs_x = 1, .ofs_y = 0},
    {.bitmap_index = 40466, .adv_w = 192, .box_w = 11, .box_h = 18, .ofs_x = 1, .ofs_y = 0},
    {.bitmap_index = 40565, .adv_w = 124, .box_w = 8, .box_h = 18, .ofs_x = 0, .ofs_y = 0},
    {.bitmap_index = 40637, .adv_w = 192, .box_w = 12, .box_h = 18, .ofs_x = 0, .ofs_y = 0},
    {.bitmap_index = 40745, .adv_w = 320, .box_w = 18, .box_h = 18, .ofs_x = 1, .ofs_y = 0},
    {.bitmap_index = 40907, .adv_w = 277, .box_w = 17, .box_h = 22, .ofs_x = -1, .ofs_y = -4},
    {.bitmap_index = 41094, .adv_w = 214, .box_w = 11, .box_h = 18, .ofs_x = 1, .ofs_y = -5},
    {.bitmap_index = 41193, .adv_w = 299, .box_w = 17, .box_h = 18, .ofs_x = 1, .ofs_y = 0},
    {.bitmap_index = 41346, .adv_w = 293, .box_w = 17, .box_h = 21, .ofs_x = 1, .ofs_y = 0},
    {.bitmap_index = 41525, .adv_w = 232, .box_w = 14, .box_h = 17, .ofs_x = 0, .ofs_y = 0},
    {.bitmap_index = 41644, .adv_w = 391, .box_w = 22, .box_h = 18, .ofs_x = 1, .ofs_y = 0},
    {.bitmap_index = 41842, .adv_w = 300, .box_w = 18, .box_h = 18, .ofs_x = 0, .ofs_y = -5},
    {.bitmap_index = 42004, .adv_w = 282, .box_w = 17, .box_h = 18, .ofs_x = 0, .ofs_y = 0},
    {.bitmap_index = 42157, .adv_w = 214, .box_w = 12, .box_h = 21, .ofs_x = 1, .ofs_y = -5},
    {.bitmap_index = 42283, .adv_w = 277, .box_w = 17, .box_h = 21, .ofs_x = 1, .ofs_y = -3},
    {.bitmap_index = 42462, .adv_w = 256, .box_w = 14, .box_h = 18, .ofs_x = 1, .ofs_y = 0},
    {.bitmap_index = 42588, .adv_w = 192, .box_w = 12, .box_h = 13, .ofs_x = 0, .ofs_y = 0},
    {.bitmap_index = 42666, .adv_w = 231, .box_w = 13, .box_h = 18, .ofs_x = 1, .ofs_y = 0},
    {.bitmap_index = 42783, .adv_w = 141, .box_w = 10, .box_h = 22, .ofs_x = 0, .ofs_y = -4},
    {.bitmap_index = 42893, .adv_w = 107, .box_w = 7, .box_h = 22, .ofs_x = 0, .ofs_y = -4},
    {.bitmap_index = 42970, .adv_w = 219, .box_w = 14, .box_h = 18, .ofs_x = 0, .ofs_y = 0},
    {.bitmap_index = 43096, .adv_w = 107, .box_w = 7, .box_h = 18, .ofs_x = 0, .ofs_y = 0},
    {.bitmap_index = 43159, .adv_w = 235, .box_w = 15, .box_h = 23, .ofs_x = 0, .ofs_y = -5},
    {.bitmap_index = 43332, .adv_w = 268, .box_w = 17, .box_h = 21, .ofs_x = 1, .ofs_y = 0},
    {.bitmap_index = 43511, .adv_w = 232, .box_w = 14, .box_h = 17, .ofs_x = 1, .ofs_y = 0},
    {.bitmap_index = 43630, .adv_w = 287, .box_w = 16, .box_h = 18, .ofs_x = 1, .ofs_y = 0},
    {.bitmap_index = 43774, .adv_w = 256, .box_w = 15, .box_h = 18, .ofs_x = 0, .ofs_y = 0},
    {.bitmap_index = 43909, .adv_w = 289, .box_w = 18, .box_h = 18, .ofs_x = 0, .ofs_y = 0},
    {.bitmap_index = 44071, .adv_w = 236, .box_w = 15, .box_h = 18, .ofs_x = 0, .ofs_y = -5},
    {.bitmap_index = 44206, .adv_w = 235, .box_w = 15, .box_h = 18, .ofs_x = 0, .ofs_y = 0},
    {.bitmap_index = 44341, .adv_w = 192, .box_w = 12, .box_h = 13, .ofs_x = 0, .ofs_y = 0},
    {.bitmap_index = 44419, .adv_w = 241, .box_w = 14, .box_h = 18, .ofs_x = 0, .ofs_y = 0},
    {.bitmap_index = 44545, .adv_w = 241, .box_w = 14, .box_h = 18, .ofs_x = 1, .ofs_y = 0},
    {.bitmap_index = 44671, .adv_w = 202, .box_w = 11, .box_h = 18, .ofs_x = 1, .ofs_y = -5},
    {.bitmap_index = 44770, .adv_w = 184, .box_w = 11, .box_h = 18, .ofs_x = 0, .ofs_y = -5},
    {.bitmap_index = 44869, .adv_w = 214, .box_w = 13, .box_h = 18, .ofs_x = 0, .ofs_y = 0},
    {.bitmap_index = 44986, .adv_w = 214, .box_w = 13, .box_h = 18, .ofs_x = 0, .ofs_y = 0},
    {.bitmap_index = 45103, .adv_w = 202, .box_w = 12, .box_h = 13, .ofs_x = 0, .ofs_y = 0},
    {.bitmap_index = 45181, .adv_w = 214, .box_w = 12, .box_h = 18, .ofs_x = 1, .ofs_y = 0},
    {.bitmap_index = 45289, .adv_w = 214, .box_w = 11, .box_h = 18, .ofs_x = 1, .ofs_y = -5},
    {.bitmap_index = 45388, .adv_w = 107, .box_w = 3, .box_h = 18, .ofs_x = 2, .ofs_y = 0},
    {.bitmap_index = 45415, .adv_w = 178, .box_w = 7, .box_h = 18, .ofs_x = 2, .ofs_y = 0},
    {.bitmap_index = 45478, .adv_w = 182, .box_w = 11, .box_h = 18, .ofs_x = 0, .ofs_y = 0},
    {.bitmap_index = 45577, .adv_w = 107, .box_w = 3, .box_h = 18, .ofs_x = 2, .ofs_y = 0},
    {.bitmap_index = 45604, .adv_w = 512, .box_w = 31, .box_h = 22, .ofs_x = 1, .ofs_y = 0},
    {.bitmap_index = 45945, .adv_w = 469, .box_w = 28, .box_h = 18, .ofs_x = 1, .ofs_y = 0},
    {.bitmap_index = 46197, .adv_w = 406, .box_w = 25, .box_h = 18, .ofs_x = 0, .ofs_y = 0},
    {.bitmap_index = 46422, .adv_w = 395, .box_w = 22, .box_h = 18, .ofs_x = 1, .ofs_y = 0},
    {.bitmap_index = 46620, .adv_w = 299, .box_w = 17, .box_h = 23, .ofs_x = 1, .ofs_y = -5},
    {.bitmap_index = 46816, .adv_w = 170, .box_w = 9, .box_h = 23, .ofs_x = 1, .ofs_y = -5},
    {.bitmap_index = 46920, .adv_w = 469, .box_w = 27, .box_h = 18, .ofs_x = 1, .ofs_y = 0},
    {.bitmap_index = 47163, .adv_w = 362, .box_w = 21, .box_h = 23, .ofs_x = 1, .ofs_y = -5},
    {.bitmap_index = 47405, .adv_w = 299, .box_w = 17, .box_h = 23, .ofs_x = 1, .ofs_y = -5},
    {.bitmap_index = 47601, .adv_w = 272, .box_w = 17, .box_h = 22, .ofs_x = 0, .ofs_y = 0},
    {.bitmap_index = 47788, .adv_w = 223, .box_w = 14, .box_h = 18, .ofs_x = 0, .ofs_y = 0},
    {.bitmap_index = 47914, .adv_w = 107, .box_w = 8, .box_h = 22, .ofs_x = -1, .ofs_y = 0},
    {.bitmap_index = 48002, .adv_w = 107, .box_w = 8, .box_h = 18, .ofs_x = -1, .ofs_y = 0},
    {.bitmap_index = 48074, .adv_w = 299, .box_w = 17, .box_h = 23, .ofs_x = 1, .ofs_y = 0},
    {.bitmap_index = 48270, .adv_w = 214, .box_w = 13, .box_h = 18, .ofs_x = 0, .ofs_y = 0},
    {.bitmap_index = 48387, .adv_w = 277, .box_w = 15, .box_h = 23, .ofs_x = 1, .ofs_y = 0},
    {.bitmap_index = 48560, .adv_w = 214, .box_w = 11, .box_h = 18, .ofs_x = 1, .ofs_y = 0},
    {.bitmap_index = 48659, .adv_w = 277, .box_w = 15, .box_h = 25, .ofs_x = 1, .ofs_y = 0},
    {.bitmap_index = 48847, .adv_w = 214, .box_w = 11, .box_h = 21, .ofs_x = 1, .ofs_y = 0},
    {.bitmap_index = 48963, .adv_w = 277, .box_w = 15, .box_h = 27, .ofs_x = 1, .ofs_y = 0},
    {.bitmap_index = 49166, .adv_w = 214, .box_w = 11, .box_h = 23, .ofs_x = 1, .ofs_y = 0},
    {.bitmap_index = 49293, .adv_w = 277, .box_w = 15, .box_h = 27, .ofs_x = 1, .ofs_y = 0},
    {.bitmap_index = 49496, .adv_w = 214, .box_w = 11, .box_h = 23, .ofs_x = 1, .ofs_y = 0},
    {.bitmap_index = 49623, .adv_w = 277, .box_w = 15, .box_h = 27, .ofs_x = 1, .ofs_y = 0},
    {.bitmap_index = 49826, .adv_w = 214, .box_w = 11, .box_h = 23, .ofs_x = 1, .ofs_y = 0},
    {.bitmap_index = 49953, .adv_w = 214, .box_w = 13, .box_h = 13, .ofs_x = 0, .ofs_y = 0},
    {.bitmap_index = 50038, .adv_w = 256, .box_w = 18, .box_h = 25, .ofs_x = -1, .ofs_y = 0},
    {.bitmap_index = 50263, .adv_w = 214, .box_w = 13, .box_h = 21, .ofs_x = 0, .ofs_y = 0},
    {.bitmap_index = 50400, .adv_w = 256, .box_w = 18, .box_h = 25, .ofs_x = -1, .ofs_y = 0},
    {.bitmap_index = 50625, .adv_w = 214, .box_w = 13, .box_h = 21, .ofs_x = 0, .ofs_y = 0},
    {.bitmap_index = 50762, .adv_w = 384, .box_w = 23, .box_h = 21, .ofs_x = 0, .ofs_y = 0},
    {.bitmap_index = 51004, .adv_w = 341, .box_w = 21, .box_h = 18, .ofs_x = 0, .ofs_y = 0},
    {.bitmap_index = 51193, .adv_w = 295, .box_w = 17, .box_h = 17, .ofs_x = 1, .ofs_y = 0},
    {.bitmap_index = 51338, .adv_w = 248, .box_w = 15, .box_h = 17, .ofs_x = 0, .ofs_y = -4},
    {.bitmap_index = 51466, .adv_w = 279, .box_w = 16, .box_h = 22, .ofs_x = 1, .ofs_y = 0},
    {.bitmap_index = 51642, .adv_w = 238, .box_w = 14, .box_h = 22, .ofs_x = 0, .ofs_y = -4},
    {.bitmap_index = 51796, .adv_w = 258, .box_w = 15, .box_h = 22, .ofs_x = 1, .ofs_y = 0},
    {.bitmap_index = 51961, .adv_w = 241, .box_w = 15, .box_h = 21, .ofs_x = -1, .ofs_y = 0},
    {.bitmap_index = 52119, .adv_w = 299, .box_w = 17, .box_h = 23, .ofs_x = 1, .ofs_y = -5},
    {.bitmap_index = 52315, .adv_w = 214, .box_w = 13, .box_h = 18, .ofs_x = 0, .ofs_y = -5},
    {.bitmap_index = 52432, .adv_w = 299, .box_w = 17, .box_h = 26, .ofs_x = 1, .ofs_y = -5},
    {.bitmap_index = 52653, .adv_w = 214, .box_w = 13, .box_h = 23, .ofs_x = 0, .ofs_y = -5},
    {.bitmap_index = 52803, .adv_w = 205, .box_w = 11, .box_h = 22, .ofs_x = 1, .ofs_y = 0},
    {.bitmap_index = 52924, .adv_w = 205, .box_w = 11, .box_h = 23, .ofs_x = 1, .ofs_y = -5},
    {.bitmap_index = 53051, .adv_w = 85, .box_w = 9, .box_h = 23, .ofs_x = -2, .ofs_y = -5},
    {.bitmap_index = 53155, .adv_w = 512, .box_w = 31, .box_h = 18, .ofs_x = 1, .ofs_y = 0},
    {.bitmap_index = 53434, .adv_w = 469, .box_w = 28, .box_h = 18, .ofs_x = 1, .ofs_y = 0},
    {.bitmap_index = 53686, .adv_w = 406, .box_w = 25, .box_h = 18, .ofs_x = 0, .ofs_y = 0},
    {.bitmap_index = 53911, .adv_w = 299, .box_w = 17, .box_h = 23, .ofs_x = 1, .ofs_y = 0},
    {.bitmap_index = 54107, .adv_w = 214, .box_w = 12, .box_h = 23, .ofs_x = 0, .ofs_y = -5},
    {.bitmap_index = 54245, .adv_w = 256, .box_w = 18, .box_h = 26, .ofs_x = -1, .ofs_y = 0},
    {.bitmap_index = 54479, .adv_w = 214, .box_w = 13, .box_h = 24, .ofs_x = 0, .ofs_y = 0},
    {.bitmap_index = 54635, .adv_w = 384, .box_w = 23, .box_h = 22, .ofs_x = 0, .ofs_y = 0},
    {.bitmap_index = 54888, .adv_w = 341, .box_w = 21, .box_h = 18, .ofs_x = 0, .ofs_y = 0},
    {.bitmap_index = 55077, .adv_w = 299, .box_w = 18, .box_h = 24, .ofs_x = 0, .ofs_y = -1},
    {.bitmap_index = 55293, .adv_w = 235, .box_w = 13, .box_h = 19, .ofs_x = 1, .ofs_y = -1},
    {.bitmap_index = 55417, .adv_w = 256, .box_w = 18, .box_h = 22, .ofs_x = -1, .ofs_y = 0},
    {.bitmap_index = 55615, .adv_w = 214, .box_w = 13, .box_h = 18, .ofs_x = 0, .ofs_y = 0},
    {.bitmap_index = 55732, .adv_w = 256, .box_w = 18, .box_h = 23, .ofs_x = -1, .ofs_y = 0},
    {.bitmap_index = 55939, .adv_w = 214, .box_w = 13, .box_h = 18, .ofs_x = 0, .ofs_y = 0},
    {.bitmap_index = 56056, .adv_w = 256, .box_w = 14, .box_h = 22, .ofs_x = 1, .ofs_y = 0},
    {.bitmap_index = 56210, .adv_w = 214, .box_w = 13, .box_h = 18, .ofs_x = 0, .ofs_y = 0},
    {.bitmap_index = 56327, .adv_w = 256, .box_w = 14, .box_h = 23, .ofs_x = 1, .ofs_y = 0},
    {.bitmap_index = 56488, .adv_w = 214, .box_w = 13, .box_h = 18, .ofs_x = 0, .ofs_y = 0},
    {.bitmap_index = 56605, .adv_w = 107, .box_w = 9, .box_h = 22, .ofs_x = -2, .ofs_y = 0},
    {.bitmap_index = 56704, .adv_w = 107, .box_w = 10, .box_h = 18, .ofs_x = -2, .ofs_y = 0},
    {.bitmap_index = 56794, .adv_w = 107, .box_w = 8, .box_h = 23, .ofs_x = -1, .ofs_y = 0},
    {.bitmap_index = 56886, .adv_w = 107, .box_w = 8, .box_h = 18, .ofs_x = -1, .ofs_y = 0},
    {.bitmap_index = 56958, .adv_w = 299, .box_w = 17, .box_h = 23, .ofs_x = 1, .ofs_y = 0},
    {.bitmap_index = 57154, .adv_w = 214, .box_w = 13, .box_h = 18, .ofs_x = 0, .ofs_y = 0},
    {.bitmap_index = 57271, .adv_w = 299, .box_w = 17, .box_h = 23, .ofs_x = 1, .ofs_y = 0},
    {.bitmap_index = 57467, .adv_w = 214, .box_w = 13, .box_h = 18, .ofs_x = 0, .ofs_y = 0},
    {.bitmap_index = 57584, .adv_w = 277, .box_w = 17, .box_h = 22, .ofs_x = 1, .ofs_y = 0},
    {.bitmap_index = 57771, .adv_w = 128, .box_w = 9, .box_h = 18, .ofs_x = 0, .ofs_y = 0},
    {.bitmap_index = 57852, .adv_w = 277, .box_w = 17, .box_h = 23, .ofs_x = 1, .ofs_y = 0},
    {.bitmap_index = 58048, .adv_w = 128, .box_w = 9, .box_h = 18, .ofs_x = 0, .ofs_y = 0},
    {.bitmap_index = 58129, .adv_w = 277, .box_w = 15, .box_h = 23, .ofs_x = 1, .ofs_y = 0},
    {.bitmap_index = 58302, .adv_w = 214, .box_w = 11, .box_h = 18, .ofs_x = 1, .ofs_y = 0},
    {.bitmap_index = 58401, .adv_w = 277, .box_w = 15, .box_h = 23, .ofs_x = 1, .ofs_y = 0},
    {.bitmap_index = 58574, .adv_w = 214, .box_w = 11, .box_h = 18, .ofs_x = 1, .ofs_y = 0},
    {.bitmap_index = 58673, .adv_w = 257, .box_w = 14, .box_h = 23, .ofs_x = 1, .ofs_y = -6},
    {.bitmap_index = 58834, .adv_w = 212, .box_w = 13, .box_h = 19, .ofs_x = 0, .ofs_y = -6},
    {.bitmap_index = 58958, .adv_w = 224, .box_w = 14, .box_h = 23, .ofs_x = 0, .ofs_y = -6},
    {.bitmap_index = 59119, .adv_w = 164, .box_w = 9, .box_h = 22, .ofs_x = 1, .ofs_y = -6},
    {.bitmap_index = 59218, .adv_w = 118, .box_w = 7, .box_h = 17, .ofs_x = -1, .ofs_y = -4},
    {.bitmap_index = 59278, .adv_w = 256, .box_w = 18, .box_h = 23, .ofs_x = -1, .ofs_y = -5},
    {.bitmap_index = 59485, .adv_w = 214, .box_w = 13, .box_h = 18, .ofs_x = 0, .ofs_y = -5},
    {.bitmap_index = 59602, .adv_w = 256, .box_w = 14, .box_h = 22, .ofs_x = 1, .ofs_y = 0},
    {.bitmap_index = 59756, .adv_w = 214, .box_w = 12, .box_h = 22, .ofs_x = 1, .ofs_y = 0},
    {.bitmap_index = 59888, .adv_w = 256, .box_w = 14, .box_h = 23, .ofs_x = 1, .ofs_y = -5},
    {.bitmap_index = 60049, .adv_w = 214, .box_w = 12, .box_h = 23, .ofs_x = 1, .ofs_y = -5},
    {.bitmap_index = 60187, .adv_w = 256, .box_w = 14, .box_h = 23, .ofs_x = 1, .ofs_y = -5},
    {.bitmap_index = 60348, .adv_w = 214, .box_w = 12, .box_h = 23, .ofs_x = 1, .ofs_y = -5},
    {.bitmap_index = 60486, .adv_w = 277, .box_w = 16, .box_h = 27, .ofs_x = 1, .ofs_y = -5},
    {.bitmap_index = 60702, .adv_w = 192, .box_w = 12, .box_h = 23, .ofs_x = 0, .ofs_y = -5},
    {.bitmap_index = 60840, .adv_w = 277, .box_w = 16, .box_h = 22, .ofs_x = 1, .ofs_y = 0},
    {.bitmap_index = 61016, .adv_w = 214, .box_w = 12, .box_h = 22, .ofs_x = 0, .ofs_y = 0},
    {.bitmap_index = 61148, .adv_w = 277, .box_w = 16, .box_h = 23, .ofs_x = 1, .ofs_y = -5},
    {.bitmap_index = 61332, .adv_w = 214, .box_w = 12, .box_h = 23, .ofs_x = 0, .ofs_y = -5},
    {.bitmap_index = 61470, .adv_w = 277, .box_w = 16, .box_h = 23, .ofs_x = 1, .ofs_y = -5},
    {.bitmap_index = 61654, .adv_w = 214, .box_w = 12, .box_h = 23, .ofs_x = 0, .ofs_y = -5},
    {.bitmap_index = 61792, .adv_w = 277, .box_w = 16, .box_h = 23, .ofs_x = 1, .ofs_y = -5},
    {.bitmap_index = 61976, .adv_w = 214, .box_w = 12, .box_h = 23, .ofs_x = 0, .ofs_y = -5},
    {.bitmap_index = 62114, .adv_w = 277, .box_w = 16, .box_h = 23, .ofs_x = 1, .ofs_y = -5},
    {.bitmap_index = 62298, .adv_w = 214, .box_w = 12, .box_h = 23, .ofs_x = 0, .ofs_y = -5},
    {.bitmap_index = 62436, .adv_w = 256, .box_w = 14, .box_h = 26, .ofs_x = 1, .ofs_y = 0},
    {.bitmap_index = 62618, .adv_w = 214, .box_w = 13, .box_h = 22, .ofs_x = 0, .ofs_y = 0},
    {.bitmap_index = 62761, .adv_w = 256, .box_w = 14, .box_h = 26, .ofs_x = 1, .ofs_y = 0},
    {.bitmap_index = 62943, .adv_w = 214, .box_w = 13, .box_h = 22, .ofs_x = 0, .ofs_y = 0},
    {.bitmap_index = 63086, .adv_w = 256, .box_w = 14, .box_h = 23, .ofs_x = 1, .ofs_y = -5},
    {.bitmap_index = 63247, .adv_w = 214, .box_w = 13, .box_h = 18, .ofs_x = 0, .ofs_y = -5},
    {.bitmap_index = 63364, .adv_w = 256, .box_w = 14, .box_h = 23, .ofs_x = 1, .ofs_y = -5},
    {.bitmap_index = 63525, .adv_w = 214, .box_w = 13, .box_h = 18, .ofs_x = 0, .ofs_y = -5},
    {.bitmap_index = 63642, .adv_w = 256, .box_w = 14, .box_h = 27, .ofs_x = 1, .ofs_y = -5},
    {.bitmap_index = 63831, .adv_w = 214, .box_w = 13, .box_h = 23, .ofs_x = 0, .ofs_y = -5},
    {.bitmap_index = 63981, .adv_w = 235, .box_w = 13, .box_h = 22, .ofs_x = 1, .ofs_y = 0},
    {.bitmap_index = 64124, .adv_w = 107, .box_w = 8, .box_h = 22, .ofs_x = 0, .ofs_y = 0},
    {.bitmap_index = 64212, .adv_w = 279, .box_w = 16, .box_h = 22, .ofs_x = 1, .ofs_y = 0},
    {.bitmap_index = 64388, .adv_w = 238, .box_w = 14, .box_h = 21, .ofs_x = 0, .ofs_y = -4},
    {.bitmap_index = 64535, .adv_w = 277, .box_w = 15, .box_h = 22, .ofs_x = 1, .ofs_y = 0},
    {.bitmap_index = 64700, .adv_w = 214, .box_w = 11, .box_h = 22, .ofs_x = 1, .ofs_y = 0},
    {.bitmap_index = 64821, .adv_w = 277, .box_w = 15, .box_h = 23, .ofs_x = 1, .ofs_y = -5},
    {.bitmap_index = 64994, .adv_w = 214, .box_w = 11, .box_h = 23, .ofs_x = 1, .ofs_y = -5},
    {.bitmap_index = 65121, .adv_w = 277, .box_w = 15, .box_h = 22, .ofs_x = 1, .ofs_y = 0},
    {.bitmap_index = 65286, .adv_w = 214, .box_w = 11, .box_h = 22, .ofs_x = 1, .ofs_y = 0},
    {.bitmap_index = 65407, .adv_w = 277, .box_w = 16, .box_h = 23, .ofs_x = 0, .ofs_y = -5},
    {.bitmap_index = 65591, .adv_w = 214, .box_w = 12, .box_h = 23, .ofs_x = 0, .ofs_y = -5},
    {.bitmap_index = 65729, .adv_w = 277, .box_w = 15, .box_h = 23, .ofs_x = 1, .ofs_y = -5},
    {.bitmap_index = 65902, .adv_w = 214, .box_w = 11, .box_h = 23, .ofs_x = 1, .ofs_y = -5},
    {.bitmap_index = 66029, .adv_w = 107, .box_w = 9, .box_h = 23, .ofs_x = -1, .ofs_y = -5},
    {.bitmap_index = 66133, .adv_w = 85, .box_w = 9, .box_h = 23, .ofs_x = -2, .ofs_y = -5},
    {.bitmap_index = 66237, .adv_w = 107, .box_w = 7, .box_h = 26, .ofs_x = 0, .ofs_y = 0},
    {.bitmap_index = 66328, .adv_w = 107, .box_w = 7, .box_h = 22, .ofs_x = 0, .ofs_y = 0},
    {.bitmap_index = 66405, .adv_w = 256, .box_w = 15, .box_h = 22, .ofs_x = 1, .ofs_y = 0},
    {.bitmap_index = 66570, .adv_w = 192, .box_w = 11, .box_h = 22, .ofs_x = 1, .ofs_y = 0},
    {.bitmap_index = 66691, .adv_w = 256, .box_w = 15, .box_h = 23, .ofs_x = 1, .ofs_y = -5},
    {.bitmap_index = 66864, .adv_w = 192, .box_w = 11, .box_h = 23, .ofs_x = 1, .ofs_y = -5},
    {.bitmap_index = 66991, .adv_w = 256, .box_w = 15, .box_h = 23, .ofs_x = 1, .ofs_y = -5},
    {.bitmap_index = 67164, .adv_w = 192, .box_w = 11, .box_h = 23, .ofs_x = 1, .ofs_y = -5},
    {.bitmap_index = 67291, .adv_w = 214, .box_w = 12, .box_h = 23, .ofs_x = 1, .ofs_y = -5},
    {.bitmap_index = 67429, .adv_w = 85, .box_w = 3, .box_h = 23, .ofs_x = 1, .ofs_y = -5},
    {.bitmap_index = 67464, .adv_w = 214, .box_w = 12, .box_h = 26, .ofs_x = 1, .ofs_y = -5},
    {.bitmap_index = 67620, .adv_w = 85, .box_w = 8, .box_h = 26, .ofs_x = -1, .ofs_y = -5},
    {.bitmap_index = 67724, .adv_w = 214, .box_w = 12, .box_h = 23, .ofs_x = 1, .ofs_y = -5},
    {.bitmap_index = 67862, .adv_w = 85, .box_w = 9, .box_h = 23, .ofs_x = -2, .ofs_y = -5},
    {.bitmap_index = 67966, .adv_w = 214, .box_w = 12, .box_h = 23, .ofs_x = 1, .ofs_y = -5},
    {.bitmap_index = 68104, .adv_w = 85, .box_w = 8, .box_h = 23, .ofs_x = -1, .ofs_y = -5},
    {.bitmap_index = 68196, .adv_w = 320, .box_w = 18, .box_h = 22, .ofs_x = 1, .ofs_y = 0},
    {.bitmap_index = 68394, .adv_w = 320, .box_w = 18, .box_h = 18, .ofs_x = 1, .ofs_y = 0},
    {.bitmap_index = 68556, .adv_w = 320, .box_w = 18, .box_h = 22, .ofs_x = 1, .ofs_y = 0},
    {.bitmap_index = 68754, .adv_w = 320, .box_w = 18, .box_h = 18, .ofs_x = 1, .ofs_y = 0},
    {.bitmap_index = 68916, .adv_w = 320, .box_w = 18, .box_h = 23, .ofs_x = 1, .ofs_y = -5},
    {.bitmap_index = 69123, .adv_w = 320, .box_w = 18, .box_h = 18, .ofs_x = 1, .ofs_y = -5},
    {.bitmap_index = 69285, .adv_w = 277, .box_w = 15, .box_h = 22, .ofs_x = 1, .ofs_y = 0},
    {.bitmap_index = 69450, .adv_w = 214, .box_w = 11, .box_h = 18, .ofs_x = 1, .ofs_y = 0},
    {.bitmap_index = 69549, .adv_w = 277, .box_w = 15, .box_h = 23, .ofs_x = 1, .ofs_y = -5},
    {.bitmap_index = 69722, .adv_w = 214, .box_w = 11, .box_h = 18, .ofs_x = 1, .ofs_y = -5},
    {.bitmap_index = 69821, .adv_w = 277, .box_w = 15, .box_h = 23, .ofs_x = 1, .ofs_y = -5},
    {.bitmap_index = 69994, .adv_w = 214, .box_w = 11, .box_h = 18, .ofs_x = 1, .ofs_y = -5},
    {.bitmap_index = 70093, .adv_w = 277, .box_w = 15, .box_h = 23, .ofs_x = 1, .ofs_y = -5},
    {.bitmap_index = 70266, .adv_w = 214, .box_w = 11, .box_h = 18, .ofs_x = 1, .ofs_y = -5},
    {.bitmap_index = 70365, .adv_w = 299, .box_w = 17, .box_h = 27, .ofs_x = 1, .ofs_y = 0},
    {.bitmap_index = 70595, .adv_w = 214, .box_w = 13, .box_h = 23, .ofs_x = 0, .ofs_y = 0},
    {.bitmap_index = 70745, .adv_w = 299, .box_w = 17, .box_h = 26, .ofs_x = 1, .ofs_y = 0},
    {.bitmap_index = 70966, .adv_w = 214, .box_w = 13, .box_h = 22, .ofs_x = 0, .ofs_y = 0},
    {.bitmap_index = 71109, .adv_w = 299, .box_w = 17, .box_h = 26, .ofs_x = 1, .ofs_y = 0},
    {.bitmap_index = 71330, .adv_w = 214, .box_w = 13, .box_h = 22, .ofs_x = 0, .ofs_y = 0},
    {.bitmap_index = 71473, .adv_w = 299, .box_w = 17, .box_h = 26, .ofs_x = 1, .ofs_y = 0},
    {.bitmap_index = 71694, .adv_w = 214, .box_w = 13, .box_h = 22, .ofs_x = 0, .ofs_y = 0},
    {.bitmap_index = 71837, .adv_w = 256, .box_w = 14, .box_h = 22, .ofs_x = 1, .ofs_y = 0},
    {.bitmap_index = 71991, .adv_w = 214, .box_w = 12, .box_h = 23, .ofs_x = 1, .ofs_y = -5},
    {.bitmap_index = 72129, .adv_w = 256, .box_w = 14, .box_h = 22, .ofs_x = 1, .ofs_y = 0},
    {.bitmap_index = 72283, .adv_w = 214, .box_w = 12, .box_h = 23, .ofs_x = 1, .ofs_y = -5},
    {.bitmap_index = 72421, .adv_w = 277, .box_w = 17, .box_h = 22, .ofs_x = 1, .ofs_y = 0},
    {.bitmap_index = 72608, .adv_w = 128, .box_w = 8, .box_h = 18, .ofs_x = 1, .ofs_y = 0},
    {.bitmap_index = 72680, .adv_w = 277, .box_w = 17, .box_h = 23, .ofs_x = 1, .ofs_y = -5},
    {.bitmap_index = 72876, .adv_w = 128, .box_w = 8, .box_h = 18, .ofs_x = 1, .ofs_y = -5},
    {.bitmap_index = 72948, .adv_w = 277, .box_w = 17, .box_h = 26, .ofs_x = 1, .ofs_y = -5},
    {.bitmap_index = 73169, .adv_w = 128, .box_w = 9, .box_h = 23, .ofs_x = 0, .ofs_y = -5},
    {.bitmap_index = 73273, .adv_w = 277, .box_w = 17, .box_h = 23, .ofs_x = 1, .ofs_y = -5},
    {.bitmap_index = 73469, .adv_w = 128, .box_w = 9, .box_h = 18, .ofs_x = 0, .ofs_y = -5},
    {.bitmap_index = 73550, .adv_w = 256, .box_w = 14, .box_h = 22, .ofs_x = 1, .ofs_y = 0},
    {.bitmap_index = 73704, .adv_w = 192, .box_w = 12, .box_h = 18, .ofs_x = 0, .ofs_y = 0},
    {.bitmap_index = 73812, .adv_w = 256, .box_w = 14, .box_h = 23, .ofs_x = 1, .ofs_y = -5},
    {.bitmap_index = 73973, .adv_w = 192, .box_w = 12, .box_h = 18, .ofs_x = 0, .ofs_y = -5},
    {.bitmap_index = 74081, .adv_w = 256, .box_w = 14, .box_h = 24, .ofs_x = 1, .ofs_y = 0},
    {.bitmap_index = 74249, .adv_w = 192, .box_w = 12, .box_h = 19, .ofs_x = 0, .ofs_y = 0},
    {.bitmap_index = 74363, .adv_w = 256, .box_w = 14, .box_h = 26, .ofs_x = 1, .ofs_y = 0},
    {.bitmap_index = 74545, .adv_w = 192, .box_w = 12, .box_h = 22, .ofs_x = 0, .ofs_y = 0},
    {.bitmap_index = 74677, .adv_w = 256, .box_w = 14, .box_h = 27, .ofs_x = 1, .ofs_y = -5},
    {.bitmap_index = 74866, .adv_w = 192, .box_w = 12, .box_h = 23, .ofs_x = 0, .ofs_y = -5},
    {.bitmap_index = 75004, .adv_w = 235, .box_w = 15, .box_h = 22, .ofs_x = 0, .ofs_y = 0},
    {.bitmap_index = 75169, .adv_w = 107, .box_w = 7, .box_h = 22, .ofs_x = 0, .ofs_y = 0},
    {.bitmap_index = 75246, .adv_w = 235, .box_w = 15, .box_h = 23, .ofs_x = 0, .ofs_y = -5},
    {.bitmap_index = 75419, .adv_w = 107, .box_w = 7, .box_h = 23, .ofs_x = 0, .ofs_y = -5},
    {.bitmap_index = 75500, .adv_w = 235, .box_w = 15, .box_h = 23, .ofs_x = 0, .ofs_y = -5},
    {.bitmap_index = 75673, .adv_w = 107, .box_w = 9, .box_h = 23, .ofs_x = -1, .ofs_y = -5},
    {.bitmap_index = 75777, .adv_w = 235, .box_w = 15, .box_h = 23, .ofs_x = 0, .ofs_y = -5},
    {.bitmap_index = 75950, .adv_w = 107, .box_w = 8, .box_h = 23, .ofs_x = 0, .ofs_y = -5},
    {.bitmap_index = 76042, .adv_w = 277, .box_w = 15, .box_h = 23, .ofs_x = 1, .ofs_y = -5},
    {.bitmap_index = 76215, .adv_w = 214, .box_w = 11, .box_h = 18, .ofs_x = 1, .ofs_y = -5},
    {.bitmap_index = 76314, .adv_w = 277, .box_w = 15, .box_h = 23, .ofs_x = 1, .ofs_y = -5},
    {.bitmap_index = 76487, .adv_w = 214, .box_w = 11, .box_h = 18, .ofs_x = 1, .ofs_y = -5},
    {.bitmap_index = 76586, .adv_w = 277, .box_w = 15, .box_h = 23, .ofs_x = 1, .ofs_y = -5},
    {.bitmap_index = 76759, .adv_w = 214, .box_w = 11, .box_h = 18, .ofs_x = 1, .ofs_y = -5},
    {.bitmap_index = 76858, .adv_w = 277, .box_w = 15, .box_h = 27, .ofs_x = 1, .ofs_y = 0},
    {.bitmap_index = 77061, .adv_w = 214, .box_w = 11, .box_h = 23, .ofs_x = 1, .ofs_y = 0},
    {.bitmap_index = 77188, .adv_w = 277, .box_w = 15, .box_h = 25, .ofs_x = 1, .ofs_y = 0},
    {.bitmap_index = 77376, .adv_w = 214, .box_w = 11, .box_h = 21, .ofs_x = 1, .ofs_y = 0},
    {.bitmap_index = 77492, .adv_w = 256, .box_w = 16, .box_h = 22, .ofs_x = 0, .ofs_y = 0},
    {.bitmap_index = 77668, .adv_w = 192, .box_w = 12, .box_h = 18, .ofs_x = 0, .ofs_y = 0},
    {.bitmap_index = 77776, .adv_w = 256, .box_w = 16, .box_h = 23, .ofs_x = 0, .ofs_y = -5},
    {.bitmap_index = 77960, .adv_w = 192, .box_w = 12, .box_h = 18, .ofs_x = 0, .ofs_y = -5},
    {.bitmap_index = 78068, .adv_w = 381, .box_w = 23, .box_h = 22, .ofs_x = 0, .ofs_y = 0},
    {.bitmap_index = 78321, .adv_w = 322, .box_w = 20, .box_h = 18, .ofs_x = 0, .ofs_y = 0},
    {.bitmap_index = 78501, .adv_w = 381, .box_w = 23, .box_h = 22, .ofs_x = 0, .ofs_y = 0},
    {.bitmap_index = 78754, .adv_w = 322, .box_w = 20, .box_h = 18, .ofs_x = 0, .ofs_y = 0},
    {.bitmap_index = 78934, .adv_w = 381, .box_w = 23, .box_h = 21, .ofs_x = 0, .ofs_y = 0},
    {.bitmap_index = 79176, .adv_w = 322, .box_w = 20, .box_h = 17, .ofs_x = 0, .ofs_y = 0},
    {.bitmap_index = 79346, .adv_w = 362, .box_w = 23, .box_h = 22, .ofs_x = 0, .ofs_y = 0},
    {.bitmap_index = 79599, .adv_w = 277, .box_w = 18, .box_h = 18, .ofs_x = 0, .ofs_y = 0},
    {.bitmap_index = 79761, .adv_w = 362, .box_w = 23, .box_h = 23, .ofs_x = 0, .ofs_y = -5},
    {.bitmap_index = 80026, .adv_w = 277, .box_w = 18, .box_h = 18, .ofs_x = 0, .ofs_y = -5},
    {.bitmap_index = 80188, .adv_w = 256, .box_w = 16, .box_h = 22, .ofs_x = 0, .ofs_y = 0},
    {.bitmap_index = 80364, .adv_w = 192, .box_w = 12, .box_h = 18, .ofs_x = 0, .ofs_y = 0},
    {.bitmap_index = 80472, .adv_w = 256, .box_w = 16, .box_h = 22, .ofs_x = 0, .ofs_y = 0},
    {.bitmap_index = 80648, .adv_w = 192, .box_w = 12, .box_h = 18, .ofs_x = 0, .ofs_y = 0},
    {.bitmap_index = 80756, .adv_w = 256, .box_w = 16, .box_h = 22, .ofs_x = 0, .ofs_y = 0},
    {.bitmap_index = 80932, .adv_w = 192, .box_w = 12, .box_h = 23, .ofs_x = 0, .ofs_y = -5},
    {.bitmap_index = 81070, .adv_w = 235, .box_w = 15, .box_h = 22, .ofs_x = 0, .ofs_y = 0},
    {.bitmap_index = 81235, .adv_w = 192, .box_w = 12, .box_h = 18, .ofs_x = 0, .ofs_y = 0},
    {.bitmap_index = 81343, .adv_w = 235, .box_w = 15, .box_h = 23, .ofs_x = 0, .ofs_y = -5},
    {.bitmap_index = 81516, .adv_w = 192, .box_w = 12, .box_h = 18, .ofs_x = 0, .ofs_y = -5},
    {.bitmap_index = 81624, .adv_w = 235, .box_w = 15, .box_h = 23, .ofs_x = 0, .ofs_y = -5},
    {.bitmap_index = 81797, .adv_w = 192, .box_w = 12, .box_h = 18, .ofs_x = 0, .ofs_y = -5},
    {.bitmap_index = 81905, .adv_w = 214, .box_w = 11, .box_h = 23, .ofs_x = 1, .ofs_y = -5},
    {.bitmap_index = 82032, .adv_w = 107, .box_w = 7, .box_h = 22, .ofs_x = 0, .ofs_y = 0},
    {.bitmap_index = 82109, .adv_w = 277, .box_w = 18, .box_h = 19, .ofs_x = 0, .ofs_y = 0},
    {.bitmap_index = 82280, .adv_w = 192, .box_w = 12, .box_h = 24, .ofs_x = 0, .ofs_y = -5},
    {.bitmap_index = 82424, .adv_w = 214, .box_w = 14, .box_h = 19, .ofs_x = 0, .ofs_y = 0},
    {.bitmap_index = 82557, .adv_w = 107, .box_w = 8, .box_h = 22, .ofs_x = 0, .ofs_y = 0},
    {.bitmap_index = 82645, .adv_w = 278, .box_w = 16, .box_h = 17, .ofs_x = 1, .ofs_y = 0},
    {.bitmap_index = 82781, .adv_w = 272, .box_w = 17, .box_h = 21, .ofs_x = 0, .ofs_y = -4},
    {.bitmap_index = 82960, .adv_w = 223, .box_w = 14, .box_h = 17, .ofs_x = 0, .ofs_y = -4},
    {.bitmap_index = 83079, .adv_w = 272, .box_w = 17, .box_h = 22, .ofs_x = 0, .ofs_y = 0},
    {.bitmap_index = 83266, .adv_w = 223, .box_w = 14, .box_h = 19, .ofs_x = 0, .ofs_y = 0},
    {.bitmap_index = 83399, .adv_w = 272, .box_w = 17, .box_h = 24, .ofs_x = 0, .ofs_y = 0},
    {.bitmap_index = 83603, .adv_w = 223, .box_w = 14, .box_h = 20, .ofs_x = 0, .ofs_y = 0},
    {.bitmap_index = 83743, .adv_w = 272, .box_w = 17, .box_h = 24, .ofs_x = 0, .ofs_y = 0},
    {.bitmap_index = 83947, .adv_w = 223, .box_w = 14, .box_h = 20, .ofs_x = 0, .ofs_y = 0},
    {.bitmap_index = 84087, .adv_w = 272, .box_w = 17, .box_h = 25, .ofs_x = 0, .ofs_y = 0},
    {.bitmap_index = 84300, .adv_w = 223, .box_w = 14, .box_h = 21, .ofs_x = 0, .ofs_y = 0},
    {.bitmap_index = 84447, .adv_w = 272, .box_w = 17, .box_h = 25, .ofs_x = 0, .ofs_y = 0},
    {.bitmap_index = 84660, .adv_w = 223, .box_w = 14, .box_h = 21, .ofs_x = 0, .ofs_y = 0},
    {.bitmap_index = 84807, .adv_w = 272, .box_w = 17, .box_h = 26, .ofs_x = 0, .ofs_y = -4},
    {.bitmap_index = 85028, .adv_w = 223, .box_w = 14, .box_h = 22, .ofs_x = 0, .ofs_y = -4},
    {.bitmap_index = 85182, .adv_w = 272, .box_w = 17, .box_h = 25, .ofs_x = 0, .ofs_y = 0},
    {.bitmap_index = 85395, .adv_w = 223, .box_w = 14, .box_h = 21, .ofs_x = 0, .ofs_y = 0},
    {.bitmap_index = 85542, .adv_w = 272, .box_w = 17, .box_h = 25, .ofs_x = 0, .ofs_y = 0},
    {.bitmap_index = 85755, .adv_w = 223, .box_w = 14, .box_h = 21, .ofs_x = 0, .ofs_y = 0},
    {.bitmap_index = 85902, .adv_w = 272, .box_w = 17, .box_h = 25, .ofs_x = 0, .ofs_y = 0},
    {.bitmap_index = 86115, .adv_w = 223, .box_w = 14, .box_h = 21, .ofs_x = 0, .ofs_y = 0},
    {.bitmap_index = 86262, .adv_w = 272, .box_w = 17, .box_h = 25, .ofs_x = 0, .ofs_y = 0},
    {.bitmap_index = 86475, .adv_w = 223, .box_w = 14, .box_h = 22, .ofs_x = 0, .ofs_y = 0},
    {.bitmap_index = 86629, .adv_w = 272, .box_w = 17, .box_h = 26, .ofs_x = 0, .ofs_y = -4},
    {.bitmap_index = 86850, .adv_w = 223, .box_w = 14, .box_h = 21, .ofs_x = 0, .ofs_y = -4},
    {.bitmap_index = 86997, .adv_w = 236, .box_w = 13, .box_h = 21, .ofs_x = 1, .ofs_y = -4},
    {.bitmap_index = 87134, .adv_w = 227, .box_w = 14, .box_h = 17, .ofs_x = 0, .ofs_y = -4},
    {.bitmap_index = 87253, .adv_w = 236, .box_w = 13, .box_h = 22, .ofs_x = 1, .ofs_y = 0},
    {.bitmap_index = 87396, .adv_w = 227, .box_w = 14, .box_h = 19, .ofs_x = 0, .ofs_y = 0},
    {.bitmap_index = 87529, .adv_w = 236, .box_w = 13, .box_h = 22, .ofs_x = 1, .ofs_y = 0},
    {.bitmap_index = 87672, .adv_w = 227, .box_w = 14, .box_h = 17, .ofs_x = 0, .ofs_y = 0},
    {.bitmap_index = 87791, .adv_w = 236, .box_w = 14, .box_h = 24, .ofs_x = 1, .ofs_y = 0},
    {.bitmap_index = 87959, .adv_w = 227, .box_w = 14, .box_h = 20, .ofs_x = 0, .ofs_y = 0},
    {.bitmap_index = 88099, .adv_w = 236, .box_w = 13, .box_h = 24, .ofs_x = 1, .ofs_y = 0},
    {.bitmap_index = 88255, .adv_w = 227, .box_w = 14, .box_h = 20, .ofs_x = 0, .ofs_y = 0},
    {.bitmap_index = 88395, .adv_w = 236, .box_w = 13, .box_h = 25, .ofs_x = 1, .ofs_y = 0},
    {.bitmap_index = 88558, .adv_w = 227, .box_w = 14, .box_h = 21, .ofs_x = 0, .ofs_y = 0},
    {.bitmap_index = 88705, .adv_w = 236, .box_w = 13, .box_h = 25, .ofs_x = 1, .ofs_y = 0},
    {.bitmap_index = 88868, .adv_w = 227, .box_w = 14, .box_h = 21, .ofs_x = 0, .ofs_y = 0},
    {.bitmap_index = 89015, .adv_w = 236, .box_w = 13, .box_h = 26, .ofs_x = 1, .ofs_y = -4},
    {.bitmap_index = 89184, .adv_w = 227, .box_w = 14, .box_h = 21, .ofs_x = 0, .ofs_y = -4},
    {.bitmap_index = 89331, .adv_w = 111, .box_w = 5, .box_h = 22, .ofs_x = 1, .ofs_y = 0},
    {.bitmap_index = 89386, .adv_w = 103, .box_w = 5, .box_h = 18, .ofs_x = 1, .ofs_y = 0},
    {.bitmap_index = 89431, .adv_w = 111, .box_w = 5, .box_h = 21, .ofs_x = 1, .ofs_y = -4},
    {.bitmap_index = 89484, .adv_w = 103, .box_w = 4, .box_h = 21, .ofs_x = 1, .ofs_y = -4},
    {.bitmap_index = 89526, .adv_w = 293, .box_w = 17, .box_h = 21, .ofs_x = 1, .ofs_y = -4},
    {.bitmap_index = 89705, .adv_w = 232, .box_w = 14, .box_h = 17, .ofs_x = 0, .ofs_y = -4},
    {.bitmap_index = 89824, .adv_w = 293, .box_w = 17, .box_h = 23, .ofs_x = 1, .ofs_y = 0},
    {.bitmap_index = 90020, .adv_w = 232, .box_w = 14, .box_h = 19, .ofs_x = 0, .ofs_y = 0},
    {.bitmap_index = 90153, .adv_w = 293, .box_w = 17, .box_h = 25, .ofs_x = 1, .ofs_y = 0},
    {.bitmap_index = 90366, .adv_w = 232, .box_w = 14, .box_h = 20, .ofs_x = 0, .ofs_y = 0},
    {.bitmap_index = 90506, .adv_w = 293, .box_w = 17, .box_h = 25, .ofs_x = 1, .ofs_y = 0},
    {.bitmap_index = 90719, .adv_w = 232, .box_w = 14, .box_h = 20, .ofs_x = 0, .ofs_y = 0},
    {.bitmap_index = 90859, .adv_w = 293, .box_w = 17, .box_h = 25, .ofs_x = 1, .ofs_y = 0},
    {.bitmap_index = 91072, .adv_w = 232, .box_w = 14, .box_h = 21, .ofs_x = 0, .ofs_y = 0},
    {.bitmap_index = 91219, .adv_w = 293, .box_w = 17, .box_h = 25, .ofs_x = 1, .ofs_y = 0},
    {.bitmap_index = 91432, .adv_w = 232, .box_w = 14, .box_h = 21, .ofs_x = 0, .ofs_y = 0},
    {.bitmap_index = 91579, .adv_w = 293, .box_w = 17, .box_h = 26, .ofs_x = 1, .ofs_y = -4},
    {.bitmap_index = 91800, .adv_w = 232, .box_w = 14, .box_h = 22, .ofs_x = 0, .ofs_y = -4},
    {.bitmap_index = 91954, .adv_w = 293, .box_w = 17, .box_h = 22, .ofs_x = 1, .ofs_y = 0},
    {.bitmap_index = 92141, .adv_w = 232, .box_w = 14, .box_h = 18, .ofs_x = 0, .ofs_y = 0},
    {.bitmap_index = 92267, .adv_w = 293, .box_w = 17, .box_h = 22, .ofs_x = 1, .ofs_y = 0},
    {.bitmap_index = 92454, .adv_w = 232, .box_w = 14, .box_h = 18, .ofs_x = 0, .ofs_y = 0},
    {.bitmap_index = 92580, .adv_w = 293, .box_w = 17, .box_h = 23, .ofs_x = 1, .ofs_y = 0},
    {.bitmap_index = 92776, .adv_w = 232, .box_w = 14, .box_h = 19, .ofs_x = 0, .ofs_y = 0},
    {.bitmap_index = 92909, .adv_w = 293, .box_w = 17, .box_h = 22, .ofs_x = 1, .ofs_y = 0},
    {.bitmap_index = 93096, .adv_w = 232, .box_w = 14, .box_h = 18, .ofs_x = 0, .ofs_y = 0},
    {.bitmap_index = 93222, .adv_w = 293, .box_w = 17, .box_h = 24, .ofs_x = 1, .ofs_y = -4},
    {.bitmap_index = 93426, .adv_w = 232, .box_w = 14, .box_h = 20, .ofs_x = 0, .ofs_y = -4},
    {.bitmap_index = 93566, .adv_w = 268, .box_w = 15, .box_h = 21, .ofs_x = 1, .ofs_y = -4},
    {.bitmap_index = 93724, .adv_w = 229, .box_w = 12, .box_h = 17, .ofs_x = 1, .ofs_y = -4},
    {.bitmap_index = 93826, .adv_w = 268, .box_w = 15, .box_h = 23, .ofs_x = 1, .ofs_y = 0},
    {.bitmap_index = 93999, .adv_w = 229, .box_w = 12, .box_h = 19, .ofs_x = 1, .ofs_y = 0},
    {.bitmap_index = 94113, .adv_w = 268, .box_w = 17, .box_h = 22, .ofs_x = 1, .ofs_y = 0},
    {.bitmap_index = 94300, .adv_w = 232, .box_w = 14, .box_h = 18, .ofs_x = 1, .ofs_y = 0},
    {.bitmap_index = 94426, .adv_w = 268, .box_w = 17, .box_h = 22, .ofs_x = 1, .ofs_y = 0},
    {.bitmap_index = 94613, .adv_w = 232, .box_w = 14, .box_h = 18, .ofs_x = 1, .ofs_y = 0},
    {.bitmap_index = 94739, .adv_w = 268, .box_w = 17, .box_h = 23, .ofs_x = 1, .ofs_y = 0},
    {.bitmap_index = 94935, .adv_w = 232, .box_w = 14, .box_h = 19, .ofs_x = 1, .ofs_y = 0},
    {.bitmap_index = 95068, .adv_w = 268, .box_w = 17, .box_h = 22, .ofs_x = 1, .ofs_y = 0},
    {.bitmap_index = 95255, .adv_w = 232, .box_w = 14, .box_h = 18, .ofs_x = 1, .ofs_y = 0},
    {.bitmap_index = 95381, .adv_w = 268, .box_w = 17, .box_h = 24, .ofs_x = 1, .ofs_y = -4},
    {.bitmap_index = 95585, .adv_w = 232, .box_w = 14, .box_h = 20, .ofs_x = 1, .ofs_y = -4},
    {.bitmap_index = 95725, .adv_w = 235, .box_w = 16, .box_h = 22, .ofs_x = -1, .ofs_y = 0},
    {.bitmap_index = 95901, .adv_w = 219, .box_w = 14, .box_h = 21, .ofs_x = 0, .ofs_y = -4},
    {.bitmap_index = 96048, .adv_w = 235, .box_w = 16, .box_h = 21, .ofs_x = -1, .ofs_y = -4},
    {.bitmap_index = 96216, .adv_w = 219, .box_w = 14, .box_h = 17, .ofs_x = 0, .ofs_y = -4},
    {.bitmap_index = 96335, .adv_w = 235, .box_w = 16, .box_h = 22, .ofs_x = -1, .ofs_y = 0},
    {.bitmap_index = 96511, .adv_w = 219, .box_w = 14, .box_h = 22, .ofs_x = 0, .ofs_y = -4},
    {.bitmap_index = 96665, .adv_w = 235, .box_w = 16, .box_h = 22, .ofs_x = -1, .ofs_y = 0},
    {.bitmap_index = 96841, .adv_w = 219, .box_w = 14, .box_h = 21, .ofs_x = 0, .ofs_y = -4},
    {.bitmap_index = 96988, .adv_w = 228, .box_w = 14, .box_h = 3, .ofs_x = 0, .ofs_y = 6},
    {.bitmap_index = 97009, .adv_w = 349, .box_w = 21, .box_h = 3, .ofs_x = 0, .ofs_y = 6},
    {.bitmap_index = 97041, .adv_w = 217, .box_w = 13, .box_h = 2, .ofs_x = 0, .ofs_y = 5},
    {.bitmap_index = 97054, .adv_w = 164, .box_w = 7, .box_h = 20, .ofs_x = 2, .ofs_y = -2},
    {.bitmap_index = 97124, .adv_w = 192, .box_w = 14, .box_h = 5, .ofs_x = -1, .ofs_y = -5},
    {.bitmap_index = 97159, .adv_w = 89, .box_w = 4, .box_h = 7, .ofs_x = 1, .ofs_y = 10},
    {.bitmap_index = 97173, .adv_w = 89, .box_w = 4, .box_h = 7, .ofs_x = 1, .ofs_y = 10},
    {.bitmap_index = 97187, .adv_w = 86, .box_w = 5, .box_h = 8, .ofs_x = 0, .ofs_y = -4},
    {.bitmap_index = 97207, .adv_w = 85, .box_w = 3, .box_h = 6, .ofs_x = 1, .ofs_y = 12},
    {.bitmap_index = 97216, .adv_w = 166, .box_w = 9, .box_h = 7, .ofs_x = 1, .ofs_y = 10},
    {.bitmap_index = 97248, .adv_w = 166, .box_w = 9, .box_h = 7, .ofs_x = 1, .ofs_y = 10},
    {.bitmap_index = 97280, .adv_w = 162, .box_w = 10, .box_h = 8, .ofs_x = 0, .ofs_y = -4},
    {.bitmap_index = 97320, .adv_w = 128, .box_w = 7, .box_h = 6, .ofs_x = 1, .ofs_y = 12},
    {.bitmap_index = 97341, .adv_w = 225, .box_w = 12, .box_h = 17, .ofs_x = 1, .ofs_y = 0},
    {.bitmap_index = 97443, .adv_w = 225, .box_w = 12, .box_h = 17, .ofs_x = 1, .ofs_y = 0},
    {.bitmap_index = 97545, .adv_w = 132, .box_w = 8, .box_h = 7, .ofs_x = 0, .ofs_y = 4},
    {.bitmap_index = 97573, .adv_w = 134, .box_w = 7, .box_h = 9, .ofs_x = 1, .ofs_y = 4},
    {.bitmap_index = 97605, .adv_w = 107, .box_w = 3, .box_h = 3, .ofs_x = 2, .ofs_y = 0},
    {.bitmap_index = 97610, .adv_w = 214, .box_w = 10, .box_h = 3, .ofs_x = 2, .ofs_y = 0},
    {.bitmap_index = 97625, .adv_w = 251, .box_w = 15, .box_h = 4, .ofs_x = 0, .ofs_y = 0},
    {.bitmap_index = 97655, .adv_w = 140, .box_w = 8, .box_h = 10, .ofs_x = 0, .ofs_y = 2},
    {.bitmap_index = 97695, .adv_w = 290, .box_w = 18, .box_h = 18, .ofs_x = 0, .ofs_y = -1},
    {.bitmap_index = 97857, .adv_w = 219, .box_w = 14, .box_h = 18, .ofs_x = 0, .ofs_y = -2}
};

/*---------------------
 *  CHARACTER MAPPING
 *--------------------*/

static const uint16_t unicode_list_9[] = {
    0x0, 0x6d9, 0x6dd
};

/*Collect the unicode lists and glyph_id offsets*/
static const lv_font_fmt_txt_cmap_t cmaps[] =
{
    {
        .range_start = 32, .range_length = 95, .glyph_id_start = 1,
        .unicode_list = NULL, .glyph_id_ofs_list = NULL, .list_length = 0, .type = LV_FONT_FMT_TXT_CMAP_FORMAT0_TINY
    },
    {
        .range_start = 160, .range_length = 86, .glyph_id_start = 96,
        .unicode_list = NULL, .glyph_id_ofs_list = NULL, .list_length = 0, .type = LV_FONT_FMT_TXT_CMAP_FORMAT0_TINY
    },
    {
        .range_start = 246, .range_length = 256, .glyph_id_start = 182,
        .unicode_list = NULL, .glyph_id_ofs_list = NULL, .list_length = 0, .type = LV_FONT_FMT_TXT_CMAP_FORMAT0_TINY
    },
    {
        .range_start = 506, .range_length = 34, .glyph_id_start = 438,
        .unicode_list = NULL, .glyph_id_ofs_list = NULL, .list_length = 0, .type = LV_FONT_FMT_TXT_CMAP_FORMAT0_TINY
    },
    {
        .range_start = 567, .range_length = 1, .glyph_id_start = 472,
        .unicode_list = NULL, .glyph_id_ofs_list = NULL, .list_length = 0, .type = LV_FONT_FMT_TXT_CMAP_FORMAT0_TINY
    },
    {
        .range_start = 7680, .range_length = 156, .glyph_id_start = 473,
        .unicode_list = NULL, .glyph_id_ofs_list = NULL, .list_length = 0, .type = LV_FONT_FMT_TXT_CMAP_FORMAT0_TINY
    },
    {
        .range_start = 7838, .range_length = 1, .glyph_id_start = 629,
        .unicode_list = NULL, .glyph_id_ofs_list = NULL, .list_length = 0, .type = LV_FONT_FMT_TXT_CMAP_FORMAT0_TINY
    },
    {
        .range_start = 7840, .range_length = 90, .glyph_id_start = 630,
        .unicode_list = NULL, .glyph_id_ofs_list = NULL, .list_length = 0, .type = LV_FONT_FMT_TXT_CMAP_FORMAT0_TINY
    },
    {
        .range_start = 8211, .range_length = 20, .glyph_id_start = 720,
        .unicode_list = NULL, .glyph_id_ofs_list = NULL, .list_length = 0, .type = LV_FONT_FMT_TXT_CMAP_FORMAT0_TINY
    },
    {
        .range_start = 8250, .range_length = 1758, .glyph_id_start = 740,
        .unicode_list = unicode_list_9, .glyph_id_ofs_list = NULL, .list_length = 3, .type = LV_FONT_FMT_TXT_CMAP_SPARSE_TINY
    }
};

/*-----------------
 *    KERNING
 *----------------*/


/*Map glyph_ids to kern left classes*/
static const uint8_t kern_left_class_mapping[] =
{
    0, 0, 0, 1, 0, 0, 0, 2,
    1, 3, 0, 4, 5, 6, 7, 6,
    8, 9, 10, 11, 12, 13, 14, 15,
    16, 17, 9, 18, 18, 5, 5, 5,
    0, 0, 19, 20, 21, 22, 23, 24,
    25, 26, 26, 27, 28, 29, 26, 26,
    22, 30, 22, 31, 22, 32, 27, 33,
    33, 28, 34, 35, 36, 37, 0, 5,
    0, 0, 38, 39, 39, 26, 39, 40,
    41, 42, 26, 26, 43, 38, 42, 42,
    39, 39, 41, 44, 39, 45, 41, 46,
    46, 47, 46, 48, 49, 0, 0, 5,
    0, 50, 51, 0, 0, 10, 0, 0,
    0, 52, 53, 54, 5, 0, 0, 0,
    0, 5, 0, 0, 0, 0, 0, 0,
    0, 0, 53, 55, 0, 0, 0, 56,
    19, 19, 19, 19, 19, 19, 23, 21,
    23, 23, 23, 23, 26, 26, 26, 26,
    51, 26, 22, 22, 22, 22, 22, 5,
    22, 27, 27, 27, 27, 34, 22, 0,
    38, 38, 38, 38, 38, 38, 39, 39,
    39, 39, 39, 39, 26, 26, 26, 26,
    39, 42, 39, 39, 39, 39, 39, 5,
    39, 41, 41, 41, 41, 46, 39, 46,
    19, 38, 19, 38, 19, 38, 21, 39,
    21, 39, 21, 39, 21, 39, 51, 57,
    22, 0, 23, 39, 0, 0, 23, 39,
    23, 39, 23, 39, 25, 41, 25, 41,
    25, 41, 25, 41, 26, 42, 26, 42,
    26, 26, 26, 26, 0, 0, 26, 26,
    26, 26, 27, 26, 27, 26, 28, 47,
    0, 29, 38, 29, 38, 58, 57, 0,
    0, 29, 38, 26, 42, 26, 42, 26,
    42, 0, 26, 42, 22, 39, 0, 0,
    22, 39, 23, 39, 31, 44, 31, 44,
    31, 44, 22, 39, 22, 39, 22, 39,
    22, 39, 32, 45, 32, 57, 32, 45,
    27, 41, 27, 41, 27, 41, 27, 41,
    27, 41, 27, 41, 33, 46, 34, 46,
    34, 35, 48, 35, 48, 35, 48, 0,
    0, 0, 0, 0, 0, 0, 0, 0,
    0, 0, 0, 0, 0, 0, 0, 22,
    0, 0, 40, 0, 0, 0, 0, 0,
    0, 0, 0, 0, 0, 0, 0, 0,
    22, 39, 0, 0, 0, 0, 0, 0,
    0, 0, 0, 0, 0, 0, 0, 59,
    41, 0, 0, 0, 0, 0, 0, 0,
    0, 0, 0, 0, 0, 0, 0, 0,
    0, 0, 0, 0, 0, 0, 0, 0,
    0, 0, 0, 0, 0, 19, 38, 0,
    0, 0, 0, 0, 0, 0, 0, 0,
    0, 0, 0, 0, 0, 0, 0, 0,
    0, 0, 0, 0, 25, 41, 25, 41,
    28, 47, 0, 0, 0, 0, 0, 0,
    0, 0, 0, 0, 0, 0, 0, 0,
    0, 0, 0, 0, 0, 0, 0, 0,
    0, 0, 0, 0, 0, 0, 0, 0,
    0, 0, 0, 0, 0, 0, 0, 0,
    0, 0, 0, 0, 22, 39, 32, 45,
    26, 0, 0, 0, 0, 0, 0, 0,
    0, 0, 0, 0, 0, 0, 0, 0,
    0, 0, 0, 0, 0, 0, 0, 0,
    0, 0, 0, 0, 0, 0, 0, 0,
    0, 25, 41, 0, 0, 0, 0, 0,
    0, 0, 0, 0, 0, 0, 0, 0,
    0, 0, 0, 0, 0, 0, 0, 0,
    0, 0, 0, 0, 0, 0, 0, 0,
    0, 0, 0, 0, 0, 0, 0, 0,
    0, 0, 0, 0, 0, 0, 0, 0,
    0, 0, 0, 0, 0, 0, 0, 0,
    0, 0, 0, 0, 0, 0, 0, 0,
    0, 0, 0, 0, 0, 0, 0, 0,
    0, 0, 0, 0, 0, 0, 0, 0,
    0, 0, 0, 0, 0, 0, 0, 0,
    0, 0, 0, 0, 0, 0, 0, 0,
    0, 33, 46, 33, 46, 33, 46, 0,
    0, 0, 0, 0, 0, 0, 0, 0,
    0, 0, 0, 0, 0, 0, 0, 0,
    0, 0, 0, 0, 0, 20, 19, 38,
    19, 38, 19, 38, 19, 38, 19, 38,
    19, 38, 19, 38, 19, 38, 19, 38,
    19, 38, 19, 38, 19, 38, 23, 39,
    23, 39, 23, 39, 23, 39, 23, 39,
    23, 39, 23, 39, 23, 39, 23, 26,
    26, 26, 22, 39, 22, 39, 22, 39,
    22, 39, 22, 39, 22, 39, 22, 39,
    22, 39, 22, 39, 22, 39, 22, 39,
    22, 39, 27, 41, 27, 41, 59, 41,
    59, 41, 59, 41, 59, 41, 59, 41,
    34, 46, 34, 46, 34, 46, 34, 46,
    0, 0, 0, 0, 0, 60, 61, 6,
    0, 60, 61, 6, 0, 0, 0, 0,
    0, 0, 0, 6, 62, 0, 0
};

/*Map glyph_ids to kern right classes*/
static const uint8_t kern_right_class_mapping[] =
{
    0, 0, 1, 2, 0, 0, 3, 4,
    2, 0, 5, 6, 7, 8, 9, 8,
    10, 11, 12, 13, 14, 15, 16, 11,
    17, 18, 19, 20, 20, 7, 7, 7,
    21, 0, 22, 23, 24, 23, 25, 23,
    24, 23, 23, 26, 27, 27, 23, 28,
    24, 23, 24, 23, 24, 29, 30, 31,
    31, 32, 33, 34, 0, 35, 36, 7,
    0, 0, 37, 23, 38, 38, 38, 39,
    38, 23, 23, 40, 23, 41, 42, 42,
    38, 42, 38, 42, 38, 43, 44, 45,
    45, 46, 45, 47, 0, 0, 48, 7,
    0, 0, 0, 0, 0, 49, 0, 0,
    0, 50, 51, 52, 7, 0, 0, 0,
    0, 7, 0, 0, 0, 0, 0, 0,
    0, 0, 51, 53, 0, 0, 0, 54,
    22, 22, 22, 22, 22, 22, 22, 24,
    23, 23, 23, 23, 23, 23, 23, 23,
    24, 23, 24, 24, 24, 24, 24, 7,
    24, 30, 30, 30, 30, 33, 23, 23,
    37, 37, 37, 37, 37, 37, 37, 38,
    38, 38, 38, 38, 23, 23, 23, 23,
    38, 42, 38, 38, 38, 38, 38, 7,
    38, 44, 44, 44, 44, 45, 23, 45,
    22, 37, 22, 37, 22, 37, 24, 38,
    24, 38, 24, 38, 24, 38, 23, 38,
    23, 38, 23, 38, 0, 0, 23, 38,
    23, 38, 23, 38, 24, 38, 24, 38,
    24, 38, 24, 38, 23, 23, 23, 23,
    23, 23, 23, 23, 0, 0, 23, 23,
    23, 23, 23, 23, 26, 40, 27, 23,
    0, 27, 41, 23, 41, 27, 41, 0,
    0, 55, 41, 23, 42, 23, 42, 23,
    42, 0, 23, 42, 24, 38, 0, 0,
    24, 38, 24, 38, 23, 42, 23, 42,
    23, 42, 24, 38, 24, 38, 24, 38,
    24, 38, 29, 56, 29, 56, 29, 56,
    30, 44, 30, 44, 30, 44, 30, 44,
    30, 44, 30, 44, 31, 45, 33, 45,
    33, 34, 47, 34, 47, 34, 47, 0,
    0, 0, 0, 0, 0, 0, 0, 0,
    0, 0, 0, 0, 0, 0, 0, 24,
    0, 0, 39, 0, 0, 0, 0, 0,
    0, 0, 0, 0, 0, 0, 0, 0,
    24, 38, 0, 0, 0, 0, 0, 0,
    0, 0, 0, 0, 0, 0, 0, 30,
    44, 0, 0, 0, 0, 0, 0, 0,
    0, 0, 0, 0, 0, 0, 0, 0,
    0, 0, 0, 0, 0, 0, 0, 0,
    0, 0, 0, 0, 0, 22, 37, 0,
    0, 0, 0, 0, 0, 0, 0, 0,
    0, 0, 0, 0, 0, 0, 0, 0,
    0, 0, 0, 0, 24, 38, 24, 38,
    27, 23, 0, 0, 0, 0, 0, 0,
    0, 0, 0, 0, 0, 0, 0, 0,
    0, 0, 0, 0, 0, 0, 0, 0,
    0, 0, 0, 0, 0, 0, 0, 0,
    0, 0, 0, 0, 0, 0, 0, 0,
    0, 0, 0, 0, 24, 38, 29, 56,
    40, 0, 0, 0, 0, 0, 0, 0,
    0, 0, 0, 0, 0, 0, 0, 0,
    0, 0, 0, 0, 0, 0, 0, 0,
    0, 0, 0, 0, 0, 0, 0, 0,
    0, 24, 38, 0, 0, 0, 0, 0,
    0, 0, 0, 0, 0, 0, 0, 0,
    0, 0, 0, 0, 0, 0, 0, 0,
    0, 0, 0, 0, 0, 0, 0, 0,
    0, 0, 0, 0, 0, 0, 0, 0,
    0, 0, 0, 0, 0, 0, 0, 0,
    0, 0, 0, 0, 0, 0, 0, 0,
    0, 0, 0, 0, 0, 0, 0, 0,
    0, 0, 0, 0, 0, 0, 0, 0,
    0, 0, 0, 0, 0, 0, 0, 0,
    0, 0, 0, 0, 0, 0, 0, 0,
    0, 0, 0, 0, 0, 0, 0, 0,
    0, 31, 45, 31, 45, 31, 45, 0,
    0, 0, 0, 0, 0, 0, 0, 0,
    0, 0, 0, 0, 0, 0, 0, 0,
    0, 0, 0, 0, 0, 23, 22, 37,
    22, 37, 22, 37, 22, 37, 22, 37,
    22, 37, 22, 37, 22, 37, 22, 37,
    22, 37, 22, 37, 22, 37, 23, 38,
    23, 38, 23, 38, 23, 38, 23, 38,
    23, 38, 23, 38, 23, 38, 23, 23,
    23, 23, 24, 38, 24, 38, 24, 38,
    24, 38, 24, 38, 24, 38, 24, 38,
    24, 38, 24, 38, 24, 38, 24, 38,
    24, 38, 30, 44, 30, 44, 30, 44,
    30, 44, 30, 44, 30, 44, 30, 44,
    33, 45, 33, 45, 33, 45, 33, 45,
    0, 0, 0, 0, 0, 57, 58, 8,
    0, 57, 59, 8, 0, 0, 0, 0,
    0, 0, 0, 8, 53, 0, 0
};

/*Kern values between classes*/
static const int8_t kern_class_values[] =
{
    0, 0, 0, 0, 0, 0, 0, 0,
    0, -19, 0, 0, 0, 0, -12, 0,
    4, 0, 0, 0, 0, 0, 0, 0,
    0, 0, 0, 0, 0, 0, 0, 0,
    0, 0, 0, 0, 0, 0, 0, 0,
    0, 0, 0, 0, 0, 0, 0, 0,
    0, 0, 0, 0, 0, -15, 0, 0,
    0, 0, 0, 0, 0, 0, 0, 0,
    0, 0, 0, 0, 0, 0, 0, 0,
    0, 0, 0, -18, 0, 0, 0, 0,
    0, 0, 0, 0, 0, 0, 0, 0,
    0, 0, 0, 0, 0, -13, 0, 0,
    0, 0, 0, 0, 0, 0, 0, 0,
    0, 0, 0, 0, 0, 0, 0, 0,
    0, 0, 0, 0, 0, 0, 0, 0,
    0, 0, 0, 0, 0, 0, 0, 0,
    0, 0, -2, -3, -12, -1, 0, -3,
    0, 0, 0, 0, 0, 0, 0, 0,
    0, 0, 0, 0, 0, 0, 0, 0,
    0, 0, 0, 0, 0, 0, 0, 0,
    0, 0, 0, 0, 0, 0, 0, -6,
    0, 0, 0, 0, 0, 0, 0, 0,
    0, 0, 0, 0, 0, 0, 0, 0,
    -15, 0, -28, 0, 0, 0, 0, 0,
    0, 5, 0, 0, 0, 0, 0, 0,
    0, 0, 0, 0, 0, 0, 0, 0,
    0, 0, 0, 0, 0, 0, 0, 0,
    0, 0, 0, 0, 0, 0, 0, 0,
    0, 0, 0, 0, 0, 0, 0, 0,
    0, 0, 0, 0, 0, 0, 0, 0,
    0, 0, 0, 0, 0, 0, 0, 0,
    0, 0, 0, 0, -8, 0, 0, 0,
    0, 0, 0, 0, 0, 0, 0, 0,
    0, 0, 0, 0, 0, 0, 0, 0,
    0, 0, 0, 0, 0, 0, 0, 0,
    0, 0, 0, 0, 0, 0, 0, 0,
    0, 0, 0, 0, 0, 0, 0, 0,
    0, 0, 0, 0, -15, 0, 0, 0,
    0, 0, -28, 0, 0, 0, 0, -23,
    0, 0, 0, 0, 0, 0, 0, 0,
    0, 0, 0, 0, 0, 0, 0, 0,
    0, -28, 0, 0, 0, 0, 0, 0,
    0, 0, 0, 0, 0, 0, 0, 0,
    -8, 0, 0, 0, 0, 0, 0, 0,
    0, 0, 0, 0, 0, 0, 0, 0,
    0, 0, 0, 0, 0, -8, 0, 0,
    4, 0, -15, 0, 0, 0, 0, 0,
    0, 0, 0, 0, 0, 0, 0, 0,
    0, 0, 0, 0, 0, 0, 0, 0,
    0, 0, 0, 0, 0, 0, 0, 0,
    0, 0, 0, 0, 0, 0, 0, 0,
    0, 0, 0, 0, 0, -13, 0, 0,
    -7, 0, 0, 0, -28, 0, -43, -8,
    -8, -15, -15, -28, -4, 2, -8, -8,
    -13, -13, 0, 0, 0, 0, 0, 0,
    0, 0, 0, 0, 0, 0, 0, -4,
    0, 0, 0, 0, 0, 0, 0, 0,
    0, 0, 0, 0, 0, -6, -16, 0,
    -21, -11, 0, 0, 0, 0, 0, 0,
    0, 0, 0, 0, 0, 0, 0, 0,
    0, 0, 4, -4, 0, 0, -2, 0,
    -15, 0, 0, 0, 0, 0, 0, 0,
    0, 0, 0, 0, 0, 0, 0, 0,
    0, 0, 0, 0, 0, 0, 0, 0,
    0, 0, 0, 0, 0, 0, 0, 0,
    0, 0, 0, 0, 0, 0, 0, 0,
    0, 0, 0, 0, 0, 0, 0, 0,
    0, 0, 0, -4, -8, -5, -15, -4,
    0, -8, 0, -9, -8, 0, 0, 0,
    0, 0, 0, 0, 0, 0, 0, 0,
    0, 0, 0, 0, 0, 0, 0, 0,
    0, 0, 0, 0, 0, 0, 0, 0,
    0, 0, 0, -5, -5, 0, 0, 0,
    0, 0, 0, -8, -8, -8, 0, 0,
    0, 0, 0, 0, 0, 0, -12, -4,
    0, -3, 0, -8, -12, 0, -10, 0,
    0, 0, 0, 0, 0, 0, 0, 0,
    0, 0, 0, 0, 0, 0, 0, 0,
    0, 0, 0, 0, 0, 0, 0, 0,
    0, 0, 0, 0, 0, 0, 0, -5,
    0, 0, 0, 0, 0, 0, 0, 0,
    0, 0, 0, 0, 0, -3, 0, 0,
    0, 0, -14, 0, 0, 0, 0, 0,
    0, -8, 0, 0, 0, 0, 0, 0,
    0, 0, 0, 0, 0, 0, 0, 0,
    0, 0, 0, 0, 0, 0, 0, 0,
    0, 0, 0, 0, 0, 0, 0, 0,
    0, 0, 0, 0, 0, 0, 0, 0,
    0, 0, 0, 0, 0, -4, -8, 0,
    0, 0, 0, 0, -4, 0, -4, -8,
    0, -8, 0, 0, -12, 0, 0, -8,
    0, 0, 0, 0, 0, 0, 0, 0,
    0, 0, 0, 0, 0, 0, 0, 0,
    0, 0, 0, 0, 0, 0, 0, 0,
    0, 0, 0, 0, 0, 0, 0, 0,
    0, 0, 0, 0, 0, 0, 0, 0,
    0, 0, 0, -5, 0, 0, 0, 0,
    -8, -8, 0, -4, 0, 0, 0, -19,
    0, 0, 0, 0, 0, 0, 0, 0,
    0, 0, 0, 0, 0, 0, 0, 0,
    0, 0, 0, 0, 0, 0, 0, 0,
    0, 0, 0, 0, 0, 0, 0, 0,
    0, 0, 0, 0, 0, 0, 0, 0,
    0, 0, 0, 0, 0, 0, 0, 0,
    0, 0, 0, -9, 0, -8, -5, 0,
    0, 0, -14, 0, 0, 0, 0, 0,
    0, 0, 0, 0, 0, 0, 0, 0,
    0, 0, 0, 0, 0, 0, 0, 0,
    0, 0, 0, 0, 0, 0, 0, 0,
    0, 0, 0, 0, 0, 0, 0, 0,
    0, 0, 0, 0, 0, 0, 0, 5,
    0, 0, 0, 0, -35, -12, -20, 0,
    4, -4, 0, -18, 0, 8, -3, 0,
    -8, 0, 0, 0, 0, 0, 0, 0,
    0, 0, 0, 0, 0, 0, 0, 0,
    12, 0, 0, 0, 0, 0, 0, 0,
    0, 0, 0, 0, 12, 0, -4, 0,
    0, 0, 0, 0, 0, 0, 0, 0,
    0, 0, 0, 0, -3, 0, 0, 0,
    0, 0, 0, -6, 0, 0, 0, 0,
    -8, 0, 0, 0, 0, 0, 0, 0,
    0, 0, 0, 0, 0, 0, 0, 0,
    0, 0, 0, 0, 0, 0, 0, 0,
    0, 0, 0, 0, 0, 0, 0, 0,
    0, 0, 0, 0, 0, 0, 0, 0,
    0, 0, 0, 0, 0, 0, 0, 0,
    0, 0, 0, 0, -8, 0, 0, 0,
    0, -8, 0, -22, 0, 0, 0, 0,
    0, 0, 0, 0, 0, 0, 0, 0,
    0, 0, 0, 0, 0, -13, 0, 0,
    0, 0, 0, 0, 0, 0, 0, 0,
    0, 0, 0, 0, -4, 0, 0, 0,
    0, 0, 0, 0, 0, 0, -4, -19,
    0, 0, 0, -28, 0, 0, 0, 0,
    0, 0, 0, -15, 0, 0, -37, 0,
    0, -8, -21, 0, -9, -15, -9, -11,
    -7, -9, -37, -8, -43, 0, -30, -4,
    -43, 0, 0, -9, -17, 0, -9, -8,
    -26, -8, -25, -12, -5, 0, -7, -15,
    -28, 0, 0, 0, 0, -26, 0, 0,
    0, 0, 0, 0, 0, 0, 0, 0,
    0, 0, -10, 0, 0, 0, 0, 0,
    0, -14, 0, 0, -8, -10, -10, -3,
    -4, -5, 0, 0, -3, -14, 0, -15,
    0, -18, 0, -15, 0, -3, -2, -8,
    -7, -6, -4, -8, -4, -15, -18, -9,
    0, 0, -4, 0, 0, 0, 0, 0,
    0, 0, 0, 0, 0, 0, 0, 0,
    0, 0, 0, 0, 0, -11, 0, 0,
    0, 0, 0, 0, -6, 0, 0, 0,
    0, -11, -3, 0, -3, 0, -3, -3,
    -6, 0, -9, -8, -9, 0, -9, 0,
    -3, -3, -8, 0, -5, -3, -4, -5,
    -5, -13, -4, 0, -3, 0, 0, 0,
    0, 0, 0, -4, 0, 0, 0, 0,
    0, 0, 0, -7, -4, 0, -8, 0,
    -16, 0, 0, -5, 0, 0, 0, -15,
    0, 0, -4, -8, -16, 3, 0, 3,
    -4, -5, 3, -15, 0, -17, -13, -17,
    -4, -17, 0, 2, 3, -4, -8, 0,
    0, -8, 0, -7, -11, 0, 0, -5,
    0, -4, 0, 0, 0, -2, -8, 0,
    0, 0, 0, 0, 0, 0, 0, 0,
    0, 0, 0, 0, 0, 0, 0, 0,
    0, 0, 0, 0, 0, -4, -8, 0,
    -2, 0, -2, 0, 0, -3, 0, 0,
    4, 0, -8, 0, 4, 0, -4, -7,
    -13, -5, 0, 0, -14, 0, -9, -12,
    -3, 0, 0, 0, 0, 0, 0, 0,
    0, -14, 0, 0, 0, 0, 0, 0,
    0, 0, 0, 0, -31, 0, -32, 0,
    0, 0, 0, 0, 0, 0, 0, 0,
    -12, -6, -32, -6, 0, -6, -23, -10,
    -6, 0, 0, 0, -8, -6, -6, 0,
    0, -9, -10, -4, -13, -8, -10, -12,
    -12, -15, -18, -12, 0, -10, 0, 0,
    0, 0, 0, 0, -12, 0, 0, 0,
    0, 0, 0, 0, 0, 0, 0, 0,
    0, 0, 0, 0, 0, 0, 0, 0,
    -8, 0, 0, 0, 0, 0, 0, 0,
    0, 0, 0, 0, -8, 0, -13, -5,
    -8, 0, -13, 0, 3, 4, -7, 0,
    0, 0, -5, 0, -4, -8, 0, 0,
    0, 0, 0, 0, 0, 0, 0, -5,
    0, 0, 0, 0, 0, 0, 0, 0,
    0, 0, 0, 0, -4, 0, 0, 0,
    0, 0, 0, -12, 0, 0, 0, -4,
    -4, -6, -6, -6, -6, 0, -6, -12,
    6, -9, -4, -8, -2, -9, 0, -4,
    -4, -15, -8, -3, 2, -13, -7, -4,
    -19, -4, 0, 0, -6, 0, 0, 0,
    0, 0, -13, 0, 0, 0, 0, 0,
    0, 0, 0, 0, 0, 0, 0, -8,
    0, 0, 0, 0, 0, 0, 0, 0,
    0, 0, 0, -8, 6, 0, 6, -8,
    0, 6, 0, 2, 0, -8, -6, 0,
    0, 0, 0, -2, -7, -3, 0, 0,
    -6, 0, -8, -12, -8, 0, 0, 0,
    0, 0, 0, 0, 0, -6, 0, 0,
    0, 0, 0, 0, 0, 0, -5, 0,
    0, 0, 0, 0, 0, 0, 0, 0,
    0, -1, 0, 0, -8, -9, 0, -4,
    -15, -4, -12, -7, -4, -1, -8, -4,
    0, 0, -4, -4, 0, -8, -20, -21,
    -3, 0, -7, -19, -12, -13, -13, 0,
    0, -7, -15, -5, 0, 0, 0, 0,
    -19, 0, 0, 0, -6, -35, 0, 0,
    0, -46, 0, -2, 0, -8, 0, 0,
    0, 0, 0, 0, -51, 0, 0, -6,
    -31, -8, -15, -18, -15, -17, -10, -15,
    -51, -16, -55, 0, -61, -6, -55, 0,
    0, -12, -20, -6, -12, 0, -28, -12,
    -31, -18, -8, 0, -10, -18, -46, 0,
    0, 0, 0, -28, 0, 0, 0, -4,
    0, 0, 0, 0, 0, 0, -41, -10,
    -30, 0, 0, 0, 0, 0, 0, 0,
    0, 0, -8, -6, -30, -8, -5, -8,
    -31, 0, -8, 0, 0, -17, -15, -15,
    -9, -17, 0, -8, -11, 0, 0, 0,
    -3, 0, -10, -8, -15, -12, 0, 0,
    -5, 0, 0, 0, 0, 0, 0, 0,
    0, 0, 0, 0, 0, 0, 0, 0,
    0, 0, 0, -4, 0, 0, 0, 0,
    0, 0, -7, 0, 0, -3, -8, -4,
    0, -6, 0, 0, -5, 0, -7, 0,
    -19, 0, -9, 0, -19, 0, -2, -6,
    -10, -6, 0, 0, -12, -4, -9, -11,
    0, 0, -5, -6, 0, 0, 0, 0,
    0, -12, 0, 0, 0, 0, 4, 0,
    -8, 0, 5, 0, -35, -14, -37, 0,
    0, 0, 0, -10, 0, 4, 0, 0,
    -22, -8, -37, -8, -15, -8, -46, -12,
    -8, 4, 0, -4, -1, 3, 0, -4,
    8, -27, -31, -14, -18, -6, -18, -12,
    -22, -15, -20, -18, 0, -12, -15, 5,
    -20, -23, 0, 0, -12, 0, 3, 3,
    -13, 0, 0, -7, 0, 0, 0, -28,
    0, -43, -8, -8, -15, -15, -28, -4,
    2, -8, -8, -13, -13, -43, -10, -16,
    -10, -31, -6, -10, 2, 0, -4, -4,
    0, -5, -4, 0, -21, -18, -19, -22,
    -10, -15, -15, -21, -17, -26, -16, 0,
    -6, -16, 0, -21, -11, 0, 0, -15,
    0, 0, 0, 0, 0, 0, 0, 0,
    0, -8, 0, 0, -30, 0, 0, 0,
    0, 0, 0, 3, 0, 0, 0, 0,
    -30, -8, -17, -8, -49, 0, -8, 3,
    -6, 0, 0, 8, -4, 0, 0, -26,
    -27, -22, -18, -6, -23, -23, -23, -15,
    -23, -28, 0, 0, -17, 0, 0, 0,
    0, -8, -23, 0, 0, 0, 0, 0,
    0, 0, 0, 0, 0, 0, -6, -8,
    0, 0, 0, 0, 0, 0, 0, 0,
    0, 0, -8, -8, -2, -8, -2, -10,
    0, -2, 0, 0, -5, -4, -4, 0,
    -5, 0, -4, -13, -17, -7, -3, -4,
    -12, -6, -13, -15, -8, 0, 0, -8,
    0, 0, 0, 0, 0, -12, 0, 0,
    0, 0, 0, 0, 0, 0, 0, 0,
    0, 0, 0, 0, 0, 0, 0, 0,
    0, 8, 0, 0, 0, 0, 0, 0,
    0, 0, 0, 0, 0, 8, 0, 0,
    0, 0, 0, 0, 0, 0, 0, 0,
    12, 0, 0, 0, 0, 0, 0, 0,
    0, 0, 0, 0, 0, 0, 0, 0,
    0, 0, 0, 0, -4, -19, 0, 0,
    0, -28, 0, 0, 0, 0, 0, 0,
    0, -15, 0, 0, -37, 0, 0, -8,
    -21, 0, 0, 0, 0, 0, 0, 0,
    0, 0, 0, 0, 0, 0, -43, 0,
    0, 0, 0, 0, 0, 0, 0, 0,
    0, 0, 0, 0, -7, -15, 0, 0,
    0, 0, 0, 0, 0, 0, 0, 0,
    0, 0, 0, 0, -9, 0, 8, 0,
    0, 0, 0, 0, 0, 0, 0, 0,
    0, 0, 0, -9, 0, -3, 0, -3,
    0, 0, -3, 0, 0, 0, 0, 0,
    0, 0, 0, -1, -3, -5, 0, -4,
    -1, -18, -3, -12, -11, -4, 0, 0,
    0, -9, 0, 0, 0, 0, -18, 0,
    0, 0, 0, -4, 0, 0, 0, -9,
    0, 0, 0, -4, 0, 0, 0, 0,
    0, 0, -27, 0, 0, 0, -15, -4,
    -4, 0, -4, 0, 0, -4, -27, 0,
    -19, -8, -19, 0, -19, 0, -1, -4,
    -12, -10, -2, -4, -11, -4, -11, -23,
    -9, 0, 0, 0, -9, 0, 0, 0,
    0, -11, 0, 0, 0, 0, 0, 0,
    0, 0, 5, 0, -23, -10, -16, 0,
    0, 0, 0, 0, 0, 0, 0, 0,
    -8, 0, -16, -12, 0, -12, 0, 0,
    -12, 0, 0, 0, 0, 0, 0, 0,
    7, -12, -15, -18, -20, -7, -10, -12,
    0, -14, -15, -5, 0, 0, 0, 5,
    0, 0, 0, 0, -12, 4, 0, 0,
    0, 0, 0, 0, 0, 0, 0, 0,
    0, 0, 0, 0, 0, 0, 0, 0,
    -17, 0, 0, 0, -8, 0, -4, 0,
    -4, 0, 0, -4, -17, 0, -9, 0,
    -8, 0, -9, 0, 0, -4, -6, -3,
    0, 0, -9, 0, -8, -8, -4, 0,
    0, 0, 0, 0, 0, 0, 0, -9,
    0, 0, 0, 0, 0, 0, 0, 0,
    -6, 0, 0, 0, 0, 0, 0, 0,
    0, 0, 0, -15, 0, 0, 0, -8,
    0, -2, 0, -2, 0, 0, -2, -15,
    0, -8, -4, -15, 0, -8, 0, -5,
    -5, -11, -13, -4, -6, -14, -5, -12,
    -19, -8, 0, 0, 0, -6, 0, 0,
    0, 0, -14, 0, 0, 0, -8, 0,
    0, 0, 0, -6, 0, -8, -24, 0,
    0, 0, 0, 0, 0, 0, -8, 0,
    0, -17, -12, 0, -19, -4, -19, 0,
    0, -19, -8, 0, 0, 0, 0, 0,
    0, 0, -20, -25, -22, -12, -17, -16,
    -19, -8, -27, -17, -13, 0, 0, -4,
    -6, 0, 0, 0, 0, -19, 0, 0,
    0, 0, 0, 0, 0, 0, 0, 0,
    -22, -12, -12, 0, 0, 0, 0, 0,
    0, -12, 0, 0, -16, 0, -12, -10,
    0, -10, 0, 0, -10, -12, 0, 0,
    0, 0, 0, 0, 0, -14, -15, -18,
    -22, -10, -12, -15, -6, -9, -25, -12,
    0, 0, 0, 0, -12, 0, 0, 0,
    -15, 0, 0, 0, 0, 0, 0, 0,
    0, 0, 0, 11, -10, 3, 0, 0,
    0, 0, 0, 0, 0, 0, 0, 0,
    0, 3, -5, 0, -5, 0, 0, -5,
    0, 0, -5, 0, 0, 10, -5, 0,
    -3, -5, -9, -4, 0, 2, -12, -1,
    -5, -13, 1, 0, 0, 0, 0, 0,
    0, 0, 0, -12, 0, 0, 0, 0,
    0, 0, 0, 0, 0, 0, -21, -4,
    -19, 0, 0, 0, 0, 0, 0, -12,
    0, 0, -8, 0, -19, -4, -6, -4,
    -14, 0, -4, -12, 0, 0, -3, 0,
    0, 0, 0, -10, -11, -4, -14, -4,
    -8, -8, -8, 0, -17, -11, 0, 0,
    -6, 0, 0, 0, 0, 0, -8, 0,
    0, 0, -8, 0, 0, 0, 0, -6,
    0, -8, -24, 0, 0, 0, 0, 0,
    0, 0, -8, 0, 0, -17, -12, 0,
    -19, -4, -19, 0, 0, -19, -8, 0,
    0, 0, 0, 0, 0, 0, -20, -23,
    -22, -12, -17, -16, -19, -8, -27, -17,
    -13, 0, 0, -4, -6, 0, 0, 0,
    0, -19, 0, 0, 0, 0, 0, 0,
    0, 0, 0, 0, 0, 0, 0, 0,
    0, 0, 0, 0, 0, 0, 0, 0,
    -8, -4, 0, -4, 0, -4, 0, 0,
    -4, 0, 0, -12, -4, 0, 0, -12,
    0, -7, -12, -8, -9, -10, -8, -10,
    -7, -13, -19, -8, 0, 0, 0, 0,
    0, 0, 0, 0, -10, 0, 0, 0,
    0, 0, 0, 0, 0, 0, 0, 0,
    0, 0, 0, 0, 0, 0, 0, 0,
    5, 0, 0, 0, 0, 0, 0, 0,
    0, 0, 0, 0, 5, 0, 0, 0,
    0, 0, 0, 0, 0, 0, 0, 0,
    0, 0, 0, 0, 0, 0, 0, 0,
    0, 0, 0, 0, 0, 0, 0, 0,
    0, 0, 0, 0, 0, 0, 0, 0,
    0, 0, 0, 0, 0, 0, 0, 0,
    0, 0, 0, 0, 0, 0, 0, 0,
    0, 0, 0, 0, 0, 0, 0, 0,
    0, -15, 0, 0, 0, -15, 0, 0,
    0, -4, 0, 0, 0, -5, 0, 0,
    0, 0, 0, 0, 0, 0, 0, 0,
    0, 0, -5, 0, 0, 0, 0, 0,
    0, 0, 0, 0, 0, 0, 0, 0,
    0, 0, 0, 0, 0, 0, -8, 0,
    0, 0, 0, 0, 0, 0, 0, 0,
    0, 0, -8, 0, 0, 0, 0, 0,
    0, 0, 0, 0, 0, 0, 0, 0,
    0, 0, 0, 0, 0, 0, 0, 0,
    0, 0, 0, 0, 0, 0, 0, 0,
    0, 0, 0, 0, 0, -7, -4, 0,
    -8, 0, -16, 0, 0, -5, 0, 0,
    0, -15, 0, 0, -4, -8, 0, 0,
    0, 0, 0, 0, 0, 0, 0, 0,
    0, 0, 0, -17, 0, 0, 0, 0,
    0, 0, 0, 0, 0, 0, 0, 0,
    0, -5, 0, 0, 0, 0, 0, 0,
    0, 0, 0, 0, 0, 0, 0, 0,
    0, 0, 0, -15, 0, -28, 0, 0,
    0, 0, 0, 0, 5, 0, 0, 0,
    0, -28, 0, 0, 0, 0, 0, 0,
    5, 0, 0, 0, 0, 0, 0, 0,
    0, 0, 0, 0, 0, 0, 0, 0,
    0, 0, 0, 0, 0, 0, 0, 0,
    0, 0, 0, 0, 0, 0, 0, 0,
    0, 0, 0, 0, 0, 0, 0, 0,
    0, 0, 0, 0, 0, 0, 0, -20,
    0, 0, 0, 0, 0, 0, 0, 0,
    0, 0, 0, 0, 0, 0, 0, 0,
    0, -17, 0, 0, 0, 0, 0, 0,
    0, 0, 0, 0, 0, 0, 0, 0,
    0, 0, 0, 0, 0, 0, 0, 0,
    0, 0, 0, 0, 0, 0, 0, 0,
    0, 0, 0, 0, 0, 0, 0, 0,
    0, 0, -23, 0, 0, 0, 0, 0,
    0, 0, 0, 1, 0, 0, -23, 0,
    -21, 0, 0, 0, -21, 0, 0, 0,
    0, 0, 0, 0, 0, 0, 0, 0,
    0, 0, 0, 0, 0, 0, 0, 0,
    0, 0, 0, 0, 0, 0, -15, 0,
    0, 0, 0, 0, 0, 0, 0, 0,
    -23, 0, 0, 0, 0, -34, 0, 0,
    0, 0, 0, 0, 0, 0, 0, 0,
    0, 0, 0, 0, 0, 0, 0, -41,
    0, 0, 0, 0, 0, 0, 0, 0,
    0, 0, 0, 0, 0, 0, -21, 0,
    0, 0, 0, 0, 0, 0, 0, 0,
    0, 0, 0, 0, 0, 11, 0, 0,
    0, 0, 0, 0, 0, 0, 0, 0,
    0, 0, 0, 0, 0, 0, 3, 0,
    3, 0, 0, 3, 0, 0, 0, 0,
    0, 0, 0, 0, -4, -8, -4, -5,
    2, 0, 0, 0, 0, -4, 0, 0,
    0, 0, 11, 0, 0, 0, 0, 0,
    0, 0, 16, 0, 0, 0, 0, 0,
    0, 0, 0, 0, 0, 0, 0, 0,
    0, 0, 0, -8, 0, 0, 0, 0,
    0, 0, 0, 0, 0, 0, 0, -8,
    0, -12, 0, -8, 0, -12, 0, 0,
    0, 0, 0, 0, 0, 0, 0, 0,
    0, 0, 0, 0, 0, 0, 0, 0,
    0, 0, 0, 0, 0, 0, 0, 0,
    0, 0, 19, 0, 0, 0, 0, -8,
    0, 0, 0, 0, 0, 0, 12, 0,
    0, 0, 0, -8, 6, 0, 6, -10,
    0, 6, 12, 3, 5, 6, 14, 4,
    5, 21, 0, -4, -7, -3, 1, -3,
    -5, 0, -4, -12, -5, 17, 0, 0,
    0, 0, 0, 0, 0, -5, 0, 0,
    0, 0, 0, 0, 0, 0, 0, 0,
    0, 0, 0, 0, 0, 0, 0, 0,
    0, 0, 0, 0, 0, 0, 0, 0,
    0, 0, -43, 0, 0, 0, 0, 0,
    0, 0, 0, 0, 0, 0, 0, 0,
    0, 0, 0, 0, 0, 0, 0, 0,
    0, 0, 0, 0, 0, 0, 0, 0,
    0, 0, 0, 0, 0, 0, 0, 0,
    0, 0, 0, 0, 0, 0, 0, 3,
    0, 0, 0, 0, 0, 0, 0, 0,
    0, 0, 0, 0, 0, 0, 0, 0,
    0, 0, 0, 0, 0, 0, 0, 0,
    0, 0, 0, 0, 0, 0, 0, 0,
    0, 0, 0, 0, 0, 0, 0, 0,
    0, 0, 0, 0, 0, 0, 0, 0,
    0, 0, 0, 0, 0, 0, 0, 0,
    0, 0, 0, 0, 0, 0, 0, 0,
    0, 0, 0, 0, 0, 0, 0, 0,
    1, 0, 0, 0, 0, 0, 0, 0,
    0, 0, 0, 0, 0, 0, 0, 0,
    0, 0, 0, 0, 0, 0, 0, 0,
    0, 0, 0, 0, 0, 0, 0, 0,
    0, 0
};


/*Collect the kern class' data in one place*/
static const lv_font_fmt_txt_kern_classes_t kern_classes =
{
    .class_pair_values   = kern_class_values,
    .left_class_mapping  = kern_left_class_mapping,
    .right_class_mapping = kern_right_class_mapping,
    .left_class_cnt      = 62,
    .right_class_cnt     = 59,
};

/*--------------------
 *  ALL CUSTOM DATA
 *--------------------*/

#if LVGL_VERSION_MAJOR == 8
/*Store all the custom data of the font*/
static  lv_font_fmt_txt_glyph_cache_t cache;
#endif

#if LVGL_VERSION_MAJOR >= 8
static const lv_font_fmt_txt_dsc_t font_dsc = {
#else
static lv_font_fmt_txt_dsc_t font_dsc = {
#endif
    .glyph_bitmap = glyph_bitmap,
    .glyph_dsc = glyph_dsc,
    .cmaps = cmaps,
    .kern_dsc = &kern_classes,
    .kern_scale = 16,
    .cmap_num = 10,
    .bpp = 4,
    .kern_classes = 1,
    .bitmap_format = 0,
#if LVGL_VERSION_MAJOR == 8
    .cache = &cache
#endif
};



/*-----------------
 *  PUBLIC FONT
 *----------------*/

/*Initialize a public general font descriptor*/
#if LVGL_VERSION_MAJOR >= 8
const lv_font_t geist_sem_24 = {
#else
lv_font_t geist_sem_24 = {
#endif
    .get_glyph_dsc = lv_font_get_glyph_dsc_fmt_txt,    /*Function pointer to get glyph's data*/
    .get_glyph_bitmap = lv_font_get_bitmap_fmt_txt,    /*Function pointer to get glyph's bitmap*/
    .line_height = 33,          /*The maximum line height required by the font*/
    .base_line = 6,             /*Baseline measured from the bottom of the line*/
#if !(LVGL_VERSION_MAJOR == 6 && LVGL_VERSION_MINOR == 0)
    .subpx = LV_FONT_SUBPX_NONE,
#endif
#if LV_VERSION_CHECK(7, 4, 0) || LVGL_VERSION_MAJOR >= 8
    .underline_position = -2,
    .underline_thickness = 1,
#endif
    .dsc = &font_dsc,          /*The custom font data. Will be accessed by `get_glyph_bitmap/dsc` */
#if LV_VERSION_CHECK(8, 2, 0) || LVGL_VERSION_MAJOR >= 9
    .fallback = NULL,
#endif
    .user_data = NULL,
};



#endif /*#if GEIST_SEM_24*/

