/*******************************************************************************
 * Size: 16 px
 * Bpp: 4
 * Opts: --bpp 4 --size 16 --format lvgl --no-compress --no-prefilter --font fonts/Geist-Regular.ttf --range 0x20-0x7F,0xA0-0x24F,0x1E00-0x1EFF,0x2013-0x2026,0x203A --font /System/Library/Fonts/Supplemental/Arial Unicode.ttf --range 0x00AD,0x0114-0x0115,0x012C-0x012D,0x0138,0x013F-0x0140,0x0149,0x014E-0x014F,0x017F-0x018E,0x0190-0x0191,0x0193-0x019F,0x01A2-0x01AE,0x01B1-0x01CC,0x01CF-0x01E3,0x01EA-0x01F5,0x01FA-0x0217,0x1E00-0x1E1F,0x1E22-0x1E7F,0x1E86-0x1E9B,0x2015-0x2017,0x201B,0x201F,0x2023-0x2025,0x2713,0x2717 -o main/ui/geist_reg_16.c --lv-include lvgl.h
 ******************************************************************************/

#ifdef LV_LVGL_H_INCLUDE_SIMPLE
#include "lvgl.h"
#else
#include "lvgl.h"
#endif

#ifndef GEIST_REG_16
#define GEIST_REG_16 1
#endif

#if GEIST_REG_16

/*-----------------
 *    BITMAPS
 *----------------*/

/*Store the image of the glyphs*/
static LV_ATTRIBUTE_LARGE_CONST const uint8_t glyph_bitmap[] = {
    /* U+0020 " " */

    /* U+0021 "!" */
    0xe, 0x70, 0xe7, 0xe, 0x70, 0xe7, 0xe, 0x60,
    0xd6, 0xc, 0x50, 0xb4, 0x4, 0x10, 0x0, 0x2e,
    0x83, 0xf9,

    /* U+0022 "\"" */
    0x4f, 0x19, 0xd4, 0xf1, 0x9c, 0x2f, 0x18, 0xb0,
    0xf0, 0x89, 0x6, 0x3, 0x30,

    /* U+0023 "#" */
    0x0, 0x6, 0xc0, 0x3e, 0x0, 0x0, 0x99, 0x6,
    0xb0, 0x0, 0xc, 0x60, 0x99, 0x0, 0x6f, 0xff,
    0xff, 0xfa, 0x1, 0x4f, 0x32, 0xf5, 0x10, 0x4,
    0xd0, 0x1f, 0x0, 0x0, 0x7b, 0x4, 0xd0, 0x0,
    0xa, 0x80, 0x7a, 0x0, 0xf, 0xff, 0xff, 0xff,
    0x0, 0x2f, 0x52, 0xf8, 0x20, 0x2, 0xf0, 0xf,
    0x20, 0x0, 0x5d, 0x2, 0xf0, 0x0,

    /* U+0024 "$" */
    0x0, 0x0, 0x36, 0x0, 0x0, 0x0, 0x0, 0x7c,
    0x0, 0x0, 0x0, 0x5c, 0xff, 0xa2, 0x0, 0x5,
    0xfb, 0xdf, 0xde, 0x20, 0xc, 0xb0, 0x7c, 0xe,
    0xa0, 0xd, 0x90, 0x7c, 0x6, 0x90, 0x9, 0xf5,
    0x7c, 0x0, 0x0, 0x0, 0xaf, 0xff, 0x60, 0x0,
    0x0, 0x1, 0xdf, 0xfe, 0x30, 0x0, 0x0, 0x7c,
    0x1c, 0xe0, 0xf, 0x60, 0x7c, 0x4, 0xf2, 0xb,
    0xd0, 0x7c, 0x6, 0xf1, 0x2, 0xfd, 0xef, 0x9f,
    0x90, 0x0, 0x2a, 0xff, 0xd7, 0x0, 0x0, 0x0,
    0x7c, 0x0, 0x0, 0x0, 0x0, 0x12, 0x0, 0x0,

    /* U+0025 "%" */
    0x4, 0xde, 0x80, 0x0, 0xa, 0xa0, 0x0, 0xe5,
    0x2e, 0x40, 0x4, 0xe1, 0x0, 0x3e, 0x0, 0x98,
    0x0, 0xe5, 0x0, 0x3, 0xe0, 0x8, 0x90, 0x9a,
    0x0, 0x0, 0x1f, 0x30, 0xd5, 0x3e, 0x10, 0x0,
    0x0, 0x5e, 0xf9, 0xd, 0x60, 0x0, 0x0, 0x0,
    0x0, 0x8, 0xb0, 0x9d, 0xb2, 0x0, 0x0, 0x3,
    0xf1, 0x7c, 0x28, 0xc0, 0x0, 0x0, 0xd6, 0xb,
    0x60, 0x1f, 0x0, 0x0, 0x8c, 0x0, 0xb6, 0x1,
    0xf0, 0x0, 0x2f, 0x20, 0x7, 0xc1, 0x7d, 0x0,
    0xc, 0x70, 0x0, 0xa, 0xfc, 0x30,

    /* U+0026 "&" */
    0x0, 0x4d, 0xfd, 0x40, 0x0, 0x0, 0xfc, 0x7c,
    0xf0, 0x0, 0x3, 0xf3, 0x5, 0xf2, 0x0, 0x2,
    0xf5, 0x8, 0xe0, 0x0, 0x0, 0xbc, 0x7f, 0x40,
    0x0, 0x0, 0x6f, 0xf3, 0x0, 0x0, 0x6, 0xfb,
    0xf6, 0x0, 0x51, 0x1f, 0x90, 0x7f, 0x32, 0xf3,
    0x4f, 0x20, 0xa, 0xe7, 0xf0, 0x4f, 0x30, 0x0,
    0xdf, 0x90, 0xd, 0xd7, 0x57, 0xef, 0x80, 0x2,
    0xae, 0xfe, 0x96, 0xf4,

    /* U+0027 "'" */
    0x4f, 0x24, 0xf1, 0x3f, 0x1, 0xf0, 0x6, 0x0,

    /* U+0028 "(" */
    0x0, 0x17, 0x0, 0x9, 0xa0, 0x2, 0xf3, 0x0,
    0x8d, 0x0, 0xd, 0x80, 0x0, 0xf5, 0x0, 0x3f,
    0x30, 0x4, 0xf2, 0x0, 0x3f, 0x20, 0x2, 0xf3,
    0x0, 0xe, 0x60, 0x0, 0xaa, 0x0, 0x5, 0xf0,
    0x0, 0xd, 0x60, 0x0, 0x5e, 0x0,

    /* U+0029 ")" */
    0x54, 0x0, 0x4e, 0x0, 0xd, 0x70, 0x7, 0xd0,
    0x2, 0xf3, 0x0, 0xf6, 0x0, 0xd8, 0x0, 0xca,
    0x0, 0xc9, 0x0, 0xd8, 0x1, 0xf4, 0x4, 0xf1,
    0xa, 0xa0, 0x1f, 0x40, 0x8b, 0x0,

    /* U+002A "*" */
    0x0, 0x0, 0x0, 0x0, 0x3c, 0xd, 0x20, 0x0,
    0xbc, 0x90, 0x4, 0xff, 0xff, 0xf2, 0x2, 0xbe,
    0x92, 0x0, 0x3e, 0x2e, 0x20, 0x0, 0x20, 0x20,
    0x0,

    /* U+002B "+" */
    0x0, 0x2, 0xf1, 0x0, 0x0, 0x0, 0x2f, 0x10,
    0x0, 0x0, 0x3, 0xf2, 0x0, 0x5, 0xff, 0xff,
    0xff, 0xf4, 0x13, 0x36, 0xf5, 0x33, 0x10, 0x0,
    0x2f, 0x10, 0x0, 0x0, 0x2, 0xf1, 0x0, 0x0,
    0x0, 0x2f, 0x10, 0x0,

    /* U+002C "," */
    0x4e, 0x74, 0xf8, 0xa, 0x31, 0xb0,

    /* U+002D "-" */
    0x1, 0x11, 0x11, 0x4f, 0xff, 0xff, 0x14, 0x44,
    0x44,

    /* U+002E "." */
    0x4e, 0x74, 0xf8,

    /* U+002F "/" */
    0x0, 0x0, 0x5, 0x40, 0x0, 0x0, 0xf5, 0x0,
    0x0, 0x4f, 0x0, 0x0, 0x9, 0xa0, 0x0, 0x0,
    0xe5, 0x0, 0x0, 0x4f, 0x0, 0x0, 0x9, 0xa0,
    0x0, 0x0, 0xe5, 0x0, 0x0, 0x3f, 0x0, 0x0,
    0x9, 0xb0, 0x0, 0x0, 0xe6, 0x0, 0x0, 0x3f,
    0x10, 0x0, 0x8, 0xb0, 0x0, 0x0, 0xd6, 0x0,
    0x0, 0x3f, 0x10, 0x0, 0x0,

    /* U+0030 "0" */
    0x0, 0x18, 0xef, 0xc5, 0x0, 0x0, 0xcf, 0x87,
    0xbf, 0x60, 0x7, 0xf3, 0x0, 0x9, 0xf1, 0xd,
    0xa0, 0x0, 0x1, 0xf7, 0x1f, 0x50, 0x0, 0x0,
    0xca, 0x2f, 0x40, 0x0, 0x0, 0xac, 0x2f, 0x40,
    0x0, 0x0, 0xac, 0x1f, 0x60, 0x0, 0x0, 0xca,
    0xd, 0xa0, 0x0, 0x1, 0xf7, 0x7, 0xf2, 0x0,
    0x8, 0xf1, 0x0, 0xce, 0x86, 0xaf, 0x70, 0x0,
    0x19, 0xef, 0xc5, 0x0,

    /* U+0031 "1" */
    0x0, 0xb, 0x60, 0x4, 0xf6, 0x5f, 0xff, 0x61,
    0x33, 0xf6, 0x0, 0xf, 0x60, 0x0, 0xf6, 0x0,
    0xf, 0x60, 0x0, 0xf6, 0x0, 0xf, 0x60, 0x0,
    0xf6, 0x0, 0xf, 0x60, 0x0, 0xf6,

    /* U+0032 "2" */
    0x0, 0x2a, 0xef, 0xc5, 0x0, 0x1e, 0xe8, 0x7b,
    0xf5, 0x9, 0xe1, 0x0, 0xc, 0xc0, 0xb7, 0x0,
    0x0, 0x8e, 0x0, 0x0, 0x0, 0xc, 0xc0, 0x0,
    0x0, 0x2b, 0xf4, 0x0, 0x0, 0x7f, 0xe4, 0x0,
    0x1, 0xcf, 0x90, 0x0, 0x0, 0xde, 0x30, 0x0,
    0x0, 0x8f, 0x30, 0x0, 0x0, 0xd, 0xd6, 0x66,
    0x66, 0x50, 0xff, 0xff, 0xff, 0xff,

    /* U+0033 "3" */
    0x0, 0x5c, 0xff, 0xb3, 0x0, 0x5, 0xfb, 0x77,
    0xdf, 0x20, 0xb, 0xa0, 0x0, 0xf, 0x80, 0x0,
    0x0, 0x0, 0xe, 0x80, 0x0, 0x0, 0x12, 0x9f,
    0x20, 0x0, 0x1, 0xff, 0xf4, 0x0, 0x0, 0x0,
    0x45, 0xaf, 0x30, 0x0, 0x0, 0x0, 0xb, 0xc0,
    0x5, 0x10, 0x0, 0x7, 0xf0, 0xf, 0x80, 0x0,
    0xb, 0xd0, 0x8, 0xfa, 0x67, 0xcf, 0x50, 0x0,
    0x6d, 0xff, 0xb4, 0x0,

    /* U+0034 "4" */
    0x0, 0x0, 0x3, 0xfa, 0x0, 0x0, 0x0, 0xd,
    0xfa, 0x0, 0x0, 0x0, 0x9e, 0xda, 0x0, 0x0,
    0x5, 0xf5, 0xca, 0x0, 0x0, 0x1e, 0x90, 0xca,
    0x0, 0x0, 0xbd, 0x0, 0xca, 0x0, 0x7, 0xf2,
    0x0, 0xca, 0x0, 0x2f, 0x81, 0x11, 0xca, 0x10,
    0x8f, 0xff, 0xff, 0xff, 0xf0, 0x24, 0x44, 0x44,
    0xdb, 0x40, 0x0, 0x0, 0x0, 0xca, 0x0, 0x0,
    0x0, 0x0, 0xca, 0x0,

    /* U+0035 "5" */
    0x2, 0xff, 0xff, 0xff, 0x40, 0x4, 0xf7, 0x66,
    0x66, 0x10, 0x6, 0xf0, 0x0, 0x0, 0x0, 0x7,
    0xe0, 0x0, 0x0, 0x0, 0x9, 0xd9, 0xff, 0xd5,
    0x0, 0xb, 0xfb, 0x55, 0xbf, 0x40, 0x7, 0x70,
    0x0, 0xc, 0xc0, 0x0, 0x0, 0x0, 0x7, 0xf0,
    0x5, 0x20, 0x0, 0x7, 0xf0, 0xd, 0xb0, 0x0,
    0xd, 0xc0, 0x5, 0xfc, 0x77, 0xdf, 0x30, 0x0,
    0x4c, 0xff, 0xb3, 0x0,

    /* U+0036 "6" */
    0x0, 0x9, 0xef, 0xc4, 0x0, 0xc, 0xf8, 0x7b,
    0xf3, 0x6, 0xf3, 0x0, 0xa, 0x70, 0xca, 0x0,
    0x0, 0x0, 0xf, 0x6a, 0xff, 0xc3, 0x1, 0xff,
    0xb5, 0x5c, 0xf2, 0x2f, 0xb0, 0x0, 0xe, 0x92,
    0xf5, 0x0, 0x0, 0xac, 0xf, 0x60, 0x0, 0xb,
    0xc0, 0xcc, 0x0, 0x1, 0xf8, 0x3, 0xfc, 0x78,
    0xee, 0x10, 0x4, 0xcf, 0xea, 0x20,

    /* U+0037 "7" */
    0xbf, 0xff, 0xff, 0xff, 0x64, 0x66, 0x66, 0x69,
    0xf3, 0x0, 0x0, 0x1, 0xd7, 0x0, 0x0, 0x0,
    0x9c, 0x0, 0x0, 0x0, 0x3f, 0x30, 0x0, 0x0,
    0xa, 0xa0, 0x0, 0x0, 0x1, 0xf3, 0x0, 0x0,
    0x0, 0x6e, 0x0, 0x0, 0x0, 0xb, 0xa0, 0x0,
    0x0, 0x0, 0xe7, 0x0, 0x0, 0x0, 0xf, 0x50,
    0x0, 0x0, 0x2, 0xf4, 0x0, 0x0,

    /* U+0038 "8" */
    0x0, 0x4c, 0xfe, 0xa2, 0x0, 0x4, 0xfb, 0x77,
    0xde, 0x10, 0xb, 0xc0, 0x0, 0x2f, 0x60, 0xc,
    0xb0, 0x0, 0xf, 0x60, 0x6, 0xf6, 0x12, 0xaf,
    0x10, 0x0, 0x9f, 0xff, 0xf4, 0x0, 0x8, 0xf7,
    0x45, 0xaf, 0x40, 0x2f, 0x50, 0x0, 0xa, 0xd0,
    0x5f, 0x10, 0x0, 0x7, 0xf0, 0x3f, 0x60, 0x0,
    0xb, 0xe0, 0xb, 0xf9, 0x67, 0xcf, 0x60, 0x0,
    0x8d, 0xff, 0xc5, 0x0,

    /* U+0039 "9" */
    0x0, 0x6d, 0xfe, 0x80, 0x0, 0x8f, 0xa7, 0x9f,
    0xa0, 0x1f, 0x80, 0x0, 0x5f, 0x34, 0xf2, 0x0,
    0x0, 0xe7, 0x5f, 0x10, 0x0, 0xd, 0xa2, 0xf5,
    0x0, 0x2, 0xfa, 0xb, 0xe5, 0x24, 0xdf, 0x90,
    0x1c, 0xff, 0xf8, 0xd7, 0x0, 0x2, 0x41, 0x1f,
    0x50, 0x73, 0x0, 0x9, 0xf0, 0xb, 0xe8, 0x6a,
    0xf6, 0x0, 0x9, 0xef, 0xd5, 0x0,

    /* U+003A ":" */
    0x8f, 0x47, 0xe3, 0x0, 0x0, 0x0, 0x0, 0x0,
    0x0, 0x0, 0x7, 0xe3, 0x8f, 0x40,

    /* U+003B ";" */
    0x8f, 0x47, 0xe3, 0x0, 0x0, 0x0, 0x0, 0x0,
    0x0, 0x0, 0x7, 0xe3, 0x8f, 0x40, 0xd0, 0x48,
    0x0,

    /* U+003C "<" */
    0x0, 0x0, 0x0, 0x0, 0x0, 0x0, 0x0, 0x6c,
    0x0, 0x0, 0x7e, 0xe7, 0x1, 0x8f, 0xe7, 0x0,
    0x4f, 0xd5, 0x0, 0x0, 0x5f, 0x60, 0x0, 0x0,
    0x7, 0xee, 0x71, 0x0, 0x0, 0x6, 0xdf, 0x91,
    0x0, 0x0, 0x5, 0xce, 0x0, 0x0, 0x0, 0x3,

    /* U+003D "=" */
    0x0, 0x0, 0x0, 0x0, 0x5f, 0xff, 0xff, 0xff,
    0x13, 0x33, 0x33, 0x33, 0x1, 0x11, 0x11, 0x11,
    0x5f, 0xff, 0xff, 0xff, 0x13, 0x33, 0x33, 0x33,

    /* U+003E ">" */
    0x0, 0x0, 0x0, 0x0, 0x3, 0xb4, 0x0, 0x0,
    0x0, 0x1a, 0xfc, 0x50, 0x0, 0x0, 0x2, 0x9f,
    0xd6, 0x0, 0x0, 0x0, 0x18, 0xee, 0x0, 0x0,
    0x0, 0x19, 0xf1, 0x0, 0x2, 0xaf, 0xc5, 0x0,
    0x3b, 0xfb, 0x40, 0x0, 0x3f, 0xa3, 0x0, 0x0,
    0x1, 0x20, 0x0, 0x0, 0x0,

    /* U+003F "?" */
    0x0, 0x5c, 0xfe, 0x80, 0x0, 0x6f, 0xa7, 0x9f,
    0xa0, 0xf, 0x90, 0x0, 0x7f, 0x12, 0xc3, 0x0,
    0x3, 0xf3, 0x0, 0x0, 0x0, 0x8f, 0x0, 0x0,
    0x0, 0x9f, 0x50, 0x0, 0x0, 0xae, 0x30, 0x0,
    0x0, 0x1f, 0x50, 0x0, 0x0, 0x2, 0xa1, 0x0,
    0x0, 0x0, 0x0, 0x0, 0x0, 0x0, 0x7, 0xe4,
    0x0, 0x0, 0x0, 0x8f, 0x40, 0x0,

    /* U+0040 "@" */
    0x0, 0x0, 0x39, 0xdf, 0xec, 0x70, 0x0, 0x0,
    0x9, 0xf9, 0x53, 0x36, 0xcd, 0x20, 0x0, 0xad,
    0x20, 0x0, 0x0, 0x9, 0xd0, 0x5, 0xe1, 0x7,
    0xde, 0x8b, 0x60, 0xd5, 0xc, 0x70, 0x7f, 0x52,
    0xaf, 0x50, 0x8a, 0x1f, 0x10, 0xf6, 0x0, 0xf,
    0x40, 0x6b, 0x3f, 0x3, 0xf2, 0x0, 0xe, 0x30,
    0x7b, 0x4e, 0x3, 0xf2, 0x0, 0x2f, 0x20, 0x98,
    0x2f, 0x0, 0xe9, 0x1, 0xbf, 0x33, 0xf2, 0xe,
    0x40, 0x4e, 0xfe, 0x68, 0xff, 0x60, 0x8, 0xd0,
    0x0, 0x10, 0x0, 0x10, 0x0, 0x0, 0xcd, 0x51,
    0x1, 0x36, 0x0, 0x0, 0x0, 0x8, 0xef, 0xff,
    0xfa, 0x0, 0x0, 0x0, 0x0, 0x1, 0x21, 0x0,
    0x0, 0x0,

    /* U+0041 "A" */
    0x0, 0x0, 0xcf, 0x60, 0x0, 0x0, 0x0, 0x1f,
    0xcc, 0x0, 0x0, 0x0, 0x7, 0xe3, 0xf1, 0x0,
    0x0, 0x0, 0xc9, 0xe, 0x70, 0x0, 0x0, 0x1f,
    0x30, 0x8c, 0x0, 0x0, 0x7, 0xe0, 0x3, 0xf2,
    0x0, 0x0, 0xc9, 0x11, 0x1e, 0x70, 0x0, 0x2f,
    0xff, 0xff, 0xfd, 0x0, 0x7, 0xe4, 0x44, 0x46,
    0xf2, 0x0, 0xd9, 0x0, 0x0, 0xe, 0x80, 0x2f,
    0x40, 0x0, 0x0, 0x9d, 0x8, 0xf0, 0x0, 0x0,
    0x4, 0xf3,

    /* U+0042 "B" */
    0x8f, 0xff, 0xfe, 0xb2, 0x8, 0xe6, 0x66, 0x8e,
    0xf1, 0x8d, 0x0, 0x0, 0x3f, 0x58, 0xd0, 0x0,
    0x1, 0xf5, 0x8d, 0x11, 0x14, 0xcd, 0x8, 0xff,
    0xff, 0xfc, 0x20, 0x8e, 0x44, 0x45, 0xbe, 0x28,
    0xd0, 0x0, 0x0, 0xca, 0x8d, 0x0, 0x0, 0x9,
    0xd8, 0xd0, 0x0, 0x0, 0xdc, 0x8e, 0x66, 0x67,
    0xcf, 0x68, 0xff, 0xff, 0xfc, 0x50,

    /* U+0043 "C" */
    0x0, 0x6, 0xcf, 0xfc, 0x40, 0x0, 0xb, 0xfb,
    0x77, 0xcf, 0x50, 0x6, 0xf5, 0x0, 0x0, 0xaf,
    0x0, 0xda, 0x0, 0x0, 0x1, 0xf5, 0x2f, 0x50,
    0x0, 0x0, 0x0, 0x3, 0xf3, 0x0, 0x0, 0x0,
    0x0, 0x3f, 0x30, 0x0, 0x0, 0x0, 0x2, 0xf5,
    0x0, 0x0, 0x0, 0x32, 0xd, 0xa0, 0x0, 0x0,
    0x1f, 0x60, 0x7f, 0x50, 0x0, 0xa, 0xf1, 0x0,
    0xbf, 0xa7, 0x7c, 0xf5, 0x0, 0x0, 0x6c, 0xfe,
    0xb4, 0x0,

    /* U+0044 "D" */
    0x8f, 0xff, 0xfd, 0x70, 0x0, 0x8e, 0x66, 0x7a,
    0xfd, 0x10, 0x8d, 0x0, 0x0, 0x2e, 0xa0, 0x8d,
    0x0, 0x0, 0x7, 0xf1, 0x8d, 0x0, 0x0, 0x2,
    0xf5, 0x8d, 0x0, 0x0, 0x0, 0xf6, 0x8d, 0x0,
    0x0, 0x0, 0xf6, 0x8d, 0x0, 0x0, 0x2, 0xf5,
    0x8d, 0x0, 0x0, 0x6, 0xf1, 0x8d, 0x0, 0x0,
    0x2e, 0xa0, 0x8e, 0x66, 0x69, 0xfd, 0x10, 0x8f,
    0xff, 0xfd, 0x81, 0x0,

    /* U+0045 "E" */
    0x8f, 0xff, 0xff, 0xf9, 0x8e, 0x66, 0x66, 0x63,
    0x8d, 0x0, 0x0, 0x0, 0x8d, 0x0, 0x0, 0x0,
    0x8d, 0x11, 0x11, 0x10, 0x8f, 0xff, 0xff, 0xf6,
    0x8e, 0x44, 0x44, 0x41, 0x8d, 0x0, 0x0, 0x0,
    0x8d, 0x0, 0x0, 0x0, 0x8d, 0x0, 0x0, 0x0,
    0x8e, 0x66, 0x66, 0x64, 0x8f, 0xff, 0xff, 0xfb,

    /* U+0046 "F" */
    0x8f, 0xff, 0xff, 0xf9, 0x8f, 0x66, 0x66, 0x63,
    0x8d, 0x0, 0x0, 0x0, 0x8d, 0x0, 0x0, 0x0,
    0x8d, 0x0, 0x0, 0x0, 0x8e, 0x11, 0x11, 0x10,
    0x8f, 0xff, 0xff, 0xf5, 0x8f, 0x44, 0x44, 0x41,
    0x8d, 0x0, 0x0, 0x0, 0x8d, 0x0, 0x0, 0x0,
    0x8d, 0x0, 0x0, 0x0, 0x8d, 0x0, 0x0, 0x0,

    /* U+0047 "G" */
    0x0, 0x6, 0xcf, 0xeb, 0x30, 0x0, 0xa, 0xfa,
    0x77, 0xcf, 0x40, 0x6, 0xf4, 0x0, 0x0, 0xae,
    0x0, 0xda, 0x0, 0x0, 0x2, 0xd3, 0x1f, 0x50,
    0x0, 0x0, 0x0, 0x3, 0xf3, 0x0, 0x1, 0x11,
    0x10, 0x3f, 0x30, 0x2, 0xff, 0xff, 0x62, 0xf5,
    0x0, 0x4, 0x44, 0xf6, 0xd, 0x90, 0x0, 0x0,
    0x2f, 0x60, 0x7f, 0x40, 0x0, 0xb, 0xf6, 0x0,
    0xbf, 0xa6, 0x7d, 0xcb, 0x60, 0x0, 0x7d, 0xfe,
    0x90, 0xa6,

    /* U+0048 "H" */
    0x8d, 0x0, 0x0, 0x7, 0xf8, 0xd0, 0x0, 0x0,
    0x7f, 0x8d, 0x0, 0x0, 0x7, 0xf8, 0xd0, 0x0,
    0x0, 0x7f, 0x8e, 0x11, 0x11, 0x18, 0xf8, 0xff,
    0xff, 0xff, 0xff, 0x8f, 0x44, 0x44, 0x4b, 0xf8,
    0xd0, 0x0, 0x0, 0x7f, 0x8d, 0x0, 0x0, 0x7,
    0xf8, 0xd0, 0x0, 0x0, 0x7f, 0x8d, 0x0, 0x0,
    0x7, 0xf8, 0xd0, 0x0, 0x0, 0x7f,

    /* U+0049 "I" */
    0x8d, 0x8d, 0x8d, 0x8d, 0x8d, 0x8d, 0x8d, 0x8d,
    0x8d, 0x8d, 0x8d, 0x8d,

    /* U+004A "J" */
    0x0, 0x0, 0x1, 0xf5, 0x0, 0x0, 0x1, 0xf5,
    0x0, 0x0, 0x1, 0xf5, 0x0, 0x0, 0x1, 0xf5,
    0x0, 0x0, 0x1, 0xf5, 0x0, 0x0, 0x1, 0xf5,
    0x0, 0x0, 0x1, 0xf5, 0x21, 0x0, 0x1, 0xf4,
    0xd9, 0x0, 0x2, 0xf3, 0xad, 0x0, 0x7, 0xf0,
    0x2f, 0xc7, 0x9f, 0x80, 0x3, 0xcf, 0xe7, 0x0,

    /* U+004B "K" */
    0x8d, 0x0, 0x0, 0x7f, 0x48, 0xd0, 0x0, 0x5f,
    0x60, 0x8d, 0x0, 0x3f, 0x80, 0x8, 0xd0, 0x2e,
    0xb0, 0x0, 0x8d, 0xd, 0xc0, 0x0, 0x8, 0xdb,
    0xf7, 0x0, 0x0, 0x8f, 0xfa, 0xf2, 0x0, 0x8,
    0xf4, 0xc, 0xd0, 0x0, 0x8d, 0x0, 0x2f, 0x80,
    0x8, 0xd0, 0x0, 0x7f, 0x40, 0x8d, 0x0, 0x0,
    0xbe, 0x18, 0xd0, 0x0, 0x1, 0xea,

    /* U+004C "L" */
    0x8d, 0x0, 0x0, 0x0, 0x8d, 0x0, 0x0, 0x0,
    0x8d, 0x0, 0x0, 0x0, 0x8d, 0x0, 0x0, 0x0,
    0x8d, 0x0, 0x0, 0x0, 0x8d, 0x0, 0x0, 0x0,
    0x8d, 0x0, 0x0, 0x0, 0x8d, 0x0, 0x0, 0x0,
    0x8d, 0x0, 0x0, 0x0, 0x8d, 0x0, 0x0, 0x0,
    0x8f, 0x66, 0x66, 0x63, 0x8f, 0xff, 0xff, 0xf8,

    /* U+004D "M" */
    0x8f, 0x90, 0x0, 0x0, 0x8, 0xf9, 0x8f, 0xe0,
    0x0, 0x0, 0xe, 0xf9, 0x8f, 0xf4, 0x0, 0x0,
    0x3f, 0xf9, 0x8d, 0xd9, 0x0, 0x0, 0x9e, 0xd9,
    0x8d, 0x8e, 0x0, 0x0, 0xe8, 0xd9, 0x8d, 0x2f,
    0x50, 0x4, 0xf3, 0xd9, 0x8d, 0xd, 0xa0, 0x9,
    0xd0, 0xd9, 0x8d, 0x7, 0xf0, 0xe, 0x80, 0xd9,
    0x8d, 0x2, 0xf5, 0x4f, 0x20, 0xd9, 0x8d, 0x0,
    0xcb, 0xac, 0x0, 0xd9, 0x8d, 0x0, 0x6f, 0xf7,
    0x0, 0xd9, 0x8d, 0x0, 0x1f, 0xf1, 0x0, 0xd9,

    /* U+004E "N" */
    0x8f, 0xa0, 0x0, 0x0, 0xf6, 0x8f, 0xf3, 0x0,
    0x0, 0xf6, 0x8d, 0xbc, 0x0, 0x0, 0xf6, 0x8d,
    0x2f, 0x40, 0x0, 0xf6, 0x8d, 0xa, 0xd0, 0x0,
    0xf6, 0x8d, 0x2, 0xf5, 0x0, 0xf6, 0x8d, 0x0,
    0x9d, 0x0, 0xf6, 0x8d, 0x0, 0x1f, 0x60, 0xf6,
    0x8d, 0x0, 0x7, 0xe0, 0xf6, 0x8d, 0x0, 0x0,
    0xe7, 0xf6, 0x8d, 0x0, 0x0, 0x6f, 0xf6, 0x8d,
    0x0, 0x0, 0xd, 0xf6,

    /* U+004F "O" */
    0x0, 0x6, 0xcf, 0xec, 0x50, 0x0, 0x0, 0xbf,
    0xb7, 0x7c, 0xf8, 0x0, 0x7, 0xf5, 0x0, 0x0,
    0x8f, 0x40, 0xd, 0xa0, 0x0, 0x0, 0xd, 0xb0,
    0x2f, 0x50, 0x0, 0x0, 0x8, 0xf0, 0x3f, 0x30,
    0x0, 0x0, 0x6, 0xf0, 0x3f, 0x30, 0x0, 0x0,
    0x6, 0xf1, 0x2f, 0x50, 0x0, 0x0, 0x8, 0xf0,
    0xe, 0xa0, 0x0, 0x0, 0xd, 0xb0, 0x7, 0xf5,
    0x0, 0x0, 0x7f, 0x40, 0x0, 0xbf, 0xa7, 0x7c,
    0xf9, 0x0, 0x0, 0x6, 0xcf, 0xec, 0x50, 0x0,

    /* U+0050 "P" */
    0x8f, 0xff, 0xfd, 0x91, 0x8, 0xe6, 0x66, 0x8e,
    0xd0, 0x8d, 0x0, 0x0, 0x2f, 0x68, 0xd0, 0x0,
    0x0, 0xe8, 0x8d, 0x0, 0x0, 0x1f, 0x78, 0xd1,
    0x11, 0x3c, 0xf1, 0x8f, 0xff, 0xff, 0xe4, 0x8,
    0xe4, 0x44, 0x30, 0x0, 0x8d, 0x0, 0x0, 0x0,
    0x8, 0xd0, 0x0, 0x0, 0x0, 0x8d, 0x0, 0x0,
    0x0, 0x8, 0xd0, 0x0, 0x0, 0x0,

    /* U+0051 "Q" */
    0x0, 0x6, 0xcf, 0xeb, 0x40, 0x0, 0x0, 0xaf,
    0xb7, 0x8d, 0xf6, 0x0, 0x6, 0xf5, 0x0, 0x0,
    0xaf, 0x20, 0xd, 0xb0, 0x0, 0x0, 0xe, 0x90,
    0x1f, 0x50, 0x0, 0x0, 0xa, 0xd0, 0x3f, 0x30,
    0x0, 0x0, 0x7, 0xf0, 0x3f, 0x30, 0x0, 0x0,
    0x7, 0xf0, 0x1f, 0x50, 0x0, 0x0, 0x9, 0xd0,
    0xd, 0xa0, 0x4, 0x90, 0xe, 0x90, 0x6, 0xf5,
    0x0, 0xca, 0x9f, 0x20, 0x0, 0xaf, 0xa7, 0x8f,
    0xf6, 0x0, 0x0, 0x6, 0xcf, 0xeb, 0xf2, 0x0,
    0x0, 0x0, 0x0, 0x0, 0x9d, 0x0,

    /* U+0052 "R" */
    0x8f, 0xff, 0xfe, 0xa2, 0x8, 0xe6, 0x66, 0x8e,
    0xe1, 0x8d, 0x0, 0x0, 0x2f, 0x78, 0xd0, 0x0,
    0x0, 0xd9, 0x8d, 0x0, 0x0, 0xe, 0x88, 0xd1,
    0x11, 0x2a, 0xe1, 0x8f, 0xff, 0xff, 0xf4, 0x8,
    0xe4, 0x44, 0x5a, 0xf2, 0x8d, 0x0, 0x0, 0xf,
    0x68, 0xd0, 0x0, 0x0, 0xd8, 0x8d, 0x0, 0x0,
    0xc, 0x98, 0xd0, 0x0, 0x0, 0xab,

    /* U+0053 "S" */
    0x0, 0x5c, 0xfe, 0xb3, 0x0, 0x5, 0xfc, 0x77,
    0xdf, 0x30, 0xc, 0xc0, 0x0, 0xd, 0xc0, 0xd,
    0xa0, 0x0, 0x5, 0xb0, 0x9, 0xf6, 0x0, 0x0,
    0x0, 0x0, 0x9f, 0xfb, 0x60, 0x0, 0x0, 0x1,
    0x5a, 0xfe, 0x40, 0x0, 0x0, 0x0, 0x1a, 0xf1,
    0xf, 0x60, 0x0, 0x2, 0xf5, 0xb, 0xd1, 0x0,
    0x4, 0xf3, 0x2, 0xfe, 0x86, 0x9e, 0xc0, 0x0,
    0x2a, 0xef, 0xd8, 0x0,

    /* U+0054 "T" */
    0xdf, 0xff, 0xff, 0xff, 0xa5, 0x66, 0x9f, 0x76,
    0x64, 0x0, 0x4, 0xf1, 0x0, 0x0, 0x0, 0x4f,
    0x10, 0x0, 0x0, 0x4, 0xf1, 0x0, 0x0, 0x0,
    0x4f, 0x10, 0x0, 0x0, 0x4, 0xf1, 0x0, 0x0,
    0x0, 0x4f, 0x10, 0x0, 0x0, 0x4, 0xf1, 0x0,
    0x0, 0x0, 0x4f, 0x10, 0x0, 0x0, 0x4, 0xf1,
    0x0, 0x0, 0x0, 0x4f, 0x10, 0x0,

    /* U+0055 "U" */
    0xc9, 0x0, 0x0, 0x9, 0xcc, 0x90, 0x0, 0x0,
    0x9c, 0xc9, 0x0, 0x0, 0x9, 0xcc, 0x90, 0x0,
    0x0, 0x9c, 0xc9, 0x0, 0x0, 0x9, 0xcc, 0x90,
    0x0, 0x0, 0x9c, 0xc9, 0x0, 0x0, 0x9, 0xcc,
    0x90, 0x0, 0x0, 0x9c, 0xab, 0x0, 0x0, 0xb,
    0xb6, 0xf2, 0x0, 0x2, 0xf6, 0xd, 0xf9, 0x68,
    0xfd, 0x0, 0x8, 0xef, 0xe9, 0x10,

    /* U+0056 "V" */
    0x8f, 0x0, 0x0, 0x0, 0x5f, 0x22, 0xf5, 0x0,
    0x0, 0xa, 0xd0, 0xd, 0xa0, 0x0, 0x0, 0xf7,
    0x0, 0x7f, 0x0, 0x0, 0x5f, 0x20, 0x2, 0xf5,
    0x0, 0xa, 0xc0, 0x0, 0xc, 0xa0, 0x0, 0xf7,
    0x0, 0x0, 0x7f, 0x0, 0x5f, 0x20, 0x0, 0x1,
    0xf5, 0xa, 0xc0, 0x0, 0x0, 0xc, 0xb0, 0xf6,
    0x0, 0x0, 0x0, 0x6f, 0x6f, 0x10, 0x0, 0x0,
    0x1, 0xff, 0xb0, 0x0, 0x0, 0x0, 0xb, 0xf6,
    0x0, 0x0,

    /* U+0057 "W" */
    0x4f, 0x30, 0x0, 0x5f, 0x70, 0x0, 0x2f, 0x60,
    0xf7, 0x0, 0x9, 0xfb, 0x0, 0x5, 0xf2, 0xc,
    0xb0, 0x0, 0xdf, 0xe0, 0x0, 0x9e, 0x0, 0x8e,
    0x0, 0xf, 0x9f, 0x20, 0xd, 0xa0, 0x4, 0xf2,
    0x4, 0xf2, 0xf6, 0x1, 0xf6, 0x0, 0xf, 0x60,
    0x8d, 0xc, 0x90, 0x4f, 0x20, 0x0, 0xca, 0xb,
    0xa0, 0x8d, 0x8, 0xe0, 0x0, 0x8, 0xd0, 0xf6,
    0x4, 0xf1, 0xca, 0x0, 0x0, 0x4f, 0x4f, 0x20,
    0xf, 0x5f, 0x60, 0x0, 0x0, 0xfc, 0xe0, 0x0,
    0xcc, 0xf2, 0x0, 0x0, 0xc, 0xfa, 0x0, 0x9,
    0xfe, 0x0, 0x0, 0x0, 0x8f, 0x60, 0x0, 0x5f,
    0xa0, 0x0,

    /* U+0058 "X" */
    0x6f, 0x30, 0x0, 0x8, 0xf1, 0xc, 0xc0, 0x0,
    0x2f, 0x70, 0x3, 0xf6, 0x0, 0xbd, 0x0, 0x0,
    0x9f, 0x15, 0xf3, 0x0, 0x0, 0xe, 0xbe, 0x90,
    0x0, 0x0, 0x5, 0xfe, 0x10, 0x0, 0x0, 0x5,
    0xff, 0x10, 0x0, 0x0, 0x1e, 0x9e, 0xa0, 0x0,
    0x0, 0x9e, 0x5, 0xf4, 0x0, 0x3, 0xf5, 0x0,
    0xbd, 0x0, 0xd, 0xc0, 0x0, 0x2f, 0x80, 0x7f,
    0x20, 0x0, 0x7, 0xf2,

    /* U+0059 "Y" */
    0xc, 0xc0, 0x0, 0x0, 0x9f, 0x10, 0x3f, 0x50,
    0x0, 0x2f, 0x70, 0x0, 0xad, 0x0, 0xa, 0xd0,
    0x0, 0x2, 0xf7, 0x3, 0xf5, 0x0, 0x0, 0x8,
    0xe1, 0xcc, 0x0, 0x0, 0x0, 0xe, 0xcf, 0x30,
    0x0, 0x0, 0x0, 0x6f, 0xa0, 0x0, 0x0, 0x0,
    0x1, 0xf4, 0x0, 0x0, 0x0, 0x0, 0x1f, 0x40,
    0x0, 0x0, 0x0, 0x1, 0xf4, 0x0, 0x0, 0x0,
    0x0, 0x1f, 0x40, 0x0, 0x0, 0x0, 0x1, 0xf4,
    0x0, 0x0,

    /* U+005A "Z" */
    0x5f, 0xff, 0xff, 0xff, 0x12, 0x66, 0x66, 0x6c,
    0xf0, 0x0, 0x0, 0x3, 0xf6, 0x0, 0x0, 0x0,
    0xdb, 0x0, 0x0, 0x0, 0x8f, 0x20, 0x0, 0x0,
    0x3f, 0x60, 0x0, 0x0, 0xd, 0xb0, 0x0, 0x0,
    0x8, 0xf2, 0x0, 0x0, 0x3, 0xf6, 0x0, 0x0,
    0x0, 0xdb, 0x0, 0x0, 0x0, 0x7f, 0x86, 0x66,
    0x66, 0x18, 0xff, 0xff, 0xff, 0xf4,

    /* U+005B "[" */
    0x8f, 0xff, 0x48, 0xc2, 0x20, 0x8c, 0x0, 0x8,
    0xc0, 0x0, 0x8c, 0x0, 0x8, 0xc0, 0x0, 0x8c,
    0x0, 0x8, 0xc0, 0x0, 0x8c, 0x0, 0x8, 0xc0,
    0x0, 0x8c, 0x0, 0x8, 0xc0, 0x0, 0x8c, 0x0,
    0x8, 0xff, 0xf4, 0x12, 0x22, 0x0,

    /* U+005C "\\" */
    0x27, 0x0, 0x0, 0x0, 0xf3, 0x0, 0x0, 0xb,
    0x90, 0x0, 0x0, 0x6e, 0x0, 0x0, 0x1, 0xf3,
    0x0, 0x0, 0xb, 0x80, 0x0, 0x0, 0x6d, 0x0,
    0x0, 0x1, 0xf3, 0x0, 0x0, 0xc, 0x80, 0x0,
    0x0, 0x6d, 0x0, 0x0, 0x1, 0xf2, 0x0, 0x0,
    0xc, 0x80, 0x0, 0x0, 0x7d, 0x0, 0x0, 0x2,
    0xf2, 0x0, 0x0, 0xc, 0x70,

    /* U+005D "]" */
    0xcf, 0xff, 0x12, 0x25, 0xf1, 0x0, 0x3f, 0x10,
    0x3, 0xf1, 0x0, 0x3f, 0x10, 0x3, 0xf1, 0x0,
    0x3f, 0x10, 0x3, 0xf1, 0x0, 0x3f, 0x10, 0x3,
    0xf1, 0x0, 0x3f, 0x10, 0x3, 0xf1, 0x0, 0x3f,
    0x1c, 0xff, 0xf1, 0x22, 0x22, 0x0,

    /* U+005E "^" */
    0x0, 0xaf, 0x70, 0x0, 0xf, 0xcd, 0x0, 0x6,
    0xe2, 0xf3, 0x0, 0xc8, 0xb, 0x90, 0x2f, 0x20,
    0x5f, 0x0,

    /* U+005F "_" */
    0x1, 0x11, 0x11, 0x11, 0x4, 0xff, 0xff, 0xff,
    0xf3, 0x13, 0x33, 0x33, 0x33, 0x0,

    /* U+0060 "`" */
    0x2, 0x0, 0xd, 0x80, 0x3, 0xe1,

    /* U+0061 "a" */
    0x0, 0x8d, 0xfc, 0x40, 0x0, 0x9f, 0x75, 0xaf,
    0x30, 0xc, 0x60, 0x0, 0xc9, 0x0, 0x0, 0x2,
    0x5d, 0xb0, 0x2, 0xbf, 0xfc, 0xdb, 0x1, 0xe9,
    0x20, 0xa, 0xb0, 0x4f, 0x20, 0x1, 0xeb, 0x1,
    0xfc, 0x78, 0xee, 0xe3, 0x5, 0xdf, 0xd5, 0x3e,
    0x70,

    /* U+0062 "b" */
    0xba, 0x0, 0x0, 0x0, 0xba, 0x0, 0x0, 0x0,
    0xba, 0x0, 0x0, 0x0, 0xba, 0x7e, 0xfb, 0x20,
    0xbe, 0xe6, 0x6d, 0xe1, 0xbf, 0x20, 0x1, 0xf7,
    0xbb, 0x0, 0x0, 0xbb, 0xba, 0x0, 0x0, 0xac,
    0xbb, 0x0, 0x0, 0xbb, 0xbf, 0x20, 0x1, 0xf7,
    0xbe, 0xd6, 0x6d, 0xe1, 0xb8, 0x8e, 0xfb, 0x20,

    /* U+0063 "c" */
    0x0, 0x5d, 0xfe, 0x80, 0x0, 0x6f, 0xa6, 0x8f,
    0x90, 0xe, 0x90, 0x0, 0x7f, 0x3, 0xf3, 0x0,
    0x0, 0x10, 0x4f, 0x20, 0x0, 0x0, 0x3, 0xf3,
    0x0, 0x0, 0x30, 0xe, 0x90, 0x0, 0x7f, 0x0,
    0x6f, 0xa5, 0x8f, 0x80, 0x0, 0x6d, 0xfd, 0x70,
    0x0,

    /* U+0064 "d" */
    0x0, 0x0, 0x0, 0x1f, 0x30, 0x0, 0x0, 0x1,
    0xf3, 0x0, 0x0, 0x0, 0x1f, 0x30, 0x7, 0xef,
    0xb4, 0xf3, 0x8, 0xfa, 0x68, 0xef, 0x30, 0xf9,
    0x0, 0x8, 0xf3, 0x3f, 0x30, 0x0, 0x3f, 0x34,
    0xf2, 0x0, 0x2, 0xf3, 0x3f, 0x30, 0x0, 0x3f,
    0x30, 0xf9, 0x0, 0x8, 0xf3, 0x8, 0xfa, 0x58,
    0xef, 0x30, 0x7, 0xef, 0xc2, 0xf3,

    /* U+0065 "e" */
    0x0, 0x6d, 0xfd, 0x50, 0x0, 0x6f, 0x96, 0x9f,
    0x50, 0xe, 0x90, 0x0, 0x9e, 0x3, 0xf3, 0x0,
    0x4, 0xf2, 0x4f, 0xff, 0xff, 0xff, 0x33, 0xf5,
    0x33, 0x33, 0x30, 0xe, 0x70, 0x0, 0x48, 0x0,
    0x6f, 0x95, 0x7f, 0x90, 0x0, 0x6d, 0xfd, 0x70,
    0x0,

    /* U+0066 "f" */
    0x0, 0x3d, 0xfb, 0x0, 0xcc, 0x42, 0x0, 0xe7,
    0x0, 0xf, 0xff, 0xf9, 0x3, 0xfa, 0x32, 0x0,
    0xe7, 0x0, 0x0, 0xe7, 0x0, 0x0, 0xe7, 0x0,
    0x0, 0xe7, 0x0, 0x0, 0xe7, 0x0, 0x0, 0xe7,
    0x0, 0x0, 0xe7, 0x0,

    /* U+0067 "g" */
    0x0, 0x7d, 0xfc, 0x3f, 0x30, 0x8f, 0x95, 0x9e,
    0xf3, 0xf, 0x80, 0x0, 0x8f, 0x33, 0xf3, 0x0,
    0x2, 0xf3, 0x4f, 0x20, 0x0, 0x2f, 0x31, 0xf6,
    0x0, 0x6, 0xf3, 0xa, 0xe5, 0x15, 0xef, 0x30,
    0xa, 0xff, 0xf7, 0xf3, 0x5, 0x21, 0x30, 0x4f,
    0x20, 0xae, 0x75, 0x7e, 0xb0, 0x0, 0x7e, 0xfe,
    0x91, 0x0,

    /* U+0068 "h" */
    0xba, 0x0, 0x0, 0x0, 0xba, 0x0, 0x0, 0x0,
    0xba, 0x0, 0x0, 0x0, 0xba, 0x7d, 0xfa, 0x0,
    0xbe, 0xb4, 0x6e, 0x90, 0xbe, 0x0, 0x8, 0xe0,
    0xba, 0x0, 0x5, 0xf0, 0xba, 0x0, 0x5, 0xf0,
    0xba, 0x0, 0x5, 0xf0, 0xba, 0x0, 0x5, 0xf0,
    0xba, 0x0, 0x5, 0xf0, 0xba, 0x0, 0x5, 0xf0,

    /* U+0069 "i" */
    0xca, 0x76, 0x0, 0xba, 0xba, 0xba, 0xba, 0xba,
    0xba, 0xba, 0xba, 0xba,

    /* U+006A "j" */
    0x0, 0x8e, 0x0, 0x59, 0x0, 0x0, 0x0, 0x7e,
    0x0, 0x7e, 0x0, 0x7e, 0x0, 0x7e, 0x0, 0x7e,
    0x0, 0x7e, 0x0, 0x7e, 0x0, 0x7e, 0x0, 0x7d,
    0x3, 0xbc, 0x1f, 0xe5,

    /* U+006B "k" */
    0xba, 0x0, 0x0, 0x0, 0xba, 0x0, 0x0, 0x0,
    0xba, 0x0, 0x0, 0x0, 0xba, 0x0, 0xa, 0xf2,
    0xba, 0x0, 0x8f, 0x40, 0xba, 0x6, 0xf5, 0x0,
    0xba, 0x4f, 0x80, 0x0, 0xbc, 0xef, 0xa0, 0x0,
    0xbf, 0xa4, 0xf5, 0x0, 0xbc, 0x0, 0x9e, 0x10,
    0xba, 0x0, 0xe, 0xa0, 0xba, 0x0, 0x4, 0xf5,

    /* U+006C "l" */
    0xba, 0xb, 0xa0, 0xba, 0xb, 0xa0, 0xba, 0xb,
    0xa0, 0xba, 0xb, 0xa0, 0xba, 0xb, 0xa0, 0xac,
    0x34, 0xee,

    /* U+006D "m" */
    0xb8, 0x8f, 0xe8, 0x8, 0xfe, 0x80, 0xbe, 0x71,
    0x5f, 0xb7, 0x15, 0xf5, 0xbd, 0x0, 0xc, 0xe0,
    0x0, 0xba, 0xba, 0x0, 0xa, 0xb0, 0x0, 0x9b,
    0xba, 0x0, 0xa, 0xb0, 0x0, 0x9c, 0xba, 0x0,
    0xa, 0xb0, 0x0, 0x9c, 0xba, 0x0, 0xa, 0xb0,
    0x0, 0x9c, 0xba, 0x0, 0xa, 0xb0, 0x0, 0x9c,
    0xba, 0x0, 0xa, 0xb0, 0x0, 0x9c,

    /* U+006E "n" */
    0xb8, 0x7d, 0xfa, 0x0, 0xbe, 0x81, 0x2d, 0x90,
    0xbd, 0x0, 0x7, 0xe0, 0xba, 0x0, 0x5, 0xf0,
    0xba, 0x0, 0x5, 0xf0, 0xba, 0x0, 0x5, 0xf0,
    0xba, 0x0, 0x5, 0xf0, 0xba, 0x0, 0x5, 0xf0,
    0xba, 0x0, 0x5, 0xf0,

    /* U+006F "o" */
    0x0, 0x6d, 0xfd, 0x70, 0x0, 0x6f, 0xa6, 0x8f,
    0x90, 0xe, 0x90, 0x0, 0x7f, 0x13, 0xf3, 0x0,
    0x1, 0xf5, 0x4f, 0x20, 0x0, 0xf, 0x73, 0xf3,
    0x0, 0x1, 0xf5, 0xe, 0x90, 0x0, 0x7f, 0x10,
    0x6f, 0xa6, 0x8f, 0x90, 0x0, 0x6d, 0xfd, 0x70,
    0x0,

    /* U+0070 "p" */
    0xb8, 0x8e, 0xfb, 0x20, 0xbf, 0xb3, 0x3b, 0xe1,
    0xbf, 0x0, 0x0, 0xf7, 0xbb, 0x0, 0x0, 0xbb,
    0xba, 0x0, 0x0, 0xac, 0xbb, 0x0, 0x0, 0xbb,
    0xbf, 0x10, 0x1, 0xf7, 0xbf, 0xd6, 0x6d, 0xe1,
    0xba, 0x7e, 0xfb, 0x20, 0xba, 0x0, 0x0, 0x0,
    0xba, 0x0, 0x0, 0x0,

    /* U+0071 "q" */
    0x0, 0x7d, 0xfc, 0x3f, 0x30, 0x7f, 0x95, 0x9e,
    0xf3, 0xe, 0x90, 0x0, 0x9f, 0x33, 0xf3, 0x0,
    0x3, 0xf3, 0x4f, 0x20, 0x0, 0x2f, 0x33, 0xf3,
    0x0, 0x3, 0xf3, 0xe, 0x90, 0x0, 0x8f, 0x30,
    0x7f, 0x95, 0x9f, 0xf3, 0x0, 0x7d, 0xfb, 0x4f,
    0x30, 0x0, 0x0, 0x1, 0xf3, 0x0, 0x0, 0x0,
    0x1f, 0x30,

    /* U+0072 "r" */
    0xb8, 0xbf, 0x5b, 0xea, 0x51, 0xbd, 0x0, 0xb,
    0xa0, 0x0, 0xba, 0x0, 0xb, 0xa0, 0x0, 0xba,
    0x0, 0xb, 0xa0, 0x0, 0xba, 0x0, 0x0,

    /* U+0073 "s" */
    0x1, 0x9e, 0xfc, 0x40, 0xa, 0xe7, 0x5b, 0xf2,
    0xe, 0x80, 0x0, 0xc6, 0xc, 0xd3, 0x0, 0x0,
    0x2, 0xbf, 0xfb, 0x50, 0x0, 0x0, 0x49, 0xf5,
    0x3f, 0x40, 0x0, 0xe8, 0xc, 0xe7, 0x59, 0xf4,
    0x1, 0xae, 0xfd, 0x60,

    /* U+0074 "t" */
    0x0, 0xe7, 0x0, 0x0, 0xe7, 0x0, 0x2f, 0xff,
    0xfb, 0x3, 0xfb, 0x32, 0x0, 0xe7, 0x0, 0x0,
    0xe7, 0x0, 0x0, 0xe7, 0x0, 0x0, 0xe7, 0x0,
    0x0, 0xd7, 0x0, 0x0, 0xcc, 0x42, 0x0, 0x3d,
    0xfb,

    /* U+0075 "u" */
    0xba, 0x0, 0x6, 0xeb, 0xa0, 0x0, 0x6e, 0xba,
    0x0, 0x6, 0xeb, 0xa0, 0x0, 0x6e, 0xba, 0x0,
    0x6, 0xeb, 0xa0, 0x0, 0x7e, 0x9c, 0x0, 0xb,
    0xe4, 0xf8, 0x49, 0xee, 0x7, 0xee, 0x96, 0xe0,

    /* U+0076 "v" */
    0x7f, 0x0, 0x0, 0x6f, 0x12, 0xf5, 0x0, 0xb,
    0xb0, 0xc, 0xa0, 0x1, 0xf5, 0x0, 0x7f, 0x0,
    0x6f, 0x0, 0x1, 0xf4, 0xb, 0xa0, 0x0, 0xc,
    0x91, 0xf5, 0x0, 0x0, 0x6e, 0x6f, 0x0, 0x0,
    0x1, 0xfe, 0xa0, 0x0, 0x0, 0xb, 0xf4, 0x0,
    0x0,

    /* U+0077 "w" */
    0x7f, 0x0, 0x4, 0xf6, 0x0, 0xd, 0x93, 0xf3,
    0x0, 0x9f, 0xa0, 0x1, 0xf4, 0xe, 0x70, 0xd,
    0xce, 0x0, 0x6f, 0x0, 0xac, 0x1, 0xf4, 0xf3,
    0xa, 0xb0, 0x5, 0xf0, 0x6e, 0xc, 0x70, 0xe6,
    0x0, 0x1f, 0x4a, 0x90, 0x8b, 0x3f, 0x20, 0x0,
    0xc8, 0xe5, 0x4, 0xf7, 0xd0, 0x0, 0x7, 0xef,
    0x10, 0xf, 0xe8, 0x0, 0x0, 0x2f, 0xc0, 0x0,
    0xbf, 0x40, 0x0,

    /* U+0078 "x" */
    0xb, 0xc0, 0x0, 0x7f, 0x20, 0x2f, 0x70, 0x2f,
    0x70, 0x0, 0x6f, 0x2b, 0xc0, 0x0, 0x0, 0xbe,
    0xf2, 0x0, 0x0, 0x4, 0xfb, 0x0, 0x0, 0x0,
    0xdb, 0xf4, 0x0, 0x0, 0x9e, 0x19, 0xe0, 0x0,
    0x3f, 0x50, 0xd, 0x90, 0xd, 0xa0, 0x0, 0x4f,
    0x40,

    /* U+0079 "y" */
    0x7f, 0x0, 0x0, 0x6f, 0x12, 0xf5, 0x0, 0xb,
    0xb0, 0xc, 0xa0, 0x0, 0xf5, 0x0, 0x7f, 0x0,
    0x5f, 0x0, 0x1, 0xf5, 0xa, 0xa0, 0x0, 0xc,
    0xa0, 0xf4, 0x0, 0x0, 0x6f, 0x4e, 0x0, 0x0,
    0x1, 0xfd, 0x90, 0x0, 0x0, 0xb, 0xf3, 0x0,
    0x0, 0x13, 0x8d, 0x0, 0x0, 0x5, 0xfe, 0x40,
    0x0, 0x0,

    /* U+007A "z" */
    0xf, 0xff, 0xff, 0xfa, 0x3, 0x33, 0x35, 0xf7,
    0x0, 0x0, 0x1d, 0xb0, 0x0, 0x0, 0xbd, 0x0,
    0x0, 0x9, 0xe1, 0x0, 0x0, 0x6f, 0x30, 0x0,
    0x4, 0xf5, 0x0, 0x0, 0x1f, 0xb3, 0x33, 0x32,
    0x3f, 0xff, 0xff, 0xfc,

    /* U+007B "{" */
    0x0, 0x0, 0x0, 0x0, 0x9, 0xff, 0x0, 0x6f,
    0x74, 0x0, 0x9a, 0x0, 0x0, 0xaa, 0x0, 0x0,
    0xb9, 0x0, 0x5, 0xf4, 0x0, 0x4f, 0x60, 0x0,
    0x18, 0xe1, 0x0, 0x0, 0xd7, 0x0, 0x0, 0xa9,
    0x0, 0x0, 0xaa, 0x0, 0x0, 0x9a, 0x0, 0x0,
    0x5f, 0x41, 0x0, 0xa, 0xff, 0x0, 0x0, 0x23,

    /* U+007C "|" */
    0x46, 0x8c, 0x8c, 0x8c, 0x8c, 0x8c, 0x8c, 0x8c,
    0x8c, 0x8c, 0x8c, 0x8c, 0x8c, 0x8c, 0x8c,

    /* U+007D "}" */
    0x0, 0x0, 0x0, 0xcf, 0xb1, 0x0, 0x36, 0xe9,
    0x0, 0x0, 0x7d, 0x0, 0x0, 0x6d, 0x0, 0x0,
    0x5f, 0x0, 0x0, 0x1f, 0x81, 0x0, 0x3, 0xe8,
    0x0, 0xc, 0xb2, 0x0, 0x4f, 0x0, 0x0, 0x6e,
    0x0, 0x0, 0x6d, 0x0, 0x0, 0x7c, 0x0, 0x3,
    0xd9, 0x0, 0xcf, 0xd1, 0x0, 0x22, 0x0, 0x0,

    /* U+007E "~" */
    0x0, 0x0, 0x0, 0x0, 0x6, 0xfd, 0x10, 0x9a,
    0x1f, 0x6a, 0xc2, 0xd7, 0x4f, 0x0, 0xbf, 0xd1,
    0x13, 0x0, 0x2, 0x0,

    /* U+00A0 " " */

    /* U+00A1 "¡" */
    0x3f, 0x92, 0xe8, 0x4, 0x10, 0xb4, 0xc, 0x50,
    0xd6, 0xe, 0x60, 0xe7, 0xe, 0x70, 0xe7, 0xe,
    0x70,

    /* U+00A2 "¢" */
    0x0, 0x0, 0xa7, 0x0, 0x0, 0x6, 0xef, 0xf8,
    0x0, 0x6, 0xf9, 0xfc, 0xf9, 0x0, 0xe9, 0xe,
    0x36, 0xf0, 0x3f, 0x30, 0xf2, 0x1, 0x4, 0xf2,
    0x1f, 0x0, 0x0, 0x3f, 0x32, 0xf0, 0x0, 0x0,
    0xf8, 0x3e, 0x6, 0xf1, 0x8, 0xfb, 0xe4, 0xea,
    0x0, 0x9, 0xff, 0xfb, 0x0, 0x0, 0x9, 0xd1,
    0x0, 0x0, 0x0, 0x98, 0x0, 0x0,

    /* U+00A3 "£" */
    0x0, 0x6, 0xdf, 0xd6, 0x0, 0x0, 0x6f, 0xa7,
    0xcf, 0x60, 0x0, 0xdb, 0x0, 0xd, 0xd0, 0x0,
    0xf7, 0x0, 0x1, 0x20, 0x0, 0xe7, 0x0, 0x0,
    0x0, 0x0, 0xbb, 0x0, 0x0, 0x0, 0x2f, 0xff,
    0xff, 0xa0, 0x0, 0x3, 0x6f, 0x33, 0x20, 0x0,
    0x0, 0x5d, 0x0, 0x0, 0x0, 0x0, 0xc7, 0x0,
    0x0, 0x0, 0xc, 0xd7, 0x77, 0x77, 0x50, 0x1f,
    0xff, 0xff, 0xff, 0xd0,

    /* U+00A4 "¤" */
    0xa, 0x20, 0x0, 0x2, 0xa0, 0xb, 0xeb, 0xee,
    0xbe, 0xb0, 0x0, 0xff, 0x44, 0xff, 0x0, 0x3,
    0xf1, 0x0, 0x1f, 0x20, 0x5, 0xc0, 0x0, 0xc,
    0x50, 0x4, 0xe0, 0x0, 0xe, 0x30, 0x0, 0xff,
    0x11, 0xff, 0x0, 0xa, 0xff, 0xff, 0xff, 0x90,
    0x1d, 0x30, 0x11, 0x3, 0xc1, 0x0, 0x0, 0x0,
    0x0, 0x0,

    /* U+00A5 "¥" */
    0xc, 0xc0, 0x0, 0x0, 0x9f, 0x10, 0x4f, 0x50,
    0x0, 0x2f, 0x70, 0x0, 0xbd, 0x0, 0xa, 0xe0,
    0x0, 0x2, 0xf6, 0x2, 0xf5, 0x0, 0x0, 0x9,
    0xe0, 0xbc, 0x0, 0x0, 0x0, 0x2f, 0xbf, 0x50,
    0x0, 0x0, 0x9f, 0xff, 0xff, 0xfa, 0x0, 0x2,
    0x46, 0xf9, 0x44, 0x30, 0x0, 0x9f, 0xff, 0xff,
    0xfa, 0x0, 0x2, 0x35, 0xf8, 0x33, 0x20, 0x0,
    0x0, 0x1f, 0x40, 0x0, 0x0, 0x0, 0x1, 0xf4,
    0x0, 0x0,

    /* U+00A6 "¦" */
    0x8c, 0x8c, 0x8c, 0x8c, 0x8c, 0x7a, 0x0, 0x0,
    0x7a, 0x8c, 0x8c, 0x8c, 0x8c, 0x8c,

    /* U+00A7 "§" */
    0x0, 0x8e, 0xfd, 0x60, 0x8, 0xf8, 0x59, 0xf6,
    0xc, 0xa0, 0x0, 0x9b, 0x8, 0xf7, 0x10, 0x0,
    0x0, 0xcf, 0xfc, 0x60, 0x8, 0xe4, 0x37, 0xe8,
    0xc, 0x80, 0x0, 0x6d, 0xa, 0xd3, 0x0, 0xbb,
    0x0, 0x8e, 0xff, 0xe1, 0x0, 0x0, 0x39, 0xf7,
    0xc, 0x40, 0x0, 0x9d, 0xb, 0xe4, 0x13, 0xdb,
    0x1, 0xbf, 0xff, 0xc1, 0x0, 0x1, 0x32, 0x0,

    /* U+00A8 "¨" */
    0x3a, 0x15, 0x94, 0xf1, 0x8e,

    /* U+00A9 "©" */
    0x0, 0x0, 0x0, 0x0, 0x0, 0x0, 0x0, 0x0,
    0x29, 0xef, 0xfb, 0x40, 0x0, 0x0, 0x4f, 0xd6,
    0x45, 0xbf, 0x70, 0x0, 0x2f, 0x90, 0x0, 0x0,
    0x5f, 0x60, 0xb, 0xc0, 0x3c, 0xfe, 0x60, 0x8e,
    0x1, 0xf4, 0x2f, 0x93, 0x6f, 0x51, 0xf4, 0x3f,
    0x17, 0xd0, 0x0, 0x33, 0xd, 0x73, 0xf1, 0x8c,
    0x0, 0x2, 0x20, 0xd7, 0x1f, 0x43, 0xf6, 0x3,
    0xe7, 0xf, 0x50, 0xca, 0x6, 0xff, 0xf9, 0x6,
    0xf1, 0x4, 0xf6, 0x0, 0x21, 0x3, 0xf8, 0x0,
    0x7, 0xfa, 0x31, 0x38, 0xfb, 0x0, 0x0, 0x4,
    0xdf, 0xff, 0xe7, 0x0, 0x0, 0x0, 0x0, 0x13,
    0x20, 0x0, 0x0,

    /* U+00AA "ª" */
    0x7, 0xef, 0xb0, 0x1a, 0x42, 0xf6, 0x6, 0xbc,
    0xf7, 0x4f, 0x22, 0xf7, 0x2e, 0xfd, 0xae, 0x0,
    0x10, 0x1,

    /* U+00AB "«" */
    0x0, 0x3a, 0x31, 0x95, 0x1, 0xea, 0xc, 0xd0,
    0xc, 0xc0, 0x9e, 0x20, 0x4f, 0x10, 0xf4, 0x0,
    0x2f, 0x80, 0xdb, 0x0, 0x4, 0xf5, 0x2e, 0x90,
    0x0, 0x7f, 0x34, 0xf6,

    /* U+00AC "¬" */
    0x0, 0x0, 0x0, 0x0, 0x5f, 0xff, 0xff, 0xf5,
    0x13, 0x33, 0x33, 0xd5, 0x0, 0x0, 0x0, 0xd5,
    0x0, 0x0, 0x0, 0xd5, 0x0, 0x0, 0x0, 0x21,

    /* U+00AD "­" */
    0x38, 0x88, 0x67, 0xff, 0xfd,

    /* U+00AE "®" */
    0x0, 0x2a, 0xef, 0xb3, 0x0, 0x2, 0xe6, 0x0,
    0x4d, 0x40, 0xc, 0x49, 0xcc, 0x52, 0xd0, 0x2c,
    0xa, 0x31, 0xd0, 0xa4, 0x4a, 0xa, 0xce, 0x50,
    0x86, 0x2c, 0xa, 0x3a, 0x40, 0xa4, 0xc, 0x49,
    0x32, 0xb2, 0xd0, 0x2, 0xd6, 0x0, 0x4d, 0x40,
    0x0, 0x1a, 0xee, 0xb2, 0x0,

    /* U+00AF "¯" */
    0x0, 0x0, 0x4, 0xff, 0xff, 0x3, 0x33, 0x20,

    /* U+00B0 "°" */
    0x3, 0xdf, 0x90, 0x1f, 0x74, 0xd7, 0x4e, 0x0,
    0x7b, 0x2f, 0x41, 0xc9, 0x6, 0xff, 0xc1, 0x0,
    0x12, 0x0,

    /* U+00B1 "±" */
    0x0, 0x2, 0x70, 0x0, 0x0, 0x5, 0xe0, 0x0,
    0x0, 0x5, 0xe0, 0x0, 0x0, 0x5, 0xf0, 0x0,
    0x5f, 0xff, 0xff, 0xff, 0x13, 0x38, 0xf3, 0x33,
    0x0, 0x5, 0xe0, 0x0, 0x0, 0x5, 0xe0, 0x0,
    0x13, 0x35, 0x73, 0x33, 0x5f, 0xff, 0xff, 0xff,

    /* U+00B2 "²" */
    0x8, 0xee, 0x53, 0xd0, 0x4d, 0x0, 0x8, 0xa0,
    0x3c, 0x80, 0x1e, 0x20, 0x5, 0xfe, 0xed,

    /* U+00B3 "³" */
    0x2c, 0xfd, 0x23, 0x40, 0xa7, 0x0, 0xdd, 0x10,
    0x0, 0x6b, 0x77, 0x6, 0xb2, 0xde, 0xc2,

    /* U+00B4 "´" */
    0x0, 0x20, 0x8, 0xd0, 0x1e, 0x30,

    /* U+00B5 "µ" */
    0x22, 0x0, 0x1, 0x3b, 0xa0, 0x0, 0x6e, 0xba,
    0x0, 0x6, 0xeb, 0xa0, 0x0, 0x6e, 0xba, 0x0,
    0x6, 0xed, 0xa0, 0x0, 0x6e, 0xfc, 0x0, 0xa,
    0xef, 0xf6, 0x27, 0xee, 0xbf, 0xef, 0xa6, 0xeb,
    0xa0, 0x0, 0x0, 0xba, 0x0, 0x0, 0x0,

    /* U+00B6 "¶" */
    0x0, 0x8e, 0xff, 0xff, 0x10, 0xbf, 0xff, 0xc6,
    0xf1, 0x2f, 0xff, 0xfb, 0x3f, 0x14, 0xff, 0xff,
    0xb3, 0xf1, 0x1f, 0xff, 0xfb, 0x3f, 0x10, 0x9f,
    0xff, 0xb3, 0xf1, 0x0, 0x6b, 0xeb, 0x3f, 0x10,
    0x0, 0x9, 0xb3, 0xf1, 0x0, 0x0, 0x9b, 0x3f,
    0x10, 0x0, 0x9, 0xb3, 0xf1, 0x0, 0x0, 0x9b,
    0x3f, 0x10, 0x0, 0x9, 0xb3, 0xf1,

    /* U+00B7 "·" */
    0x4e, 0x74, 0xf8,

    /* U+00B8 "¸" */
    0x0, 0xd2, 0x0, 0x8, 0xe2, 0x17, 0xb, 0x40,
    0xae, 0xa0,

    /* U+00B9 "¹" */
    0x1, 0xd8, 0xee, 0x2, 0xe0, 0x2e, 0x2, 0xe0,
    0x2e,

    /* U+00BA "º" */
    0x5, 0xdf, 0xc2, 0x2, 0xf6, 0x1a, 0xc0, 0x5f,
    0x0, 0x5f, 0x2, 0xf4, 0x9, 0xd0, 0x7, 0xff,
    0xd3, 0x0, 0x0, 0x10, 0x0,

    /* U+00BB "»" */
    0x1a, 0x50, 0x87, 0x0, 0x6, 0xf3, 0x3f, 0x70,
    0x0, 0x9e, 0x25, 0xf4, 0x0, 0xd, 0x80, 0x9b,
    0x0, 0x5f, 0x52, 0xe8, 0x2, 0xf8, 0xd, 0xb0,
    0x1e, 0xa0, 0xbd, 0x10,

    /* U+00BC "¼" */
    0x0, 0xd0, 0x0, 0x0, 0x3f, 0x20, 0x4, 0xe0,
    0x0, 0x0, 0xc7, 0x0, 0x9e, 0xe0, 0x0, 0x7,
    0xc0, 0x0, 0x2, 0xe0, 0x0, 0x2f, 0x20, 0x0,
    0x2, 0xe0, 0x0, 0xc7, 0x0, 0x0, 0x2, 0xe0,
    0x7, 0xd0, 0x4, 0x30, 0x1, 0x60, 0x2f, 0x30,
    0x1f, 0x80, 0x0, 0x0, 0xb8, 0x0, 0xbc, 0x80,
    0x0, 0x6, 0xd0, 0x5, 0xa8, 0x80, 0x0, 0x1e,
    0x30, 0x1d, 0x18, 0x80, 0x0, 0xb9, 0x0, 0x6f,
    0xff, 0xf5, 0x5, 0xd0, 0x0, 0x0, 0x8, 0x80,

    /* U+00BD "½" */
    0x0, 0x30, 0x0, 0x0, 0x3, 0x10, 0x0, 0xd,
    0x0, 0x0, 0x5, 0xe0, 0x0, 0x5, 0xe0, 0x0,
    0x1, 0xe4, 0x0, 0x9, 0xee, 0x0, 0x0, 0x9a,
    0x0, 0x0, 0x2, 0xe0, 0x0, 0x4e, 0x10, 0x0,
    0x0, 0x2e, 0x0, 0xd, 0x60, 0x0, 0x0, 0x2,
    0xe0, 0x8, 0xb0, 0x4e, 0xe7, 0x0, 0x2, 0x3,
    0xf2, 0xe, 0x65, 0xf1, 0x0, 0x0, 0xc7, 0x0,
    0x30, 0xf, 0x10, 0x0, 0x7c, 0x0, 0x0, 0x2c,
    0x80, 0x0, 0x2f, 0x30, 0x0, 0x5e, 0x50, 0x0,
    0xb, 0x80, 0x0, 0xe, 0x30, 0x0, 0x5, 0xd0,
    0x0, 0x1, 0xff, 0xff, 0x10,

    /* U+00BE "¾" */
    0xb, 0xfb, 0x10, 0x0, 0x5, 0xd0, 0x6, 0xa0,
    0xb7, 0x0, 0x1, 0xe4, 0x0, 0x0, 0xa, 0x60,
    0x0, 0xa9, 0x0, 0x0, 0xe, 0xd1, 0x0, 0x5e,
    0x0, 0x0, 0x0, 0x6, 0xb0, 0x1e, 0x40, 0x0,
    0x7, 0x70, 0x6b, 0xa, 0xa0, 0x0, 0x0, 0x2c,
    0xec, 0x24, 0xe1, 0x1, 0xe5, 0x0, 0x0, 0x0,
    0xe5, 0x0, 0xbe, 0x50, 0x0, 0x0, 0x9a, 0x0,
    0x68, 0xb5, 0x0, 0x0, 0x4e, 0x10, 0x2c, 0xb,
    0x50, 0x0, 0xd, 0x50, 0x9, 0xff, 0xff, 0x20,
    0x9, 0xb0, 0x0, 0x0, 0xb, 0x50,

    /* U+00BF "¿" */
    0x0, 0x5, 0xf7, 0x0, 0x0, 0x0, 0x5e, 0x60,
    0x0, 0x0, 0x0, 0x0, 0x0, 0x0, 0x0, 0x2a,
    0x10, 0x0, 0x0, 0x6, 0xf1, 0x0, 0x0, 0x4,
    0xea, 0x0, 0x0, 0x5, 0xf8, 0x0, 0x0, 0x1,
    0xf7, 0x0, 0x0, 0x0, 0x4f, 0x20, 0x0, 0x3c,
    0x12, 0xf5, 0x0, 0xa, 0xe0, 0xb, 0xf8, 0x6b,
    0xf5, 0x0, 0x9, 0xef, 0xc5, 0x0,

    /* U+00C0 "À" */
    0x0, 0x4, 0xf2, 0x0, 0x0, 0x0, 0x0, 0x9,
    0xa0, 0x0, 0x0, 0x0, 0x0, 0x1, 0x0, 0x0,
    0x0, 0x0, 0xc, 0xf6, 0x0, 0x0, 0x0, 0x1,
    0xfc, 0xc0, 0x0, 0x0, 0x0, 0x7e, 0x3f, 0x10,
    0x0, 0x0, 0xc, 0x90, 0xe7, 0x0, 0x0, 0x1,
    0xf3, 0x8, 0xc0, 0x0, 0x0, 0x7e, 0x0, 0x3f,
    0x20, 0x0, 0xc, 0x91, 0x11, 0xe7, 0x0, 0x2,
    0xff, 0xff, 0xff, 0xd0, 0x0, 0x7e, 0x44, 0x44,
    0x6f, 0x20, 0xd, 0x90, 0x0, 0x0, 0xe8, 0x2,
    0xf4, 0x0, 0x0, 0x9, 0xd0, 0x8f, 0x0, 0x0,
    0x0, 0x4f, 0x30,

    /* U+00C1 "Á" */
    0x0, 0x0, 0x7, 0xe1, 0x0, 0x0, 0x0, 0x0,
    0xe4, 0x0, 0x0, 0x0, 0x0, 0x1, 0x0, 0x0,
    0x0, 0x0, 0xc, 0xf6, 0x0, 0x0, 0x0, 0x1,
    0xfc, 0xc0, 0x0, 0x0, 0x0, 0x7e, 0x3f, 0x10,
    0x0, 0x0, 0xc, 0x90, 0xe7, 0x0, 0x0, 0x1,
    0xf3, 0x8, 0xc0, 0x0, 0x0, 0x7e, 0x0, 0x3f,
    0x20, 0x0, 0xc, 0x91, 0x11, 0xe7, 0x0, 0x2,
    0xff, 0xff, 0xff, 0xd0, 0x0, 0x7e, 0x44, 0x44,
    0x6f, 0x20, 0xd, 0x90, 0x0, 0x0, 0xe8, 0x2,
    0xf4, 0x0, 0x0, 0x9, 0xd0, 0x8f, 0x0, 0x0,
    0x0, 0x4f, 0x30,

    /* U+00C2 "Â" */
    0x0, 0x0, 0xce, 0x70, 0x0, 0x0, 0x0, 0x7a,
    0x1d, 0x30, 0x0, 0x0, 0x0, 0x0, 0x0, 0x0,
    0x0, 0x0, 0xc, 0xf6, 0x0, 0x0, 0x0, 0x1,
    0xfc, 0xc0, 0x0, 0x0, 0x0, 0x7e, 0x3f, 0x10,
    0x0, 0x0, 0xc, 0x90, 0xe7, 0x0, 0x0, 0x1,
    0xf3, 0x8, 0xc0, 0x0, 0x0, 0x7e, 0x0, 0x3f,
    0x20, 0x0, 0xc, 0x91, 0x11, 0xe7, 0x0, 0x2,
    0xff, 0xff, 0xff, 0xd0, 0x0, 0x7e, 0x44, 0x44,
    0x6f, 0x20, 0xd, 0x90, 0x0, 0x0, 0xe8, 0x2,
    0xf4, 0x0, 0x0, 0x9, 0xd0, 0x8f, 0x0, 0x0,
    0x0, 0x4f, 0x30,

    /* U+00C3 "Ã" */
    0x0, 0x9, 0xe6, 0x1b, 0x0, 0x0, 0x1, 0xb1,
    0xae, 0x40, 0x0, 0x0, 0x0, 0x0, 0x0, 0x0,
    0x0, 0x0, 0xc, 0xf6, 0x0, 0x0, 0x0, 0x1,
    0xfc, 0xc0, 0x0, 0x0, 0x0, 0x7e, 0x3f, 0x10,
    0x0, 0x0, 0xc, 0x90, 0xe7, 0x0, 0x0, 0x1,
    0xf3, 0x8, 0xc0, 0x0, 0x0, 0x7e, 0x0, 0x3f,
    0x20, 0x0, 0xc, 0x91, 0x11, 0xe7, 0x0, 0x2,
    0xff, 0xff, 0xff, 0xd0, 0x0, 0x7e, 0x44, 0x44,
    0x6f, 0x20, 0xd, 0x90, 0x0, 0x0, 0xe8, 0x2,
    0xf4, 0x0, 0x0, 0x9, 0xd0, 0x8f, 0x0, 0x0,
    0x0, 0x4f, 0x30,

    /* U+00C4 "Ä" */
    0x0, 0x7, 0x60, 0x94, 0x0, 0x0, 0x0, 0xca,
    0xf, 0x70, 0x0, 0x0, 0x0, 0x0, 0x0, 0x0,
    0x0, 0x0, 0xc, 0xf6, 0x0, 0x0, 0x0, 0x1,
    0xfc, 0xc0, 0x0, 0x0, 0x0, 0x7e, 0x3f, 0x10,
    0x0, 0x0, 0xc, 0x90, 0xe7, 0x0, 0x0, 0x1,
    0xf3, 0x8, 0xc0, 0x0, 0x0, 0x7e, 0x0, 0x3f,
    0x20, 0x0, 0xc, 0x91, 0x11, 0xe7, 0x0, 0x2,
    0xff, 0xff, 0xff, 0xd0, 0x0, 0x7e, 0x44, 0x44,
    0x6f, 0x20, 0xd, 0x90, 0x0, 0x0, 0xe8, 0x2,
    0xf4, 0x0, 0x0, 0x9, 0xd0, 0x8f, 0x0, 0x0,
    0x0, 0x4f, 0x30,

    /* U+00C5 "Å" */
    0x0, 0x0, 0x8c, 0x30, 0x0, 0x0, 0x0, 0x1b,
    0x3a, 0x0, 0x0, 0x0, 0x1, 0xb3, 0xa0, 0x0,
    0x0, 0x0, 0x8, 0xd3, 0x0, 0x0, 0x0, 0x0,
    0xcf, 0x60, 0x0, 0x0, 0x0, 0x1f, 0xcc, 0x0,
    0x0, 0x0, 0x7, 0xe3, 0xf1, 0x0, 0x0, 0x0,
    0xc8, 0xe, 0x70, 0x0, 0x0, 0x2f, 0x30, 0x9c,
    0x0, 0x0, 0x7, 0xe0, 0x3, 0xf2, 0x0, 0x0,
    0xd9, 0x11, 0x1e, 0x70, 0x0, 0x2f, 0xff, 0xff,
    0xfd, 0x0, 0x8, 0xe4, 0x44, 0x46, 0xf2, 0x0,
    0xd9, 0x0, 0x0, 0xe, 0x80, 0x3f, 0x40, 0x0,
    0x0, 0x9d, 0x8, 0xf0, 0x0, 0x0, 0x4, 0xf3,

    /* U+00C6 "Æ" */
    0x0, 0x0, 0x0, 0xdf, 0xff, 0xff, 0xff, 0x80,
    0x0, 0x0, 0x5f, 0x7f, 0x96, 0x66, 0x63, 0x0,
    0x0, 0xd, 0x81, 0xf4, 0x0, 0x0, 0x0, 0x0,
    0x6, 0xf1, 0x1f, 0x40, 0x0, 0x0, 0x0, 0x0,
    0xd8, 0x1, 0xf5, 0x11, 0x11, 0x0, 0x0, 0x6f,
    0x10, 0x1f, 0xff, 0xff, 0xf5, 0x0, 0xe, 0xa1,
    0x13, 0xf7, 0x44, 0x44, 0x10, 0x6, 0xff, 0xff,
    0xff, 0x40, 0x0, 0x0, 0x0, 0xec, 0x44, 0x45,
    0xf4, 0x0, 0x0, 0x0, 0x6f, 0x10, 0x0, 0x1f,
    0x40, 0x0, 0x0, 0xe, 0x90, 0x0, 0x1, 0xf8,
    0x66, 0x66, 0x46, 0xf2, 0x0, 0x0, 0x1f, 0xff,
    0xff, 0xfa,

    /* U+00C7 "Ç" */
    0x0, 0x6, 0xcf, 0xfc, 0x40, 0x0, 0xb, 0xfb,
    0x77, 0xcf, 0x50, 0x6, 0xf5, 0x0, 0x0, 0xaf,
    0x0, 0xda, 0x0, 0x0, 0x1, 0xf5, 0x2f, 0x50,
    0x0, 0x0, 0x0, 0x3, 0xf3, 0x0, 0x0, 0x0,
    0x0, 0x3f, 0x30, 0x0, 0x0, 0x0, 0x2, 0xf5,
    0x0, 0x0, 0x0, 0x32, 0xd, 0xa0, 0x0, 0x0,
    0x1f, 0x60, 0x7f, 0x50, 0x0, 0xa, 0xf1, 0x0,
    0xbf, 0xa7, 0x7c, 0xf5, 0x0, 0x0, 0x6c, 0xff,
    0xb4, 0x0, 0x0, 0x0, 0xe, 0x91, 0x0, 0x0,
    0x0, 0x5, 0x1a, 0x60, 0x0, 0x0, 0x0, 0x9e,
    0xc1, 0x0, 0x0,

    /* U+00C8 "È" */
    0x0, 0x8d, 0x0, 0x0, 0x0, 0xd, 0x60, 0x0,
    0x0, 0x0, 0x10, 0x0, 0x8f, 0xff, 0xff, 0xf9,
    0x8e, 0x66, 0x66, 0x63, 0x8d, 0x0, 0x0, 0x0,
    0x8d, 0x0, 0x0, 0x0, 0x8d, 0x11, 0x11, 0x10,
    0x8f, 0xff, 0xff, 0xf6, 0x8e, 0x44, 0x44, 0x41,
    0x8d, 0x0, 0x0, 0x0, 0x8d, 0x0, 0x0, 0x0,
    0x8d, 0x0, 0x0, 0x0, 0x8e, 0x66, 0x66, 0x64,
    0x8f, 0xff, 0xff, 0xfb,

    /* U+00C9 "É" */
    0x0, 0x0, 0xbb, 0x0, 0x0, 0x3, 0xe1, 0x0,
    0x0, 0x0, 0x10, 0x0, 0x8f, 0xff, 0xff, 0xf9,
    0x8e, 0x66, 0x66, 0x63, 0x8d, 0x0, 0x0, 0x0,
    0x8d, 0x0, 0x0, 0x0, 0x8d, 0x11, 0x11, 0x10,
    0x8f, 0xff, 0xff, 0xf6, 0x8e, 0x44, 0x44, 0x41,
    0x8d, 0x0, 0x0, 0x0, 0x8d, 0x0, 0x0, 0x0,
    0x8d, 0x0, 0x0, 0x0, 0x8e, 0x66, 0x66, 0x64,
    0x8f, 0xff, 0xff, 0xfb,

    /* U+00CA "Ê" */
    0x0, 0x1e, 0xe3, 0x0, 0x0, 0xc6, 0x4d, 0x0,
    0x0, 0x0, 0x0, 0x0, 0x8f, 0xff, 0xff, 0xf9,
    0x8e, 0x66, 0x66, 0x63, 0x8d, 0x0, 0x0, 0x0,
    0x8d, 0x0, 0x0, 0x0, 0x8d, 0x11, 0x11, 0x10,
    0x8f, 0xff, 0xff, 0xf6, 0x8e, 0x44, 0x44, 0x41,
    0x8d, 0x0, 0x0, 0x0, 0x8d, 0x0, 0x0, 0x0,
    0x8d, 0x0, 0x0, 0x0, 0x8e, 0x66, 0x66, 0x64,
    0x8f, 0xff, 0xff, 0xfb,

    /* U+00CB "Ë" */
    0x0, 0xa3, 0x2a, 0x10, 0x0, 0xf6, 0x3f, 0x20,
    0x0, 0x0, 0x0, 0x0, 0x8f, 0xff, 0xff, 0xf9,
    0x8e, 0x66, 0x66, 0x63, 0x8d, 0x0, 0x0, 0x0,
    0x8d, 0x0, 0x0, 0x0, 0x8d, 0x11, 0x11, 0x10,
    0x8f, 0xff, 0xff, 0xf6, 0x8e, 0x44, 0x44, 0x41,
    0x8d, 0x0, 0x0, 0x0, 0x8d, 0x0, 0x0, 0x0,
    0x8d, 0x0, 0x0, 0x0, 0x8e, 0x66, 0x66, 0x64,
    0x8f, 0xff, 0xff, 0xfb,

    /* U+00CC "Ì" */
    0x7e, 0x0, 0xc7, 0x0, 0x10, 0x8d, 0x8, 0xd0,
    0x8d, 0x8, 0xd0, 0x8d, 0x8, 0xd0, 0x8d, 0x8,
    0xd0, 0x8d, 0x8, 0xd0, 0x8d, 0x8, 0xd0,

    /* U+00CD "Í" */
    0xa, 0xc0, 0x2f, 0x20, 0x1, 0x0, 0x8d, 0x0,
    0x8d, 0x0, 0x8d, 0x0, 0x8d, 0x0, 0x8d, 0x0,
    0x8d, 0x0, 0x8d, 0x0, 0x8d, 0x0, 0x8d, 0x0,
    0x8d, 0x0, 0x8d, 0x0, 0x8d, 0x0,

    /* U+00CE "Î" */
    0x1, 0xee, 0x40, 0xa, 0x73, 0xd1, 0x0, 0x0,
    0x0, 0x0, 0x8d, 0x0, 0x0, 0x8d, 0x0, 0x0,
    0x8d, 0x0, 0x0, 0x8d, 0x0, 0x0, 0x8d, 0x0,
    0x0, 0x8d, 0x0, 0x0, 0x8d, 0x0, 0x0, 0x8d,
    0x0, 0x0, 0x8d, 0x0, 0x0, 0x8d, 0x0, 0x0,
    0x8d, 0x0, 0x0, 0x8d, 0x0,

    /* U+00CF "Ï" */
    0x94, 0x1a, 0x2f, 0x72, 0xf4, 0x0, 0x0, 0x0,
    0x8d, 0x0, 0x8, 0xd0, 0x0, 0x8d, 0x0, 0x8,
    0xd0, 0x0, 0x8d, 0x0, 0x8, 0xd0, 0x0, 0x8d,
    0x0, 0x8, 0xd0, 0x0, 0x8d, 0x0, 0x8, 0xd0,
    0x0, 0x8d, 0x0, 0x8, 0xd0, 0x0,

    /* U+00D0 "Ð" */
    0x8, 0xff, 0xff, 0xd7, 0x0, 0x0, 0x8e, 0x66,
    0x7a, 0xfd, 0x10, 0x8, 0xd0, 0x0, 0x2, 0xea,
    0x0, 0x8d, 0x0, 0x0, 0x7, 0xf1, 0x8, 0xd0,
    0x0, 0x0, 0x2f, 0x50, 0x9e, 0x0, 0x0, 0x0,
    0xf6, 0xbf, 0xff, 0xff, 0x10, 0xf, 0x62, 0xcf,
    0x33, 0x30, 0x2, 0xf5, 0x8, 0xd0, 0x0, 0x0,
    0x6f, 0x10, 0x8d, 0x0, 0x0, 0x2e, 0xa0, 0x8,
    0xe6, 0x66, 0x9f, 0xd1, 0x0, 0x8f, 0xff, 0xfd,
    0x81, 0x0,

    /* U+00D1 "Ñ" */
    0x0, 0xb, 0xd4, 0x49, 0x0, 0x0, 0x49, 0x1b,
    0xd2, 0x0, 0x0, 0x0, 0x0, 0x0, 0x0, 0x8f,
    0xa0, 0x0, 0x0, 0xf6, 0x8f, 0xf3, 0x0, 0x0,
    0xf6, 0x8d, 0xbc, 0x0, 0x0, 0xf6, 0x8d, 0x2f,
    0x40, 0x0, 0xf6, 0x8d, 0xa, 0xd0, 0x0, 0xf6,
    0x8d, 0x2, 0xf5, 0x0, 0xf6, 0x8d, 0x0, 0x9d,
    0x0, 0xf6, 0x8d, 0x0, 0x1f, 0x60, 0xf6, 0x8d,
    0x0, 0x7, 0xe0, 0xf6, 0x8d, 0x0, 0x0, 0xe7,
    0xf6, 0x8d, 0x0, 0x0, 0x6f, 0xf6, 0x8d, 0x0,
    0x0, 0xd, 0xf6,

    /* U+00D2 "Ò" */
    0x0, 0x0, 0x10, 0x0, 0x0, 0x0, 0x0, 0x0,
    0x9c, 0x0, 0x0, 0x0, 0x0, 0x0, 0xe, 0x40,
    0x0, 0x0, 0x0, 0x0, 0x0, 0x0, 0x0, 0x0,
    0x0, 0x6, 0xcf, 0xec, 0x50, 0x0, 0x0, 0xbf,
    0xb7, 0x7c, 0xf8, 0x0, 0x7, 0xf5, 0x0, 0x0,
    0x8f, 0x40, 0xd, 0xa0, 0x0, 0x0, 0xd, 0xb0,
    0x2f, 0x50, 0x0, 0x0, 0x8, 0xf0, 0x3f, 0x30,
    0x0, 0x0, 0x6, 0xf0, 0x3f, 0x30, 0x0, 0x0,
    0x6, 0xf1, 0x2f, 0x50, 0x0, 0x0, 0x8, 0xf0,
    0xe, 0xa0, 0x0, 0x0, 0xd, 0xb0, 0x7, 0xf5,
    0x0, 0x0, 0x7f, 0x40, 0x0, 0xbf, 0xa7, 0x7c,
    0xf9, 0x0, 0x0, 0x6, 0xcf, 0xec, 0x50, 0x0,

    /* U+00D3 "Ó" */
    0x0, 0x0, 0x0, 0x11, 0x0, 0x0, 0x0, 0x0,
    0x0, 0xe7, 0x0, 0x0, 0x0, 0x0, 0x7, 0xc0,
    0x0, 0x0, 0x0, 0x0, 0x0, 0x0, 0x0, 0x0,
    0x0, 0x6, 0xcf, 0xec, 0x50, 0x0, 0x0, 0xbf,
    0xb7, 0x7c, 0xf8, 0x0, 0x7, 0xf5, 0x0, 0x0,
    0x8f, 0x40, 0xd, 0xa0, 0x0, 0x0, 0xd, 0xb0,
    0x2f, 0x50, 0x0, 0x0, 0x8, 0xf0, 0x3f, 0x30,
    0x0, 0x0, 0x6, 0xf0, 0x3f, 0x30, 0x0, 0x0,
    0x6, 0xf1, 0x2f, 0x50, 0x0, 0x0, 0x8, 0xf0,
    0xe, 0xa0, 0x0, 0x0, 0xd, 0xb0, 0x7, 0xf5,
    0x0, 0x0, 0x7f, 0x40, 0x0, 0xbf, 0xa7, 0x7c,
    0xf9, 0x0, 0x0, 0x6, 0xcf, 0xec, 0x50, 0x0,

    /* U+00D4 "Ô" */
    0x0, 0x0, 0x7, 0x60, 0x0, 0x0, 0x0, 0x0,
    0x6c, 0xe3, 0x0, 0x0, 0x0, 0x1, 0xe2, 0x5c,
    0x0, 0x0, 0x0, 0x0, 0x0, 0x0, 0x0, 0x0,
    0x0, 0x6, 0xcf, 0xec, 0x50, 0x0, 0x0, 0xbf,
    0xb7, 0x7c, 0xf8, 0x0, 0x7, 0xf5, 0x0, 0x0,
    0x8f, 0x40, 0xd, 0xa0, 0x0, 0x0, 0xd, 0xb0,
    0x2f, 0x50, 0x0, 0x0, 0x8, 0xf0, 0x3f, 0x30,
    0x0, 0x0, 0x6, 0xf0, 0x3f, 0x30, 0x0, 0x0,
    0x6, 0xf1, 0x2f, 0x50, 0x0, 0x0, 0x8, 0xf0,
    0xe, 0xa0, 0x0, 0x0, 0xd, 0xb0, 0x7, 0xf5,
    0x0, 0x0, 0x7f, 0x40, 0x0, 0xbf, 0xa7, 0x7c,
    0xf9, 0x0, 0x0, 0x6, 0xcf, 0xec, 0x50, 0x0,

    /* U+00D5 "Õ" */
    0x0, 0x2, 0xdc, 0x28, 0x50, 0x0, 0x0, 0x8,
    0x54, 0xdb, 0x0, 0x0, 0x0, 0x0, 0x0, 0x0,
    0x0, 0x0, 0x0, 0x6, 0xcf, 0xec, 0x50, 0x0,
    0x0, 0xbf, 0xb7, 0x7c, 0xf8, 0x0, 0x7, 0xf5,
    0x0, 0x0, 0x8f, 0x40, 0xd, 0xa0, 0x0, 0x0,
    0xd, 0xb0, 0x2f, 0x50, 0x0, 0x0, 0x8, 0xf0,
    0x3f, 0x30, 0x0, 0x0, 0x6, 0xf0, 0x3f, 0x30,
    0x0, 0x0, 0x6, 0xf1, 0x2f, 0x50, 0x0, 0x0,
    0x8, 0xf0, 0xe, 0xa0, 0x0, 0x0, 0xd, 0xb0,
    0x7, 0xf5, 0x0, 0x0, 0x7f, 0x40, 0x0, 0xbf,
    0xa7, 0x7c, 0xf9, 0x0, 0x0, 0x6, 0xcf, 0xec,
    0x50, 0x0,

    /* U+00D6 "Ö" */
    0x0, 0x3, 0xf3, 0x6f, 0x0, 0x0, 0x0, 0x1,
    0xa2, 0x4a, 0x0, 0x0, 0x0, 0x0, 0x0, 0x0,
    0x0, 0x0, 0x0, 0x6, 0xcf, 0xec, 0x50, 0x0,
    0x0, 0xbf, 0xb7, 0x7c, 0xf8, 0x0, 0x7, 0xf5,
    0x0, 0x0, 0x8f, 0x40, 0xd, 0xa0, 0x0, 0x0,
    0xd, 0xb0, 0x2f, 0x50, 0x0, 0x0, 0x8, 0xf0,
    0x3f, 0x30, 0x0, 0x0, 0x6, 0xf0, 0x3f, 0x30,
    0x0, 0x0, 0x6, 0xf1, 0x2f, 0x50, 0x0, 0x0,
    0x8, 0xf0, 0xe, 0xa0, 0x0, 0x0, 0xd, 0xb0,
    0x7, 0xf5, 0x0, 0x0, 0x7f, 0x40, 0x0, 0xbf,
    0xa7, 0x7c, 0xf9, 0x0, 0x0, 0x6, 0xcf, 0xec,
    0x50, 0x0,

    /* U+00D7 "×" */
    0x2, 0x0, 0x0, 0x20, 0x2f, 0x60, 0x5, 0xf2,
    0x6, 0xf5, 0x5f, 0x70, 0x0, 0x7f, 0xf7, 0x0,
    0x0, 0x4f, 0xf4, 0x0, 0x4, 0xf8, 0x8f, 0x40,
    0x2f, 0x90, 0x8, 0xf2, 0x5, 0x0, 0x0, 0x50,

    /* U+00D8 "Ø" */
    0x0, 0x6, 0xcf, 0xec, 0x7f, 0x40, 0x0, 0xbf,
    0xb7, 0x7c, 0xff, 0x0, 0x7, 0xf5, 0x0, 0x6,
    0xff, 0x40, 0xd, 0xa0, 0x0, 0x2f, 0x4d, 0xb0,
    0x2f, 0x50, 0x0, 0xb9, 0x8, 0xf0, 0x3f, 0x30,
    0x6, 0xd0, 0x6, 0xf0, 0x3f, 0x30, 0x2f, 0x40,
    0x6, 0xf1, 0x2f, 0x50, 0xc9, 0x0, 0x8, 0xf0,
    0xe, 0xa7, 0xd0, 0x0, 0xd, 0xb0, 0x7, 0xff,
    0x30, 0x0, 0x7f, 0x40, 0x0, 0xff, 0xa7, 0x7c,
    0xf9, 0x0, 0x7, 0xd7, 0xcf, 0xec, 0x50, 0x0,

    /* U+00D9 "Ù" */
    0x0, 0x2, 0x0, 0x0, 0x0, 0x1, 0xe6, 0x0,
    0x0, 0x0, 0x5, 0xd0, 0x0, 0x0, 0x0, 0x0,
    0x0, 0x0, 0xc9, 0x0, 0x0, 0x9, 0xcc, 0x90,
    0x0, 0x0, 0x9c, 0xc9, 0x0, 0x0, 0x9, 0xcc,
    0x90, 0x0, 0x0, 0x9c, 0xc9, 0x0, 0x0, 0x9,
    0xcc, 0x90, 0x0, 0x0, 0x9c, 0xc9, 0x0, 0x0,
    0x9, 0xcc, 0x90, 0x0, 0x0, 0x9c, 0xab, 0x0,
    0x0, 0xb, 0xb6, 0xf2, 0x0, 0x2, 0xf6, 0xd,
    0xf9, 0x68, 0xfd, 0x0, 0x8, 0xef, 0xe9, 0x10,

    /* U+00DA "Ú" */
    0x0, 0x0, 0x2, 0x0, 0x0, 0x0, 0x5, 0xf1,
    0x0, 0x0, 0x0, 0xd6, 0x0, 0x0, 0x0, 0x0,
    0x0, 0x0, 0xc9, 0x0, 0x0, 0x9, 0xcc, 0x90,
    0x0, 0x0, 0x9c, 0xc9, 0x0, 0x0, 0x9, 0xcc,
    0x90, 0x0, 0x0, 0x9c, 0xc9, 0x0, 0x0, 0x9,
    0xcc, 0x90, 0x0, 0x0, 0x9c, 0xc9, 0x0, 0x0,
    0x9, 0xcc, 0x90, 0x0, 0x0, 0x9c, 0xab, 0x0,
    0x0, 0xb, 0xb6, 0xf2, 0x0, 0x2, 0xf6, 0xd,
    0xf9, 0x68, 0xfd, 0x0, 0x8, 0xef, 0xe9, 0x10,

    /* U+00DB "Û" */
    0x0, 0x3, 0x83, 0x0, 0x0, 0x0, 0xca, 0xd0,
    0x0, 0x0, 0x6b, 0xb, 0x60, 0x0, 0x0, 0x0,
    0x0, 0x0, 0xc9, 0x0, 0x0, 0x9, 0xcc, 0x90,
    0x0, 0x0, 0x9c, 0xc9, 0x0, 0x0, 0x9, 0xcc,
    0x90, 0x0, 0x0, 0x9c, 0xc9, 0x0, 0x0, 0x9,
    0xcc, 0x90, 0x0, 0x0, 0x9c, 0xc9, 0x0, 0x0,
    0x9, 0xcc, 0x90, 0x0, 0x0, 0x9c, 0xab, 0x0,
    0x0, 0xb, 0xb6, 0xf2, 0x0, 0x2, 0xf6, 0xd,
    0xf9, 0x68, 0xfd, 0x0, 0x8, 0xef, 0xe9, 0x10,

    /* U+00DC "Ü" */
    0x0, 0x9d, 0xc, 0x90, 0x0, 0x5, 0x80, 0x76,
    0x0, 0x0, 0x0, 0x0, 0x0, 0xc, 0x90, 0x0,
    0x0, 0x9c, 0xc9, 0x0, 0x0, 0x9, 0xcc, 0x90,
    0x0, 0x0, 0x9c, 0xc9, 0x0, 0x0, 0x9, 0xcc,
    0x90, 0x0, 0x0, 0x9c, 0xc9, 0x0, 0x0, 0x9,
    0xcc, 0x90, 0x0, 0x0, 0x9c, 0xc9, 0x0, 0x0,
    0x9, 0xca, 0xb0, 0x0, 0x0, 0xbb, 0x6f, 0x20,
    0x0, 0x2f, 0x60, 0xdf, 0x96, 0x8f, 0xd0, 0x0,
    0x8e, 0xfe, 0x91, 0x0,

    /* U+00DD "Ý" */
    0x0, 0x0, 0x2, 0xf3, 0x0, 0x0, 0x0, 0x0,
    0xa8, 0x0, 0x0, 0x0, 0x0, 0x1, 0x0, 0x0,
    0x0, 0xcc, 0x0, 0x0, 0x9, 0xf1, 0x3, 0xf5,
    0x0, 0x2, 0xf7, 0x0, 0xa, 0xd0, 0x0, 0xad,
    0x0, 0x0, 0x2f, 0x70, 0x3f, 0x50, 0x0, 0x0,
    0x8e, 0x1c, 0xc0, 0x0, 0x0, 0x0, 0xec, 0xf3,
    0x0, 0x0, 0x0, 0x6, 0xfa, 0x0, 0x0, 0x0,
    0x0, 0x1f, 0x40, 0x0, 0x0, 0x0, 0x1, 0xf4,
    0x0, 0x0, 0x0, 0x0, 0x1f, 0x40, 0x0, 0x0,
    0x0, 0x1, 0xf4, 0x0, 0x0, 0x0, 0x0, 0x1f,
    0x40, 0x0, 0x0,

    /* U+00DE "Þ" */
    0x8d, 0x0, 0x0, 0x0, 0x8, 0xf1, 0x10, 0x0,
    0x0, 0xaf, 0xff, 0xfe, 0x60, 0x9, 0xf4, 0x45,
    0x9f, 0x80, 0x8d, 0x0, 0x0, 0x9e, 0x8, 0xd0,
    0x0, 0x6, 0xf1, 0x8d, 0x0, 0x0, 0x8f, 0x8,
    0xf1, 0x12, 0x6f, 0x90, 0xaf, 0xff, 0xff, 0x90,
    0x9, 0xf4, 0x43, 0x10, 0x0, 0x8d, 0x0, 0x0,
    0x0, 0x8, 0xd0, 0x0, 0x0, 0x0,

    /* U+00DF "ß" */
    0x4, 0xcf, 0xe8, 0x0, 0x2f, 0xb6, 0x7f, 0x90,
    0x8d, 0x0, 0x7, 0xf0, 0xba, 0x0, 0x6, 0xf0,
    0xba, 0x1, 0x4e, 0x90, 0xba, 0x2f, 0xfd, 0x10,
    0xba, 0x4, 0x5c, 0xe1, 0xba, 0x0, 0x0, 0xd9,
    0xba, 0x0, 0x0, 0xab, 0xba, 0x0, 0x0, 0xda,
    0xba, 0x15, 0x6c, 0xf3, 0xba, 0x4f, 0xeb, 0x30,

    /* U+00E0 "à" */
    0x0, 0x2f, 0x40, 0x0, 0x0, 0x0, 0x7c, 0x0,
    0x0, 0x0, 0x0, 0x20, 0x0, 0x0, 0x8, 0xdf,
    0xc4, 0x0, 0x9, 0xf7, 0x5a, 0xf3, 0x0, 0xc6,
    0x0, 0xc, 0x90, 0x0, 0x0, 0x25, 0xdb, 0x0,
    0x2b, 0xff, 0xcd, 0xb0, 0x1e, 0x92, 0x0, 0xab,
    0x4, 0xf2, 0x0, 0x1e, 0xb0, 0x1f, 0xc7, 0x8e,
    0xee, 0x30, 0x5d, 0xfd, 0x53, 0xe7,

    /* U+00E1 "á" */
    0x0, 0x0, 0x5f, 0x20, 0x0, 0x0, 0xd, 0x60,
    0x0, 0x0, 0x0, 0x10, 0x0, 0x0, 0x8, 0xdf,
    0xc4, 0x0, 0x9, 0xf7, 0x5a, 0xf3, 0x0, 0xc6,
    0x0, 0xc, 0x90, 0x0, 0x0, 0x25, 0xdb, 0x0,
    0x2b, 0xff, 0xcd, 0xb0, 0x1e, 0x92, 0x0, 0xab,
    0x4, 0xf2, 0x0, 0x1e, 0xb0, 0x1f, 0xc7, 0x8e,
    0xee, 0x30, 0x5d, 0xfd, 0x53, 0xe7,

    /* U+00E2 "â" */
    0x0, 0xa, 0xa9, 0x0, 0x0, 0x5, 0x90, 0xb4,
    0x0, 0x0, 0x0, 0x0, 0x0, 0x0, 0x8, 0xdf,
    0xc4, 0x0, 0x9, 0xf7, 0x5a, 0xf3, 0x0, 0xc6,
    0x0, 0xc, 0x90, 0x0, 0x0, 0x25, 0xdb, 0x0,
    0x2b, 0xff, 0xcd, 0xb0, 0x1e, 0x92, 0x0, 0xab,
    0x4, 0xf2, 0x0, 0x1e, 0xb0, 0x1f, 0xc7, 0x8e,
    0xee, 0x30, 0x5d, 0xfd, 0x53, 0xe7,

    /* U+00E3 "ã" */
    0x0, 0x8e, 0x81, 0xd0, 0x0, 0xc, 0x9, 0xe5,
    0x0, 0x0, 0x0, 0x0, 0x0, 0x0, 0x8, 0xdf,
    0xc4, 0x0, 0x9, 0xf7, 0x5a, 0xf3, 0x0, 0xc6,
    0x0, 0xc, 0x90, 0x0, 0x0, 0x25, 0xdb, 0x0,
    0x2b, 0xff, 0xcd, 0xb0, 0x1e, 0x92, 0x0, 0xab,
    0x4, 0xf2, 0x0, 0x1e, 0xb0, 0x1f, 0xc7, 0x8e,
    0xee, 0x30, 0x5d, 0xfd, 0x53, 0xe7,

    /* U+00E4 "ä" */
    0x0, 0xac, 0xd, 0x80, 0x0, 0x6, 0x70, 0x85,
    0x0, 0x0, 0x0, 0x0, 0x0, 0x0, 0x8, 0xdf,
    0xc4, 0x0, 0x9, 0xf7, 0x5a, 0xf3, 0x0, 0xc6,
    0x0, 0xc, 0x90, 0x0, 0x0, 0x25, 0xdb, 0x0,
    0x2b, 0xff, 0xcd, 0xb0, 0x1e, 0x92, 0x0, 0xab,
    0x4, 0xf2, 0x0, 0x1e, 0xb0, 0x1f, 0xc7, 0x8e,
    0xee, 0x30, 0x5d, 0xfd, 0x53, 0xe7,

    /* U+00E5 "å" */
    0x0, 0x8, 0xd6, 0x0, 0x0, 0x0, 0xd0, 0xd0,
    0x0, 0x0, 0x8, 0xd6, 0x0, 0x0, 0x0, 0x0,
    0x0, 0x0, 0x0, 0x8d, 0xfc, 0x40, 0x0, 0x9f,
    0x75, 0xaf, 0x30, 0xc, 0x60, 0x0, 0xc9, 0x0,
    0x0, 0x2, 0x5d, 0xb0, 0x2, 0xbf, 0xfc, 0xdb,
    0x1, 0xe9, 0x20, 0xa, 0xb0, 0x4f, 0x20, 0x1,
    0xeb, 0x1, 0xfc, 0x78, 0xee, 0xe3, 0x5, 0xdf,
    0xd5, 0x3e, 0x70,

    /* U+00E6 "æ" */
    0x0, 0x7d, 0xfc, 0x40, 0x8e, 0xfb, 0x30, 0x8,
    0xf8, 0x6a, 0xfd, 0xf8, 0x6c, 0xf2, 0xe, 0x70,
    0x0, 0xff, 0x50, 0x0, 0xd9, 0x0, 0x0, 0x0,
    0xff, 0x0, 0x0, 0x9e, 0x1, 0x7b, 0xef, 0xff,
    0xff, 0xff, 0xff, 0xe, 0xc7, 0x43, 0xff, 0x33,
    0x33, 0x33, 0x4f, 0x20, 0x0, 0xff, 0x30, 0x0,
    0x76, 0x2f, 0xa4, 0x4b, 0xbb, 0xd6, 0x48, 0xf5,
    0x5, 0xdf, 0xe8, 0x0, 0x8e, 0xfc, 0x40,

    /* U+00E7 "ç" */
    0x0, 0x5d, 0xfe, 0x80, 0x0, 0x6f, 0xa6, 0x8f,
    0x90, 0xe, 0x90, 0x0, 0x7f, 0x3, 0xf3, 0x0,
    0x0, 0x10, 0x4f, 0x20, 0x0, 0x0, 0x3, 0xf3,
    0x0, 0x0, 0x30, 0xe, 0x90, 0x0, 0x7f, 0x0,
    0x6f, 0xa5, 0x8f, 0x80, 0x0, 0x6d, 0xfe, 0x70,
    0x0, 0x0, 0x3e, 0x60, 0x0, 0x0, 0x13, 0x2e,
    0x20, 0x0, 0x1, 0xce, 0xa0, 0x0,

    /* U+00E8 "è" */
    0x0, 0x1e, 0x60, 0x0, 0x0, 0x0, 0x5e, 0x0,
    0x0, 0x0, 0x0, 0x10, 0x0, 0x0, 0x6, 0xdf,
    0xd5, 0x0, 0x6, 0xf9, 0x69, 0xf5, 0x0, 0xe9,
    0x0, 0x9, 0xe0, 0x3f, 0x30, 0x0, 0x4f, 0x24,
    0xff, 0xff, 0xff, 0xf3, 0x3f, 0x53, 0x33, 0x33,
    0x0, 0xe7, 0x0, 0x4, 0x80, 0x6, 0xf9, 0x57,
    0xf9, 0x0, 0x6, 0xdf, 0xd7, 0x0,

    /* U+00E9 "é" */
    0x0, 0x0, 0x3f, 0x30, 0x0, 0x0, 0xb, 0x80,
    0x0, 0x0, 0x0, 0x10, 0x0, 0x0, 0x6, 0xdf,
    0xd5, 0x0, 0x6, 0xf9, 0x69, 0xf5, 0x0, 0xe9,
    0x0, 0x9, 0xe0, 0x3f, 0x30, 0x0, 0x4f, 0x24,
    0xff, 0xff, 0xff, 0xf3, 0x3f, 0x53, 0x33, 0x33,
    0x0, 0xe7, 0x0, 0x4, 0x80, 0x6, 0xf9, 0x57,
    0xf9, 0x0, 0x6, 0xdf, 0xd7, 0x0,

    /* U+00EA "ê" */
    0x0, 0x8, 0xab, 0x0, 0x0, 0x3, 0xc0, 0x96,
    0x0, 0x0, 0x0, 0x0, 0x0, 0x0, 0x6, 0xdf,
    0xd5, 0x0, 0x6, 0xf9, 0x69, 0xf5, 0x0, 0xe9,
    0x0, 0x9, 0xe0, 0x3f, 0x30, 0x0, 0x4f, 0x24,
    0xff, 0xff, 0xff, 0xf3, 0x3f, 0x53, 0x33, 0x33,
    0x0, 0xe7, 0x0, 0x4, 0x80, 0x6, 0xf9, 0x57,
    0xf9, 0x0, 0x6, 0xdf, 0xd7, 0x0,

    /* U+00EB "ë" */
    0x0, 0x8e, 0xb, 0xb0, 0x0, 0x5, 0x90, 0x76,
    0x0, 0x0, 0x0, 0x0, 0x0, 0x0, 0x6, 0xdf,
    0xd5, 0x0, 0x6, 0xf9, 0x69, 0xf5, 0x0, 0xe9,
    0x0, 0x9, 0xe0, 0x3f, 0x30, 0x0, 0x4f, 0x24,
    0xff, 0xff, 0xff, 0xf3, 0x3f, 0x53, 0x33, 0x33,
    0x0, 0xe7, 0x0, 0x4, 0x80, 0x6, 0xf9, 0x57,
    0xf9, 0x0, 0x6, 0xdf, 0xd7, 0x0,

    /* U+00EC "ì" */
    0xac, 0x1, 0xe4, 0x1, 0x10, 0xba, 0xb, 0xa0,
    0xba, 0xb, 0xa0, 0xba, 0xb, 0xa0, 0xba, 0xb,
    0xa0, 0xba,

    /* U+00ED "í" */
    0xd, 0x95, 0xd0, 0x11, 0xb, 0xa0, 0xba, 0xb,
    0xa0, 0xba, 0xb, 0xa0, 0xba, 0xb, 0xa0, 0xba,
    0xb, 0xa0,

    /* U+00EE "î" */
    0x3, 0xbc, 0x20, 0xa, 0x12, 0xa0, 0x0, 0x0,
    0x0, 0x0, 0xba, 0x0, 0x0, 0xba, 0x0, 0x0,
    0xba, 0x0, 0x0, 0xba, 0x0, 0x0, 0xba, 0x0,
    0x0, 0xba, 0x0, 0x0, 0xba, 0x0, 0x0, 0xba,
    0x0, 0x0, 0xba, 0x0,

    /* U+00EF "ï" */
    0xca, 0xbb, 0x86, 0x77, 0x0, 0x0, 0xb, 0xa0,
    0xb, 0xa0, 0xb, 0xa0, 0xb, 0xa0, 0xb, 0xa0,
    0xb, 0xa0, 0xb, 0xa0, 0xb, 0xa0, 0xb, 0xa0,

    /* U+00F0 "ð" */
    0x0, 0x19, 0x50, 0x0, 0x10, 0x2, 0xaf, 0xfd,
    0xf8, 0x0, 0x4, 0xff, 0xf5, 0x0, 0x0, 0x25,
    0xc, 0xa0, 0x0, 0x8e, 0xfe, 0xbf, 0x0, 0x9f,
    0x84, 0x6f, 0xf4, 0x1f, 0x70, 0x0, 0x4f, 0x84,
    0xf2, 0x0, 0x0, 0xfc, 0x3f, 0x20, 0x0, 0xf,
    0x61, 0xf7, 0x0, 0x5, 0xf3, 0x8, 0xf9, 0x58,
    0xfb, 0x0, 0x7, 0xdf, 0xe8, 0x0,

    /* U+00F1 "ñ" */
    0x5, 0xea, 0x1c, 0x10, 0xc, 0x16, 0xe8, 0x0,
    0x0, 0x0, 0x0, 0x0, 0xb8, 0x7d, 0xfa, 0x0,
    0xbe, 0x81, 0x2d, 0x90, 0xbd, 0x0, 0x7, 0xe0,
    0xba, 0x0, 0x5, 0xf0, 0xba, 0x0, 0x5, 0xf0,
    0xba, 0x0, 0x5, 0xf0, 0xba, 0x0, 0x5, 0xf0,
    0xba, 0x0, 0x5, 0xf0, 0xba, 0x0, 0x5, 0xf0,

    /* U+00F2 "ò" */
    0x0, 0x1e, 0x60, 0x0, 0x0, 0x0, 0x5e, 0x0,
    0x0, 0x0, 0x0, 0x10, 0x0, 0x0, 0x6, 0xdf,
    0xd7, 0x0, 0x6, 0xfa, 0x68, 0xf9, 0x0, 0xe9,
    0x0, 0x7, 0xf1, 0x3f, 0x30, 0x0, 0x1f, 0x54,
    0xf2, 0x0, 0x0, 0xf7, 0x3f, 0x30, 0x0, 0x1f,
    0x50, 0xe9, 0x0, 0x7, 0xf1, 0x6, 0xfa, 0x68,
    0xf9, 0x0, 0x6, 0xdf, 0xd7, 0x0,

    /* U+00F3 "ó" */
    0x0, 0x0, 0x3f, 0x30, 0x0, 0x0, 0xb, 0x80,
    0x0, 0x0, 0x0, 0x10, 0x0, 0x0, 0x6, 0xdf,
    0xd7, 0x0, 0x6, 0xfa, 0x68, 0xf9, 0x0, 0xe9,
    0x0, 0x7, 0xf1, 0x3f, 0x30, 0x0, 0x1f, 0x54,
    0xf2, 0x0, 0x0, 0xf7, 0x3f, 0x30, 0x0, 0x1f,
    0x50, 0xe9, 0x0, 0x7, 0xf1, 0x6, 0xfa, 0x68,
    0xf9, 0x0, 0x6, 0xdf, 0xd7, 0x0,

    /* U+00F4 "ô" */
    0x0, 0x8, 0xab, 0x0, 0x0, 0x3, 0xb0, 0x96,
    0x0, 0x0, 0x0, 0x0, 0x0, 0x0, 0x6, 0xdf,
    0xd7, 0x0, 0x6, 0xfa, 0x68, 0xf9, 0x0, 0xe9,
    0x0, 0x7, 0xf1, 0x3f, 0x30, 0x0, 0x1f, 0x54,
    0xf2, 0x0, 0x0, 0xf7, 0x3f, 0x30, 0x0, 0x1f,
    0x50, 0xe9, 0x0, 0x7, 0xf1, 0x6, 0xfa, 0x68,
    0xf9, 0x0, 0x6, 0xdf, 0xd7, 0x0,

    /* U+00F5 "õ" */
    0x0, 0x6e, 0xa1, 0xd0, 0x0, 0xc, 0x7, 0xe8,
    0x0, 0x0, 0x0, 0x0, 0x0, 0x0, 0x6, 0xdf,
    0xd7, 0x0, 0x6, 0xfa, 0x68, 0xf9, 0x0, 0xe9,
    0x0, 0x7, 0xf1, 0x3f, 0x30, 0x0, 0x1f, 0x54,
    0xf2, 0x0, 0x0, 0xf7, 0x3f, 0x30, 0x0, 0x1f,
    0x50, 0xe9, 0x0, 0x7, 0xf1, 0x6, 0xfa, 0x68,
    0xf9, 0x0, 0x6, 0xdf, 0xd7, 0x0,

    /* U+00F6 "ö" */
    0x0, 0x8e, 0xb, 0xb0, 0x0, 0x5, 0x90, 0x77,
    0x0, 0x0, 0x0, 0x0, 0x0, 0x0, 0x6, 0xdf,
    0xd7, 0x0, 0x6, 0xfa, 0x68, 0xf9, 0x0, 0xe9,
    0x0, 0x7, 0xf1, 0x3f, 0x30, 0x0, 0x1f, 0x54,
    0xf2, 0x0, 0x0, 0xf7, 0x3f, 0x30, 0x0, 0x1f,
    0x50, 0xe9, 0x0, 0x7, 0xf1, 0x6, 0xfa, 0x68,
    0xf9, 0x0, 0x6, 0xdf, 0xd7, 0x0,

    /* U+00F7 "÷" */
    0x0, 0x7, 0xe2, 0x0, 0x0, 0x8, 0xf3, 0x0,
    0x0, 0x0, 0x10, 0x0, 0x5f, 0xff, 0xff, 0xff,
    0x13, 0x33, 0x33, 0x33, 0x0, 0x0, 0x0, 0x0,
    0x0, 0x7, 0xe2, 0x0, 0x0, 0x8, 0xf3, 0x0,
    0x0, 0x0, 0x0, 0x0,

    /* U+00F8 "ø" */
    0x0, 0x6d, 0xfd, 0xcd, 0x0, 0x6f, 0xa6, 0xaf,
    0xc0, 0xe, 0x90, 0xa, 0xff, 0x13, 0xf3, 0x5,
    0xc1, 0xf5, 0x4f, 0x21, 0xe2, 0xf, 0x73, 0xf3,
    0xa7, 0x1, 0xf5, 0xe, 0xfc, 0x0, 0x7f, 0x10,
    0x8f, 0xc6, 0x8f, 0x90, 0xa, 0xdd, 0xfd, 0x70,
    0x0,

    /* U+00F9 "ù" */
    0x1, 0xf5, 0x0, 0x0, 0x6, 0xd0, 0x0, 0x0,
    0x1, 0x0, 0xb, 0xa0, 0x0, 0x6e, 0xba, 0x0,
    0x6, 0xeb, 0xa0, 0x0, 0x6e, 0xba, 0x0, 0x6,
    0xeb, 0xa0, 0x0, 0x6e, 0xba, 0x0, 0x7, 0xe9,
    0xc0, 0x0, 0xbe, 0x4f, 0x84, 0x9e, 0xe0, 0x7e,
    0xe9, 0x6e,

    /* U+00FA "ú" */
    0x0, 0x3, 0xf3, 0x0, 0x0, 0xb7, 0x0, 0x0,
    0x1, 0x0, 0xb, 0xa0, 0x0, 0x6e, 0xba, 0x0,
    0x6, 0xeb, 0xa0, 0x0, 0x6e, 0xba, 0x0, 0x6,
    0xeb, 0xa0, 0x0, 0x6e, 0xba, 0x0, 0x7, 0xe9,
    0xc0, 0x0, 0xbe, 0x4f, 0x84, 0x9e, 0xe0, 0x7e,
    0xe9, 0x6e,

    /* U+00FB "û" */
    0x0, 0x99, 0xa0, 0x0, 0x49, 0x8, 0x50, 0x0,
    0x0, 0x0, 0xb, 0xa0, 0x0, 0x6e, 0xba, 0x0,
    0x6, 0xeb, 0xa0, 0x0, 0x6e, 0xba, 0x0, 0x6,
    0xeb, 0xa0, 0x0, 0x6e, 0xba, 0x0, 0x7, 0xe9,
    0xc0, 0x0, 0xbe, 0x4f, 0x84, 0x9e, 0xe0, 0x7e,
    0xe9, 0x6e,

    /* U+00FC "ü" */
    0x8, 0xd0, 0xca, 0x0, 0x58, 0x7, 0x60, 0x0,
    0x0, 0x0, 0xb, 0xa0, 0x0, 0x6e, 0xba, 0x0,
    0x6, 0xeb, 0xa0, 0x0, 0x6e, 0xba, 0x0, 0x6,
    0xeb, 0xa0, 0x0, 0x6e, 0xba, 0x0, 0x7, 0xe9,
    0xc0, 0x0, 0xbe, 0x4f, 0x84, 0x9e, 0xe0, 0x7e,
    0xe9, 0x6e,

    /* U+00FD "ý" */
    0x0, 0x0, 0x7d, 0x0, 0x0, 0x0, 0xe, 0x40,
    0x0, 0x0, 0x0, 0x10, 0x0, 0x7, 0xf0, 0x0,
    0x6, 0xf1, 0x2f, 0x50, 0x0, 0xbb, 0x0, 0xca,
    0x0, 0xf, 0x50, 0x7, 0xf0, 0x5, 0xf0, 0x0,
    0x1f, 0x50, 0xaa, 0x0, 0x0, 0xca, 0xf, 0x40,
    0x0, 0x6, 0xf4, 0xe0, 0x0, 0x0, 0x1f, 0xd9,
    0x0, 0x0, 0x0, 0xbf, 0x30, 0x0, 0x1, 0x38,
    0xd0, 0x0, 0x0, 0x5f, 0xe4, 0x0, 0x0,

    /* U+00FE "þ" */
    0xba, 0x0, 0x0, 0x0, 0xba, 0x0, 0x0, 0x0,
    0xba, 0x0, 0x0, 0x0, 0xba, 0x8e, 0xfb, 0x20,
    0xbf, 0xc5, 0x5d, 0xe1, 0xbe, 0x0, 0x1, 0xf7,
    0xba, 0x0, 0x0, 0xcb, 0xb8, 0x0, 0x0, 0xac,
    0xba, 0x0, 0x0, 0xcb, 0xbf, 0x10, 0x1, 0xf7,
    0xbf, 0xd6, 0x6d, 0xe1, 0xba, 0x7e, 0xfb, 0x20,
    0xba, 0x0, 0x0, 0x0, 0xba, 0x0, 0x0, 0x0,

    /* U+00FF "ÿ" */
    0x0, 0xc9, 0xf, 0x60, 0x0, 0x8, 0x60, 0xa4,
    0x0, 0x0, 0x0, 0x0, 0x0, 0x7, 0xf0, 0x0,
    0x6, 0xf1, 0x2f, 0x50, 0x0, 0xbb, 0x0, 0xca,
    0x0, 0xf, 0x50, 0x7, 0xf0, 0x5, 0xf0, 0x0,
    0x1f, 0x50, 0xaa, 0x0, 0x0, 0xca, 0xf, 0x40,
    0x0, 0x6, 0xf4, 0xe0, 0x0, 0x0, 0x1f, 0xd9,
    0x0, 0x0, 0x0, 0xbf, 0x30, 0x0, 0x1, 0x38,
    0xd0, 0x0, 0x0, 0x5f, 0xe4, 0x0, 0x0,

    /* U+0100 "Ā" */
    0x0, 0xc, 0xff, 0xf7, 0x0, 0x0, 0x0, 0x23,
    0x33, 0x10, 0x0, 0x0, 0x0, 0x0, 0x0, 0x0,
    0x0, 0x0, 0xc, 0xf6, 0x0, 0x0, 0x0, 0x1,
    0xfc, 0xc0, 0x0, 0x0, 0x0, 0x7e, 0x3f, 0x10,
    0x0, 0x0, 0xc, 0x90, 0xe7, 0x0, 0x0, 0x1,
    0xf3, 0x8, 0xc0, 0x0, 0x0, 0x7e, 0x0, 0x3f,
    0x20, 0x0, 0xc, 0x91, 0x11, 0xe7, 0x0, 0x2,
    0xff, 0xff, 0xff, 0xd0, 0x0, 0x7e, 0x44, 0x44,
    0x6f, 0x20, 0xd, 0x90, 0x0, 0x0, 0xe8, 0x2,
    0xf4, 0x0, 0x0, 0x9, 0xd0, 0x8f, 0x0, 0x0,
    0x0, 0x4f, 0x30,

    /* U+0101 "ā" */
    0x0, 0xbf, 0xff, 0x90, 0x0, 0x2, 0x33, 0x31,
    0x0, 0x0, 0x0, 0x0, 0x0, 0x0, 0x8, 0xdf,
    0xc4, 0x0, 0x9, 0xf7, 0x5a, 0xf3, 0x0, 0xc6,
    0x0, 0xc, 0x90, 0x0, 0x0, 0x25, 0xdb, 0x0,
    0x2b, 0xff, 0xcd, 0xb0, 0x1e, 0x92, 0x0, 0xab,
    0x4, 0xf2, 0x0, 0x1e, 0xb0, 0x1f, 0xc7, 0x8e,
    0xee, 0x30, 0x5d, 0xfd, 0x53, 0xe7,

    /* U+0102 "Ă" */
    0x0, 0xc, 0x40, 0x97, 0x0, 0x0, 0x0, 0x3e,
    0xfc, 0x0, 0x0, 0x0, 0x0, 0x1, 0x0, 0x0,
    0x0, 0x0, 0xc, 0xf6, 0x0, 0x0, 0x0, 0x1,
    0xfc, 0xc0, 0x0, 0x0, 0x0, 0x7e, 0x3f, 0x10,
    0x0, 0x0, 0xc, 0x90, 0xe7, 0x0, 0x0, 0x1,
    0xf3, 0x8, 0xc0, 0x0, 0x0, 0x7e, 0x0, 0x3f,
    0x20, 0x0, 0xc, 0x91, 0x11, 0xe7, 0x0, 0x2,
    0xff, 0xff, 0xff, 0xd0, 0x0, 0x7e, 0x44, 0x44,
    0x6f, 0x20, 0xd, 0x90, 0x0, 0x0, 0xe8, 0x2,
    0xf4, 0x0, 0x0, 0x9, 0xd0, 0x8f, 0x0, 0x0,
    0x0, 0x4f, 0x30,

    /* U+0103 "ă" */
    0x0, 0xa6, 0x7, 0x80, 0x0, 0x3, 0xef, 0xd1,
    0x0, 0x0, 0x0, 0x10, 0x0, 0x0, 0x8, 0xdf,
    0xc4, 0x0, 0x9, 0xf7, 0x5a, 0xf3, 0x0, 0xc6,
    0x0, 0xc, 0x90, 0x0, 0x0, 0x25, 0xdb, 0x0,
    0x2b, 0xff, 0xcd, 0xb0, 0x1e, 0x92, 0x0, 0xab,
    0x4, 0xf2, 0x0, 0x1e, 0xb0, 0x1f, 0xc7, 0x8e,
    0xee, 0x30, 0x5d, 0xfd, 0x53, 0xe7,

    /* U+0104 "Ą" */
    0x0, 0x0, 0xcf, 0x60, 0x0, 0x0, 0x0, 0x1f,
    0xcc, 0x0, 0x0, 0x0, 0x7, 0xe3, 0xf1, 0x0,
    0x0, 0x0, 0xc9, 0xe, 0x70, 0x0, 0x0, 0x1f,
    0x30, 0x8c, 0x0, 0x0, 0x7, 0xe0, 0x3, 0xf2,
    0x0, 0x0, 0xc9, 0x11, 0x1e, 0x70, 0x0, 0x2f,
    0xff, 0xff, 0xfd, 0x0, 0x7, 0xe4, 0x44, 0x46,
    0xf2, 0x0, 0xd9, 0x0, 0x0, 0xe, 0x80, 0x2f,
    0x40, 0x0, 0x0, 0x9d, 0x8, 0xf0, 0x0, 0x0,
    0x4, 0xf3, 0x0, 0x0, 0x0, 0x0, 0x3d, 0x10,
    0x0, 0x0, 0x0, 0xc, 0x60, 0x0, 0x0, 0x0,
    0x0, 0xcf, 0xb0, 0x0, 0x0, 0x0, 0x0, 0x20,

    /* U+0105 "ą" */
    0x0, 0x8d, 0xfc, 0x40, 0x0, 0x9, 0xf7, 0x5a,
    0xf3, 0x0, 0xc, 0x60, 0x0, 0xc9, 0x0, 0x0,
    0x0, 0x25, 0xdb, 0x0, 0x2, 0xbf, 0xfc, 0xdb,
    0x0, 0x1e, 0x92, 0x0, 0xab, 0x0, 0x4f, 0x20,
    0x1, 0xeb, 0x0, 0x1f, 0xc7, 0x8e, 0xee, 0x30,
    0x5, 0xdf, 0xd5, 0x3f, 0x90, 0x0, 0x0, 0x0,
    0x2e, 0x10, 0x0, 0x0, 0x0, 0xa8, 0x0, 0x0,
    0x0, 0x0, 0x9f, 0xe0, 0x0, 0x0, 0x0, 0x1,
    0x0,

    /* U+0106 "Ć" */
    0x0, 0x0, 0x0, 0x11, 0x0, 0x0, 0x0, 0x0,
    0x1f, 0x50, 0x0, 0x0, 0x0, 0x8, 0xa0, 0x0,
    0x0, 0x0, 0x0, 0x0, 0x0, 0x0, 0x0, 0x6,
    0xcf, 0xfc, 0x40, 0x0, 0xb, 0xfb, 0x77, 0xcf,
    0x50, 0x6, 0xf5, 0x0, 0x0, 0xaf, 0x0, 0xda,
    0x0, 0x0, 0x1, 0xf5, 0x2f, 0x50, 0x0, 0x0,
    0x0, 0x3, 0xf3, 0x0, 0x0, 0x0, 0x0, 0x3f,
    0x30, 0x0, 0x0, 0x0, 0x2, 0xf5, 0x0, 0x0,
    0x0, 0x32, 0xd, 0xa0, 0x0, 0x0, 0x1f, 0x60,
    0x7f, 0x50, 0x0, 0xa, 0xf1, 0x0, 0xbf, 0xa7,
    0x7c, 0xf5, 0x0, 0x0, 0x6c, 0xfe, 0xb4, 0x0,

    /* U+0107 "ć" */
    0x0, 0x0, 0x3f, 0x30, 0x0, 0x0, 0xb, 0x80,
    0x0, 0x0, 0x0, 0x10, 0x0, 0x0, 0x5, 0xdf,
    0xe8, 0x0, 0x6, 0xfa, 0x68, 0xf9, 0x0, 0xe9,
    0x0, 0x7, 0xf0, 0x3f, 0x30, 0x0, 0x1, 0x4,
    0xf2, 0x0, 0x0, 0x0, 0x3f, 0x30, 0x0, 0x3,
    0x0, 0xe9, 0x0, 0x7, 0xf0, 0x6, 0xfa, 0x58,
    0xf8, 0x0, 0x6, 0xdf, 0xd7, 0x0,

    /* U+0108 "Ĉ" */
    0x0, 0x0, 0x7, 0x50, 0x0, 0x0, 0x0, 0x8,
    0xbe, 0x20, 0x0, 0x0, 0x2, 0xe1, 0x7b, 0x0,
    0x0, 0x0, 0x0, 0x0, 0x0, 0x0, 0x0, 0x6,
    0xcf, 0xfc, 0x40, 0x0, 0xb, 0xfb, 0x77, 0xcf,
    0x50, 0x6, 0xf5, 0x0, 0x0, 0xaf, 0x0, 0xda,
    0x0, 0x0, 0x1, 0xf5, 0x2f, 0x50, 0x0, 0x0,
    0x0, 0x3, 0xf3, 0x0, 0x0, 0x0, 0x0, 0x3f,
    0x30, 0x0, 0x0, 0x0, 0x2, 0xf5, 0x0, 0x0,
    0x0, 0x32, 0xd, 0xa0, 0x0, 0x0, 0x1f, 0x60,
    0x7f, 0x50, 0x0, 0xa, 0xf1, 0x0, 0xbf, 0xa7,
    0x7c, 0xf5, 0x0, 0x0, 0x6c, 0xfe, 0xb4, 0x0,

    /* U+0109 "ĉ" */
    0x0, 0x8, 0xab, 0x0, 0x0, 0x3, 0xb0, 0x96,
    0x0, 0x0, 0x0, 0x0, 0x0, 0x0, 0x5, 0xdf,
    0xe8, 0x0, 0x6, 0xfa, 0x68, 0xf9, 0x0, 0xe9,
    0x0, 0x7, 0xf0, 0x3f, 0x30, 0x0, 0x1, 0x4,
    0xf2, 0x0, 0x0, 0x0, 0x3f, 0x30, 0x0, 0x3,
    0x0, 0xe9, 0x0, 0x7, 0xf0, 0x6, 0xfa, 0x58,
    0xf8, 0x0, 0x6, 0xdf, 0xd7, 0x0,

    /* U+010A "Ċ" */
    0x0, 0x0, 0xe, 0x80, 0x0, 0x0, 0x0, 0x0,
    0x95, 0x0, 0x0, 0x0, 0x0, 0x0, 0x0, 0x0,
    0x0, 0x0, 0x6c, 0xff, 0xc4, 0x0, 0x0, 0xbf,
    0xb7, 0x7c, 0xf5, 0x0, 0x6f, 0x50, 0x0, 0xa,
    0xf0, 0xd, 0xa0, 0x0, 0x0, 0x1f, 0x52, 0xf5,
    0x0, 0x0, 0x0, 0x0, 0x3f, 0x30, 0x0, 0x0,
    0x0, 0x3, 0xf3, 0x0, 0x0, 0x0, 0x0, 0x2f,
    0x50, 0x0, 0x0, 0x3, 0x20, 0xda, 0x0, 0x0,
    0x1, 0xf6, 0x7, 0xf5, 0x0, 0x0, 0xaf, 0x10,
    0xb, 0xfa, 0x77, 0xcf, 0x50, 0x0, 0x6, 0xcf,
    0xeb, 0x40, 0x0,

    /* U+010B "ċ" */
    0x0, 0x1, 0xf4, 0x0, 0x0, 0x0, 0x1a, 0x30,
    0x0, 0x0, 0x0, 0x0, 0x0, 0x0, 0x5, 0xdf,
    0xe8, 0x0, 0x6, 0xfa, 0x68, 0xf9, 0x0, 0xe9,
    0x0, 0x7, 0xf0, 0x3f, 0x30, 0x0, 0x1, 0x4,
    0xf2, 0x0, 0x0, 0x0, 0x3f, 0x30, 0x0, 0x3,
    0x0, 0xe9, 0x0, 0x7, 0xf0, 0x6, 0xfa, 0x58,
    0xf8, 0x0, 0x6, 0xdf, 0xd7, 0x0,

    /* U+010C "Č" */
    0x0, 0x2, 0x60, 0x26, 0x0, 0x0, 0x0, 0xd,
    0x5b, 0x60, 0x0, 0x0, 0x0, 0x3f, 0xd0, 0x0,
    0x0, 0x0, 0x0, 0x0, 0x0, 0x0, 0x0, 0x6,
    0xcf, 0xfc, 0x40, 0x0, 0xb, 0xfb, 0x77, 0xcf,
    0x50, 0x6, 0xf5, 0x0, 0x0, 0xaf, 0x0, 0xda,
    0x0, 0x0, 0x1, 0xf5, 0x2f, 0x50, 0x0, 0x0,
    0x0, 0x3, 0xf3, 0x0, 0x0, 0x0, 0x0, 0x3f,
    0x30, 0x0, 0x0, 0x0, 0x2, 0xf5, 0x0, 0x0,
    0x0, 0x32, 0xd, 0xa0, 0x0, 0x0, 0x1f, 0x60,
    0x7f, 0x50, 0x0, 0xa, 0xf1, 0x0, 0xbf, 0xa7,
    0x7c, 0xf5, 0x0, 0x0, 0x6c, 0xfe, 0xb4, 0x0,

    /* U+010D "č" */
    0x0, 0x4d, 0xb, 0x70, 0x0, 0x0, 0x9e, 0xc0,
    0x0, 0x0, 0x0, 0x10, 0x0, 0x0, 0x5, 0xdf,
    0xe8, 0x0, 0x6, 0xfa, 0x68, 0xf9, 0x0, 0xe9,
    0x0, 0x7, 0xf0, 0x3f, 0x30, 0x0, 0x1, 0x4,
    0xf2, 0x0, 0x0, 0x0, 0x3f, 0x30, 0x0, 0x3,
    0x0, 0xe9, 0x0, 0x7, 0xf0, 0x6, 0xfa, 0x58,
    0xf8, 0x0, 0x6, 0xdf, 0xd7, 0x0,

    /* U+010E "Ď" */
    0x0, 0xa7, 0x3e, 0x10, 0x0, 0x0, 0x1d, 0xe4,
    0x0, 0x0, 0x0, 0x0, 0x0, 0x0, 0x0, 0x8f,
    0xff, 0xfd, 0x70, 0x0, 0x8e, 0x66, 0x7a, 0xfd,
    0x10, 0x8d, 0x0, 0x0, 0x2e, 0xa0, 0x8d, 0x0,
    0x0, 0x7, 0xf1, 0x8d, 0x0, 0x0, 0x2, 0xf5,
    0x8d, 0x0, 0x0, 0x0, 0xf6, 0x8d, 0x0, 0x0,
    0x0, 0xf6, 0x8d, 0x0, 0x0, 0x2, 0xf5, 0x8d,
    0x0, 0x0, 0x6, 0xf1, 0x8d, 0x0, 0x0, 0x2e,
    0xa0, 0x8e, 0x66, 0x69, 0xfd, 0x10, 0x8f, 0xff,
    0xfd, 0x81, 0x0,

    /* U+010F "ď" */
    0x0, 0x0, 0x0, 0x1f, 0x37, 0xc0, 0x0, 0x0,
    0x1, 0xf3, 0x99, 0x0, 0x0, 0x0, 0x1f, 0x3b,
    0x60, 0x7, 0xef, 0xc5, 0xf3, 0xd3, 0x8, 0xf7,
    0x25, 0xef, 0x31, 0x0, 0xf8, 0x0, 0x7, 0xf3,
    0x0, 0x3f, 0x30, 0x0, 0x3f, 0x30, 0x4, 0xf2,
    0x0, 0x2, 0xf3, 0x0, 0x3f, 0x40, 0x0, 0x3f,
    0x30, 0x0, 0xfa, 0x0, 0x9, 0xf3, 0x0, 0x8,
    0xfa, 0x69, 0xef, 0x30, 0x0, 0x7, 0xef, 0xc2,
    0xf3, 0x0,

    /* U+0110 "Đ" */
    0x8, 0xff, 0xff, 0xd7, 0x0, 0x0, 0x8e, 0x66,
    0x7a, 0xfd, 0x10, 0x8, 0xd0, 0x0, 0x2, 0xea,
    0x0, 0x8d, 0x0, 0x0, 0x7, 0xf1, 0x8, 0xd0,
    0x0, 0x0, 0x2f, 0x50, 0x9e, 0x0, 0x0, 0x0,
    0xf6, 0xbf, 0xff, 0xff, 0x10, 0xf, 0x62, 0xcf,
    0x33, 0x30, 0x2, 0xf5, 0x8, 0xd0, 0x0, 0x0,
    0x6f, 0x10, 0x8d, 0x0, 0x0, 0x2e, 0xa0, 0x8,
    0xe6, 0x66, 0x9f, 0xd1, 0x0, 0x8f, 0xff, 0xfd,
    0x81, 0x0,

    /* U+0111 "đ" */
    0x0, 0x0, 0x0, 0x1f, 0x30, 0x0, 0x0, 0x7f,
    0xff, 0xf4, 0x0, 0x0, 0x12, 0x4f, 0x60, 0x0,
    0x7e, 0xfb, 0x4f, 0x30, 0x8, 0xfa, 0x68, 0xef,
    0x30, 0xf, 0x90, 0x0, 0x8f, 0x30, 0x3f, 0x30,
    0x0, 0x3f, 0x30, 0x4f, 0x20, 0x0, 0x2f, 0x30,
    0x3f, 0x30, 0x0, 0x3f, 0x30, 0xf, 0x90, 0x0,
    0x8f, 0x30, 0x8, 0xfa, 0x58, 0xef, 0x30, 0x0,
    0x7e, 0xfc, 0x2f, 0x30,

    /* U+0112 "Ē" */
    0x1, 0xff, 0xff, 0x30, 0x0, 0x33, 0x33, 0x0,
    0x0, 0x0, 0x0, 0x0, 0x8f, 0xff, 0xff, 0xf9,
    0x8e, 0x66, 0x66, 0x63, 0x8d, 0x0, 0x0, 0x0,
    0x8d, 0x0, 0x0, 0x0, 0x8d, 0x11, 0x11, 0x10,
    0x8f, 0xff, 0xff, 0xf6, 0x8e, 0x44, 0x44, 0x41,
    0x8d, 0x0, 0x0, 0x0, 0x8d, 0x0, 0x0, 0x0,
    0x8d, 0x0, 0x0, 0x0, 0x8e, 0x66, 0x66, 0x64,
    0x8f, 0xff, 0xff, 0xfb,

    /* U+0113 "ē" */
    0x0, 0x8f, 0xff, 0xb0, 0x0, 0x1, 0x33, 0x32,
    0x0, 0x0, 0x0, 0x0, 0x0, 0x0, 0x6, 0xdf,
    0xd5, 0x0, 0x6, 0xf9, 0x69, 0xf5, 0x0, 0xe9,
    0x0, 0x9, 0xe0, 0x3f, 0x30, 0x0, 0x4f, 0x24,
    0xff, 0xff, 0xff, 0xf3, 0x3f, 0x53, 0x33, 0x33,
    0x0, 0xe7, 0x0, 0x4, 0x80, 0x6, 0xf9, 0x57,
    0xf9, 0x0, 0x6, 0xdf, 0xd7, 0x0,

    /* U+0114 "Ĕ" */
    0x0, 0x61, 0x1, 0x50, 0x0, 0x9, 0x80, 0x88,
    0x0, 0x0, 0x1d, 0xfc, 0x10, 0x0, 0x0, 0x0,
    0x0, 0x0, 0xbf, 0xff, 0xff, 0xff, 0x9b, 0xe7,
    0x77, 0x77, 0x74, 0xbc, 0x0, 0x0, 0x0, 0xb,
    0xc0, 0x0, 0x0, 0x0, 0xbc, 0x22, 0x22, 0x22,
    0xb, 0xff, 0xff, 0xff, 0xf2, 0xbd, 0x55, 0x55,
    0x55, 0xb, 0xc0, 0x0, 0x0, 0x0, 0xbc, 0x0,
    0x0, 0x0, 0xb, 0xc0, 0x0, 0x0, 0x0, 0xbe,
    0x77, 0x77, 0x77, 0x5b, 0xff, 0xff, 0xff, 0xfd,

    /* U+0115 "ĕ" */
    0x0, 0x97, 0x5, 0xc0, 0x0, 0x2, 0xdf, 0xe3,
    0x0, 0x0, 0x0, 0x0, 0x0, 0x0, 0x7, 0xdf,
    0xd5, 0x0, 0x7, 0xf8, 0x48, 0xf5, 0x0, 0xf9,
    0x0, 0x8, 0xe0, 0x4f, 0x40, 0x0, 0x4f, 0x25,
    0xff, 0xff, 0xff, 0xf4, 0x4f, 0x53, 0x33, 0x33,
    0x1, 0xf7, 0x0, 0x5, 0xb1, 0x8, 0xf7, 0x46,
    0xfa, 0x0, 0x7, 0xdf, 0xe8, 0x0,

    /* U+0116 "Ė" */
    0x0, 0x6, 0x70, 0x0, 0x0, 0xa, 0xc0, 0x0,
    0x0, 0x0, 0x0, 0x0, 0x8f, 0xff, 0xff, 0xf9,
    0x8e, 0x66, 0x66, 0x63, 0x8d, 0x0, 0x0, 0x0,
    0x8d, 0x0, 0x0, 0x0, 0x8d, 0x11, 0x11, 0x10,
    0x8f, 0xff, 0xff, 0xf6, 0x8e, 0x44, 0x44, 0x41,
    0x8d, 0x0, 0x0, 0x0, 0x8d, 0x0, 0x0, 0x0,
    0x8d, 0x0, 0x0, 0x0, 0x8e, 0x66, 0x66, 0x64,
    0x8f, 0xff, 0xff, 0xfb,

    /* U+0117 "ė" */
    0x0, 0x1, 0xf4, 0x0, 0x0, 0x0, 0x1a, 0x20,
    0x0, 0x0, 0x0, 0x0, 0x0, 0x0, 0x6, 0xdf,
    0xd5, 0x0, 0x6, 0xf9, 0x69, 0xf5, 0x0, 0xe9,
    0x0, 0x9, 0xe0, 0x3f, 0x30, 0x0, 0x4f, 0x24,
    0xff, 0xff, 0xff, 0xf3, 0x3f, 0x53, 0x33, 0x33,
    0x0, 0xe7, 0x0, 0x4, 0x80, 0x6, 0xf9, 0x57,
    0xf9, 0x0, 0x6, 0xdf, 0xd7, 0x0,

    /* U+0118 "Ę" */
    0x8f, 0xff, 0xff, 0xf9, 0x8, 0xe6, 0x66, 0x66,
    0x30, 0x8d, 0x0, 0x0, 0x0, 0x8, 0xd0, 0x0,
    0x0, 0x0, 0x8d, 0x11, 0x11, 0x10, 0x8, 0xff,
    0xff, 0xff, 0x60, 0x8e, 0x44, 0x44, 0x41, 0x8,
    0xd0, 0x0, 0x0, 0x0, 0x8d, 0x0, 0x0, 0x0,
    0x8, 0xd0, 0x0, 0x0, 0x0, 0x8e, 0x66, 0x66,
    0x64, 0x8, 0xff, 0xff, 0xff, 0xd0, 0x0, 0x0,
    0x0, 0xc5, 0x0, 0x0, 0x0, 0x6c, 0x0, 0x0,
    0x0, 0x6, 0xff, 0x20, 0x0, 0x0, 0x1, 0x10,

    /* U+0119 "ę" */
    0x0, 0x6d, 0xfd, 0x50, 0x0, 0x6f, 0x96, 0x9f,
    0x50, 0xe, 0x90, 0x0, 0x9e, 0x3, 0xf3, 0x0,
    0x4, 0xf2, 0x4f, 0xff, 0xff, 0xff, 0x33, 0xf5,
    0x33, 0x33, 0x30, 0xe, 0x70, 0x0, 0x48, 0x0,
    0x6f, 0x95, 0x7f, 0xb0, 0x0, 0x6d, 0xff, 0xf0,
    0x0, 0x0, 0x3, 0xe1, 0x0, 0x0, 0x0, 0x8a,
    0x0, 0x0, 0x0, 0x6, 0xff, 0x0, 0x0, 0x0,
    0x1, 0x0, 0x0,

    /* U+011A "Ě" */
    0x0, 0xc6, 0x4d, 0x0, 0x0, 0x1e, 0xe3, 0x0,
    0x0, 0x0, 0x0, 0x0, 0x8f, 0xff, 0xff, 0xf9,
    0x8e, 0x66, 0x66, 0x63, 0x8d, 0x0, 0x0, 0x0,
    0x8d, 0x0, 0x0, 0x0, 0x8d, 0x11, 0x11, 0x10,
    0x8f, 0xff, 0xff, 0xf6, 0x8e, 0x44, 0x44, 0x41,
    0x8d, 0x0, 0x0, 0x0, 0x8d, 0x0, 0x0, 0x0,
    0x8d, 0x0, 0x0, 0x0, 0x8e, 0x66, 0x66, 0x64,
    0x8f, 0xff, 0xff, 0xfb,

    /* U+011B "ě" */
    0x0, 0x4d, 0xb, 0x70, 0x0, 0x0, 0x9e, 0xc0,
    0x0, 0x0, 0x0, 0x20, 0x0, 0x0, 0x6, 0xdf,
    0xd5, 0x0, 0x6, 0xf9, 0x69, 0xf5, 0x0, 0xe9,
    0x0, 0x9, 0xe0, 0x3f, 0x30, 0x0, 0x4f, 0x24,
    0xff, 0xff, 0xff, 0xf3, 0x3f, 0x53, 0x33, 0x33,
    0x0, 0xe7, 0x0, 0x4, 0x80, 0x6, 0xf9, 0x57,
    0xf9, 0x0, 0x6, 0xdf, 0xd7, 0x0,

    /* U+011C "Ĝ" */
    0x0, 0x0, 0x7, 0x50, 0x0, 0x0, 0x0, 0x8,
    0xbe, 0x20, 0x0, 0x0, 0x1, 0xe1, 0x6b, 0x0,
    0x0, 0x0, 0x0, 0x0, 0x0, 0x0, 0x0, 0x6,
    0xcf, 0xeb, 0x30, 0x0, 0xa, 0xfa, 0x77, 0xcf,
    0x40, 0x6, 0xf4, 0x0, 0x0, 0xae, 0x0, 0xda,
    0x0, 0x0, 0x2, 0xd3, 0x1f, 0x50, 0x0, 0x0,
    0x0, 0x3, 0xf3, 0x0, 0x1, 0x11, 0x10, 0x3f,
    0x30, 0x2, 0xff, 0xff, 0x62, 0xf5, 0x0, 0x4,
    0x44, 0xf6, 0xd, 0x90, 0x0, 0x0, 0x2f, 0x60,
    0x7f, 0x40, 0x0, 0xb, 0xf6, 0x0, 0xbf, 0xa6,
    0x7d, 0xcb, 0x60, 0x0, 0x7d, 0xfe, 0x90, 0xa6,

    /* U+011D "ĝ" */
    0x0, 0x9, 0xaa, 0x0, 0x0, 0x4, 0xa0, 0xa5,
    0x0, 0x0, 0x0, 0x0, 0x0, 0x0, 0x7, 0xdf,
    0xc3, 0xf3, 0x8, 0xf9, 0x59, 0xef, 0x30, 0xf8,
    0x0, 0x8, 0xf3, 0x3f, 0x30, 0x0, 0x2f, 0x34,
    0xf2, 0x0, 0x2, 0xf3, 0x1f, 0x60, 0x0, 0x6f,
    0x30, 0xae, 0x51, 0x5e, 0xf3, 0x0, 0xaf, 0xff,
    0x7f, 0x30, 0x52, 0x13, 0x4, 0xf2, 0xa, 0xe7,
    0x57, 0xeb, 0x0, 0x7, 0xef, 0xe9, 0x10,

    /* U+011E "Ğ" */
    0x0, 0x3, 0x40, 0x7, 0x0, 0x0, 0x0, 0x3d,
    0x3, 0xd0, 0x0, 0x0, 0x0, 0x9f, 0xe4, 0x0,
    0x0, 0x0, 0x0, 0x0, 0x0, 0x0, 0x0, 0x6,
    0xcf, 0xeb, 0x30, 0x0, 0xa, 0xfa, 0x77, 0xcf,
    0x40, 0x6, 0xf4, 0x0, 0x0, 0xae, 0x0, 0xda,
    0x0, 0x0, 0x2, 0xd3, 0x1f, 0x50, 0x0, 0x0,
    0x0, 0x3, 0xf3, 0x0, 0x1, 0x11, 0x10, 0x3f,
    0x30, 0x2, 0xff, 0xff, 0x62, 0xf5, 0x0, 0x4,
    0x44, 0xf6, 0xd, 0x90, 0x0, 0x0, 0x2f, 0x60,
    0x7f, 0x40, 0x0, 0xb, 0xf6, 0x0, 0xbf, 0xa6,
    0x7d, 0xcb, 0x60, 0x0, 0x7d, 0xfe, 0x90, 0xa6,

    /* U+011F "ğ" */
    0x0, 0x6e, 0xee, 0x60, 0x0, 0x0, 0x1, 0x0,
    0x0, 0x0, 0x0, 0x0, 0x0, 0x0, 0x7, 0xdf,
    0xc3, 0xf3, 0x8, 0xf9, 0x59, 0xef, 0x30, 0xf8,
    0x0, 0x8, 0xf3, 0x3f, 0x30, 0x0, 0x2f, 0x34,
    0xf2, 0x0, 0x2, 0xf3, 0x1f, 0x60, 0x0, 0x6f,
    0x30, 0xae, 0x51, 0x5e, 0xf3, 0x0, 0xaf, 0xff,
    0x7f, 0x30, 0x52, 0x13, 0x4, 0xf2, 0xa, 0xe7,
    0x57, 0xeb, 0x0, 0x7, 0xef, 0xe9, 0x10,

    /* U+0120 "Ġ" */
    0x0, 0x0, 0xe, 0x80, 0x0, 0x0, 0x0, 0x0,
    0x85, 0x0, 0x0, 0x0, 0x0, 0x0, 0x0, 0x0,
    0x0, 0x0, 0x6c, 0xfe, 0xb3, 0x0, 0x0, 0xaf,
    0xa7, 0x7c, 0xf4, 0x0, 0x6f, 0x40, 0x0, 0xa,
    0xe0, 0xd, 0xa0, 0x0, 0x0, 0x2d, 0x31, 0xf5,
    0x0, 0x0, 0x0, 0x0, 0x3f, 0x30, 0x0, 0x11,
    0x11, 0x3, 0xf3, 0x0, 0x2f, 0xff, 0xf6, 0x2f,
    0x50, 0x0, 0x44, 0x4f, 0x60, 0xd9, 0x0, 0x0,
    0x2, 0xf6, 0x7, 0xf4, 0x0, 0x0, 0xbf, 0x60,
    0xb, 0xfa, 0x67, 0xdc, 0xb6, 0x0, 0x7, 0xdf,
    0xe9, 0xa, 0x60,

    /* U+0121 "ġ" */
    0x0, 0x2, 0xf3, 0x0, 0x0, 0x0, 0x1a, 0x20,
    0x0, 0x0, 0x0, 0x0, 0x0, 0x0, 0x7, 0xdf,
    0xc3, 0xf3, 0x8, 0xf9, 0x59, 0xef, 0x30, 0xf8,
    0x0, 0x8, 0xf3, 0x3f, 0x30, 0x0, 0x2f, 0x34,
    0xf2, 0x0, 0x2, 0xf3, 0x1f, 0x60, 0x0, 0x6f,
    0x30, 0xae, 0x51, 0x5e, 0xf3, 0x0, 0xaf, 0xff,
    0x7f, 0x30, 0x52, 0x13, 0x4, 0xf2, 0xa, 0xe7,
    0x57, 0xeb, 0x0, 0x7, 0xef, 0xe9, 0x10,

    /* U+0122 "Ģ" */
    0x0, 0x6, 0xcf, 0xeb, 0x30, 0x0, 0xa, 0xfa,
    0x77, 0xcf, 0x40, 0x6, 0xf4, 0x0, 0x0, 0xae,
    0x0, 0xda, 0x0, 0x0, 0x2, 0xd3, 0x1f, 0x50,
    0x0, 0x0, 0x0, 0x3, 0xf3, 0x0, 0x1, 0x11,
    0x10, 0x3f, 0x30, 0x2, 0xff, 0xff, 0x62, 0xf5,
    0x0, 0x4, 0x44, 0xf6, 0xd, 0x90, 0x0, 0x0,
    0x2f, 0x60, 0x7f, 0x40, 0x0, 0xb, 0xf6, 0x0,
    0xbf, 0xa6, 0x7d, 0xcb, 0x60, 0x0, 0x7d, 0xfe,
    0x90, 0xa6, 0x0, 0x0, 0x7, 0x50, 0x0, 0x0,
    0x0, 0x0, 0xfa, 0x0, 0x0, 0x0, 0x0, 0xa,
    0x40, 0x0, 0x0, 0x0, 0x0, 0x60, 0x0, 0x0,

    /* U+0123 "ģ" */
    0x0, 0x0, 0x85, 0x0, 0x0, 0x0, 0x1d, 0x0,
    0x0, 0x0, 0x4, 0xf4, 0x0, 0x0, 0x0, 0x27,
    0x20, 0x0, 0x0, 0x0, 0x0, 0x0, 0x0, 0x7,
    0xdf, 0xc3, 0xf3, 0x8, 0xf9, 0x59, 0xef, 0x30,
    0xf8, 0x0, 0x8, 0xf3, 0x3f, 0x30, 0x0, 0x2f,
    0x34, 0xf2, 0x0, 0x2, 0xf3, 0x1f, 0x60, 0x0,
    0x6f, 0x30, 0xae, 0x51, 0x5e, 0xf3, 0x0, 0xaf,
    0xff, 0x7f, 0x30, 0x52, 0x13, 0x4, 0xf2, 0xa,
    0xe7, 0x57, 0xeb, 0x0, 0x7, 0xef, 0xe9, 0x10,

    /* U+0124 "Ĥ" */
    0x0, 0x6, 0xec, 0x0, 0x0, 0x2, 0xe1, 0x98,
    0x0, 0x0, 0x0, 0x0, 0x0, 0x8, 0xd0, 0x0,
    0x0, 0x7f, 0x8d, 0x0, 0x0, 0x7, 0xf8, 0xd0,
    0x0, 0x0, 0x7f, 0x8d, 0x0, 0x0, 0x7, 0xf8,
    0xe1, 0x11, 0x11, 0x8f, 0x8f, 0xff, 0xff, 0xff,
    0xf8, 0xf4, 0x44, 0x44, 0xbf, 0x8d, 0x0, 0x0,
    0x7, 0xf8, 0xd0, 0x0, 0x0, 0x7f, 0x8d, 0x0,
    0x0, 0x7, 0xf8, 0xd0, 0x0, 0x0, 0x7f, 0x8d,
    0x0, 0x0, 0x7, 0xf0,

    /* U+0125 "ĥ" */
    0x1, 0xfe, 0x10, 0x0, 0x0, 0xa, 0x79, 0x90,
    0x0, 0x0, 0x7, 0x0, 0x70, 0x0, 0x0, 0x0,
    0xba, 0x0, 0x0, 0x0, 0x0, 0xba, 0x0, 0x0,
    0x0, 0x0, 0xba, 0x0, 0x0, 0x0, 0x0, 0xba,
    0x7d, 0xfa, 0x0, 0x0, 0xbe, 0xb4, 0x6e, 0x90,
    0x0, 0xbe, 0x0, 0x8, 0xe0, 0x0, 0xba, 0x0,
    0x5, 0xf0, 0x0, 0xba, 0x0, 0x5, 0xf0, 0x0,
    0xba, 0x0, 0x5, 0xf0, 0x0, 0xba, 0x0, 0x5,
    0xf0, 0x0, 0xba, 0x0, 0x5, 0xf0, 0x0, 0xba,
    0x0, 0x5, 0xf0,

    /* U+0126 "Ħ" */
    0x8, 0xd0, 0x0, 0x0, 0x7f, 0x0, 0x9, 0xe1,
    0x11, 0x11, 0x8f, 0x10, 0xbf, 0xff, 0xff, 0xff,
    0xff, 0xf2, 0x2c, 0xf4, 0x44, 0x44, 0xbf, 0x40,
    0x8, 0xe1, 0x11, 0x11, 0x8f, 0x0, 0x8, 0xff,
    0xff, 0xff, 0xff, 0x0, 0x8, 0xf4, 0x44, 0x44,
    0xbf, 0x0, 0x8, 0xd0, 0x0, 0x0, 0x7f, 0x0,
    0x8, 0xd0, 0x0, 0x0, 0x7f, 0x0, 0x8, 0xd0,
    0x0, 0x0, 0x7f, 0x0, 0x8, 0xd0, 0x0, 0x0,
    0x7f, 0x0, 0x8, 0xd0, 0x0, 0x0, 0x7f, 0x0,

    /* U+0127 "ħ" */
    0xb, 0xa0, 0x0, 0x0, 0xd, 0xff, 0xfe, 0x0,
    0x0, 0x2e, 0xc2, 0x20, 0x0, 0x0, 0xba, 0x7d,
    0xfa, 0x0, 0xb, 0xeb, 0x46, 0xe9, 0x0, 0xbe,
    0x0, 0x8, 0xe0, 0xb, 0xa0, 0x0, 0x5f, 0x0,
    0xba, 0x0, 0x5, 0xf0, 0xb, 0xa0, 0x0, 0x5f,
    0x0, 0xba, 0x0, 0x5, 0xf0, 0xb, 0xa0, 0x0,
    0x5f, 0x0, 0xba, 0x0, 0x5, 0xf0,

    /* U+0128 "Ĩ" */
    0xb, 0xd4, 0x48, 0x49, 0x2b, 0xd2, 0x0, 0x0,
    0x0, 0x0, 0x8d, 0x0, 0x0, 0x8d, 0x0, 0x0,
    0x8d, 0x0, 0x0, 0x8d, 0x0, 0x0, 0x8d, 0x0,
    0x0, 0x8d, 0x0, 0x0, 0x8d, 0x0, 0x0, 0x8d,
    0x0, 0x0, 0x8d, 0x0, 0x0, 0x8d, 0x0, 0x0,
    0x8d, 0x0, 0x0, 0x8d, 0x0,

    /* U+0129 "ĩ" */
    0x2d, 0xd3, 0x86, 0x75, 0x3d, 0xc0, 0x0, 0x0,
    0x0, 0x0, 0xba, 0x0, 0x0, 0xba, 0x0, 0x0,
    0xba, 0x0, 0x0, 0xba, 0x0, 0x0, 0xba, 0x0,
    0x0, 0xba, 0x0, 0x0, 0xba, 0x0, 0x0, 0xba,
    0x0, 0x0, 0xba, 0x0,

    /* U+012A "Ī" */
    0xff, 0xff, 0x42, 0x33, 0x30, 0x0, 0x0, 0x0,
    0x8d, 0x0, 0x8, 0xd0, 0x0, 0x8d, 0x0, 0x8,
    0xd0, 0x0, 0x8d, 0x0, 0x8, 0xd0, 0x0, 0x8d,
    0x0, 0x8, 0xd0, 0x0, 0x8d, 0x0, 0x8, 0xd0,
    0x0, 0x8d, 0x0, 0x8, 0xd0, 0x0,

    /* U+012B "ī" */
    0x3f, 0xff, 0xf1, 0x3, 0x33, 0x30, 0x0, 0x0,
    0x0, 0x0, 0xba, 0x0, 0x0, 0xba, 0x0, 0x0,
    0xba, 0x0, 0x0, 0xba, 0x0, 0x0, 0xba, 0x0,
    0x0, 0xba, 0x0, 0x0, 0xba, 0x0, 0x0, 0xba,
    0x0, 0x0, 0xba, 0x0,

    /* U+012C "Ĭ" */
    0x7, 0x0, 0x34, 0xd, 0x40, 0xc5, 0x3, 0xef,
    0xa0, 0x0, 0x0, 0x0, 0x0, 0x8f, 0x0, 0x0,
    0x8f, 0x0, 0x0, 0x8f, 0x0, 0x0, 0x8f, 0x0,
    0x0, 0x8f, 0x0, 0x0, 0x8f, 0x0, 0x0, 0x8f,
    0x0, 0x0, 0x8f, 0x0, 0x0, 0x8f, 0x0, 0x0,
    0x8f, 0x0, 0x0, 0x8f, 0x0, 0x0, 0x8f, 0x0,

    /* U+012D "ĭ" */
    0x6a, 0x2, 0xe0, 0xb, 0xfe, 0x50, 0x0, 0x0,
    0x0, 0x0, 0xe7, 0x0, 0x0, 0xe7, 0x0, 0x0,
    0xe7, 0x0, 0x0, 0xe7, 0x0, 0x0, 0xe7, 0x0,
    0x0, 0xe7, 0x0, 0x0, 0xe7, 0x0, 0x0, 0xe7,
    0x0, 0x0, 0xe7, 0x0,

    /* U+012E "Į" */
    0x8, 0xd0, 0x8, 0xd0, 0x8, 0xd0, 0x8, 0xd0,
    0x8, 0xd0, 0x8, 0xd0, 0x8, 0xd0, 0x8, 0xd0,
    0x8, 0xd0, 0x8, 0xd0, 0x8, 0xd0, 0x9, 0xf0,
    0xa, 0x70, 0x4e, 0x0, 0x4f, 0xf3, 0x1, 0x10,

    /* U+012F "į" */
    0xc, 0xa0, 0x7, 0x60, 0x0, 0x0, 0xb, 0xa0,
    0xb, 0xa0, 0xb, 0xa0, 0xb, 0xa0, 0xb, 0xa0,
    0xb, 0xa0, 0xb, 0xa0, 0xb, 0xa0, 0xd, 0xb0,
    0xd, 0x30, 0x8a, 0x0, 0x8f, 0xf0, 0x1, 0x0,

    /* U+0130 "İ" */
    0x58, 0x8d, 0x0, 0x8d, 0x8d, 0x8d, 0x8d, 0x8d,
    0x8d, 0x8d, 0x8d, 0x8d, 0x8d, 0x8d, 0x8d,

    /* U+0131 "ı" */
    0xba, 0xba, 0xba, 0xba, 0xba, 0xba, 0xba, 0xba,
    0xba,

    /* U+0132 "Ĳ" */
    0x8d, 0x0, 0x0, 0x0, 0x1, 0xf5, 0x8d, 0x0,
    0x0, 0x0, 0x1, 0xf5, 0x8d, 0x0, 0x0, 0x0,
    0x1, 0xf5, 0x8d, 0x0, 0x0, 0x0, 0x1, 0xf5,
    0x8d, 0x0, 0x0, 0x0, 0x1, 0xf5, 0x8d, 0x0,
    0x0, 0x0, 0x1, 0xf5, 0x8d, 0x0, 0x0, 0x0,
    0x1, 0xf5, 0x8d, 0x0, 0x21, 0x0, 0x1, 0xf4,
    0x8d, 0x0, 0xd9, 0x0, 0x2, 0xf3, 0x8d, 0x0,
    0xad, 0x0, 0x7, 0xf0, 0x8d, 0x0, 0x2f, 0xc7,
    0x9f, 0x80, 0x8d, 0x0, 0x3, 0xcf, 0xe7, 0x0,

    /* U+0133 "ĳ" */
    0xca, 0x0, 0xca, 0x76, 0x0, 0x76, 0x0, 0x0,
    0x0, 0xba, 0x0, 0xba, 0xba, 0x0, 0xba, 0xba,
    0x0, 0xba, 0xba, 0x0, 0xba, 0xba, 0x0, 0xba,
    0xba, 0x0, 0xba, 0xba, 0x0, 0xba, 0xba, 0x0,
    0xba, 0xba, 0x0, 0xb9, 0x0, 0x14, 0xe8, 0x0,
    0x5f, 0xd2,

    /* U+0134 "Ĵ" */
    0x0, 0x0, 0x2, 0x84, 0x0, 0x0, 0x0, 0xaa,
    0xe0, 0x0, 0x0, 0x4d, 0x9, 0x80, 0x0, 0x0,
    0x0, 0x0, 0x0, 0x0, 0x1, 0xf5, 0x0, 0x0,
    0x0, 0x1f, 0x50, 0x0, 0x0, 0x1, 0xf5, 0x0,
    0x0, 0x0, 0x1f, 0x50, 0x0, 0x0, 0x1, 0xf5,
    0x0, 0x0, 0x0, 0x1f, 0x50, 0x0, 0x0, 0x1,
    0xf5, 0x2, 0x10, 0x0, 0x1f, 0x40, 0xd9, 0x0,
    0x2, 0xf3, 0xa, 0xd0, 0x0, 0x7f, 0x0, 0x2f,
    0xc7, 0x9f, 0x80, 0x0, 0x3c, 0xfe, 0x70, 0x0,

    /* U+0135 "ĵ" */
    0x1, 0xca, 0x50, 0x8, 0x50, 0xb1, 0x0, 0x0,
    0x0, 0x0, 0x7e, 0x0, 0x0, 0x7e, 0x0, 0x0,
    0x7e, 0x0, 0x0, 0x7e, 0x0, 0x0, 0x7e, 0x0,
    0x0, 0x7e, 0x0, 0x0, 0x7e, 0x0, 0x0, 0x7e,
    0x0, 0x0, 0x7d, 0x0, 0x3, 0xbc, 0x0, 0x1f,
    0xe5, 0x0,

    /* U+0136 "Ķ" */
    0x8d, 0x0, 0x0, 0x7f, 0x48, 0xd0, 0x0, 0x5f,
    0x60, 0x8d, 0x0, 0x3f, 0x80, 0x8, 0xd0, 0x2e,
    0xb0, 0x0, 0x8d, 0xd, 0xc0, 0x0, 0x8, 0xdb,
    0xf7, 0x0, 0x0, 0x8f, 0xfa, 0xf2, 0x0, 0x8,
    0xf4, 0xc, 0xd0, 0x0, 0x8d, 0x0, 0x2f, 0x80,
    0x8, 0xd0, 0x0, 0x7f, 0x40, 0x8d, 0x0, 0x0,
    0xbe, 0x18, 0xd0, 0x0, 0x1, 0xea, 0x0, 0x2,
    0x82, 0x0, 0x0, 0x0, 0x4f, 0x50, 0x0, 0x0,
    0x0, 0xd1, 0x0, 0x0, 0x0, 0x34, 0x0, 0x0,

    /* U+0137 "ķ" */
    0xba, 0x0, 0x0, 0x0, 0xba, 0x0, 0x0, 0x0,
    0xba, 0x0, 0x0, 0x0, 0xba, 0x0, 0xa, 0xf2,
    0xba, 0x0, 0x8f, 0x40, 0xba, 0x6, 0xf5, 0x0,
    0xba, 0x4f, 0x80, 0x0, 0xbc, 0xef, 0xa0, 0x0,
    0xbf, 0xa4, 0xf5, 0x0, 0xbc, 0x0, 0x9e, 0x10,
    0xba, 0x0, 0xe, 0xa0, 0xba, 0x0, 0x4, 0xf5,
    0x0, 0x8, 0x40, 0x0, 0x0, 0x1f, 0x80, 0x0,
    0x0, 0xc, 0x20, 0x0, 0x0, 0x15, 0x0, 0x0,

    /* U+0138 "ĸ" */
    0xf7, 0x1, 0xdc, 0xf, 0x70, 0x9b, 0x30, 0xf7,
    0xe, 0x30, 0xf, 0x77, 0xc0, 0x0, 0xff, 0xf3,
    0x0, 0xf, 0x77, 0xe2, 0x0, 0xf7, 0xc, 0xb0,
    0xf, 0x70, 0x3f, 0x40, 0xf7, 0x0, 0xad, 0x0,

    /* U+0139 "Ĺ" */
    0xa, 0xc0, 0x0, 0x0, 0x2f, 0x20, 0x0, 0x0,
    0x1, 0x0, 0x0, 0x0, 0x8d, 0x0, 0x0, 0x0,
    0x8d, 0x0, 0x0, 0x0, 0x8d, 0x0, 0x0, 0x0,
    0x8d, 0x0, 0x0, 0x0, 0x8d, 0x0, 0x0, 0x0,
    0x8d, 0x0, 0x0, 0x0, 0x8d, 0x0, 0x0, 0x0,
    0x8d, 0x0, 0x0, 0x0, 0x8d, 0x0, 0x0, 0x0,
    0x8d, 0x0, 0x0, 0x0, 0x8f, 0x66, 0x66, 0x63,
    0x8f, 0xff, 0xff, 0xf8,

    /* U+013A "ĺ" */
    0x1, 0x10, 0xd7, 0x6c, 0xb, 0xa0, 0xba, 0xb,
    0xa0, 0xba, 0xb, 0xa0, 0xba, 0xb, 0xa0, 0xba,
    0xb, 0xa0, 0xba, 0xa, 0xc3, 0x4e, 0xe0,

    /* U+013B "Ļ" */
    0x8d, 0x0, 0x0, 0x0, 0x8d, 0x0, 0x0, 0x0,
    0x8d, 0x0, 0x0, 0x0, 0x8d, 0x0, 0x0, 0x0,
    0x8d, 0x0, 0x0, 0x0, 0x8d, 0x0, 0x0, 0x0,
    0x8d, 0x0, 0x0, 0x0, 0x8d, 0x0, 0x0, 0x0,
    0x8d, 0x0, 0x0, 0x0, 0x8d, 0x0, 0x0, 0x0,
    0x8f, 0x66, 0x66, 0x63, 0x8f, 0xff, 0xff, 0xf8,
    0x0, 0x6, 0x60, 0x0, 0x0, 0xc, 0xc0, 0x0,
    0x0, 0x8, 0x60, 0x0, 0x0, 0x7, 0x0, 0x0,

    /* U+013C "ļ" */
    0xba, 0xb, 0xa0, 0xba, 0xb, 0xa0, 0xba, 0xb,
    0xa0, 0xba, 0xb, 0xa0, 0xba, 0xb, 0xa0, 0xac,
    0x34, 0xee, 0x18, 0x32, 0xf6, 0xc, 0x12, 0x40,

    /* U+013D "Ľ" */
    0x8d, 0x0, 0x2, 0xf1, 0x8d, 0x0, 0x4, 0xe0,
    0x8d, 0x0, 0x6, 0xb0, 0x8d, 0x0, 0x8, 0x80,
    0x8d, 0x0, 0x2, 0x10, 0x8d, 0x0, 0x0, 0x0,
    0x8d, 0x0, 0x0, 0x0, 0x8d, 0x0, 0x0, 0x0,
    0x8d, 0x0, 0x0, 0x0, 0x8d, 0x0, 0x0, 0x0,
    0x8f, 0x66, 0x66, 0x63, 0x8f, 0xff, 0xff, 0xf8,

    /* U+013E "ľ" */
    0xba, 0xf, 0x4b, 0xa1, 0xf1, 0xba, 0x3e, 0xb,
    0xa5, 0xb0, 0xba, 0x12, 0xb, 0xa0, 0x0, 0xba,
    0x0, 0xb, 0xa0, 0x0, 0xba, 0x0, 0xb, 0xa0,
    0x0, 0xac, 0x30, 0x4, 0xee, 0x0,

    /* U+013F "Ŀ" */
    0xcb, 0x0, 0x0, 0x0, 0xcb, 0x0, 0x0, 0x0,
    0xcb, 0x0, 0x0, 0x0, 0xcb, 0x0, 0x0, 0x0,
    0xcb, 0x0, 0x0, 0x0, 0xcb, 0x1, 0xb3, 0x0,
    0xcb, 0x2, 0xf4, 0x0, 0xcb, 0x0, 0x0, 0x0,
    0xcb, 0x0, 0x0, 0x0, 0xcb, 0x0, 0x0, 0x0,
    0xcd, 0x77, 0x77, 0x72, 0xcf, 0xff, 0xff, 0xf6,

    /* U+0140 "ŀ" */
    0xe7, 0x0, 0xe7, 0x0, 0xe7, 0x0, 0xe7, 0x0,
    0xe7, 0x0, 0xe7, 0x4b, 0xe7, 0x7f, 0xe7, 0x0,
    0xe7, 0x0, 0xe7, 0x0, 0xe7, 0x0, 0xe7, 0x0,

    /* U+0141 "Ł" */
    0x8, 0xd0, 0x0, 0x0, 0x0, 0x8d, 0x0, 0x0,
    0x0, 0x8, 0xd0, 0x0, 0x0, 0x0, 0x8d, 0x1,
    0x10, 0x0, 0x8, 0xd7, 0xe3, 0x0, 0x0, 0xef,
    0xd4, 0x0, 0x0, 0x9f, 0xf0, 0x0, 0x0, 0x4,
    0x9d, 0x0, 0x0, 0x0, 0x8, 0xd0, 0x0, 0x0,
    0x0, 0x8d, 0x0, 0x0, 0x0, 0x8, 0xf6, 0x66,
    0x66, 0x30, 0x8f, 0xff, 0xff, 0xf8,

    /* U+0142 "ł" */
    0xb, 0xa0, 0xb, 0xa0, 0xb, 0xa0, 0xb, 0xa2,
    0xe, 0xfb, 0x9f, 0xf0, 0x7c, 0xa0, 0xb, 0xa0,
    0xb, 0xa0, 0xb, 0xa0, 0xa, 0xc3, 0x4, 0xee,

    /* U+0143 "Ń" */
    0x0, 0x0, 0x9, 0xc0, 0x0, 0x0, 0x0, 0x2f,
    0x20, 0x0, 0x0, 0x0, 0x1, 0x0, 0x0, 0x8f,
    0xa0, 0x0, 0x0, 0xf6, 0x8f, 0xf3, 0x0, 0x0,
    0xf6, 0x8d, 0xbc, 0x0, 0x0, 0xf6, 0x8d, 0x2f,
    0x40, 0x0, 0xf6, 0x8d, 0xa, 0xd0, 0x0, 0xf6,
    0x8d, 0x2, 0xf5, 0x0, 0xf6, 0x8d, 0x0, 0x9d,
    0x0, 0xf6, 0x8d, 0x0, 0x1f, 0x60, 0xf6, 0x8d,
    0x0, 0x7, 0xe0, 0xf6, 0x8d, 0x0, 0x0, 0xe7,
    0xf6, 0x8d, 0x0, 0x0, 0x6f, 0xf6, 0x8d, 0x0,
    0x0, 0xd, 0xf6,

    /* U+0144 "ń" */
    0x0, 0x2, 0xf4, 0x0, 0x0, 0xa, 0x90, 0x0,
    0x0, 0x1, 0x0, 0x0, 0xb8, 0x7d, 0xfa, 0x0,
    0xbe, 0x81, 0x2d, 0x90, 0xbd, 0x0, 0x7, 0xe0,
    0xba, 0x0, 0x5, 0xf0, 0xba, 0x0, 0x5, 0xf0,
    0xba, 0x0, 0x5, 0xf0, 0xba, 0x0, 0x5, 0xf0,
    0xba, 0x0, 0x5, 0xf0, 0xba, 0x0, 0x5, 0xf0,

    /* U+0145 "Ņ" */
    0x8f, 0xa0, 0x0, 0x0, 0xf6, 0x8f, 0xf3, 0x0,
    0x0, 0xf6, 0x8d, 0xbc, 0x0, 0x0, 0xf6, 0x8d,
    0x2f, 0x40, 0x0, 0xf6, 0x8d, 0xa, 0xd0, 0x0,
    0xf6, 0x8d, 0x2, 0xf5, 0x0, 0xf6, 0x8d, 0x0,
    0x9d, 0x0, 0xf6, 0x8d, 0x0, 0x1f, 0x60, 0xf6,
    0x8d, 0x0, 0x7, 0xe0, 0xf6, 0x8d, 0x0, 0x0,
    0xe7, 0xf6, 0x8d, 0x0, 0x0, 0x6f, 0xf6, 0x8d,
    0x0, 0x0, 0xd, 0xf6, 0x0, 0x0, 0x66, 0x0,
    0x0, 0x0, 0x0, 0xdc, 0x0, 0x0, 0x0, 0x0,
    0x86, 0x0, 0x0, 0x0, 0x0, 0x70, 0x0, 0x0,

    /* U+0146 "ņ" */
    0xb8, 0x7d, 0xfa, 0x0, 0xbe, 0x81, 0x2d, 0x90,
    0xbd, 0x0, 0x7, 0xe0, 0xba, 0x0, 0x5, 0xf0,
    0xba, 0x0, 0x5, 0xf0, 0xba, 0x0, 0x5, 0xf0,
    0xba, 0x0, 0x5, 0xf0, 0xba, 0x0, 0x5, 0xf0,
    0xba, 0x0, 0x5, 0xf0, 0x0, 0x18, 0x30, 0x0,
    0x0, 0x2f, 0x70, 0x0, 0x0, 0xc, 0x10, 0x0,
    0x0, 0x25, 0x0, 0x0,

    /* U+0147 "Ň" */
    0x0, 0xa, 0x83, 0xe1, 0x0, 0x0, 0x0, 0xde,
    0x40, 0x0, 0x0, 0x0, 0x0, 0x0, 0x0, 0x8f,
    0xa0, 0x0, 0x0, 0xf6, 0x8f, 0xf3, 0x0, 0x0,
    0xf6, 0x8d, 0xbc, 0x0, 0x0, 0xf6, 0x8d, 0x2f,
    0x40, 0x0, 0xf6, 0x8d, 0xa, 0xd0, 0x0, 0xf6,
    0x8d, 0x2, 0xf5, 0x0, 0xf6, 0x8d, 0x0, 0x9d,
    0x0, 0xf6, 0x8d, 0x0, 0x1f, 0x60, 0xf6, 0x8d,
    0x0, 0x7, 0xe0, 0xf6, 0x8d, 0x0, 0x0, 0xe7,
    0xf6, 0x8d, 0x0, 0x0, 0x6f, 0xf6, 0x8d, 0x0,
    0x0, 0xd, 0xf6,

    /* U+0148 "ň" */
    0x3, 0xd1, 0xa7, 0x0, 0x0, 0x7e, 0xb0, 0x0,
    0x0, 0x0, 0x0, 0x0, 0xb8, 0x7d, 0xfa, 0x0,
    0xbe, 0x81, 0x2d, 0x90, 0xbd, 0x0, 0x7, 0xe0,
    0xba, 0x0, 0x5, 0xf0, 0xba, 0x0, 0x5, 0xf0,
    0xba, 0x0, 0x5, 0xf0, 0xba, 0x0, 0x5, 0xf0,
    0xba, 0x0, 0x5, 0xf0, 0xba, 0x0, 0x5, 0xf0,

    /* U+0149 "ŉ" */
    0xe, 0x90, 0x0, 0x0, 0x0, 0xb, 0x90, 0x0,
    0x0, 0x0, 0x8, 0x50, 0x0, 0x0, 0x0, 0x4,
    0xd, 0x89, 0xee, 0xa1, 0x0, 0xd, 0xf8, 0x24,
    0xfa, 0x0, 0xd, 0xd0, 0x0, 0x9e, 0x0, 0xd,
    0xa0, 0x0, 0x7e, 0x0, 0xd, 0x90, 0x0, 0x7f,
    0x0, 0xd, 0x90, 0x0, 0x7f, 0x0, 0xd, 0x90,
    0x0, 0x7f, 0x0, 0xd, 0x90, 0x0, 0x7f, 0x0,
    0xd, 0x90, 0x0, 0x7f,

    /* U+014A "Ŋ" */
    0x8f, 0xa0, 0x0, 0x0, 0xf6, 0x8f, 0xf3, 0x0,
    0x0, 0xf6, 0x8d, 0xbc, 0x0, 0x0, 0xf6, 0x8d,
    0x2f, 0x40, 0x0, 0xf6, 0x8d, 0xa, 0xd0, 0x0,
    0xf6, 0x8d, 0x2, 0xf5, 0x0, 0xf6, 0x8d, 0x0,
    0x9d, 0x0, 0xf6, 0x8d, 0x0, 0x1f, 0x60, 0xf6,
    0x8d, 0x0, 0x8, 0xe0, 0xf6, 0x8d, 0x0, 0x0,
    0xe7, 0xf6, 0x8d, 0x0, 0x0, 0x6f, 0xf9, 0x8d,
    0x0, 0x0, 0xd, 0xfd, 0x0, 0x0, 0x3, 0x57,
    0xf4, 0x0, 0x0, 0xa, 0xfe, 0x90,

    /* U+014B "ŋ" */
    0xb8, 0x7d, 0xfa, 0x0, 0xbe, 0x81, 0x2d, 0x90,
    0xbd, 0x0, 0x7, 0xe0, 0xba, 0x0, 0x5, 0xf0,
    0xba, 0x0, 0x5, 0xf0, 0xba, 0x0, 0x5, 0xf0,
    0xba, 0x0, 0x5, 0xf0, 0xba, 0x0, 0x7, 0xf0,
    0xba, 0x0, 0xa, 0xf0, 0x0, 0x2, 0x3a, 0xe0,
    0x0, 0xb, 0xfd, 0x30,

    /* U+014C "Ō" */
    0x0, 0x3, 0xff, 0xff, 0x0, 0x0, 0x0, 0x0,
    0x33, 0x33, 0x0, 0x0, 0x0, 0x0, 0x0, 0x0,
    0x0, 0x0, 0x0, 0x6, 0xcf, 0xec, 0x50, 0x0,
    0x0, 0xbf, 0xb7, 0x7c, 0xf8, 0x0, 0x7, 0xf5,
    0x0, 0x0, 0x8f, 0x40, 0xd, 0xa0, 0x0, 0x0,
    0xd, 0xb0, 0x2f, 0x50, 0x0, 0x0, 0x8, 0xf0,
    0x3f, 0x30, 0x0, 0x0, 0x6, 0xf0, 0x3f, 0x30,
    0x0, 0x0, 0x6, 0xf1, 0x2f, 0x50, 0x0, 0x0,
    0x8, 0xf0, 0xe, 0xa0, 0x0, 0x0, 0xd, 0xb0,
    0x7, 0xf5, 0x0, 0x0, 0x7f, 0x40, 0x0, 0xbf,
    0xa7, 0x7c, 0xf9, 0x0, 0x0, 0x6, 0xcf, 0xec,
    0x50, 0x0,

    /* U+014D "ō" */
    0x0, 0x8f, 0xff, 0xb0, 0x0, 0x1, 0x33, 0x32,
    0x0, 0x0, 0x0, 0x0, 0x0, 0x0, 0x6, 0xdf,
    0xd7, 0x0, 0x6, 0xfa, 0x68, 0xf9, 0x0, 0xe9,
    0x0, 0x7, 0xf1, 0x3f, 0x30, 0x0, 0x1f, 0x54,
    0xf2, 0x0, 0x0, 0xf7, 0x3f, 0x30, 0x0, 0x1f,
    0x50, 0xe9, 0x0, 0x7, 0xf1, 0x6, 0xfa, 0x68,
    0xf9, 0x0, 0x6, 0xdf, 0xd7, 0x0,

    /* U+014E "Ŏ" */
    0x0, 0x0, 0x71, 0x5, 0x30, 0x0, 0x0, 0x0,
    0x8f, 0xfd, 0x10, 0x0, 0x0, 0x0, 0x0, 0x10,
    0x0, 0x0, 0x0, 0x0, 0x0, 0x0, 0x0, 0x0,
    0x0, 0x4, 0xbe, 0xfd, 0x81, 0x0, 0x0, 0x8f,
    0xc7, 0x69, 0xfd, 0x10, 0x5, 0xf8, 0x0, 0x0,
    0x2e, 0xc0, 0xc, 0xd0, 0x0, 0x0, 0x6, 0xf4,
    0x1f, 0x80, 0x0, 0x0, 0x0, 0xf8, 0x3f, 0x50,
    0x0, 0x0, 0x0, 0xea, 0x3f, 0x50, 0x0, 0x0,
    0x0, 0xea, 0x1f, 0x70, 0x0, 0x0, 0x0, 0xf9,
    0xd, 0xd0, 0x0, 0x0, 0x6, 0xf4, 0x5, 0xf8,
    0x0, 0x0, 0x2e, 0xc0, 0x0, 0x8f, 0xc7, 0x69,
    0xfd, 0x10, 0x0, 0x4, 0xbe, 0xfd, 0x81, 0x0,

    /* U+014F "ŏ" */
    0x0, 0xb5, 0x7, 0xa0, 0x0, 0x3, 0xdf, 0xd2,
    0x0, 0x0, 0x0, 0x0, 0x0, 0x0, 0x7, 0xdf,
    0xd6, 0x0, 0x9, 0xf7, 0x48, 0xf8, 0x2, 0xf7,
    0x0, 0x9, 0xf1, 0x5f, 0x10, 0x0, 0x3f, 0x46,
    0xf0, 0x0, 0x2, 0xf5, 0x5f, 0x10, 0x0, 0x3f,
    0x42, 0xf7, 0x0, 0x9, 0xf0, 0x9, 0xf7, 0x48,
    0xf8, 0x0, 0x7, 0xdf, 0xd6, 0x0,

    /* U+0150 "Ő" */
    0x0, 0x0, 0x1, 0x11, 0x10, 0x0, 0x0, 0x0,
    0x1f, 0x6e, 0x70, 0x0, 0x0, 0x0, 0x8b, 0x6c,
    0x0, 0x0, 0x0, 0x0, 0x0, 0x0, 0x0, 0x0,
    0x0, 0x6, 0xcf, 0xec, 0x50, 0x0, 0x0, 0xbf,
    0xb7, 0x7c, 0xf8, 0x0, 0x7, 0xf5, 0x0, 0x0,
    0x8f, 0x40, 0xd, 0xa0, 0x0, 0x0, 0xd, 0xb0,
    0x2f, 0x50, 0x0, 0x0, 0x8, 0xf0, 0x3f, 0x30,
    0x0, 0x0, 0x6, 0xf0, 0x3f, 0x30, 0x0, 0x0,
    0x6, 0xf1, 0x2f, 0x50, 0x0, 0x0, 0x8, 0xf0,
    0xe, 0xa0, 0x0, 0x0, 0xd, 0xb0, 0x7, 0xf5,
    0x0, 0x0, 0x7f, 0x40, 0x0, 0xbf, 0xa7, 0x7c,
    0xf9, 0x0, 0x0, 0x6, 0xcf, 0xec, 0x50, 0x0,

    /* U+0151 "ő" */
    0x0, 0x4, 0xf5, 0xf3, 0x0, 0x0, 0xc7, 0xa8,
    0x0, 0x0, 0x2, 0x1, 0x0, 0x0, 0x6, 0xdf,
    0xd7, 0x0, 0x6, 0xfa, 0x68, 0xf9, 0x0, 0xe9,
    0x0, 0x7, 0xf1, 0x3f, 0x30, 0x0, 0x1f, 0x54,
    0xf2, 0x0, 0x0, 0xf7, 0x3f, 0x30, 0x0, 0x1f,
    0x50, 0xe9, 0x0, 0x7, 0xf1, 0x6, 0xfa, 0x68,
    0xf9, 0x0, 0x6, 0xdf, 0xd7, 0x0,

    /* U+0152 "Œ" */
    0x0, 0x6, 0xcf, 0xfc, 0x54, 0xff, 0xff, 0xff,
    0x60, 0xb, 0xfa, 0x77, 0xcf, 0xcf, 0x76, 0x66,
    0x62, 0x7, 0xf4, 0x0, 0x0, 0x8f, 0xf1, 0x0,
    0x0, 0x0, 0xda, 0x0, 0x0, 0x0, 0xdf, 0x10,
    0x0, 0x0, 0x2f, 0x50, 0x0, 0x0, 0x8, 0xf2,
    0x11, 0x11, 0x3, 0xf3, 0x0, 0x0, 0x0, 0x6f,
    0xff, 0xff, 0xf2, 0x3f, 0x30, 0x0, 0x0, 0x6,
    0xf5, 0x44, 0x44, 0x2, 0xf5, 0x0, 0x0, 0x0,
    0x8f, 0x10, 0x0, 0x0, 0xd, 0xa0, 0x0, 0x0,
    0xd, 0xf1, 0x0, 0x0, 0x0, 0x7f, 0x40, 0x0,
    0x7, 0xff, 0x10, 0x0, 0x0, 0x0, 0xbf, 0xa7,
    0x7b, 0xfc, 0xf7, 0x66, 0x66, 0x30, 0x0, 0x6c,
    0xff, 0xc5, 0x4f, 0xff, 0xff, 0xf8,

    /* U+0153 "œ" */
    0x0, 0x6d, 0xfd, 0x70, 0x2b, 0xfe, 0x90, 0x0,
    0x6f, 0xa6, 0x8f, 0xbf, 0xc6, 0x7e, 0xb0, 0xe,
    0x90, 0x0, 0x7f, 0xf0, 0x0, 0x4f, 0x33, 0xf3,
    0x0, 0x1, 0xff, 0x0, 0x0, 0xe8, 0x4f, 0x20,
    0x0, 0xf, 0xff, 0xff, 0xff, 0x93, 0xf3, 0x0,
    0x1, 0xff, 0x33, 0x33, 0x32, 0xe, 0x90, 0x0,
    0x7f, 0xf0, 0x0, 0x19, 0x30, 0x6f, 0xa6, 0x8f,
    0xbf, 0xc6, 0x6d, 0xe0, 0x0, 0x6d, 0xfd, 0x70,
    0x2b, 0xfe, 0xa1, 0x0,

    /* U+0154 "Ŕ" */
    0x0, 0x0, 0x6e, 0x10, 0x0, 0x0, 0xd, 0x50,
    0x0, 0x0, 0x0, 0x10, 0x0, 0x8, 0xff, 0xff,
    0xea, 0x20, 0x8e, 0x66, 0x68, 0xee, 0x18, 0xd0,
    0x0, 0x2, 0xf7, 0x8d, 0x0, 0x0, 0xd, 0x98,
    0xd0, 0x0, 0x0, 0xe8, 0x8d, 0x11, 0x12, 0xae,
    0x18, 0xff, 0xff, 0xff, 0x40, 0x8e, 0x44, 0x45,
    0xaf, 0x28, 0xd0, 0x0, 0x0, 0xf6, 0x8d, 0x0,
    0x0, 0xd, 0x88, 0xd0, 0x0, 0x0, 0xc9, 0x8d,
    0x0, 0x0, 0xa, 0xb0,

    /* U+0155 "ŕ" */
    0x0, 0xac, 0x0, 0x2f, 0x20, 0x0, 0x10, 0xb,
    0x8b, 0xf5, 0xbe, 0xa5, 0x1b, 0xd0, 0x0, 0xba,
    0x0, 0xb, 0xa0, 0x0, 0xba, 0x0, 0xb, 0xa0,
    0x0, 0xba, 0x0, 0xb, 0xa0, 0x0,

    /* U+0156 "Ŗ" */
    0x8f, 0xff, 0xfe, 0xa2, 0x8, 0xe6, 0x66, 0x8e,
    0xe1, 0x8d, 0x0, 0x0, 0x2f, 0x78, 0xd0, 0x0,
    0x0, 0xd9, 0x8d, 0x0, 0x0, 0xe, 0x88, 0xd1,
    0x11, 0x2a, 0xe1, 0x8f, 0xff, 0xff, 0xf4, 0x8,
    0xe4, 0x44, 0x5a, 0xf2, 0x8d, 0x0, 0x0, 0xf,
    0x68, 0xd0, 0x0, 0x0, 0xd8, 0x8d, 0x0, 0x0,
    0xc, 0x98, 0xd0, 0x0, 0x0, 0xab, 0x0, 0x1,
    0x83, 0x0, 0x0, 0x0, 0x3f, 0x60, 0x0, 0x0,
    0x0, 0xd1, 0x0, 0x0, 0x0, 0x24, 0x0, 0x0,

    /* U+0157 "ŗ" */
    0xb, 0x8b, 0xf5, 0xb, 0xea, 0x51, 0xb, 0xd0,
    0x0, 0xb, 0xa0, 0x0, 0xb, 0xa0, 0x0, 0xb,
    0xa0, 0x0, 0xb, 0xa0, 0x0, 0xb, 0xa0, 0x0,
    0xb, 0xa0, 0x0, 0x6, 0x60, 0x0, 0xd, 0xb0,
    0x0, 0x9, 0x50, 0x0, 0x7, 0x0, 0x0,

    /* U+0158 "Ř" */
    0x0, 0x7b, 0x1d, 0x30, 0x0, 0x0, 0xbe, 0x70,
    0x0, 0x0, 0x0, 0x0, 0x0, 0x8, 0xff, 0xff,
    0xea, 0x20, 0x8e, 0x66, 0x68, 0xee, 0x18, 0xd0,
    0x0, 0x2, 0xf7, 0x8d, 0x0, 0x0, 0xd, 0x98,
    0xd0, 0x0, 0x0, 0xe8, 0x8d, 0x11, 0x12, 0xae,
    0x18, 0xff, 0xff, 0xff, 0x40, 0x8e, 0x44, 0x45,
    0xaf, 0x28, 0xd0, 0x0, 0x0, 0xf6, 0x8d, 0x0,
    0x0, 0xd, 0x88, 0xd0, 0x0, 0x0, 0xc9, 0x8d,
    0x0, 0x0, 0xa, 0xb0,

    /* U+0159 "ř" */
    0xb, 0x73, 0xd1, 0x1, 0xde, 0x40, 0x0, 0x0,
    0x0, 0xb, 0x8b, 0xf5, 0xb, 0xea, 0x51, 0xb,
    0xd0, 0x0, 0xb, 0xa0, 0x0, 0xb, 0xa0, 0x0,
    0xb, 0xa0, 0x0, 0xb, 0xa0, 0x0, 0xb, 0xa0,
    0x0, 0xb, 0xa0, 0x0,

    /* U+015A "Ś" */
    0x0, 0x0, 0x1, 0x10, 0x0, 0x0, 0x0, 0xe,
    0x60, 0x0, 0x0, 0x0, 0x7c, 0x0, 0x0, 0x0,
    0x0, 0x0, 0x0, 0x0, 0x0, 0x5c, 0xfe, 0xb3,
    0x0, 0x5, 0xfc, 0x77, 0xdf, 0x30, 0xc, 0xc0,
    0x0, 0xd, 0xc0, 0xd, 0xa0, 0x0, 0x5, 0xb0,
    0x9, 0xf6, 0x0, 0x0, 0x0, 0x0, 0x9f, 0xfb,
    0x60, 0x0, 0x0, 0x1, 0x5a, 0xfe, 0x40, 0x0,
    0x0, 0x0, 0x1a, 0xf1, 0xf, 0x60, 0x0, 0x2,
    0xf5, 0xb, 0xd1, 0x0, 0x4, 0xf3, 0x2, 0xfe,
    0x86, 0x9e, 0xc0, 0x0, 0x2a, 0xef, 0xd8, 0x0,

    /* U+015B "ś" */
    0x0, 0x0, 0xab, 0x0, 0x0, 0x2, 0xf1, 0x0,
    0x0, 0x0, 0x10, 0x0, 0x1, 0x9e, 0xfc, 0x40,
    0xa, 0xe7, 0x5b, 0xf2, 0xe, 0x80, 0x0, 0xc6,
    0xc, 0xd3, 0x0, 0x0, 0x2, 0xbf, 0xfb, 0x50,
    0x0, 0x0, 0x49, 0xf5, 0x3f, 0x40, 0x0, 0xe8,
    0xc, 0xe7, 0x59, 0xf4, 0x1, 0xae, 0xfd, 0x60,

    /* U+015C "Ŝ" */
    0x0, 0x0, 0x76, 0x0, 0x0, 0x0, 0x6, 0xce,
    0x30, 0x0, 0x0, 0x1e, 0x25, 0xc0, 0x0, 0x0,
    0x0, 0x0, 0x0, 0x0, 0x0, 0x5c, 0xfe, 0xb3,
    0x0, 0x5, 0xfc, 0x77, 0xdf, 0x30, 0xc, 0xc0,
    0x0, 0xd, 0xc0, 0xd, 0xa0, 0x0, 0x5, 0xb0,
    0x9, 0xf6, 0x0, 0x0, 0x0, 0x0, 0x9f, 0xfb,
    0x60, 0x0, 0x0, 0x1, 0x5a, 0xfe, 0x40, 0x0,
    0x0, 0x0, 0x1a, 0xf1, 0xf, 0x60, 0x0, 0x2,
    0xf5, 0xb, 0xd1, 0x0, 0x4, 0xf3, 0x2, 0xfe,
    0x86, 0x9e, 0xc0, 0x0, 0x2a, 0xef, 0xd8, 0x0,

    /* U+015D "ŝ" */
    0x0, 0x1c, 0xb3, 0x0, 0x0, 0xa4, 0x1c, 0x0,
    0x0, 0x0, 0x0, 0x0, 0x1, 0x9e, 0xfc, 0x40,
    0xa, 0xe7, 0x5b, 0xf2, 0xe, 0x80, 0x0, 0xc6,
    0xc, 0xd3, 0x0, 0x0, 0x2, 0xbf, 0xfb, 0x50,
    0x0, 0x0, 0x49, 0xf5, 0x3f, 0x40, 0x0, 0xe8,
    0xc, 0xe7, 0x59, 0xf4, 0x1, 0xae, 0xfd, 0x60,

    /* U+015E "Ş" */
    0x0, 0x5c, 0xfe, 0xb3, 0x0, 0x5, 0xfc, 0x77,
    0xdf, 0x30, 0xc, 0xc0, 0x0, 0xd, 0xc0, 0xd,
    0xa0, 0x0, 0x5, 0xb0, 0x9, 0xf6, 0x0, 0x0,
    0x0, 0x0, 0x9f, 0xfb, 0x60, 0x0, 0x0, 0x1,
    0x5a, 0xfe, 0x40, 0x0, 0x0, 0x0, 0x1a, 0xf1,
    0xf, 0x60, 0x0, 0x2, 0xf5, 0xb, 0xd1, 0x0,
    0x4, 0xf3, 0x2, 0xfe, 0x86, 0x9e, 0xc0, 0x0,
    0x2a, 0xff, 0xd8, 0x0, 0x0, 0x0, 0x9c, 0x30,
    0x0, 0x0, 0x4, 0x25, 0xc0, 0x0, 0x0, 0x4,
    0xde, 0x50, 0x0,

    /* U+015F "ş" */
    0x1, 0x9e, 0xfc, 0x40, 0xa, 0xe7, 0x5b, 0xf2,
    0xe, 0x80, 0x0, 0xc6, 0xc, 0xd3, 0x0, 0x0,
    0x2, 0xbf, 0xfb, 0x50, 0x0, 0x0, 0x49, 0xf5,
    0x3f, 0x40, 0x0, 0xe8, 0xc, 0xe7, 0x59, 0xf4,
    0x1, 0xaf, 0xfd, 0x60, 0x0, 0x9, 0xc3, 0x0,
    0x0, 0x32, 0x6c, 0x0, 0x0, 0x4d, 0xe6, 0x0,

    /* U+0160 "Š" */
    0x0, 0x17, 0x1, 0x70, 0x0, 0x0, 0xb, 0x6a,
    0x80, 0x0, 0x0, 0x2, 0xfe, 0x0, 0x0, 0x0,
    0x0, 0x0, 0x0, 0x0, 0x0, 0x5c, 0xfe, 0xb3,
    0x0, 0x5, 0xfc, 0x77, 0xdf, 0x30, 0xc, 0xc0,
    0x0, 0xd, 0xc0, 0xd, 0xa0, 0x0, 0x5, 0xb0,
    0x9, 0xf6, 0x0, 0x0, 0x0, 0x0, 0x9f, 0xfb,
    0x60, 0x0, 0x0, 0x1, 0x5a, 0xfe, 0x40, 0x0,
    0x0, 0x0, 0x1a, 0xf1, 0xf, 0x60, 0x0, 0x2,
    0xf5, 0xb, 0xd1, 0x0, 0x4, 0xf3, 0x2, 0xfe,
    0x86, 0x9e, 0xc0, 0x0, 0x2a, 0xef, 0xd8, 0x0,

    /* U+0161 "š" */
    0x0, 0xb6, 0x3d, 0x10, 0x0, 0x1e, 0xe4, 0x0,
    0x0, 0x1, 0x10, 0x0, 0x1, 0x9e, 0xfc, 0x30,
    0xa, 0xe7, 0x5b, 0xf2, 0xe, 0x80, 0x0, 0xe7,
    0xc, 0xd3, 0x0, 0x0, 0x2, 0xbf, 0xfb, 0x50,
    0x0, 0x0, 0x49, 0xf5, 0x3e, 0x40, 0x0, 0xe8,
    0xd, 0xe7, 0x59, 0xf4, 0x1, 0xae, 0xfd, 0x60,

    /* U+0162 "Ţ" */
    0xdf, 0xff, 0xff, 0xff, 0xa5, 0x66, 0x9f, 0x76,
    0x64, 0x0, 0x4, 0xf1, 0x0, 0x0, 0x0, 0x4f,
    0x10, 0x0, 0x0, 0x4, 0xf1, 0x0, 0x0, 0x0,
    0x4f, 0x10, 0x0, 0x0, 0x4, 0xf1, 0x0, 0x0,
    0x0, 0x4f, 0x10, 0x0, 0x0, 0x4, 0xf1, 0x0,
    0x0, 0x0, 0x4f, 0x10, 0x0, 0x0, 0x4, 0xf1,
    0x0, 0x0, 0x0, 0x4f, 0x10, 0x0, 0x0, 0x5,
    0xc1, 0x0, 0x0, 0x0, 0x29, 0xd0, 0x0, 0x0,
    0x45, 0x1f, 0x0, 0x0, 0x2, 0xce, 0x60, 0x0,

    /* U+0163 "ţ" */
    0x0, 0xe7, 0x0, 0x0, 0xe7, 0x0, 0x2f, 0xff,
    0xfb, 0x3, 0xfb, 0x32, 0x0, 0xe7, 0x0, 0x0,
    0xe7, 0x0, 0x0, 0xe7, 0x0, 0x0, 0xe7, 0x0,
    0x0, 0xd7, 0x0, 0x0, 0xcc, 0x42, 0x0, 0x3f,
    0xfb, 0x0, 0x1e, 0x30, 0x0, 0x7, 0xe2, 0x1,
    0x80, 0xb4, 0x0, 0xae, 0xa0,

    /* U+0164 "Ť" */
    0x0, 0x6b, 0x1d, 0x40, 0x0, 0x0, 0xbe, 0x80,
    0x0, 0x0, 0x0, 0x0, 0x0, 0xd, 0xff, 0xff,
    0xff, 0xfa, 0x56, 0x69, 0xf7, 0x66, 0x40, 0x0,
    0x4f, 0x10, 0x0, 0x0, 0x4, 0xf1, 0x0, 0x0,
    0x0, 0x4f, 0x10, 0x0, 0x0, 0x4, 0xf1, 0x0,
    0x0, 0x0, 0x4f, 0x10, 0x0, 0x0, 0x4, 0xf1,
    0x0, 0x0, 0x0, 0x4f, 0x10, 0x0, 0x0, 0x4,
    0xf1, 0x0, 0x0, 0x0, 0x4f, 0x10, 0x0, 0x0,
    0x4, 0xf1, 0x0, 0x0,

    /* U+0165 "ť" */
    0x0, 0x0, 0x5, 0x30, 0x0, 0x0, 0xe5, 0x0,
    0x95, 0x1f, 0x10, 0xe, 0x73, 0xd0, 0x2f, 0xff,
    0xfb, 0x0, 0x3f, 0xb3, 0x20, 0x0, 0xe7, 0x0,
    0x0, 0xe, 0x70, 0x0, 0x0, 0xe7, 0x0, 0x0,
    0xe, 0x70, 0x0, 0x0, 0xd7, 0x0, 0x0, 0xc,
    0xb4, 0x20, 0x0, 0x3d, 0xfb, 0x0,

    /* U+0166 "Ŧ" */
    0xdf, 0xff, 0xff, 0xff, 0xa5, 0x66, 0x9f, 0x76,
    0x64, 0x0, 0x4, 0xf1, 0x0, 0x0, 0x0, 0x4f,
    0x10, 0x0, 0x0, 0x4, 0xf1, 0x0, 0x0, 0x0,
    0x5f, 0x20, 0x0, 0x7, 0xff, 0xff, 0xf4, 0x0,
    0x13, 0x8f, 0x53, 0x10, 0x0, 0x4, 0xf1, 0x0,
    0x0, 0x0, 0x4f, 0x10, 0x0, 0x0, 0x4, 0xf1,
    0x0, 0x0, 0x0, 0x4f, 0x10, 0x0,

    /* U+0167 "ŧ" */
    0x0, 0xe7, 0x0, 0x0, 0xe7, 0x0, 0x2f, 0xff,
    0xfb, 0x3, 0xfb, 0x32, 0x0, 0xe7, 0x0, 0x0,
    0xe7, 0x0, 0x2f, 0xff, 0xf9, 0x2, 0xfa, 0x21,
    0x0, 0xd7, 0x0, 0x0, 0xcc, 0x42, 0x0, 0x3d,
    0xfb,

    /* U+0168 "Ũ" */
    0x0, 0x6e, 0x80, 0xc0, 0x0, 0xc, 0x8, 0xe6,
    0x0, 0x0, 0x0, 0x0, 0x0, 0xc, 0x90, 0x0,
    0x0, 0x9c, 0xc9, 0x0, 0x0, 0x9, 0xcc, 0x90,
    0x0, 0x0, 0x9c, 0xc9, 0x0, 0x0, 0x9, 0xcc,
    0x90, 0x0, 0x0, 0x9c, 0xc9, 0x0, 0x0, 0x9,
    0xcc, 0x90, 0x0, 0x0, 0x9c, 0xc9, 0x0, 0x0,
    0x9, 0xca, 0xb0, 0x0, 0x0, 0xbb, 0x6f, 0x20,
    0x0, 0x2f, 0x60, 0xdf, 0x96, 0x8f, 0xd0, 0x0,
    0x8e, 0xfe, 0x91, 0x0,

    /* U+0169 "ũ" */
    0xa, 0xe7, 0x2c, 0x1, 0xb0, 0xae, 0x40, 0x0,
    0x0, 0x0, 0xb, 0xa0, 0x0, 0x6e, 0xba, 0x0,
    0x6, 0xeb, 0xa0, 0x0, 0x6e, 0xba, 0x0, 0x6,
    0xeb, 0xa0, 0x0, 0x6e, 0xba, 0x0, 0x7, 0xe9,
    0xc0, 0x0, 0xbe, 0x4f, 0x84, 0x9e, 0xe0, 0x7e,
    0xe9, 0x6e,

    /* U+016A "Ū" */
    0x0, 0xaf, 0xff, 0xa0, 0x0, 0x1, 0x33, 0x31,
    0x0, 0x0, 0x0, 0x0, 0x0, 0xc, 0x90, 0x0,
    0x0, 0x9c, 0xc9, 0x0, 0x0, 0x9, 0xcc, 0x90,
    0x0, 0x0, 0x9c, 0xc9, 0x0, 0x0, 0x9, 0xcc,
    0x90, 0x0, 0x0, 0x9c, 0xc9, 0x0, 0x0, 0x9,
    0xcc, 0x90, 0x0, 0x0, 0x9c, 0xc9, 0x0, 0x0,
    0x9, 0xca, 0xb0, 0x0, 0x0, 0xbb, 0x6f, 0x20,
    0x0, 0x2f, 0x60, 0xdf, 0x96, 0x8f, 0xd0, 0x0,
    0x8e, 0xfe, 0x91, 0x0,

    /* U+016B "ū" */
    0x9, 0xff, 0xfb, 0x0, 0x13, 0x33, 0x20, 0x0,
    0x0, 0x0, 0xb, 0xa0, 0x0, 0x6e, 0xba, 0x0,
    0x6, 0xeb, 0xa0, 0x0, 0x6e, 0xba, 0x0, 0x6,
    0xeb, 0xa0, 0x0, 0x6e, 0xba, 0x0, 0x7, 0xe9,
    0xc0, 0x0, 0xbe, 0x4f, 0x84, 0x9e, 0xe0, 0x7e,
    0xe9, 0x6e,

    /* U+016C "Ŭ" */
    0x0, 0x52, 0x1, 0x50, 0x0, 0x8, 0x80, 0x88,
    0x0, 0x0, 0x1c, 0xfd, 0x10, 0x0, 0x0, 0x0,
    0x0, 0x0, 0xc9, 0x0, 0x0, 0x9, 0xcc, 0x90,
    0x0, 0x0, 0x9c, 0xc9, 0x0, 0x0, 0x9, 0xcc,
    0x90, 0x0, 0x0, 0x9c, 0xc9, 0x0, 0x0, 0x9,
    0xcc, 0x90, 0x0, 0x0, 0x9c, 0xc9, 0x0, 0x0,
    0x9, 0xcc, 0x90, 0x0, 0x0, 0x9c, 0xab, 0x0,
    0x0, 0xb, 0xb6, 0xf2, 0x0, 0x2, 0xf6, 0xd,
    0xf9, 0x68, 0xfd, 0x0, 0x8, 0xef, 0xe9, 0x10,

    /* U+016D "ŭ" */
    0x9, 0x70, 0x6a, 0x0, 0x2d, 0xfe, 0x20, 0x0,
    0x1, 0x0, 0xb, 0xa0, 0x0, 0x6e, 0xba, 0x0,
    0x6, 0xeb, 0xa0, 0x0, 0x6e, 0xba, 0x0, 0x6,
    0xeb, 0xa0, 0x0, 0x6e, 0xba, 0x0, 0x7, 0xe9,
    0xc0, 0x0, 0xbe, 0x4f, 0x84, 0x9e, 0xe0, 0x7e,
    0xe9, 0x6e,

    /* U+016E "Ů" */
    0x0, 0x7, 0xd7, 0x0, 0x0, 0x0, 0xd0, 0xd0,
    0x0, 0x0, 0x7, 0xd7, 0x0, 0x0, 0x0, 0x0,
    0x0, 0x0, 0xc9, 0x0, 0x0, 0x9, 0xcc, 0x90,
    0x0, 0x0, 0x9c, 0xc9, 0x0, 0x0, 0x9, 0xcc,
    0x90, 0x0, 0x0, 0x9c, 0xc9, 0x0, 0x0, 0x9,
    0xcc, 0x90, 0x0, 0x0, 0x9c, 0xc9, 0x0, 0x0,
    0x9, 0xcc, 0x90, 0x0, 0x0, 0x9c, 0xab, 0x0,
    0x0, 0xb, 0xb6, 0xf2, 0x0, 0x2, 0xf6, 0xd,
    0xf9, 0x68, 0xfd, 0x0, 0x8, 0xef, 0xe9, 0x10,

    /* U+016F "ů" */
    0x0, 0x6d, 0x70, 0x0, 0xd, 0xd, 0x0, 0x0,
    0x6d, 0x80, 0x0, 0x0, 0x0, 0x0, 0xba, 0x0,
    0x6, 0xeb, 0xa0, 0x0, 0x6e, 0xba, 0x0, 0x6,
    0xeb, 0xa0, 0x0, 0x6e, 0xba, 0x0, 0x6, 0xeb,
    0xa0, 0x0, 0x7e, 0x9c, 0x0, 0xb, 0xe4, 0xf8,
    0x49, 0xee, 0x7, 0xee, 0x96, 0xe0,

    /* U+0170 "Ű" */
    0x0, 0x0, 0x20, 0x10, 0x0, 0x0, 0x6e, 0x6f,
    0x20, 0x0, 0xd, 0x5c, 0x60, 0x0, 0x0, 0x0,
    0x0, 0x0, 0xc9, 0x0, 0x0, 0x9, 0xcc, 0x90,
    0x0, 0x0, 0x9c, 0xc9, 0x0, 0x0, 0x9, 0xcc,
    0x90, 0x0, 0x0, 0x9c, 0xc9, 0x0, 0x0, 0x9,
    0xcc, 0x90, 0x0, 0x0, 0x9c, 0xc9, 0x0, 0x0,
    0x9, 0xcc, 0x90, 0x0, 0x0, 0x9c, 0xab, 0x0,
    0x0, 0xb, 0xb6, 0xf2, 0x0, 0x2, 0xf6, 0xd,
    0xf9, 0x68, 0xfd, 0x0, 0x8, 0xef, 0xe9, 0x10,

    /* U+0171 "ű" */
    0x0, 0x5f, 0x5f, 0x30, 0xc, 0x6b, 0x80, 0x0,
    0x20, 0x10, 0xb, 0xa0, 0x0, 0x6e, 0xba, 0x0,
    0x6, 0xeb, 0xa0, 0x0, 0x6e, 0xba, 0x0, 0x6,
    0xeb, 0xa0, 0x0, 0x6e, 0xba, 0x0, 0x7, 0xe9,
    0xc0, 0x0, 0xbe, 0x4f, 0x84, 0x9e, 0xe0, 0x7e,
    0xe9, 0x6e,

    /* U+0172 "Ų" */
    0xc9, 0x0, 0x0, 0x9, 0xcc, 0x90, 0x0, 0x0,
    0x9c, 0xc9, 0x0, 0x0, 0x9, 0xcc, 0x90, 0x0,
    0x0, 0x9c, 0xc9, 0x0, 0x0, 0x9, 0xcc, 0x90,
    0x0, 0x0, 0x9c, 0xc9, 0x0, 0x0, 0x9, 0xcc,
    0x90, 0x0, 0x0, 0x9c, 0xab, 0x0, 0x0, 0xb,
    0xb6, 0xf2, 0x0, 0x2, 0xf6, 0xd, 0xf9, 0x68,
    0xfd, 0x0, 0x8, 0xef, 0xfa, 0x10, 0x0, 0x0,
    0x5b, 0x0, 0x0, 0x0, 0xe, 0x50, 0x0, 0x0,
    0x0, 0xcf, 0xb0, 0x0, 0x0, 0x0, 0x10, 0x0,

    /* U+0173 "ų" */
    0xba, 0x0, 0x6, 0xe0, 0xba, 0x0, 0x6, 0xe0,
    0xba, 0x0, 0x6, 0xe0, 0xba, 0x0, 0x6, 0xe0,
    0xba, 0x0, 0x6, 0xe0, 0xba, 0x0, 0x7, 0xe0,
    0x9c, 0x0, 0xb, 0xe0, 0x4f, 0x84, 0x9e, 0xe0,
    0x7, 0xee, 0x97, 0xf0, 0x0, 0x0, 0xb, 0x60,
    0x0, 0x0, 0x4e, 0x0, 0x0, 0x0, 0x3f, 0xf4,
    0x0, 0x0, 0x1, 0x10,

    /* U+0174 "Ŵ" */
    0x0, 0x0, 0x0, 0x9e, 0xa0, 0x0, 0x0, 0x0,
    0x0, 0x0, 0x4d, 0x1c, 0x60, 0x0, 0x0, 0x0,
    0x0, 0x0, 0x0, 0x0, 0x0, 0x0, 0x4, 0xf3,
    0x0, 0x5, 0xf7, 0x0, 0x2, 0xf6, 0xf, 0x70,
    0x0, 0x9f, 0xb0, 0x0, 0x5f, 0x20, 0xcb, 0x0,
    0xd, 0xfe, 0x0, 0x9, 0xe0, 0x8, 0xe0, 0x0,
    0xf9, 0xf2, 0x0, 0xda, 0x0, 0x4f, 0x20, 0x4f,
    0x2f, 0x60, 0x1f, 0x60, 0x0, 0xf6, 0x8, 0xd0,
    0xc9, 0x4, 0xf2, 0x0, 0xc, 0xa0, 0xba, 0x8,
    0xd0, 0x8e, 0x0, 0x0, 0x8d, 0xf, 0x60, 0x4f,
    0x1c, 0xa0, 0x0, 0x4, 0xf4, 0xf2, 0x0, 0xf5,
    0xf6, 0x0, 0x0, 0xf, 0xce, 0x0, 0xc, 0xcf,
    0x20, 0x0, 0x0, 0xcf, 0xa0, 0x0, 0x9f, 0xe0,
    0x0, 0x0, 0x8, 0xf6, 0x0, 0x5, 0xfa, 0x0,
    0x0,

    /* U+0175 "ŵ" */
    0x0, 0x0, 0x9, 0x9b, 0x0, 0x0, 0x0, 0x0,
    0x3, 0x90, 0x75, 0x0, 0x0, 0x0, 0x0, 0x0,
    0x0, 0x0, 0x0, 0x7, 0xf0, 0x0, 0x4f, 0x60,
    0x0, 0xd9, 0x3f, 0x30, 0x9, 0xfa, 0x0, 0x1f,
    0x40, 0xe7, 0x0, 0xdc, 0xe0, 0x6, 0xf0, 0xa,
    0xc0, 0x1f, 0x4f, 0x30, 0xab, 0x0, 0x5f, 0x6,
    0xe0, 0xc7, 0xe, 0x60, 0x1, 0xf4, 0xa9, 0x8,
    0xb3, 0xf2, 0x0, 0xc, 0x8e, 0x50, 0x4f, 0x7d,
    0x0, 0x0, 0x7e, 0xf1, 0x0, 0xfe, 0x80, 0x0,
    0x2, 0xfc, 0x0, 0xb, 0xf4, 0x0,

    /* U+0176 "Ŷ" */
    0x0, 0x0, 0x8e, 0xb0, 0x0, 0x0, 0x0, 0x3d,
    0x1b, 0x60, 0x0, 0x0, 0x0, 0x0, 0x0, 0x0,
    0x0, 0xcc, 0x0, 0x0, 0x9, 0xf1, 0x3, 0xf5,
    0x0, 0x2, 0xf7, 0x0, 0xa, 0xd0, 0x0, 0xad,
    0x0, 0x0, 0x2f, 0x70, 0x3f, 0x50, 0x0, 0x0,
    0x8e, 0x1c, 0xc0, 0x0, 0x0, 0x0, 0xec, 0xf3,
    0x0, 0x0, 0x0, 0x6, 0xfa, 0x0, 0x0, 0x0,
    0x0, 0x1f, 0x40, 0x0, 0x0, 0x0, 0x1, 0xf4,
    0x0, 0x0, 0x0, 0x0, 0x1f, 0x40, 0x0, 0x0,
    0x0, 0x1, 0xf4, 0x0, 0x0, 0x0, 0x0, 0x1f,
    0x40, 0x0, 0x0,

    /* U+0177 "ŷ" */
    0x0, 0xc, 0xa7, 0x0, 0x0, 0x7, 0x60, 0xa2,
    0x0, 0x0, 0x0, 0x0, 0x0, 0x7, 0xf0, 0x0,
    0x6, 0xf1, 0x2f, 0x50, 0x0, 0xbb, 0x0, 0xca,
    0x0, 0xf, 0x50, 0x7, 0xf0, 0x5, 0xf0, 0x0,
    0x1f, 0x50, 0xaa, 0x0, 0x0, 0xca, 0xf, 0x40,
    0x0, 0x6, 0xf4, 0xe0, 0x0, 0x0, 0x1f, 0xd9,
    0x0, 0x0, 0x0, 0xbf, 0x30, 0x0, 0x1, 0x38,
    0xd0, 0x0, 0x0, 0x5f, 0xe4, 0x0, 0x0,

    /* U+0178 "Ÿ" */
    0x0, 0x4, 0x90, 0x77, 0x0, 0x0, 0x0, 0x7e,
    0xb, 0xb0, 0x0, 0x0, 0x0, 0x0, 0x0, 0x0,
    0x0, 0xcc, 0x0, 0x0, 0x9, 0xf1, 0x3, 0xf5,
    0x0, 0x2, 0xf7, 0x0, 0xa, 0xd0, 0x0, 0xad,
    0x0, 0x0, 0x2f, 0x70, 0x3f, 0x50, 0x0, 0x0,
    0x8e, 0x1c, 0xc0, 0x0, 0x0, 0x0, 0xec, 0xf3,
    0x0, 0x0, 0x0, 0x6, 0xfa, 0x0, 0x0, 0x0,
    0x0, 0x1f, 0x40, 0x0, 0x0, 0x0, 0x1, 0xf4,
    0x0, 0x0, 0x0, 0x0, 0x1f, 0x40, 0x0, 0x0,
    0x0, 0x1, 0xf4, 0x0, 0x0, 0x0, 0x0, 0x1f,
    0x40, 0x0, 0x0,

    /* U+0179 "Ź" */
    0x0, 0x0, 0x5f, 0x20, 0x0, 0x0, 0xc, 0x60,
    0x0, 0x0, 0x0, 0x20, 0x0, 0x5, 0xff, 0xff,
    0xff, 0xf1, 0x26, 0x66, 0x66, 0xcf, 0x0, 0x0,
    0x0, 0x3f, 0x60, 0x0, 0x0, 0xd, 0xb0, 0x0,
    0x0, 0x8, 0xf2, 0x0, 0x0, 0x3, 0xf6, 0x0,
    0x0, 0x0, 0xdb, 0x0, 0x0, 0x0, 0x8f, 0x20,
    0x0, 0x0, 0x3f, 0x60, 0x0, 0x0, 0xd, 0xb0,
    0x0, 0x0, 0x7, 0xf8, 0x66, 0x66, 0x61, 0x8f,
    0xff, 0xff, 0xff, 0x40,

    /* U+017A "ź" */
    0x0, 0x0, 0x7e, 0x0, 0x0, 0x0, 0xe4, 0x0,
    0x0, 0x0, 0x10, 0x0, 0xf, 0xff, 0xff, 0xfa,
    0x3, 0x33, 0x35, 0xf7, 0x0, 0x0, 0x1d, 0xb0,
    0x0, 0x0, 0xbd, 0x0, 0x0, 0x9, 0xe1, 0x0,
    0x0, 0x6f, 0x30, 0x0, 0x4, 0xf5, 0x0, 0x0,
    0x1f, 0xb3, 0x33, 0x32, 0x3f, 0xff, 0xff, 0xfc,

    /* U+017B "Ż" */
    0x0, 0x2, 0xa1, 0x0, 0x0, 0x0, 0x3f, 0x30,
    0x0, 0x0, 0x0, 0x0, 0x0, 0x5, 0xff, 0xff,
    0xff, 0xf1, 0x26, 0x66, 0x66, 0xcf, 0x0, 0x0,
    0x0, 0x3f, 0x60, 0x0, 0x0, 0xd, 0xb0, 0x0,
    0x0, 0x8, 0xf2, 0x0, 0x0, 0x3, 0xf6, 0x0,
    0x0, 0x0, 0xdb, 0x0, 0x0, 0x0, 0x8f, 0x20,
    0x0, 0x0, 0x3f, 0x60, 0x0, 0x0, 0xd, 0xb0,
    0x0, 0x0, 0x7, 0xf8, 0x66, 0x66, 0x61, 0x8f,
    0xff, 0xff, 0xff, 0x40,

    /* U+017C "ż" */
    0x0, 0x6, 0xf0, 0x0, 0x0, 0x4, 0xa0, 0x0,
    0x0, 0x0, 0x0, 0x0, 0xf, 0xff, 0xff, 0xfa,
    0x3, 0x33, 0x35, 0xf7, 0x0, 0x0, 0x1d, 0xb0,
    0x0, 0x0, 0xbd, 0x0, 0x0, 0x9, 0xe1, 0x0,
    0x0, 0x6f, 0x30, 0x0, 0x4, 0xf5, 0x0, 0x0,
    0x1f, 0xb3, 0x33, 0x32, 0x3f, 0xff, 0xff, 0xfc,

    /* U+017D "Ž" */
    0x0, 0x5c, 0x1c, 0x50, 0x0, 0x0, 0xae, 0x90,
    0x0, 0x0, 0x0, 0x0, 0x0, 0x5, 0xff, 0xff,
    0xff, 0xf1, 0x26, 0x66, 0x66, 0xcf, 0x0, 0x0,
    0x0, 0x3f, 0x60, 0x0, 0x0, 0xd, 0xb0, 0x0,
    0x0, 0x8, 0xf2, 0x0, 0x0, 0x3, 0xf6, 0x0,
    0x0, 0x0, 0xdb, 0x0, 0x0, 0x0, 0x8f, 0x20,
    0x0, 0x0, 0x3f, 0x60, 0x0, 0x0, 0xd, 0xb0,
    0x0, 0x0, 0x7, 0xf8, 0x66, 0x66, 0x61, 0x8f,
    0xff, 0xff, 0xff, 0x40,

    /* U+017E "ž" */
    0x0, 0x8a, 0x1e, 0x20, 0x0, 0xc, 0xe6, 0x0,
    0x0, 0x0, 0x0, 0x0, 0xf, 0xff, 0xff, 0xfa,
    0x3, 0x33, 0x35, 0xf7, 0x0, 0x0, 0x1d, 0xb0,
    0x0, 0x0, 0xbd, 0x0, 0x0, 0x9, 0xe1, 0x0,
    0x0, 0x6f, 0x30, 0x0, 0x4, 0xf5, 0x0, 0x0,
    0x1f, 0xb3, 0x33, 0x32, 0x3f, 0xff, 0xff, 0xfc,

    /* U+017F "ſ" */
    0x4d, 0xf8, 0xcd, 0x63, 0xe8, 0x0, 0xe7, 0x0,
    0xe7, 0x0, 0xe7, 0x0, 0xe7, 0x0, 0xe7, 0x0,
    0xe7, 0x0, 0xe7, 0x0, 0xe7, 0x0, 0xe7, 0x0,

    /* U+0180 "ƀ" */
    0x0, 0x0, 0x0, 0x0, 0x0, 0x3f, 0xff, 0xfa,
    0x0, 0x0, 0x3, 0xf9, 0x32, 0x0, 0x0, 0x0,
    0xf7, 0x0, 0x0, 0x0, 0x0, 0xf8, 0xaf, 0xe7,
    0x0, 0x0, 0xff, 0xa4, 0x8f, 0x60, 0x0, 0xfc,
    0x0, 0x9, 0xe0, 0x0, 0xf7, 0x0, 0x4, 0xf2,
    0x0, 0xf5, 0x0, 0x3, 0xf3, 0x0, 0xf6, 0x0,
    0x5, 0xf2, 0x0, 0xfb, 0x0, 0xa, 0xe0, 0x0,
    0xff, 0x94, 0x8f, 0x60, 0x0, 0xf7, 0xbf, 0xd6,
    0x0,

    /* U+0181 "Ɓ" */
    0x7e, 0xff, 0xff, 0xfe, 0xb2, 0x0, 0xfb, 0xce,
    0x77, 0x78, 0xee, 0x0, 0xf5, 0xae, 0x0, 0x0,
    0x3f, 0x50, 0x0, 0xae, 0x0, 0x0, 0x1f, 0x60,
    0x0, 0xae, 0x22, 0x23, 0xae, 0x10, 0x0, 0xaf,
    0xff, 0xff, 0xf4, 0x0, 0x0, 0xae, 0x55, 0x56,
    0xbf, 0x30, 0x0, 0xae, 0x0, 0x0, 0xc, 0xc0,
    0x0, 0xae, 0x0, 0x0, 0x9, 0xf0, 0x0, 0xae,
    0x0, 0x0, 0xd, 0xd0, 0x0, 0xae, 0x77, 0x78,
    0xdf, 0x60, 0x0, 0xaf, 0xff, 0xff, 0xc6, 0x0,

    /* U+0182 "Ƃ" */
    0xbf, 0xff, 0xff, 0xfb, 0xb, 0xe7, 0x77, 0x77,
    0x40, 0xbc, 0x0, 0x0, 0x0, 0xb, 0xc0, 0x0,
    0x0, 0x0, 0xbd, 0x22, 0x11, 0x0, 0xb, 0xff,
    0xff, 0xfe, 0x70, 0xbd, 0x55, 0x56, 0xcf, 0x5b,
    0xc0, 0x0, 0x0, 0xec, 0xbc, 0x0, 0x0, 0xb,
    0xeb, 0xc0, 0x0, 0x0, 0xeb, 0xbd, 0x66, 0x67,
    0xcf, 0x4b, 0xff, 0xff, 0xfc, 0x50,

    /* U+0183 "ƃ" */
    0xff, 0xff, 0xff, 0xf3, 0xf9, 0x33, 0x33, 0x30,
    0xf7, 0x0, 0x0, 0x0, 0xf8, 0xaf, 0xe7, 0x0,
    0xff, 0xa4, 0x8f, 0x60, 0xfc, 0x0, 0x9, 0xe0,
    0xf7, 0x0, 0x4, 0xf2, 0xf5, 0x0, 0x3, 0xf3,
    0xf6, 0x0, 0x5, 0xf2, 0xfb, 0x0, 0xa, 0xe0,
    0xff, 0x94, 0x8f, 0x60, 0xf7, 0xbf, 0xd6, 0x0,

    /* U+0184 "Ƅ" */
    0xe7, 0x0, 0x0, 0x0, 0xe7, 0x0, 0x0, 0x0,
    0xe7, 0x0, 0x0, 0x0, 0xe7, 0x0, 0x0, 0x0,
    0xe8, 0x10, 0x0, 0x0, 0xef, 0xff, 0xfa, 0x10,
    0xe9, 0x44, 0x6e, 0xc0, 0xe7, 0x0, 0x5, 0xf2,
    0xd8, 0x0, 0x3, 0xf3, 0xad, 0x0, 0x5, 0xf1,
    0x3f, 0xa4, 0x5d, 0xb0, 0x5, 0xdf, 0xea, 0x10,

    /* U+0185 "ƅ" */
    0xe7, 0x0, 0x0, 0x0, 0xe7, 0x0, 0x0, 0x0,
    0xe7, 0x0, 0x0, 0x0, 0xe8, 0xaf, 0xe7, 0x0,
    0xef, 0xa4, 0x8f, 0x70, 0xed, 0x0, 0x9, 0xe0,
    0xe7, 0x0, 0x4, 0xf2, 0xe6, 0x0, 0x3, 0xf4,
    0xd7, 0x0, 0x4, 0xf2, 0xac, 0x0, 0x9, 0xe0,
    0x3f, 0x94, 0x8f, 0x60, 0x4, 0xdf, 0xd6, 0x0,

    /* U+0186 "Ɔ" */
    0x0, 0x2a, 0xef, 0xd9, 0x10, 0x0, 0x2e, 0xe8,
    0x68, 0xee, 0x20, 0xc, 0xe1, 0x0, 0x1, 0xdd,
    0x0, 0x95, 0x0, 0x0, 0x5, 0xf5, 0x0, 0x0,
    0x0, 0x0, 0xf, 0x90, 0x0, 0x0, 0x0, 0x0,
    0xeb, 0x0, 0x0, 0x0, 0x0, 0xd, 0xb0, 0x20,
    0x0, 0x0, 0x0, 0xf9, 0x3f, 0x60, 0x0, 0x0,
    0x4f, 0x50, 0xce, 0x10, 0x0, 0x1d, 0xd0, 0x2,
    0xee, 0x86, 0x8e, 0xf3, 0x0, 0x1, 0x9d, 0xfe,
    0xa2, 0x0,

    /* U+0187 "Ƈ" */
    0x0, 0x4, 0xbe, 0xfc, 0x43, 0xdf, 0x30, 0x8,
    0xfb, 0x76, 0xaf, 0xee, 0x60, 0x5, 0xf8, 0x0,
    0x0, 0x6f, 0xb0, 0x0, 0xce, 0x0, 0x0, 0x0,
    0xa5, 0x0, 0xf, 0x90, 0x0, 0x0, 0x0, 0x0,
    0x2, 0xf7, 0x0, 0x0, 0x0, 0x0, 0x0, 0x2f,
    0x60, 0x0, 0x0, 0x0, 0x0, 0x0, 0xf8, 0x0,
    0x0, 0x0, 0x20, 0x0, 0xc, 0xd0, 0x0, 0x0,
    0xd, 0xc0, 0x0, 0x5f, 0x70, 0x0, 0x7, 0xf5,
    0x0, 0x0, 0xaf, 0xb6, 0x7b, 0xfa, 0x0, 0x0,
    0x0, 0x6c, 0xff, 0xc6, 0x0, 0x0,

    /* U+0188 "ƈ" */
    0x0, 0x0, 0x0, 0x0, 0x0, 0x0, 0x0, 0x0,
    0x2d, 0xf2, 0x0, 0x7d, 0xfe, 0xee, 0x40, 0x8,
    0xf7, 0x49, 0xfb, 0x0, 0x1f, 0x70, 0x0, 0xb9,
    0x0, 0x4f, 0x20, 0x0, 0x0, 0x0, 0x5f, 0x10,
    0x0, 0x0, 0x0, 0x3f, 0x20, 0x0, 0x33, 0x0,
    0x1f, 0x70, 0x0, 0xca, 0x0, 0x8, 0xf7, 0x49,
    0xf3, 0x0, 0x0, 0x8e, 0xfc, 0x40, 0x0,

    /* U+0189 "Ɖ" */
    0xb, 0xff, 0xff, 0xeb, 0x40, 0x0, 0xbe, 0x77,
    0x78, 0xdf, 0x50, 0xb, 0xc0, 0x0, 0x0, 0xce,
    0x0, 0xbc, 0x0, 0x0, 0x3, 0xf6, 0x1c, 0xd2,
    0x21, 0x0, 0xe, 0xaf, 0xff, 0xff, 0xe0, 0x0,
    0xdb, 0x4c, 0xd5, 0x54, 0x0, 0xd, 0xa0, 0xbc,
    0x0, 0x0, 0x0, 0xf9, 0xb, 0xc0, 0x0, 0x0,
    0x3f, 0x50, 0xbc, 0x0, 0x0, 0xc, 0xe0, 0xb,
    0xe7, 0x77, 0x8d, 0xf5, 0x0, 0xbf, 0xff, 0xfe,
    0xb3, 0x0,

    /* U+018A "Ɗ" */
    0x7e, 0xff, 0xff, 0xff, 0xc5, 0x0, 0xfb, 0xce,
    0x77, 0x78, 0xdf, 0x70, 0xf5, 0xae, 0x0, 0x0,
    0xb, 0xf1, 0x10, 0xae, 0x0, 0x0, 0x2, 0xf7,
    0x0, 0xae, 0x0, 0x0, 0x0, 0xdb, 0x0, 0xae,
    0x0, 0x0, 0x0, 0xcc, 0x0, 0xae, 0x0, 0x0,
    0x0, 0xcc, 0x0, 0xae, 0x0, 0x0, 0x0, 0xeb,
    0x0, 0xae, 0x0, 0x0, 0x2, 0xf7, 0x0, 0xae,
    0x0, 0x0, 0xb, 0xf1, 0x0, 0xae, 0x77, 0x78,
    0xdf, 0x60, 0x0, 0xaf, 0xff, 0xfe, 0xb4, 0x0,

    /* U+018B "Ƌ" */
    0x3, 0xff, 0xff, 0xff, 0xf3, 0x1, 0x77, 0x77,
    0x79, 0xf3, 0x0, 0x0, 0x0, 0x5, 0xf3, 0x0,
    0x0, 0x0, 0x5, 0xf3, 0x0, 0x0, 0x12, 0x26,
    0xf3, 0x2, 0xbf, 0xff, 0xff, 0xf3, 0xd, 0xf8,
    0x55, 0x58, 0xf3, 0x4f, 0x60, 0x0, 0x5, 0xf3,
    0x6f, 0x30, 0x0, 0x5, 0xf3, 0x3f, 0x70, 0x0,
    0x5, 0xf3, 0xc, 0xf8, 0x66, 0x69, 0xf3, 0x1,
    0xae, 0xff, 0xff, 0xf3,

    /* U+018C "ƌ" */
    0x4f, 0xff, 0xff, 0xfd, 0x3, 0x33, 0x33, 0xad,
    0x0, 0x0, 0x0, 0x8d, 0x0, 0x8e, 0xfa, 0x9d,
    0x8, 0xf7, 0x4b, 0xfd, 0x1f, 0x80, 0x0, 0xed,
    0x3f, 0x30, 0x0, 0x8d, 0x5f, 0x10, 0x0, 0x7d,
    0x3f, 0x30, 0x0, 0x8d, 0xf, 0x70, 0x0, 0xbd,
    0x7, 0xe5, 0x17, 0xfd, 0x0, 0x7e, 0xfb, 0x8d,

    /* U+018D "ƍ" */
    0x0, 0x8d, 0xfd, 0x70, 0x0, 0x9f, 0x74, 0x8f,
    0x70, 0x2f, 0x70, 0x0, 0x9f, 0x5, 0xf1, 0x0,
    0x3, 0xf4, 0x6f, 0x0, 0x0, 0x1f, 0x55, 0xf1,
    0x0, 0x3, 0xf3, 0xf, 0x70, 0x0, 0x8f, 0x0,
    0x6f, 0x73, 0x8f, 0x70, 0x0, 0x5f, 0xfe, 0x80,
    0x0, 0x0, 0x2c, 0x90, 0x0, 0x1, 0x33, 0x3b,
    0xe5, 0x0, 0x7f, 0xff, 0xff, 0xe0,

    /* U+018E "Ǝ" */
    0xe, 0xff, 0xff, 0xff, 0xf6, 0x6, 0x77, 0x77,
    0x78, 0xf6, 0x0, 0x0, 0x0, 0x1, 0xf6, 0x0,
    0x0, 0x0, 0x1, 0xf6, 0x0, 0x22, 0x22, 0x23,
    0xf6, 0x7, 0xff, 0xff, 0xff, 0xf6, 0x2, 0x55,
    0x55, 0x56, 0xf6, 0x0, 0x0, 0x0, 0x1, 0xf6,
    0x0, 0x0, 0x0, 0x1, 0xf6, 0x0, 0x0, 0x0,
    0x1, 0xf6, 0x7, 0x77, 0x77, 0x77, 0xf6, 0x2f,
    0xff, 0xff, 0xff, 0xf6,

    /* U+018F "Ə" */
    0x0, 0x8, 0xdf, 0xe9, 0x20, 0x0, 0x1d, 0xf9,
    0x79, 0xee, 0x30, 0x9, 0xf3, 0x0, 0x1, 0xdd,
    0x0, 0x43, 0x0, 0x0, 0x4, 0xf4, 0x1, 0x11,
    0x11, 0x11, 0x1f, 0x84, 0xff, 0xff, 0xff, 0xff,
    0xfa, 0x3f, 0x74, 0x44, 0x44, 0x4e, 0xa1, 0xf6,
    0x0, 0x0, 0x0, 0xe8, 0xd, 0xb0, 0x0, 0x0,
    0x3f, 0x40, 0x6f, 0x50, 0x0, 0x1c, 0xd0, 0x0,
    0xaf, 0xa6, 0x8e, 0xe3, 0x0, 0x0, 0x7d, 0xfe,
    0x92, 0x0,

    /* U+0190 "Ɛ" */
    0x0, 0x4c, 0xfe, 0xa2, 0x0, 0x5, 0xfc, 0x78,
    0xee, 0x10, 0xc, 0xd0, 0x0, 0x1f, 0x80, 0xc,
    0xc0, 0x0, 0x6, 0x50, 0x5, 0xf8, 0x21, 0x0,
    0x0, 0x0, 0x9f, 0xfb, 0x0, 0x0, 0xa, 0xf9,
    0x53, 0x0, 0x0, 0x2f, 0x70, 0x0, 0x0, 0x0,
    0x4f, 0x40, 0x0, 0x8, 0xa0, 0x2f, 0x90, 0x0,
    0x2f, 0x90, 0x9, 0xfa, 0x68, 0xfe, 0x10, 0x0,
    0x7d, 0xfe, 0xa1, 0x0,

    /* U+0191 "Ƒ" */
    0x0, 0xbf, 0xff, 0xff, 0xff, 0x0, 0xb, 0xe7,
    0x77, 0x77, 0x70, 0x0, 0xbc, 0x0, 0x0, 0x0,
    0x0, 0xb, 0xc0, 0x0, 0x0, 0x0, 0x0, 0xbd,
    0x22, 0x22, 0x20, 0x0, 0xb, 0xff, 0xff, 0xff,
    0x30, 0x0, 0xbd, 0x55, 0x55, 0x50, 0x0, 0xb,
    0xc0, 0x0, 0x0, 0x0, 0x0, 0xbc, 0x0, 0x0,
    0x0, 0x0, 0xb, 0xc0, 0x0, 0x0, 0x0, 0x0,
    0xbc, 0x0, 0x0, 0x0, 0x0, 0xb, 0xc0, 0x0,
    0x0, 0x0, 0x1, 0xdc, 0x0, 0x0, 0x0, 0x3,
    0xff, 0x70, 0x0, 0x0, 0x0, 0x3, 0x20, 0x0,
    0x0, 0x0, 0x0,

    /* U+0192 "ƒ" */
    0x0, 0x0, 0x5e, 0xf8, 0x0, 0x0, 0xf8, 0x32,
    0x0, 0x4, 0xf0, 0x0, 0x0, 0xbf, 0xff, 0xf8,
    0x0, 0x2b, 0xf3, 0x31, 0x0, 0x9, 0xb0, 0x0,
    0x0, 0xa, 0x90, 0x0, 0x0, 0xc, 0x80, 0x0,
    0x0, 0xe, 0x60, 0x0, 0x0, 0xf, 0x40, 0x0,
    0x4, 0x8f, 0x10, 0x0, 0xf, 0xe6, 0x0, 0x0,

    /* U+0193 "Ɠ" */
    0x0, 0x3, 0xae, 0xfe, 0x81, 0xbf, 0x80, 0x6,
    0xfd, 0x86, 0x8e, 0xef, 0x83, 0x3, 0xfa, 0x0,
    0x0, 0x2e, 0xf1, 0x0, 0xbe, 0x0, 0x0, 0x0,
    0x69, 0x0, 0xf, 0x90, 0x0, 0x0, 0x0, 0x0,
    0x1, 0xf6, 0x0, 0x0, 0x22, 0x22, 0x0, 0x2f,
    0x70, 0x0, 0x6f, 0xff, 0xf6, 0x0, 0xf9, 0x0,
    0x2, 0x55, 0x5f, 0x60, 0xb, 0xe0, 0x0, 0x0,
    0x0, 0xf6, 0x0, 0x3f, 0xb0, 0x0, 0x0, 0x5f,
    0x60, 0x0, 0x6f, 0xe9, 0x78, 0xdf, 0xc1, 0x0,
    0x0, 0x2a, 0xef, 0xeb, 0x50, 0x0,

    /* U+0194 "Ɣ" */
    0xcd, 0x0, 0x0, 0x0, 0x6f, 0x25, 0xf4, 0x0,
    0x0, 0xd, 0xb0, 0xe, 0xb0, 0x0, 0x4, 0xf5,
    0x0, 0x7f, 0x20, 0x0, 0xbe, 0x0, 0x1, 0xf8,
    0x0, 0x2f, 0x70, 0x0, 0xa, 0xe0, 0x8, 0xf1,
    0x0, 0x0, 0x3f, 0x60, 0xe9, 0x0, 0x0, 0x0,
    0xcd, 0x6f, 0x20, 0x0, 0x0, 0x5, 0xfe, 0xc0,
    0x0, 0x0, 0x0, 0xe, 0xf5, 0x0, 0x0, 0x0,
    0x0, 0xaf, 0x10, 0x0, 0x0, 0x0, 0x1f, 0xf7,
    0x0, 0x0, 0x0, 0x6, 0xfa, 0xd0, 0x0, 0x0,
    0x0, 0x7d, 0x8e, 0x0, 0x0, 0x0, 0x2, 0xdf,
    0x70, 0x0, 0x0,

    /* U+0195 "ƕ" */
    0xe7, 0x0, 0x0, 0x0, 0x0, 0x0, 0xe7, 0x0,
    0x0, 0x0, 0x0, 0x0, 0xe7, 0x0, 0x0, 0x0,
    0x0, 0x0, 0xe8, 0xaf, 0xd6, 0x0, 0xf, 0x60,
    0xef, 0xa5, 0xbf, 0x30, 0xa, 0xd0, 0xec, 0x0,
    0xf, 0x70, 0x5, 0xf2, 0xe8, 0x0, 0xe, 0x80,
    0x2, 0xf5, 0xe7, 0x0, 0xe, 0x80, 0x0, 0xf6,
    0xe7, 0x0, 0xe, 0x80, 0x1, 0xf4, 0xe7, 0x0,
    0xc, 0xa0, 0x5, 0xf2, 0xe7, 0x0, 0x7, 0xf5,
    0x4e, 0xb0, 0xe7, 0x0, 0x0, 0x8e, 0xfb, 0x10,

    /* U+0196 "Ɩ" */
    0xe7, 0xe, 0x70, 0xe7, 0xe, 0x70, 0xe7, 0xe,
    0x70, 0xe7, 0xe, 0x70, 0xe7, 0xe, 0x70, 0xdc,
    0x56, 0xec,

    /* U+0197 "Ɨ" */
    0x2, 0xf5, 0x0, 0x2, 0xf5, 0x0, 0x2, 0xf5,
    0x0, 0x2, 0xf5, 0x0, 0x2, 0xf5, 0x0, 0xff,
    0xff, 0xf2, 0x24, 0xf7, 0x20, 0x2, 0xf5, 0x0,
    0x2, 0xf5, 0x0, 0x2, 0xf5, 0x0, 0x2, 0xf5,
    0x0, 0x2, 0xf5, 0x0,

    /* U+0198 "Ƙ" */
    0xdb, 0x0, 0x0, 0x6e, 0xe5, 0xd, 0xb0, 0x0,
    0x6f, 0xac, 0xe0, 0xdb, 0x0, 0x4f, 0x70, 0x14,
    0xd, 0xb0, 0x3f, 0x90, 0x0, 0x0, 0xdb, 0x1e,
    0xc0, 0x0, 0x0, 0xd, 0xcd, 0xff, 0x20, 0x0,
    0x0, 0xdf, 0xe3, 0xfc, 0x0, 0x0, 0xd, 0xe2,
    0x6, 0xf7, 0x0, 0x0, 0xdb, 0x0, 0xb, 0xf3,
    0x0, 0xd, 0xb0, 0x0, 0x1f, 0xd0, 0x0, 0xdb,
    0x0, 0x0, 0x5f, 0x90, 0xd, 0xb0, 0x0, 0x0,
    0xbf, 0x40,

    /* U+0199 "ƙ" */
    0x5e, 0xe0, 0x0, 0xd, 0xb3, 0x0, 0x0, 0xe7,
    0x0, 0x0, 0xf, 0x70, 0xa, 0xf3, 0xf7, 0x9,
    0xf3, 0xf, 0x77, 0xf4, 0x0, 0xfd, 0xfa, 0x0,
    0xf, 0xfb, 0xf2, 0x0, 0xf8, 0xd, 0xc0, 0xf,
    0x70, 0x4f, 0x60, 0xf7, 0x0, 0xae, 0x1f, 0x70,
    0x1, 0xfa,

    /* U+019A "ƚ" */
    0x2, 0xf4, 0x0, 0x2, 0xf4, 0x0, 0x2, 0xf4,
    0x0, 0x2, 0xf4, 0x0, 0x2, 0xf4, 0x0, 0xff,
    0xff, 0xf2, 0x24, 0xf6, 0x20, 0x2, 0xf4, 0x0,
    0x2, 0xf4, 0x0, 0x1, 0xf4, 0x0, 0x1, 0xfa,
    0x30, 0x0, 0x9f, 0x90,

    /* U+019B "ƛ" */
    0x0, 0xcb, 0x55, 0x0, 0x3, 0xbf, 0xe6, 0x0,
    0xc, 0xaf, 0x60, 0x0, 0x0, 0xc, 0xc0, 0x0,
    0x0, 0x1f, 0xf2, 0x0, 0x0, 0x7f, 0xf7, 0x0,
    0x0, 0xca, 0xad, 0x0, 0x2, 0xf4, 0x4f, 0x30,
    0x8, 0xe0, 0xe, 0x90, 0xe, 0x90, 0x9, 0xe0,
    0x3f, 0x30, 0x3, 0xf4, 0x9e, 0x0, 0x0, 0xda,

    /* U+019C "Ɯ" */
    0xf7, 0x0, 0xf, 0x60, 0x1, 0xf5, 0xf7, 0x0,
    0xf, 0x60, 0x1, 0xf5, 0xf7, 0x0, 0xf, 0x60,
    0x1, 0xf5, 0xf7, 0x0, 0xf, 0x60, 0x1, 0xf5,
    0xf7, 0x0, 0xf, 0x60, 0x1, 0xf5, 0xf7, 0x0,
    0xf, 0x60, 0x1, 0xf5, 0xf7, 0x0, 0xf, 0x60,
    0x1, 0xf5, 0xf7, 0x0, 0xf, 0x60, 0x1, 0xf5,
    0xf7, 0x0, 0xf, 0x60, 0x2, 0xf5, 0xe8, 0x0,
    0x3f, 0x60, 0x5, 0xf5, 0xbd, 0x23, 0xce, 0xc2,
    0x3d, 0xf5, 0x2c, 0xfd, 0x53, 0xdf, 0xd5, 0xf5,

    /* U+019D "Ɲ" */
    0x0, 0xbf, 0x20, 0x0, 0x2, 0xf4, 0x0, 0xbf,
    0xc0, 0x0, 0x2, 0xf4, 0x0, 0xbe, 0xf6, 0x0,
    0x2, 0xf4, 0x0, 0xbb, 0xae, 0x10, 0x2, 0xf4,
    0x0, 0xbb, 0x1f, 0xa0, 0x2, 0xf4, 0x0, 0xbb,
    0x6, 0xf4, 0x2, 0xf4, 0x0, 0xbb, 0x0, 0xce,
    0x2, 0xf4, 0x0, 0xbb, 0x0, 0x2f, 0x92, 0xf4,
    0x0, 0xbb, 0x0, 0x8, 0xf6, 0xf4, 0x0, 0xbb,
    0x0, 0x0, 0xde, 0xf4, 0x0, 0xbb, 0x0, 0x0,
    0x3f, 0xf4, 0x0, 0xbb, 0x0, 0x0, 0x9, 0xf4,
    0x1, 0xda, 0x0, 0x0, 0x0, 0x0, 0x3f, 0xf6,
    0x0, 0x0, 0x0, 0x0, 0x3, 0x20, 0x0, 0x0,
    0x0, 0x0,

    /* U+019E "ƞ" */
    0xe6, 0xaf, 0xea, 0xe, 0xf7, 0x25, 0xf9, 0xeb,
    0x0, 0xa, 0xce, 0x80, 0x0, 0x9d, 0xe8, 0x0,
    0x9, 0xde, 0x80, 0x0, 0x9d, 0xe8, 0x0, 0x9,
    0xde, 0x80, 0x0, 0x9d, 0xe8, 0x0, 0x9, 0xd0,
    0x0, 0x0, 0x9d, 0x0, 0x0, 0x9, 0xd0, 0x0,
    0x0, 0x9d,

    /* U+019F "Ɵ" */
    0x0, 0x4, 0xbe, 0xfd, 0x81, 0x0, 0x0, 0x8f,
    0xc7, 0x69, 0xfd, 0x10, 0x5, 0xf7, 0x0, 0x0,
    0x2e, 0xc0, 0xc, 0xc0, 0x0, 0x0, 0x4, 0xf4,
    0x1f, 0x70, 0x0, 0x0, 0x0, 0xf8, 0x3f, 0xff,
    0xff, 0xff, 0xff, 0xfa, 0x3f, 0x83, 0x33, 0x33,
    0x33, 0xfa, 0x1f, 0x90, 0x0, 0x0, 0x2, 0xf9,
    0xd, 0xe1, 0x0, 0x0, 0x8, 0xf4, 0x5, 0xfa,
    0x0, 0x0, 0x3f, 0xc0, 0x0, 0x8f, 0xd7, 0x69,
    0xfd, 0x10, 0x0, 0x4, 0xbe, 0xfd, 0x81, 0x0,

    /* U+01A0 "Ơ" */
    0x0, 0x0, 0x0, 0x0, 0x7, 0x10, 0x0, 0x0,
    0x0, 0x0, 0xe, 0x40, 0x0, 0x0, 0x0, 0x0,
    0x1e, 0x40, 0x0, 0x6, 0xcf, 0xef, 0xf8, 0x0,
    0x0, 0xbf, 0xb7, 0x7c, 0xf8, 0x0, 0x7, 0xf5,
    0x0, 0x0, 0x8f, 0x40, 0xd, 0xa0, 0x0, 0x0,
    0xd, 0xb0, 0x2f, 0x50, 0x0, 0x0, 0x8, 0xf0,
    0x3f, 0x30, 0x0, 0x0, 0x6, 0xf0, 0x3f, 0x30,
    0x0, 0x0, 0x6, 0xf1, 0x2f, 0x50, 0x0, 0x0,
    0x8, 0xf0, 0xe, 0xa0, 0x0, 0x0, 0xd, 0xb0,
    0x7, 0xf5, 0x0, 0x0, 0x7f, 0x40, 0x0, 0xbf,
    0xa7, 0x7c, 0xf9, 0x0, 0x0, 0x6, 0xcf, 0xec,
    0x50, 0x0,

    /* U+01A1 "ơ" */
    0x0, 0x0, 0x0, 0x7, 0x20, 0x0, 0x0, 0x0,
    0xc6, 0x0, 0x0, 0x0, 0xd, 0x60, 0x6, 0xdf,
    0xff, 0xc1, 0x6, 0xfa, 0x68, 0xf9, 0x0, 0xe9,
    0x0, 0x7, 0xf1, 0x3f, 0x30, 0x0, 0x1f, 0x54,
    0xf2, 0x0, 0x0, 0xf7, 0x3f, 0x30, 0x0, 0x1f,
    0x50, 0xe9, 0x0, 0x7, 0xf1, 0x6, 0xfa, 0x68,
    0xf9, 0x0, 0x6, 0xdf, 0xd7, 0x0,

    /* U+01A2 "Ƣ" */
    0x0, 0x4, 0xbe, 0xfd, 0x81, 0xaf, 0xea, 0x10,
    0x0, 0x8f, 0xd8, 0x7a, 0xff, 0xf8, 0x8f, 0xb0,
    0x5, 0xf9, 0x0, 0x0, 0x3f, 0xc0, 0x7, 0xf0,
    0xc, 0xd0, 0x0, 0x0, 0x7, 0xf4, 0x5, 0xf2,
    0x1f, 0x80, 0x0, 0x0, 0x1, 0xf8, 0x5, 0xf3,
    0x3f, 0x60, 0x0, 0x0, 0x0, 0xea, 0x5, 0xf3,
    0x3f, 0x50, 0x0, 0x0, 0x0, 0xea, 0x5, 0xf3,
    0x1f, 0x70, 0x0, 0x0, 0x0, 0xf9, 0x5, 0xf3,
    0xd, 0xc0, 0x0, 0x0, 0x4, 0xf4, 0x5, 0xf3,
    0x5, 0xf6, 0x0, 0x0, 0x1d, 0xc0, 0x5, 0xf3,
    0x0, 0x8f, 0x94, 0x36, 0xdd, 0x20, 0x5, 0xf3,
    0x0, 0x4, 0xbe, 0xfd, 0x81, 0x0, 0x5, 0xf3,

    /* U+01A3 "ƣ" */
    0x0, 0x7d, 0xfd, 0x6b, 0xfe, 0x60, 0x9, 0xf8,
    0x59, 0xfe, 0x5a, 0xf2, 0x2f, 0x70, 0x0, 0x9f,
    0x0, 0xf6, 0x5f, 0x20, 0x0, 0x3f, 0x30, 0xf7,
    0x6f, 0x0, 0x0, 0x2f, 0x50, 0xf7, 0x5f, 0x10,
    0x0, 0x3f, 0x40, 0xf7, 0x2f, 0x70, 0x0, 0x8f,
    0x0, 0xf7, 0x9, 0xf7, 0x48, 0xf8, 0x0, 0xf7,
    0x0, 0x7d, 0xfd, 0x60, 0x0, 0xf7, 0x0, 0x0,
    0x0, 0x0, 0x0, 0xf7, 0x0, 0x0, 0x0, 0x0,
    0x0, 0xf7, 0x0, 0x0, 0x0, 0x0, 0x0, 0xf7,

    /* U+01A4 "Ƥ" */
    0x6e, 0xff, 0xff, 0xff, 0xd7, 0x0, 0xeb, 0xde,
    0x77, 0x77, 0xbf, 0x70, 0xf5, 0xad, 0x0, 0x0,
    0xc, 0xe0, 0x20, 0xad, 0x0, 0x0, 0x8, 0xf0,
    0x0, 0xad, 0x0, 0x0, 0xb, 0xf0, 0x0, 0xad,
    0x22, 0x23, 0x8f, 0x90, 0x0, 0xaf, 0xff, 0xff,
    0xfa, 0x0, 0x0, 0xae, 0x55, 0x44, 0x10, 0x0,
    0x0, 0xad, 0x0, 0x0, 0x0, 0x0, 0x0, 0xad,
    0x0, 0x0, 0x0, 0x0, 0x0, 0xad, 0x0, 0x0,
    0x0, 0x0, 0x0, 0xad, 0x0, 0x0, 0x0, 0x0,

    /* U+01A5 "ƥ" */
    0x0, 0x0, 0x0, 0x0, 0x0, 0x0, 0x2d, 0xf3,
    0x0, 0x0, 0x8d, 0x30, 0xe7, 0xbf, 0xfd, 0x0,
    0xef, 0x70, 0x4e, 0x90, 0xec, 0x0, 0x7, 0xf0,
    0xe7, 0x0, 0x3, 0xf3, 0xe6, 0x0, 0x2, 0xf4,
    0xe7, 0x0, 0x4, 0xf2, 0xec, 0x0, 0x9, 0xe0,
    0xef, 0x94, 0x8f, 0x60, 0xe9, 0xbf, 0xd6, 0x0,
    0xe8, 0x0, 0x0, 0x0, 0xe8, 0x0, 0x0, 0x0,
    0xe8, 0x0, 0x0, 0x0,

    /* U+01A6 "Ʀ" */
    0xbd, 0x11, 0x11, 0x0, 0x0, 0xb, 0xff, 0xff,
    0xff, 0xc2, 0x0, 0xbd, 0x44, 0x44, 0x7f, 0xd0,
    0xb, 0xc0, 0x0, 0x0, 0x6f, 0x40, 0xbc, 0x0,
    0x0, 0x2, 0xf6, 0xb, 0xc0, 0x0, 0x0, 0x5f,
    0x40, 0xbd, 0x22, 0x22, 0x5e, 0xd0, 0xb, 0xff,
    0xff, 0xff, 0xb1, 0x0, 0xbd, 0x55, 0x6e, 0xb1,
    0x0, 0xb, 0xc0, 0x0, 0x2f, 0xc0, 0x0, 0xbc,
    0x0, 0x0, 0x5f, 0x80, 0xb, 0xc0, 0x0, 0x0,
    0xbf, 0x30, 0x0, 0x0, 0x0, 0x1, 0xfd, 0x0,
    0x0, 0x0, 0x0, 0x6, 0xf7,

    /* U+01A7 "Ƨ" */
    0x0, 0x29, 0xdf, 0xd9, 0x10, 0x2, 0xfe, 0x87,
    0x9e, 0xe1, 0x9, 0xf1, 0x0, 0x2, 0xf6, 0x6,
    0x60, 0x0, 0x0, 0xf7, 0x0, 0x0, 0x0, 0x4c,
    0xf2, 0x0, 0x18, 0xcf, 0xfd, 0x40, 0x5, 0xff,
    0xb7, 0x20, 0x0, 0xe, 0xb1, 0x0, 0x0, 0x0,
    0x2f, 0x50, 0x0, 0x0, 0xae, 0xf, 0xa0, 0x0,
    0x3, 0xfa, 0x7, 0xfc, 0x87, 0xaf, 0xe1, 0x0,
    0x4c, 0xef, 0xd9, 0x10,

    /* U+01A8 "ƨ" */
    0x1, 0xae, 0xfc, 0x30, 0xb, 0xd5, 0x4a, 0xf1,
    0x8, 0x30, 0x2, 0xf3, 0x0, 0x4, 0x9e, 0xe0,
    0x7, 0xff, 0xfa, 0x20, 0x3f, 0xa3, 0x0, 0x0,
    0x5f, 0x20, 0x1, 0xe5, 0x1e, 0xb4, 0x4b, 0xe1,
    0x2, 0xbe, 0xeb, 0x30,

    /* U+01A9 "Ʃ" */
    0x4f, 0xff, 0xff, 0xff, 0x83, 0xfc, 0x77, 0x77,
    0x73, 0x7, 0xf5, 0x0, 0x0, 0x0, 0x8, 0xf4,
    0x0, 0x0, 0x0, 0xa, 0xf3, 0x0, 0x0, 0x0,
    0xc, 0xe1, 0x0, 0x0, 0x2, 0xfb, 0x0, 0x0,
    0x1, 0xdd, 0x0, 0x0, 0x0, 0xbf, 0x20, 0x0,
    0x0, 0x8f, 0x40, 0x0, 0x0, 0x3f, 0xc7, 0x77,
    0x77, 0x64, 0xff, 0xff, 0xff, 0xfe,

    /* U+01AA "ƪ" */
    0xb, 0xda, 0x0, 0x5, 0x70, 0xa8, 0x0, 0x58,
    0xc, 0xd0, 0x0, 0x8c, 0xce, 0x0, 0x0, 0x8,
    0xe0, 0x0, 0x0, 0x8e, 0x0, 0x0, 0x8, 0xe0,
    0x0, 0x0, 0x8e, 0x0, 0x0, 0x8, 0xe0, 0x0,
    0x0, 0x8e, 0x0, 0x0, 0x8, 0xe0, 0x0, 0x0,
    0x8e, 0x0, 0x0, 0x8, 0xe0, 0x0, 0x0, 0x7f,
    0x20, 0x0, 0x3, 0xff, 0x60, 0x0, 0x1, 0x41,

    /* U+01AB "ƫ" */
    0x0, 0x0, 0x0, 0x49, 0x0, 0xb, 0xb0, 0x0,
    0xbb, 0x0, 0xbf, 0xff, 0x11, 0xbb, 0x20, 0xb,
    0xb0, 0x0, 0xbb, 0x0, 0xb, 0xb0, 0x0, 0xbb,
    0x0, 0xb, 0xb0, 0x0, 0xae, 0x62, 0x4, 0xef,
    0x40, 0x1, 0xf4, 0x7, 0xfe, 0x10, 0x2, 0x0,

    /* U+01AC "Ƭ" */
    0x2d, 0xff, 0xff, 0xff, 0xc9, 0xe7, 0x7f, 0xc7,
    0x75, 0xab, 0x0, 0xea, 0x0, 0x1, 0x10, 0xe,
    0xa0, 0x0, 0x0, 0x0, 0xea, 0x0, 0x0, 0x0,
    0xe, 0xa0, 0x0, 0x0, 0x0, 0xea, 0x0, 0x0,
    0x0, 0xe, 0xa0, 0x0, 0x0, 0x0, 0xea, 0x0,
    0x0, 0x0, 0xe, 0xa0, 0x0, 0x0, 0x0, 0xea,
    0x0, 0x0, 0x0, 0xe, 0xa0, 0x0,

    /* U+01AD "ƭ" */
    0x4, 0xef, 0x30, 0xae, 0x61, 0xb, 0xb0, 0xb,
    0xff, 0xf1, 0x1b, 0xb2, 0x0, 0xbb, 0x0, 0xb,
    0xb0, 0x0, 0xbb, 0x0, 0xb, 0xb0, 0x0, 0xbb,
    0x0, 0xa, 0xe6, 0x10, 0x3e, 0xf3,

    /* U+01AE "Ʈ" */
    0xaf, 0xff, 0xff, 0xff, 0xf6, 0x47, 0x77, 0xfc,
    0x77, 0x73, 0x0, 0x0, 0xea, 0x0, 0x0, 0x0,
    0x0, 0xea, 0x0, 0x0, 0x0, 0x0, 0xea, 0x0,
    0x0, 0x0, 0x0, 0xea, 0x0, 0x0, 0x0, 0x0,
    0xea, 0x0, 0x0, 0x0, 0x0, 0xea, 0x0, 0x0,
    0x0, 0x0, 0xea, 0x0, 0x0, 0x0, 0x0, 0xea,
    0x0, 0x0, 0x0, 0x0, 0xea, 0x0, 0x0, 0x0,
    0x0, 0xea, 0x0, 0x0, 0x0, 0x0, 0xea, 0x0,
    0x0, 0x0, 0x0, 0xce, 0x70, 0x0, 0x0, 0x0,
    0x5e, 0xf2, 0x0,

    /* U+01AF "Ư" */
    0x0, 0x0, 0x0, 0x0, 0x7, 0x10, 0x0, 0x0,
    0x0, 0x0, 0xe4, 0x0, 0x0, 0x0, 0x0, 0x1e,
    0x4c, 0x90, 0x0, 0x0, 0xef, 0x80, 0xc9, 0x0,
    0x0, 0x9, 0xc0, 0xc, 0x90, 0x0, 0x0, 0x9c,
    0x0, 0xc9, 0x0, 0x0, 0x9, 0xc0, 0xc, 0x90,
    0x0, 0x0, 0x9c, 0x0, 0xc9, 0x0, 0x0, 0x9,
    0xc0, 0xc, 0x90, 0x0, 0x0, 0x9c, 0x0, 0xc9,
    0x0, 0x0, 0x9, 0xc0, 0xa, 0xb0, 0x0, 0x0,
    0xbb, 0x0, 0x6f, 0x20, 0x0, 0x2f, 0x60, 0x0,
    0xdf, 0x96, 0x8f, 0xd0, 0x0, 0x0, 0x8e, 0xfe,
    0x91, 0x0, 0x0,

    /* U+01B0 "ư" */
    0x0, 0x0, 0x0, 0x7, 0x20, 0x0, 0x0, 0x0,
    0xd5, 0x0, 0x0, 0x0, 0xd, 0x5b, 0xa0, 0x0,
    0xbf, 0x90, 0xba, 0x0, 0x6, 0xe0, 0xb, 0xa0,
    0x0, 0x6e, 0x0, 0xba, 0x0, 0x6, 0xe0, 0xb,
    0xa0, 0x0, 0x6e, 0x0, 0xba, 0x0, 0x7, 0xe0,
    0x9, 0xc0, 0x0, 0xbe, 0x0, 0x4f, 0x84, 0x9e,
    0xe0, 0x0, 0x7e, 0xe9, 0x6e, 0x0,

    /* U+01B1 "Ʊ" */
    0xef, 0xd3, 0x0, 0x4d, 0xfe, 0x69, 0xf7, 0x0,
    0x8f, 0x86, 0x2, 0xf3, 0x0, 0x4f, 0x10, 0x9,
    0xd0, 0x0, 0xe, 0x80, 0x1f, 0x60, 0x0, 0x7,
    0xf1, 0x7f, 0x0, 0x0, 0x1, 0xf6, 0xad, 0x0,
    0x0, 0x0, 0xea, 0xcd, 0x0, 0x0, 0x0, 0xdb,
    0xaf, 0x10, 0x0, 0x1, 0xf9, 0x3f, 0xa0, 0x0,
    0xa, 0xf3, 0x7, 0xfc, 0x66, 0xcf, 0x70, 0x0,
    0x5c, 0xff, 0xc4, 0x0,

    /* U+01B2 "Ʋ" */
    0xbe, 0x0, 0x0, 0x9, 0xfa, 0x5f, 0x30, 0x0,
    0x3, 0xbd, 0xf, 0x90, 0x0, 0x0, 0x8c, 0x9,
    0xe0, 0x0, 0x0, 0xb9, 0x3, 0xf4, 0x0, 0x0,
    0xf4, 0x0, 0xd9, 0x0, 0x6, 0xf0, 0x0, 0x8e,
    0x0, 0xb, 0x90, 0x0, 0x2f, 0x40, 0x2f, 0x20,
    0x0, 0xc, 0x90, 0x9c, 0x0, 0x0, 0x6, 0xf2,
    0xf4, 0x0, 0x0, 0x0, 0xfc, 0xc0, 0x0, 0x0,
    0x0, 0xaf, 0x50, 0x0,

    /* U+01B3 "Ƴ" */
    0x3e, 0xe7, 0x0, 0x0, 0x2, 0xf9, 0x7, 0x8f,
    0x80, 0x0, 0xc, 0xe0, 0x0, 0x7, 0xf3, 0x0,
    0x5f, 0x50, 0x0, 0x0, 0xcb, 0x1, 0xea, 0x0,
    0x0, 0x0, 0x4f, 0x39, 0xe1, 0x0, 0x0, 0x0,
    0xd, 0xbf, 0x60, 0x0, 0x0, 0x0, 0x6, 0xfb,
    0x0, 0x0, 0x0, 0x0, 0x2, 0xf5, 0x0, 0x0,
    0x0, 0x0, 0x2, 0xf5, 0x0, 0x0, 0x0, 0x0,
    0x2, 0xf5, 0x0, 0x0, 0x0, 0x0, 0x2, 0xf5,
    0x0, 0x0, 0x0, 0x0, 0x2, 0xf5, 0x0, 0x0,

    /* U+01B4 "ƴ" */
    0x8e, 0x0, 0x0, 0x3e, 0xd2, 0x2f, 0x40, 0x0,
    0xea, 0xbb, 0xd, 0xa0, 0x5, 0xf1, 0x36, 0x7,
    0xf0, 0xb, 0xa0, 0x0, 0x1, 0xf5, 0x1f, 0x40,
    0x0, 0x0, 0xbb, 0x7e, 0x0, 0x0, 0x0, 0x5f,
    0xc8, 0x0, 0x0, 0x0, 0xf, 0xf2, 0x0, 0x0,
    0x0, 0xb, 0xc0, 0x0, 0x0, 0x0, 0xe, 0x60,
    0x0, 0x0, 0x7, 0xce, 0x0, 0x0, 0x0, 0xe,
    0xd3, 0x0, 0x0, 0x0,

    /* U+01B5 "Ƶ" */
    0xf, 0xff, 0xff, 0xff, 0xf2, 0x7, 0x77, 0x77,
    0x7e, 0xf1, 0x0, 0x0, 0x0, 0x9f, 0x40, 0x0,
    0x0, 0x6, 0xf7, 0x0, 0x0, 0x0, 0x3f, 0xa0,
    0x0, 0x8, 0xff, 0xff, 0xff, 0x0, 0x1, 0x2d,
    0xf3, 0x22, 0x0, 0x0, 0x8f, 0x50, 0x0, 0x0,
    0x3, 0xf9, 0x0, 0x0, 0x0, 0x1e, 0xc0, 0x0,
    0x0, 0x0, 0x9f, 0x97, 0x77, 0x77, 0x72, 0xbf,
    0xff, 0xff, 0xff, 0xf5,

    /* U+01B6 "ƶ" */
    0x6f, 0xff, 0xff, 0xf6, 0x13, 0x33, 0x3b, 0xf2,
    0x0, 0x0, 0x3f, 0x70, 0x0, 0x0, 0xdd, 0x0,
    0x3f, 0xff, 0xff, 0xf4, 0x2, 0x9f, 0x52, 0x20,
    0x6, 0xf5, 0x0, 0x0, 0x5f, 0x94, 0x44, 0x43,
    0xaf, 0xff, 0xff, 0xfa,

    /* U+01B7 "Ʒ" */
    0xc, 0xff, 0xff, 0xff, 0x90, 0x5, 0x77, 0x77,
    0xee, 0x30, 0x0, 0x0, 0xb, 0xc1, 0x0, 0x0,
    0x2, 0xd9, 0x0, 0x0, 0x0, 0xa, 0xff, 0xc4,
    0x0, 0x0, 0x4, 0x45, 0xaf, 0x60, 0x0, 0x0,
    0x0, 0x9, 0xf0, 0x0, 0x0, 0x0, 0x3, 0xf4,
    0x3e, 0x30, 0x0, 0x3, 0xf3, 0xf, 0xb0, 0x0,
    0xb, 0xe0, 0x6, 0xfc, 0x77, 0xcf, 0x50, 0x0,
    0x4c, 0xef, 0xc4, 0x0,

    /* U+01B8 "Ƹ" */
    0x8, 0xff, 0xff, 0xff, 0xd0, 0x3, 0xee, 0x77,
    0x77, 0x50, 0x0, 0x1c, 0xb1, 0x0, 0x0, 0x0,
    0x0, 0x8d, 0x20, 0x0, 0x0, 0x4c, 0xff, 0xb0,
    0x0, 0x5, 0xfb, 0x54, 0x40, 0x0, 0xe, 0xa0,
    0x0, 0x0, 0x0, 0x3f, 0x40, 0x0, 0x0, 0x0,
    0x3f, 0x40, 0x0, 0x2, 0xe3, 0xe, 0xc0, 0x0,
    0xa, 0xf1, 0x4, 0xfd, 0x77, 0xcf, 0x70, 0x0,
    0x3b, 0xfe, 0xc5, 0x0,

    /* U+01B9 "ƹ" */
    0xf, 0xff, 0xff, 0xf7, 0xa, 0xe4, 0x33, 0x31,
    0x0, 0xd9, 0x0, 0x0, 0x0, 0x3f, 0x40, 0x0,
    0x0, 0x7, 0xe1, 0x0, 0x0, 0x8e, 0xf5, 0x0,
    0xb, 0xf6, 0x21, 0x0, 0x2f, 0x50, 0x0, 0x0,
    0x4f, 0x20, 0x0, 0x0, 0x2f, 0x60, 0x0, 0xca,
    0xa, 0xf7, 0x49, 0xf3, 0x0, 0x8e, 0xfc, 0x40,

    /* U+01BA "ƺ" */
    0x6f, 0xff, 0xff, 0x91, 0x33, 0x3a, 0xe2, 0x0,
    0x5, 0xe3, 0x0, 0x3, 0xf4, 0x0, 0x0, 0xaf,
    0xeb, 0x20, 0x3, 0x35, 0xdc, 0x0, 0x0, 0x8,
    0xf0, 0x0, 0x28, 0xf7, 0x2, 0xbe, 0xa4, 0x0,
    0xe6, 0x0, 0x0, 0xf, 0x74, 0x50, 0x0, 0x6e,
    0xfd, 0x20,

    /* U+01BB "ƻ" */
    0x0, 0x6d, 0xfd, 0x70, 0x0, 0x8f, 0x96, 0xaf,
    0x80, 0xf, 0x70, 0x0, 0xbe, 0x1, 0x61, 0x0,
    0x9, 0xf0, 0x0, 0x0, 0x1, 0xeb, 0x0, 0x0,
    0x1, 0xce, 0x20, 0x5, 0xff, 0xff, 0xff, 0x10,
    0x14, 0xff, 0x53, 0x30, 0x0, 0xdf, 0x40, 0x0,
    0x0, 0xaf, 0x40, 0x0, 0x0, 0x2f, 0xd7, 0x77,
    0x77, 0x6, 0xff, 0xff, 0xff, 0xf1,

    /* U+01BC "Ƽ" */
    0xcf, 0xff, 0xff, 0xfb, 0x5, 0x9f, 0x87, 0x77,
    0x50, 0x6, 0xf0, 0x0, 0x0, 0x0, 0x9c, 0x0,
    0x0, 0x0, 0xc, 0xcd, 0xff, 0x90, 0x0, 0xfe,
    0x65, 0xaf, 0x90, 0x4, 0x20, 0x0, 0xaf, 0x10,
    0x0, 0x0, 0x6, 0xf3, 0x16, 0x10, 0x0, 0x6f,
    0x31, 0xf7, 0x0, 0xb, 0xe0, 0xa, 0xf7, 0x49,
    0xf5, 0x0, 0x8, 0xdf, 0xd5, 0x0,

    /* U+01BD "ƽ" */
    0x6f, 0xff, 0xff, 0xf3, 0x18, 0xc3, 0x33, 0x30,
    0x9, 0x80, 0x0, 0x0, 0xd, 0xce, 0xec, 0x50,
    0xc, 0x94, 0x38, 0xf5, 0x0, 0x0, 0x0, 0xbb,
    0x29, 0x10, 0x0, 0xcb, 0xe, 0xb4, 0x49, 0xf5,
    0x2, 0xbe, 0xfc, 0x40,

    /* U+01BE "ƾ" */
    0x0, 0x4, 0xf1, 0x0, 0x0, 0xc, 0xff, 0xfa,
    0x0, 0x0, 0x26, 0xf5, 0x20, 0x0, 0x0, 0x1f,
    0x40, 0x0, 0x0, 0x0, 0xcd, 0x0, 0x0, 0x0,
    0x2, 0xfb, 0x0, 0x0, 0x0, 0x4, 0xf7, 0x0,
    0x0, 0x0, 0x9, 0xe0, 0x1b, 0x30, 0x0, 0x5f,
    0x10, 0xf9, 0x0, 0x9, 0xf0, 0x7, 0xf8, 0x48,
    0xf8, 0x0, 0x6, 0xdf, 0xd6, 0x0,

    /* U+01BF "ƿ" */
    0xe6, 0x8e, 0xe9, 0xe, 0xf9, 0x35, 0xf8, 0xe9,
    0x0, 0x9, 0xde, 0x80, 0x0, 0x8e, 0xe8, 0x0,
    0xb, 0xbe, 0x80, 0x4, 0xf4, 0xe8, 0x6, 0xf6,
    0xe, 0xcd, 0xd4, 0x0, 0xec, 0x50, 0x0, 0xe,
    0x80, 0x0, 0x0, 0xe8, 0x0, 0x0, 0xe, 0x80,
    0x0, 0x0,

    /* U+01C0 "ǀ" */
    0x8b, 0x8b, 0x8b, 0x8b, 0x8b, 0x8b, 0x8b, 0x8b,
    0x8b, 0x8b, 0x8b, 0x8b,

    /* U+01C1 "ǁ" */
    0x8a, 0x4, 0xf8, 0xa0, 0x4f, 0x8a, 0x4, 0xf8,
    0xa0, 0x4f, 0x8a, 0x4, 0xf8, 0xa0, 0x4f, 0x8a,
    0x4, 0xf8, 0xa0, 0x4f, 0x8a, 0x4, 0xf8, 0xa0,
    0x4f, 0x8a, 0x4, 0xf8, 0xa0, 0x4f,

    /* U+01C2 "ǂ" */
    0x0, 0xd, 0x60, 0x0, 0x0, 0xd, 0x60, 0x0,
    0x0, 0xd, 0x60, 0x0, 0x9f, 0xff, 0xff, 0xf3,
    0x12, 0x2d, 0x72, 0x20, 0x0, 0xd, 0x60, 0x0,
    0x0, 0xd, 0x60, 0x0, 0x9f, 0xff, 0xff, 0xf2,
    0x12, 0x2d, 0x72, 0x20, 0x0, 0xd, 0x60, 0x0,
    0x0, 0xd, 0x60, 0x0, 0x0, 0xd, 0x60, 0x0,

    /* U+01C3 "ǃ" */
    0xaf, 0x1a, 0xf1, 0xaf, 0x19, 0xf0, 0x8f, 0x7,
    0xe0, 0x6d, 0x5, 0xc0, 0x3b, 0x0, 0x10, 0x6b,
    0x9, 0xf0,

    /* U+01C4 "Ǆ" */
    0x0, 0x0, 0x0, 0x0, 0x0, 0x0, 0xa, 0xc3,
    0xf6, 0x0, 0x0, 0x0, 0x0, 0x0, 0x0, 0x0,
    0x0, 0xcf, 0x80, 0x0, 0x0, 0x0, 0x0, 0x0,
    0x0, 0x0, 0x0, 0x0, 0x0, 0x0, 0xbf, 0xff,
    0xfe, 0xb4, 0x0, 0x8, 0xff, 0xff, 0xff, 0xfa,
    0xbe, 0x77, 0x78, 0xdf, 0x50, 0x3, 0x77, 0x77,
    0x7a, 0xf8, 0xbc, 0x0, 0x0, 0xc, 0xe0, 0x0,
    0x0, 0x0, 0x2e, 0xc0, 0xbc, 0x0, 0x0, 0x3,
    0xf6, 0x0, 0x0, 0x0, 0xce, 0x20, 0xbc, 0x0,
    0x0, 0x0, 0xfa, 0x0, 0x0, 0x9, 0xf4, 0x0,
    0xbc, 0x0, 0x0, 0x0, 0xdb, 0x0, 0x0, 0x5f,
    0x70, 0x0, 0xbc, 0x0, 0x0, 0x0, 0xdb, 0x0,
    0x2, 0xfb, 0x0, 0x0, 0xbc, 0x0, 0x0, 0x0,
    0xf9, 0x0, 0xd, 0xd1, 0x0, 0x0, 0xbc, 0x0,
    0x0, 0x3, 0xf6, 0x0, 0xaf, 0x30, 0x0, 0x0,
    0xbc, 0x0, 0x0, 0xc, 0xe0, 0x6, 0xf6, 0x0,
    0x0, 0x0, 0xbe, 0x77, 0x78, 0xdf, 0x50, 0x2f,
    0xd7, 0x77, 0x77, 0x75, 0xbf, 0xff, 0xfe, 0xb3,
    0x0, 0x3f, 0xff, 0xff, 0xff, 0xfd,

    /* U+01C5 "ǅ" */
    0xbf, 0xff, 0xfe, 0xb4, 0x0, 0x0, 0x7e, 0x2e,
    0x90, 0xb, 0xe7, 0x77, 0x8d, 0xf5, 0x0, 0x0,
    0x9f, 0xb0, 0x0, 0xbc, 0x0, 0x0, 0xc, 0xe0,
    0x0, 0x0, 0x0, 0x0, 0xb, 0xc0, 0x0, 0x0,
    0x3f, 0x60, 0xdf, 0xff, 0xff, 0xf0, 0xbc, 0x0,
    0x0, 0x0, 0xfa, 0x2, 0x33, 0x35, 0xf8, 0xb,
    0xc0, 0x0, 0x0, 0xd, 0xb0, 0x0, 0x0, 0xdb,
    0x0, 0xbc, 0x0, 0x0, 0x0, 0xdb, 0x0, 0x0,
    0xae, 0x10, 0xb, 0xc0, 0x0, 0x0, 0xf, 0x90,
    0x0, 0x7f, 0x30, 0x0, 0xbc, 0x0, 0x0, 0x3,
    0xf6, 0x0, 0x4f, 0x50, 0x0, 0xb, 0xc0, 0x0,
    0x0, 0xce, 0x0, 0x2e, 0x90, 0x0, 0x0, 0xbe,
    0x77, 0x78, 0xdf, 0x50, 0xd, 0xf7, 0x77, 0x77,
    0x1b, 0xff, 0xff, 0xeb, 0x30, 0x1, 0xff, 0xff,
    0xff, 0xf3,

    /* U+01C6 "ǆ" */
    0x0, 0x0, 0x0, 0xac, 0x0, 0x2f, 0x69, 0xe1,
    0x0, 0x0, 0x0, 0xa, 0xc0, 0x0, 0x4f, 0xf2,
    0x0, 0x0, 0x0, 0x0, 0xac, 0x0, 0x0, 0x0,
    0x0, 0x0, 0x9, 0xef, 0x9a, 0xc0, 0x7f, 0xff,
    0xff, 0xf5, 0x9, 0xf6, 0x4b, 0xfc, 0x1, 0x33,
    0x33, 0xde, 0x11, 0xf7, 0x0, 0xe, 0xc0, 0x0,
    0x0, 0x8f, 0x40, 0x4f, 0x20, 0x0, 0xac, 0x0,
    0x0, 0x5f, 0x70, 0x6, 0xf0, 0x0, 0x8, 0xc0,
    0x0, 0x2f, 0xa0, 0x0, 0x5f, 0x10, 0x0, 0x9c,
    0x0, 0x1d, 0xd0, 0x0, 0x1, 0xf5, 0x0, 0xd,
    0xc0, 0xb, 0xe2, 0x0, 0x0, 0x8, 0xe3, 0x18,
    0xfc, 0x8, 0xf8, 0x44, 0x44, 0x20, 0x8, 0xef,
    0xa9, 0xc0, 0xcf, 0xff, 0xff, 0xf9,

    /* U+01C7 "Ǉ" */
    0xcb, 0x0, 0x0, 0x0, 0x0, 0x0, 0x5f, 0x3c,
    0xb0, 0x0, 0x0, 0x0, 0x0, 0x5, 0xf3, 0xcb,
    0x0, 0x0, 0x0, 0x0, 0x0, 0x5f, 0x3c, 0xb0,
    0x0, 0x0, 0x0, 0x0, 0x5, 0xf3, 0xcb, 0x0,
    0x0, 0x0, 0x0, 0x0, 0x5f, 0x3c, 0xb0, 0x0,
    0x0, 0x0, 0x0, 0x5, 0xf3, 0xcb, 0x0, 0x0,
    0x0, 0x0, 0x0, 0x5f, 0x3c, 0xb0, 0x0, 0x0,
    0x0, 0x0, 0x5, 0xf3, 0xcb, 0x0, 0x0, 0x0,
    0x82, 0x0, 0x5f, 0x2c, 0xb0, 0x0, 0x0, 0xf,
    0x70, 0x8, 0xf0, 0xcd, 0x77, 0x77, 0x72, 0xaf,
    0x88, 0xfb, 0xc, 0xff, 0xff, 0xff, 0x61, 0xae,
    0xea, 0x10,

    /* U+01C8 "ǈ" */
    0xcb, 0x0, 0x0, 0x0, 0xf, 0x5c, 0xb0, 0x0,
    0x0, 0x0, 0xb4, 0xcb, 0x0, 0x0, 0x0, 0x0,
    0xc, 0xb0, 0x0, 0x0, 0x0, 0xf5, 0xcb, 0x0,
    0x0, 0x0, 0xf, 0x5c, 0xb0, 0x0, 0x0, 0x0,
    0xf5, 0xcb, 0x0, 0x0, 0x0, 0xf, 0x5c, 0xb0,
    0x0, 0x0, 0x0, 0xf5, 0xcb, 0x0, 0x0, 0x0,
    0xf, 0x5c, 0xb0, 0x0, 0x0, 0x0, 0xf5, 0xcd,
    0x77, 0x77, 0x72, 0xf, 0x5c, 0xff, 0xff, 0xff,
    0x60, 0xf5, 0x0, 0x0, 0x0, 0x0, 0x1f, 0x50,
    0x0, 0x0, 0x0, 0x38, 0xf3, 0x0, 0x0, 0x0,
    0xa, 0xf9, 0x0,

    /* U+01C9 "ǉ" */
    0xe7, 0x6, 0xf0, 0xe7, 0x4, 0xb0, 0xe7, 0x0,
    0x0, 0xe7, 0x6, 0xf0, 0xe7, 0x6, 0xf0, 0xe7,
    0x6, 0xf0, 0xe7, 0x6, 0xf0, 0xe7, 0x6, 0xf0,
    0xe7, 0x6, 0xf0, 0xe7, 0x6, 0xf0, 0xe7, 0x6,
    0xf0, 0xe7, 0x6, 0xf0, 0x0, 0x6, 0xf0, 0x0,
    0x5c, 0xd0, 0x1, 0xfe, 0x50,

    /* U+01CA "Ǌ" */
    0xbf, 0x20, 0x0, 0x2, 0xf4, 0x0, 0x0, 0x4,
    0xf4, 0xbf, 0xc0, 0x0, 0x2, 0xf4, 0x0, 0x0,
    0x4, 0xf4, 0xbe, 0xf6, 0x0, 0x2, 0xf4, 0x0,
    0x0, 0x4, 0xf4, 0xbb, 0xaf, 0x10, 0x2, 0xf4,
    0x0, 0x0, 0x4, 0xf4, 0xbb, 0x1f, 0xa0, 0x2,
    0xf4, 0x0, 0x0, 0x4, 0xf4, 0xbb, 0x6, 0xf4,
    0x2, 0xf4, 0x0, 0x0, 0x4, 0xf4, 0xbb, 0x0,
    0xce, 0x2, 0xf4, 0x0, 0x0, 0x4, 0xf4, 0xbb,
    0x0, 0x2f, 0x92, 0xf4, 0x0, 0x0, 0x4, 0xf4,
    0xbb, 0x0, 0x8, 0xf6, 0xf4, 0x8, 0x30, 0x4,
    0xf3, 0xbb, 0x0, 0x0, 0xde, 0xf4, 0xe, 0x80,
    0x6, 0xf1, 0xbb, 0x0, 0x0, 0x3f, 0xf4, 0x9,
    0xe6, 0x5d, 0xc0, 0xbb, 0x0, 0x0, 0x9, 0xf4,
    0x1, 0xae, 0xea, 0x10,

    /* U+01CB "ǋ" */
    0xbf, 0x20, 0x0, 0x2, 0xf4, 0x6, 0xf0, 0xbf,
    0xc0, 0x0, 0x2, 0xf4, 0x4, 0xb0, 0xbe, 0xf6,
    0x0, 0x2, 0xf4, 0x0, 0x0, 0xbb, 0x9f, 0x10,
    0x2, 0xf4, 0x6, 0xf0, 0xbb, 0x1e, 0xb0, 0x2,
    0xf4, 0x6, 0xf0, 0xbb, 0x5, 0xf5, 0x2, 0xf4,
    0x6, 0xf0, 0xbb, 0x0, 0xbe, 0x12, 0xf4, 0x6,
    0xf0, 0xbb, 0x0, 0x2f, 0x92, 0xf4, 0x6, 0xf0,
    0xbb, 0x0, 0x7, 0xf7, 0xf4, 0x6, 0xf0, 0xbb,
    0x0, 0x0, 0xdf, 0xf4, 0x6, 0xf0, 0xbb, 0x0,
    0x0, 0x3f, 0xf4, 0x6, 0xf0, 0xbb, 0x0, 0x0,
    0x9, 0xf4, 0x6, 0xf0, 0x0, 0x0, 0x0, 0x0,
    0x0, 0x6, 0xf0, 0x0, 0x0, 0x0, 0x0, 0x0,
    0x5c, 0xd0, 0x0, 0x0, 0x0, 0x0, 0x1, 0xfe,
    0x50,

    /* U+01CC "ǌ" */
    0x0, 0x0, 0x0, 0x0, 0xf, 0x50, 0x0, 0x0,
    0x0, 0x0, 0xb4, 0x0, 0x0, 0x0, 0x0, 0x0,
    0xe, 0x7a, 0xfe, 0x90, 0x0, 0xf5, 0xef, 0x72,
    0x5f, 0x80, 0xf, 0x5e, 0xb0, 0x0, 0xbc, 0x0,
    0xf5, 0xe8, 0x0, 0x9, 0xd0, 0xf, 0x5e, 0x80,
    0x0, 0x9d, 0x0, 0xf5, 0xe8, 0x0, 0x9, 0xd0,
    0xf, 0x5e, 0x80, 0x0, 0x9d, 0x0, 0xf5, 0xe8,
    0x0, 0x9, 0xd0, 0xf, 0x5e, 0x80, 0x0, 0x9d,
    0x0, 0xf5, 0x0, 0x0, 0x0, 0x0, 0x1f, 0x50,
    0x0, 0x0, 0x0, 0x38, 0xf3, 0x0, 0x0, 0x0,
    0xa, 0xf9, 0x0,

    /* U+01CD "Ǎ" */
    0x0, 0x7, 0xa1, 0xd3, 0x0, 0x0, 0x0, 0xc,
    0xe7, 0x0, 0x0, 0x0, 0x0, 0x0, 0x0, 0x0,
    0x0, 0x0, 0xc, 0xf6, 0x0, 0x0, 0x0, 0x1,
    0xfc, 0xc0, 0x0, 0x0, 0x0, 0x7e, 0x3f, 0x10,
    0x0, 0x0, 0xc, 0x90, 0xe7, 0x0, 0x0, 0x1,
    0xf3, 0x8, 0xc0, 0x0, 0x0, 0x7e, 0x0, 0x3f,
    0x20, 0x0, 0xc, 0x91, 0x11, 0xe7, 0x0, 0x2,
    0xff, 0xff, 0xff, 0xd0, 0x0, 0x7e, 0x44, 0x44,
    0x6f, 0x20, 0xd, 0x90, 0x0, 0x0, 0xe8, 0x2,
    0xf4, 0x0, 0x0, 0x9, 0xd0, 0x8f, 0x0, 0x0,
    0x0, 0x4f, 0x30,

    /* U+01CE "ǎ" */
    0x0, 0x6b, 0xd, 0x40, 0x0, 0x0, 0xbe, 0x90,
    0x0, 0x0, 0x0, 0x10, 0x0, 0x0, 0x8, 0xdf,
    0xc4, 0x0, 0x9, 0xf7, 0x5a, 0xf3, 0x0, 0xc6,
    0x0, 0xc, 0x90, 0x0, 0x0, 0x25, 0xdb, 0x0,
    0x2b, 0xff, 0xcd, 0xb0, 0x1e, 0x92, 0x0, 0xab,
    0x4, 0xf2, 0x0, 0x1e, 0xb0, 0x1f, 0xc7, 0x8e,
    0xee, 0x30, 0x5d, 0xfd, 0x53, 0xe7,

    /* U+01CF "Ǐ" */
    0x7, 0x30, 0x74, 0x9, 0xd8, 0xe1, 0x0, 0xdf,
    0x40, 0x0, 0x0, 0x0, 0x0, 0x8f, 0x0, 0x0,
    0x8f, 0x0, 0x0, 0x8f, 0x0, 0x0, 0x8f, 0x0,
    0x0, 0x8f, 0x0, 0x0, 0x8f, 0x0, 0x0, 0x8f,
    0x0, 0x0, 0x8f, 0x0, 0x0, 0x8f, 0x0, 0x0,
    0x8f, 0x0, 0x0, 0x8f, 0x0, 0x0, 0x8f, 0x0,

    /* U+01D0 "ǐ" */
    0xc, 0xa5, 0xf3, 0x1, 0xde, 0x50, 0x0, 0x0,
    0x0, 0x0, 0x7e, 0x0, 0x0, 0x7e, 0x0, 0x0,
    0x7e, 0x0, 0x0, 0x7e, 0x0, 0x0, 0x7e, 0x0,
    0x0, 0x7e, 0x0, 0x0, 0x7e, 0x0, 0x0, 0x7e,
    0x0, 0x0, 0x7e, 0x0,

    /* U+01D1 "Ǒ" */
    0x0, 0x1, 0x73, 0x7, 0x30, 0x0, 0x0, 0x0,
    0x9d, 0x9e, 0x10, 0x0, 0x0, 0x0, 0xd, 0xf4,
    0x0, 0x0, 0x0, 0x0, 0x0, 0x0, 0x0, 0x0,
    0x0, 0x4, 0xbe, 0xfd, 0x81, 0x0, 0x0, 0x8f,
    0xc7, 0x69, 0xfd, 0x10, 0x5, 0xf8, 0x0, 0x0,
    0x2e, 0xc0, 0xc, 0xd0, 0x0, 0x0, 0x6, 0xf4,
    0x1f, 0x80, 0x0, 0x0, 0x0, 0xf8, 0x3f, 0x50,
    0x0, 0x0, 0x0, 0xea, 0x3f, 0x50, 0x0, 0x0,
    0x0, 0xea, 0x1f, 0x70, 0x0, 0x0, 0x0, 0xf9,
    0xd, 0xd0, 0x0, 0x0, 0x6, 0xf4, 0x5, 0xf8,
    0x0, 0x0, 0x2e, 0xc0, 0x0, 0x8f, 0xc7, 0x69,
    0xfd, 0x10, 0x0, 0x4, 0xbe, 0xfd, 0x81, 0x0,

    /* U+01D2 "ǒ" */
    0x0, 0x9d, 0x2f, 0x70, 0x0, 0x0, 0xcf, 0xa0,
    0x0, 0x0, 0x0, 0x10, 0x0, 0x0, 0x7, 0xdf,
    0xd6, 0x0, 0x9, 0xf7, 0x48, 0xf8, 0x2, 0xf7,
    0x0, 0x9, 0xf1, 0x5f, 0x10, 0x0, 0x3f, 0x46,
    0xf0, 0x0, 0x2, 0xf5, 0x5f, 0x10, 0x0, 0x3f,
    0x42, 0xf7, 0x0, 0x9, 0xf0, 0x9, 0xf7, 0x48,
    0xf8, 0x0, 0x7, 0xdf, 0xd6, 0x0,

    /* U+01D3 "Ǔ" */
    0x0, 0x47, 0x4, 0x70, 0x0, 0x0, 0x1e, 0x8e,
    0x80, 0x0, 0x0, 0x4, 0xfd, 0x0, 0x0, 0x0,
    0x0, 0x0, 0x0, 0x0, 0xbc, 0x0, 0x0, 0x4,
    0xf4, 0xbc, 0x0, 0x0, 0x4, 0xf4, 0xbc, 0x0,
    0x0, 0x4, 0xf4, 0xbc, 0x0, 0x0, 0x4, 0xf4,
    0xbc, 0x0, 0x0, 0x4, 0xf4, 0xbc, 0x0, 0x0,
    0x4, 0xf4, 0xbc, 0x0, 0x0, 0x4, 0xf4, 0xbc,
    0x0, 0x0, 0x4, 0xf3, 0x9e, 0x0, 0x0, 0x6,
    0xf2, 0x6f, 0x50, 0x0, 0xc, 0xe0, 0xd, 0xfa,
    0x78, 0xdf, 0x50, 0x1, 0x9d, 0xfe, 0xc4, 0x0,

    /* U+01D4 "ǔ" */
    0x9, 0xd2, 0xe7, 0x0, 0xa, 0xe9, 0x0, 0x0,
    0x0, 0x0, 0xf, 0x70, 0x0, 0x9c, 0xf7, 0x0,
    0x9, 0xcf, 0x70, 0x0, 0x9c, 0xf7, 0x0, 0x9,
    0xcf, 0x70, 0x0, 0x9c, 0xe7, 0x0, 0xa, 0xcd,
    0x80, 0x0, 0xdc, 0x9e, 0x32, 0x9f, 0xc1, 0xaf,
    0xe9, 0x7c,

    /* U+01D5 "Ǖ" */
    0x0, 0x0, 0x0, 0x0, 0x0, 0x0, 0xbf, 0xff,
    0xf2, 0x0, 0x0, 0x23, 0x33, 0x30, 0x0, 0x0,
    0x6f, 0x17, 0xf0, 0x0, 0x0, 0x4b, 0x5, 0xa0,
    0x0, 0x0, 0x0, 0x0, 0x0, 0x0, 0xbc, 0x0,
    0x0, 0x4, 0xf4, 0xbc, 0x0, 0x0, 0x4, 0xf4,
    0xbc, 0x0, 0x0, 0x4, 0xf4, 0xbc, 0x0, 0x0,
    0x4, 0xf4, 0xbc, 0x0, 0x0, 0x4, 0xf4, 0xbc,
    0x0, 0x0, 0x4, 0xf4, 0xbc, 0x0, 0x0, 0x4,
    0xf4, 0xbc, 0x0, 0x0, 0x4, 0xf3, 0x9e, 0x0,
    0x0, 0x6, 0xf2, 0x6f, 0x50, 0x0, 0xc, 0xe0,
    0xd, 0xfa, 0x78, 0xdf, 0x50, 0x1, 0x9d, 0xfe,
    0xc4, 0x0,

    /* U+01D6 "ǖ" */
    0x0, 0x0, 0x0, 0x0, 0xff, 0xff, 0xd0, 0x3,
    0x33, 0x32, 0x0, 0xbc, 0xc, 0xa0, 0x7, 0x80,
    0x87, 0x0, 0x0, 0x0, 0x0, 0xf7, 0x0, 0x9,
    0xcf, 0x70, 0x0, 0x9c, 0xf7, 0x0, 0x9, 0xcf,
    0x70, 0x0, 0x9c, 0xf7, 0x0, 0x9, 0xce, 0x70,
    0x0, 0xac, 0xd8, 0x0, 0xd, 0xc9, 0xe3, 0x29,
    0xfc, 0x1a, 0xfe, 0x97, 0xc0,

    /* U+01D7 "Ǘ" */
    0x0, 0x0, 0x5, 0x30, 0x0, 0x0, 0x0, 0x6f,
    0x30, 0x0, 0x0, 0x0, 0xd6, 0x0, 0x0, 0x0,
    0x0, 0x0, 0x0, 0x0, 0x0, 0x6f, 0x17, 0xf0,
    0x0, 0x0, 0x4b, 0x5, 0xa0, 0x0, 0x0, 0x0,
    0x0, 0x0, 0x0, 0xbc, 0x0, 0x0, 0x4, 0xf4,
    0xbc, 0x0, 0x0, 0x4, 0xf4, 0xbc, 0x0, 0x0,
    0x4, 0xf4, 0xbc, 0x0, 0x0, 0x4, 0xf4, 0xbc,
    0x0, 0x0, 0x4, 0xf4, 0xbc, 0x0, 0x0, 0x4,
    0xf4, 0xbc, 0x0, 0x0, 0x4, 0xf4, 0xbc, 0x0,
    0x0, 0x4, 0xf3, 0x9e, 0x0, 0x0, 0x6, 0xf2,
    0x6f, 0x50, 0x0, 0xc, 0xe0, 0xd, 0xfa, 0x78,
    0xdf, 0x50, 0x1, 0x9d, 0xfe, 0xc4, 0x0,

    /* U+01D8 "ǘ" */
    0x0, 0x2, 0x51, 0x0, 0x0, 0xbd, 0x0, 0x0,
    0x2f, 0x20, 0x0, 0x0, 0x0, 0x0, 0xb, 0xc0,
    0xca, 0x0, 0x78, 0x8, 0x70, 0x0, 0x0, 0x0,
    0xf, 0x70, 0x0, 0x9c, 0xf7, 0x0, 0x9, 0xcf,
    0x70, 0x0, 0x9c, 0xf7, 0x0, 0x9, 0xcf, 0x70,
    0x0, 0x9c, 0xe7, 0x0, 0xa, 0xcd, 0x80, 0x0,
    0xdc, 0x9e, 0x32, 0x9f, 0xc1, 0xaf, 0xe9, 0x7c,

    /* U+01D9 "Ǚ" */
    0x0, 0x37, 0x3, 0x70, 0x0, 0x0, 0x1e, 0x8e,
    0x90, 0x0, 0x0, 0x4, 0xfd, 0x0, 0x0, 0x0,
    0x0, 0x0, 0x0, 0x0, 0x0, 0x6f, 0x17, 0xf0,
    0x0, 0x0, 0x4b, 0x5, 0xa0, 0x0, 0x0, 0x0,
    0x0, 0x0, 0x0, 0xbc, 0x0, 0x0, 0x4, 0xf4,
    0xbc, 0x0, 0x0, 0x4, 0xf4, 0xbc, 0x0, 0x0,
    0x4, 0xf4, 0xbc, 0x0, 0x0, 0x4, 0xf4, 0xbc,
    0x0, 0x0, 0x4, 0xf4, 0xbc, 0x0, 0x0, 0x4,
    0xf4, 0xbc, 0x0, 0x0, 0x4, 0xf4, 0xbc, 0x0,
    0x0, 0x4, 0xf3, 0x9e, 0x0, 0x0, 0x6, 0xf2,
    0x6f, 0x50, 0x0, 0xc, 0xe0, 0xd, 0xfa, 0x78,
    0xdf, 0x50, 0x1, 0x9d, 0xfe, 0xc4, 0x0,

    /* U+01DA "ǚ" */
    0xa, 0xd3, 0xf6, 0x0, 0xb, 0xf9, 0x0, 0x0,
    0x0, 0x0, 0x0, 0xbb, 0xd, 0x90, 0x7, 0x70,
    0x96, 0x0, 0x0, 0x0, 0x0, 0xf7, 0x0, 0x9,
    0xcf, 0x70, 0x0, 0x9c, 0xf7, 0x0, 0x9, 0xcf,
    0x70, 0x0, 0x9c, 0xf7, 0x0, 0x9, 0xce, 0x70,
    0x0, 0xac, 0xd8, 0x0, 0xd, 0xc9, 0xe3, 0x29,
    0xfc, 0x1a, 0xfe, 0x97, 0xc0,

    /* U+01DB "Ǜ" */
    0x0, 0x5, 0x30, 0x0, 0x0, 0x0, 0x9, 0xf0,
    0x0, 0x0, 0x0, 0x0, 0xc7, 0x0, 0x0, 0x0,
    0x0, 0x0, 0x0, 0x0, 0x0, 0x6f, 0x17, 0xf0,
    0x0, 0x0, 0x4b, 0x5, 0xa0, 0x0, 0x0, 0x0,
    0x0, 0x0, 0x0, 0xbc, 0x0, 0x0, 0x4, 0xf4,
    0xbc, 0x0, 0x0, 0x4, 0xf4, 0xbc, 0x0, 0x0,
    0x4, 0xf4, 0xbc, 0x0, 0x0, 0x4, 0xf4, 0xbc,
    0x0, 0x0, 0x4, 0xf4, 0xbc, 0x0, 0x0, 0x4,
    0xf4, 0xbc, 0x0, 0x0, 0x4, 0xf4, 0xbc, 0x0,
    0x0, 0x4, 0xf3, 0x9e, 0x0, 0x0, 0x6, 0xf2,
    0x6f, 0x50, 0x0, 0xc, 0xe0, 0xd, 0xfa, 0x78,
    0xdf, 0x50, 0x1, 0x9d, 0xfe, 0xc4, 0x0,

    /* U+01DC "ǜ" */
    0x2, 0x51, 0x0, 0x0, 0xd, 0xa0, 0x0, 0x0,
    0x3f, 0x20, 0x0, 0x0, 0x0, 0x0, 0xb, 0xb0,
    0xd9, 0x0, 0x77, 0x9, 0x60, 0x0, 0x0, 0x0,
    0xf, 0x70, 0x0, 0x9c, 0xf7, 0x0, 0x9, 0xcf,
    0x70, 0x0, 0x9c, 0xf7, 0x0, 0x9, 0xcf, 0x70,
    0x0, 0x9c, 0xe7, 0x0, 0xa, 0xcd, 0x80, 0x0,
    0xdc, 0x9e, 0x32, 0x9f, 0xc1, 0xaf, 0xe9, 0x7c,

    /* U+01DD "ǝ" */
    0x0, 0x9e, 0xfd, 0x60, 0x0, 0xbe, 0x64, 0x9f,
    0x70, 0x2c, 0x40, 0x0, 0x9e, 0x0, 0x0, 0x0,
    0x4, 0xf3, 0x5f, 0xff, 0xff, 0xff, 0x44, 0xf5,
    0x33, 0x37, 0xf2, 0xf, 0x70, 0x0, 0xae, 0x0,
    0x8f, 0x74, 0x9f, 0x60, 0x0, 0x7e, 0xfd, 0x50,
    0x0,

    /* U+01DE "Ǟ" */
    0x0, 0x0, 0x0, 0x0, 0x0, 0x0, 0x0, 0x2,
    0xff, 0xff, 0xb0, 0x0, 0x0, 0x0, 0x33, 0x33,
    0x20, 0x0, 0x0, 0x0, 0xda, 0xe, 0x80, 0x0,
    0x0, 0x0, 0x97, 0xa, 0x50, 0x0, 0x0, 0x0,
    0x0, 0x0, 0x0, 0x0, 0x0, 0x0, 0xc, 0xf3,
    0x0, 0x0, 0x0, 0x0, 0x2f, 0xd9, 0x0, 0x0,
    0x0, 0x0, 0x8d, 0x7f, 0x0, 0x0, 0x0, 0x0,
    0xe8, 0x1f, 0x60, 0x0, 0x0, 0x4, 0xf2, 0xb,
    0xc0, 0x0, 0x0, 0xa, 0xc0, 0x5, 0xf2, 0x0,
    0x0, 0xf, 0x70, 0x1, 0xf8, 0x0, 0x0, 0x5f,
    0xff, 0xff, 0xfe, 0x0, 0x0, 0xbc, 0x33, 0x33,
    0x6f, 0x50, 0x1, 0xf6, 0x0, 0x0, 0xe, 0xb0,
    0x7, 0xf1, 0x0, 0x0, 0x8, 0xf1, 0xd, 0xc0,
    0x0, 0x0, 0x3, 0xf7,

    /* U+01DF "ǟ" */
    0x0, 0x0, 0x0, 0x0, 0x0, 0xf, 0xff, 0xfd,
    0x0, 0x0, 0x33, 0x33, 0x20, 0x0, 0xb, 0xb0,
    0xd9, 0x0, 0x0, 0x77, 0x9, 0x60, 0x0, 0x0,
    0x0, 0x0, 0x0, 0x0, 0x8d, 0xfe, 0xa0, 0x0,
    0xae, 0x53, 0x7f, 0x90, 0xc, 0x50, 0x0, 0xac,
    0x0, 0x0, 0x3, 0x6d, 0xc0, 0x4, 0xcf, 0xfd,
    0xdd, 0x2, 0xfb, 0x41, 0xa, 0xd0, 0x5f, 0x20,
    0x0, 0xdd, 0x2, 0xf8, 0x1, 0x9f, 0xd0, 0x5,
    0xdf, 0xd8, 0x6f, 0x10,

    /* U+01E0 "Ǡ" */
    0x0, 0x0, 0x0, 0x0, 0x0, 0x0, 0x0, 0x3,
    0xff, 0xff, 0xa0, 0x0, 0x0, 0x0, 0x33, 0x33,
    0x20, 0x0, 0x0, 0x0, 0x8, 0xf0, 0x0, 0x0,
    0x0, 0x0, 0x5, 0xa0, 0x0, 0x0, 0x0, 0x0,
    0x0, 0x0, 0x0, 0x0, 0x0, 0x0, 0xc, 0xf3,
    0x0, 0x0, 0x0, 0x0, 0x2f, 0xd9, 0x0, 0x0,
    0x0, 0x0, 0x8d, 0x7f, 0x0, 0x0, 0x0, 0x0,
    0xe8, 0x1f, 0x60, 0x0, 0x0, 0x4, 0xf2, 0xb,
    0xc0, 0x0, 0x0, 0xa, 0xc0, 0x5, 0xf2, 0x0,
    0x0, 0xf, 0x70, 0x1, 0xf8, 0x0, 0x0, 0x5f,
    0xff, 0xff, 0xfe, 0x0, 0x0, 0xbc, 0x33, 0x33,
    0x6f, 0x50, 0x1, 0xf6, 0x0, 0x0, 0xe, 0xb0,
    0x7, 0xf1, 0x0, 0x0, 0x8, 0xf1, 0xd, 0xc0,
    0x0, 0x0, 0x3, 0xf7,

    /* U+01E1 "ǡ" */
    0x0, 0x0, 0x0, 0x0, 0x0, 0xf, 0xff, 0xfe,
    0x0, 0x0, 0x33, 0x33, 0x20, 0x0, 0x0, 0x2f,
    0x40, 0x0, 0x0, 0x1, 0xb3, 0x0, 0x0, 0x0,
    0x0, 0x0, 0x0, 0x0, 0x8d, 0xfe, 0xa0, 0x0,
    0xae, 0x53, 0x7f, 0x90, 0xc, 0x50, 0x0, 0xac,
    0x0, 0x0, 0x3, 0x6d, 0xc0, 0x4, 0xcf, 0xfd,
    0xdd, 0x2, 0xfb, 0x41, 0xa, 0xd0, 0x5f, 0x20,
    0x0, 0xdd, 0x2, 0xf8, 0x1, 0x9f, 0xd0, 0x5,
    0xdf, 0xd8, 0x6f, 0x10,

    /* U+01E2 "Ǣ" */
    0x0, 0x0, 0x0, 0x0, 0x0, 0x0, 0x0, 0x0,
    0x0, 0x0, 0x0, 0xff, 0xff, 0xe0, 0x0, 0x0,
    0x0, 0x0, 0x0, 0x33, 0x33, 0x30, 0x0, 0x0,
    0x0, 0x0, 0x0, 0x0, 0x0, 0x0, 0x0, 0x0,
    0x0, 0x0, 0xb, 0xff, 0xff, 0xff, 0xff, 0xe0,
    0x0, 0x0, 0x2f, 0xaa, 0xf8, 0x77, 0x77, 0x60,
    0x0, 0x0, 0xae, 0x5, 0xf2, 0x0, 0x0, 0x0,
    0x0, 0x1, 0xf8, 0x5, 0xf2, 0x0, 0x0, 0x0,
    0x0, 0x8, 0xf1, 0x5, 0xf4, 0x22, 0x22, 0x10,
    0x0, 0xf, 0x80, 0x5, 0xff, 0xff, 0xff, 0x80,
    0x0, 0x7f, 0x31, 0x16, 0xf6, 0x55, 0x55, 0x20,
    0x0, 0xef, 0xff, 0xff, 0xf2, 0x0, 0x0, 0x0,
    0x6, 0xf5, 0x44, 0x48, 0xf2, 0x0, 0x0, 0x0,
    0xd, 0xb0, 0x0, 0x5, 0xf2, 0x0, 0x0, 0x0,
    0x5f, 0x40, 0x0, 0x5, 0xf8, 0x66, 0x66, 0x60,
    0xcd, 0x0, 0x0, 0x5, 0xff, 0xff, 0xff, 0xf2,

    /* U+01E3 "ǣ" */
    0x0, 0x0, 0x4f, 0xff, 0xfa, 0x0, 0x0, 0x0,
    0x0, 0x3, 0x33, 0x32, 0x0, 0x0, 0x0, 0x0,
    0x0, 0x0, 0x0, 0x0, 0x0, 0x0, 0x8e, 0xfe,
    0x82, 0xbf, 0xe9, 0x0, 0xa, 0xd5, 0x48, 0xff,
    0xc4, 0x5d, 0xb0, 0x1f, 0x50, 0x0, 0xef, 0x10,
    0x3, 0xf3, 0x0, 0x0, 0x2, 0xeb, 0x0, 0x0,
    0xe7, 0x2, 0x9d, 0xff, 0xff, 0xff, 0xff, 0xf9,
    0x2f, 0xb5, 0x30, 0xcb, 0x33, 0x33, 0x31, 0x6f,
    0x10, 0x1, 0xfd, 0x0, 0x1, 0xc4, 0x3f, 0xa4,
    0x6d, 0xbe, 0xb4, 0x5c, 0xe1, 0x6, 0xdf, 0xd6,
    0x2, 0xbf, 0xea, 0x20,

    /* U+01E4 "Ǥ" */
    0x0, 0x6, 0xcf, 0xfb, 0x30, 0x0, 0x0, 0xaf,
    0xa7, 0x7c, 0xf3, 0x0, 0x6, 0xf4, 0x0, 0x0,
    0xae, 0x0, 0xd, 0xa0, 0x0, 0x0, 0x3d, 0x30,
    0x1f, 0x50, 0x0, 0x0, 0x0, 0x0, 0x3f, 0x30,
    0x0, 0x11, 0x11, 0x0, 0x3f, 0x30, 0x2, 0xff,
    0xff, 0x60, 0x2f, 0x50, 0x0, 0x44, 0x4f, 0x50,
    0xd, 0x90, 0x2, 0xff, 0xff, 0xf4, 0x6, 0xf4,
    0x0, 0x23, 0xdf, 0x20, 0x0, 0xbf, 0xa6, 0x7d,
    0xf4, 0x0, 0x0, 0x6, 0xdf, 0xeb, 0x30, 0x0,

    /* U+01E5 "ǥ" */
    0x0, 0x7d, 0xfc, 0x3f, 0x30, 0x8, 0xf9, 0x59,
    0xef, 0x30, 0xf, 0x80, 0x0, 0x8f, 0x30, 0x3f,
    0x33, 0xff, 0xff, 0xf5, 0x4f, 0x20, 0x22, 0x5f,
    0x60, 0x1f, 0x60, 0x0, 0x6f, 0x30, 0xa, 0xe5,
    0x15, 0xef, 0x30, 0x0, 0xaf, 0xff, 0x6f, 0x30,
    0x5, 0x21, 0x30, 0x4f, 0x20, 0xa, 0xe7, 0x57,
    0xeb, 0x0, 0x0, 0x7e, 0xfe, 0x91, 0x0,

    /* U+01E6 "Ǧ" */
    0x0, 0x1, 0x70, 0x26, 0x0, 0x0, 0x0, 0xc,
    0x5b, 0x70, 0x0, 0x0, 0x0, 0x3f, 0xd0, 0x0,
    0x0, 0x0, 0x0, 0x0, 0x0, 0x0, 0x0, 0x6,
    0xcf, 0xeb, 0x30, 0x0, 0xa, 0xfa, 0x77, 0xcf,
    0x40, 0x6, 0xf4, 0x0, 0x0, 0xae, 0x0, 0xda,
    0x0, 0x0, 0x2, 0xd3, 0x1f, 0x50, 0x0, 0x0,
    0x0, 0x3, 0xf3, 0x0, 0x1, 0x11, 0x10, 0x3f,
    0x30, 0x2, 0xff, 0xff, 0x62, 0xf5, 0x0, 0x4,
    0x44, 0xf6, 0xd, 0x90, 0x0, 0x0, 0x2f, 0x60,
    0x7f, 0x40, 0x0, 0xb, 0xf6, 0x0, 0xbf, 0xa6,
    0x7d, 0xcb, 0x60, 0x0, 0x7d, 0xfe, 0x90, 0xa6,

    /* U+01E7 "ǧ" */
    0x0, 0x5c, 0xc, 0x60, 0x0, 0x0, 0xae, 0xb0,
    0x0, 0x0, 0x0, 0x10, 0x0, 0x0, 0x7, 0xdf,
    0xc3, 0xf3, 0x8, 0xf9, 0x59, 0xef, 0x30, 0xf8,
    0x0, 0x8, 0xf3, 0x3f, 0x30, 0x0, 0x2f, 0x34,
    0xf2, 0x0, 0x2, 0xf3, 0x1f, 0x60, 0x0, 0x6f,
    0x30, 0xae, 0x51, 0x5e, 0xf3, 0x0, 0xaf, 0xff,
    0x7f, 0x30, 0x52, 0x13, 0x4, 0xf2, 0xa, 0xe7,
    0x57, 0xeb, 0x0, 0x7, 0xef, 0xe9, 0x10,

    /* U+01E8 "Ǩ" */
    0x0, 0x99, 0x2e, 0x20, 0x0, 0x0, 0xde, 0x50,
    0x0, 0x0, 0x0, 0x0, 0x0, 0x8, 0xd0, 0x0,
    0x7, 0xf4, 0x8d, 0x0, 0x5, 0xf6, 0x8, 0xd0,
    0x3, 0xf8, 0x0, 0x8d, 0x2, 0xeb, 0x0, 0x8,
    0xd0, 0xdc, 0x0, 0x0, 0x8d, 0xbf, 0x70, 0x0,
    0x8, 0xff, 0xaf, 0x20, 0x0, 0x8f, 0x40, 0xcd,
    0x0, 0x8, 0xd0, 0x2, 0xf8, 0x0, 0x8d, 0x0,
    0x7, 0xf4, 0x8, 0xd0, 0x0, 0xb, 0xe1, 0x8d,
    0x0, 0x0, 0x1e, 0xa0,

    /* U+01E9 "ǩ" */
    0x7, 0x1, 0x70, 0x0, 0x0, 0x8, 0xbc, 0x60,
    0x0, 0x0, 0x0, 0x77, 0x0, 0x0, 0x0, 0x0,
    0xba, 0x0, 0x0, 0x0, 0x0, 0xba, 0x0, 0x0,
    0x0, 0x0, 0xba, 0x0, 0x0, 0x0, 0x0, 0xba,
    0x0, 0xa, 0xf2, 0x0, 0xba, 0x0, 0x8f, 0x40,
    0x0, 0xba, 0x6, 0xf5, 0x0, 0x0, 0xba, 0x4f,
    0x80, 0x0, 0x0, 0xbc, 0xef, 0xa0, 0x0, 0x0,
    0xbf, 0xa4, 0xf5, 0x0, 0x0, 0xbc, 0x0, 0x9e,
    0x10, 0x0, 0xba, 0x0, 0xe, 0xa0, 0x0, 0xba,
    0x0, 0x4, 0xf5,

    /* U+01EA "Ǫ" */
    0x0, 0x4, 0xbe, 0xfd, 0x80, 0x0, 0x0, 0x8f,
    0xc7, 0x69, 0xfd, 0x10, 0x5, 0xf8, 0x0, 0x0,
    0x2e, 0xc0, 0xd, 0xd0, 0x0, 0x0, 0x6, 0xf4,
    0x1f, 0x80, 0x0, 0x0, 0x1, 0xf8, 0x3f, 0x50,
    0x0, 0x0, 0x0, 0xea, 0x3f, 0x50, 0x0, 0x0,
    0x0, 0xeb, 0x1f, 0x70, 0x0, 0x0, 0x0, 0xf9,
    0xc, 0xc0, 0x0, 0x0, 0x5, 0xf5, 0x4, 0xf7,
    0x0, 0x0, 0x1e, 0xd0, 0x0, 0x6f, 0xb5, 0x47,
    0xee, 0x30, 0x0, 0x2, 0x9d, 0xfe, 0xa2, 0x0,
    0x0, 0x0, 0x7, 0x70, 0x0, 0x0, 0x0, 0x0,
    0x8, 0xb2, 0x30, 0x0, 0x0, 0x0, 0x2, 0xdf,
    0x90, 0x0,

    /* U+01EB "ǫ" */
    0x0, 0x8e, 0xfd, 0x60, 0x0, 0xaf, 0x74, 0x8f,
    0x70, 0x2f, 0x60, 0x0, 0x9f, 0x6, 0xf1, 0x0,
    0x3, 0xf3, 0x7f, 0x0, 0x0, 0x2f, 0x45, 0xf2,
    0x0, 0x4, 0xf2, 0x1f, 0x80, 0x0, 0xad, 0x0,
    0x7f, 0xa7, 0xbf, 0x40, 0x0, 0x4a, 0xf9, 0x30,
    0x0, 0x0, 0x3b, 0x0, 0x0, 0x0, 0x3, 0xe3,
    0x40, 0x0, 0x0, 0xb, 0xfb, 0x10,

    /* U+01EC "Ǭ" */
    0x0, 0x0, 0x0, 0x0, 0x0, 0x0, 0x0, 0x4,
    0xff, 0xff, 0x90, 0x0, 0x0, 0x0, 0x33, 0x33,
    0x10, 0x0, 0x0, 0x0, 0x0, 0x0, 0x0, 0x0,
    0x0, 0x4, 0xbe, 0xfd, 0x80, 0x0, 0x0, 0x8f,
    0xc7, 0x69, 0xfd, 0x10, 0x5, 0xf8, 0x0, 0x0,
    0x2e, 0xc0, 0xd, 0xd0, 0x0, 0x0, 0x6, 0xf4,
    0x1f, 0x80, 0x0, 0x0, 0x1, 0xf8, 0x3f, 0x50,
    0x0, 0x0, 0x0, 0xea, 0x3f, 0x50, 0x0, 0x0,
    0x0, 0xeb, 0x1f, 0x70, 0x0, 0x0, 0x0, 0xf9,
    0xc, 0xc0, 0x0, 0x0, 0x5, 0xf5, 0x4, 0xf7,
    0x0, 0x0, 0x1e, 0xd0, 0x0, 0x6f, 0xb5, 0x47,
    0xee, 0x30, 0x0, 0x2, 0x9d, 0xfe, 0xa2, 0x0,
    0x0, 0x0, 0x7, 0x70, 0x0, 0x0, 0x0, 0x0,
    0x8, 0xb2, 0x30, 0x0, 0x0, 0x0, 0x2, 0xdf,
    0x90, 0x0,

    /* U+01ED "ǭ" */
    0x2, 0xff, 0xff, 0xb0, 0x0, 0x3, 0x33, 0x32,
    0x0, 0x0, 0x0, 0x0, 0x0, 0x0, 0x8, 0xef,
    0xd6, 0x0, 0xa, 0xf7, 0x48, 0xf7, 0x2, 0xf6,
    0x0, 0x9, 0xf0, 0x6f, 0x10, 0x0, 0x3f, 0x37,
    0xf0, 0x0, 0x2, 0xf4, 0x5f, 0x20, 0x0, 0x4f,
    0x21, 0xf8, 0x0, 0xa, 0xd0, 0x7, 0xfa, 0x7b,
    0xf4, 0x0, 0x4, 0xaf, 0x93, 0x0, 0x0, 0x3,
    0xb0, 0x0, 0x0, 0x0, 0x3e, 0x34, 0x0, 0x0,
    0x0, 0xbf, 0xb1, 0x0,

    /* U+01EE "Ǯ" */
    0x0, 0xcb, 0x4f, 0x40, 0x0, 0x1d, 0xf6, 0x0,
    0x0, 0x0, 0x0, 0x0, 0xe, 0xff, 0xff, 0xf9,
    0x6, 0x77, 0x7a, 0xf4, 0x0, 0x0, 0x1e, 0x70,
    0x0, 0x0, 0xca, 0x0, 0x0, 0x8, 0xe1, 0x0,
    0x0, 0xc, 0xff, 0x70, 0x0, 0x0, 0x7, 0xf6,
    0x0, 0x0, 0x0, 0xcc, 0x2, 0x0, 0x0, 0x9d,
    0x1f, 0x50, 0x0, 0xda, 0xa, 0xe6, 0x4b, 0xf2,
    0x0, 0x8e, 0xfb, 0x30,

    /* U+01EF "ǯ" */
    0x0, 0xbc, 0x3f, 0x50, 0x0, 0xc, 0xe7, 0x0,
    0x0, 0x0, 0x0, 0x0, 0xe, 0xff, 0xff, 0xf9,
    0x6, 0x77, 0x7a, 0xf4, 0x0, 0x0, 0x1e, 0x70,
    0x0, 0x0, 0xca, 0x0, 0x0, 0x8, 0xe1, 0x0,
    0x0, 0xc, 0xff, 0x70, 0x0, 0x0, 0x7, 0xf6,
    0x0, 0x0, 0x0, 0xcc, 0x2, 0x0, 0x0, 0x9d,
    0x1f, 0x50, 0x0, 0xda, 0xa, 0xe5, 0x4b, 0xf2,
    0x0, 0x8e, 0xfb, 0x30,

    /* U+01F0 "ǰ" */
    0x5f, 0x3c, 0xb0, 0x6, 0xec, 0x0, 0x0, 0x0,
    0x0, 0x0, 0xe7, 0x0, 0x0, 0xe7, 0x0, 0x0,
    0xe7, 0x0, 0x0, 0xe7, 0x0, 0x0, 0xe7, 0x0,
    0x0, 0xe7, 0x0, 0x0, 0xe7, 0x0, 0x0, 0xe7,
    0x0, 0x0, 0xe7, 0x0, 0x0, 0xf7, 0x0, 0x26,
    0xf5, 0x0, 0x9f, 0xb0, 0x0,

    /* U+01F1 "Ǳ" */
    0xbf, 0xff, 0xfe, 0xb4, 0x0, 0x9, 0xff, 0xff,
    0xff, 0xfa, 0xbe, 0x77, 0x78, 0xdf, 0x50, 0x4,
    0x77, 0x77, 0x7a, 0xf8, 0xbc, 0x0, 0x0, 0xc,
    0xe0, 0x0, 0x0, 0x0, 0x2e, 0xc0, 0xbc, 0x0,
    0x0, 0x3, 0xf6, 0x0, 0x0, 0x0, 0xde, 0x10,
    0xbc, 0x0, 0x0, 0x0, 0xfa, 0x0, 0x0, 0x9,
    0xf4, 0x0, 0xbc, 0x0, 0x0, 0x0, 0xdb, 0x0,
    0x0, 0x6f, 0x70, 0x0, 0xbc, 0x0, 0x0, 0x0,
    0xdb, 0x0, 0x3, 0xfa, 0x0, 0x0, 0xbc, 0x0,
    0x0, 0x0, 0xf9, 0x0, 0x1d, 0xd0, 0x0, 0x0,
    0xbc, 0x0, 0x0, 0x3, 0xf6, 0x0, 0xbf, 0x20,
    0x0, 0x0, 0xbc, 0x0, 0x0, 0xc, 0xe0, 0x7,
    0xf5, 0x0, 0x0, 0x0, 0xbe, 0x77, 0x78, 0xdf,
    0x50, 0x2f, 0xd7, 0x77, 0x77, 0x75, 0xbf, 0xff,
    0xfe, 0xb3, 0x0, 0x3f, 0xff, 0xff, 0xff, 0xfd,

    /* U+01F2 "ǲ" */
    0xbf, 0xff, 0xfe, 0xb4, 0x0, 0x0, 0x0, 0x0,
    0x0, 0xb, 0xe7, 0x77, 0x8d, 0xf5, 0x0, 0x0,
    0x0, 0x0, 0x0, 0xbc, 0x0, 0x0, 0xc, 0xe0,
    0x0, 0x0, 0x0, 0x0, 0xb, 0xc0, 0x0, 0x0,
    0x3f, 0x60, 0xdf, 0xff, 0xff, 0xe0, 0xbc, 0x0,
    0x0, 0x0, 0xfa, 0x2, 0x33, 0x35, 0xf8, 0xb,
    0xc0, 0x0, 0x0, 0xd, 0xb0, 0x0, 0x0, 0xdb,
    0x0, 0xbc, 0x0, 0x0, 0x0, 0xdb, 0x0, 0x0,
    0xbd, 0x10, 0xb, 0xc0, 0x0, 0x0, 0xf, 0x90,
    0x0, 0x8f, 0x20, 0x0, 0xbc, 0x0, 0x0, 0x3,
    0xf6, 0x0, 0x4f, 0x50, 0x0, 0xb, 0xc0, 0x0,
    0x0, 0xce, 0x0, 0x2f, 0x80, 0x0, 0x0, 0xbe,
    0x77, 0x78, 0xdf, 0x50, 0xd, 0xe7, 0x77, 0x77,
    0x1b, 0xff, 0xff, 0xeb, 0x30, 0x2, 0xff, 0xff,
    0xff, 0xf3,

    /* U+01F3 "ǳ" */
    0x0, 0x0, 0x0, 0xac, 0x0, 0x0, 0x0, 0x0,
    0x0, 0x0, 0x0, 0xa, 0xc0, 0x0, 0x0, 0x0,
    0x0, 0x0, 0x0, 0x0, 0xac, 0x0, 0x0, 0x0,
    0x0, 0x0, 0x9, 0xef, 0x9a, 0xc0, 0x8f, 0xff,
    0xff, 0xf4, 0x9, 0xf6, 0x4b, 0xfc, 0x1, 0x33,
    0x33, 0xde, 0x11, 0xf7, 0x0, 0xe, 0xc0, 0x0,
    0x0, 0x8f, 0x30, 0x4f, 0x20, 0x0, 0xac, 0x0,
    0x0, 0x5f, 0x60, 0x6, 0xf0, 0x0, 0x8, 0xc0,
    0x0, 0x3f, 0xa0, 0x0, 0x5f, 0x10, 0x0, 0x9c,
    0x0, 0x1d, 0xc0, 0x0, 0x1, 0xf5, 0x0, 0xd,
    0xc0, 0xb, 0xe1, 0x0, 0x0, 0x8, 0xe3, 0x18,
    0xfc, 0x8, 0xf7, 0x44, 0x44, 0x20, 0x8, 0xef,
    0xa9, 0xc0, 0xcf, 0xff, 0xff, 0xf8,

    /* U+01F4 "Ǵ" */
    0x0, 0x0, 0x0, 0x35, 0x0, 0x0, 0x0, 0x0,
    0x0, 0xf9, 0x0, 0x0, 0x0, 0x0, 0x6, 0xd0,
    0x0, 0x0, 0x0, 0x0, 0x0, 0x0, 0x0, 0x0,
    0x0, 0x3, 0xae, 0xfe, 0xa3, 0x0, 0x0, 0x6f,
    0xd8, 0x68, 0xdf, 0x40, 0x3, 0xf9, 0x0, 0x0,
    0xc, 0xd0, 0xb, 0xe0, 0x0, 0x0, 0x3, 0xa1,
    0xf, 0x90, 0x0, 0x0, 0x0, 0x0, 0x1f, 0x60,
    0x0, 0x2, 0x22, 0x20, 0x2f, 0x70, 0x0, 0x6f,
    0xff, 0xf6, 0xf, 0x90, 0x0, 0x25, 0x55, 0xf6,
    0xb, 0xe0, 0x0, 0x0, 0x0, 0xf6, 0x3, 0xfb,
    0x0, 0x0, 0x5, 0xf6, 0x0, 0x6f, 0xe9, 0x78,
    0xdf, 0xc1, 0x0, 0x2, 0xae, 0xfe, 0xb5, 0x0,

    /* U+01F5 "ǵ" */
    0x0, 0x0, 0xeb, 0x0, 0x0, 0x6, 0xe1, 0x0,
    0x0, 0x3, 0x20, 0x0, 0x0, 0x9e, 0xfa, 0x7d,
    0x9, 0xf6, 0x4b, 0xfd, 0x1f, 0x60, 0x0, 0xed,
    0x5f, 0x10, 0x0, 0x9d, 0x6f, 0x0, 0x0, 0x7d,
    0x5f, 0x10, 0x0, 0x8d, 0x1f, 0x60, 0x0, 0xdd,
    0x9, 0xf6, 0x4b, 0xfd, 0x0, 0x8e, 0xf9, 0xac,
    0x5, 0x10, 0x0, 0xba, 0xe, 0xb4, 0x48, 0xf4,
    0x3, 0xbe, 0xfc, 0x40,

    /* U+01FA "Ǻ" */
    0x0, 0x0, 0x0, 0xec, 0x0, 0x0, 0x0, 0x0,
    0x5, 0xe1, 0x0, 0x0, 0x0, 0x0, 0x3, 0x20,
    0x0, 0x0, 0x0, 0x0, 0x7, 0x91, 0x0, 0x0,
    0x0, 0x0, 0x28, 0x18, 0x0, 0x0, 0x0, 0x0,
    0x8, 0x36, 0x0, 0x0, 0x0, 0x0, 0xe, 0xf5,
    0x0, 0x0, 0x0, 0x0, 0x4f, 0xdb, 0x0, 0x0,
    0x0, 0x0, 0xad, 0x7f, 0x10, 0x0, 0x0, 0x0,
    0xf8, 0x1f, 0x70, 0x0, 0x0, 0x5, 0xf2, 0xb,
    0xd0, 0x0, 0x0, 0xb, 0xc0, 0x5, 0xf3, 0x0,
    0x0, 0x1f, 0x70, 0x1, 0xf9, 0x0, 0x0, 0x6f,
    0xff, 0xff, 0xff, 0x0, 0x0, 0xcc, 0x33, 0x33,
    0x6f, 0x50, 0x2, 0xf6, 0x0, 0x0, 0xe, 0xb0,
    0x7, 0xf1, 0x0, 0x0, 0x8, 0xf2, 0xd, 0xc0,
    0x0, 0x0, 0x3, 0xf7,

    /* U+01FB "ǻ" */
    0x0, 0x0, 0x9f, 0x20, 0x0, 0x0, 0x1f, 0x50,
    0x0, 0x0, 0x1, 0x40, 0x0, 0x0, 0x0, 0x0,
    0x0, 0x0, 0x0, 0x9, 0x98, 0x0, 0x0, 0x0,
    0x79, 0x60, 0x0, 0x0, 0x0, 0x0, 0x0, 0x0,
    0x8, 0xdf, 0xea, 0x0, 0xa, 0xe5, 0x37, 0xf9,
    0x0, 0xc5, 0x0, 0xa, 0xc0, 0x0, 0x0, 0x36,
    0xdc, 0x0, 0x4c, 0xff, 0xdd, 0xd0, 0x2f, 0xb4,
    0x10, 0xad, 0x5, 0xf2, 0x0, 0xd, 0xd0, 0x2f,
    0x80, 0x19, 0xfd, 0x0, 0x5d, 0xfd, 0x86, 0xf1,

    /* U+01FC "Ǽ" */
    0x0, 0x0, 0x0, 0x0, 0x0, 0x53, 0x0, 0x0,
    0x0, 0x0, 0x0, 0x0, 0x7, 0xf2, 0x0, 0x0,
    0x0, 0x0, 0x0, 0x0, 0xe, 0x60, 0x0, 0x0,
    0x0, 0x0, 0x0, 0x0, 0x0, 0x0, 0x0, 0x0,
    0x0, 0x0, 0xb, 0xff, 0xff, 0xff, 0xff, 0xe0,
    0x0, 0x0, 0x2f, 0xaa, 0xf8, 0x77, 0x77, 0x60,
    0x0, 0x0, 0xae, 0x5, 0xf2, 0x0, 0x0, 0x0,
    0x0, 0x1, 0xf8, 0x5, 0xf2, 0x0, 0x0, 0x0,
    0x0, 0x8, 0xf1, 0x5, 0xf4, 0x22, 0x22, 0x10,
    0x0, 0xf, 0x80, 0x5, 0xff, 0xff, 0xff, 0x80,
    0x0, 0x7f, 0x31, 0x16, 0xf6, 0x55, 0x55, 0x20,
    0x0, 0xef, 0xff, 0xff, 0xf2, 0x0, 0x0, 0x0,
    0x6, 0xf5, 0x44, 0x48, 0xf2, 0x0, 0x0, 0x0,
    0xd, 0xb0, 0x0, 0x5, 0xf2, 0x0, 0x0, 0x0,
    0x5f, 0x40, 0x0, 0x5, 0xf8, 0x66, 0x66, 0x60,
    0xcd, 0x0, 0x0, 0x5, 0xff, 0xff, 0xff, 0xf2,

    /* U+01FD "ǽ" */
    0x0, 0x0, 0x0, 0x3f, 0x70, 0x0, 0x0, 0x0,
    0x0, 0x0, 0xab, 0x0, 0x0, 0x0, 0x0, 0x0,
    0x0, 0x51, 0x0, 0x0, 0x0, 0x0, 0x8e, 0xfe,
    0x82, 0xbf, 0xe9, 0x0, 0xa, 0xd5, 0x48, 0xff,
    0xc4, 0x5d, 0xb0, 0x1f, 0x50, 0x0, 0xef, 0x10,
    0x3, 0xf3, 0x0, 0x0, 0x2, 0xeb, 0x0, 0x0,
    0xe7, 0x2, 0x9d, 0xff, 0xff, 0xff, 0xff, 0xf9,
    0x2f, 0xb5, 0x30, 0xcb, 0x33, 0x33, 0x31, 0x6f,
    0x10, 0x1, 0xfd, 0x0, 0x1, 0xc4, 0x3f, 0xa4,
    0x6d, 0xbe, 0xb4, 0x5c, 0xe1, 0x6, 0xdf, 0xd6,
    0x2, 0xbf, 0xea, 0x20,

    /* U+01FE "Ǿ" */
    0x0, 0x0, 0x0, 0x35, 0x0, 0x0, 0x0, 0x0,
    0x0, 0xe9, 0x0, 0x0, 0x0, 0x0, 0x6, 0xd0,
    0x0, 0x0, 0x0, 0x0, 0x0, 0x0, 0x0, 0x2,
    0x0, 0x4, 0xbe, 0xfd, 0x70, 0x9a, 0x0, 0x8f,
    0xc7, 0x69, 0xfe, 0xd1, 0x5, 0xf8, 0x0, 0x0,
    0x7f, 0xc0, 0xd, 0xd0, 0x0, 0x3, 0xe9, 0xf4,
    0x1f, 0x70, 0x0, 0x2e, 0x50, 0xf8, 0x3f, 0x50,
    0x1, 0xd6, 0x0, 0xea, 0x3f, 0x60, 0xc, 0x80,
    0x0, 0xea, 0xf, 0x80, 0xba, 0x0, 0x0, 0xf9,
    0xc, 0xd9, 0xb0, 0x0, 0x6, 0xf4, 0x4, 0xfe,
    0x10, 0x0, 0x2e, 0xc0, 0x6, 0xef, 0xd8, 0x69,
    0xfd, 0x10, 0x1e, 0x23, 0xbe, 0xfd, 0x81, 0x0,
    0x1, 0x0, 0x0, 0x0, 0x0, 0x0,

    /* U+01FF "ǿ" */
    0x0, 0x2, 0xf8, 0x0, 0x0, 0x9, 0xc0, 0x0,
    0x0, 0x4, 0x10, 0x0, 0x3, 0xbf, 0xe9, 0xa7,
    0x2f, 0xc4, 0x5e, 0xf0, 0xae, 0x0, 0x2e, 0xf6,
    0xe9, 0x0, 0xd4, 0xca, 0xf7, 0x9, 0x80, 0xac,
    0xd9, 0x5c, 0x0, 0xcb, 0xae, 0xe1, 0x2, 0xf7,
    0x2f, 0xc4, 0x5d, 0xe1, 0x9a, 0xbf, 0xfa, 0x10,
    0x20, 0x0, 0x0, 0x0,

    /* U+0200 "Ȁ" */
    0x0, 0x4, 0x41, 0x52, 0x0, 0x0, 0x0, 0x6,
    0xf3, 0xbd, 0x0, 0x0, 0x0, 0x0, 0xaa, 0x1e,
    0x40, 0x0, 0x0, 0x0, 0x0, 0x0, 0x0, 0x0,
    0x0, 0x0, 0xc, 0xf3, 0x0, 0x0, 0x0, 0x0,
    0x2f, 0xd9, 0x0, 0x0, 0x0, 0x0, 0x8d, 0x7f,
    0x0, 0x0, 0x0, 0x0, 0xe8, 0x1f, 0x60, 0x0,
    0x0, 0x4, 0xf2, 0xb, 0xc0, 0x0, 0x0, 0xa,
    0xc0, 0x5, 0xf2, 0x0, 0x0, 0xf, 0x70, 0x1,
    0xf8, 0x0, 0x0, 0x5f, 0xff, 0xff, 0xfe, 0x0,
    0x0, 0xbc, 0x33, 0x33, 0x6f, 0x50, 0x1, 0xf6,
    0x0, 0x0, 0xe, 0xb0, 0x7, 0xf1, 0x0, 0x0,
    0x8, 0xf1, 0xd, 0xc0, 0x0, 0x0, 0x3, 0xf7,

    /* U+0201 "ȁ" */
    0x4, 0xf7, 0x9f, 0x10, 0x0, 0x8, 0xe0, 0xd8,
    0x0, 0x0, 0x5, 0x11, 0x40, 0x0, 0x8, 0xdf,
    0xea, 0x0, 0xa, 0xe5, 0x37, 0xf9, 0x0, 0xc5,
    0x0, 0xa, 0xc0, 0x0, 0x0, 0x36, 0xdc, 0x0,
    0x4c, 0xff, 0xdd, 0xd0, 0x2f, 0xb4, 0x10, 0xad,
    0x5, 0xf2, 0x0, 0xd, 0xd0, 0x2f, 0x80, 0x19,
    0xfd, 0x0, 0x5d, 0xfd, 0x86, 0xf1,

    /* U+0202 "Ȃ" */
    0x0, 0x0, 0x3c, 0xd8, 0x0, 0x0, 0x0, 0x0,
    0xd5, 0x2c, 0x50, 0x0, 0x0, 0x0, 0x30, 0x1,
    0x10, 0x0, 0x0, 0x0, 0xc, 0xf3, 0x0, 0x0,
    0x0, 0x0, 0x2f, 0xd9, 0x0, 0x0, 0x0, 0x0,
    0x8d, 0x7f, 0x0, 0x0, 0x0, 0x0, 0xe8, 0x1f,
    0x60, 0x0, 0x0, 0x4, 0xf2, 0xb, 0xc0, 0x0,
    0x0, 0xa, 0xc0, 0x5, 0xf2, 0x0, 0x0, 0xf,
    0x70, 0x1, 0xf8, 0x0, 0x0, 0x5f, 0xff, 0xff,
    0xfe, 0x0, 0x0, 0xbc, 0x33, 0x33, 0x6f, 0x50,
    0x1, 0xf6, 0x0, 0x0, 0xe, 0xb0, 0x7, 0xf1,
    0x0, 0x0, 0x8, 0xf1, 0xd, 0xc0, 0x0, 0x0,
    0x3, 0xf7,

    /* U+0203 "ȃ" */
    0x0, 0x1b, 0xfc, 0x20, 0x0, 0x8, 0x91, 0x7c,
    0x0, 0x0, 0x0, 0x0, 0x0, 0x0, 0x8, 0xdf,
    0xea, 0x0, 0xa, 0xe5, 0x37, 0xf9, 0x0, 0xc5,
    0x0, 0xa, 0xc0, 0x0, 0x0, 0x36, 0xdc, 0x0,
    0x4c, 0xff, 0xdd, 0xd0, 0x2f, 0xb4, 0x10, 0xad,
    0x5, 0xf2, 0x0, 0xd, 0xd0, 0x2f, 0x80, 0x19,
    0xfd, 0x0, 0x5d, 0xfd, 0x86, 0xf1,

    /* U+0204 "Ȅ" */
    0x3, 0x51, 0x54, 0x0, 0x0, 0x2f, 0x77, 0xf1,
    0x0, 0x0, 0x6e, 0xb, 0x80, 0x0, 0x0, 0x0,
    0x0, 0x0, 0xbf, 0xff, 0xff, 0xff, 0x9b, 0xe7,
    0x77, 0x77, 0x74, 0xbc, 0x0, 0x0, 0x0, 0xb,
    0xc0, 0x0, 0x0, 0x0, 0xbc, 0x22, 0x22, 0x22,
    0xb, 0xff, 0xff, 0xff, 0xf2, 0xbd, 0x55, 0x55,
    0x55, 0xb, 0xc0, 0x0, 0x0, 0x0, 0xbc, 0x0,
    0x0, 0x0, 0xb, 0xc0, 0x0, 0x0, 0x0, 0xbe,
    0x77, 0x77, 0x77, 0x5b, 0xff, 0xff, 0xff, 0xfd,

    /* U+0205 "ȅ" */
    0x4, 0xf7, 0x9f, 0x10, 0x0, 0x8, 0xe0, 0xd8,
    0x0, 0x0, 0x5, 0x11, 0x40, 0x0, 0x7, 0xdf,
    0xd5, 0x0, 0x7, 0xf8, 0x48, 0xf5, 0x0, 0xf9,
    0x0, 0x8, 0xe0, 0x4f, 0x40, 0x0, 0x4f, 0x25,
    0xff, 0xff, 0xff, 0xf4, 0x4f, 0x53, 0x33, 0x33,
    0x1, 0xf7, 0x0, 0x5, 0xb1, 0x8, 0xf7, 0x46,
    0xfa, 0x0, 0x7, 0xdf, 0xe8, 0x0,

    /* U+0206 "Ȇ" */
    0x0, 0x9, 0xeb, 0x20, 0x0, 0x7, 0xa2, 0x7b,
    0x0, 0x0, 0x21, 0x0, 0x30, 0xb, 0xff, 0xff,
    0xff, 0xf9, 0xbe, 0x77, 0x77, 0x77, 0x4b, 0xc0,
    0x0, 0x0, 0x0, 0xbc, 0x0, 0x0, 0x0, 0xb,
    0xc2, 0x22, 0x22, 0x20, 0xbf, 0xff, 0xff, 0xff,
    0x2b, 0xd5, 0x55, 0x55, 0x50, 0xbc, 0x0, 0x0,
    0x0, 0xb, 0xc0, 0x0, 0x0, 0x0, 0xbc, 0x0,
    0x0, 0x0, 0xb, 0xe7, 0x77, 0x77, 0x75, 0xbf,
    0xff, 0xff, 0xff, 0xd0,

    /* U+0207 "ȇ" */
    0x0, 0x2c, 0xfb, 0x10, 0x0, 0xb, 0x71, 0x99,
    0x0, 0x0, 0x0, 0x0, 0x0, 0x0, 0x7, 0xdf,
    0xd5, 0x0, 0x7, 0xf8, 0x48, 0xf5, 0x0, 0xf9,
    0x0, 0x8, 0xe0, 0x4f, 0x40, 0x0, 0x4f, 0x25,
    0xff, 0xff, 0xff, 0xf4, 0x4f, 0x53, 0x33, 0x33,
    0x1, 0xf7, 0x0, 0x5, 0xb1, 0x8, 0xf7, 0x46,
    0xfa, 0x0, 0x7, 0xdf, 0xe8, 0x0,

    /* U+0208 "Ȉ" */
    0x35, 0x5, 0x30, 0x4f, 0x59, 0xe0, 0x8, 0xc0,
    0xd6, 0x0, 0x0, 0x0, 0x0, 0x8f, 0x0, 0x0,
    0x8f, 0x0, 0x0, 0x8f, 0x0, 0x0, 0x8f, 0x0,
    0x0, 0x8f, 0x0, 0x0, 0x8f, 0x0, 0x0, 0x8f,
    0x0, 0x0, 0x8f, 0x0, 0x0, 0x8f, 0x0, 0x0,
    0x8f, 0x0, 0x0, 0x8f, 0x0, 0x0, 0x8f, 0x0,

    /* U+0209 "ȉ" */
    0x7f, 0x4c, 0xd0, 0xb, 0xa2, 0xf5, 0x1, 0x50,
    0x33, 0x0, 0x7e, 0x0, 0x0, 0x7e, 0x0, 0x0,
    0x7e, 0x0, 0x0, 0x7e, 0x0, 0x0, 0x7e, 0x0,
    0x0, 0x7e, 0x0, 0x0, 0x7e, 0x0, 0x0, 0x7e,
    0x0, 0x0, 0x7e, 0x0,

    /* U+020A "Ȋ" */
    0x3, 0xcd, 0x80, 0xd, 0x62, 0xc5, 0x3, 0x0,
    0x12, 0x0, 0x8f, 0x0, 0x0, 0x8f, 0x0, 0x0,
    0x8f, 0x0, 0x0, 0x8f, 0x0, 0x0, 0x8f, 0x0,
    0x0, 0x8f, 0x0, 0x0, 0x8f, 0x0, 0x0, 0x8f,
    0x0, 0x0, 0x8f, 0x0, 0x0, 0x8f, 0x0, 0x0,
    0x8f, 0x0, 0x0, 0x8f, 0x0,

    /* U+020B "ȋ" */
    0x5, 0xdf, 0xa0, 0xd, 0x41, 0xb6, 0x0, 0x0,
    0x0, 0x0, 0x7e, 0x0, 0x0, 0x7e, 0x0, 0x0,
    0x7e, 0x0, 0x0, 0x7e, 0x0, 0x0, 0x7e, 0x0,
    0x0, 0x7e, 0x0, 0x0, 0x7e, 0x0, 0x0, 0x7e,
    0x0, 0x0, 0x7e, 0x0,

    /* U+020C "Ȍ" */
    0x0, 0x5, 0x32, 0x51, 0x0, 0x0, 0x0, 0x9,
    0xf2, 0xda, 0x0, 0x0, 0x0, 0x0, 0xc7, 0x3f,
    0x20, 0x0, 0x0, 0x0, 0x0, 0x0, 0x0, 0x0,
    0x0, 0x4, 0xbe, 0xfd, 0x81, 0x0, 0x0, 0x8f,
    0xc7, 0x69, 0xfd, 0x10, 0x5, 0xf8, 0x0, 0x0,
    0x2e, 0xc0, 0xc, 0xd0, 0x0, 0x0, 0x6, 0xf4,
    0x1f, 0x80, 0x0, 0x0, 0x0, 0xf8, 0x3f, 0x50,
    0x0, 0x0, 0x0, 0xea, 0x3f, 0x50, 0x0, 0x0,
    0x0, 0xea, 0x1f, 0x70, 0x0, 0x0, 0x0, 0xf9,
    0xd, 0xd0, 0x0, 0x0, 0x6, 0xf4, 0x5, 0xf8,
    0x0, 0x0, 0x2e, 0xc0, 0x0, 0x8f, 0xc7, 0x69,
    0xfd, 0x10, 0x0, 0x4, 0xbe, 0xfd, 0x81, 0x0,

    /* U+020D "ȍ" */
    0x7, 0xf4, 0xce, 0x0, 0x0, 0xb, 0xb1, 0xe5,
    0x0, 0x0, 0x15, 0x2, 0x30, 0x0, 0x7, 0xdf,
    0xd6, 0x0, 0x9, 0xf7, 0x48, 0xf8, 0x2, 0xf7,
    0x0, 0x9, 0xf1, 0x5f, 0x10, 0x0, 0x3f, 0x46,
    0xf0, 0x0, 0x2, 0xf5, 0x5f, 0x10, 0x0, 0x3f,
    0x42, 0xf7, 0x0, 0x9, 0xf0, 0x9, 0xf7, 0x48,
    0xf8, 0x0, 0x7, 0xdf, 0xd6, 0x0,

    /* U+020E "Ȏ" */
    0x0, 0x0, 0x3c, 0xd7, 0x0, 0x0, 0x0, 0x0,
    0xd6, 0x2d, 0x40, 0x0, 0x0, 0x0, 0x50, 0x2,
    0x20, 0x0, 0x0, 0x4, 0xbe, 0xfd, 0x81, 0x0,
    0x0, 0x8f, 0xc7, 0x69, 0xfd, 0x10, 0x5, 0xf8,
    0x0, 0x0, 0x2e, 0xc0, 0xc, 0xd0, 0x0, 0x0,
    0x6, 0xf4, 0x1f, 0x80, 0x0, 0x0, 0x0, 0xf8,
    0x3f, 0x50, 0x0, 0x0, 0x0, 0xea, 0x3f, 0x50,
    0x0, 0x0, 0x0, 0xea, 0x1f, 0x70, 0x0, 0x0,
    0x0, 0xf9, 0xd, 0xd0, 0x0, 0x0, 0x6, 0xf4,
    0x5, 0xf8, 0x0, 0x0, 0x2e, 0xc0, 0x0, 0x8f,
    0xc7, 0x69, 0xfd, 0x10, 0x0, 0x4, 0xbe, 0xfd,
    0x81, 0x0,

    /* U+020F "ȏ" */
    0x0, 0x2c, 0xfc, 0x10, 0x0, 0xa, 0x81, 0x8a,
    0x0, 0x0, 0x0, 0x0, 0x0, 0x0, 0x7, 0xdf,
    0xd6, 0x0, 0x9, 0xf7, 0x48, 0xf8, 0x2, 0xf7,
    0x0, 0x9, 0xf1, 0x5f, 0x10, 0x0, 0x3f, 0x46,
    0xf0, 0x0, 0x2, 0xf5, 0x5f, 0x10, 0x0, 0x3f,
    0x42, 0xf7, 0x0, 0x9, 0xf0, 0x9, 0xf7, 0x48,
    0xf8, 0x0, 0x7, 0xdf, 0xd6, 0x0,

    /* U+0210 "Ȑ" */
    0x3, 0x50, 0x53, 0x0, 0x0, 0x0, 0x3f, 0x59,
    0xf0, 0x0, 0x0, 0x0, 0x7d, 0xc, 0x70, 0x0,
    0x0, 0x0, 0x0, 0x0, 0x0, 0x0, 0xbf, 0xff,
    0xff, 0xeb, 0x20, 0xb, 0xd5, 0x55, 0x58, 0xee,
    0x0, 0xbc, 0x0, 0x0, 0x4, 0xf5, 0xb, 0xc0,
    0x0, 0x0, 0x3f, 0x50, 0xbd, 0x22, 0x22, 0x4c,
    0xe1, 0xb, 0xff, 0xff, 0xff, 0xc3, 0x0, 0xbd,
    0x55, 0x7e, 0xb0, 0x0, 0xb, 0xc0, 0x0, 0x3f,
    0xb0, 0x0, 0xbc, 0x0, 0x0, 0x8f, 0x60, 0xb,
    0xc0, 0x0, 0x0, 0xee, 0x0, 0xbc, 0x0, 0x0,
    0x6, 0xf8, 0xb, 0xc0, 0x0, 0x0, 0xc, 0xf1,

    /* U+0211 "ȑ" */
    0x6f, 0x4c, 0xe0, 0xa, 0xb1, 0xe6, 0x0, 0x50,
    0x23, 0xf, 0x7d, 0xe5, 0xf, 0xf8, 0x61, 0xf,
    0xb0, 0x0, 0xf, 0x70, 0x0, 0xf, 0x70, 0x0,
    0xf, 0x70, 0x0, 0xf, 0x70, 0x0, 0xf, 0x70,
    0x0, 0xf, 0x70, 0x0,

    /* U+0212 "Ȓ" */
    0x0, 0x2b, 0xe9, 0x0, 0x0, 0x0, 0xb, 0x72,
    0xa7, 0x0, 0x0, 0x0, 0x30, 0x1, 0x20, 0x0,
    0xb, 0xff, 0xff, 0xfe, 0xb2, 0x0, 0xbd, 0x55,
    0x55, 0x8e, 0xe0, 0xb, 0xc0, 0x0, 0x0, 0x4f,
    0x50, 0xbc, 0x0, 0x0, 0x3, 0xf5, 0xb, 0xd2,
    0x22, 0x24, 0xce, 0x10, 0xbf, 0xff, 0xff, 0xfc,
    0x30, 0xb, 0xd5, 0x57, 0xeb, 0x0, 0x0, 0xbc,
    0x0, 0x3, 0xfb, 0x0, 0xb, 0xc0, 0x0, 0x8,
    0xf6, 0x0, 0xbc, 0x0, 0x0, 0xe, 0xe0, 0xb,
    0xc0, 0x0, 0x0, 0x6f, 0x80, 0xbc, 0x0, 0x0,
    0x0, 0xcf, 0x10,

    /* U+0213 "ȓ" */
    0x8, 0xfe, 0x60, 0x3c, 0x23, 0xe1, 0x0, 0x0,
    0x0, 0xf, 0x7d, 0xe5, 0xf, 0xf8, 0x61, 0xf,
    0xb0, 0x0, 0xf, 0x70, 0x0, 0xf, 0x70, 0x0,
    0xf, 0x70, 0x0, 0xf, 0x70, 0x0, 0xf, 0x70,
    0x0, 0xf, 0x70, 0x0,

    /* U+0214 "Ȕ" */
    0x1, 0x52, 0x35, 0x0, 0x0, 0x0, 0xbd, 0x2f,
    0x70, 0x0, 0x0, 0x1e, 0x45, 0xe0, 0x0, 0x0,
    0x0, 0x0, 0x0, 0x0, 0xbc, 0x0, 0x0, 0x4,
    0xf4, 0xbc, 0x0, 0x0, 0x4, 0xf4, 0xbc, 0x0,
    0x0, 0x4, 0xf4, 0xbc, 0x0, 0x0, 0x4, 0xf4,
    0xbc, 0x0, 0x0, 0x4, 0xf4, 0xbc, 0x0, 0x0,
    0x4, 0xf4, 0xbc, 0x0, 0x0, 0x4, 0xf4, 0xbc,
    0x0, 0x0, 0x4, 0xf3, 0x9e, 0x0, 0x0, 0x6,
    0xf2, 0x6f, 0x50, 0x0, 0xc, 0xe0, 0xd, 0xfa,
    0x78, 0xdf, 0x50, 0x1, 0x9d, 0xfe, 0xc4, 0x0,

    /* U+0215 "ȕ" */
    0x4f, 0x79, 0xf1, 0x0, 0x8e, 0xd, 0x80, 0x0,
    0x51, 0x14, 0xf, 0x70, 0x0, 0x9c, 0xf7, 0x0,
    0x9, 0xcf, 0x70, 0x0, 0x9c, 0xf7, 0x0, 0x9,
    0xcf, 0x70, 0x0, 0x9c, 0xe7, 0x0, 0xa, 0xcd,
    0x80, 0x0, 0xdc, 0x9e, 0x32, 0x9f, 0xc1, 0xaf,
    0xe9, 0x7c,

    /* U+0216 "Ȗ" */
    0x0, 0x8, 0xdc, 0x30, 0x0, 0x0, 0x4c, 0x25,
    0xe0, 0x0, 0x0, 0x11, 0x0, 0x30, 0x0, 0xbc,
    0x0, 0x0, 0x4, 0xf4, 0xbc, 0x0, 0x0, 0x4,
    0xf4, 0xbc, 0x0, 0x0, 0x4, 0xf4, 0xbc, 0x0,
    0x0, 0x4, 0xf4, 0xbc, 0x0, 0x0, 0x4, 0xf4,
    0xbc, 0x0, 0x0, 0x4, 0xf4, 0xbc, 0x0, 0x0,
    0x4, 0xf4, 0xbc, 0x0, 0x0, 0x4, 0xf3, 0x9e,
    0x0, 0x0, 0x6, 0xf2, 0x6f, 0x50, 0x0, 0xc,
    0xe0, 0xd, 0xfa, 0x78, 0xdf, 0x50, 0x1, 0x9d,
    0xfe, 0xc4, 0x0,

    /* U+0217 "ȗ" */
    0x3, 0xcf, 0xb1, 0x0, 0xb6, 0x19, 0x80, 0x0,
    0x0, 0x0, 0xf, 0x70, 0x0, 0x9c, 0xf7, 0x0,
    0x9, 0xcf, 0x70, 0x0, 0x9c, 0xf7, 0x0, 0x9,
    0xcf, 0x70, 0x0, 0x9c, 0xe7, 0x0, 0xa, 0xcd,
    0x80, 0x0, 0xdc, 0x9e, 0x32, 0x9f, 0xc1, 0xaf,
    0xe9, 0x7c,

    /* U+0218 "Ș" */
    0x0, 0x5c, 0xfe, 0xb3, 0x0, 0x5, 0xfc, 0x77,
    0xdf, 0x30, 0xc, 0xc0, 0x0, 0xd, 0xc0, 0xd,
    0xa0, 0x0, 0x5, 0xb0, 0x9, 0xf6, 0x0, 0x0,
    0x0, 0x0, 0x9f, 0xfb, 0x60, 0x0, 0x0, 0x1,
    0x5a, 0xfe, 0x40, 0x0, 0x0, 0x0, 0x1a, 0xf1,
    0xf, 0x60, 0x0, 0x2, 0xf5, 0xb, 0xd1, 0x0,
    0x4, 0xf3, 0x2, 0xfe, 0x86, 0x9e, 0xc0, 0x0,
    0x2a, 0xef, 0xd8, 0x0, 0x0, 0x0, 0x48, 0x0,
    0x0, 0x0, 0x0, 0x9f, 0x0, 0x0, 0x0, 0x0,
    0x4a, 0x0, 0x0, 0x0, 0x0, 0x51, 0x0, 0x0,

    /* U+0219 "ș" */
    0x1, 0x9e, 0xfc, 0x40, 0xa, 0xe7, 0x5b, 0xf2,
    0xe, 0x80, 0x0, 0xc6, 0xc, 0xd3, 0x0, 0x0,
    0x2, 0xbf, 0xfb, 0x50, 0x0, 0x0, 0x49, 0xf5,
    0x3f, 0x40, 0x0, 0xe8, 0xc, 0xe7, 0x59, 0xf4,
    0x1, 0xae, 0xfd, 0x60, 0x0, 0x4, 0x80, 0x0,
    0x0, 0x9, 0xf0, 0x0, 0x0, 0x4, 0xa0, 0x0,
    0x0, 0x5, 0x10, 0x0,

    /* U+021A "Ț" */
    0xdf, 0xff, 0xff, 0xff, 0xa5, 0x66, 0x9f, 0x76,
    0x64, 0x0, 0x4, 0xf1, 0x0, 0x0, 0x0, 0x4f,
    0x10, 0x0, 0x0, 0x4, 0xf1, 0x0, 0x0, 0x0,
    0x4f, 0x10, 0x0, 0x0, 0x4, 0xf1, 0x0, 0x0,
    0x0, 0x4f, 0x10, 0x0, 0x0, 0x4, 0xf1, 0x0,
    0x0, 0x0, 0x4f, 0x10, 0x0, 0x0, 0x4, 0xf1,
    0x0, 0x0, 0x0, 0x4f, 0x10, 0x0, 0x0, 0x3,
    0x81, 0x0, 0x0, 0x0, 0x6f, 0x30, 0x0, 0x0,
    0x2, 0xc0, 0x0, 0x0, 0x0, 0x43, 0x0, 0x0,

    /* U+021B "ț" */
    0x0, 0xe7, 0x0, 0x0, 0xe7, 0x0, 0x2f, 0xff,
    0xfb, 0x3, 0xfb, 0x32, 0x0, 0xe7, 0x0, 0x0,
    0xe7, 0x0, 0x0, 0xe7, 0x0, 0x0, 0xe7, 0x0,
    0x0, 0xd7, 0x0, 0x0, 0xcc, 0x42, 0x0, 0x3d,
    0xfb, 0x0, 0x8, 0x40, 0x0, 0x1f, 0x80, 0x0,
    0xc, 0x20, 0x0, 0x15, 0x0,

    /* U+0237 "ȷ" */
    0x0, 0x7e, 0x0, 0x7e, 0x0, 0x7e, 0x0, 0x7e,
    0x0, 0x7e, 0x0, 0x7e, 0x0, 0x7e, 0x0, 0x7e,
    0x0, 0x7d, 0x3, 0xbc, 0x1f, 0xe5,

    /* U+1E00 "Ḁ" */
    0x0, 0x0, 0xc, 0xf3, 0x0, 0x0, 0x0, 0x0,
    0x2f, 0xd9, 0x0, 0x0, 0x0, 0x0, 0x8d, 0x7f,
    0x0, 0x0, 0x0, 0x0, 0xe8, 0x1f, 0x60, 0x0,
    0x0, 0x4, 0xf2, 0xb, 0xc0, 0x0, 0x0, 0xa,
    0xc0, 0x5, 0xf2, 0x0, 0x0, 0xf, 0x70, 0x1,
    0xf8, 0x0, 0x0, 0x5f, 0xff, 0xff, 0xfe, 0x0,
    0x0, 0xbc, 0x33, 0x33, 0x6f, 0x50, 0x1, 0xf6,
    0x0, 0x0, 0xe, 0xb0, 0x7, 0xf1, 0x0, 0x0,
    0x8, 0xf1, 0xd, 0xc0, 0x0, 0x0, 0x3, 0xf7,
    0x0, 0x0, 0x8, 0xa2, 0x0, 0x0, 0x0, 0x0,
    0x27, 0x18, 0x0, 0x0, 0x0, 0x0, 0xa, 0xa3,
    0x0, 0x0,

    /* U+1E01 "ḁ" */
    0x0, 0x8d, 0xfe, 0xa0, 0x0, 0xae, 0x53, 0x7f,
    0x90, 0xc, 0x50, 0x0, 0xac, 0x0, 0x0, 0x3,
    0x6d, 0xc0, 0x4, 0xcf, 0xfd, 0xdd, 0x2, 0xfb,
    0x41, 0xa, 0xd0, 0x5f, 0x20, 0x0, 0xdd, 0x2,
    0xf8, 0x1, 0x9f, 0xd0, 0x5, 0xdf, 0xd8, 0x6f,
    0x10, 0x0, 0x99, 0x10, 0x0, 0x0, 0x36, 0x27,
    0x0, 0x0, 0x0, 0xaa, 0x20, 0x0,

    /* U+1E02 "Ḃ" */
    0x0, 0xa, 0xd0, 0x0, 0x0, 0x0, 0x79, 0x0,
    0x0, 0x0, 0x0, 0x0, 0x0, 0xd, 0xff, 0xff,
    0xea, 0x10, 0xdd, 0x77, 0x79, 0xfc, 0xd, 0xb0,
    0x0, 0x5, 0xf2, 0xdb, 0x0, 0x0, 0x4f, 0x3d,
    0xb2, 0x22, 0x3c, 0xd0, 0xdf, 0xff, 0xff, 0xf2,
    0xd, 0xc5, 0x55, 0x6c, 0xe2, 0xdb, 0x0, 0x0,
    0xe, 0xad, 0xb0, 0x0, 0x0, 0xcc, 0xdb, 0x0,
    0x0, 0x1e, 0xad, 0xd7, 0x77, 0x8e, 0xf3, 0xdf,
    0xff, 0xfe, 0xb4, 0x0,

    /* U+1E03 "ḃ" */
    0x0, 0xf, 0x60, 0x0, 0x0, 0xb, 0x40, 0x0,
    0x0, 0x0, 0x0, 0x0, 0xe7, 0x0, 0x0, 0x0,
    0xe7, 0x0, 0x0, 0x0, 0xe7, 0x0, 0x0, 0x0,
    0xe8, 0xaf, 0xe7, 0x0, 0xef, 0xa4, 0x8f, 0x70,
    0xed, 0x0, 0x9, 0xe0, 0xe7, 0x0, 0x4, 0xf2,
    0xe6, 0x0, 0x3, 0xf4, 0xe7, 0x0, 0x4, 0xf2,
    0xec, 0x0, 0x9, 0xe0, 0xef, 0x94, 0x8f, 0x60,
    0xe7, 0xbf, 0xd6, 0x0,

    /* U+1E04 "Ḅ" */
    0xdf, 0xff, 0xfe, 0xa1, 0xd, 0xd7, 0x77, 0x9e,
    0xc0, 0xdb, 0x0, 0x0, 0x4f, 0x2d, 0xb2, 0x22,
    0x3a, 0xf3, 0xdf, 0xff, 0xff, 0xfd, 0xd, 0xc5,
    0x55, 0x7c, 0x20, 0xdb, 0x0, 0x0, 0x1d, 0x2d,
    0xb0, 0x0, 0x0, 0xca, 0xdb, 0x0, 0x0, 0xc,
    0xcd, 0xb0, 0x0, 0x2, 0xfa, 0xdd, 0x77, 0x79,
    0xef, 0x3d, 0xff, 0xff, 0xeb, 0x40, 0x0, 0x0,
    0x0, 0x0, 0x0, 0x0, 0x78, 0x0, 0x0, 0x0,
    0xb, 0xc0, 0x0, 0x0,

    /* U+1E05 "ḅ" */
    0xe7, 0x0, 0x0, 0x0, 0xe7, 0x0, 0x0, 0x0,
    0xe7, 0x0, 0x0, 0x0, 0xe8, 0xaf, 0xe7, 0x0,
    0xef, 0xa4, 0x8f, 0x70, 0xed, 0x0, 0x9, 0xe0,
    0xe7, 0x0, 0x4, 0xf2, 0xe6, 0x0, 0x3, 0xf4,
    0xe7, 0x0, 0x4, 0xf2, 0xec, 0x0, 0x9, 0xe0,
    0xef, 0x94, 0x8f, 0x60, 0xe7, 0xbf, 0xd6, 0x0,
    0x0, 0x0, 0x0, 0x0, 0x0, 0x2b, 0x20, 0x0,
    0x0, 0x4f, 0x30, 0x0,

    /* U+1E06 "Ḇ" */
    0xdf, 0xff, 0xfe, 0xa1, 0xd, 0xd7, 0x77, 0x9f,
    0xc0, 0xdb, 0x0, 0x0, 0x5f, 0x2d, 0xb0, 0x0,
    0x4, 0xf3, 0xdb, 0x22, 0x23, 0xcd, 0xd, 0xff,
    0xff, 0xff, 0x20, 0xdc, 0x55, 0x56, 0xce, 0x2d,
    0xb0, 0x0, 0x0, 0xea, 0xdb, 0x0, 0x0, 0xc,
    0xcd, 0xb0, 0x0, 0x1, 0xea, 0xdd, 0x77, 0x78,
    0xef, 0x3d, 0xff, 0xff, 0xeb, 0x40, 0x0, 0x0,
    0x0, 0x0, 0x0, 0x24, 0x44, 0x41, 0x0, 0x9,
    0xff, 0xff, 0x40, 0x0,

    /* U+1E07 "ḇ" */
    0xe7, 0x0, 0x0, 0x0, 0xe7, 0x0, 0x0, 0x0,
    0xe7, 0x0, 0x0, 0x0, 0xe8, 0xaf, 0xe7, 0x0,
    0xef, 0xa4, 0x8f, 0x70, 0xed, 0x0, 0x9, 0xe0,
    0xe7, 0x0, 0x4, 0xf2, 0xe6, 0x0, 0x3, 0xf4,
    0xe7, 0x0, 0x4, 0xf2, 0xec, 0x0, 0x9, 0xe0,
    0xef, 0x94, 0x8f, 0x60, 0xe7, 0xbf, 0xd6, 0x0,
    0x0, 0x0, 0x0, 0x0, 0x4, 0x44, 0x42, 0x0,
    0x2f, 0xff, 0xfb, 0x0,

    /* U+1E08 "Ḉ" */
    0x0, 0x0, 0x0, 0xdd, 0x0, 0x0, 0x0, 0x0,
    0x4f, 0x20, 0x0, 0x0, 0x0, 0x2, 0x30, 0x0,
    0x0, 0x0, 0x0, 0x0, 0x0, 0x0, 0x0, 0x4,
    0xbe, 0xfc, 0x60, 0x0, 0x8, 0xfb, 0x76, 0xaf,
    0xa0, 0x5, 0xf8, 0x0, 0x0, 0x6f, 0x50, 0xce,
    0x0, 0x0, 0x0, 0xa5, 0xf, 0x90, 0x0, 0x0,
    0x0, 0x2, 0xf7, 0x0, 0x0, 0x0, 0x0, 0x2f,
    0x60, 0x0, 0x0, 0x0, 0x0, 0xf8, 0x0, 0x0,
    0x0, 0x10, 0xc, 0xc0, 0x0, 0x0, 0xd, 0xc0,
    0x5f, 0x60, 0x0, 0x6, 0xf6, 0x0, 0xaf, 0xb6,
    0x6a, 0xfb, 0x0, 0x0, 0x6c, 0xff, 0xd7, 0x0,
    0x0, 0x0, 0xd, 0x90, 0x0, 0x0, 0x0, 0x0,
    0x4e, 0x80, 0x0, 0x0, 0x0, 0xff, 0xc3, 0x0,
    0x0,

    /* U+1E09 "ḉ" */
    0x0, 0x0, 0x9f, 0x20, 0x0, 0x1, 0xf5, 0x0,
    0x0, 0x1, 0x40, 0x0, 0x0, 0x7e, 0xfc, 0x50,
    0x9, 0xf7, 0x49, 0xf3, 0x1f, 0x70, 0x0, 0xc7,
    0x4f, 0x20, 0x0, 0x0, 0x5f, 0x10, 0x0, 0x0,
    0x4f, 0x20, 0x0, 0x23, 0x1f, 0x70, 0x0, 0xca,
    0x8, 0xf7, 0x49, 0xf3, 0x0, 0x7e, 0xfc, 0x40,
    0x0, 0x9, 0xc2, 0x0, 0x0, 0x0, 0xbb, 0x0,
    0x0, 0x4f, 0xd4, 0x0,

    /* U+1E0A "Ḋ" */
    0x0, 0x3, 0xf3, 0x0, 0x0, 0x0, 0x2, 0xb2,
    0x0, 0x0, 0x0, 0x0, 0x0, 0x0, 0x0, 0xbf,
    0xff, 0xfe, 0xb4, 0x0, 0xbe, 0x77, 0x78, 0xdf,
    0x50, 0xbc, 0x0, 0x0, 0xc, 0xe0, 0xbc, 0x0,
    0x0, 0x3, 0xf6, 0xbc, 0x0, 0x0, 0x0, 0xfa,
    0xbc, 0x0, 0x0, 0x0, 0xdb, 0xbc, 0x0, 0x0,
    0x0, 0xdb, 0xbc, 0x0, 0x0, 0x0, 0xf9, 0xbc,
    0x0, 0x0, 0x3, 0xf6, 0xbc, 0x0, 0x0, 0xc,
    0xe0, 0xbe, 0x77, 0x78, 0xdf, 0x50, 0xbf, 0xff,
    0xfe, 0xb3, 0x0,

    /* U+1E0B "ḋ" */
    0x0, 0x6, 0xf0, 0x0, 0x0, 0x4, 0xb0, 0x0,
    0x0, 0x0, 0x0, 0x0, 0x0, 0x0, 0x0, 0xac,
    0x0, 0x0, 0x0, 0xac, 0x0, 0x0, 0x0, 0xac,
    0x0, 0x9e, 0xf9, 0xac, 0x9, 0xf6, 0x4b, 0xfc,
    0x1f, 0x70, 0x0, 0xec, 0x4f, 0x20, 0x0, 0xac,
    0x6f, 0x0, 0x0, 0x8c, 0x5f, 0x10, 0x0, 0x9c,
    0x1f, 0x50, 0x0, 0xdc, 0x8, 0xe3, 0x18, 0xfc,
    0x0, 0x8e, 0xfa, 0x9c,

    /* U+1E0C "Ḍ" */
    0xbf, 0xff, 0xfe, 0xb4, 0x0, 0xbe, 0x77, 0x78,
    0xdf, 0x50, 0xbc, 0x0, 0x0, 0xc, 0xe0, 0xbc,
    0x0, 0x0, 0x3, 0xf6, 0xbc, 0x0, 0x0, 0x0,
    0xfa, 0xbc, 0x0, 0x0, 0x0, 0xdb, 0xbc, 0x0,
    0x0, 0x0, 0xdb, 0xbc, 0x0, 0x0, 0x0, 0xf9,
    0xbc, 0x0, 0x0, 0x3, 0xf6, 0xbc, 0x0, 0x0,
    0xc, 0xe0, 0xbe, 0x77, 0x78, 0xdf, 0x50, 0xbf,
    0xff, 0xfe, 0xb3, 0x0, 0x0, 0x0, 0x0, 0x0,
    0x0, 0x0, 0x4, 0xb0, 0x0, 0x0, 0x0, 0x6,
    0xf1, 0x0, 0x0,

    /* U+1E0D "ḍ" */
    0x0, 0x0, 0x0, 0xac, 0x0, 0x0, 0x0, 0xac,
    0x0, 0x0, 0x0, 0xac, 0x0, 0x9e, 0xf9, 0xac,
    0x9, 0xf6, 0x4b, 0xfc, 0x1f, 0x70, 0x0, 0xec,
    0x4f, 0x20, 0x0, 0xac, 0x6f, 0x0, 0x0, 0x8c,
    0x5f, 0x10, 0x0, 0x9c, 0x1f, 0x50, 0x0, 0xdc,
    0x8, 0xe3, 0x18, 0xfc, 0x0, 0x8e, 0xfa, 0x9c,
    0x0, 0x0, 0x0, 0x0, 0x0, 0x3, 0xb1, 0x0,
    0x0, 0x5, 0xf1, 0x0,

    /* U+1E0E "Ḏ" */
    0xbf, 0xff, 0xfe, 0xb4, 0x0, 0xbe, 0x77, 0x78,
    0xdf, 0x50, 0xbc, 0x0, 0x0, 0xc, 0xe0, 0xbc,
    0x0, 0x0, 0x3, 0xf6, 0xbc, 0x0, 0x0, 0x0,
    0xfa, 0xbc, 0x0, 0x0, 0x0, 0xdb, 0xbc, 0x0,
    0x0, 0x0, 0xdb, 0xbc, 0x0, 0x0, 0x0, 0xf9,
    0xbc, 0x0, 0x0, 0x3, 0xf6, 0xbc, 0x0, 0x0,
    0xc, 0xe0, 0xbe, 0x77, 0x78, 0xdf, 0x50, 0xbf,
    0xff, 0xfe, 0xb3, 0x0, 0x0, 0x0, 0x0, 0x0,
    0x0, 0x0, 0x44, 0x44, 0x20, 0x0, 0x2, 0xff,
    0xff, 0xb0, 0x0,

    /* U+1E0F "ḏ" */
    0x0, 0x0, 0x0, 0xac, 0x0, 0x0, 0x0, 0xac,
    0x0, 0x0, 0x0, 0xac, 0x0, 0x9e, 0xf9, 0xac,
    0x9, 0xf6, 0x4b, 0xfc, 0x1f, 0x70, 0x0, 0xec,
    0x4f, 0x20, 0x0, 0xac, 0x6f, 0x0, 0x0, 0x8c,
    0x5f, 0x10, 0x0, 0x9c, 0x1f, 0x50, 0x0, 0xdc,
    0x8, 0xe3, 0x18, 0xfc, 0x0, 0x8e, 0xfa, 0x9c,
    0x0, 0x0, 0x0, 0x0, 0x0, 0x44, 0x44, 0x20,
    0x3, 0xff, 0xff, 0xb0,

    /* U+1E10 "Ḑ" */
    0xbf, 0xff, 0xfe, 0xb4, 0x0, 0xbe, 0x77, 0x78,
    0xdf, 0x50, 0xbc, 0x0, 0x0, 0xc, 0xe0, 0xbc,
    0x0, 0x0, 0x3, 0xf6, 0xbc, 0x0, 0x0, 0x0,
    0xfa, 0xbc, 0x0, 0x0, 0x0, 0xdb, 0xbc, 0x0,
    0x0, 0x0, 0xdb, 0xbc, 0x0, 0x0, 0x0, 0xf9,
    0xbc, 0x0, 0x0, 0x3, 0xf6, 0xbc, 0x0, 0x0,
    0xc, 0xf1, 0xbe, 0x66, 0x67, 0xdf, 0x60, 0xbf,
    0xff, 0xff, 0xc4, 0x0, 0x0, 0x6, 0xc1, 0x0,
    0x0, 0x0, 0x1, 0x9d, 0x0, 0x0, 0x0, 0x6f,
    0xe6, 0x0, 0x0,

    /* U+1E11 "ḑ" */
    0x0, 0x0, 0x0, 0xac, 0x0, 0x0, 0x0, 0xac,
    0x0, 0x0, 0x0, 0xac, 0x0, 0x9e, 0xf9, 0xac,
    0x9, 0xf6, 0x4b, 0xfc, 0x1f, 0x60, 0x0, 0xec,
    0x4f, 0x10, 0x0, 0x9c, 0x6f, 0x0, 0x0, 0x8c,
    0x4f, 0x20, 0x0, 0x9c, 0x1f, 0x70, 0x0, 0xec,
    0x9, 0xf8, 0x5c, 0xec, 0x0, 0x9f, 0xf9, 0x8c,
    0x0, 0x7, 0xc1, 0x0, 0x0, 0x0, 0x9c, 0x0,
    0x0, 0x6f, 0xe5, 0x0,

    /* U+1E12 "Ḓ" */
    0xbf, 0xff, 0xfe, 0xb4, 0x0, 0xbe, 0x77, 0x78,
    0xdf, 0x50, 0xbc, 0x0, 0x0, 0xc, 0xe0, 0xbc,
    0x0, 0x0, 0x3, 0xf6, 0xbc, 0x0, 0x0, 0x0,
    0xfa, 0xbc, 0x0, 0x0, 0x0, 0xdb, 0xbc, 0x0,
    0x0, 0x0, 0xdb, 0xbc, 0x0, 0x0, 0x0, 0xf9,
    0xbc, 0x0, 0x0, 0x3, 0xf6, 0xbc, 0x0, 0x0,
    0xc, 0xe0, 0xbe, 0x77, 0x78, 0xdf, 0x50, 0xbf,
    0xff, 0xfe, 0xb3, 0x0, 0x0, 0x0, 0x0, 0x0,
    0x0, 0x0, 0x1d, 0xe5, 0x0, 0x0, 0x0, 0xcb,
    0x4f, 0x40, 0x0,

    /* U+1E13 "ḓ" */
    0x0, 0x0, 0x0, 0xac, 0x0, 0x0, 0x0, 0xac,
    0x0, 0x0, 0x0, 0xac, 0x0, 0x9e, 0xf9, 0xac,
    0x9, 0xf6, 0x4b, 0xfc, 0x1f, 0x70, 0x0, 0xec,
    0x4f, 0x20, 0x0, 0xac, 0x6f, 0x0, 0x0, 0x8c,
    0x5f, 0x10, 0x0, 0x9c, 0x1f, 0x50, 0x0, 0xdc,
    0x8, 0xe3, 0x18, 0xfc, 0x0, 0x8e, 0xfa, 0x9c,
    0x0, 0x0, 0x0, 0x0, 0x0, 0xb, 0xe8, 0x0,
    0x0, 0x9e, 0x2e, 0x70,

    /* U+1E14 "Ḕ" */
    0x0, 0x2f, 0x90, 0x0, 0x0, 0x0, 0x5f, 0x10,
    0x0, 0x0, 0x0, 0x41, 0x0, 0x0, 0x1f, 0xff,
    0xfc, 0x0, 0x0, 0x33, 0x33, 0x20, 0x0, 0x0,
    0x0, 0x0, 0x0, 0xbf, 0xff, 0xff, 0xff, 0x9b,
    0xe7, 0x77, 0x77, 0x74, 0xbc, 0x0, 0x0, 0x0,
    0xb, 0xc0, 0x0, 0x0, 0x0, 0xbc, 0x22, 0x22,
    0x22, 0xb, 0xff, 0xff, 0xff, 0xf2, 0xbd, 0x55,
    0x55, 0x55, 0xb, 0xc0, 0x0, 0x0, 0x0, 0xbc,
    0x0, 0x0, 0x0, 0xb, 0xc0, 0x0, 0x0, 0x0,
    0xbe, 0x77, 0x77, 0x77, 0x5b, 0xff, 0xff, 0xff,
    0xfd,

    /* U+1E15 "ḕ" */
    0x0, 0x25, 0x10, 0x0, 0x0, 0x0, 0xda, 0x0,
    0x0, 0x0, 0x3, 0xf2, 0x0, 0x0, 0x0, 0x0,
    0x0, 0x0, 0x0, 0xdf, 0xff, 0xf0, 0x0, 0x3,
    0x33, 0x33, 0x0, 0x0, 0x0, 0x0, 0x0, 0x0,
    0x7, 0xdf, 0xd5, 0x0, 0x7, 0xf8, 0x48, 0xf5,
    0x0, 0xf9, 0x0, 0x8, 0xe0, 0x4f, 0x40, 0x0,
    0x4f, 0x25, 0xff, 0xff, 0xff, 0xf4, 0x4f, 0x53,
    0x33, 0x33, 0x1, 0xf7, 0x0, 0x5, 0xb1, 0x8,
    0xf7, 0x46, 0xfa, 0x0, 0x7, 0xdf, 0xe8, 0x0,

    /* U+1E16 "Ḗ" */
    0x0, 0x0, 0xbe, 0x10, 0x0, 0x0, 0x2f, 0x30,
    0x0, 0x0, 0x2, 0x40, 0x0, 0x0, 0xf, 0xff,
    0xfd, 0x0, 0x0, 0x33, 0x33, 0x20, 0x0, 0x0,
    0x0, 0x0, 0x0, 0xbf, 0xff, 0xff, 0xff, 0x9b,
    0xe7, 0x77, 0x77, 0x74, 0xbc, 0x0, 0x0, 0x0,
    0xb, 0xc0, 0x0, 0x0, 0x0, 0xbc, 0x22, 0x22,
    0x22, 0xb, 0xff, 0xff, 0xff, 0xf2, 0xbd, 0x55,
    0x55, 0x55, 0xb, 0xc0, 0x0, 0x0, 0x0, 0xbc,
    0x0, 0x0, 0x0, 0xb, 0xc0, 0x0, 0x0, 0x0,
    0xbe, 0x77, 0x77, 0x77, 0x5b, 0xff, 0xff, 0xff,
    0xfd,

    /* U+1E17 "ḗ" */
    0x0, 0x0, 0x25, 0x10, 0x0, 0x0, 0xb, 0xd0,
    0x0, 0x0, 0x2, 0xf2, 0x0, 0x0, 0x0, 0x0,
    0x0, 0x0, 0x0, 0xdf, 0xff, 0xf0, 0x0, 0x3,
    0x33, 0x33, 0x0, 0x0, 0x0, 0x0, 0x0, 0x0,
    0x7, 0xdf, 0xd5, 0x0, 0x7, 0xf8, 0x48, 0xf5,
    0x0, 0xf9, 0x0, 0x8, 0xe0, 0x4f, 0x40, 0x0,
    0x4f, 0x25, 0xff, 0xff, 0xff, 0xf4, 0x4f, 0x53,
    0x33, 0x33, 0x1, 0xf7, 0x0, 0x5, 0xb1, 0x8,
    0xf7, 0x46, 0xfa, 0x0, 0x7, 0xdf, 0xe8, 0x0,

    /* U+1E18 "Ḙ" */
    0xbf, 0xff, 0xff, 0xff, 0x9b, 0xe7, 0x77, 0x77,
    0x74, 0xbc, 0x0, 0x0, 0x0, 0xb, 0xc0, 0x0,
    0x0, 0x0, 0xbc, 0x22, 0x22, 0x22, 0xb, 0xff,
    0xff, 0xff, 0xf2, 0xbd, 0x55, 0x55, 0x55, 0xb,
    0xc0, 0x0, 0x0, 0x0, 0xbc, 0x0, 0x0, 0x0,
    0xb, 0xc0, 0x0, 0x0, 0x0, 0xbe, 0x77, 0x77,
    0x77, 0x5b, 0xff, 0xff, 0xff, 0xfd, 0x0, 0x0,
    0x0, 0x0, 0x0, 0x0, 0xbe, 0x80, 0x0, 0x0,
    0x9e, 0x2e, 0x70, 0x0,

    /* U+1E19 "ḙ" */
    0x0, 0x7d, 0xfd, 0x70, 0x0, 0x7e, 0x64, 0x6e,
    0x90, 0xf, 0x50, 0x0, 0x5f, 0x14, 0xff, 0xff,
    0xff, 0xf3, 0x5f, 0x43, 0x33, 0x33, 0x4, 0xf4,
    0x0, 0x1, 0x40, 0x1f, 0xa0, 0x0, 0x9f, 0x0,
    0x8f, 0x94, 0x7f, 0x70, 0x0, 0x7d, 0xfd, 0x70,
    0x0, 0x0, 0x1, 0x0, 0x0, 0x0, 0x9, 0xfc,
    0x0, 0x0, 0x6, 0xf3, 0xcb, 0x0,

    /* U+1E1A "Ḛ" */
    0xbf, 0xff, 0xff, 0xff, 0x9b, 0xe7, 0x77, 0x77,
    0x74, 0xbc, 0x0, 0x0, 0x0, 0xb, 0xc0, 0x0,
    0x0, 0x0, 0xbc, 0x22, 0x22, 0x22, 0xb, 0xff,
    0xff, 0xff, 0xf2, 0xbd, 0x55, 0x55, 0x55, 0xb,
    0xc0, 0x0, 0x0, 0x0, 0xbc, 0x0, 0x0, 0x0,
    0xb, 0xc0, 0x0, 0x0, 0x0, 0xbe, 0x77, 0x77,
    0x77, 0x5b, 0xff, 0xff, 0xff, 0xfd, 0x0, 0x0,
    0x0, 0x0, 0x0, 0x7, 0xea, 0x4e, 0x10, 0x0,
    0xf4, 0x8e, 0x90, 0x0,

    /* U+1E1B "ḛ" */
    0x0, 0x7d, 0xfd, 0x50, 0x0, 0x7f, 0x84, 0x8f,
    0x50, 0xf, 0x90, 0x0, 0x8e, 0x4, 0xf4, 0x0,
    0x4, 0xf2, 0x5f, 0xff, 0xff, 0xff, 0x44, 0xf5,
    0x33, 0x33, 0x30, 0x1f, 0x70, 0x0, 0x5b, 0x10,
    0x8f, 0x74, 0x6f, 0xa0, 0x0, 0x7d, 0xfe, 0x80,
    0x0, 0x0, 0x0, 0x0, 0x0, 0x0, 0x6e, 0xa4,
    0xe2, 0x0, 0xf, 0x58, 0xea, 0x0,

    /* U+1E1C "Ḝ" */
    0x0, 0x88, 0x4, 0xc0, 0x0, 0x1, 0xdf, 0xe4,
    0x0, 0x0, 0x0, 0x10, 0x0, 0x0, 0x0, 0x0,
    0x0, 0x0, 0xbf, 0xff, 0xff, 0xff, 0x9b, 0xe7,
    0x77, 0x77, 0x74, 0xbc, 0x0, 0x0, 0x0, 0xb,
    0xc0, 0x0, 0x0, 0x0, 0xbc, 0x22, 0x22, 0x22,
    0xb, 0xff, 0xff, 0xff, 0xf2, 0xbd, 0x55, 0x55,
    0x55, 0xb, 0xc0, 0x0, 0x0, 0x0, 0xbc, 0x0,
    0x0, 0x0, 0xb, 0xc0, 0x0, 0x0, 0x0, 0xbe,
    0x77, 0x77, 0x77, 0x5b, 0xff, 0xff, 0xff, 0xfd,
    0x0, 0x1, 0xf3, 0x0, 0x0, 0x0, 0x4, 0xf2,
    0x0, 0x0, 0x1f, 0xfa, 0x0, 0x0,

    /* U+1E1D "ḝ" */
    0x0, 0x5d, 0xee, 0x80, 0x0, 0x0, 0x0, 0x0,
    0x0, 0x0, 0x0, 0x0, 0x0, 0x0, 0x7, 0xdf,
    0xd7, 0x0, 0x8, 0xe6, 0x46, 0xe9, 0x1, 0xf5,
    0x0, 0x5, 0xf1, 0x4f, 0xff, 0xff, 0xff, 0x35,
    0xf4, 0x33, 0x33, 0x30, 0x4f, 0x40, 0x0, 0x14,
    0x0, 0xfb, 0x0, 0x9, 0xf0, 0x7, 0xfa, 0x59,
    0xf7, 0x0, 0x5, 0xbf, 0xb5, 0x0, 0x0, 0x4,
    0xe5, 0x0, 0x0, 0x0, 0x6, 0xf0, 0x0, 0x0,
    0x3f, 0xe8, 0x0, 0x0,

    /* U+1E1E "Ḟ" */
    0x0, 0xa, 0xd0, 0x0, 0x0, 0x0, 0x79, 0x0,
    0x0, 0x0, 0x0, 0x0, 0x0, 0xb, 0xff, 0xff,
    0xff, 0xf0, 0xbe, 0x77, 0x77, 0x77, 0xb, 0xc0,
    0x0, 0x0, 0x0, 0xbc, 0x0, 0x0, 0x0, 0xb,
    0xd2, 0x22, 0x22, 0x0, 0xbf, 0xff, 0xff, 0xf3,
    0xb, 0xd5, 0x55, 0x55, 0x0, 0xbc, 0x0, 0x0,
    0x0, 0xb, 0xc0, 0x0, 0x0, 0x0, 0xbc, 0x0,
    0x0, 0x0, 0xb, 0xc0, 0x0, 0x0, 0x0, 0xbc,
    0x0, 0x0, 0x0, 0x0,

    /* U+1E1F "ḟ" */
    0x0, 0xbc, 0x0, 0x7, 0x80, 0x0, 0x0, 0x0,
    0x2c, 0xfd, 0x8, 0xf7, 0x50, 0x9c, 0x0, 0xef,
    0xff, 0x62, 0xad, 0x20, 0xa, 0xc0, 0x0, 0xac,
    0x0, 0xa, 0xc0, 0x0, 0xac, 0x0, 0xa, 0xc0,
    0x0, 0xac, 0x0, 0xa, 0xc0, 0x0,

    /* U+1E20 "Ḡ" */
    0x0, 0x5, 0xff, 0xff, 0x0, 0x0, 0x0, 0x3,
    0x33, 0x20, 0x0, 0x0, 0x0, 0x0, 0x0, 0x0,
    0x0, 0x0, 0x6c, 0xfe, 0xb3, 0x0, 0x0, 0xaf,
    0xa7, 0x7c, 0xf4, 0x0, 0x6f, 0x40, 0x0, 0xa,
    0xe0, 0xd, 0xa0, 0x0, 0x0, 0x2d, 0x31, 0xf5,
    0x0, 0x0, 0x0, 0x0, 0x3f, 0x30, 0x0, 0x11,
    0x11, 0x3, 0xf3, 0x0, 0x2f, 0xff, 0xf6, 0x2f,
    0x50, 0x0, 0x44, 0x4f, 0x60, 0xd9, 0x0, 0x0,
    0x2, 0xf6, 0x7, 0xf4, 0x0, 0x0, 0xbf, 0x60,
    0xb, 0xfa, 0x67, 0xdc, 0xb6, 0x0, 0x7, 0xdf,
    0xe9, 0xa, 0x60,

    /* U+1E21 "ḡ" */
    0x0, 0x9f, 0xff, 0xa0, 0x0, 0x1, 0x33, 0x32,
    0x0, 0x0, 0x0, 0x0, 0x0, 0x0, 0x7, 0xdf,
    0xc3, 0xf3, 0x8, 0xf9, 0x59, 0xef, 0x30, 0xf8,
    0x0, 0x8, 0xf3, 0x3f, 0x30, 0x0, 0x2f, 0x34,
    0xf2, 0x0, 0x2, 0xf3, 0x1f, 0x60, 0x0, 0x6f,
    0x30, 0xae, 0x51, 0x5e, 0xf3, 0x0, 0xaf, 0xff,
    0x7f, 0x30, 0x52, 0x13, 0x4, 0xf2, 0xa, 0xe7,
    0x57, 0xeb, 0x0, 0x7, 0xef, 0xe9, 0x10,

    /* U+1E22 "Ḣ" */
    0x0, 0x0, 0xda, 0x0, 0x0, 0x0, 0x0, 0x97,
    0x0, 0x0, 0x0, 0x0, 0x0, 0x0, 0x0, 0xbc,
    0x0, 0x0, 0x4, 0xf4, 0xbc, 0x0, 0x0, 0x4,
    0xf4, 0xbc, 0x0, 0x0, 0x4, 0xf4, 0xbc, 0x0,
    0x0, 0x4, 0xf4, 0xbd, 0x22, 0x22, 0x25, 0xf4,
    0xbf, 0xff, 0xff, 0xff, 0xf4, 0xbd, 0x55, 0x55,
    0x57, 0xf4, 0xbc, 0x0, 0x0, 0x4, 0xf4, 0xbc,
    0x0, 0x0, 0x4, 0xf4, 0xbc, 0x0, 0x0, 0x4,
    0xf4, 0xbc, 0x0, 0x0, 0x4, 0xf4, 0xbc, 0x0,
    0x0, 0x4, 0xf4,

    /* U+1E23 "ḣ" */
    0xe8, 0x0, 0x0, 0xa, 0x50, 0x0, 0x0, 0x0,
    0x0, 0x0, 0xe, 0x70, 0x0, 0x0, 0xe7, 0x0,
    0x0, 0xe, 0x70, 0x0, 0x0, 0xe8, 0x9f, 0xe9,
    0xe, 0xfb, 0x58, 0xf8, 0xed, 0x0, 0xb, 0xce,
    0x90, 0x0, 0x9d, 0xe7, 0x0, 0x9, 0xde, 0x70,
    0x0, 0x9d, 0xe7, 0x0, 0x9, 0xde, 0x70, 0x0,
    0x9d, 0xe7, 0x0, 0x9, 0xd0,

    /* U+1E24 "Ḥ" */
    0xbc, 0x0, 0x0, 0x4, 0xf4, 0xbc, 0x0, 0x0,
    0x4, 0xf4, 0xbc, 0x0, 0x0, 0x4, 0xf4, 0xbd,
    0x22, 0x22, 0x25, 0xf4, 0xbf, 0xff, 0xff, 0xff,
    0xf4, 0xbd, 0x55, 0x55, 0x57, 0xf4, 0xbc, 0x0,
    0x0, 0x4, 0xf4, 0xbc, 0x0, 0x0, 0x4, 0xf4,
    0xbc, 0x0, 0x0, 0x4, 0xf4, 0xbc, 0x0, 0x0,
    0x4, 0xf4, 0xbc, 0x0, 0x0, 0x4, 0xf4, 0xbc,
    0x0, 0x0, 0x4, 0xf4, 0x0, 0x0, 0x0, 0x0,
    0x0, 0x0, 0x0, 0x97, 0x0, 0x0, 0x0, 0x0,
    0xda, 0x0, 0x0,

    /* U+1E25 "ḥ" */
    0xe7, 0x0, 0x0, 0xe, 0x70, 0x0, 0x0, 0xe7,
    0x0, 0x0, 0xe, 0x89, 0xfe, 0x90, 0xef, 0xb5,
    0x8f, 0x8e, 0xd0, 0x0, 0xbc, 0xe9, 0x0, 0x9,
    0xde, 0x70, 0x0, 0x9d, 0xe7, 0x0, 0x9, 0xde,
    0x70, 0x0, 0x9d, 0xe7, 0x0, 0x9, 0xde, 0x70,
    0x0, 0x9d, 0x0, 0x0, 0x0, 0x0, 0x2, 0xb2,
    0x0, 0x0, 0x3f, 0x40, 0x0,

    /* U+1E26 "Ḧ" */
    0x0, 0x6f, 0x17, 0xf0, 0x0, 0x0, 0x4b, 0x5,
    0xa0, 0x0, 0x0, 0x0, 0x0, 0x0, 0x0, 0xbc,
    0x0, 0x0, 0x4, 0xf4, 0xbc, 0x0, 0x0, 0x4,
    0xf4, 0xbc, 0x0, 0x0, 0x4, 0xf4, 0xbc, 0x0,
    0x0, 0x4, 0xf4, 0xbd, 0x22, 0x22, 0x25, 0xf4,
    0xbf, 0xff, 0xff, 0xff, 0xf4, 0xbd, 0x55, 0x55,
    0x57, 0xf4, 0xbc, 0x0, 0x0, 0x4, 0xf4, 0xbc,
    0x0, 0x0, 0x4, 0xf4, 0xbc, 0x0, 0x0, 0x4,
    0xf4, 0xbc, 0x0, 0x0, 0x4, 0xf4, 0xbc, 0x0,
    0x0, 0x4, 0xf4,

    /* U+1E27 "ḧ" */
    0xa, 0xc0, 0xca, 0x0, 0x78, 0x8, 0x70, 0x0,
    0x0, 0x0, 0xe, 0x70, 0x0, 0x0, 0xe7, 0x0,
    0x0, 0xe, 0x70, 0x0, 0x0, 0xe8, 0x9f, 0xe9,
    0xe, 0xfb, 0x58, 0xf8, 0xed, 0x0, 0xb, 0xce,
    0x90, 0x0, 0x9d, 0xe7, 0x0, 0x9, 0xde, 0x70,
    0x0, 0x9d, 0xe7, 0x0, 0x9, 0xde, 0x70, 0x0,
    0x9d, 0xe7, 0x0, 0x9, 0xd0,

    /* U+1E28 "Ḩ" */
    0xb, 0xc0, 0x0, 0x0, 0x4f, 0x40, 0xbc, 0x0,
    0x0, 0x4, 0xf4, 0xb, 0xc0, 0x0, 0x0, 0x4f,
    0x40, 0xbd, 0x22, 0x22, 0x25, 0xf4, 0xb, 0xff,
    0xff, 0xff, 0xff, 0x40, 0xbd, 0x55, 0x55, 0x57,
    0xf4, 0xb, 0xc0, 0x0, 0x0, 0x4f, 0x40, 0xbc,
    0x0, 0x0, 0x4, 0xf4, 0xb, 0xc0, 0x0, 0x0,
    0x4f, 0x40, 0xbc, 0x0, 0x0, 0x4, 0xf4, 0xb,
    0xc0, 0x0, 0x0, 0x4f, 0x40, 0xbc, 0x0, 0x0,
    0x4, 0xf4, 0x8, 0xb1, 0x0, 0x0, 0x0, 0x0,
    0x1b, 0xb0, 0x0, 0x0, 0x0, 0x7f, 0xd5, 0x0,
    0x0, 0x0, 0x0,

    /* U+1E29 "ḩ" */
    0xe, 0x70, 0x0, 0x0, 0xe, 0x70, 0x0, 0x0,
    0xe, 0x70, 0x0, 0x0, 0xe, 0x89, 0xfe, 0x90,
    0xe, 0xfb, 0x58, 0xf8, 0xe, 0xd0, 0x0, 0xbc,
    0xe, 0x90, 0x0, 0x9d, 0xe, 0x70, 0x0, 0x9d,
    0xe, 0x70, 0x0, 0x9d, 0xe, 0x70, 0x0, 0x9d,
    0xe, 0x70, 0x0, 0x9d, 0xe, 0x70, 0x0, 0x9d,
    0xe, 0x60, 0x0, 0x0, 0x3, 0xf5, 0x0, 0x0,
    0xef, 0xb1, 0x0, 0x0,

    /* U+1E2A "Ḫ" */
    0xbc, 0x0, 0x0, 0x4, 0xf4, 0xbc, 0x0, 0x0,
    0x4, 0xf4, 0xbc, 0x0, 0x0, 0x4, 0xf4, 0xbc,
    0x0, 0x0, 0x4, 0xf4, 0xbd, 0x22, 0x22, 0x25,
    0xf4, 0xbf, 0xff, 0xff, 0xff, 0xf4, 0xbd, 0x55,
    0x55, 0x57, 0xf4, 0xbc, 0x0, 0x0, 0x4, 0xf4,
    0xbc, 0x0, 0x0, 0x4, 0xf4, 0xbc, 0x0, 0x0,
    0x4, 0xf4, 0xbc, 0x0, 0x0, 0x4, 0xf4, 0xbc,
    0x0, 0x0, 0x4, 0xf4, 0x0, 0x0, 0x0, 0x0,
    0x0, 0x0, 0x5b, 0x14, 0xe0, 0x0, 0x0, 0xa,
    0xfd, 0x50, 0x0,

    /* U+1E2B "ḫ" */
    0xe7, 0x0, 0x0, 0xe, 0x70, 0x0, 0x0, 0xe7,
    0x0, 0x0, 0xe, 0x89, 0xfe, 0x90, 0xef, 0xb5,
    0x8f, 0x8e, 0xd0, 0x0, 0xbc, 0xe9, 0x0, 0x9,
    0xde, 0x70, 0x0, 0x9d, 0xe7, 0x0, 0x9, 0xde,
    0x70, 0x0, 0x9d, 0xe7, 0x0, 0x9, 0xde, 0x70,
    0x0, 0x9d, 0x0, 0x0, 0x0, 0x0, 0xb6, 0x19,
    0x90, 0x3, 0xcf, 0xb1, 0x0,

    /* U+1E2C "Ḭ" */
    0x0, 0x8f, 0x0, 0x0, 0x8f, 0x0, 0x0, 0x8f,
    0x0, 0x0, 0x8f, 0x0, 0x0, 0x8f, 0x0, 0x0,
    0x8f, 0x0, 0x0, 0x8f, 0x0, 0x0, 0x8f, 0x0,
    0x0, 0x8f, 0x0, 0x0, 0x8f, 0x0, 0x0, 0x8f,
    0x0, 0x0, 0x8f, 0x0, 0x0, 0x0, 0x0, 0xb,
    0xd7, 0x7a, 0x6c, 0x4b, 0xe4,

    /* U+1E2D "ḭ" */
    0x0, 0xe7, 0x0, 0x0, 0xa5, 0x0, 0x0, 0x0,
    0x0, 0x0, 0xe7, 0x0, 0x0, 0xe7, 0x0, 0x0,
    0xe7, 0x0, 0x0, 0xe7, 0x0, 0x0, 0xe7, 0x0,
    0x0, 0xe7, 0x0, 0x0, 0xe7, 0x0, 0x0, 0xe7,
    0x0, 0x0, 0xe7, 0x0, 0x0, 0x0, 0x0, 0x5e,
    0xb4, 0xd3, 0xd6, 0x7e, 0xb0,

    /* U+1E2E "Ḯ" */
    0x0, 0xdd, 0x0, 0x4f, 0x20, 0x3, 0x30, 0xf,
    0x80, 0xf6, 0xa5, 0xb, 0x40, 0x0, 0x0, 0x8,
    0xf0, 0x0, 0x8f, 0x0, 0x8, 0xf0, 0x0, 0x8f,
    0x0, 0x8, 0xf0, 0x0, 0x8f, 0x0, 0x8, 0xf0,
    0x0, 0x8f, 0x0, 0x8, 0xf0, 0x0, 0x8f, 0x0,
    0x8, 0xf0, 0x0, 0x8f, 0x0,

    /* U+1E2F "ḯ" */
    0x0, 0x35, 0x0, 0xf, 0x90, 0x6, 0xd0, 0x0,
    0x0, 0x0, 0xe8, 0xf, 0x69, 0x50, 0xb4, 0x0,
    0x0, 0x0, 0x7e, 0x0, 0x7, 0xe0, 0x0, 0x7e,
    0x0, 0x7, 0xe0, 0x0, 0x7e, 0x0, 0x7, 0xe0,
    0x0, 0x7e, 0x0, 0x7, 0xe0, 0x0, 0x7e, 0x0,

    /* U+1E30 "Ḱ" */
    0x0, 0x0, 0x44, 0x0, 0x0, 0x0, 0x3, 0xf6,
    0x0, 0x0, 0x0, 0xa, 0xa0, 0x0, 0x0, 0x0,
    0x0, 0x0, 0x0, 0x0, 0xdb, 0x0, 0x0, 0x2e,
    0xd1, 0xdb, 0x0, 0x2, 0xed, 0x10, 0xdb, 0x0,
    0x1e, 0xd1, 0x0, 0xdb, 0x1, 0xdd, 0x10, 0x0,
    0xdb, 0x1d, 0xe1, 0x0, 0x0, 0xdc, 0xcf, 0xf2,
    0x0, 0x0, 0xdf, 0xe3, 0xfc, 0x0, 0x0, 0xde,
    0x20, 0x6f, 0x70, 0x0, 0xdb, 0x0, 0xb, 0xf3,
    0x0, 0xdb, 0x0, 0x1, 0xed, 0x0, 0xdb, 0x0,
    0x0, 0x5f, 0x90, 0xdb, 0x0, 0x0, 0xb, 0xf4,

    /* U+1E31 "ḱ" */
    0x0, 0x54, 0x0, 0x0, 0x4f, 0x50, 0x0, 0xb,
    0x90, 0x0, 0x0, 0x0, 0x0, 0x0, 0xf7, 0x0,
    0x0, 0xf, 0x70, 0x0, 0x0, 0xf7, 0x0, 0x0,
    0xf, 0x70, 0xa, 0xf3, 0xf7, 0x9, 0xf3, 0xf,
    0x77, 0xf4, 0x0, 0xfd, 0xfa, 0x0, 0xf, 0xfb,
    0xf2, 0x0, 0xf8, 0xd, 0xc0, 0xf, 0x70, 0x4f,
    0x60, 0xf7, 0x0, 0xae, 0x1f, 0x70, 0x1, 0xfa,

    /* U+1E32 "Ḳ" */
    0xdb, 0x0, 0x0, 0x2e, 0xd1, 0xdb, 0x0, 0x2,
    0xed, 0x10, 0xdb, 0x0, 0x1e, 0xd1, 0x0, 0xdb,
    0x1, 0xdd, 0x10, 0x0, 0xdb, 0x1d, 0xe1, 0x0,
    0x0, 0xdc, 0xcf, 0xf2, 0x0, 0x0, 0xdf, 0xe3,
    0xfc, 0x0, 0x0, 0xde, 0x20, 0x6f, 0x70, 0x0,
    0xdb, 0x0, 0xb, 0xf3, 0x0, 0xdb, 0x0, 0x1,
    0xed, 0x0, 0xdb, 0x0, 0x0, 0x5f, 0x90, 0xdb,
    0x0, 0x0, 0xb, 0xf4, 0x0, 0x0, 0x0, 0x0,
    0x0, 0x0, 0x5, 0xa0, 0x0, 0x0, 0x0, 0x8,
    0xe0, 0x0, 0x0,

    /* U+1E33 "ḳ" */
    0xf7, 0x0, 0x0, 0xf, 0x70, 0x0, 0x0, 0xf7,
    0x0, 0x0, 0xf, 0x70, 0xa, 0xf3, 0xf7, 0x9,
    0xf3, 0xf, 0x77, 0xf4, 0x0, 0xfd, 0xfa, 0x0,
    0xf, 0xfb, 0xf2, 0x0, 0xf8, 0xd, 0xc0, 0xf,
    0x70, 0x4f, 0x60, 0xf7, 0x0, 0xae, 0x1f, 0x70,
    0x1, 0xfa, 0x0, 0x0, 0x0, 0x0, 0x7, 0x80,
    0x0, 0x0, 0xac, 0x0, 0x0,

    /* U+1E34 "Ḵ" */
    0xdb, 0x0, 0x0, 0x2e, 0xd1, 0xdb, 0x0, 0x2,
    0xed, 0x10, 0xdb, 0x0, 0x1e, 0xd1, 0x0, 0xdb,
    0x1, 0xdd, 0x10, 0x0, 0xdb, 0x1d, 0xe1, 0x0,
    0x0, 0xdc, 0xcf, 0xf2, 0x0, 0x0, 0xdf, 0xe3,
    0xfc, 0x0, 0x0, 0xde, 0x20, 0x6f, 0x70, 0x0,
    0xdb, 0x0, 0xb, 0xf3, 0x0, 0xdb, 0x0, 0x1,
    0xed, 0x0, 0xdb, 0x0, 0x0, 0x5f, 0x90, 0xdb,
    0x0, 0x0, 0xb, 0xf4, 0x0, 0x0, 0x0, 0x0,
    0x0, 0x0, 0x34, 0x44, 0x30, 0x0, 0x0, 0xff,
    0xff, 0xe0, 0x0,

    /* U+1E35 "ḵ" */
    0xf7, 0x0, 0x0, 0xf, 0x70, 0x0, 0x0, 0xf7,
    0x0, 0x0, 0xf, 0x70, 0xa, 0xf3, 0xf7, 0x9,
    0xf3, 0xf, 0x77, 0xf4, 0x0, 0xfd, 0xfa, 0x0,
    0xf, 0xfb, 0xf2, 0x0, 0xf8, 0xd, 0xc0, 0xf,
    0x70, 0x4f, 0x60, 0xf7, 0x0, 0xae, 0x1f, 0x70,
    0x1, 0xfa, 0x0, 0x0, 0x0, 0x0, 0x44, 0x44,
    0x30, 0x1f, 0xff, 0xfc, 0x0,

    /* U+1E36 "Ḷ" */
    0xcb, 0x0, 0x0, 0x0, 0xcb, 0x0, 0x0, 0x0,
    0xcb, 0x0, 0x0, 0x0, 0xcb, 0x0, 0x0, 0x0,
    0xcb, 0x0, 0x0, 0x0, 0xcb, 0x0, 0x0, 0x0,
    0xcb, 0x0, 0x0, 0x0, 0xcb, 0x0, 0x0, 0x0,
    0xcb, 0x0, 0x0, 0x0, 0xcb, 0x0, 0x0, 0x0,
    0xcd, 0x77, 0x77, 0x72, 0xcf, 0xff, 0xff, 0xf6,
    0x0, 0x0, 0x0, 0x0, 0x0, 0xb, 0x40, 0x0,
    0x0, 0xf, 0x60, 0x0,

    /* U+1E37 "ḷ" */
    0xe7, 0xe7, 0xe7, 0xe7, 0xe7, 0xe7, 0xe7, 0xe7,
    0xe7, 0xe7, 0xe7, 0xe7, 0x0, 0xa5, 0xe8,

    /* U+1E38 "Ḹ" */
    0x0, 0x0, 0x0, 0x0, 0xc, 0xff, 0xff, 0x10,
    0x2, 0x33, 0x33, 0x0, 0x0, 0x0, 0x0, 0x0,
    0xcb, 0x0, 0x0, 0x0, 0xcb, 0x0, 0x0, 0x0,
    0xcb, 0x0, 0x0, 0x0, 0xcb, 0x0, 0x0, 0x0,
    0xcb, 0x0, 0x0, 0x0, 0xcb, 0x0, 0x0, 0x0,
    0xcb, 0x0, 0x0, 0x0, 0xcb, 0x0, 0x0, 0x0,
    0xcb, 0x0, 0x0, 0x0, 0xcb, 0x0, 0x0, 0x0,
    0xcd, 0x77, 0x77, 0x72, 0xcf, 0xff, 0xff, 0xf6,
    0x0, 0x0, 0x0, 0x0, 0x0, 0xb, 0x40, 0x0,
    0x0, 0xf, 0x60, 0x0,

    /* U+1E39 "ḹ" */
    0x0, 0x0, 0x0, 0xaf, 0xff, 0xf3, 0x23, 0x33,
    0x30, 0x0, 0x0, 0x0, 0x0, 0xe7, 0x0, 0x0,
    0xe7, 0x0, 0x0, 0xe7, 0x0, 0x0, 0xe7, 0x0,
    0x0, 0xe7, 0x0, 0x0, 0xe7, 0x0, 0x0, 0xe7,
    0x0, 0x0, 0xe7, 0x0, 0x0, 0xe7, 0x0, 0x0,
    0xe7, 0x0, 0x0, 0xe7, 0x0, 0x0, 0xe7, 0x0,
    0x0, 0x0, 0x0, 0x0, 0xa5, 0x0, 0x0, 0xe8,
    0x0,

    /* U+1E3A "Ḻ" */
    0xcb, 0x0, 0x0, 0x0, 0xcb, 0x0, 0x0, 0x0,
    0xcb, 0x0, 0x0, 0x0, 0xcb, 0x0, 0x0, 0x0,
    0xcb, 0x0, 0x0, 0x0, 0xcb, 0x0, 0x0, 0x0,
    0xcb, 0x0, 0x0, 0x0, 0xcb, 0x0, 0x0, 0x0,
    0xcb, 0x0, 0x0, 0x0, 0xcb, 0x0, 0x0, 0x0,
    0xcd, 0x77, 0x77, 0x72, 0xcf, 0xff, 0xff, 0xf6,
    0x0, 0x0, 0x0, 0x0, 0x2, 0x44, 0x44, 0x0,
    0xb, 0xff, 0xff, 0x20,

    /* U+1E3B "ḻ" */
    0x0, 0xe7, 0x0, 0x0, 0xe7, 0x0, 0x0, 0xe7,
    0x0, 0x0, 0xe7, 0x0, 0x0, 0xe7, 0x0, 0x0,
    0xe7, 0x0, 0x0, 0xe7, 0x0, 0x0, 0xe7, 0x0,
    0x0, 0xe7, 0x0, 0x0, 0xe7, 0x0, 0x0, 0xe7,
    0x0, 0x0, 0xe7, 0x0, 0x0, 0x0, 0x0, 0x24,
    0x44, 0x40, 0xbf, 0xff, 0xf3,

    /* U+1E3C "Ḽ" */
    0xcb, 0x0, 0x0, 0x0, 0xcb, 0x0, 0x0, 0x0,
    0xcb, 0x0, 0x0, 0x0, 0xcb, 0x0, 0x0, 0x0,
    0xcb, 0x0, 0x0, 0x0, 0xcb, 0x0, 0x0, 0x0,
    0xcb, 0x0, 0x0, 0x0, 0xcb, 0x0, 0x0, 0x0,
    0xcb, 0x0, 0x0, 0x0, 0xcb, 0x0, 0x0, 0x0,
    0xcd, 0x77, 0x77, 0x72, 0xcf, 0xff, 0xff, 0xf6,
    0x0, 0x0, 0x0, 0x0, 0x0, 0x5e, 0xd1, 0x0,
    0x3, 0xf5, 0xac, 0x0,

    /* U+1E3D "ḽ" */
    0x0, 0xe7, 0x0, 0x0, 0xe7, 0x0, 0x0, 0xe7,
    0x0, 0x0, 0xe7, 0x0, 0x0, 0xe7, 0x0, 0x0,
    0xe7, 0x0, 0x0, 0xe7, 0x0, 0x0, 0xe7, 0x0,
    0x0, 0xe7, 0x0, 0x0, 0xe7, 0x0, 0x0, 0xe7,
    0x0, 0x0, 0xe7, 0x0, 0x0, 0x0, 0x0, 0x5,
    0xed, 0x10, 0x3f, 0x5a, 0xd0,

    /* U+1E3E "Ḿ" */
    0x0, 0x0, 0x0, 0x53, 0x0, 0x0, 0x0, 0x0,
    0x6, 0xf3, 0x0, 0x0, 0x0, 0x0, 0xd, 0x60,
    0x0, 0x0, 0x0, 0x0, 0x0, 0x0, 0x0, 0x0,
    0xcf, 0xa0, 0x0, 0x0, 0x1f, 0xf1, 0xcf, 0xf0,
    0x0, 0x0, 0x6f, 0xf1, 0xcb, 0xf4, 0x0, 0x0,
    0xbc, 0xf1, 0xca, 0xc9, 0x0, 0x1, 0xf7, 0xf1,
    0xca, 0x6e, 0x0, 0x6, 0xc5, 0xf1, 0xca, 0x1f,
    0x30, 0xb, 0x75, 0xf1, 0xca, 0xc, 0x90, 0xf,
    0x25, 0xf1, 0xca, 0x7, 0xe0, 0x5d, 0x5, 0xf1,
    0xca, 0x2, 0xf3, 0xb7, 0x5, 0xf1, 0xca, 0x0,
    0xd8, 0xf2, 0x5, 0xf1, 0xca, 0x0, 0x8f, 0xd0,
    0x5, 0xf1, 0xca, 0x0, 0x2f, 0x80, 0x5, 0xf1,

    /* U+1E3F "ḿ" */
    0x0, 0x0, 0x1, 0xfa, 0x0, 0x0, 0x0, 0x0,
    0x7, 0xd0, 0x0, 0x0, 0x0, 0x0, 0x4, 0x20,
    0x0, 0x0, 0xf6, 0xbf, 0xe7, 0x2b, 0xfd, 0x50,
    0xff, 0x72, 0x8f, 0xe6, 0x2a, 0xf1, 0xfb, 0x0,
    0x1f, 0x90, 0x2, 0xf4, 0xf7, 0x0, 0xf, 0x60,
    0x1, 0xf5, 0xf7, 0x0, 0xf, 0x60, 0x1, 0xf5,
    0xf7, 0x0, 0xf, 0x60, 0x1, 0xf5, 0xf7, 0x0,
    0xf, 0x60, 0x1, 0xf5, 0xf7, 0x0, 0xf, 0x60,
    0x1, 0xf5, 0xf7, 0x0, 0xf, 0x60, 0x1, 0xf5,

    /* U+1E40 "Ṁ" */
    0x0, 0x0, 0xf, 0x60, 0x0, 0x0, 0x0, 0x0,
    0xb, 0x40, 0x0, 0x0, 0x0, 0x0, 0x0, 0x0,
    0x0, 0x0, 0xcf, 0xa0, 0x0, 0x0, 0x1f, 0xf1,
    0xcf, 0xf0, 0x0, 0x0, 0x6f, 0xf1, 0xcb, 0xf4,
    0x0, 0x0, 0xbc, 0xf1, 0xca, 0xc9, 0x0, 0x1,
    0xf7, 0xf1, 0xca, 0x6e, 0x0, 0x6, 0xc5, 0xf1,
    0xca, 0x1f, 0x30, 0xb, 0x75, 0xf1, 0xca, 0xc,
    0x90, 0xf, 0x25, 0xf1, 0xca, 0x7, 0xe0, 0x5d,
    0x5, 0xf1, 0xca, 0x2, 0xf3, 0xb7, 0x5, 0xf1,
    0xca, 0x0, 0xd8, 0xf2, 0x5, 0xf1, 0xca, 0x0,
    0x8f, 0xd0, 0x5, 0xf1, 0xca, 0x0, 0x2f, 0x80,
    0x5, 0xf1,

    /* U+1E41 "ṁ" */
    0x0, 0x0, 0xe, 0x80, 0x0, 0x0, 0x0, 0x0,
    0x9, 0x50, 0x0, 0x0, 0x0, 0x0, 0x0, 0x0,
    0x0, 0x0, 0xf6, 0xbf, 0xe7, 0x2b, 0xfd, 0x50,
    0xff, 0x72, 0x8f, 0xe6, 0x2a, 0xf1, 0xfb, 0x0,
    0x1f, 0x90, 0x2, 0xf4, 0xf7, 0x0, 0xf, 0x60,
    0x1, 0xf5, 0xf7, 0x0, 0xf, 0x60, 0x1, 0xf5,
    0xf7, 0x0, 0xf, 0x60, 0x1, 0xf5, 0xf7, 0x0,
    0xf, 0x60, 0x1, 0xf5, 0xf7, 0x0, 0xf, 0x60,
    0x1, 0xf5, 0xf7, 0x0, 0xf, 0x60, 0x1, 0xf5,

    /* U+1E42 "Ṃ" */
    0xcf, 0xa0, 0x0, 0x0, 0x1f, 0xf1, 0xcf, 0xf0,
    0x0, 0x0, 0x6f, 0xf1, 0xcb, 0xf4, 0x0, 0x0,
    0xbc, 0xf1, 0xca, 0xc9, 0x0, 0x1, 0xf7, 0xf1,
    0xca, 0x6e, 0x0, 0x6, 0xc5, 0xf1, 0xca, 0x1f,
    0x30, 0xb, 0x75, 0xf1, 0xca, 0xc, 0x90, 0xf,
    0x25, 0xf1, 0xca, 0x7, 0xe0, 0x5d, 0x5, 0xf1,
    0xca, 0x2, 0xf3, 0xb7, 0x5, 0xf1, 0xca, 0x0,
    0xd8, 0xf2, 0x5, 0xf1, 0xca, 0x0, 0x8f, 0xd0,
    0x5, 0xf1, 0xca, 0x0, 0x2f, 0x80, 0x5, 0xf1,
    0x0, 0x0, 0x0, 0x0, 0x0, 0x0, 0x0, 0x0,
    0xa, 0x50, 0x0, 0x0, 0x0, 0x0, 0xf, 0x80,
    0x0, 0x0,

    /* U+1E43 "ṃ" */
    0xf6, 0xbf, 0xe7, 0x2b, 0xfd, 0x50, 0xff, 0x72,
    0x8f, 0xe6, 0x2a, 0xf1, 0xfb, 0x0, 0x1f, 0x90,
    0x2, 0xf4, 0xf7, 0x0, 0xf, 0x60, 0x1, 0xf5,
    0xf7, 0x0, 0xf, 0x60, 0x1, 0xf5, 0xf7, 0x0,
    0xf, 0x60, 0x1, 0xf5, 0xf7, 0x0, 0xf, 0x60,
    0x1, 0xf5, 0xf7, 0x0, 0xf, 0x60, 0x1, 0xf5,
    0xf7, 0x0, 0xf, 0x60, 0x1, 0xf5, 0x0, 0x0,
    0x0, 0x0, 0x0, 0x0, 0x0, 0x0, 0xa, 0x50,
    0x0, 0x0, 0x0, 0x0, 0xf, 0x80, 0x0, 0x0,

    /* U+1E44 "Ṅ" */
    0x0, 0x0, 0xda, 0x0, 0x0, 0x0, 0x0, 0x97,
    0x0, 0x0, 0x0, 0x0, 0x0, 0x0, 0x0, 0xbf,
    0x20, 0x0, 0x2, 0xf4, 0xbf, 0xc0, 0x0, 0x2,
    0xf4, 0xbe, 0xf6, 0x0, 0x2, 0xf4, 0xbb, 0xae,
    0x10, 0x2, 0xf4, 0xbb, 0x1f, 0xa0, 0x2, 0xf4,
    0xbb, 0x6, 0xf4, 0x2, 0xf4, 0xbb, 0x0, 0xce,
    0x2, 0xf4, 0xbb, 0x0, 0x2f, 0x92, 0xf4, 0xbb,
    0x0, 0x8, 0xf6, 0xf4, 0xbb, 0x0, 0x0, 0xde,
    0xf4, 0xbb, 0x0, 0x0, 0x3f, 0xf4, 0xbb, 0x0,
    0x0, 0x9, 0xf4,

    /* U+1E45 "ṅ" */
    0x0, 0xe, 0x90, 0x0, 0x0, 0x96, 0x0, 0x0,
    0x0, 0x0, 0xe, 0x7a, 0xfe, 0x90, 0xef, 0x72,
    0x5f, 0x8e, 0xb0, 0x0, 0xbc, 0xe8, 0x0, 0x9,
    0xde, 0x80, 0x0, 0x9d, 0xe8, 0x0, 0x9, 0xde,
    0x80, 0x0, 0x9d, 0xe8, 0x0, 0x9, 0xde, 0x80,
    0x0, 0x9d,

    /* U+1E46 "Ṇ" */
    0xbf, 0x20, 0x0, 0x2, 0xf4, 0xbf, 0xc0, 0x0,
    0x2, 0xf4, 0xbe, 0xf6, 0x0, 0x2, 0xf4, 0xbb,
    0xae, 0x10, 0x2, 0xf4, 0xbb, 0x1f, 0xa0, 0x2,
    0xf4, 0xbb, 0x6, 0xf4, 0x2, 0xf4, 0xbb, 0x0,
    0xce, 0x2, 0xf4, 0xbb, 0x0, 0x2f, 0x92, 0xf4,
    0xbb, 0x0, 0x8, 0xf6, 0xf4, 0xbb, 0x0, 0x0,
    0xde, 0xf4, 0xbb, 0x0, 0x0, 0x3f, 0xf4, 0xbb,
    0x0, 0x0, 0x9, 0xf4, 0x0, 0x0, 0x0, 0x0,
    0x0, 0x0, 0x0, 0x97, 0x0, 0x0, 0x0, 0x0,
    0xda, 0x0, 0x0,

    /* U+1E47 "ṇ" */
    0xe7, 0xaf, 0xe9, 0xe, 0xf7, 0x25, 0xf8, 0xeb,
    0x0, 0xb, 0xce, 0x80, 0x0, 0x9d, 0xe8, 0x0,
    0x9, 0xde, 0x80, 0x0, 0x9d, 0xe8, 0x0, 0x9,
    0xde, 0x80, 0x0, 0x9d, 0xe8, 0x0, 0x9, 0xd0,
    0x0, 0x0, 0x0, 0x0, 0x1b, 0x30, 0x0, 0x1,
    0xf5, 0x0,

    /* U+1E48 "Ṉ" */
    0xbf, 0x20, 0x0, 0x2, 0xf4, 0xbf, 0xc0, 0x0,
    0x2, 0xf4, 0xbe, 0xf6, 0x0, 0x2, 0xf4, 0xbb,
    0xae, 0x10, 0x2, 0xf4, 0xbb, 0x1f, 0xa0, 0x2,
    0xf4, 0xbb, 0x6, 0xf4, 0x2, 0xf4, 0xbb, 0x0,
    0xce, 0x2, 0xf4, 0xbb, 0x0, 0x2f, 0x92, 0xf4,
    0xbb, 0x0, 0x8, 0xf6, 0xf4, 0xbb, 0x0, 0x0,
    0xde, 0xf4, 0xbb, 0x0, 0x0, 0x3f, 0xf4, 0xbb,
    0x0, 0x0, 0x9, 0xf4, 0x0, 0x0, 0x0, 0x0,
    0x0, 0x0, 0x24, 0x44, 0x40, 0x0, 0x0, 0xaf,
    0xff, 0xf3, 0x0,

    /* U+1E49 "ṉ" */
    0xe7, 0xaf, 0xe9, 0xe, 0xf7, 0x25, 0xf8, 0xeb,
    0x0, 0xb, 0xce, 0x80, 0x0, 0x9d, 0xe8, 0x0,
    0x9, 0xde, 0x80, 0x0, 0x9d, 0xe8, 0x0, 0x9,
    0xde, 0x80, 0x0, 0x9d, 0xe8, 0x0, 0x9, 0xd0,
    0x0, 0x0, 0x0, 0x3, 0x44, 0x43, 0x0, 0xef,
    0xff, 0xf0,

    /* U+1E4A "Ṋ" */
    0xbf, 0x20, 0x0, 0x2, 0xf4, 0xbf, 0xc0, 0x0,
    0x2, 0xf4, 0xbe, 0xf6, 0x0, 0x2, 0xf4, 0xbb,
    0xae, 0x10, 0x2, 0xf4, 0xbb, 0x1f, 0xa0, 0x2,
    0xf4, 0xbb, 0x6, 0xf4, 0x2, 0xf4, 0xbb, 0x0,
    0xce, 0x2, 0xf4, 0xbb, 0x0, 0x2f, 0x92, 0xf4,
    0xbb, 0x0, 0x8, 0xf6, 0xf4, 0xbb, 0x0, 0x0,
    0xde, 0xf4, 0xbb, 0x0, 0x0, 0x3f, 0xf4, 0xbb,
    0x0, 0x0, 0x9, 0xf4, 0x0, 0x0, 0x0, 0x0,
    0x0, 0x0, 0x3, 0xee, 0x20, 0x0, 0x0, 0x1e,
    0x87, 0xe2, 0x0,

    /* U+1E4B "ṋ" */
    0xe7, 0xaf, 0xe9, 0xe, 0xf7, 0x25, 0xf8, 0xeb,
    0x0, 0xb, 0xce, 0x80, 0x0, 0x9d, 0xe8, 0x0,
    0x9, 0xde, 0x80, 0x0, 0x9d, 0xe8, 0x0, 0x9,
    0xde, 0x80, 0x0, 0x9d, 0xe8, 0x0, 0x9, 0xd0,
    0x0, 0x0, 0x0, 0x0, 0xae, 0x90, 0x0, 0x9e,
    0x2e, 0x70,

    /* U+1E4C "Ṍ" */
    0x0, 0x0, 0x0, 0x35, 0x0, 0x0, 0x0, 0x0,
    0x0, 0xf9, 0x0, 0x0, 0x0, 0x0, 0x6, 0xd0,
    0x0, 0x0, 0x0, 0x0, 0x0, 0x0, 0x0, 0x0,
    0x0, 0x1, 0xcf, 0xff, 0x90, 0x0, 0x0, 0x0,
    0x22, 0x21, 0x0, 0x0, 0x0, 0x0, 0x0, 0x0,
    0x0, 0x0, 0x0, 0x4, 0xbe, 0xfd, 0x81, 0x0,
    0x0, 0x8f, 0xc7, 0x69, 0xfd, 0x10, 0x5, 0xf8,
    0x0, 0x0, 0x2e, 0xc0, 0xc, 0xd0, 0x0, 0x0,
    0x6, 0xf4, 0x1f, 0x80, 0x0, 0x0, 0x0, 0xf8,
    0x3f, 0x50, 0x0, 0x0, 0x0, 0xea, 0x3f, 0x50,
    0x0, 0x0, 0x0, 0xea, 0x1f, 0x70, 0x0, 0x0,
    0x0, 0xf9, 0xd, 0xd0, 0x0, 0x0, 0x6, 0xf4,
    0x5, 0xf8, 0x0, 0x0, 0x2e, 0xc0, 0x0, 0x8f,
    0xc7, 0x69, 0xfd, 0x10, 0x0, 0x4, 0xbe, 0xfd,
    0x81, 0x0,

    /* U+1E4D "ṍ" */
    0x0, 0x0, 0x25, 0x10, 0x0, 0x0, 0xb, 0xd0,
    0x0, 0x0, 0x2, 0xf2, 0x0, 0x0, 0x0, 0x0,
    0x0, 0x0, 0x0, 0xcf, 0xff, 0xd0, 0x0, 0x2,
    0x12, 0x20, 0x0, 0x0, 0x0, 0x0, 0x0, 0x0,
    0x7, 0xdf, 0xd6, 0x0, 0x9, 0xf7, 0x48, 0xf8,
    0x2, 0xf7, 0x0, 0x9, 0xf1, 0x5f, 0x10, 0x0,
    0x3f, 0x46, 0xf0, 0x0, 0x2, 0xf5, 0x5f, 0x10,
    0x0, 0x3f, 0x42, 0xf7, 0x0, 0x9, 0xf0, 0x9,
    0xf7, 0x48, 0xf8, 0x0, 0x7, 0xdf, 0xd6, 0x0,

    /* U+1E4E "Ṏ" */
    0x0, 0x0, 0xa5, 0xb, 0x40, 0x0, 0x0, 0x0,
    0xf8, 0xf, 0x60, 0x0, 0x0, 0x0, 0x0, 0x0,
    0x0, 0x0, 0x0, 0x1, 0xcf, 0xff, 0x90, 0x0,
    0x0, 0x0, 0x22, 0x21, 0x0, 0x0, 0x0, 0x0,
    0x0, 0x0, 0x0, 0x0, 0x0, 0x4, 0xbe, 0xfd,
    0x81, 0x0, 0x0, 0x8f, 0xc7, 0x69, 0xfd, 0x10,
    0x5, 0xf8, 0x0, 0x0, 0x2e, 0xc0, 0xc, 0xd0,
    0x0, 0x0, 0x6, 0xf4, 0x1f, 0x80, 0x0, 0x0,
    0x0, 0xf8, 0x3f, 0x50, 0x0, 0x0, 0x0, 0xea,
    0x3f, 0x50, 0x0, 0x0, 0x0, 0xea, 0x1f, 0x70,
    0x0, 0x0, 0x0, 0xf9, 0xd, 0xd0, 0x0, 0x0,
    0x6, 0xf4, 0x5, 0xf8, 0x0, 0x0, 0x2e, 0xc0,
    0x0, 0x8f, 0xc7, 0x69, 0xfd, 0x10, 0x0, 0x4,
    0xbe, 0xfd, 0x81, 0x0,

    /* U+1E4F "ṏ" */
    0x0, 0xbc, 0xc, 0xa0, 0x0, 0x7, 0x80, 0x87,
    0x0, 0x0, 0x0, 0x0, 0x0, 0x0, 0xc, 0xff,
    0xfd, 0x0, 0x0, 0x21, 0x22, 0x0, 0x0, 0x0,
    0x0, 0x0, 0x0, 0x0, 0x7d, 0xfd, 0x60, 0x0,
    0x9f, 0x74, 0x8f, 0x80, 0x2f, 0x70, 0x0, 0x9f,
    0x15, 0xf1, 0x0, 0x3, 0xf4, 0x6f, 0x0, 0x0,
    0x2f, 0x55, 0xf1, 0x0, 0x3, 0xf4, 0x2f, 0x70,
    0x0, 0x9f, 0x0, 0x9f, 0x74, 0x8f, 0x80, 0x0,
    0x7d, 0xfd, 0x60, 0x0,

    /* U+1E50 "Ṑ" */
    0x0, 0x0, 0x3f, 0x80, 0x0, 0x0, 0x0, 0x0,
    0x6, 0xe0, 0x0, 0x0, 0x0, 0x0, 0x0, 0x51,
    0x0, 0x0, 0x0, 0x1, 0xff, 0xff, 0xc0, 0x0,
    0x0, 0x0, 0x33, 0x33, 0x20, 0x0, 0x0, 0x0,
    0x0, 0x0, 0x0, 0x0, 0x0, 0x4, 0xbe, 0xfd,
    0x81, 0x0, 0x0, 0x8f, 0xc7, 0x69, 0xfd, 0x10,
    0x5, 0xf8, 0x0, 0x0, 0x2e, 0xc0, 0xc, 0xd0,
    0x0, 0x0, 0x6, 0xf4, 0x1f, 0x80, 0x0, 0x0,
    0x0, 0xf8, 0x3f, 0x50, 0x0, 0x0, 0x0, 0xea,
    0x3f, 0x50, 0x0, 0x0, 0x0, 0xea, 0x1f, 0x70,
    0x0, 0x0, 0x0, 0xf9, 0xd, 0xd0, 0x0, 0x0,
    0x6, 0xf4, 0x5, 0xf8, 0x0, 0x0, 0x2e, 0xc0,
    0x0, 0x8f, 0xc7, 0x69, 0xfd, 0x10, 0x0, 0x4,
    0xbe, 0xfd, 0x81, 0x0,

    /* U+1E51 "ṑ" */
    0x0, 0x25, 0x10, 0x0, 0x0, 0x0, 0xda, 0x0,
    0x0, 0x0, 0x3, 0xf2, 0x0, 0x0, 0x0, 0x0,
    0x0, 0x0, 0x0, 0xff, 0xff, 0xd0, 0x0, 0x3,
    0x33, 0x33, 0x0, 0x0, 0x0, 0x0, 0x0, 0x0,
    0x7, 0xdf, 0xd6, 0x0, 0x9, 0xf7, 0x48, 0xf8,
    0x2, 0xf7, 0x0, 0x9, 0xf1, 0x5f, 0x10, 0x0,
    0x3f, 0x46, 0xf0, 0x0, 0x2, 0xf5, 0x5f, 0x10,
    0x0, 0x3f, 0x42, 0xf7, 0x0, 0x9, 0xf0, 0x9,
    0xf7, 0x48, 0xf8, 0x0, 0x7, 0xdf, 0xd6, 0x0,

    /* U+1E52 "Ṓ" */
    0x0, 0x0, 0x0, 0xdd, 0x0, 0x0, 0x0, 0x0,
    0x4, 0xf2, 0x0, 0x0, 0x0, 0x0, 0x3, 0x30,
    0x0, 0x0, 0x0, 0x1, 0xff, 0xff, 0xc0, 0x0,
    0x0, 0x0, 0x33, 0x33, 0x20, 0x0, 0x0, 0x0,
    0x0, 0x0, 0x0, 0x0, 0x0, 0x4, 0xbe, 0xfd,
    0x81, 0x0, 0x0, 0x8f, 0xc7, 0x69, 0xfd, 0x10,
    0x5, 0xf8, 0x0, 0x0, 0x2e, 0xc0, 0xc, 0xd0,
    0x0, 0x0, 0x6, 0xf4, 0x1f, 0x80, 0x0, 0x0,
    0x0, 0xf8, 0x3f, 0x50, 0x0, 0x0, 0x0, 0xea,
    0x3f, 0x50, 0x0, 0x0, 0x0, 0xea, 0x1f, 0x70,
    0x0, 0x0, 0x0, 0xf9, 0xd, 0xd0, 0x0, 0x0,
    0x6, 0xf4, 0x5, 0xf8, 0x0, 0x0, 0x2e, 0xc0,
    0x0, 0x8f, 0xc7, 0x69, 0xfd, 0x10, 0x0, 0x4,
    0xbe, 0xfd, 0x81, 0x0,

    /* U+1E53 "ṓ" */
    0x0, 0x0, 0x25, 0x10, 0x0, 0x0, 0xb, 0xd0,
    0x0, 0x0, 0x2, 0xf2, 0x0, 0x0, 0x0, 0x0,
    0x0, 0x0, 0x0, 0xff, 0xff, 0xd0, 0x0, 0x3,
    0x33, 0x33, 0x0, 0x0, 0x0, 0x0, 0x0, 0x0,
    0x7, 0xdf, 0xd6, 0x0, 0x9, 0xf7, 0x48, 0xf8,
    0x2, 0xf7, 0x0, 0x9, 0xf1, 0x5f, 0x10, 0x0,
    0x3f, 0x46, 0xf0, 0x0, 0x2, 0xf5, 0x5f, 0x10,
    0x0, 0x3f, 0x42, 0xf7, 0x0, 0x9, 0xf0, 0x9,
    0xf7, 0x48, 0xf8, 0x0, 0x7, 0xdf, 0xd6, 0x0,

    /* U+1E54 "Ṕ" */
    0x0, 0x0, 0x35, 0x0, 0x0, 0x0, 0x1f, 0x80,
    0x0, 0x0, 0x7, 0xc0, 0x0, 0x0, 0x0, 0x0,
    0x0, 0x0, 0xcf, 0xff, 0xff, 0xd6, 0xc, 0xd7,
    0x77, 0x8c, 0xf6, 0xcc, 0x0, 0x0, 0xd, 0xcc,
    0xc0, 0x0, 0x0, 0xaf, 0xcc, 0x0, 0x0, 0xc,
    0xdc, 0xc2, 0x22, 0x39, 0xf8, 0xcf, 0xff, 0xff,
    0xf9, 0xc, 0xd5, 0x54, 0x41, 0x0, 0xcc, 0x0,
    0x0, 0x0, 0xc, 0xc0, 0x0, 0x0, 0x0, 0xcc,
    0x0, 0x0, 0x0, 0xc, 0xc0, 0x0, 0x0, 0x0,

    /* U+1E55 "ṕ" */
    0x0, 0x9, 0xf2, 0x0, 0x0, 0x1f, 0x50, 0x0,
    0x0, 0x14, 0x0, 0x0, 0xe7, 0xaf, 0xe8, 0x0,
    0xef, 0xa3, 0x7f, 0x70, 0xed, 0x0, 0x8, 0xe0,
    0xe7, 0x0, 0x3, 0xf2, 0xe6, 0x0, 0x2, 0xf4,
    0xe7, 0x0, 0x4, 0xf3, 0xec, 0x0, 0x9, 0xe0,
    0xef, 0x94, 0x8f, 0x60, 0xe9, 0xbf, 0xd6, 0x0,
    0xe8, 0x0, 0x0, 0x0, 0xe8, 0x0, 0x0, 0x0,
    0xe8, 0x0, 0x0, 0x0,

    /* U+1E56 "Ṗ" */
    0x0, 0xa, 0xd0, 0x0, 0x0, 0x0, 0x79, 0x0,
    0x0, 0x0, 0x0, 0x0, 0x0, 0xc, 0xff, 0xff,
    0xfd, 0x60, 0xcd, 0x77, 0x78, 0xcf, 0x6c, 0xc0,
    0x0, 0x0, 0xdc, 0xcc, 0x0, 0x0, 0xa, 0xfc,
    0xc0, 0x0, 0x0, 0xcd, 0xcc, 0x22, 0x23, 0x9f,
    0x8c, 0xff, 0xff, 0xff, 0x90, 0xcd, 0x55, 0x44,
    0x10, 0xc, 0xc0, 0x0, 0x0, 0x0, 0xcc, 0x0,
    0x0, 0x0, 0xc, 0xc0, 0x0, 0x0, 0x0, 0xcc,
    0x0, 0x0, 0x0, 0x0,

    /* U+1E57 "ṗ" */
    0x0, 0x2f, 0x50, 0x0, 0x0, 0x1b, 0x30, 0x0,
    0x0, 0x0, 0x0, 0x0, 0xe7, 0xaf, 0xe8, 0x0,
    0xef, 0xa3, 0x7f, 0x70, 0xed, 0x0, 0x8, 0xe0,
    0xe7, 0x0, 0x3, 0xf2, 0xe6, 0x0, 0x2, 0xf4,
    0xe7, 0x0, 0x4, 0xf3, 0xec, 0x0, 0x9, 0xe0,
    0xef, 0x94, 0x8f, 0x60, 0xe9, 0xbf, 0xd6, 0x0,
    0xe8, 0x0, 0x0, 0x0, 0xe8, 0x0, 0x0, 0x0,
    0xe8, 0x0, 0x0, 0x0,

    /* U+1E58 "Ṙ" */
    0x0, 0x2, 0xf5, 0x0, 0x0, 0x0, 0x0, 0x1b,
    0x30, 0x0, 0x0, 0x0, 0x0, 0x0, 0x0, 0x0,
    0xb, 0xff, 0xff, 0xfe, 0xb2, 0x0, 0xbd, 0x55,
    0x55, 0x8e, 0xe0, 0xb, 0xc0, 0x0, 0x0, 0x4f,
    0x50, 0xbc, 0x0, 0x0, 0x3, 0xf5, 0xb, 0xd2,
    0x22, 0x24, 0xce, 0x10, 0xbf, 0xff, 0xff, 0xfc,
    0x30, 0xb, 0xd5, 0x57, 0xeb, 0x0, 0x0, 0xbc,
    0x0, 0x3, 0xfb, 0x0, 0xb, 0xc0, 0x0, 0x8,
    0xf6, 0x0, 0xbc, 0x0, 0x0, 0xe, 0xe0, 0xb,
    0xc0, 0x0, 0x0, 0x6f, 0x80, 0xbc, 0x0, 0x0,
    0x0, 0xcf, 0x10,

    /* U+1E59 "ṙ" */
    0x1f, 0x60, 0x0, 0xb4, 0x0, 0x0, 0x0, 0xf,
    0x7d, 0xe5, 0xff, 0x86, 0x1f, 0xb0, 0x0, 0xf7,
    0x0, 0xf, 0x70, 0x0, 0xf7, 0x0, 0xf, 0x70,
    0x0, 0xf7, 0x0, 0xf, 0x70, 0x0,

    /* U+1E5A "Ṛ" */
    0xbf, 0xff, 0xff, 0xeb, 0x20, 0xb, 0xd5, 0x55,
    0x58, 0xee, 0x0, 0xbc, 0x0, 0x0, 0x4, 0xf5,
    0xb, 0xc0, 0x0, 0x0, 0x3f, 0x50, 0xbd, 0x22,
    0x22, 0x4c, 0xe1, 0xb, 0xff, 0xff, 0xff, 0xc3,
    0x0, 0xbd, 0x55, 0x7e, 0xb0, 0x0, 0xb, 0xc0,
    0x0, 0x3f, 0xb0, 0x0, 0xbc, 0x0, 0x0, 0x8f,
    0x60, 0xb, 0xc0, 0x0, 0x0, 0xee, 0x0, 0xbc,
    0x0, 0x0, 0x6, 0xf8, 0xb, 0xc0, 0x0, 0x0,
    0xc, 0xf1, 0x0, 0x0, 0x0, 0x0, 0x0, 0x0,
    0x0, 0xb, 0x40, 0x0, 0x0, 0x0, 0x1, 0xf6,
    0x0, 0x0, 0x0,

    /* U+1E5B "ṛ" */
    0xf7, 0xde, 0x5f, 0xf8, 0x61, 0xfb, 0x0, 0xf,
    0x70, 0x0, 0xf7, 0x0, 0xf, 0x70, 0x0, 0xf7,
    0x0, 0xf, 0x70, 0x0, 0xf7, 0x0, 0x0, 0x0,
    0x0, 0xb, 0x40, 0x0, 0xf6, 0x0,

    /* U+1E5C "Ṝ" */
    0x0, 0x0, 0x0, 0x0, 0x0, 0x0, 0xe, 0xff,
    0xff, 0x0, 0x0, 0x0, 0x23, 0x33, 0x30, 0x0,
    0x0, 0x0, 0x0, 0x0, 0x0, 0x0, 0xbf, 0xff,
    0xff, 0xeb, 0x20, 0xb, 0xd5, 0x55, 0x58, 0xee,
    0x0, 0xbc, 0x0, 0x0, 0x4, 0xf5, 0xb, 0xc0,
    0x0, 0x0, 0x3f, 0x50, 0xbd, 0x22, 0x22, 0x4c,
    0xe1, 0xb, 0xff, 0xff, 0xff, 0xc3, 0x0, 0xbd,
    0x55, 0x7e, 0xb0, 0x0, 0xb, 0xc0, 0x0, 0x3f,
    0xb0, 0x0, 0xbc, 0x0, 0x0, 0x8f, 0x60, 0xb,
    0xc0, 0x0, 0x0, 0xee, 0x0, 0xbc, 0x0, 0x0,
    0x6, 0xf8, 0xb, 0xc0, 0x0, 0x0, 0xc, 0xf1,
    0x0, 0x0, 0x0, 0x0, 0x0, 0x0, 0x0, 0xb,
    0x40, 0x0, 0x0, 0x0, 0x1, 0xf6, 0x0, 0x0,
    0x0,

    /* U+1E5D "ṝ" */
    0xcf, 0xff, 0xf1, 0x23, 0x33, 0x30, 0x0, 0x0,
    0x0, 0xf, 0x7d, 0xe5, 0xf, 0xf8, 0x61, 0xf,
    0xb0, 0x0, 0xf, 0x70, 0x0, 0xf, 0x70, 0x0,
    0xf, 0x70, 0x0, 0xf, 0x70, 0x0, 0xf, 0x70,
    0x0, 0xf, 0x70, 0x0, 0x0, 0x0, 0x0, 0x0,
    0xb4, 0x0, 0x0, 0xf6, 0x0,

    /* U+1E5E "Ṟ" */
    0xbf, 0xff, 0xff, 0xeb, 0x20, 0xb, 0xd5, 0x55,
    0x58, 0xee, 0x0, 0xbc, 0x0, 0x0, 0x4, 0xf5,
    0xb, 0xc0, 0x0, 0x0, 0x3f, 0x50, 0xbd, 0x22,
    0x22, 0x4c, 0xe1, 0xb, 0xff, 0xff, 0xff, 0xc3,
    0x0, 0xbd, 0x55, 0x7e, 0xb0, 0x0, 0xb, 0xc0,
    0x0, 0x3f, 0xb0, 0x0, 0xbc, 0x0, 0x0, 0x8f,
    0x60, 0xb, 0xc0, 0x0, 0x0, 0xee, 0x0, 0xbc,
    0x0, 0x0, 0x6, 0xf8, 0xb, 0xc0, 0x0, 0x0,
    0xc, 0xf1, 0x0, 0x0, 0x0, 0x0, 0x0, 0x0,
    0x1, 0x44, 0x44, 0x10, 0x0, 0x0, 0x7f, 0xff,
    0xf6, 0x0, 0x0,

    /* U+1E5F "ṟ" */
    0xf, 0x7d, 0xe5, 0xf, 0xf8, 0x61, 0xf, 0xb0,
    0x0, 0xf, 0x70, 0x0, 0xf, 0x70, 0x0, 0xf,
    0x70, 0x0, 0xf, 0x70, 0x0, 0xf, 0x70, 0x0,
    0xf, 0x70, 0x0, 0x0, 0x0, 0x0, 0x34, 0x44,
    0x40, 0xdf, 0xff, 0xf0,

    /* U+1E60 "Ṡ" */
    0x0, 0x0, 0xad, 0x0, 0x0, 0x0, 0x0, 0x79,
    0x0, 0x0, 0x0, 0x0, 0x0, 0x0, 0x0, 0x0,
    0x3b, 0xef, 0xd7, 0x0, 0x4, 0xfd, 0x87, 0xaf,
    0xc0, 0xb, 0xd0, 0x0, 0x6, 0xf4, 0xc, 0xb0,
    0x0, 0x0, 0x93, 0x7, 0xf9, 0x30, 0x0, 0x0,
    0x0, 0x8f, 0xfe, 0xb6, 0x0, 0x0, 0x0, 0x48,
    0xcf, 0xd1, 0x0, 0x0, 0x0, 0x3, 0xfa, 0x3f,
    0x40, 0x0, 0x0, 0xac, 0xe, 0xc0, 0x0, 0x1,
    0xea, 0x5, 0xfe, 0x97, 0x9e, 0xf3, 0x0, 0x4b,
    0xef, 0xea, 0x20,

    /* U+1E61 "ṡ" */
    0x0, 0xb, 0xc0, 0x0, 0x0, 0x7, 0x80, 0x0,
    0x0, 0x0, 0x0, 0x0, 0x3, 0xcf, 0xea, 0x10,
    0x1f, 0xa4, 0x5d, 0xb0, 0x3f, 0x20, 0x3, 0x80,
    0xe, 0xe9, 0x40, 0x0, 0x2, 0xaf, 0xff, 0x70,
    0x0, 0x0, 0x3a, 0xf3, 0x5e, 0x0, 0x2, 0xf5,
    0x1e, 0xb4, 0x4b, 0xe1, 0x3, 0xbe, 0xeb, 0x20,

    /* U+1E62 "Ṣ" */
    0x0, 0x3b, 0xef, 0xd7, 0x0, 0x4, 0xfd, 0x87,
    0xaf, 0xc0, 0xb, 0xd0, 0x0, 0x6, 0xf4, 0xc,
    0xb0, 0x0, 0x0, 0x93, 0x7, 0xf9, 0x30, 0x0,
    0x0, 0x0, 0x8f, 0xfe, 0xb6, 0x0, 0x0, 0x0,
    0x48, 0xcf, 0xd1, 0x0, 0x0, 0x0, 0x3, 0xfa,
    0x3f, 0x40, 0x0, 0x0, 0xac, 0xe, 0xc0, 0x0,
    0x1, 0xea, 0x5, 0xfe, 0x97, 0x9e, 0xf3, 0x0,
    0x4b, 0xef, 0xea, 0x20, 0x0, 0x0, 0x0, 0x0,
    0x0, 0x0, 0x0, 0x4b, 0x0, 0x0, 0x0, 0x0,
    0x6f, 0x10, 0x0,

    /* U+1E63 "ṣ" */
    0x3, 0xcf, 0xea, 0x10, 0x1f, 0xa4, 0x5d, 0xb0,
    0x3f, 0x20, 0x3, 0x80, 0xe, 0xe9, 0x40, 0x0,
    0x2, 0xaf, 0xff, 0x70, 0x0, 0x0, 0x3a, 0xf3,
    0x5e, 0x0, 0x2, 0xf5, 0x1e, 0xb4, 0x4b, 0xe1,
    0x3, 0xbe, 0xeb, 0x20, 0x0, 0x0, 0x0, 0x0,
    0x0, 0x8, 0x70, 0x0, 0x0, 0xc, 0xb0, 0x0,

    /* U+1E64 "Ṥ" */
    0x0, 0xa, 0xc0, 0x45, 0x0, 0x0, 0x7, 0x82,
    0xf7, 0x0, 0x0, 0x0, 0x8, 0xb0, 0x0, 0x0,
    0x0, 0x0, 0x0, 0x0, 0x0, 0x3b, 0xef, 0xd7,
    0x0, 0x4, 0xfd, 0x87, 0xaf, 0xc0, 0xb, 0xd0,
    0x0, 0x6, 0xf4, 0xc, 0xb0, 0x0, 0x0, 0x93,
    0x7, 0xf9, 0x30, 0x0, 0x0, 0x0, 0x8f, 0xfe,
    0xb6, 0x0, 0x0, 0x0, 0x48, 0xcf, 0xd1, 0x0,
    0x0, 0x0, 0x3, 0xfa, 0x3f, 0x40, 0x0, 0x0,
    0xac, 0xe, 0xc0, 0x0, 0x1, 0xea, 0x5, 0xfe,
    0x97, 0x9e, 0xf3, 0x0, 0x4b, 0xef, 0xea, 0x20,

    /* U+1E65 "ṥ" */
    0x3, 0xf3, 0x0, 0x0, 0x2, 0xb2, 0x9f, 0x20,
    0x0, 0x1, 0xf5, 0x0, 0x0, 0x1, 0x40, 0x0,
    0x3, 0xcf, 0xea, 0x10, 0x1f, 0xa4, 0x5d, 0xb0,
    0x3f, 0x20, 0x3, 0x80, 0xe, 0xe9, 0x40, 0x0,
    0x2, 0xaf, 0xff, 0x70, 0x0, 0x0, 0x3a, 0xf3,
    0x5e, 0x0, 0x2, 0xf5, 0x1e, 0xb4, 0x4b, 0xe1,
    0x3, 0xbe, 0xeb, 0x20,

    /* U+1E66 "Ṧ" */
    0x0, 0x0, 0x7f, 0x0, 0x0, 0x0, 0x0, 0x4b,
    0x0, 0x0, 0x0, 0x5, 0x20, 0x43, 0x0, 0x0,
    0x9, 0xd4, 0xf4, 0x0, 0x0, 0x0, 0xef, 0xa0,
    0x0, 0x0, 0x0, 0x25, 0x10, 0x0, 0x0, 0x3b,
    0xef, 0xd7, 0x0, 0x4, 0xfd, 0x87, 0xaf, 0xc0,
    0xb, 0xd0, 0x0, 0x6, 0xf4, 0xc, 0xb0, 0x0,
    0x0, 0x93, 0x7, 0xf9, 0x30, 0x0, 0x0, 0x0,
    0x8f, 0xfe, 0xb6, 0x0, 0x0, 0x0, 0x48, 0xcf,
    0xd1, 0x0, 0x0, 0x0, 0x3, 0xfa, 0x3f, 0x40,
    0x0, 0x0, 0xac, 0xe, 0xc0, 0x0, 0x1, 0xea,
    0x5, 0xfe, 0x97, 0x9e, 0xf3, 0x0, 0x4b, 0xef,
    0xea, 0x20,

    /* U+1E67 "ṧ" */
    0x0, 0xb, 0xc0, 0x0, 0x0, 0x7, 0x80, 0x0,
    0x0, 0x0, 0x0, 0x0, 0x1, 0xe7, 0x7e, 0x20,
    0x0, 0x3f, 0xf4, 0x0, 0x0, 0x0, 0x0, 0x0,
    0x3, 0xcf, 0xea, 0x10, 0x1f, 0xa4, 0x5d, 0xb0,
    0x3f, 0x20, 0x3, 0x80, 0xe, 0xe9, 0x40, 0x0,
    0x2, 0xaf, 0xff, 0x70, 0x0, 0x0, 0x3a, 0xf3,
    0x5e, 0x0, 0x2, 0xf5, 0x1e, 0xb4, 0x4b, 0xe1,
    0x3, 0xbe, 0xeb, 0x20,

    /* U+1E68 "Ṩ" */
    0x0, 0x0, 0x4b, 0x0, 0x0, 0x0, 0x0, 0x6f,
    0x10, 0x0, 0x0, 0x0, 0x0, 0x0, 0x0, 0x0,
    0x0, 0x0, 0x0, 0x0, 0x0, 0x3b, 0xef, 0xd7,
    0x0, 0x4, 0xfd, 0x87, 0xaf, 0xc0, 0xb, 0xd0,
    0x0, 0x6, 0xf4, 0xc, 0xb0, 0x0, 0x0, 0x93,
    0x7, 0xf9, 0x30, 0x0, 0x0, 0x0, 0x8f, 0xfe,
    0xb6, 0x0, 0x0, 0x0, 0x48, 0xcf, 0xd1, 0x0,
    0x0, 0x0, 0x3, 0xfa, 0x3f, 0x40, 0x0, 0x0,
    0xac, 0xe, 0xc0, 0x0, 0x1, 0xea, 0x5, 0xfe,
    0x97, 0x9e, 0xf3, 0x0, 0x4b, 0xef, 0xea, 0x20,
    0x0, 0x0, 0x0, 0x0, 0x0, 0x0, 0x0, 0x4b,
    0x0, 0x0, 0x0, 0x0, 0x6f, 0x10, 0x0,

    /* U+1E69 "ṩ" */
    0x0, 0xb, 0xc0, 0x0, 0x0, 0x7, 0x80, 0x0,
    0x0, 0x0, 0x0, 0x0, 0x3, 0xcf, 0xea, 0x10,
    0x1f, 0xa4, 0x5d, 0xb0, 0x3f, 0x20, 0x3, 0x80,
    0xe, 0xe9, 0x40, 0x0, 0x2, 0xaf, 0xff, 0x70,
    0x0, 0x0, 0x3a, 0xf3, 0x5e, 0x0, 0x2, 0xf5,
    0x1e, 0xb4, 0x4b, 0xe1, 0x3, 0xbe, 0xeb, 0x20,
    0x0, 0x0, 0x0, 0x0, 0x0, 0x7, 0x80, 0x0,
    0x0, 0xb, 0xc0, 0x0,

    /* U+1E6A "Ṫ" */
    0x0, 0x0, 0xca, 0x0, 0x0, 0x0, 0x0, 0x87,
    0x0, 0x0, 0x0, 0x0, 0x0, 0x0, 0x0, 0xaf,
    0xff, 0xff, 0xff, 0xf6, 0x47, 0x77, 0xfc, 0x77,
    0x73, 0x0, 0x0, 0xea, 0x0, 0x0, 0x0, 0x0,
    0xea, 0x0, 0x0, 0x0, 0x0, 0xea, 0x0, 0x0,
    0x0, 0x0, 0xea, 0x0, 0x0, 0x0, 0x0, 0xea,
    0x0, 0x0, 0x0, 0x0, 0xea, 0x0, 0x0, 0x0,
    0x0, 0xea, 0x0, 0x0, 0x0, 0x0, 0xea, 0x0,
    0x0, 0x0, 0x0, 0xea, 0x0, 0x0, 0x0, 0x0,
    0xea, 0x0, 0x0,

    /* U+1E6B "ṫ" */
    0xb, 0xc0, 0x0, 0x78, 0x0, 0x0, 0x0, 0x0,
    0x38, 0x0, 0xb, 0xb0, 0x0, 0xbb, 0x0, 0xbf,
    0xff, 0x11, 0xbb, 0x20, 0xb, 0xb0, 0x0, 0xbb,
    0x0, 0xb, 0xb0, 0x0, 0xbb, 0x0, 0xb, 0xb0,
    0x0, 0xae, 0x61, 0x3, 0xef, 0x30,

    /* U+1E6C "Ṭ" */
    0xaf, 0xff, 0xff, 0xff, 0xf6, 0x47, 0x77, 0xfc,
    0x77, 0x73, 0x0, 0x0, 0xea, 0x0, 0x0, 0x0,
    0x0, 0xea, 0x0, 0x0, 0x0, 0x0, 0xea, 0x0,
    0x0, 0x0, 0x0, 0xea, 0x0, 0x0, 0x0, 0x0,
    0xea, 0x0, 0x0, 0x0, 0x0, 0xea, 0x0, 0x0,
    0x0, 0x0, 0xea, 0x0, 0x0, 0x0, 0x0, 0xea,
    0x0, 0x0, 0x0, 0x0, 0xea, 0x0, 0x0, 0x0,
    0x0, 0xea, 0x0, 0x0, 0x0, 0x0, 0x0, 0x0,
    0x0, 0x0, 0x0, 0x96, 0x0, 0x0, 0x0, 0x0,
    0xe9, 0x0, 0x0,

    /* U+1E6D "ṭ" */
    0x0, 0x0, 0x0, 0x49, 0x0, 0xb, 0xb0, 0x0,
    0xbb, 0x0, 0xbf, 0xff, 0x11, 0xbb, 0x20, 0xb,
    0xb0, 0x0, 0xbb, 0x0, 0xb, 0xb0, 0x0, 0xbb,
    0x0, 0xb, 0xb0, 0x0, 0xae, 0x61, 0x3, 0xef,
    0x30, 0x0, 0x0, 0x0, 0xb4, 0x0, 0x1f, 0x60,

    /* U+1E6E "Ṯ" */
    0xaf, 0xff, 0xff, 0xff, 0xf6, 0x47, 0x77, 0xfc,
    0x77, 0x73, 0x0, 0x0, 0xea, 0x0, 0x0, 0x0,
    0x0, 0xea, 0x0, 0x0, 0x0, 0x0, 0xea, 0x0,
    0x0, 0x0, 0x0, 0xea, 0x0, 0x0, 0x0, 0x0,
    0xea, 0x0, 0x0, 0x0, 0x0, 0xea, 0x0, 0x0,
    0x0, 0x0, 0xea, 0x0, 0x0, 0x0, 0x0, 0xea,
    0x0, 0x0, 0x0, 0x0, 0xea, 0x0, 0x0, 0x0,
    0x0, 0xea, 0x0, 0x0, 0x0, 0x0, 0x0, 0x0,
    0x0, 0x0, 0x24, 0x44, 0x41, 0x0, 0x0, 0x9f,
    0xff, 0xf4, 0x0,

    /* U+1E6F "ṯ" */
    0x0, 0x0, 0x0, 0x0, 0x49, 0x0, 0x0, 0xbb,
    0x0, 0x0, 0xbb, 0x0, 0xb, 0xff, 0xf1, 0x1,
    0xbb, 0x20, 0x0, 0xbb, 0x0, 0x0, 0xbb, 0x0,
    0x0, 0xbb, 0x0, 0x0, 0xbb, 0x0, 0x0, 0xbb,
    0x0, 0x0, 0xae, 0x61, 0x0, 0x3e, 0xf3, 0x0,
    0x0, 0x0, 0x4, 0x44, 0x42, 0x3f, 0xff, 0xfb,

    /* U+1E70 "Ṱ" */
    0xaf, 0xff, 0xff, 0xff, 0xf6, 0x47, 0x77, 0xfc,
    0x77, 0x73, 0x0, 0x0, 0xea, 0x0, 0x0, 0x0,
    0x0, 0xea, 0x0, 0x0, 0x0, 0x0, 0xea, 0x0,
    0x0, 0x0, 0x0, 0xea, 0x0, 0x0, 0x0, 0x0,
    0xea, 0x0, 0x0, 0x0, 0x0, 0xea, 0x0, 0x0,
    0x0, 0x0, 0xea, 0x0, 0x0, 0x0, 0x0, 0xea,
    0x0, 0x0, 0x0, 0x0, 0xea, 0x0, 0x0, 0x0,
    0x0, 0xea, 0x0, 0x0, 0x0, 0x0, 0x0, 0x0,
    0x0, 0x0, 0x4, 0xed, 0x10, 0x0, 0x0, 0x3f,
    0x69, 0xd1, 0x0,

    /* U+1E71 "ṱ" */
    0x0, 0x0, 0x0, 0x4, 0x90, 0x0, 0xb, 0xb0,
    0x0, 0xb, 0xb0, 0x0, 0xbf, 0xff, 0x10, 0x1b,
    0xb2, 0x0, 0xb, 0xb0, 0x0, 0xb, 0xb0, 0x0,
    0xb, 0xb0, 0x0, 0xb, 0xb0, 0x0, 0xb, 0xb0,
    0x0, 0xa, 0xe6, 0x10, 0x3, 0xef, 0x30, 0x0,
    0x0, 0x0, 0xa, 0xfb, 0x0, 0x7f, 0x2d, 0x90,

    /* U+1E72 "Ṳ" */
    0xbc, 0x0, 0x0, 0x4, 0xf4, 0xbc, 0x0, 0x0,
    0x4, 0xf4, 0xbc, 0x0, 0x0, 0x4, 0xf4, 0xbc,
    0x0, 0x0, 0x4, 0xf4, 0xbc, 0x0, 0x0, 0x4,
    0xf4, 0xbc, 0x0, 0x0, 0x4, 0xf4, 0xbc, 0x0,
    0x0, 0x4, 0xf4, 0xbc, 0x0, 0x0, 0x4, 0xf3,
    0x9e, 0x0, 0x0, 0x6, 0xf2, 0x6f, 0x50, 0x0,
    0xc, 0xe0, 0xd, 0xfa, 0x78, 0xdf, 0x50, 0x1,
    0x9d, 0xfe, 0xc4, 0x0, 0x0, 0x0, 0x0, 0x0,
    0x0, 0x0, 0x5a, 0x6, 0x90, 0x0, 0x0, 0x7f,
    0x9, 0xd0, 0x0,

    /* U+1E73 "ṳ" */
    0xf7, 0x0, 0x9, 0xcf, 0x70, 0x0, 0x9c, 0xf7,
    0x0, 0x9, 0xcf, 0x70, 0x0, 0x9c, 0xf7, 0x0,
    0x9, 0xce, 0x70, 0x0, 0xac, 0xd8, 0x0, 0xd,
    0xc9, 0xe3, 0x29, 0xfc, 0x1a, 0xfe, 0x97, 0xc0,
    0x0, 0x0, 0x0, 0x9, 0x70, 0xa5, 0x0, 0xda,
    0xe, 0x80,

    /* U+1E74 "Ṵ" */
    0xbc, 0x0, 0x0, 0x4, 0xf4, 0xbc, 0x0, 0x0,
    0x4, 0xf4, 0xbc, 0x0, 0x0, 0x4, 0xf4, 0xbc,
    0x0, 0x0, 0x4, 0xf4, 0xbc, 0x0, 0x0, 0x4,
    0xf4, 0xbc, 0x0, 0x0, 0x4, 0xf4, 0xbc, 0x0,
    0x0, 0x4, 0xf4, 0xbc, 0x0, 0x0, 0x4, 0xf3,
    0x9e, 0x0, 0x0, 0x6, 0xf2, 0x6f, 0x50, 0x0,
    0xc, 0xe0, 0xd, 0xfa, 0x78, 0xdf, 0x50, 0x1,
    0x9d, 0xfe, 0xc4, 0x0, 0x0, 0x0, 0x0, 0x0,
    0x0, 0x0, 0x3d, 0xc5, 0xb6, 0x0, 0x0, 0xb8,
    0x6d, 0xd1, 0x0,

    /* U+1E75 "ṵ" */
    0xf7, 0x0, 0x9, 0xcf, 0x70, 0x0, 0x9c, 0xf7,
    0x0, 0x9, 0xcf, 0x70, 0x0, 0x9c, 0xf7, 0x0,
    0x9, 0xce, 0x70, 0x0, 0xac, 0xd8, 0x0, 0xd,
    0xc9, 0xe3, 0x29, 0xfc, 0x1a, 0xfe, 0x97, 0xc0,
    0x0, 0x0, 0x0, 0x9, 0xe9, 0x5e, 0x2, 0xf3,
    0x9f, 0x80,

    /* U+1E76 "Ṷ" */
    0xbc, 0x0, 0x0, 0x4, 0xf4, 0xbc, 0x0, 0x0,
    0x4, 0xf4, 0xbc, 0x0, 0x0, 0x4, 0xf4, 0xbc,
    0x0, 0x0, 0x4, 0xf4, 0xbc, 0x0, 0x0, 0x4,
    0xf4, 0xbc, 0x0, 0x0, 0x4, 0xf4, 0xbc, 0x0,
    0x0, 0x4, 0xf4, 0xbc, 0x0, 0x0, 0x4, 0xf3,
    0x9e, 0x0, 0x0, 0x6, 0xf2, 0x6f, 0x50, 0x0,
    0xc, 0xe0, 0xd, 0xfa, 0x78, 0xdf, 0x50, 0x1,
    0x9d, 0xfe, 0xc4, 0x0, 0x0, 0x0, 0x0, 0x0,
    0x0, 0x0, 0x6, 0xfe, 0x10, 0x0, 0x0, 0x4f,
    0x4a, 0xd0, 0x0,

    /* U+1E77 "ṷ" */
    0xf7, 0x0, 0x9, 0xcf, 0x70, 0x0, 0x9c, 0xf7,
    0x0, 0x9, 0xcf, 0x70, 0x0, 0x9c, 0xf7, 0x0,
    0x9, 0xce, 0x70, 0x0, 0xac, 0xd8, 0x0, 0xd,
    0xc9, 0xe3, 0x29, 0xfc, 0x1a, 0xfe, 0x97, 0xc0,
    0x0, 0x0, 0x0, 0x0, 0xbe, 0x80, 0x0, 0x9d,
    0x2f, 0x70,

    /* U+1E78 "Ṹ" */
    0x0, 0x0, 0x5, 0x30, 0x0, 0x0, 0x0, 0x6f,
    0x30, 0x0, 0x0, 0x0, 0xd6, 0x0, 0x0, 0x0,
    0x0, 0x0, 0x0, 0x0, 0x0, 0x5e, 0xff, 0xf5,
    0x0, 0x0, 0x12, 0x22, 0x10, 0x0, 0x0, 0x0,
    0x0, 0x0, 0x0, 0xbc, 0x0, 0x0, 0x4, 0xf4,
    0xbc, 0x0, 0x0, 0x4, 0xf4, 0xbc, 0x0, 0x0,
    0x4, 0xf4, 0xbc, 0x0, 0x0, 0x4, 0xf4, 0xbc,
    0x0, 0x0, 0x4, 0xf4, 0xbc, 0x0, 0x0, 0x4,
    0xf4, 0xbc, 0x0, 0x0, 0x4, 0xf4, 0xbc, 0x0,
    0x0, 0x4, 0xf3, 0x9e, 0x0, 0x0, 0x6, 0xf2,
    0x6f, 0x50, 0x0, 0xc, 0xe0, 0xd, 0xfa, 0x78,
    0xdf, 0x50, 0x1, 0x9d, 0xfe, 0xc4, 0x0,

    /* U+1E79 "ṹ" */
    0x0, 0x2, 0x51, 0x0, 0x0, 0xbd, 0x0, 0x0,
    0x2f, 0x20, 0x0, 0x0, 0x0, 0x0, 0x8, 0xe7,
    0x1f, 0x1, 0xe3, 0xbf, 0x90, 0x1, 0x0, 0x10,
    0xf, 0x70, 0x0, 0x9c, 0xf7, 0x0, 0x9, 0xcf,
    0x70, 0x0, 0x9c, 0xf7, 0x0, 0x9, 0xcf, 0x70,
    0x0, 0x9c, 0xe7, 0x0, 0xa, 0xcd, 0x80, 0x0,
    0xdc, 0x9e, 0x32, 0x9f, 0xc1, 0xaf, 0xe9, 0x7c,

    /* U+1E7A "Ṻ" */
    0x0, 0x6f, 0x17, 0xf0, 0x0, 0x0, 0x4b, 0x5,
    0xa0, 0x0, 0x0, 0xaf, 0xff, 0xf3, 0x0, 0x0,
    0x23, 0x33, 0x30, 0x0, 0x0, 0x0, 0x0, 0x0,
    0x0, 0xbc, 0x0, 0x0, 0x4, 0xf4, 0xbc, 0x0,
    0x0, 0x4, 0xf4, 0xbc, 0x0, 0x0, 0x4, 0xf4,
    0xbc, 0x0, 0x0, 0x4, 0xf4, 0xbc, 0x0, 0x0,
    0x4, 0xf4, 0xbc, 0x0, 0x0, 0x4, 0xf4, 0xbc,
    0x0, 0x0, 0x4, 0xf4, 0xbc, 0x0, 0x0, 0x4,
    0xf3, 0x9e, 0x0, 0x0, 0x6, 0xf2, 0x6f, 0x50,
    0x0, 0xc, 0xe0, 0xd, 0xfa, 0x78, 0xdf, 0x50,
    0x1, 0x9d, 0xfe, 0xc4, 0x0,

    /* U+1E7B "ṻ" */
    0x7, 0x80, 0x87, 0x0, 0xbc, 0xc, 0xa0, 0x0,
    0x0, 0x0, 0x0, 0xff, 0xff, 0xe0, 0x3, 0x33,
    0x33, 0x0, 0x0, 0x0, 0x0, 0xf7, 0x0, 0x9,
    0xcf, 0x70, 0x0, 0x9c, 0xf7, 0x0, 0x9, 0xcf,
    0x70, 0x0, 0x9c, 0xf7, 0x0, 0x9, 0xce, 0x70,
    0x0, 0xac, 0xd8, 0x0, 0xd, 0xc9, 0xe3, 0x29,
    0xfc, 0x1a, 0xfe, 0x97, 0xc0,

    /* U+1E7C "Ṽ" */
    0x0, 0xa, 0xd5, 0x3c, 0x0, 0x0, 0x3, 0xd4,
    0xdf, 0x70, 0x0, 0x0, 0x1, 0x0, 0x10, 0x0,
    0xb, 0xe0, 0x0, 0x0, 0x2, 0xf5, 0x5f, 0x30,
    0x0, 0x0, 0x8f, 0x0, 0xf9, 0x0, 0x0, 0xd,
    0xa0, 0x9, 0xe0, 0x0, 0x3, 0xf4, 0x0, 0x3f,
    0x40, 0x0, 0x9d, 0x0, 0x0, 0xd9, 0x0, 0xe,
    0x80, 0x0, 0x8, 0xe0, 0x4, 0xf2, 0x0, 0x0,
    0x2f, 0x40, 0xac, 0x0, 0x0, 0x0, 0xca, 0xf,
    0x60, 0x0, 0x0, 0x6, 0xf5, 0xf0, 0x0, 0x0,
    0x0, 0xf, 0xda, 0x0, 0x0, 0x0, 0x0, 0xaf,
    0x40, 0x0, 0x0,

    /* U+1E7D "ṽ" */
    0x0, 0xcd, 0x45, 0xa0, 0x6, 0xa4, 0xef, 0x40,
    0x1, 0x10, 0x1, 0x0, 0x9d, 0x0, 0x0, 0xca,
    0x4f, 0x30, 0x2, 0xf4, 0xe, 0x80, 0x7, 0xe0,
    0x9, 0xd0, 0xc, 0x90, 0x3, 0xf2, 0x2f, 0x30,
    0x0, 0xd7, 0x7e, 0x0, 0x0, 0x8c, 0xc8, 0x0,
    0x0, 0x2f, 0xf3, 0x0, 0x0, 0xd, 0xd0, 0x0,

    /* U+1E7E "Ṿ" */
    0xbe, 0x0, 0x0, 0x0, 0x2f, 0x55, 0xf3, 0x0,
    0x0, 0x8, 0xf0, 0xf, 0x90, 0x0, 0x0, 0xda,
    0x0, 0x9e, 0x0, 0x0, 0x3f, 0x40, 0x3, 0xf4,
    0x0, 0x9, 0xd0, 0x0, 0xd, 0x90, 0x0, 0xe8,
    0x0, 0x0, 0x8e, 0x0, 0x4f, 0x20, 0x0, 0x2,
    0xf4, 0xa, 0xc0, 0x0, 0x0, 0xc, 0xa0, 0xf6,
    0x0, 0x0, 0x0, 0x6f, 0x5f, 0x0, 0x0, 0x0,
    0x0, 0xfd, 0xa0, 0x0, 0x0, 0x0, 0xa, 0xf4,
    0x0, 0x0, 0x0, 0x0, 0x0, 0x0, 0x0, 0x0,
    0x0, 0x4, 0xb0, 0x0, 0x0, 0x0, 0x0, 0x6f,
    0x10, 0x0, 0x0,

    /* U+1E7F "ṿ" */
    0x9d, 0x0, 0x0, 0xca, 0x4f, 0x30, 0x2, 0xf4,
    0xe, 0x80, 0x7, 0xe0, 0x9, 0xd0, 0xc, 0x90,
    0x3, 0xf2, 0x2f, 0x30, 0x0, 0xd7, 0x7e, 0x0,
    0x0, 0x8c, 0xc8, 0x0, 0x0, 0x2f, 0xf3, 0x0,
    0x0, 0xd, 0xd0, 0x0, 0x0, 0x0, 0x0, 0x0,
    0x0, 0x7, 0x90, 0x0, 0x0, 0xa, 0xd0, 0x0,

    /* U+1E80 "Ẁ" */
    0x0, 0x0, 0x1, 0xf5, 0x0, 0x0, 0x0, 0x0,
    0x0, 0x0, 0x5, 0xd0, 0x0, 0x0, 0x0, 0x0,
    0x0, 0x0, 0x1, 0x0, 0x0, 0x0, 0x4, 0xf3,
    0x0, 0x5, 0xf7, 0x0, 0x2, 0xf6, 0xf, 0x70,
    0x0, 0x9f, 0xb0, 0x0, 0x5f, 0x20, 0xcb, 0x0,
    0xd, 0xfe, 0x0, 0x9, 0xe0, 0x8, 0xe0, 0x0,
    0xf9, 0xf2, 0x0, 0xda, 0x0, 0x4f, 0x20, 0x4f,
    0x2f, 0x60, 0x1f, 0x60, 0x0, 0xf6, 0x8, 0xd0,
    0xc9, 0x4, 0xf2, 0x0, 0xc, 0xa0, 0xba, 0x8,
    0xd0, 0x8e, 0x0, 0x0, 0x8d, 0xf, 0x60, 0x4f,
    0x1c, 0xa0, 0x0, 0x4, 0xf4, 0xf2, 0x0, 0xf5,
    0xf6, 0x0, 0x0, 0xf, 0xce, 0x0, 0xc, 0xcf,
    0x20, 0x0, 0x0, 0xcf, 0xa0, 0x0, 0x9f, 0xe0,
    0x0, 0x0, 0x8, 0xf6, 0x0, 0x5, 0xfa, 0x0,
    0x0,

    /* U+1E81 "ẁ" */
    0x0, 0x0, 0x1e, 0x50, 0x0, 0x0, 0x0, 0x0,
    0x0, 0x5d, 0x0, 0x0, 0x0, 0x0, 0x0, 0x0,
    0x10, 0x0, 0x0, 0x7, 0xf0, 0x0, 0x4f, 0x60,
    0x0, 0xd9, 0x3f, 0x30, 0x9, 0xfa, 0x0, 0x1f,
    0x40, 0xe7, 0x0, 0xdc, 0xe0, 0x6, 0xf0, 0xa,
    0xc0, 0x1f, 0x4f, 0x30, 0xab, 0x0, 0x5f, 0x6,
    0xe0, 0xc7, 0xe, 0x60, 0x1, 0xf4, 0xa9, 0x8,
    0xb3, 0xf2, 0x0, 0xc, 0x8e, 0x50, 0x4f, 0x7d,
    0x0, 0x0, 0x7e, 0xf1, 0x0, 0xfe, 0x80, 0x0,
    0x2, 0xfc, 0x0, 0xb, 0xf4, 0x0,

    /* U+1E82 "Ẃ" */
    0x0, 0x0, 0x0, 0x3, 0xf3, 0x0, 0x0, 0x0,
    0x0, 0x0, 0x0, 0xb7, 0x0, 0x0, 0x0, 0x0,
    0x0, 0x0, 0x1, 0x0, 0x0, 0x0, 0x4, 0xf3,
    0x0, 0x5, 0xf7, 0x0, 0x2, 0xf6, 0xf, 0x70,
    0x0, 0x9f, 0xb0, 0x0, 0x5f, 0x20, 0xcb, 0x0,
    0xd, 0xfe, 0x0, 0x9, 0xe0, 0x8, 0xe0, 0x0,
    0xf9, 0xf2, 0x0, 0xda, 0x0, 0x4f, 0x20, 0x4f,
    0x2f, 0x60, 0x1f, 0x60, 0x0, 0xf6, 0x8, 0xd0,
    0xc9, 0x4, 0xf2, 0x0, 0xc, 0xa0, 0xba, 0x8,
    0xd0, 0x8e, 0x0, 0x0, 0x8d, 0xf, 0x60, 0x4f,
    0x1c, 0xa0, 0x0, 0x4, 0xf4, 0xf2, 0x0, 0xf5,
    0xf6, 0x0, 0x0, 0xf, 0xce, 0x0, 0xc, 0xcf,
    0x20, 0x0, 0x0, 0xcf, 0xa0, 0x0, 0x9f, 0xe0,
    0x0, 0x0, 0x8, 0xf6, 0x0, 0x5, 0xfa, 0x0,
    0x0,

    /* U+1E83 "ẃ" */
    0x0, 0x0, 0x0, 0x3f, 0x30, 0x0, 0x0, 0x0,
    0x0, 0xb, 0x80, 0x0, 0x0, 0x0, 0x0, 0x0,
    0x10, 0x0, 0x0, 0x7, 0xf0, 0x0, 0x4f, 0x60,
    0x0, 0xd9, 0x3f, 0x30, 0x9, 0xfa, 0x0, 0x1f,
    0x40, 0xe7, 0x0, 0xdc, 0xe0, 0x6, 0xf0, 0xa,
    0xc0, 0x1f, 0x4f, 0x30, 0xab, 0x0, 0x5f, 0x6,
    0xe0, 0xc7, 0xe, 0x60, 0x1, 0xf4, 0xa9, 0x8,
    0xb3, 0xf2, 0x0, 0xc, 0x8e, 0x50, 0x4f, 0x7d,
    0x0, 0x0, 0x7e, 0xf1, 0x0, 0xfe, 0x80, 0x0,
    0x2, 0xfc, 0x0, 0xb, 0xf4, 0x0,

    /* U+1E84 "Ẅ" */
    0x0, 0x0, 0x5, 0x80, 0x76, 0x0, 0x0, 0x0,
    0x0, 0x0, 0x8d, 0xc, 0xa0, 0x0, 0x0, 0x0,
    0x0, 0x0, 0x0, 0x0, 0x0, 0x0, 0x4, 0xf3,
    0x0, 0x5, 0xf7, 0x0, 0x2, 0xf6, 0xf, 0x70,
    0x0, 0x9f, 0xb0, 0x0, 0x5f, 0x20, 0xcb, 0x0,
    0xd, 0xfe, 0x0, 0x9, 0xe0, 0x8, 0xe0, 0x0,
    0xf9, 0xf2, 0x0, 0xda, 0x0, 0x4f, 0x20, 0x4f,
    0x2f, 0x60, 0x1f, 0x60, 0x0, 0xf6, 0x8, 0xd0,
    0xc9, 0x4, 0xf2, 0x0, 0xc, 0xa0, 0xba, 0x8,
    0xd0, 0x8e, 0x0, 0x0, 0x8d, 0xf, 0x60, 0x4f,
    0x1c, 0xa0, 0x0, 0x4, 0xf4, 0xf2, 0x0, 0xf5,
    0xf6, 0x0, 0x0, 0xf, 0xce, 0x0, 0xc, 0xcf,
    0x20, 0x0, 0x0, 0xcf, 0xa0, 0x0, 0x9f, 0xe0,
    0x0, 0x0, 0x8, 0xf6, 0x0, 0x5, 0xfa, 0x0,
    0x0,

    /* U+1E85 "ẅ" */
    0x0, 0x0, 0x8e, 0xc, 0xa0, 0x0, 0x0, 0x0,
    0x5, 0x80, 0x76, 0x0, 0x0, 0x0, 0x0, 0x0,
    0x0, 0x0, 0x0, 0x7, 0xf0, 0x0, 0x4f, 0x60,
    0x0, 0xd9, 0x3f, 0x30, 0x9, 0xfa, 0x0, 0x1f,
    0x40, 0xe7, 0x0, 0xdc, 0xe0, 0x6, 0xf0, 0xa,
    0xc0, 0x1f, 0x4f, 0x30, 0xab, 0x0, 0x5f, 0x6,
    0xe0, 0xc7, 0xe, 0x60, 0x1, 0xf4, 0xa9, 0x8,
    0xb3, 0xf2, 0x0, 0xc, 0x8e, 0x50, 0x4f, 0x7d,
    0x0, 0x0, 0x7e, 0xf1, 0x0, 0xfe, 0x80, 0x0,
    0x2, 0xfc, 0x0, 0xb, 0xf4, 0x0,

    /* U+1E86 "Ẇ" */
    0x0, 0x0, 0x0, 0x2f, 0x50, 0x0, 0x0, 0x0,
    0x0, 0x0, 0x1, 0xb3, 0x0, 0x0, 0x0, 0x0,
    0x0, 0x0, 0x0, 0x0, 0x0, 0x0, 0xa, 0xd0,
    0x0, 0x7, 0xfa, 0x0, 0x0, 0xbc, 0x6f, 0x10,
    0x0, 0xbe, 0xe0, 0x0, 0xe, 0x82, 0xf4, 0x0,
    0xf, 0x7f, 0x20, 0x2, 0xf4, 0xe, 0x80, 0x4,
    0xf1, 0xe7, 0x0, 0x6f, 0x0, 0xab, 0x0, 0x8c,
    0xa, 0xb0, 0xa, 0xc0, 0x6, 0xf0, 0xc, 0x80,
    0x6f, 0x0, 0xe7, 0x0, 0x2f, 0x21, 0xf3, 0x2,
    0xf3, 0x1f, 0x30, 0x0, 0xe6, 0x5f, 0x0, 0xd,
    0x75, 0xf0, 0x0, 0xa, 0x99, 0xb0, 0x0, 0x9b,
    0x9b, 0x0, 0x0, 0x6d, 0xc7, 0x0, 0x5, 0xec,
    0x60, 0x0, 0x2, 0xff, 0x20, 0x0, 0x1f, 0xf2,
    0x0, 0x0, 0xe, 0xe0, 0x0, 0x0, 0xce, 0x0,
    0x0,

    /* U+1E87 "ẇ" */
    0x0, 0x0, 0xd, 0x90, 0x0, 0x0, 0x0, 0x0,
    0x9, 0x60, 0x0, 0x0, 0x0, 0x0, 0x0, 0x0,
    0x0, 0x0, 0xca, 0x0, 0xf, 0xa0, 0x0, 0xf5,
    0x8e, 0x0, 0x4f, 0xe0, 0x5, 0xf0, 0x3f, 0x20,
    0x8d, 0xf2, 0x9, 0xb0, 0xe, 0x60, 0xc7, 0xf6,
    0xd, 0x70, 0xa, 0xa0, 0xf3, 0xb9, 0x1f, 0x20,
    0x5, 0xe4, 0xf0, 0x7d, 0x6e, 0x0, 0x1, 0xfb,
    0xb0, 0x3f, 0xc9, 0x0, 0x0, 0xcf, 0x70, 0xf,
    0xf4, 0x0, 0x0, 0x8f, 0x30, 0xb, 0xf0, 0x0,

    /* U+1E88 "Ẉ" */
    0xad, 0x0, 0x0, 0x7f, 0xa0, 0x0, 0xb, 0xc6,
    0xf1, 0x0, 0xb, 0xee, 0x0, 0x0, 0xe8, 0x2f,
    0x40, 0x0, 0xf7, 0xf2, 0x0, 0x2f, 0x40, 0xe8,
    0x0, 0x4f, 0x1e, 0x70, 0x6, 0xf0, 0xa, 0xb0,
    0x8, 0xc0, 0xab, 0x0, 0xac, 0x0, 0x6f, 0x0,
    0xc8, 0x6, 0xf0, 0xe, 0x70, 0x2, 0xf2, 0x1f,
    0x30, 0x2f, 0x31, 0xf3, 0x0, 0xe, 0x65, 0xf0,
    0x0, 0xd7, 0x5f, 0x0, 0x0, 0xa9, 0x9b, 0x0,
    0x9, 0xb9, 0xb0, 0x0, 0x6, 0xdc, 0x70, 0x0,
    0x5e, 0xc6, 0x0, 0x0, 0x2f, 0xf2, 0x0, 0x1,
    0xff, 0x20, 0x0, 0x0, 0xee, 0x0, 0x0, 0xc,
    0xe0, 0x0, 0x0, 0x0, 0x0, 0x0, 0x0, 0x0,
    0x0, 0x0, 0x0, 0x0, 0x1, 0xb3, 0x0, 0x0,
    0x0, 0x0, 0x0, 0x0, 0x2f, 0x50, 0x0, 0x0,
    0x0,

    /* U+1E89 "ẉ" */
    0xca, 0x0, 0xf, 0xa0, 0x0, 0xf5, 0x8e, 0x0,
    0x4f, 0xe0, 0x5, 0xf0, 0x3f, 0x20, 0x8d, 0xf2,
    0x9, 0xb0, 0xe, 0x60, 0xc7, 0xf6, 0xd, 0x70,
    0xa, 0xa0, 0xf3, 0xb9, 0x1f, 0x20, 0x5, 0xe4,
    0xf0, 0x7d, 0x6e, 0x0, 0x1, 0xfb, 0xb0, 0x3f,
    0xc9, 0x0, 0x0, 0xcf, 0x70, 0xf, 0xf4, 0x0,
    0x0, 0x8f, 0x30, 0xb, 0xf0, 0x0, 0x0, 0x0,
    0x0, 0x0, 0x0, 0x0, 0x0, 0x0, 0x9, 0x60,
    0x0, 0x0, 0x0, 0x0, 0xd, 0x90, 0x0, 0x0,

    /* U+1E8A "Ẋ" */
    0x0, 0x0, 0x2f, 0x50, 0x0, 0x0, 0x0, 0x1,
    0xb3, 0x0, 0x0, 0x0, 0x0, 0x0, 0x0, 0x0,
    0x1, 0xfb, 0x0, 0x0, 0xb, 0xd0, 0x6, 0xf6,
    0x0, 0x7, 0xf3, 0x0, 0xb, 0xf2, 0x3, 0xf7,
    0x0, 0x0, 0x1e, 0xb0, 0xdc, 0x0, 0x0, 0x0,
    0x5f, 0xcf, 0x10, 0x0, 0x0, 0x0, 0xbf, 0x70,
    0x0, 0x0, 0x0, 0x1e, 0xfc, 0x0, 0x0, 0x0,
    0xb, 0xe5, 0xf8, 0x0, 0x0, 0x7, 0xf4, 0xa,
    0xf3, 0x0, 0x2, 0xf9, 0x0, 0x1e, 0xd0, 0x0,
    0xde, 0x0, 0x0, 0x4f, 0x80, 0x9f, 0x40, 0x0,
    0x0, 0xaf, 0x30,

    /* U+1E8B "ẋ" */
    0x0, 0xa, 0xc0, 0x0, 0x0, 0x7, 0x80, 0x0,
    0x0, 0x0, 0x0, 0x0, 0x5f, 0x60, 0x5, 0xf5,
    0xa, 0xe1, 0x1e, 0xa0, 0x1, 0xe9, 0xae, 0x10,
    0x0, 0x5f, 0xf4, 0x0, 0x0, 0x1f, 0xf1, 0x0,
    0x0, 0x9e, 0xea, 0x0, 0x4, 0xf5, 0x5f, 0x40,
    0xd, 0xb0, 0xb, 0xd0, 0x9f, 0x20, 0x2, 0xf9,

    /* U+1E8C "Ẍ" */
    0x0, 0xe, 0x90, 0xf7, 0x0, 0x0, 0x0, 0x96,
    0xb, 0x50, 0x0, 0x0, 0x0, 0x0, 0x0, 0x0,
    0x1, 0xfb, 0x0, 0x0, 0xb, 0xd0, 0x6, 0xf6,
    0x0, 0x7, 0xf3, 0x0, 0xb, 0xf2, 0x3, 0xf7,
    0x0, 0x0, 0x1e, 0xb0, 0xdc, 0x0, 0x0, 0x0,
    0x5f, 0xcf, 0x10, 0x0, 0x0, 0x0, 0xbf, 0x70,
    0x0, 0x0, 0x0, 0x1e, 0xfc, 0x0, 0x0, 0x0,
    0xb, 0xe5, 0xf8, 0x0, 0x0, 0x7, 0xf4, 0xa,
    0xf3, 0x0, 0x2, 0xf9, 0x0, 0x1e, 0xd0, 0x0,
    0xde, 0x0, 0x0, 0x4f, 0x80, 0x9f, 0x40, 0x0,
    0x0, 0xaf, 0x30,

    /* U+1E8D "ẍ" */
    0x4, 0xf3, 0x5f, 0x10, 0x2, 0xb2, 0x3b, 0x0,
    0x0, 0x0, 0x0, 0x0, 0x5f, 0x60, 0x5, 0xf5,
    0xa, 0xe1, 0x1e, 0xa0, 0x1, 0xe9, 0xae, 0x10,
    0x0, 0x5f, 0xf4, 0x0, 0x0, 0x1f, 0xf1, 0x0,
    0x0, 0x9e, 0xea, 0x0, 0x4, 0xf5, 0x5f, 0x40,
    0xd, 0xb0, 0xb, 0xd0, 0x9f, 0x20, 0x2, 0xf9,

    /* U+1E8E "Ẏ" */
    0x0, 0x0, 0x5f, 0x10, 0x0, 0x0, 0x0, 0x3,
    0xb1, 0x0, 0x0, 0x0, 0x0, 0x0, 0x0, 0x0,
    0x9, 0xf3, 0x0, 0x0, 0x8, 0xf4, 0x1e, 0xd0,
    0x0, 0x2, 0xf9, 0x0, 0x5f, 0x70, 0x0, 0xce,
    0x0, 0x0, 0xaf, 0x20, 0x6f, 0x40, 0x0, 0x1,
    0xfb, 0x1e, 0x90, 0x0, 0x0, 0x6, 0xfc, 0xe0,
    0x0, 0x0, 0x0, 0xc, 0xf4, 0x0, 0x0, 0x0,
    0x0, 0x8f, 0x0, 0x0, 0x0, 0x0, 0x8, 0xf0,
    0x0, 0x0, 0x0, 0x0, 0x8f, 0x0, 0x0, 0x0,
    0x0, 0x8, 0xf0, 0x0, 0x0, 0x0, 0x0, 0x8f,
    0x0, 0x0, 0x0,

    /* U+1E8F "ẏ" */
    0x0, 0x9, 0xe0, 0x0, 0x0, 0x6, 0x90, 0x0,
    0x0, 0x0, 0x0, 0x0, 0x8e, 0x0, 0x0, 0xbb,
    0x2f, 0x40, 0x1, 0xf5, 0xd, 0xa0, 0x7, 0xe0,
    0x7, 0xf0, 0xc, 0x90, 0x1, 0xf5, 0x2f, 0x30,
    0x0, 0xbb, 0x7d, 0x0, 0x0, 0x5f, 0xc8, 0x0,
    0x0, 0xf, 0xf2, 0x0, 0x0, 0xb, 0xc0, 0x0,
    0x0, 0xe, 0x60, 0x0, 0x7, 0xbe, 0x0, 0x0,
    0xe, 0xd3, 0x0, 0x0,

    /* U+1E90 "Ẑ" */
    0x0, 0x3, 0xff, 0x30, 0x0, 0x0, 0x1e, 0x86,
    0xe2, 0x0, 0x0, 0x0, 0x0, 0x0, 0x0, 0xf,
    0xff, 0xff, 0xff, 0xf2, 0x7, 0x77, 0x77, 0x7e,
    0xf1, 0x0, 0x0, 0x0, 0x8f, 0x50, 0x0, 0x0,
    0x5, 0xf8, 0x0, 0x0, 0x0, 0x2f, 0xc0, 0x0,
    0x0, 0x0, 0xde, 0x10, 0x0, 0x0, 0xa, 0xf3,
    0x0, 0x0, 0x0, 0x6f, 0x60, 0x0, 0x0, 0x3,
    0xfa, 0x0, 0x0, 0x0, 0x1d, 0xd0, 0x0, 0x0,
    0x0, 0x9f, 0x97, 0x77, 0x77, 0x72, 0xbf, 0xff,
    0xff, 0xff, 0xf5,

    /* U+1E91 "ẑ" */
    0x0, 0x2e, 0xf4, 0x0, 0x0, 0xc9, 0x5e, 0x30,
    0x0, 0x0, 0x0, 0x0, 0x6f, 0xff, 0xff, 0xf6,
    0x13, 0x33, 0x3c, 0xe1, 0x0, 0x0, 0x6f, 0x30,
    0x0, 0x3, 0xf7, 0x0, 0x0, 0x1e, 0xa0, 0x0,
    0x0, 0xcd, 0x0, 0x0, 0xa, 0xf2, 0x0, 0x0,
    0x6f, 0x94, 0x44, 0x42, 0xaf, 0xff, 0xff, 0xfa,

    /* U+1E92 "Ẓ" */
    0xf, 0xff, 0xff, 0xff, 0xf2, 0x7, 0x77, 0x77,
    0x7e, 0xf1, 0x0, 0x0, 0x0, 0x8f, 0x50, 0x0,
    0x0, 0x5, 0xf8, 0x0, 0x0, 0x0, 0x2f, 0xc0,
    0x0, 0x0, 0x0, 0xde, 0x10, 0x0, 0x0, 0xa,
    0xf3, 0x0, 0x0, 0x0, 0x6f, 0x60, 0x0, 0x0,
    0x3, 0xfa, 0x0, 0x0, 0x0, 0x1d, 0xd0, 0x0,
    0x0, 0x0, 0x9f, 0x97, 0x77, 0x77, 0x72, 0xbf,
    0xff, 0xff, 0xff, 0xf5, 0x0, 0x0, 0x0, 0x0,
    0x0, 0x0, 0x0, 0xb4, 0x0, 0x0, 0x0, 0x0,
    0xf6, 0x0, 0x0,

    /* U+1E93 "ẓ" */
    0x6f, 0xff, 0xff, 0xf6, 0x13, 0x33, 0x3c, 0xe1,
    0x0, 0x0, 0x6f, 0x30, 0x0, 0x3, 0xf7, 0x0,
    0x0, 0x1e, 0xa0, 0x0, 0x0, 0xcd, 0x0, 0x0,
    0xa, 0xf2, 0x0, 0x0, 0x6f, 0x94, 0x44, 0x42,
    0xaf, 0xff, 0xff, 0xfa, 0x0, 0x0, 0x0, 0x0,
    0x0, 0x8, 0x70, 0x0, 0x0, 0xc, 0xb0, 0x0,

    /* U+1E94 "Ẕ" */
    0xf, 0xff, 0xff, 0xff, 0xf2, 0x7, 0x77, 0x77,
    0x7e, 0xf1, 0x0, 0x0, 0x0, 0x8f, 0x50, 0x0,
    0x0, 0x5, 0xf8, 0x0, 0x0, 0x0, 0x2f, 0xc0,
    0x0, 0x0, 0x0, 0xde, 0x10, 0x0, 0x0, 0xa,
    0xf3, 0x0, 0x0, 0x0, 0x6f, 0x60, 0x0, 0x0,
    0x3, 0xfa, 0x0, 0x0, 0x0, 0x1d, 0xd0, 0x0,
    0x0, 0x0, 0x9f, 0x97, 0x77, 0x77, 0x72, 0xbf,
    0xff, 0xff, 0xff, 0xf5, 0x0, 0x0, 0x0, 0x0,
    0x0, 0x0, 0x24, 0x44, 0x41, 0x0, 0x0, 0x9f,
    0xff, 0xf4, 0x0,

    /* U+1E95 "ẕ" */
    0x6f, 0xff, 0xff, 0xf6, 0x13, 0x33, 0x3c, 0xe1,
    0x0, 0x0, 0x6f, 0x30, 0x0, 0x3, 0xf7, 0x0,
    0x0, 0x1e, 0xa0, 0x0, 0x0, 0xcd, 0x0, 0x0,
    0xa, 0xf2, 0x0, 0x0, 0x6f, 0x94, 0x44, 0x42,
    0xaf, 0xff, 0xff, 0xfa, 0x0, 0x0, 0x0, 0x0,
    0x1, 0x44, 0x44, 0x10, 0x6, 0xff, 0xff, 0x70,

    /* U+1E96 "ẖ" */
    0xe7, 0x0, 0x0, 0xe, 0x70, 0x0, 0x0, 0xe7,
    0x0, 0x0, 0xe, 0x89, 0xfe, 0x90, 0xef, 0xb5,
    0x8f, 0x8e, 0xd0, 0x0, 0xbc, 0xe9, 0x0, 0x9,
    0xde, 0x70, 0x0, 0x9d, 0xe7, 0x0, 0x9, 0xde,
    0x70, 0x0, 0x9d, 0xe7, 0x0, 0x9, 0xde, 0x70,
    0x0, 0x9d, 0x0, 0x0, 0x0, 0x0, 0x34, 0x44,
    0x30, 0xe, 0xff, 0xff, 0x0,

    /* U+1E97 "ẗ" */
    0xf7, 0x1f, 0x5a, 0x50, 0xb4, 0x0, 0x0, 0x0,
    0x38, 0x0, 0xb, 0xb0, 0x0, 0xbb, 0x0, 0xbf,
    0xff, 0x11, 0xbb, 0x20, 0xb, 0xb0, 0x0, 0xbb,
    0x0, 0xb, 0xb0, 0x0, 0xbb, 0x0, 0xb, 0xb0,
    0x0, 0xae, 0x61, 0x3, 0xef, 0x30,

    /* U+1E98 "ẘ" */
    0x0, 0x0, 0x4a, 0xa2, 0x0, 0x0, 0x0, 0x0,
    0x39, 0x91, 0x0, 0x0, 0x0, 0x0, 0x0, 0x0,
    0x0, 0x0, 0xca, 0x0, 0xf, 0xa0, 0x0, 0xf5,
    0x8e, 0x0, 0x4f, 0xe0, 0x5, 0xf0, 0x3f, 0x20,
    0x8d, 0xf2, 0x9, 0xb0, 0xe, 0x60, 0xc7, 0xf6,
    0xd, 0x70, 0xa, 0xa0, 0xf3, 0xb9, 0x1f, 0x20,
    0x5, 0xe4, 0xf0, 0x7d, 0x6e, 0x0, 0x1, 0xfb,
    0xb0, 0x3f, 0xc9, 0x0, 0x0, 0xcf, 0x70, 0xf,
    0xf4, 0x0, 0x0, 0x8f, 0x30, 0xb, 0xf0, 0x0,

    /* U+1E99 "ẙ" */
    0x0, 0x2a, 0xa4, 0x0, 0x0, 0x19, 0x92, 0x0,
    0x0, 0x0, 0x0, 0x0, 0x8e, 0x0, 0x0, 0xbb,
    0x2f, 0x40, 0x1, 0xf5, 0xd, 0xa0, 0x7, 0xe0,
    0x7, 0xf0, 0xc, 0x90, 0x1, 0xf5, 0x2f, 0x30,
    0x0, 0xbb, 0x7d, 0x0, 0x0, 0x5f, 0xc8, 0x0,
    0x0, 0xf, 0xf2, 0x0, 0x0, 0xb, 0xc0, 0x0,
    0x0, 0xe, 0x60, 0x0, 0x7, 0xbe, 0x0, 0x0,
    0xe, 0xd3, 0x0, 0x0,

    /* U+1E9A "ẚ" */
    0x0, 0x0, 0x0, 0x2b, 0x30, 0x0, 0x0, 0x0,
    0x1c, 0x0, 0x0, 0x0, 0x1, 0xc0, 0x0, 0x0,
    0x2, 0xb3, 0x0, 0x8d, 0xfe, 0xa0, 0x0, 0xae,
    0x53, 0x7f, 0x90, 0xc, 0x50, 0x0, 0xac, 0x0,
    0x0, 0x3, 0x6d, 0xc0, 0x4, 0xcf, 0xfd, 0xdd,
    0x2, 0xfb, 0x41, 0xa, 0xd0, 0x5f, 0x20, 0x0,
    0xdd, 0x2, 0xf8, 0x1, 0x9f, 0xd0, 0x5, 0xdf,
    0xd8, 0x6f, 0x10,

    /* U+1E9B "ẛ" */
    0x0, 0xbb, 0x0, 0x7, 0x80, 0x0, 0x0, 0x0,
    0x2c, 0xfd, 0x8, 0xf7, 0x50, 0x9c, 0x0, 0xef,
    0xc0, 0x2, 0xac, 0x0, 0xa, 0xc0, 0x0, 0xac,
    0x0, 0xa, 0xc0, 0x0, 0xac, 0x0, 0xa, 0xc0,
    0x0, 0xac, 0x0, 0xa, 0xc0, 0x0,

    /* U+1E9E "ẞ" */
    0x3, 0xcf, 0xff, 0xff, 0x50, 0x1e, 0xc7, 0x66,
    0xdf, 0x30, 0x6f, 0x10, 0x6, 0xf6, 0x0, 0x8d,
    0x0, 0x6f, 0x60, 0x0, 0x8d, 0x5, 0xf6, 0x0,
    0x0, 0x8d, 0xc, 0xff, 0xc6, 0x0, 0x8d, 0x2,
    0x34, 0x9f, 0x80, 0x8d, 0x0, 0x0, 0x9, 0xf0,
    0x8d, 0x0, 0x0, 0x6, 0xf0, 0x8d, 0x0, 0x0,
    0xb, 0xe0, 0x8d, 0x6, 0x67, 0xbf, 0x60, 0x8d,
    0x1f, 0xff, 0xc5, 0x0,

    /* U+1EA0 "Ạ" */
    0x0, 0x0, 0xcf, 0x60, 0x0, 0x0, 0x0, 0x1f,
    0xcc, 0x0, 0x0, 0x0, 0x7, 0xe3, 0xf1, 0x0,
    0x0, 0x0, 0xc9, 0xe, 0x70, 0x0, 0x0, 0x1f,
    0x30, 0x8c, 0x0, 0x0, 0x7, 0xe0, 0x3, 0xf2,
    0x0, 0x0, 0xc9, 0x11, 0x1e, 0x70, 0x0, 0x2f,
    0xff, 0xff, 0xfd, 0x0, 0x7, 0xe4, 0x44, 0x46,
    0xf2, 0x0, 0xd9, 0x0, 0x0, 0xe, 0x80, 0x2f,
    0x40, 0x0, 0x0, 0x9d, 0x8, 0xf0, 0x0, 0x0,
    0x4, 0xf3, 0x0, 0x0, 0x27, 0x0, 0x0, 0x0,
    0x0, 0x5, 0xf0, 0x0, 0x0,

    /* U+1EA1 "ạ" */
    0x0, 0x8d, 0xfc, 0x40, 0x0, 0x9f, 0x75, 0xaf,
    0x30, 0xc, 0x60, 0x0, 0xc9, 0x0, 0x0, 0x2,
    0x5d, 0xb0, 0x2, 0xbf, 0xfc, 0xdb, 0x1, 0xe9,
    0x20, 0xa, 0xb0, 0x4f, 0x20, 0x1, 0xeb, 0x1,
    0xfc, 0x78, 0xee, 0xe3, 0x5, 0xdf, 0xd5, 0x3e,
    0x70, 0x0, 0x37, 0x0, 0x0, 0x0, 0x7, 0xf0,
    0x0, 0x0,

    /* U+1EA2 "Ả" */
    0x0, 0x0, 0xce, 0x40, 0x0, 0x0, 0x0, 0x0,
    0x89, 0x0, 0x0, 0x0, 0x0, 0xb, 0x30, 0x0,
    0x0, 0x0, 0x0, 0x0, 0x0, 0x0, 0x0, 0x0,
    0xcf, 0x60, 0x0, 0x0, 0x0, 0x1f, 0xcc, 0x0,
    0x0, 0x0, 0x7, 0xe3, 0xf1, 0x0, 0x0, 0x0,
    0xc9, 0xe, 0x70, 0x0, 0x0, 0x1f, 0x30, 0x8c,
    0x0, 0x0, 0x7, 0xe0, 0x3, 0xf2, 0x0, 0x0,
    0xc9, 0x11, 0x1e, 0x70, 0x0, 0x2f, 0xff, 0xff,
    0xfd, 0x0, 0x7, 0xe4, 0x44, 0x46, 0xf2, 0x0,
    0xd9, 0x0, 0x0, 0xe, 0x80, 0x2f, 0x40, 0x0,
    0x0, 0x9d, 0x8, 0xf0, 0x0, 0x0, 0x4, 0xf3,

    /* U+1EA3 "ả" */
    0x0, 0xb, 0xf6, 0x0, 0x0, 0x0, 0x6, 0xb0,
    0x0, 0x0, 0x0, 0xa5, 0x0, 0x0, 0x0, 0x1,
    0x0, 0x0, 0x0, 0x8d, 0xfc, 0x40, 0x0, 0x9f,
    0x75, 0xaf, 0x30, 0xc, 0x60, 0x0, 0xc9, 0x0,
    0x0, 0x2, 0x5d, 0xb0, 0x2, 0xbf, 0xfc, 0xdb,
    0x1, 0xe9, 0x20, 0xa, 0xb0, 0x4f, 0x20, 0x1,
    0xeb, 0x1, 0xfc, 0x78, 0xee, 0xe3, 0x5, 0xdf,
    0xd5, 0x3e, 0x70,

    /* U+1EA4 "Ấ" */
    0x0, 0x0, 0x0, 0xa, 0xc0, 0x0, 0x0, 0x1,
    0x31, 0xf3, 0x0, 0x0, 0x0, 0xde, 0x91, 0x0,
    0x0, 0x0, 0x8a, 0x1d, 0x30, 0x0, 0x0, 0x0,
    0x0, 0x0, 0x0, 0x0, 0x0, 0xc, 0xf6, 0x0,
    0x0, 0x0, 0x1, 0xfc, 0xc0, 0x0, 0x0, 0x0,
    0x7e, 0x3f, 0x10, 0x0, 0x0, 0xc, 0x90, 0xe7,
    0x0, 0x0, 0x1, 0xf3, 0x8, 0xc0, 0x0, 0x0,
    0x7e, 0x0, 0x3f, 0x20, 0x0, 0xc, 0x91, 0x11,
    0xe7, 0x0, 0x2, 0xff, 0xff, 0xff, 0xd0, 0x0,
    0x7e, 0x44, 0x44, 0x6f, 0x20, 0xd, 0x90, 0x0,
    0x0, 0xe8, 0x2, 0xf4, 0x0, 0x0, 0x9, 0xd0,
    0x8f, 0x0, 0x0, 0x0, 0x4f, 0x30,

    /* U+1EA5 "ấ" */
    0x0, 0x0, 0x0, 0x8d, 0x0, 0x0, 0x0, 0xe,
    0x40, 0x0, 0xa, 0xf8, 0x10, 0x0, 0x5, 0xc1,
    0xd3, 0x0, 0x0, 0x10, 0x0, 0x10, 0x0, 0x8,
    0xdf, 0xc4, 0x0, 0x9, 0xf7, 0x5a, 0xf3, 0x0,
    0xc6, 0x0, 0xc, 0x90, 0x0, 0x0, 0x25, 0xdb,
    0x0, 0x2b, 0xff, 0xcd, 0xb0, 0x1e, 0x92, 0x0,
    0xab, 0x4, 0xf2, 0x0, 0x1e, 0xb0, 0x1f, 0xc7,
    0x8e, 0xee, 0x30, 0x5d, 0xfd, 0x53, 0xe7,

    /* U+1EA6 "Ầ" */
    0x0, 0x0, 0x0, 0x7e, 0x0, 0x0, 0x0, 0x1,
    0x31, 0xe5, 0x0, 0x0, 0x0, 0xde, 0x81, 0x10,
    0x0, 0x0, 0x8a, 0x1d, 0x30, 0x0, 0x0, 0x0,
    0x0, 0x0, 0x0, 0x0, 0x0, 0xc, 0xf6, 0x0,
    0x0, 0x0, 0x1, 0xfc, 0xc0, 0x0, 0x0, 0x0,
    0x7e, 0x3f, 0x10, 0x0, 0x0, 0xc, 0x90, 0xe7,
    0x0, 0x0, 0x1, 0xf3, 0x8, 0xc0, 0x0, 0x0,
    0x7e, 0x0, 0x3f, 0x20, 0x0, 0xc, 0x91, 0x11,
    0xe7, 0x0, 0x2, 0xff, 0xff, 0xff, 0xd0, 0x0,
    0x7e, 0x44, 0x44, 0x6f, 0x20, 0xd, 0x90, 0x0,
    0x0, 0xe8, 0x2, 0xf4, 0x0, 0x0, 0x9, 0xd0,
    0x8f, 0x0, 0x0, 0x0, 0x4f, 0x30,

    /* U+1EA7 "ầ" */
    0x0, 0x0, 0x6, 0xf0, 0x0, 0x0, 0x0, 0xc,
    0x60, 0x0, 0xa, 0xf8, 0x1, 0x0, 0x5, 0xc1,
    0xd3, 0x0, 0x0, 0x10, 0x0, 0x10, 0x0, 0x8,
    0xdf, 0xc4, 0x0, 0x9, 0xf7, 0x5a, 0xf3, 0x0,
    0xc6, 0x0, 0xc, 0x90, 0x0, 0x0, 0x25, 0xdb,
    0x0, 0x2b, 0xff, 0xcd, 0xb0, 0x1e, 0x92, 0x0,
    0xab, 0x4, 0xf2, 0x0, 0x1e, 0xb0, 0x1f, 0xc7,
    0x8e, 0xee, 0x30, 0x5d, 0xfd, 0x53, 0xe7,

    /* U+1EA8 "Ẩ" */
    0x0, 0x0, 0x0, 0xdc, 0x10, 0x0, 0x0, 0x0,
    0x0, 0xc2, 0x0, 0x0, 0x0, 0xae, 0x76, 0x0,
    0x0, 0x0, 0x6b, 0x2e, 0x20, 0x0, 0x0, 0x1,
    0x0, 0x0, 0x0, 0x0, 0x0, 0xc, 0xf6, 0x0,
    0x0, 0x0, 0x1, 0xfc, 0xc0, 0x0, 0x0, 0x0,
    0x7e, 0x3f, 0x10, 0x0, 0x0, 0xc, 0x90, 0xe7,
    0x0, 0x0, 0x1, 0xf3, 0x8, 0xc0, 0x0, 0x0,
    0x7e, 0x0, 0x3f, 0x20, 0x0, 0xc, 0x91, 0x11,
    0xe7, 0x0, 0x2, 0xff, 0xff, 0xff, 0xd0, 0x0,
    0x7e, 0x44, 0x44, 0x6f, 0x20, 0xd, 0x90, 0x0,
    0x0, 0xe8, 0x2, 0xf4, 0x0, 0x0, 0x9, 0xd0,
    0x8f, 0x0, 0x0, 0x0, 0x4f, 0x30,

    /* U+1EA9 "ẩ" */
    0x0, 0x0, 0xc, 0xd2, 0x0, 0x0, 0x0, 0xa,
    0x30, 0x0, 0xa, 0xf9, 0x60, 0x0, 0x4, 0xd2,
    0xe3, 0x0, 0x0, 0x11, 0x1, 0x10, 0x0, 0x8,
    0xdf, 0xc4, 0x0, 0x9, 0xf7, 0x5a, 0xf3, 0x0,
    0xc6, 0x0, 0xc, 0x90, 0x0, 0x0, 0x25, 0xdb,
    0x0, 0x2b, 0xff, 0xcd, 0xb0, 0x1e, 0x92, 0x0,
    0xab, 0x4, 0xf2, 0x0, 0x1e, 0xb0, 0x1f, 0xc7,
    0x8e, 0xee, 0x30, 0x5d, 0xfd, 0x53, 0xe7,

    /* U+1EAA "Ẫ" */
    0x0, 0x7, 0xe7, 0x3a, 0x0, 0x0, 0x0, 0xc0,
    0xae, 0x30, 0x0, 0x0, 0x0, 0x59, 0x20, 0x0,
    0x0, 0x0, 0x4d, 0x6d, 0x10, 0x0, 0x0, 0x2,
    0x10, 0x21, 0x0, 0x0, 0x0, 0xc, 0xf6, 0x0,
    0x0, 0x0, 0x1, 0xfc, 0xc0, 0x0, 0x0, 0x0,
    0x7e, 0x3f, 0x10, 0x0, 0x0, 0xc, 0x90, 0xe7,
    0x0, 0x0, 0x1, 0xf3, 0x8, 0xc0, 0x0, 0x0,
    0x7e, 0x0, 0x3f, 0x20, 0x0, 0xc, 0x91, 0x11,
    0xe7, 0x0, 0x2, 0xff, 0xff, 0xff, 0xd0, 0x0,
    0x7e, 0x44, 0x44, 0x6f, 0x20, 0xd, 0x90, 0x0,
    0x0, 0xe8, 0x2, 0xf4, 0x0, 0x0, 0x9, 0xd0,
    0x8f, 0x0, 0x0, 0x0, 0x4f, 0x30,

    /* U+1EAB "ẫ" */
    0x0, 0x8e, 0xee, 0x80, 0x0, 0x0, 0x0, 0x0,
    0x0, 0x0, 0x9, 0xf8, 0x0, 0x0, 0x4, 0xd2,
    0xe3, 0x0, 0x0, 0x21, 0x1, 0x10, 0x0, 0x8,
    0xdf, 0xc4, 0x0, 0x9, 0xf7, 0x5a, 0xf3, 0x0,
    0xc6, 0x0, 0xc, 0x90, 0x0, 0x0, 0x25, 0xdb,
    0x0, 0x2b, 0xff, 0xcd, 0xb0, 0x1e, 0x92, 0x0,
    0xab, 0x4, 0xf2, 0x0, 0x1e, 0xb0, 0x1f, 0xc7,
    0x8e, 0xee, 0x30, 0x5d, 0xfd, 0x53, 0xe7,

    /* U+1EAC "Ậ" */
    0x0, 0x0, 0x48, 0x20, 0x0, 0x0, 0x0, 0x2e,
    0x8c, 0x0, 0x0, 0x0, 0x5, 0x30, 0x62, 0x0,
    0x0, 0x0, 0x0, 0x0, 0x0, 0x0, 0x0, 0x0,
    0xcf, 0x60, 0x0, 0x0, 0x0, 0x1f, 0xcc, 0x0,
    0x0, 0x0, 0x7, 0xe3, 0xf1, 0x0, 0x0, 0x0,
    0xc9, 0xe, 0x70, 0x0, 0x0, 0x1f, 0x30, 0x8c,
    0x0, 0x0, 0x7, 0xe0, 0x3, 0xf2, 0x0, 0x0,
    0xc9, 0x11, 0x1e, 0x70, 0x0, 0x2f, 0xff, 0xff,
    0xfd, 0x0, 0x7, 0xe4, 0x44, 0x46, 0xf2, 0x0,
    0xd9, 0x0, 0x0, 0xe, 0x80, 0x2f, 0x40, 0x0,
    0x0, 0x9d, 0x8, 0xf0, 0x0, 0x0, 0x4, 0xf3,
    0x0, 0x0, 0x27, 0x0, 0x0, 0x0, 0x0, 0x5,
    0xf0, 0x0, 0x0,

    /* U+1EAD "ậ" */
    0x0, 0xa, 0xa9, 0x0, 0x0, 0x5, 0x90, 0xb4,
    0x0, 0x0, 0x0, 0x0, 0x0, 0x0, 0x8, 0xdf,
    0xc4, 0x0, 0x9, 0xf7, 0x5a, 0xf3, 0x0, 0xc6,
    0x0, 0xc, 0x90, 0x0, 0x0, 0x25, 0xdb, 0x0,
    0x2b, 0xff, 0xcd, 0xb0, 0x1e, 0x92, 0x0, 0xab,
    0x4, 0xf2, 0x0, 0x1e, 0xb0, 0x1f, 0xc7, 0x8e,
    0xee, 0x30, 0x5d, 0xfd, 0x53, 0xe7, 0x0, 0x3,
    0x70, 0x0, 0x0, 0x0, 0x7f, 0x0, 0x0,

    /* U+1EAE "Ắ" */
    0x0, 0x0, 0x9, 0xa0, 0x0, 0x0, 0x0, 0x0,
    0xc2, 0x0, 0x0, 0x0, 0xc, 0x40, 0x97, 0x0,
    0x0, 0x0, 0x3e, 0xfc, 0x0, 0x0, 0x0, 0x0,
    0x0, 0x0, 0x0, 0x0, 0x0, 0xc, 0xf6, 0x0,
    0x0, 0x0, 0x1, 0xfc, 0xc0, 0x0, 0x0, 0x0,
    0x7e, 0x3f, 0x10, 0x0, 0x0, 0xc, 0x90, 0xe7,
    0x0, 0x0, 0x1, 0xf3, 0x8, 0xc0, 0x0, 0x0,
    0x7e, 0x0, 0x3f, 0x20, 0x0, 0xc, 0x91, 0x11,
    0xe7, 0x0, 0x2, 0xff, 0xff, 0xff, 0xd0, 0x0,
    0x7e, 0x44, 0x44, 0x6f, 0x20, 0xd, 0x90, 0x0,
    0x0, 0xe8, 0x2, 0xf4, 0x0, 0x0, 0x9, 0xd0,
    0x8f, 0x0, 0x0, 0x0, 0x4f, 0x30,

    /* U+1EAF "ắ" */
    0x0, 0x0, 0x8c, 0x0, 0x0, 0x0, 0xb, 0x30,
    0x0, 0x0, 0xa6, 0x7, 0x80, 0x0, 0x2, 0xef,
    0xd1, 0x0, 0x0, 0x0, 0x10, 0x0, 0x0, 0x8,
    0xdf, 0xc4, 0x0, 0x9, 0xf7, 0x5a, 0xf3, 0x0,
    0xc6, 0x0, 0xc, 0x90, 0x0, 0x0, 0x25, 0xdb,
    0x0, 0x2b, 0xff, 0xcd, 0xb0, 0x1e, 0x92, 0x0,
    0xab, 0x4, 0xf2, 0x0, 0x1e, 0xb0, 0x1f, 0xc7,
    0x8e, 0xee, 0x30, 0x5d, 0xfd, 0x53, 0xe7,

    /* U+1EB0 "Ằ" */
    0x0, 0x0, 0xe5, 0x0, 0x0, 0x0, 0x0, 0x5,
    0x90, 0x0, 0x0, 0x0, 0xc, 0x40, 0x97, 0x0,
    0x0, 0x0, 0x3e, 0xfc, 0x0, 0x0, 0x0, 0x0,
    0x0, 0x0, 0x0, 0x0, 0x0, 0xc, 0xf6, 0x0,
    0x0, 0x0, 0x1, 0xfc, 0xc0, 0x0, 0x0, 0x0,
    0x7e, 0x3f, 0x10, 0x0, 0x0, 0xc, 0x90, 0xe7,
    0x0, 0x0, 0x1, 0xf3, 0x8, 0xc0, 0x0, 0x0,
    0x7e, 0x0, 0x3f, 0x20, 0x0, 0xc, 0x91, 0x11,
    0xe7, 0x0, 0x2, 0xff, 0xff, 0xff, 0xd0, 0x0,
    0x7e, 0x44, 0x44, 0x6f, 0x20, 0xd, 0x90, 0x0,
    0x0, 0xe8, 0x2, 0xf4, 0x0, 0x0, 0x9, 0xd0,
    0x8f, 0x0, 0x0, 0x0, 0x4f, 0x30,

    /* U+1EB1 "ằ" */
    0x0, 0xd, 0x70, 0x0, 0x0, 0x0, 0x3a, 0x0,
    0x0, 0x0, 0xa6, 0x7, 0x80, 0x0, 0x2, 0xef,
    0xd1, 0x0, 0x0, 0x0, 0x10, 0x0, 0x0, 0x8,
    0xdf, 0xc4, 0x0, 0x9, 0xf7, 0x5a, 0xf3, 0x0,
    0xc6, 0x0, 0xc, 0x90, 0x0, 0x0, 0x25, 0xdb,
    0x0, 0x2b, 0xff, 0xcd, 0xb0, 0x1e, 0x92, 0x0,
    0xab, 0x4, 0xf2, 0x0, 0x1e, 0xb0, 0x1f, 0xc7,
    0x8e, 0xee, 0x30, 0x5d, 0xfd, 0x53, 0xe7,

    /* U+1EB2 "Ẳ" */
    0x0, 0x0, 0x9d, 0x30, 0x0, 0x0, 0x0, 0x0,
    0x77, 0x0, 0x0, 0x0, 0x3, 0xa, 0x32, 0x0,
    0x0, 0x0, 0xb5, 0xa, 0x60, 0x0, 0x0, 0x3,
    0xef, 0xb0, 0x0, 0x0, 0x0, 0x0, 0x0, 0x0,
    0x0, 0x0, 0x0, 0xcf, 0x60, 0x0, 0x0, 0x0,
    0x1f, 0xcc, 0x0, 0x0, 0x0, 0x7, 0xe3, 0xf1,
    0x0, 0x0, 0x0, 0xc9, 0xe, 0x70, 0x0, 0x0,
    0x1f, 0x30, 0x8c, 0x0, 0x0, 0x7, 0xe0, 0x3,
    0xf2, 0x0, 0x0, 0xc9, 0x11, 0x1e, 0x70, 0x0,
    0x2f, 0xff, 0xff, 0xfd, 0x0, 0x7, 0xe4, 0x44,
    0x46, 0xf2, 0x0, 0xd9, 0x0, 0x0, 0xe, 0x80,
    0x2f, 0x40, 0x0, 0x0, 0x9d, 0x8, 0xf0, 0x0,
    0x0, 0x4, 0xf3,

    /* U+1EB3 "ẳ" */
    0x0, 0x8, 0xd4, 0x0, 0x0, 0x0, 0x6, 0x90,
    0x0, 0x0, 0x0, 0x94, 0x0, 0x0, 0xa, 0x61,
    0x78, 0x0, 0x0, 0x3e, 0xfd, 0x10, 0x0, 0x0,
    0x1, 0x0, 0x0, 0x0, 0x8d, 0xfc, 0x40, 0x0,
    0x9f, 0x75, 0xaf, 0x30, 0xc, 0x60, 0x0, 0xc9,
    0x0, 0x0, 0x2, 0x5d, 0xb0, 0x2, 0xbf, 0xfc,
    0xdb, 0x1, 0xe9, 0x20, 0xa, 0xb0, 0x4f, 0x20,
    0x1, 0xeb, 0x1, 0xfc, 0x78, 0xee, 0xe3, 0x5,
    0xdf, 0xd5, 0x3e, 0x70,

    /* U+1EB4 "Ẵ" */
    0x0, 0xa, 0xee, 0xd6, 0x0, 0x0, 0x0, 0x20,
    0x1, 0x10, 0x0, 0x0, 0xb, 0x50, 0x96, 0x0,
    0x0, 0x0, 0x3e, 0xfc, 0x0, 0x0, 0x0, 0x0,
    0x0, 0x0, 0x0, 0x0, 0x0, 0xc, 0xf6, 0x0,
    0x0, 0x0, 0x1, 0xfc, 0xc0, 0x0, 0x0, 0x0,
    0x7e, 0x3f, 0x10, 0x0, 0x0, 0xc, 0x90, 0xe7,
    0x0, 0x0, 0x1, 0xf3, 0x8, 0xc0, 0x0, 0x0,
    0x7e, 0x0, 0x3f, 0x20, 0x0, 0xc, 0x91, 0x11,
    0xe7, 0x0, 0x2, 0xff, 0xff, 0xff, 0xd0, 0x0,
    0x7e, 0x44, 0x44, 0x6f, 0x20, 0xd, 0x90, 0x0,
    0x0, 0xe8, 0x2, 0xf4, 0x0, 0x0, 0x9, 0xd0,
    0x8f, 0x0, 0x0, 0x0, 0x4f, 0x30,

    /* U+1EB5 "ẵ" */
    0x0, 0x6e, 0x81, 0xb0, 0x0, 0xc, 0x9, 0xe4,
    0x0, 0x0, 0x0, 0x0, 0x0, 0x0, 0xa, 0x60,
    0x79, 0x0, 0x0, 0x2d, 0xfd, 0x10, 0x0, 0x0,
    0x1, 0x0, 0x0, 0x0, 0x8d, 0xfc, 0x40, 0x0,
    0x9f, 0x75, 0xaf, 0x30, 0xc, 0x60, 0x0, 0xc9,
    0x0, 0x0, 0x2, 0x5d, 0xb0, 0x2, 0xbf, 0xfc,
    0xdb, 0x1, 0xe9, 0x20, 0xa, 0xb0, 0x4f, 0x20,
    0x1, 0xeb, 0x1, 0xfc, 0x78, 0xee, 0xe3, 0x5,
    0xdf, 0xd5, 0x3e, 0x70,

    /* U+1EB6 "Ặ" */
    0x0, 0x6, 0x10, 0x43, 0x0, 0x0, 0x0, 0x5f,
    0xfd, 0x20, 0x0, 0x0, 0x0, 0x1, 0x0, 0x0,
    0x0, 0x0, 0x0, 0x0, 0x0, 0x0, 0x0, 0x0,
    0xcf, 0x60, 0x0, 0x0, 0x0, 0x1f, 0xcc, 0x0,
    0x0, 0x0, 0x7, 0xe3, 0xf1, 0x0, 0x0, 0x0,
    0xc9, 0xe, 0x70, 0x0, 0x0, 0x1f, 0x30, 0x8c,
    0x0, 0x0, 0x7, 0xe0, 0x3, 0xf2, 0x0, 0x0,
    0xc9, 0x11, 0x1e, 0x70, 0x0, 0x2f, 0xff, 0xff,
    0xfd, 0x0, 0x7, 0xe4, 0x44, 0x46, 0xf2, 0x0,
    0xd9, 0x0, 0x0, 0xe, 0x80, 0x2f, 0x40, 0x0,
    0x0, 0x9d, 0x8, 0xf0, 0x0, 0x0, 0x4, 0xf3,
    0x0, 0x0, 0x27, 0x0, 0x0, 0x0, 0x0, 0x5,
    0xf0, 0x0, 0x0,

    /* U+1EB7 "ặ" */
    0x0, 0x7e, 0xee, 0x50, 0x0, 0x0, 0x1, 0x0,
    0x0, 0x0, 0x0, 0x0, 0x0, 0x0, 0x8, 0xdf,
    0xc4, 0x0, 0x9, 0xf7, 0x5a, 0xf3, 0x0, 0xc6,
    0x0, 0xc, 0x90, 0x0, 0x0, 0x25, 0xdb, 0x0,
    0x2b, 0xff, 0xcd, 0xb0, 0x1e, 0x92, 0x0, 0xab,
    0x4, 0xf2, 0x0, 0x1e, 0xb0, 0x1f, 0xc7, 0x8e,
    0xee, 0x30, 0x5d, 0xfd, 0x53, 0xe7, 0x0, 0x3,
    0x70, 0x0, 0x0, 0x0, 0x7f, 0x0, 0x0,

    /* U+1EB8 "Ẹ" */
    0x8f, 0xff, 0xff, 0xf9, 0x8e, 0x66, 0x66, 0x63,
    0x8d, 0x0, 0x0, 0x0, 0x8d, 0x0, 0x0, 0x0,
    0x8d, 0x11, 0x11, 0x10, 0x8f, 0xff, 0xff, 0xf6,
    0x8e, 0x44, 0x44, 0x41, 0x8d, 0x0, 0x0, 0x0,
    0x8d, 0x0, 0x0, 0x0, 0x8d, 0x0, 0x0, 0x0,
    0x8e, 0x66, 0x66, 0x64, 0x8f, 0xff, 0xff, 0xfb,
    0x0, 0x4, 0x60, 0x0, 0x0, 0x9, 0xd0, 0x0,

    /* U+1EB9 "ẹ" */
    0x0, 0x6d, 0xfd, 0x70, 0x0, 0x6f, 0x85, 0x8f,
    0x90, 0xe, 0x50, 0x0, 0x6f, 0x13, 0xff, 0xff,
    0xff, 0xf3, 0x4f, 0x53, 0x33, 0x33, 0x3, 0xf4,
    0x0, 0x0, 0x0, 0xe, 0xb0, 0x0, 0x9e, 0x0,
    0x6f, 0xa6, 0x9f, 0x60, 0x0, 0x6d, 0xfd, 0x60,
    0x0, 0x0, 0x7, 0x20, 0x0, 0x0, 0x1, 0xf4,
    0x0, 0x0,

    /* U+1EBA "Ẻ" */
    0x0, 0x1f, 0xd1, 0x0, 0x0, 0x0, 0xc5, 0x0,
    0x0, 0x2, 0xc0, 0x0, 0x0, 0x0, 0x0, 0x0,
    0x8f, 0xff, 0xff, 0xf9, 0x8e, 0x66, 0x66, 0x63,
    0x8d, 0x0, 0x0, 0x0, 0x8d, 0x0, 0x0, 0x0,
    0x8d, 0x11, 0x11, 0x10, 0x8f, 0xff, 0xff, 0xf6,
    0x8e, 0x44, 0x44, 0x41, 0x8d, 0x0, 0x0, 0x0,
    0x8d, 0x0, 0x0, 0x0, 0x8d, 0x0, 0x0, 0x0,
    0x8e, 0x66, 0x66, 0x64, 0x8f, 0xff, 0xff, 0xfb,

    /* U+1EBB "ẻ" */
    0x0, 0x8, 0xe8, 0x0, 0x0, 0x0, 0x4, 0xd0,
    0x0, 0x0, 0x0, 0x88, 0x0, 0x0, 0x0, 0x1,
    0x0, 0x0, 0x0, 0x6d, 0xfd, 0x50, 0x0, 0x6f,
    0x96, 0x9f, 0x50, 0xe, 0x90, 0x0, 0x9e, 0x3,
    0xf3, 0x0, 0x4, 0xf2, 0x4f, 0xff, 0xff, 0xff,
    0x33, 0xf5, 0x33, 0x33, 0x30, 0xe, 0x70, 0x0,
    0x48, 0x0, 0x6f, 0x95, 0x7f, 0x90, 0x0, 0x6d,
    0xfd, 0x70, 0x0,

    /* U+1EBC "Ẽ" */
    0x0, 0xcd, 0x35, 0x70, 0x5, 0x72, 0xcc, 0x10,
    0x0, 0x0, 0x0, 0x0, 0x8f, 0xff, 0xff, 0xf9,
    0x8e, 0x66, 0x66, 0x63, 0x8d, 0x0, 0x0, 0x0,
    0x8d, 0x0, 0x0, 0x0, 0x8d, 0x11, 0x11, 0x10,
    0x8f, 0xff, 0xff, 0xf6, 0x8e, 0x44, 0x44, 0x41,
    0x8d, 0x0, 0x0, 0x0, 0x8d, 0x0, 0x0, 0x0,
    0x8d, 0x0, 0x0, 0x0, 0x8e, 0x66, 0x66, 0x64,
    0x8f, 0xff, 0xff, 0xfb,

    /* U+1EBD "ẽ" */
    0x0, 0x6e, 0xa1, 0xd0, 0x0, 0xc, 0x7, 0xe8,
    0x0, 0x0, 0x0, 0x0, 0x0, 0x0, 0x6, 0xdf,
    0xd5, 0x0, 0x6, 0xf9, 0x69, 0xf5, 0x0, 0xe9,
    0x0, 0x9, 0xe0, 0x3f, 0x30, 0x0, 0x4f, 0x24,
    0xff, 0xff, 0xff, 0xf3, 0x3f, 0x53, 0x33, 0x33,
    0x0, 0xe7, 0x0, 0x4, 0x80, 0x6, 0xf9, 0x57,
    0xf9, 0x0, 0x6, 0xdf, 0xd7, 0x0,

    /* U+1EBE "Ế" */
    0x0, 0x0, 0x0, 0xe7, 0x0, 0x2, 0x25, 0xd0,
    0x0, 0x2f, 0xf5, 0x10, 0x0, 0xc5, 0x3d, 0x0,
    0x0, 0x0, 0x0, 0x0, 0x8f, 0xff, 0xff, 0xf9,
    0x8e, 0x66, 0x66, 0x63, 0x8d, 0x0, 0x0, 0x0,
    0x8d, 0x0, 0x0, 0x0, 0x8d, 0x11, 0x11, 0x10,
    0x8f, 0xff, 0xff, 0xf6, 0x8e, 0x44, 0x44, 0x41,
    0x8d, 0x0, 0x0, 0x0, 0x8d, 0x0, 0x0, 0x0,
    0x8d, 0x0, 0x0, 0x0, 0x8e, 0x66, 0x66, 0x64,
    0x8f, 0xff, 0xff, 0xfb,

    /* U+1EBF "ế" */
    0x0, 0x0, 0x0, 0x6e, 0x10, 0x0, 0x0, 0xc,
    0x60, 0x0, 0x7, 0xfa, 0x20, 0x0, 0x3, 0xd1,
    0xc5, 0x0, 0x0, 0x11, 0x0, 0x10, 0x0, 0x6,
    0xdf, 0xd5, 0x0, 0x6, 0xf9, 0x69, 0xf5, 0x0,
    0xe9, 0x0, 0x9, 0xe0, 0x3f, 0x30, 0x0, 0x4f,
    0x24, 0xff, 0xff, 0xff, 0xf3, 0x3f, 0x53, 0x33,
    0x33, 0x0, 0xe7, 0x0, 0x4, 0x80, 0x6, 0xf9,
    0x57, 0xf9, 0x0, 0x6, 0xdf, 0xd7, 0x0,

    /* U+1EC0 "Ề" */
    0x0, 0x0, 0xc, 0xa0, 0x0, 0x2, 0x23, 0xf1,
    0x0, 0x2f, 0xf4, 0x10, 0x0, 0xc5, 0x3d, 0x0,
    0x0, 0x0, 0x0, 0x0, 0x8f, 0xff, 0xff, 0xf9,
    0x8e, 0x66, 0x66, 0x63, 0x8d, 0x0, 0x0, 0x0,
    0x8d, 0x0, 0x0, 0x0, 0x8d, 0x11, 0x11, 0x10,
    0x8f, 0xff, 0xff, 0xf6, 0x8e, 0x44, 0x44, 0x41,
    0x8d, 0x0, 0x0, 0x0, 0x8d, 0x0, 0x0, 0x0,
    0x8d, 0x0, 0x0, 0x0, 0x8e, 0x66, 0x66, 0x64,
    0x8f, 0xff, 0xff, 0xfb,

    /* U+1EC1 "ề" */
    0x0, 0x0, 0x3, 0xf2, 0x0, 0x0, 0x0, 0xa,
    0x90, 0x0, 0x7, 0xfa, 0x1, 0x0, 0x3, 0xd1,
    0xc5, 0x0, 0x0, 0x11, 0x0, 0x10, 0x0, 0x6,
    0xdf, 0xd5, 0x0, 0x6, 0xf9, 0x69, 0xf5, 0x0,
    0xe9, 0x0, 0x9, 0xe0, 0x3f, 0x30, 0x0, 0x4f,
    0x24, 0xff, 0xff, 0xff, 0xf3, 0x3f, 0x53, 0x33,
    0x33, 0x0, 0xe7, 0x0, 0x4, 0x80, 0x6, 0xf9,
    0x57, 0xf9, 0x0, 0x6, 0xdf, 0xd7, 0x0,

    /* U+1EC2 "Ể" */
    0x0, 0x0, 0x3e, 0xa0, 0x0, 0x0, 0x1, 0xd0,
    0x0, 0x1d, 0xe6, 0x40, 0x0, 0xb8, 0x5d, 0x0,
    0x0, 0x10, 0x1, 0x0, 0x8f, 0xff, 0xff, 0xf9,
    0x8e, 0x66, 0x66, 0x63, 0x8d, 0x0, 0x0, 0x0,
    0x8d, 0x0, 0x0, 0x0, 0x8d, 0x11, 0x11, 0x10,
    0x8f, 0xff, 0xff, 0xf6, 0x8e, 0x44, 0x44, 0x41,
    0x8d, 0x0, 0x0, 0x0, 0x8d, 0x0, 0x0, 0x0,
    0x8d, 0x0, 0x0, 0x0, 0x8e, 0x66, 0x66, 0x64,
    0x8f, 0xff, 0xff, 0xfb,

    /* U+1EC3 "ể" */
    0x0, 0x0, 0xa, 0xd3, 0x0, 0x0, 0x0, 0x8,
    0x60, 0x0, 0x7, 0xfa, 0x60, 0x0, 0x2, 0xe2,
    0xd5, 0x0, 0x0, 0x11, 0x1, 0x20, 0x0, 0x6,
    0xdf, 0xd5, 0x0, 0x6, 0xf9, 0x69, 0xf5, 0x0,
    0xe9, 0x0, 0x9, 0xe0, 0x3f, 0x30, 0x0, 0x4f,
    0x24, 0xff, 0xff, 0xff, 0xf3, 0x3f, 0x53, 0x33,
    0x33, 0x0, 0xe7, 0x0, 0x4, 0x80, 0x6, 0xf9,
    0x57, 0xf9, 0x0, 0x6, 0xdf, 0xd7, 0x0,

    /* U+1EC4 "Ễ" */
    0x0, 0xbd, 0x47, 0x60, 0x3, 0x92, 0xcc, 0x10,
    0x0, 0x7, 0x80, 0x0, 0x0, 0x8b, 0x8b, 0x0,
    0x0, 0x30, 0x3, 0x0, 0x8f, 0xff, 0xff, 0xf9,
    0x8e, 0x66, 0x66, 0x63, 0x8d, 0x0, 0x0, 0x0,
    0x8d, 0x0, 0x0, 0x0, 0x8d, 0x11, 0x11, 0x10,
    0x8f, 0xff, 0xff, 0xf6, 0x8e, 0x44, 0x44, 0x41,
    0x8d, 0x0, 0x0, 0x0, 0x8d, 0x0, 0x0, 0x0,
    0x8d, 0x0, 0x0, 0x0, 0x8e, 0x66, 0x66, 0x64,
    0x8f, 0xff, 0xff, 0xfb,

    /* U+1EC5 "ễ" */
    0x0, 0x7d, 0xee, 0x90, 0x0, 0x0, 0x0, 0x0,
    0x0, 0x0, 0x7, 0xfa, 0x0, 0x0, 0x2, 0xe3,
    0xd5, 0x0, 0x0, 0x12, 0x1, 0x20, 0x0, 0x6,
    0xdf, 0xd5, 0x0, 0x6, 0xf9, 0x69, 0xf5, 0x0,
    0xe9, 0x0, 0x9, 0xe0, 0x3f, 0x30, 0x0, 0x4f,
    0x24, 0xff, 0xff, 0xff, 0xf3, 0x3f, 0x53, 0x33,
    0x33, 0x0, 0xe7, 0x0, 0x4, 0x80, 0x6, 0xf9,
    0x57, 0xf9, 0x0, 0x6, 0xdf, 0xd7, 0x0,

    /* U+1EC6 "Ệ" */
    0x0, 0x6, 0x70, 0x0, 0x0, 0x6c, 0xa8, 0x0,
    0x0, 0x71, 0x7, 0x0, 0x0, 0x0, 0x0, 0x0,
    0x8f, 0xff, 0xff, 0xf9, 0x8e, 0x66, 0x66, 0x63,
    0x8d, 0x0, 0x0, 0x0, 0x8d, 0x0, 0x0, 0x0,
    0x8d, 0x11, 0x11, 0x10, 0x8f, 0xff, 0xff, 0xf6,
    0x8e, 0x44, 0x44, 0x41, 0x8d, 0x0, 0x0, 0x0,
    0x8d, 0x0, 0x0, 0x0, 0x8d, 0x0, 0x0, 0x0,
    0x8e, 0x66, 0x66, 0x64, 0x8f, 0xff, 0xff, 0xfb,
    0x0, 0x4, 0x60, 0x0, 0x0, 0x9, 0xd0, 0x0,

    /* U+1EC7 "ệ" */
    0x0, 0x8, 0xab, 0x0, 0x0, 0x3, 0xc0, 0x96,
    0x0, 0x0, 0x0, 0x0, 0x0, 0x0, 0x6, 0xdf,
    0xd7, 0x0, 0x6, 0xf8, 0x58, 0xf9, 0x0, 0xe5,
    0x0, 0x6, 0xf1, 0x3f, 0xff, 0xff, 0xff, 0x34,
    0xf5, 0x33, 0x33, 0x30, 0x3f, 0x40, 0x0, 0x0,
    0x0, 0xeb, 0x0, 0x9, 0xe0, 0x6, 0xfa, 0x69,
    0xf6, 0x0, 0x6, 0xdf, 0xd6, 0x0, 0x0, 0x0,
    0x72, 0x0, 0x0, 0x0, 0x1f, 0x40, 0x0,

    /* U+1EC8 "Ỉ" */
    0xf, 0xe2, 0x0, 0xb6, 0x1, 0xc1, 0x0, 0x0,
    0x8, 0xd0, 0x8, 0xd0, 0x8, 0xd0, 0x8, 0xd0,
    0x8, 0xd0, 0x8, 0xd0, 0x8, 0xd0, 0x8, 0xd0,
    0x8, 0xd0, 0x8, 0xd0, 0x8, 0xd0, 0x8, 0xd0,

    /* U+1EC9 "ỉ" */
    0x3f, 0xc0, 0x0, 0xe3, 0x3, 0xb0, 0x0, 0x0,
    0xb, 0xa0, 0xb, 0xa0, 0xb, 0xa0, 0xb, 0xa0,
    0xb, 0xa0, 0xb, 0xa0, 0xb, 0xa0, 0xb, 0xa0,
    0xb, 0xa0,

    /* U+1ECA "Ị" */
    0x8d, 0x8d, 0x8d, 0x8d, 0x8d, 0x8d, 0x8d, 0x8d,
    0x8d, 0x8d, 0x8d, 0x8d, 0x46, 0x8d,

    /* U+1ECB "ị" */
    0xca, 0x76, 0x0, 0xba, 0xba, 0xba, 0xba, 0xba,
    0xba, 0xba, 0xba, 0xba, 0x55, 0xca,

    /* U+1ECC "Ọ" */
    0x0, 0x6, 0xcf, 0xec, 0x50, 0x0, 0x0, 0xbf,
    0xb7, 0x7c, 0xf8, 0x0, 0x7, 0xf5, 0x0, 0x0,
    0x8f, 0x40, 0xd, 0xa0, 0x0, 0x0, 0xd, 0xb0,
    0x2f, 0x50, 0x0, 0x0, 0x8, 0xf0, 0x3f, 0x30,
    0x0, 0x0, 0x6, 0xf0, 0x3f, 0x30, 0x0, 0x0,
    0x6, 0xf1, 0x2f, 0x50, 0x0, 0x0, 0x8, 0xf0,
    0xe, 0xa0, 0x0, 0x0, 0xd, 0xb0, 0x7, 0xf5,
    0x0, 0x0, 0x7f, 0x40, 0x0, 0xbf, 0xa7, 0x7c,
    0xf9, 0x0, 0x0, 0x6, 0xcf, 0xec, 0x50, 0x0,
    0x0, 0x0, 0x6, 0x40, 0x0, 0x0, 0x0, 0x0,
    0xc, 0x90, 0x0, 0x0,

    /* U+1ECD "ọ" */
    0x0, 0x6d, 0xfd, 0x70, 0x0, 0x6f, 0xa6, 0x8f,
    0x90, 0xe, 0x90, 0x0, 0x7f, 0x13, 0xf3, 0x0,
    0x1, 0xf5, 0x4f, 0x20, 0x0, 0xf, 0x73, 0xf3,
    0x0, 0x1, 0xf5, 0xe, 0x90, 0x0, 0x7f, 0x10,
    0x6f, 0xa6, 0x8f, 0x90, 0x0, 0x6d, 0xfd, 0x70,
    0x0, 0x0, 0x7, 0x20, 0x0, 0x0, 0x1, 0xf4,
    0x0, 0x0,

    /* U+1ECE "Ỏ" */
    0x0, 0x0, 0x4f, 0xc0, 0x0, 0x0, 0x0, 0x0,
    0x0, 0xe2, 0x0, 0x0, 0x0, 0x0, 0x2, 0xd0,
    0x0, 0x0, 0x0, 0x0, 0x1, 0x10, 0x0, 0x0,
    0x0, 0x6, 0xcf, 0xec, 0x50, 0x0, 0x0, 0xbf,
    0xb7, 0x7c, 0xf8, 0x0, 0x7, 0xf5, 0x0, 0x0,
    0x8f, 0x40, 0xd, 0xa0, 0x0, 0x0, 0xd, 0xb0,
    0x2f, 0x50, 0x0, 0x0, 0x8, 0xf0, 0x3f, 0x30,
    0x0, 0x0, 0x6, 0xf0, 0x3f, 0x30, 0x0, 0x0,
    0x6, 0xf1, 0x2f, 0x50, 0x0, 0x0, 0x8, 0xf0,
    0xe, 0xa0, 0x0, 0x0, 0xd, 0xb0, 0x7, 0xf5,
    0x0, 0x0, 0x7f, 0x40, 0x0, 0xbf, 0xa7, 0x7c,
    0xf9, 0x0, 0x0, 0x6, 0xcf, 0xec, 0x50, 0x0,

    /* U+1ECF "ỏ" */
    0x0, 0x9, 0xf8, 0x0, 0x0, 0x0, 0x4, 0xd0,
    0x0, 0x0, 0x0, 0x87, 0x0, 0x0, 0x0, 0x1,
    0x0, 0x0, 0x0, 0x6d, 0xfd, 0x70, 0x0, 0x6f,
    0xa6, 0x8f, 0x90, 0xe, 0x90, 0x0, 0x7f, 0x13,
    0xf3, 0x0, 0x1, 0xf5, 0x4f, 0x20, 0x0, 0xf,
    0x73, 0xf3, 0x0, 0x1, 0xf5, 0xe, 0x90, 0x0,
    0x7f, 0x10, 0x6f, 0xa6, 0x8f, 0x90, 0x0, 0x6d,
    0xfd, 0x70, 0x0,

    /* U+1ED0 "Ố" */
    0x0, 0x0, 0x0, 0x1, 0xf4, 0x0, 0x0, 0x0,
    0x2, 0x27, 0xb0, 0x0, 0x0, 0x0, 0x4f, 0xf3,
    0x0, 0x0, 0x0, 0x0, 0xd4, 0x8a, 0x0, 0x0,
    0x0, 0x0, 0x20, 0x2, 0x0, 0x0, 0x0, 0x6,
    0xcf, 0xec, 0x50, 0x0, 0x0, 0xbf, 0xb7, 0x7c,
    0xf8, 0x0, 0x7, 0xf5, 0x0, 0x0, 0x8f, 0x40,
    0xd, 0xa0, 0x0, 0x0, 0xd, 0xb0, 0x2f, 0x50,
    0x0, 0x0, 0x8, 0xf0, 0x3f, 0x30, 0x0, 0x0,
    0x6, 0xf0, 0x3f, 0x30, 0x0, 0x0, 0x6, 0xf1,
    0x2f, 0x50, 0x0, 0x0, 0x8, 0xf0, 0xe, 0xa0,
    0x0, 0x0, 0xd, 0xb0, 0x7, 0xf5, 0x0, 0x0,
    0x7f, 0x40, 0x0, 0xbf, 0xa7, 0x7c, 0xf9, 0x0,
    0x0, 0x6, 0xcf, 0xec, 0x50, 0x0,

    /* U+1ED1 "ố" */
    0x0, 0x0, 0x0, 0x6e, 0x10, 0x0, 0x0, 0xc,
    0x60, 0x0, 0x8, 0xfa, 0x20, 0x0, 0x3, 0xd1,
    0xc5, 0x0, 0x0, 0x0, 0x0, 0x10, 0x0, 0x6,
    0xdf, 0xd7, 0x0, 0x6, 0xfa, 0x68, 0xf9, 0x0,
    0xe9, 0x0, 0x7, 0xf1, 0x3f, 0x30, 0x0, 0x1f,
    0x54, 0xf2, 0x0, 0x0, 0xf7, 0x3f, 0x30, 0x0,
    0x1f, 0x50, 0xe9, 0x0, 0x7, 0xf1, 0x6, 0xfa,
    0x68, 0xf9, 0x0, 0x6, 0xdf, 0xd7, 0x0,

    /* U+1ED2 "Ồ" */
    0x0, 0x0, 0x0, 0xe, 0x70, 0x0, 0x0, 0x0,
    0x2, 0x25, 0xd0, 0x0, 0x0, 0x0, 0x4f, 0xf2,
    0x20, 0x0, 0x0, 0x0, 0xd4, 0x8a, 0x0, 0x0,
    0x0, 0x0, 0x20, 0x2, 0x0, 0x0, 0x0, 0x6,
    0xcf, 0xec, 0x50, 0x0, 0x0, 0xbf, 0xb7, 0x7c,
    0xf8, 0x0, 0x7, 0xf5, 0x0, 0x0, 0x8f, 0x40,
    0xd, 0xa0, 0x0, 0x0, 0xd, 0xb0, 0x2f, 0x50,
    0x0, 0x0, 0x8, 0xf0, 0x3f, 0x30, 0x0, 0x0,
    0x6, 0xf0, 0x3f, 0x30, 0x0, 0x0, 0x6, 0xf1,
    0x2f, 0x50, 0x0, 0x0, 0x8, 0xf0, 0xe, 0xa0,
    0x0, 0x0, 0xd, 0xb0, 0x7, 0xf5, 0x0, 0x0,
    0x7f, 0x40, 0x0, 0xbf, 0xa7, 0x7c, 0xf9, 0x0,
    0x0, 0x6, 0xcf, 0xec, 0x50, 0x0,

    /* U+1ED3 "ồ" */
    0x0, 0x0, 0x3, 0xf2, 0x0, 0x0, 0x0, 0xa,
    0x90, 0x0, 0x8, 0xfa, 0x1, 0x0, 0x3, 0xd1,
    0xc5, 0x0, 0x0, 0x0, 0x0, 0x10, 0x0, 0x6,
    0xdf, 0xd7, 0x0, 0x6, 0xfa, 0x68, 0xf9, 0x0,
    0xe9, 0x0, 0x7, 0xf1, 0x3f, 0x30, 0x0, 0x1f,
    0x54, 0xf2, 0x0, 0x0, 0xf7, 0x3f, 0x30, 0x0,
    0x1f, 0x50, 0xe9, 0x0, 0x7, 0xf1, 0x6, 0xfa,
    0x68, 0xf9, 0x0, 0x6, 0xdf, 0xd7, 0x0,

    /* U+1ED4 "Ổ" */
    0x0, 0x0, 0x0, 0x5e, 0x70, 0x0, 0x0, 0x0,
    0x0, 0x3, 0xb0, 0x0, 0x0, 0x0, 0x1d, 0xb6,
    0x30, 0x0, 0x0, 0x0, 0xb7, 0xa8, 0x0, 0x0,
    0x0, 0x0, 0x40, 0x4, 0x0, 0x0, 0x0, 0x6,
    0xcf, 0xec, 0x50, 0x0, 0x0, 0xbf, 0xb7, 0x7c,
    0xf8, 0x0, 0x7, 0xf5, 0x0, 0x0, 0x8f, 0x40,
    0xd, 0xa0, 0x0, 0x0, 0xd, 0xb0, 0x2f, 0x50,
    0x0, 0x0, 0x8, 0xf0, 0x3f, 0x30, 0x0, 0x0,
    0x6, 0xf0, 0x3f, 0x30, 0x0, 0x0, 0x6, 0xf1,
    0x2f, 0x50, 0x0, 0x0, 0x8, 0xf0, 0xe, 0xa0,
    0x0, 0x0, 0xd, 0xb0, 0x7, 0xf5, 0x0, 0x0,
    0x7f, 0x40, 0x0, 0xbf, 0xa7, 0x7c, 0xf9, 0x0,
    0x0, 0x6, 0xcf, 0xec, 0x50, 0x0,

    /* U+1ED5 "ổ" */
    0x0, 0x0, 0xa, 0xd3, 0x0, 0x0, 0x0, 0x8,
    0x60, 0x0, 0x7, 0xfa, 0x60, 0x0, 0x2, 0xe2,
    0xd5, 0x0, 0x0, 0x11, 0x1, 0x10, 0x0, 0x6,
    0xdf, 0xd7, 0x0, 0x6, 0xfa, 0x68, 0xf9, 0x0,
    0xe9, 0x0, 0x7, 0xf1, 0x3f, 0x30, 0x0, 0x1f,
    0x54, 0xf2, 0x0, 0x0, 0xf7, 0x3f, 0x30, 0x0,
    0x1f, 0x50, 0xe9, 0x0, 0x7, 0xf1, 0x6, 0xfa,
    0x68, 0xf9, 0x0, 0x6, 0xdf, 0xd7, 0x0,

    /* U+1ED6 "Ỗ" */
    0x0, 0x3, 0xce, 0xec, 0x10, 0x0, 0x0, 0x0,
    0x4, 0x40, 0x0, 0x0, 0x0, 0x0, 0x4f, 0xf2,
    0x0, 0x0, 0x0, 0x0, 0xd4, 0x7b, 0x0, 0x0,
    0x0, 0x0, 0x20, 0x2, 0x0, 0x0, 0x0, 0x6,
    0xcf, 0xec, 0x50, 0x0, 0x0, 0xbf, 0xb7, 0x7c,
    0xf8, 0x0, 0x7, 0xf5, 0x0, 0x0, 0x8f, 0x40,
    0xd, 0xa0, 0x0, 0x0, 0xd, 0xb0, 0x2f, 0x50,
    0x0, 0x0, 0x8, 0xf0, 0x3f, 0x30, 0x0, 0x0,
    0x6, 0xf0, 0x3f, 0x30, 0x0, 0x0, 0x6, 0xf1,
    0x2f, 0x50, 0x0, 0x0, 0x8, 0xf0, 0xe, 0xa0,
    0x0, 0x0, 0xd, 0xb0, 0x7, 0xf5, 0x0, 0x0,
    0x7f, 0x40, 0x0, 0xbf, 0xa7, 0x7c, 0xf9, 0x0,
    0x0, 0x6, 0xcf, 0xec, 0x50, 0x0,

    /* U+1ED7 "ỗ" */
    0x0, 0x7d, 0xee, 0x90, 0x0, 0x0, 0x0, 0x0,
    0x0, 0x0, 0x7, 0xfa, 0x0, 0x0, 0x2, 0xe3,
    0xd5, 0x0, 0x0, 0x11, 0x1, 0x20, 0x0, 0x6,
    0xdf, 0xd7, 0x0, 0x6, 0xfa, 0x68, 0xf9, 0x0,
    0xe9, 0x0, 0x7, 0xf1, 0x3f, 0x30, 0x0, 0x1f,
    0x54, 0xf2, 0x0, 0x0, 0xf7, 0x3f, 0x30, 0x0,
    0x1f, 0x50, 0xe9, 0x0, 0x7, 0xf1, 0x6, 0xfa,
    0x68, 0xf9, 0x0, 0x6, 0xdf, 0xd7, 0x0,

    /* U+1ED8 "Ộ" */
    0x0, 0x0, 0x7, 0x60, 0x0, 0x0, 0x0, 0x0,
    0x9a, 0xc5, 0x0, 0x0, 0x0, 0x0, 0x70, 0x17,
    0x0, 0x0, 0x0, 0x0, 0x0, 0x0, 0x0, 0x0,
    0x0, 0x6, 0xcf, 0xec, 0x50, 0x0, 0x0, 0xbf,
    0xb7, 0x7c, 0xf8, 0x0, 0x7, 0xf5, 0x0, 0x0,
    0x8f, 0x40, 0xd, 0xa0, 0x0, 0x0, 0xd, 0xb0,
    0x2f, 0x50, 0x0, 0x0, 0x8, 0xf0, 0x3f, 0x30,
    0x0, 0x0, 0x6, 0xf0, 0x3f, 0x30, 0x0, 0x0,
    0x6, 0xf1, 0x2f, 0x50, 0x0, 0x0, 0x8, 0xf0,
    0xe, 0xa0, 0x0, 0x0, 0xd, 0xb0, 0x7, 0xf5,
    0x0, 0x0, 0x7f, 0x40, 0x0, 0xbf, 0xa7, 0x7c,
    0xf9, 0x0, 0x0, 0x6, 0xcf, 0xec, 0x50, 0x0,
    0x0, 0x0, 0x6, 0x40, 0x0, 0x0, 0x0, 0x0,
    0xc, 0x90, 0x0, 0x0,

    /* U+1ED9 "ộ" */
    0x0, 0x8, 0xab, 0x0, 0x0, 0x3, 0xb0, 0x96,
    0x0, 0x0, 0x0, 0x0, 0x0, 0x0, 0x6, 0xdf,
    0xd7, 0x0, 0x6, 0xfa, 0x68, 0xf9, 0x0, 0xe9,
    0x0, 0x7, 0xf1, 0x3f, 0x30, 0x0, 0x1f, 0x54,
    0xf2, 0x0, 0x0, 0xf7, 0x3f, 0x30, 0x0, 0x1f,
    0x50, 0xe9, 0x0, 0x7, 0xf1, 0x6, 0xfa, 0x68,
    0xf9, 0x0, 0x6, 0xdf, 0xd7, 0x0, 0x0, 0x0,
    0x72, 0x0, 0x0, 0x0, 0x1f, 0x40, 0x0,

    /* U+1EDA "Ớ" */
    0x0, 0x0, 0x0, 0x11, 0x0, 0x0, 0x0, 0x0,
    0x0, 0xe7, 0x3, 0x0, 0x0, 0x0, 0x7, 0xc0,
    0xe, 0x40, 0x0, 0x0, 0x0, 0x0, 0xe, 0x40,
    0x0, 0x6, 0xcf, 0xef, 0xf9, 0x0, 0x0, 0xbf,
    0xb7, 0x7c, 0xf8, 0x0, 0x7, 0xf5, 0x0, 0x0,
    0x8f, 0x40, 0xd, 0xa0, 0x0, 0x0, 0xd, 0xb0,
    0x2f, 0x50, 0x0, 0x0, 0x8, 0xf0, 0x3f, 0x30,
    0x0, 0x0, 0x6, 0xf0, 0x3f, 0x30, 0x0, 0x0,
    0x6, 0xf1, 0x2f, 0x50, 0x0, 0x0, 0x8, 0xf0,
    0xe, 0xa0, 0x0, 0x0, 0xd, 0xb0, 0x7, 0xf5,
    0x0, 0x0, 0x7f, 0x40, 0x0, 0xbf, 0xa7, 0x7c,
    0xf9, 0x0, 0x0, 0x6, 0xcf, 0xec, 0x50, 0x0,

    /* U+1EDB "ớ" */
    0x0, 0x0, 0x5f, 0x10, 0x0, 0x0, 0xd, 0x60,
    0xd5, 0x0, 0x0, 0x10, 0xd, 0x60, 0x6, 0xdf,
    0xff, 0xd1, 0x6, 0xfa, 0x68, 0xf9, 0x0, 0xe9,
    0x0, 0x7, 0xf1, 0x3f, 0x30, 0x0, 0x1f, 0x54,
    0xf2, 0x0, 0x0, 0xf7, 0x3f, 0x30, 0x0, 0x1f,
    0x50, 0xe9, 0x0, 0x7, 0xf1, 0x6, 0xfa, 0x68,
    0xf9, 0x0, 0x6, 0xdf, 0xd7, 0x0,

    /* U+1EDC "Ờ" */
    0x0, 0x0, 0x10, 0x0, 0x0, 0x0, 0x0, 0x0,
    0x9c, 0x0, 0x3, 0x0, 0x0, 0x0, 0xe, 0x40,
    0xe, 0x40, 0x0, 0x0, 0x0, 0x0, 0xe, 0x40,
    0x0, 0x6, 0xcf, 0xef, 0xf9, 0x0, 0x0, 0xbf,
    0xb7, 0x7c, 0xf8, 0x0, 0x7, 0xf5, 0x0, 0x0,
    0x8f, 0x40, 0xd, 0xa0, 0x0, 0x0, 0xd, 0xb0,
    0x2f, 0x50, 0x0, 0x0, 0x8, 0xf0, 0x3f, 0x30,
    0x0, 0x0, 0x6, 0xf0, 0x3f, 0x30, 0x0, 0x0,
    0x6, 0xf1, 0x2f, 0x50, 0x0, 0x0, 0x8, 0xf0,
    0xe, 0xa0, 0x0, 0x0, 0xd, 0xb0, 0x7, 0xf5,
    0x0, 0x0, 0x7f, 0x40, 0x0, 0xbf, 0xa7, 0x7c,
    0xf9, 0x0, 0x0, 0x6, 0xcf, 0xec, 0x50, 0x0,

    /* U+1EDD "ờ" */
    0x0, 0x2f, 0x30, 0x0, 0x0, 0x0, 0x7b, 0x0,
    0xd5, 0x0, 0x0, 0x20, 0xd, 0x60, 0x6, 0xdf,
    0xff, 0xd1, 0x6, 0xfa, 0x68, 0xf9, 0x0, 0xe9,
    0x0, 0x7, 0xf1, 0x3f, 0x30, 0x0, 0x1f, 0x54,
    0xf2, 0x0, 0x0, 0xf7, 0x3f, 0x30, 0x0, 0x1f,
    0x50, 0xe9, 0x0, 0x7, 0xf1, 0x6, 0xfa, 0x68,
    0xf9, 0x0, 0x6, 0xdf, 0xd7, 0x0,

    /* U+1EDE "Ở" */
    0x0, 0x0, 0x4f, 0xc0, 0x0, 0x0, 0x0, 0x0,
    0x0, 0xe2, 0x6, 0x10, 0x0, 0x0, 0x2, 0xd0,
    0xe, 0x40, 0x0, 0x0, 0x1, 0x10, 0xe, 0x40,
    0x0, 0x6, 0xcf, 0xef, 0xf8, 0x0, 0x0, 0xbf,
    0xb7, 0x7c, 0xf8, 0x0, 0x7, 0xf5, 0x0, 0x0,
    0x8f, 0x40, 0xd, 0xa0, 0x0, 0x0, 0xd, 0xb0,
    0x2f, 0x50, 0x0, 0x0, 0x8, 0xf0, 0x3f, 0x30,
    0x0, 0x0, 0x6, 0xf0, 0x3f, 0x30, 0x0, 0x0,
    0x6, 0xf1, 0x2f, 0x50, 0x0, 0x0, 0x8, 0xf0,
    0xe, 0xa0, 0x0, 0x0, 0xd, 0xb0, 0x7, 0xf5,
    0x0, 0x0, 0x7f, 0x40, 0x0, 0xbf, 0xa7, 0x7c,
    0xf9, 0x0, 0x0, 0x6, 0xcf, 0xec, 0x50, 0x0,

    /* U+1EDF "ở" */
    0x0, 0xb, 0xf6, 0x0, 0x0, 0x0, 0x6, 0xa0,
    0x61, 0x0, 0x0, 0xa5, 0xc, 0x60, 0x0, 0x1,
    0x0, 0xd6, 0x0, 0x6d, 0xff, 0xfc, 0x10, 0x6f,
    0xa6, 0x8f, 0x90, 0xe, 0x90, 0x0, 0x7f, 0x13,
    0xf3, 0x0, 0x1, 0xf5, 0x4f, 0x20, 0x0, 0xf,
    0x73, 0xf3, 0x0, 0x1, 0xf5, 0xe, 0x90, 0x0,
    0x7f, 0x10, 0x6f, 0xa6, 0x8f, 0x90, 0x0, 0x6d,
    0xfd, 0x70, 0x0,

    /* U+1EE0 "Ỡ" */
    0x0, 0x2, 0xdc, 0x28, 0x50, 0x0, 0x0, 0x8,
    0x54, 0xec, 0xe, 0x30, 0x0, 0x0, 0x0, 0x0,
    0xe, 0x40, 0x0, 0x6, 0xcf, 0xef, 0xf9, 0x0,
    0x0, 0xbf, 0xb7, 0x7c, 0xf8, 0x0, 0x7, 0xf5,
    0x0, 0x0, 0x8f, 0x40, 0xd, 0xa0, 0x0, 0x0,
    0xd, 0xb0, 0x2f, 0x50, 0x0, 0x0, 0x8, 0xf0,
    0x3f, 0x30, 0x0, 0x0, 0x6, 0xf0, 0x3f, 0x30,
    0x0, 0x0, 0x6, 0xf1, 0x2f, 0x50, 0x0, 0x0,
    0x8, 0xf0, 0xe, 0xa0, 0x0, 0x0, 0xd, 0xb0,
    0x7, 0xf5, 0x0, 0x0, 0x7f, 0x40, 0x0, 0xbf,
    0xa7, 0x7c, 0xf9, 0x0, 0x0, 0x6, 0xcf, 0xec,
    0x50, 0x0,

    /* U+1EE1 "ỡ" */
    0x0, 0x8e, 0x81, 0xc0, 0x0, 0xd, 0x9, 0xf6,
    0xd5, 0x0, 0x0, 0x0, 0xd, 0x60, 0x6, 0xdf,
    0xff, 0xd1, 0x6, 0xfa, 0x68, 0xf9, 0x0, 0xe9,
    0x0, 0x7, 0xf1, 0x3f, 0x30, 0x0, 0x1f, 0x54,
    0xf2, 0x0, 0x0, 0xf7, 0x3f, 0x30, 0x0, 0x1f,
    0x50, 0xe9, 0x0, 0x7, 0xf1, 0x6, 0xfa, 0x68,
    0xf9, 0x0, 0x6, 0xdf, 0xd7, 0x0,

    /* U+1EE2 "Ợ" */
    0x0, 0x0, 0x0, 0x0, 0x7, 0x10, 0x0, 0x0,
    0x0, 0x0, 0xe, 0x40, 0x0, 0x0, 0x0, 0x0,
    0x1e, 0x40, 0x0, 0x6, 0xcf, 0xef, 0xf8, 0x0,
    0x0, 0xbf, 0xb7, 0x7c, 0xf8, 0x0, 0x7, 0xf5,
    0x0, 0x0, 0x8f, 0x40, 0xd, 0xa0, 0x0, 0x0,
    0xd, 0xb0, 0x2f, 0x50, 0x0, 0x0, 0x8, 0xf0,
    0x3f, 0x30, 0x0, 0x0, 0x6, 0xf0, 0x3f, 0x30,
    0x0, 0x0, 0x6, 0xf1, 0x2f, 0x50, 0x0, 0x0,
    0x8, 0xf0, 0xe, 0xa0, 0x0, 0x0, 0xd, 0xb0,
    0x7, 0xf5, 0x0, 0x0, 0x7f, 0x40, 0x0, 0xbf,
    0xa7, 0x7c, 0xf9, 0x0, 0x0, 0x6, 0xcf, 0xec,
    0x50, 0x0, 0x0, 0x0, 0x6, 0x40, 0x0, 0x0,
    0x0, 0x0, 0xc, 0x90, 0x0, 0x0,

    /* U+1EE3 "ợ" */
    0x0, 0x0, 0x0, 0x7, 0x20, 0x0, 0x0, 0x0,
    0xc6, 0x0, 0x0, 0x0, 0xd, 0x60, 0x6, 0xdf,
    0xff, 0xc1, 0x6, 0xfa, 0x68, 0xf9, 0x0, 0xe9,
    0x0, 0x7, 0xf1, 0x3f, 0x30, 0x0, 0x1f, 0x54,
    0xf2, 0x0, 0x0, 0xf7, 0x3f, 0x30, 0x0, 0x1f,
    0x50, 0xe9, 0x0, 0x7, 0xf1, 0x6, 0xfa, 0x68,
    0xf9, 0x0, 0x6, 0xdf, 0xd7, 0x0, 0x0, 0x0,
    0x72, 0x0, 0x0, 0x0, 0x1f, 0x40, 0x0,

    /* U+1EE4 "Ụ" */
    0xc9, 0x0, 0x0, 0x9, 0xcc, 0x90, 0x0, 0x0,
    0x9c, 0xc9, 0x0, 0x0, 0x9, 0xcc, 0x90, 0x0,
    0x0, 0x9c, 0xc9, 0x0, 0x0, 0x9, 0xcc, 0x90,
    0x0, 0x0, 0x9c, 0xc9, 0x0, 0x0, 0x9, 0xcc,
    0x90, 0x0, 0x0, 0x9c, 0xab, 0x0, 0x0, 0xb,
    0xb6, 0xf2, 0x0, 0x2, 0xf6, 0xd, 0xf9, 0x68,
    0xfd, 0x0, 0x8, 0xef, 0xe9, 0x10, 0x0, 0x1,
    0x71, 0x0, 0x0, 0x0, 0x3f, 0x30, 0x0,

    /* U+1EE5 "ụ" */
    0xba, 0x0, 0x6, 0xeb, 0xa0, 0x0, 0x6e, 0xba,
    0x0, 0x6, 0xeb, 0xa0, 0x0, 0x6e, 0xba, 0x0,
    0x6, 0xeb, 0xa0, 0x0, 0x7e, 0x9c, 0x0, 0xb,
    0xe4, 0xf8, 0x49, 0xee, 0x7, 0xee, 0x96, 0xe0,
    0x1, 0x71, 0x0, 0x0, 0x2f, 0x40, 0x0,

    /* U+1EE6 "Ủ" */
    0x0, 0xa, 0xf7, 0x0, 0x0, 0x0, 0x5, 0xc0,
    0x0, 0x0, 0x0, 0x95, 0x0, 0x0, 0x0, 0x0,
    0x0, 0x0, 0xc9, 0x0, 0x0, 0x9, 0xcc, 0x90,
    0x0, 0x0, 0x9c, 0xc9, 0x0, 0x0, 0x9, 0xcc,
    0x90, 0x0, 0x0, 0x9c, 0xc9, 0x0, 0x0, 0x9,
    0xcc, 0x90, 0x0, 0x0, 0x9c, 0xc9, 0x0, 0x0,
    0x9, 0xcc, 0x90, 0x0, 0x0, 0x9c, 0xab, 0x0,
    0x0, 0xb, 0xb6, 0xf2, 0x0, 0x2, 0xf6, 0xd,
    0xf9, 0x68, 0xfd, 0x0, 0x8, 0xef, 0xe9, 0x10,

    /* U+1EE7 "ủ" */
    0x0, 0x9f, 0x70, 0x0, 0x0, 0x5c, 0x0, 0x0,
    0x9, 0x50, 0x0, 0x0, 0x0, 0x0, 0xba, 0x0,
    0x6, 0xeb, 0xa0, 0x0, 0x6e, 0xba, 0x0, 0x6,
    0xeb, 0xa0, 0x0, 0x6e, 0xba, 0x0, 0x6, 0xeb,
    0xa0, 0x0, 0x7e, 0x9c, 0x0, 0xb, 0xe4, 0xf8,
    0x49, 0xee, 0x7, 0xee, 0x96, 0xe0,

    /* U+1EE8 "Ứ" */
    0x0, 0x0, 0x2, 0x0, 0x0, 0x0, 0x0, 0x5,
    0xf1, 0x0, 0x30, 0x0, 0x0, 0xd6, 0x0, 0xe,
    0x40, 0x0, 0x0, 0x0, 0x0, 0xe4, 0xc9, 0x0,
    0x0, 0xe, 0xf9, 0xc, 0x90, 0x0, 0x0, 0x9c,
    0x0, 0xc9, 0x0, 0x0, 0x9, 0xc0, 0xc, 0x90,
    0x0, 0x0, 0x9c, 0x0, 0xc9, 0x0, 0x0, 0x9,
    0xc0, 0xc, 0x90, 0x0, 0x0, 0x9c, 0x0, 0xc9,
    0x0, 0x0, 0x9, 0xc0, 0xc, 0x90, 0x0, 0x0,
    0x9c, 0x0, 0xab, 0x0, 0x0, 0xb, 0xb0, 0x6,
    0xf2, 0x0, 0x2, 0xf6, 0x0, 0xd, 0xf9, 0x68,
    0xfd, 0x0, 0x0, 0x8, 0xef, 0xe9, 0x10, 0x0,

    /* U+1EE9 "ứ" */
    0x0, 0x3, 0xf3, 0x0, 0x0, 0x0, 0xb7, 0x0,
    0xd5, 0x0, 0x1, 0x0, 0xd, 0x5b, 0xa0, 0x0,
    0xbf, 0x90, 0xba, 0x0, 0x6, 0xe0, 0xb, 0xa0,
    0x0, 0x6e, 0x0, 0xba, 0x0, 0x6, 0xe0, 0xb,
    0xa0, 0x0, 0x6e, 0x0, 0xba, 0x0, 0x7, 0xe0,
    0x9, 0xc0, 0x0, 0xbe, 0x0, 0x4f, 0x84, 0x9e,
    0xe0, 0x0, 0x7e, 0xe9, 0x6e, 0x0,

    /* U+1EEA "Ừ" */
    0x0, 0x2, 0x0, 0x0, 0x0, 0x0, 0x1, 0xe6,
    0x0, 0x0, 0x30, 0x0, 0x5, 0xd0, 0x0, 0xe,
    0x40, 0x0, 0x0, 0x0, 0x0, 0xe4, 0xc9, 0x0,
    0x0, 0xe, 0xf9, 0xc, 0x90, 0x0, 0x0, 0x9c,
    0x0, 0xc9, 0x0, 0x0, 0x9, 0xc0, 0xc, 0x90,
    0x0, 0x0, 0x9c, 0x0, 0xc9, 0x0, 0x0, 0x9,
    0xc0, 0xc, 0x90, 0x0, 0x0, 0x9c, 0x0, 0xc9,
    0x0, 0x0, 0x9, 0xc0, 0xc, 0x90, 0x0, 0x0,
    0x9c, 0x0, 0xab, 0x0, 0x0, 0xb, 0xb0, 0x6,
    0xf2, 0x0, 0x2, 0xf6, 0x0, 0xd, 0xf9, 0x68,
    0xfd, 0x0, 0x0, 0x8, 0xef, 0xe9, 0x10, 0x0,

    /* U+1EEB "ừ" */
    0x1, 0xf5, 0x0, 0x0, 0x0, 0x6, 0xd0, 0x0,
    0xd5, 0x0, 0x1, 0x0, 0xd, 0x5b, 0xa0, 0x0,
    0xbf, 0x90, 0xba, 0x0, 0x6, 0xe0, 0xb, 0xa0,
    0x0, 0x6e, 0x0, 0xba, 0x0, 0x6, 0xe0, 0xb,
    0xa0, 0x0, 0x6e, 0x0, 0xba, 0x0, 0x7, 0xe0,
    0x9, 0xc0, 0x0, 0xbe, 0x0, 0x4f, 0x84, 0x9e,
    0xe0, 0x0, 0x7e, 0xe9, 0x6e, 0x0,

    /* U+1EEC "Ử" */
    0x0, 0xa, 0xf7, 0x0, 0x0, 0x0, 0x0, 0x5,
    0xc0, 0x0, 0x71, 0x0, 0x0, 0x95, 0x0, 0xe,
    0x40, 0x0, 0x0, 0x0, 0x1, 0xe4, 0xc9, 0x0,
    0x0, 0xe, 0xf8, 0xc, 0x90, 0x0, 0x0, 0x9c,
    0x0, 0xc9, 0x0, 0x0, 0x9, 0xc0, 0xc, 0x90,
    0x0, 0x0, 0x9c, 0x0, 0xc9, 0x0, 0x0, 0x9,
    0xc0, 0xc, 0x90, 0x0, 0x0, 0x9c, 0x0, 0xc9,
    0x0, 0x0, 0x9, 0xc0, 0xc, 0x90, 0x0, 0x0,
    0x9c, 0x0, 0xab, 0x0, 0x0, 0xb, 0xb0, 0x6,
    0xf2, 0x0, 0x2, 0xf6, 0x0, 0xd, 0xf9, 0x68,
    0xfd, 0x0, 0x0, 0x8, 0xef, 0xe9, 0x10, 0x0,

    /* U+1EED "ử" */
    0x0, 0x9f, 0x70, 0x0, 0x0, 0x0, 0x5c, 0x0,
    0x71, 0x0, 0x9, 0x50, 0xd, 0x50, 0x0, 0x0,
    0x0, 0xe5, 0xba, 0x0, 0xb, 0xf9, 0xb, 0xa0,
    0x0, 0x6e, 0x0, 0xba, 0x0, 0x6, 0xe0, 0xb,
    0xa0, 0x0, 0x6e, 0x0, 0xba, 0x0, 0x6, 0xe0,
    0xb, 0xa0, 0x0, 0x7e, 0x0, 0x9c, 0x0, 0xb,
    0xe0, 0x4, 0xf8, 0x49, 0xee, 0x0, 0x7, 0xee,
    0x96, 0xe0, 0x0,

    /* U+1EEE "Ữ" */
    0x0, 0x6e, 0x91, 0xc0, 0x0, 0x0, 0xd, 0x8,
    0xe7, 0x0, 0xe3, 0x0, 0x0, 0x0, 0x0, 0xe,
    0x4c, 0x90, 0x0, 0x0, 0xef, 0x90, 0xc9, 0x0,
    0x0, 0x9, 0xc0, 0xc, 0x90, 0x0, 0x0, 0x9c,
    0x0, 0xc9, 0x0, 0x0, 0x9, 0xc0, 0xc, 0x90,
    0x0, 0x0, 0x9c, 0x0, 0xc9, 0x0, 0x0, 0x9,
    0xc0, 0xc, 0x90, 0x0, 0x0, 0x9c, 0x0, 0xc9,
    0x0, 0x0, 0x9, 0xc0, 0xa, 0xb0, 0x0, 0x0,
    0xbb, 0x0, 0x6f, 0x20, 0x0, 0x2f, 0x60, 0x0,
    0xdf, 0x96, 0x8f, 0xd0, 0x0, 0x0, 0x8e, 0xfe,
    0x91, 0x0, 0x0,

    /* U+1EEF "ữ" */
    0x6, 0xe9, 0x1d, 0x0, 0x0, 0xd0, 0x8f, 0x70,
    0xe4, 0x0, 0x0, 0x0, 0xd, 0x5b, 0xa0, 0x0,
    0xbf, 0x90, 0xba, 0x0, 0x6, 0xe0, 0xb, 0xa0,
    0x0, 0x6e, 0x0, 0xba, 0x0, 0x6, 0xe0, 0xb,
    0xa0, 0x0, 0x6e, 0x0, 0xba, 0x0, 0x7, 0xe0,
    0x9, 0xc0, 0x0, 0xbe, 0x0, 0x4f, 0x84, 0x9e,
    0xe0, 0x0, 0x7e, 0xe9, 0x6e, 0x0,

    /* U+1EF0 "Ự" */
    0x0, 0x0, 0x0, 0x0, 0x7, 0x10, 0x0, 0x0,
    0x0, 0x0, 0xe4, 0x0, 0x0, 0x0, 0x0, 0x1e,
    0x4c, 0x90, 0x0, 0x0, 0xef, 0x80, 0xc9, 0x0,
    0x0, 0x9, 0xc0, 0xc, 0x90, 0x0, 0x0, 0x9c,
    0x0, 0xc9, 0x0, 0x0, 0x9, 0xc0, 0xc, 0x90,
    0x0, 0x0, 0x9c, 0x0, 0xc9, 0x0, 0x0, 0x9,
    0xc0, 0xc, 0x90, 0x0, 0x0, 0x9c, 0x0, 0xc9,
    0x0, 0x0, 0x9, 0xc0, 0xa, 0xb0, 0x0, 0x0,
    0xbb, 0x0, 0x6f, 0x20, 0x0, 0x2f, 0x60, 0x0,
    0xdf, 0x96, 0x8f, 0xd0, 0x0, 0x0, 0x8e, 0xfe,
    0x91, 0x0, 0x0, 0x0, 0x17, 0x10, 0x0, 0x0,
    0x0, 0x3, 0xf3, 0x0, 0x0, 0x0,

    /* U+1EF1 "ự" */
    0x0, 0x0, 0x0, 0x7, 0x20, 0x0, 0x0, 0x0,
    0xd5, 0x0, 0x0, 0x0, 0xd, 0x5b, 0xa0, 0x0,
    0xbf, 0x90, 0xba, 0x0, 0x6, 0xe0, 0xb, 0xa0,
    0x0, 0x6e, 0x0, 0xba, 0x0, 0x6, 0xe0, 0xb,
    0xa0, 0x0, 0x6e, 0x0, 0xba, 0x0, 0x7, 0xe0,
    0x9, 0xc0, 0x0, 0xbe, 0x0, 0x4f, 0x84, 0x9e,
    0xe0, 0x0, 0x7e, 0xe9, 0x6e, 0x0, 0x0, 0x17,
    0x10, 0x0, 0x0, 0x2, 0xf4, 0x0, 0x0,

    /* U+1EF2 "Ỳ" */
    0x0, 0x1, 0xe6, 0x0, 0x0, 0x0, 0x0, 0x5,
    0xe0, 0x0, 0x0, 0x0, 0x0, 0x1, 0x0, 0x0,
    0x0, 0xcc, 0x0, 0x0, 0x9, 0xf1, 0x3, 0xf5,
    0x0, 0x2, 0xf7, 0x0, 0xa, 0xd0, 0x0, 0xad,
    0x0, 0x0, 0x2f, 0x70, 0x3f, 0x50, 0x0, 0x0,
    0x8e, 0x1c, 0xc0, 0x0, 0x0, 0x0, 0xec, 0xf3,
    0x0, 0x0, 0x0, 0x6, 0xfa, 0x0, 0x0, 0x0,
    0x0, 0x1f, 0x40, 0x0, 0x0, 0x0, 0x1, 0xf4,
    0x0, 0x0, 0x0, 0x0, 0x1f, 0x40, 0x0, 0x0,
    0x0, 0x1, 0xf4, 0x0, 0x0, 0x0, 0x0, 0x1f,
    0x40, 0x0, 0x0,

    /* U+1EF3 "ỳ" */
    0x0, 0x4f, 0x20, 0x0, 0x0, 0x0, 0x99, 0x0,
    0x0, 0x0, 0x0, 0x10, 0x0, 0x7, 0xf0, 0x0,
    0x6, 0xf1, 0x2f, 0x50, 0x0, 0xbb, 0x0, 0xca,
    0x0, 0xf, 0x50, 0x7, 0xf0, 0x5, 0xf0, 0x0,
    0x1f, 0x50, 0xaa, 0x0, 0x0, 0xca, 0xf, 0x40,
    0x0, 0x6, 0xf4, 0xe0, 0x0, 0x0, 0x1f, 0xd9,
    0x0, 0x0, 0x0, 0xbf, 0x30, 0x0, 0x1, 0x38,
    0xd0, 0x0, 0x0, 0x5f, 0xe4, 0x0, 0x0,

    /* U+1EF4 "Ỵ" */
    0xc, 0xc0, 0x0, 0x0, 0x9f, 0x10, 0x3f, 0x50,
    0x0, 0x2f, 0x70, 0x0, 0xad, 0x0, 0xa, 0xd0,
    0x0, 0x2, 0xf7, 0x3, 0xf5, 0x0, 0x0, 0x8,
    0xe1, 0xcc, 0x0, 0x0, 0x0, 0xe, 0xcf, 0x30,
    0x0, 0x0, 0x0, 0x6f, 0xa0, 0x0, 0x0, 0x0,
    0x1, 0xf4, 0x0, 0x0, 0x0, 0x0, 0x1f, 0x40,
    0x0, 0x0, 0x0, 0x1, 0xf4, 0x0, 0x0, 0x0,
    0x0, 0x1f, 0x40, 0x0, 0x0, 0x0, 0x1, 0xf4,
    0x0, 0x0, 0x0, 0x0, 0x7, 0x20, 0x0, 0x0,
    0x0, 0x1, 0xf5, 0x0, 0x0,

    /* U+1EF5 "ỵ" */
    0x7f, 0x0, 0x0, 0x6f, 0x12, 0xf5, 0x0, 0xb,
    0xb0, 0xc, 0xa0, 0x0, 0xf5, 0x0, 0x7f, 0x0,
    0x5f, 0x0, 0x1, 0xf5, 0xa, 0xa0, 0x0, 0xc,
    0xa0, 0xf4, 0x0, 0x0, 0x6f, 0x4e, 0x0, 0x0,
    0x1, 0xfd, 0x90, 0x0, 0x0, 0xb, 0xf3, 0x0,
    0x0, 0x13, 0x8d, 0x37, 0x0, 0x5, 0xfe, 0x46,
    0xf0, 0x0,

    /* U+1EF6 "Ỷ" */
    0x0, 0x0, 0x8f, 0x80, 0x0, 0x0, 0x0, 0x0,
    0x4d, 0x0, 0x0, 0x0, 0x0, 0x8, 0x60, 0x0,
    0x0, 0x0, 0x0, 0x0, 0x0, 0x0, 0xc, 0xc0,
    0x0, 0x0, 0x9f, 0x10, 0x3f, 0x50, 0x0, 0x2f,
    0x70, 0x0, 0xad, 0x0, 0xa, 0xd0, 0x0, 0x2,
    0xf7, 0x3, 0xf5, 0x0, 0x0, 0x8, 0xe1, 0xcc,
    0x0, 0x0, 0x0, 0xe, 0xcf, 0x30, 0x0, 0x0,
    0x0, 0x6f, 0xa0, 0x0, 0x0, 0x0, 0x1, 0xf4,
    0x0, 0x0, 0x0, 0x0, 0x1f, 0x40, 0x0, 0x0,
    0x0, 0x1, 0xf4, 0x0, 0x0, 0x0, 0x0, 0x1f,
    0x40, 0x0, 0x0, 0x0, 0x1, 0xf4, 0x0, 0x0,

    /* U+1EF7 "ỷ" */
    0x0, 0xd, 0xe4, 0x0, 0x0, 0x0, 0x8, 0x80,
    0x0, 0x0, 0x0, 0xb2, 0x0, 0x0, 0x0, 0x0,
    0x0, 0x0, 0x7f, 0x0, 0x0, 0x6f, 0x12, 0xf5,
    0x0, 0xb, 0xb0, 0xc, 0xa0, 0x0, 0xf5, 0x0,
    0x7f, 0x0, 0x5f, 0x0, 0x1, 0xf5, 0xa, 0xa0,
    0x0, 0xc, 0xa0, 0xf4, 0x0, 0x0, 0x6f, 0x4e,
    0x0, 0x0, 0x1, 0xfd, 0x90, 0x0, 0x0, 0xb,
    0xf3, 0x0, 0x0, 0x13, 0x8d, 0x0, 0x0, 0x5,
    0xfe, 0x40, 0x0, 0x0,

    /* U+1EF8 "Ỹ" */
    0x0, 0x5, 0xe9, 0xc, 0x0, 0x0, 0x0, 0xc1,
    0x7e, 0x80, 0x0, 0x0, 0x0, 0x0, 0x0, 0x0,
    0x0, 0xcc, 0x0, 0x0, 0x9, 0xf1, 0x3, 0xf5,
    0x0, 0x2, 0xf7, 0x0, 0xa, 0xd0, 0x0, 0xad,
    0x0, 0x0, 0x2f, 0x70, 0x3f, 0x50, 0x0, 0x0,
    0x8e, 0x1c, 0xc0, 0x0, 0x0, 0x0, 0xec, 0xf3,
    0x0, 0x0, 0x0, 0x6, 0xfa, 0x0, 0x0, 0x0,
    0x0, 0x1f, 0x40, 0x0, 0x0, 0x0, 0x1, 0xf4,
    0x0, 0x0, 0x0, 0x0, 0x1f, 0x40, 0x0, 0x0,
    0x0, 0x1, 0xf4, 0x0, 0x0, 0x0, 0x0, 0x1f,
    0x40, 0x0, 0x0,

    /* U+1EF9 "ỹ" */
    0x1, 0xce, 0xee, 0x70, 0x0, 0x0, 0x0, 0x0,
    0x0, 0x0, 0x0, 0x0, 0x0, 0x7, 0xf0, 0x0,
    0x6, 0xf1, 0x2f, 0x50, 0x0, 0xbb, 0x0, 0xca,
    0x0, 0xf, 0x50, 0x7, 0xf0, 0x5, 0xf0, 0x0,
    0x1f, 0x50, 0xaa, 0x0, 0x0, 0xca, 0xf, 0x40,
    0x0, 0x6, 0xf4, 0xe0, 0x0, 0x0, 0x1f, 0xd9,
    0x0, 0x0, 0x0, 0xbf, 0x30, 0x0, 0x1, 0x38,
    0xd0, 0x0, 0x0, 0x5f, 0xe4, 0x0, 0x0,

    /* U+2013 "–" */
    0x1, 0x11, 0x11, 0x11, 0x4, 0xff, 0xff, 0xff,
    0xfc, 0x13, 0x33, 0x33, 0x33, 0x20,

    /* U+2014 "—" */
    0x1, 0x11, 0x11, 0x11, 0x11, 0x11, 0x10, 0x4f,
    0xff, 0xff, 0xff, 0xff, 0xff, 0xfd, 0x13, 0x33,
    0x33, 0x33, 0x33, 0x33, 0x33,

    /* U+2015 "―" */
    0x0, 0x0, 0x0, 0x0, 0x9, 0xff, 0xff, 0xff,
    0xf9, 0x13, 0x33, 0x33, 0x33, 0x10,

    /* U+2016 "‖" */
    0x8b, 0xd, 0x68, 0xb0, 0xd6, 0x8b, 0xd, 0x68,
    0xb0, 0xd6, 0x8b, 0xd, 0x68, 0xb0, 0xd6, 0x8b,
    0xd, 0x68, 0xb0, 0xd6, 0x8b, 0xd, 0x68, 0xb0,
    0xd6, 0x8b, 0xd, 0x68, 0xb0, 0xd6, 0x8b, 0xd,
    0x64, 0x50, 0x63,

    /* U+2017 "‗" */
    0x1d, 0xdd, 0xdd, 0xdd, 0xd1, 0x1d, 0xdd, 0xdd,
    0xdd, 0xd1,

    /* U+2018 "‘" */
    0x7, 0x50, 0xc1, 0x1d, 0x4, 0xf8, 0x3e, 0x70,

    /* U+2019 "’" */
    0x4f, 0x84, 0xf8, 0xa, 0x30, 0xd0, 0x13, 0x0,

    /* U+201A "‚" */
    0x4e, 0x74, 0xf8, 0xa, 0x31, 0xb0,

    /* U+201B "‛" */
    0xf8, 0xe6, 0xc0, 0x56,

    /* U+201C "“" */
    0x7, 0x50, 0xc0, 0xc, 0x12, 0xb0, 0x1d, 0x6,
    0x70, 0x4f, 0x8a, 0xf2, 0x3e, 0x78, 0xe2,

    /* U+201D "”" */
    0x4f, 0x8a, 0xf2, 0x4f, 0x89, 0xf2, 0xa, 0x30,
    0xd0, 0xd, 0x5, 0x80, 0x13, 0x3, 0x10,

    /* U+201E "„" */
    0x4e, 0x79, 0xe2, 0x4f, 0x8a, 0xf2, 0xa, 0x31,
    0xc0, 0x1b, 0x6, 0x60,

    /* U+201F "‟" */
    0x4f, 0x3d, 0xa4, 0xd2, 0xd7, 0x2a, 0xb, 0x10,
    0x92, 0x38,

    /* U+2020 "†" */
    0x0, 0xf, 0x50, 0x0, 0x0, 0xf5, 0x0, 0x0,
    0xf, 0x50, 0x8, 0xff, 0xff, 0xfe, 0x24, 0x4f,
    0x94, 0x30, 0x0, 0xf5, 0x0, 0x0, 0xf, 0x50,
    0x0, 0x0, 0xf5, 0x0, 0x0, 0xf, 0x50, 0x0,
    0x0, 0xf5, 0x0, 0x0, 0xf, 0x50, 0x0, 0x0,
    0xf5, 0x0,

    /* U+2021 "‡" */
    0x0, 0xf, 0x50, 0x0, 0x0, 0xf5, 0x0, 0x0,
    0xf, 0x50, 0x8, 0xff, 0xff, 0xfe, 0x24, 0x4f,
    0x94, 0x30, 0x0, 0xf5, 0x0, 0x0, 0xf, 0x50,
    0x0, 0x0, 0xf5, 0x0, 0x8f, 0xff, 0xff, 0xe1,
    0x33, 0xf8, 0x33, 0x0, 0xf, 0x50, 0x0, 0x0,
    0xf5, 0x0,

    /* U+2022 "•" */
    0x4, 0x84, 0x1, 0xff, 0xf1, 0x3f, 0xff, 0x30,
    0xaf, 0xa0,

    /* U+2023 "‣" */
    0x12, 0x0, 0x0, 0x2f, 0x80, 0x0, 0x2f, 0xfe,
    0x50, 0x2f, 0xff, 0x70, 0x2f, 0xa1, 0x0, 0x14,
    0x0, 0x0,

    /* U+2024 "․" */
    0x6b, 0x9, 0xf0,

    /* U+2025 "‥" */
    0x6b, 0x0, 0x1b, 0x59, 0xf0, 0x2, 0xf7,

    /* U+2026 "…" */
    0x4e, 0x74, 0xe6, 0x5e, 0x64, 0xf8, 0x5f, 0x76,
    0xf7,

    /* U+203A "›" */
    0x9, 0x60, 0x0, 0x5f, 0x40, 0x0, 0x8f, 0x20,
    0x0, 0xc9, 0x0, 0x4f, 0x60, 0x2e, 0x90, 0xd,
    0xc0, 0x0,

    /* U+2713 "✓" */
    0x0, 0x0, 0x0, 0x0, 0x0, 0x32, 0x0, 0x0,
    0x0, 0x0, 0x2e, 0xd1, 0x0, 0x0, 0x0, 0x1,
    0xde, 0x20, 0x0, 0x0, 0x0, 0xa, 0xf3, 0x0,
    0x0, 0x0, 0x0, 0x5f, 0x80, 0x0, 0x0, 0x0,
    0x0, 0xed, 0x0, 0x0, 0x0, 0x0, 0x9, 0xf4,
    0x0, 0x0, 0x2, 0x0, 0x1f, 0xa0, 0x0, 0x0,
    0x8f, 0xb0, 0x9f, 0x20, 0x0, 0x0, 0x4f, 0xf9,
    0xfb, 0x0, 0x0, 0x0, 0x7, 0xff, 0xf3, 0x0,
    0x0, 0x0, 0x0, 0xaf, 0xc0, 0x0, 0x0, 0x0,
    0x0, 0x2, 0x0, 0x0, 0x0, 0x0,

    /* U+2717 "✗" */
    0x0, 0x0, 0x0, 0x0, 0x0, 0x0, 0x8d, 0x0,
    0x5, 0xa0, 0x0, 0x6f, 0x80, 0x4f, 0x70, 0x0,
    0x2f, 0xf5, 0xfb, 0x0, 0x0, 0xe, 0xff, 0xf2,
    0x0, 0x0, 0xa, 0xff, 0x70, 0x0, 0x0, 0xd,
    0xff, 0x0, 0x0, 0x0, 0xaf, 0xff, 0x10, 0x0,
    0x8, 0xff, 0xdf, 0x70, 0x0, 0x6f, 0xf3, 0x4f,
    0xe0, 0x0, 0xef, 0x30, 0x6, 0xf5, 0x0, 0x44,
    0x0, 0x0, 0x20, 0x0
};


/*---------------------
 *  GLYPH DESCRIPTION
 *--------------------*/

static const lv_font_fmt_txt_glyph_dsc_t glyph_dsc[] = {
    {.bitmap_index = 0, .adv_w = 0, .box_w = 0, .box_h = 0, .ofs_x = 0, .ofs_y = 0} /* id = 0 reserved */,
    {.bitmap_index = 0, .adv_w = 64, .box_w = 0, .box_h = 0, .ofs_x = 0, .ofs_y = 0},
    {.bitmap_index = 0, .adv_w = 55, .box_w = 3, .box_h = 12, .ofs_x = 0, .ofs_y = 0},
    {.bitmap_index = 18, .adv_w = 89, .box_w = 5, .box_h = 5, .ofs_x = 0, .ofs_y = 7},
    {.bitmap_index = 31, .adv_w = 122, .box_w = 9, .box_h = 12, .ofs_x = -1, .ofs_y = 0},
    {.bitmap_index = 85, .adv_w = 161, .box_w = 10, .box_h = 16, .ofs_x = 0, .ofs_y = -2},
    {.bitmap_index = 165, .adv_w = 205, .box_w = 13, .box_h = 12, .ofs_x = 0, .ofs_y = 0},
    {.bitmap_index = 243, .adv_w = 159, .box_w = 10, .box_h = 12, .ofs_x = 0, .ofs_y = 0},
    {.bitmap_index = 303, .adv_w = 46, .box_w = 3, .box_h = 5, .ofs_x = 0, .ofs_y = 7},
    {.bitmap_index = 311, .adv_w = 70, .box_w = 5, .box_h = 15, .ofs_x = 0, .ofs_y = -2},
    {.bitmap_index = 349, .adv_w = 70, .box_w = 4, .box_h = 15, .ofs_x = 0, .ofs_y = -2},
    {.bitmap_index = 379, .adv_w = 110, .box_w = 7, .box_h = 7, .ofs_x = 0, .ofs_y = 6},
    {.bitmap_index = 404, .adv_w = 143, .box_w = 9, .box_h = 8, .ofs_x = 0, .ofs_y = 1},
    {.bitmap_index = 440, .adv_w = 51, .box_w = 3, .box_h = 4, .ofs_x = 0, .ofs_y = -2},
    {.bitmap_index = 446, .adv_w = 107, .box_w = 6, .box_h = 3, .ofs_x = 0, .ofs_y = 3},
    {.bitmap_index = 455, .adv_w = 51, .box_w = 3, .box_h = 2, .ofs_x = 0, .ofs_y = 0},
    {.bitmap_index = 458, .adv_w = 123, .box_w = 7, .box_h = 15, .ofs_x = 0, .ofs_y = -2},
    {.bitmap_index = 511, .adv_w = 170, .box_w = 10, .box_h = 12, .ofs_x = 0, .ofs_y = 0},
    {.bitmap_index = 571, .adv_w = 98, .box_w = 5, .box_h = 12, .ofs_x = 0, .ofs_y = 0},
    {.bitmap_index = 601, .adv_w = 158, .box_w = 9, .box_h = 12, .ofs_x = 0, .ofs_y = 0},
    {.bitmap_index = 655, .adv_w = 157, .box_w = 10, .box_h = 12, .ofs_x = 0, .ofs_y = 0},
    {.bitmap_index = 715, .adv_w = 157, .box_w = 10, .box_h = 12, .ofs_x = 0, .ofs_y = 0},
    {.bitmap_index = 775, .adv_w = 160, .box_w = 10, .box_h = 12, .ofs_x = 0, .ofs_y = 0},
    {.bitmap_index = 835, .adv_w = 152, .box_w = 9, .box_h = 12, .ofs_x = 0, .ofs_y = 0},
    {.bitmap_index = 889, .adv_w = 134, .box_w = 9, .box_h = 12, .ofs_x = 0, .ofs_y = 0},
    {.bitmap_index = 943, .adv_w = 155, .box_w = 10, .box_h = 12, .ofs_x = 0, .ofs_y = 0},
    {.bitmap_index = 1003, .adv_w = 152, .box_w = 9, .box_h = 12, .ofs_x = 0, .ofs_y = 0},
    {.bitmap_index = 1057, .adv_w = 76, .box_w = 3, .box_h = 9, .ofs_x = 1, .ofs_y = 0},
    {.bitmap_index = 1071, .adv_w = 76, .box_w = 3, .box_h = 11, .ofs_x = 1, .ofs_y = -2},
    {.bitmap_index = 1088, .adv_w = 139, .box_w = 8, .box_h = 10, .ofs_x = 0, .ofs_y = 0},
    {.bitmap_index = 1128, .adv_w = 138, .box_w = 8, .box_h = 6, .ofs_x = 0, .ofs_y = 2},
    {.bitmap_index = 1152, .adv_w = 139, .box_w = 9, .box_h = 10, .ofs_x = 0, .ofs_y = 0},
    {.bitmap_index = 1197, .adv_w = 143, .box_w = 9, .box_h = 12, .ofs_x = 0, .ofs_y = 0},
    {.bitmap_index = 1251, .adv_w = 232, .box_w = 14, .box_h = 14, .ofs_x = 0, .ofs_y = -2},
    {.bitmap_index = 1349, .adv_w = 171, .box_w = 11, .box_h = 12, .ofs_x = 0, .ofs_y = 0},
    {.bitmap_index = 1415, .adv_w = 174, .box_w = 9, .box_h = 12, .ofs_x = 1, .ofs_y = 0},
    {.bitmap_index = 1469, .adv_w = 180, .box_w = 11, .box_h = 12, .ofs_x = 0, .ofs_y = 0},
    {.bitmap_index = 1535, .adv_w = 178, .box_w = 10, .box_h = 12, .ofs_x = 1, .ofs_y = 0},
    {.bitmap_index = 1595, .adv_w = 154, .box_w = 8, .box_h = 12, .ofs_x = 1, .ofs_y = 0},
    {.bitmap_index = 1643, .adv_w = 151, .box_w = 8, .box_h = 12, .ofs_x = 1, .ofs_y = 0},
    {.bitmap_index = 1691, .adv_w = 179, .box_w = 11, .box_h = 12, .ofs_x = 0, .ofs_y = 0},
    {.bitmap_index = 1757, .adv_w = 183, .box_w = 9, .box_h = 12, .ofs_x = 1, .ofs_y = 0},
    {.bitmap_index = 1811, .adv_w = 69, .box_w = 2, .box_h = 12, .ofs_x = 1, .ofs_y = 0},
    {.bitmap_index = 1823, .adv_w = 153, .box_w = 8, .box_h = 12, .ofs_x = 1, .ofs_y = 0},
    {.bitmap_index = 1871, .adv_w = 164, .box_w = 9, .box_h = 12, .ofs_x = 1, .ofs_y = 0},
    {.bitmap_index = 1925, .adv_w = 148, .box_w = 8, .box_h = 12, .ofs_x = 1, .ofs_y = 0},
    {.bitmap_index = 1973, .adv_w = 225, .box_w = 12, .box_h = 12, .ofs_x = 1, .ofs_y = 0},
    {.bitmap_index = 2045, .adv_w = 190, .box_w = 10, .box_h = 12, .ofs_x = 1, .ofs_y = 0},
    {.bitmap_index = 2105, .adv_w = 189, .box_w = 12, .box_h = 12, .ofs_x = 0, .ofs_y = 0},
    {.bitmap_index = 2177, .adv_w = 166, .box_w = 9, .box_h = 12, .ofs_x = 1, .ofs_y = 0},
    {.bitmap_index = 2231, .adv_w = 188, .box_w = 12, .box_h = 13, .ofs_x = 0, .ofs_y = -1},
    {.bitmap_index = 2309, .adv_w = 172, .box_w = 9, .box_h = 12, .ofs_x = 1, .ofs_y = 0},
    {.bitmap_index = 2363, .adv_w = 164, .box_w = 10, .box_h = 12, .ofs_x = 0, .ofs_y = 0},
    {.bitmap_index = 2423, .adv_w = 141, .box_w = 9, .box_h = 12, .ofs_x = 0, .ofs_y = 0},
    {.bitmap_index = 2477, .adv_w = 176, .box_w = 9, .box_h = 12, .ofs_x = 1, .ofs_y = 0},
    {.bitmap_index = 2531, .adv_w = 171, .box_w = 11, .box_h = 12, .ofs_x = 0, .ofs_y = 0},
    {.bitmap_index = 2597, .adv_w = 242, .box_w = 15, .box_h = 12, .ofs_x = 0, .ofs_y = 0},
    {.bitmap_index = 2687, .adv_w = 155, .box_w = 10, .box_h = 12, .ofs_x = 0, .ofs_y = 0},
    {.bitmap_index = 2747, .adv_w = 147, .box_w = 11, .box_h = 12, .ofs_x = -1, .ofs_y = 0},
    {.bitmap_index = 2813, .adv_w = 139, .box_w = 9, .box_h = 12, .ofs_x = 0, .ofs_y = 0},
    {.bitmap_index = 2867, .adv_w = 89, .box_w = 5, .box_h = 15, .ofs_x = 1, .ofs_y = -3},
    {.bitmap_index = 2905, .adv_w = 116, .box_w = 7, .box_h = 15, .ofs_x = 0, .ofs_y = -2},
    {.bitmap_index = 2958, .adv_w = 89, .box_w = 5, .box_h = 15, .ofs_x = 0, .ofs_y = -3},
    {.bitmap_index = 2996, .adv_w = 109, .box_w = 7, .box_h = 5, .ofs_x = 0, .ofs_y = 6},
    {.bitmap_index = 3014, .adv_w = 143, .box_w = 9, .box_h = 3, .ofs_x = 0, .ofs_y = -2},
    {.bitmap_index = 3028, .adv_w = 63, .box_w = 4, .box_h = 3, .ofs_x = 0, .ofs_y = 10},
    {.bitmap_index = 3034, .adv_w = 141, .box_w = 9, .box_h = 9, .ofs_x = 0, .ofs_y = 0},
    {.bitmap_index = 3075, .adv_w = 152, .box_w = 8, .box_h = 12, .ofs_x = 1, .ofs_y = 0},
    {.bitmap_index = 3123, .adv_w = 140, .box_w = 9, .box_h = 9, .ofs_x = 0, .ofs_y = 0},
    {.bitmap_index = 3164, .adv_w = 152, .box_w = 9, .box_h = 12, .ofs_x = 0, .ofs_y = 0},
    {.bitmap_index = 3218, .adv_w = 144, .box_w = 9, .box_h = 9, .ofs_x = 0, .ofs_y = 0},
    {.bitmap_index = 3259, .adv_w = 101, .box_w = 6, .box_h = 12, .ofs_x = 0, .ofs_y = 0},
    {.bitmap_index = 3295, .adv_w = 152, .box_w = 9, .box_h = 11, .ofs_x = 0, .ofs_y = -2},
    {.bitmap_index = 3345, .adv_w = 149, .box_w = 8, .box_h = 12, .ofs_x = 1, .ofs_y = 0},
    {.bitmap_index = 3393, .adv_w = 62, .box_w = 2, .box_h = 12, .ofs_x = 1, .ofs_y = 0},
    {.bitmap_index = 3405, .adv_w = 67, .box_w = 4, .box_h = 14, .ofs_x = -1, .ofs_y = -2},
    {.bitmap_index = 3433, .adv_w = 151, .box_w = 8, .box_h = 12, .ofs_x = 1, .ofs_y = 0},
    {.bitmap_index = 3481, .adv_w = 68, .box_w = 3, .box_h = 12, .ofs_x = 1, .ofs_y = 0},
    {.bitmap_index = 3499, .adv_w = 225, .box_w = 12, .box_h = 9, .ofs_x = 1, .ofs_y = 0},
    {.bitmap_index = 3553, .adv_w = 149, .box_w = 8, .box_h = 9, .ofs_x = 1, .ofs_y = 0},
    {.bitmap_index = 3589, .adv_w = 147, .box_w = 9, .box_h = 9, .ofs_x = 0, .ofs_y = 0},
    {.bitmap_index = 3630, .adv_w = 152, .box_w = 8, .box_h = 11, .ofs_x = 1, .ofs_y = -2},
    {.bitmap_index = 3674, .adv_w = 152, .box_w = 9, .box_h = 11, .ofs_x = 0, .ofs_y = -2},
    {.bitmap_index = 3724, .adv_w = 97, .box_w = 5, .box_h = 9, .ofs_x = 1, .ofs_y = 0},
    {.bitmap_index = 3747, .adv_w = 133, .box_w = 8, .box_h = 9, .ofs_x = 0, .ofs_y = 0},
    {.bitmap_index = 3783, .adv_w = 100, .box_w = 6, .box_h = 11, .ofs_x = 0, .ofs_y = 0},
    {.bitmap_index = 3816, .adv_w = 147, .box_w = 7, .box_h = 9, .ofs_x = 1, .ofs_y = 0},
    {.bitmap_index = 3848, .adv_w = 137, .box_w = 9, .box_h = 9, .ofs_x = 0, .ofs_y = 0},
    {.bitmap_index = 3889, .adv_w = 210, .box_w = 13, .box_h = 9, .ofs_x = 0, .ofs_y = 0},
    {.bitmap_index = 3948, .adv_w = 150, .box_w = 9, .box_h = 9, .ofs_x = 0, .ofs_y = 0},
    {.bitmap_index = 3989, .adv_w = 137, .box_w = 9, .box_h = 11, .ofs_x = 0, .ofs_y = -2},
    {.bitmap_index = 4039, .adv_w = 137, .box_w = 8, .box_h = 9, .ofs_x = 0, .ofs_y = 0},
    {.bitmap_index = 4075, .adv_w = 100, .box_w = 6, .box_h = 16, .ofs_x = 0, .ofs_y = -3},
    {.bitmap_index = 4123, .adv_w = 68, .box_w = 2, .box_h = 15, .ofs_x = 1, .ofs_y = -2},
    {.bitmap_index = 4138, .adv_w = 100, .box_w = 6, .box_h = 16, .ofs_x = 0, .ofs_y = -3},
    {.bitmap_index = 4186, .adv_w = 134, .box_w = 8, .box_h = 5, .ofs_x = 0, .ofs_y = 3},
    {.bitmap_index = 4206, .adv_w = 64, .box_w = 0, .box_h = 0, .ofs_x = 0, .ofs_y = 0},
    {.bitmap_index = 4206, .adv_w = 55, .box_w = 3, .box_h = 11, .ofs_x = 0, .ofs_y = -2},
    {.bitmap_index = 4223, .adv_w = 140, .box_w = 9, .box_h = 12, .ofs_x = 0, .ofs_y = 0},
    {.bitmap_index = 4277, .adv_w = 156, .box_w = 10, .box_h = 12, .ofs_x = 0, .ofs_y = 0},
    {.bitmap_index = 4337, .adv_w = 160, .box_w = 10, .box_h = 10, .ofs_x = 0, .ofs_y = 0},
    {.bitmap_index = 4387, .adv_w = 147, .box_w = 11, .box_h = 12, .ofs_x = -1, .ofs_y = 0},
    {.bitmap_index = 4453, .adv_w = 68, .box_w = 2, .box_h = 14, .ofs_x = 1, .ofs_y = -2},
    {.bitmap_index = 4467, .adv_w = 141, .box_w = 8, .box_h = 14, .ofs_x = 0, .ofs_y = -2},
    {.bitmap_index = 4523, .adv_w = 90, .box_w = 5, .box_h = 2, .ofs_x = 0, .ofs_y = 10},
    {.bitmap_index = 4528, .adv_w = 212, .box_w = 13, .box_h = 14, .ofs_x = 0, .ofs_y = -1},
    {.bitmap_index = 4619, .adv_w = 103, .box_w = 6, .box_h = 6, .ofs_x = 0, .ofs_y = 5},
    {.bitmap_index = 4637, .adv_w = 136, .box_w = 8, .box_h = 7, .ofs_x = 0, .ofs_y = 1},
    {.bitmap_index = 4665, .adv_w = 128, .box_w = 8, .box_h = 6, .ofs_x = 0, .ofs_y = 0},
    {.bitmap_index = 4689, .adv_w = 85, .box_w = 5, .box_h = 2, .ofs_x = 0, .ofs_y = 4},
    {.bitmap_index = 4694, .adv_w = 163, .box_w = 10, .box_h = 9, .ofs_x = 0, .ofs_y = 3},
    {.bitmap_index = 4739, .adv_w = 91, .box_w = 5, .box_h = 3, .ofs_x = 0, .ofs_y = 10},
    {.bitmap_index = 4747, .adv_w = 103, .box_w = 6, .box_h = 6, .ofs_x = 0, .ofs_y = 6},
    {.bitmap_index = 4765, .adv_w = 138, .box_w = 8, .box_h = 10, .ofs_x = 0, .ofs_y = 0},
    {.bitmap_index = 4805, .adv_w = 89, .box_w = 5, .box_h = 6, .ofs_x = 0, .ofs_y = 5},
    {.bitmap_index = 4820, .adv_w = 85, .box_w = 5, .box_h = 6, .ofs_x = 0, .ofs_y = 5},
    {.bitmap_index = 4835, .adv_w = 63, .box_w = 4, .box_h = 3, .ofs_x = 0, .ofs_y = 10},
    {.bitmap_index = 4841, .adv_w = 147, .box_w = 7, .box_h = 11, .ofs_x = 1, .ofs_y = -2},
    {.bitmap_index = 4880, .adv_w = 153, .box_w = 9, .box_h = 12, .ofs_x = 0, .ofs_y = 0},
    {.bitmap_index = 4934, .adv_w = 51, .box_w = 3, .box_h = 2, .ofs_x = 0, .ofs_y = 4},
    {.bitmap_index = 4937, .adv_w = 81, .box_w = 5, .box_h = 4, .ofs_x = 0, .ofs_y = -4},
    {.bitmap_index = 4947, .adv_w = 62, .box_w = 3, .box_h = 6, .ofs_x = 0, .ofs_y = 5},
    {.bitmap_index = 4956, .adv_w = 107, .box_w = 7, .box_h = 6, .ofs_x = 0, .ofs_y = 5},
    {.bitmap_index = 4977, .adv_w = 137, .box_w = 8, .box_h = 7, .ofs_x = 0, .ofs_y = 1},
    {.bitmap_index = 5005, .adv_w = 187, .box_w = 12, .box_h = 12, .ofs_x = 0, .ofs_y = 0},
    {.bitmap_index = 5077, .adv_w = 205, .box_w = 13, .box_h = 13, .ofs_x = 0, .ofs_y = 0},
    {.bitmap_index = 5162, .adv_w = 200, .box_w = 13, .box_h = 12, .ofs_x = 0, .ofs_y = 0},
    {.bitmap_index = 5240, .adv_w = 143, .box_w = 9, .box_h = 12, .ofs_x = 0, .ofs_y = -2},
    {.bitmap_index = 5294, .adv_w = 171, .box_w = 11, .box_h = 15, .ofs_x = 0, .ofs_y = 0},
    {.bitmap_index = 5377, .adv_w = 171, .box_w = 11, .box_h = 15, .ofs_x = 0, .ofs_y = 0},
    {.bitmap_index = 5460, .adv_w = 171, .box_w = 11, .box_h = 15, .ofs_x = 0, .ofs_y = 0},
    {.bitmap_index = 5543, .adv_w = 171, .box_w = 11, .box_h = 15, .ofs_x = 0, .ofs_y = 0},
    {.bitmap_index = 5626, .adv_w = 171, .box_w = 11, .box_h = 15, .ofs_x = 0, .ofs_y = 0},
    {.bitmap_index = 5709, .adv_w = 171, .box_w = 11, .box_h = 16, .ofs_x = 0, .ofs_y = 0},
    {.bitmap_index = 5797, .adv_w = 249, .box_w = 15, .box_h = 12, .ofs_x = 0, .ofs_y = 0},
    {.bitmap_index = 5887, .adv_w = 180, .box_w = 11, .box_h = 15, .ofs_x = 0, .ofs_y = -3},
    {.bitmap_index = 5970, .adv_w = 154, .box_w = 8, .box_h = 15, .ofs_x = 1, .ofs_y = 0},
    {.bitmap_index = 6030, .adv_w = 154, .box_w = 8, .box_h = 15, .ofs_x = 1, .ofs_y = 0},
    {.bitmap_index = 6090, .adv_w = 154, .box_w = 8, .box_h = 15, .ofs_x = 1, .ofs_y = 0},
    {.bitmap_index = 6150, .adv_w = 154, .box_w = 8, .box_h = 15, .ofs_x = 1, .ofs_y = 0},
    {.bitmap_index = 6210, .adv_w = 69, .box_w = 3, .box_h = 15, .ofs_x = 0, .ofs_y = 0},
    {.bitmap_index = 6233, .adv_w = 69, .box_w = 4, .box_h = 15, .ofs_x = 1, .ofs_y = 0},
    {.bitmap_index = 6263, .adv_w = 69, .box_w = 6, .box_h = 15, .ofs_x = -1, .ofs_y = 0},
    {.bitmap_index = 6308, .adv_w = 69, .box_w = 5, .box_h = 15, .ofs_x = 0, .ofs_y = 0},
    {.bitmap_index = 6346, .adv_w = 178, .box_w = 11, .box_h = 12, .ofs_x = 0, .ofs_y = 0},
    {.bitmap_index = 6412, .adv_w = 190, .box_w = 10, .box_h = 15, .ofs_x = 1, .ofs_y = 0},
    {.bitmap_index = 6487, .adv_w = 189, .box_w = 12, .box_h = 16, .ofs_x = 0, .ofs_y = 0},
    {.bitmap_index = 6583, .adv_w = 189, .box_w = 12, .box_h = 16, .ofs_x = 0, .ofs_y = 0},
    {.bitmap_index = 6679, .adv_w = 189, .box_w = 12, .box_h = 16, .ofs_x = 0, .ofs_y = 0},
    {.bitmap_index = 6775, .adv_w = 189, .box_w = 12, .box_h = 15, .ofs_x = 0, .ofs_y = 0},
    {.bitmap_index = 6865, .adv_w = 189, .box_w = 12, .box_h = 15, .ofs_x = 0, .ofs_y = 0},
    {.bitmap_index = 6955, .adv_w = 129, .box_w = 8, .box_h = 8, .ofs_x = 0, .ofs_y = 1},
    {.bitmap_index = 6987, .adv_w = 189, .box_w = 12, .box_h = 12, .ofs_x = 0, .ofs_y = 0},
    {.bitmap_index = 7059, .adv_w = 176, .box_w = 9, .box_h = 16, .ofs_x = 1, .ofs_y = 0},
    {.bitmap_index = 7131, .adv_w = 176, .box_w = 9, .box_h = 16, .ofs_x = 1, .ofs_y = 0},
    {.bitmap_index = 7203, .adv_w = 176, .box_w = 9, .box_h = 16, .ofs_x = 1, .ofs_y = 0},
    {.bitmap_index = 7275, .adv_w = 176, .box_w = 9, .box_h = 15, .ofs_x = 1, .ofs_y = 0},
    {.bitmap_index = 7343, .adv_w = 147, .box_w = 11, .box_h = 15, .ofs_x = -1, .ofs_y = 0},
    {.bitmap_index = 7426, .adv_w = 159, .box_w = 9, .box_h = 12, .ofs_x = 1, .ofs_y = 0},
    {.bitmap_index = 7480, .adv_w = 150, .box_w = 8, .box_h = 12, .ofs_x = 1, .ofs_y = 0},
    {.bitmap_index = 7528, .adv_w = 141, .box_w = 9, .box_h = 12, .ofs_x = 0, .ofs_y = 0},
    {.bitmap_index = 7582, .adv_w = 141, .box_w = 9, .box_h = 12, .ofs_x = 0, .ofs_y = 0},
    {.bitmap_index = 7636, .adv_w = 141, .box_w = 9, .box_h = 12, .ofs_x = 0, .ofs_y = 0},
    {.bitmap_index = 7690, .adv_w = 141, .box_w = 9, .box_h = 12, .ofs_x = 0, .ofs_y = 0},
    {.bitmap_index = 7744, .adv_w = 141, .box_w = 9, .box_h = 12, .ofs_x = 0, .ofs_y = 0},
    {.bitmap_index = 7798, .adv_w = 141, .box_w = 9, .box_h = 13, .ofs_x = 0, .ofs_y = 0},
    {.bitmap_index = 7857, .adv_w = 235, .box_w = 14, .box_h = 9, .ofs_x = 0, .ofs_y = 0},
    {.bitmap_index = 7920, .adv_w = 140, .box_w = 9, .box_h = 12, .ofs_x = 0, .ofs_y = -3},
    {.bitmap_index = 7974, .adv_w = 144, .box_w = 9, .box_h = 12, .ofs_x = 0, .ofs_y = 0},
    {.bitmap_index = 8028, .adv_w = 144, .box_w = 9, .box_h = 12, .ofs_x = 0, .ofs_y = 0},
    {.bitmap_index = 8082, .adv_w = 144, .box_w = 9, .box_h = 12, .ofs_x = 0, .ofs_y = 0},
    {.bitmap_index = 8136, .adv_w = 144, .box_w = 9, .box_h = 12, .ofs_x = 0, .ofs_y = 0},
    {.bitmap_index = 8190, .adv_w = 62, .box_w = 3, .box_h = 12, .ofs_x = 0, .ofs_y = 0},
    {.bitmap_index = 8208, .adv_w = 62, .box_w = 3, .box_h = 12, .ofs_x = 1, .ofs_y = 0},
    {.bitmap_index = 8226, .adv_w = 62, .box_w = 6, .box_h = 12, .ofs_x = -1, .ofs_y = 0},
    {.bitmap_index = 8262, .adv_w = 62, .box_w = 4, .box_h = 12, .ofs_x = 0, .ofs_y = 0},
    {.bitmap_index = 8286, .adv_w = 147, .box_w = 9, .box_h = 12, .ofs_x = 0, .ofs_y = 0},
    {.bitmap_index = 8340, .adv_w = 149, .box_w = 8, .box_h = 12, .ofs_x = 1, .ofs_y = 0},
    {.bitmap_index = 8388, .adv_w = 147, .box_w = 9, .box_h = 12, .ofs_x = 0, .ofs_y = 0},
    {.bitmap_index = 8442, .adv_w = 147, .box_w = 9, .box_h = 12, .ofs_x = 0, .ofs_y = 0},
    {.bitmap_index = 8496, .adv_w = 147, .box_w = 9, .box_h = 12, .ofs_x = 0, .ofs_y = 0},
    {.bitmap_index = 8550, .adv_w = 147, .box_w = 9, .box_h = 12, .ofs_x = 0, .ofs_y = 0},
    {.bitmap_index = 8604, .adv_w = 147, .box_w = 9, .box_h = 12, .ofs_x = 0, .ofs_y = 0},
    {.bitmap_index = 8658, .adv_w = 138, .box_w = 8, .box_h = 9, .ofs_x = 0, .ofs_y = 0},
    {.bitmap_index = 8694, .adv_w = 147, .box_w = 9, .box_h = 9, .ofs_x = 0, .ofs_y = 0},
    {.bitmap_index = 8735, .adv_w = 147, .box_w = 7, .box_h = 12, .ofs_x = 1, .ofs_y = 0},
    {.bitmap_index = 8777, .adv_w = 147, .box_w = 7, .box_h = 12, .ofs_x = 1, .ofs_y = 0},
    {.bitmap_index = 8819, .adv_w = 147, .box_w = 7, .box_h = 12, .ofs_x = 1, .ofs_y = 0},
    {.bitmap_index = 8861, .adv_w = 147, .box_w = 7, .box_h = 12, .ofs_x = 1, .ofs_y = 0},
    {.bitmap_index = 8903, .adv_w = 137, .box_w = 9, .box_h = 14, .ofs_x = 0, .ofs_y = -2},
    {.bitmap_index = 8966, .adv_w = 152, .box_w = 8, .box_h = 14, .ofs_x = 1, .ofs_y = -2},
    {.bitmap_index = 9022, .adv_w = 137, .box_w = 9, .box_h = 14, .ofs_x = 0, .ofs_y = -2},
    {.bitmap_index = 9085, .adv_w = 171, .box_w = 11, .box_h = 15, .ofs_x = 0, .ofs_y = 0},
    {.bitmap_index = 9168, .adv_w = 141, .box_w = 9, .box_h = 12, .ofs_x = 0, .ofs_y = 0},
    {.bitmap_index = 9222, .adv_w = 171, .box_w = 11, .box_h = 15, .ofs_x = 0, .ofs_y = 0},
    {.bitmap_index = 9305, .adv_w = 141, .box_w = 9, .box_h = 12, .ofs_x = 0, .ofs_y = 0},
    {.bitmap_index = 9359, .adv_w = 171, .box_w = 11, .box_h = 16, .ofs_x = 0, .ofs_y = -4},
    {.bitmap_index = 9447, .adv_w = 141, .box_w = 10, .box_h = 13, .ofs_x = 0, .ofs_y = -4},
    {.bitmap_index = 9512, .adv_w = 180, .box_w = 11, .box_h = 16, .ofs_x = 0, .ofs_y = 0},
    {.bitmap_index = 9600, .adv_w = 140, .box_w = 9, .box_h = 12, .ofs_x = 0, .ofs_y = 0},
    {.bitmap_index = 9654, .adv_w = 180, .box_w = 11, .box_h = 16, .ofs_x = 0, .ofs_y = 0},
    {.bitmap_index = 9742, .adv_w = 140, .box_w = 9, .box_h = 12, .ofs_x = 0, .ofs_y = 0},
    {.bitmap_index = 9796, .adv_w = 180, .box_w = 11, .box_h = 15, .ofs_x = 0, .ofs_y = 0},
    {.bitmap_index = 9879, .adv_w = 140, .box_w = 9, .box_h = 12, .ofs_x = 0, .ofs_y = 0},
    {.bitmap_index = 9933, .adv_w = 180, .box_w = 11, .box_h = 16, .ofs_x = 0, .ofs_y = 0},
    {.bitmap_index = 10021, .adv_w = 140, .box_w = 9, .box_h = 12, .ofs_x = 0, .ofs_y = 0},
    {.bitmap_index = 10075, .adv_w = 178, .box_w = 10, .box_h = 15, .ofs_x = 1, .ofs_y = 0},
    {.bitmap_index = 10150, .adv_w = 169, .box_w = 11, .box_h = 12, .ofs_x = 0, .ofs_y = 0},
    {.bitmap_index = 10216, .adv_w = 178, .box_w = 11, .box_h = 12, .ofs_x = 0, .ofs_y = 0},
    {.bitmap_index = 10282, .adv_w = 152, .box_w = 10, .box_h = 12, .ofs_x = 0, .ofs_y = 0},
    {.bitmap_index = 10342, .adv_w = 154, .box_w = 8, .box_h = 15, .ofs_x = 1, .ofs_y = 0},
    {.bitmap_index = 10402, .adv_w = 144, .box_w = 9, .box_h = 12, .ofs_x = 0, .ofs_y = 0},
    {.bitmap_index = 10456, .adv_w = 171, .box_w = 9, .box_h = 16, .ofs_x = 1, .ofs_y = 0},
    {.bitmap_index = 10528, .adv_w = 142, .box_w = 9, .box_h = 12, .ofs_x = 0, .ofs_y = 0},
    {.bitmap_index = 10582, .adv_w = 154, .box_w = 8, .box_h = 15, .ofs_x = 1, .ofs_y = 0},
    {.bitmap_index = 10642, .adv_w = 144, .box_w = 9, .box_h = 12, .ofs_x = 0, .ofs_y = 0},
    {.bitmap_index = 10696, .adv_w = 154, .box_w = 9, .box_h = 16, .ofs_x = 1, .ofs_y = -4},
    {.bitmap_index = 10768, .adv_w = 144, .box_w = 9, .box_h = 13, .ofs_x = 0, .ofs_y = -4},
    {.bitmap_index = 10827, .adv_w = 154, .box_w = 8, .box_h = 15, .ofs_x = 1, .ofs_y = 0},
    {.bitmap_index = 10887, .adv_w = 144, .box_w = 9, .box_h = 12, .ofs_x = 0, .ofs_y = 0},
    {.bitmap_index = 10941, .adv_w = 179, .box_w = 11, .box_h = 16, .ofs_x = 0, .ofs_y = 0},
    {.bitmap_index = 11029, .adv_w = 152, .box_w = 9, .box_h = 14, .ofs_x = 0, .ofs_y = -2},
    {.bitmap_index = 11092, .adv_w = 179, .box_w = 11, .box_h = 16, .ofs_x = 0, .ofs_y = 0},
    {.bitmap_index = 11180, .adv_w = 152, .box_w = 9, .box_h = 14, .ofs_x = 0, .ofs_y = -2},
    {.bitmap_index = 11243, .adv_w = 179, .box_w = 11, .box_h = 15, .ofs_x = 0, .ofs_y = 0},
    {.bitmap_index = 11326, .adv_w = 152, .box_w = 9, .box_h = 14, .ofs_x = 0, .ofs_y = -2},
    {.bitmap_index = 11389, .adv_w = 179, .box_w = 11, .box_h = 16, .ofs_x = 0, .ofs_y = -4},
    {.bitmap_index = 11477, .adv_w = 152, .box_w = 9, .box_h = 16, .ofs_x = 0, .ofs_y = -2},
    {.bitmap_index = 11549, .adv_w = 183, .box_w = 9, .box_h = 15, .ofs_x = 1, .ofs_y = 0},
    {.bitmap_index = 11617, .adv_w = 149, .box_w = 10, .box_h = 15, .ofs_x = -1, .ofs_y = 0},
    {.bitmap_index = 11692, .adv_w = 183, .box_w = 12, .box_h = 12, .ofs_x = 0, .ofs_y = 0},
    {.bitmap_index = 11764, .adv_w = 149, .box_w = 9, .box_h = 12, .ofs_x = 0, .ofs_y = 0},
    {.bitmap_index = 11818, .adv_w = 69, .box_w = 6, .box_h = 15, .ofs_x = -1, .ofs_y = 0},
    {.bitmap_index = 11863, .adv_w = 62, .box_w = 6, .box_h = 12, .ofs_x = -1, .ofs_y = 0},
    {.bitmap_index = 11899, .adv_w = 69, .box_w = 5, .box_h = 15, .ofs_x = 0, .ofs_y = 0},
    {.bitmap_index = 11937, .adv_w = 62, .box_w = 6, .box_h = 12, .ofs_x = -1, .ofs_y = 0},
    {.bitmap_index = 11973, .adv_w = 71, .box_w = 6, .box_h = 16, .ofs_x = -1, .ofs_y = 0},
    {.bitmap_index = 12021, .adv_w = 57, .box_w = 6, .box_h = 12, .ofs_x = -1, .ofs_y = 0},
    {.bitmap_index = 12057, .adv_w = 69, .box_w = 4, .box_h = 16, .ofs_x = 0, .ofs_y = -4},
    {.bitmap_index = 12089, .adv_w = 62, .box_w = 4, .box_h = 16, .ofs_x = 0, .ofs_y = -4},
    {.bitmap_index = 12121, .adv_w = 69, .box_w = 2, .box_h = 15, .ofs_x = 1, .ofs_y = 0},
    {.bitmap_index = 12136, .adv_w = 62, .box_w = 2, .box_h = 9, .ofs_x = 1, .ofs_y = 0},
    {.bitmap_index = 12145, .adv_w = 217, .box_w = 12, .box_h = 12, .ofs_x = 1, .ofs_y = 0},
    {.bitmap_index = 12217, .adv_w = 126, .box_w = 6, .box_h = 14, .ofs_x = 1, .ofs_y = -2},
    {.bitmap_index = 12259, .adv_w = 153, .box_w = 9, .box_h = 16, .ofs_x = 1, .ofs_y = 0},
    {.bitmap_index = 12331, .adv_w = 67, .box_w = 6, .box_h = 14, .ofs_x = -1, .ofs_y = -2},
    {.bitmap_index = 12373, .adv_w = 164, .box_w = 9, .box_h = 16, .ofs_x = 1, .ofs_y = -4},
    {.bitmap_index = 12445, .adv_w = 151, .box_w = 8, .box_h = 16, .ofs_x = 1, .ofs_y = -4},
    {.bitmap_index = 12509, .adv_w = 112, .box_w = 7, .box_h = 9, .ofs_x = 1, .ofs_y = 0},
    {.bitmap_index = 12541, .adv_w = 148, .box_w = 8, .box_h = 15, .ofs_x = 1, .ofs_y = 0},
    {.bitmap_index = 12601, .adv_w = 68, .box_w = 3, .box_h = 15, .ofs_x = 1, .ofs_y = 0},
    {.bitmap_index = 12624, .adv_w = 148, .box_w = 8, .box_h = 16, .ofs_x = 1, .ofs_y = -4},
    {.bitmap_index = 12688, .adv_w = 68, .box_w = 3, .box_h = 16, .ofs_x = 1, .ofs_y = -4},
    {.bitmap_index = 12712, .adv_w = 148, .box_w = 8, .box_h = 12, .ofs_x = 1, .ofs_y = 0},
    {.bitmap_index = 12760, .adv_w = 81, .box_w = 5, .box_h = 12, .ofs_x = 1, .ofs_y = 0},
    {.bitmap_index = 12790, .adv_w = 142, .box_w = 8, .box_h = 12, .ofs_x = 1, .ofs_y = 0},
    {.bitmap_index = 12838, .adv_w = 81, .box_w = 4, .box_h = 12, .ofs_x = 1, .ofs_y = 0},
    {.bitmap_index = 12862, .adv_w = 148, .box_w = 9, .box_h = 12, .ofs_x = 0, .ofs_y = 0},
    {.bitmap_index = 12916, .adv_w = 68, .box_w = 4, .box_h = 12, .ofs_x = 0, .ofs_y = 0},
    {.bitmap_index = 12940, .adv_w = 190, .box_w = 10, .box_h = 15, .ofs_x = 1, .ofs_y = 0},
    {.bitmap_index = 13015, .adv_w = 149, .box_w = 8, .box_h = 12, .ofs_x = 1, .ofs_y = 0},
    {.bitmap_index = 13063, .adv_w = 190, .box_w = 10, .box_h = 16, .ofs_x = 1, .ofs_y = -4},
    {.bitmap_index = 13143, .adv_w = 149, .box_w = 8, .box_h = 13, .ofs_x = 1, .ofs_y = -4},
    {.bitmap_index = 13195, .adv_w = 190, .box_w = 10, .box_h = 15, .ofs_x = 1, .ofs_y = 0},
    {.bitmap_index = 13270, .adv_w = 149, .box_w = 8, .box_h = 12, .ofs_x = 1, .ofs_y = 0},
    {.bitmap_index = 13318, .adv_w = 160, .box_w = 10, .box_h = 12, .ofs_x = -1, .ofs_y = 0},
    {.bitmap_index = 13378, .adv_w = 190, .box_w = 10, .box_h = 14, .ofs_x = 1, .ofs_y = -2},
    {.bitmap_index = 13448, .adv_w = 149, .box_w = 8, .box_h = 11, .ofs_x = 1, .ofs_y = -2},
    {.bitmap_index = 13492, .adv_w = 189, .box_w = 12, .box_h = 15, .ofs_x = 0, .ofs_y = 0},
    {.bitmap_index = 13582, .adv_w = 147, .box_w = 9, .box_h = 12, .ofs_x = 0, .ofs_y = 0},
    {.bitmap_index = 13636, .adv_w = 199, .box_w = 12, .box_h = 16, .ofs_x = 0, .ofs_y = 0},
    {.bitmap_index = 13732, .adv_w = 142, .box_w = 9, .box_h = 12, .ofs_x = 0, .ofs_y = 0},
    {.bitmap_index = 13786, .adv_w = 189, .box_w = 12, .box_h = 16, .ofs_x = 0, .ofs_y = 0},
    {.bitmap_index = 13882, .adv_w = 147, .box_w = 9, .box_h = 12, .ofs_x = 0, .ofs_y = 0},
    {.bitmap_index = 13936, .adv_w = 279, .box_w = 17, .box_h = 12, .ofs_x = 0, .ofs_y = 0},
    {.bitmap_index = 14038, .adv_w = 245, .box_w = 15, .box_h = 9, .ofs_x = 0, .ofs_y = 0},
    {.bitmap_index = 14106, .adv_w = 172, .box_w = 9, .box_h = 15, .ofs_x = 1, .ofs_y = 0},
    {.bitmap_index = 14174, .adv_w = 97, .box_w = 5, .box_h = 12, .ofs_x = 1, .ofs_y = 0},
    {.bitmap_index = 14204, .adv_w = 172, .box_w = 9, .box_h = 16, .ofs_x = 1, .ofs_y = -4},
    {.bitmap_index = 14276, .adv_w = 97, .box_w = 6, .box_h = 13, .ofs_x = 0, .ofs_y = -4},
    {.bitmap_index = 14315, .adv_w = 172, .box_w = 9, .box_h = 15, .ofs_x = 1, .ofs_y = 0},
    {.bitmap_index = 14383, .adv_w = 97, .box_w = 6, .box_h = 12, .ofs_x = 0, .ofs_y = 0},
    {.bitmap_index = 14419, .adv_w = 164, .box_w = 10, .box_h = 16, .ofs_x = 0, .ofs_y = 0},
    {.bitmap_index = 14499, .adv_w = 133, .box_w = 8, .box_h = 12, .ofs_x = 0, .ofs_y = 0},
    {.bitmap_index = 14547, .adv_w = 164, .box_w = 10, .box_h = 16, .ofs_x = 0, .ofs_y = 0},
    {.bitmap_index = 14627, .adv_w = 133, .box_w = 8, .box_h = 12, .ofs_x = 0, .ofs_y = 0},
    {.bitmap_index = 14675, .adv_w = 164, .box_w = 10, .box_h = 15, .ofs_x = 0, .ofs_y = -3},
    {.bitmap_index = 14750, .adv_w = 133, .box_w = 8, .box_h = 12, .ofs_x = 0, .ofs_y = -3},
    {.bitmap_index = 14798, .adv_w = 164, .box_w = 10, .box_h = 16, .ofs_x = 0, .ofs_y = 0},
    {.bitmap_index = 14878, .adv_w = 133, .box_w = 8, .box_h = 12, .ofs_x = 0, .ofs_y = 0},
    {.bitmap_index = 14926, .adv_w = 141, .box_w = 9, .box_h = 16, .ofs_x = 0, .ofs_y = -4},
    {.bitmap_index = 14998, .adv_w = 100, .box_w = 6, .box_h = 15, .ofs_x = 0, .ofs_y = -4},
    {.bitmap_index = 15043, .adv_w = 141, .box_w = 9, .box_h = 15, .ofs_x = 0, .ofs_y = 0},
    {.bitmap_index = 15111, .adv_w = 102, .box_w = 7, .box_h = 13, .ofs_x = 0, .ofs_y = 0},
    {.bitmap_index = 15157, .adv_w = 141, .box_w = 9, .box_h = 12, .ofs_x = 0, .ofs_y = 0},
    {.bitmap_index = 15211, .adv_w = 100, .box_w = 6, .box_h = 11, .ofs_x = 0, .ofs_y = 0},
    {.bitmap_index = 15244, .adv_w = 176, .box_w = 9, .box_h = 15, .ofs_x = 1, .ofs_y = 0},
    {.bitmap_index = 15312, .adv_w = 147, .box_w = 7, .box_h = 12, .ofs_x = 1, .ofs_y = 0},
    {.bitmap_index = 15354, .adv_w = 176, .box_w = 9, .box_h = 15, .ofs_x = 1, .ofs_y = 0},
    {.bitmap_index = 15422, .adv_w = 147, .box_w = 7, .box_h = 12, .ofs_x = 1, .ofs_y = 0},
    {.bitmap_index = 15464, .adv_w = 176, .box_w = 9, .box_h = 16, .ofs_x = 1, .ofs_y = 0},
    {.bitmap_index = 15536, .adv_w = 147, .box_w = 7, .box_h = 12, .ofs_x = 1, .ofs_y = 0},
    {.bitmap_index = 15578, .adv_w = 176, .box_w = 9, .box_h = 16, .ofs_x = 1, .ofs_y = 0},
    {.bitmap_index = 15650, .adv_w = 147, .box_w = 7, .box_h = 13, .ofs_x = 1, .ofs_y = 0},
    {.bitmap_index = 15696, .adv_w = 176, .box_w = 9, .box_h = 16, .ofs_x = 1, .ofs_y = 0},
    {.bitmap_index = 15768, .adv_w = 147, .box_w = 7, .box_h = 12, .ofs_x = 1, .ofs_y = 0},
    {.bitmap_index = 15810, .adv_w = 176, .box_w = 9, .box_h = 16, .ofs_x = 1, .ofs_y = -4},
    {.bitmap_index = 15882, .adv_w = 147, .box_w = 8, .box_h = 13, .ofs_x = 1, .ofs_y = -4},
    {.bitmap_index = 15934, .adv_w = 242, .box_w = 15, .box_h = 15, .ofs_x = 0, .ofs_y = 0},
    {.bitmap_index = 16047, .adv_w = 210, .box_w = 13, .box_h = 12, .ofs_x = 0, .ofs_y = 0},
    {.bitmap_index = 16125, .adv_w = 147, .box_w = 11, .box_h = 15, .ofs_x = -1, .ofs_y = 0},
    {.bitmap_index = 16208, .adv_w = 137, .box_w = 9, .box_h = 14, .ofs_x = 0, .ofs_y = -2},
    {.bitmap_index = 16271, .adv_w = 147, .box_w = 11, .box_h = 15, .ofs_x = -1, .ofs_y = 0},
    {.bitmap_index = 16354, .adv_w = 139, .box_w = 9, .box_h = 15, .ofs_x = 0, .ofs_y = 0},
    {.bitmap_index = 16422, .adv_w = 137, .box_w = 8, .box_h = 12, .ofs_x = 0, .ofs_y = 0},
    {.bitmap_index = 16470, .adv_w = 139, .box_w = 9, .box_h = 15, .ofs_x = 0, .ofs_y = 0},
    {.bitmap_index = 16538, .adv_w = 137, .box_w = 8, .box_h = 12, .ofs_x = 0, .ofs_y = 0},
    {.bitmap_index = 16586, .adv_w = 139, .box_w = 9, .box_h = 15, .ofs_x = 0, .ofs_y = 0},
    {.bitmap_index = 16654, .adv_w = 137, .box_w = 8, .box_h = 12, .ofs_x = 0, .ofs_y = 0},
    {.bitmap_index = 16702, .adv_w = 57, .box_w = 4, .box_h = 12, .ofs_x = 1, .ofs_y = 0},
    {.bitmap_index = 16726, .adv_w = 142, .box_w = 10, .box_h = 13, .ofs_x = -1, .ofs_y = 0},
    {.bitmap_index = 16791, .adv_w = 190, .box_w = 12, .box_h = 12, .ofs_x = 0, .ofs_y = 0},
    {.bitmap_index = 16863, .adv_w = 168, .box_w = 9, .box_h = 12, .ofs_x = 1, .ofs_y = 0},
    {.bitmap_index = 16917, .adv_w = 142, .box_w = 8, .box_h = 12, .ofs_x = 1, .ofs_y = 0},
    {.bitmap_index = 16965, .adv_w = 142, .box_w = 8, .box_h = 12, .ofs_x = 1, .ofs_y = 0},
    {.bitmap_index = 17013, .adv_w = 142, .box_w = 8, .box_h = 12, .ofs_x = 1, .ofs_y = 0},
    {.bitmap_index = 17061, .adv_w = 185, .box_w = 11, .box_h = 12, .ofs_x = 0, .ofs_y = 0},
    {.bitmap_index = 17127, .adv_w = 196, .box_w = 13, .box_h = 12, .ofs_x = 0, .ofs_y = 0},
    {.bitmap_index = 17205, .adv_w = 148, .box_w = 10, .box_h = 11, .ofs_x = 0, .ofs_y = 0},
    {.bitmap_index = 17260, .adv_w = 185, .box_w = 11, .box_h = 12, .ofs_x = 0, .ofs_y = 0},
    {.bitmap_index = 17326, .adv_w = 202, .box_w = 12, .box_h = 12, .ofs_x = 0, .ofs_y = 0},
    {.bitmap_index = 17398, .adv_w = 168, .box_w = 10, .box_h = 12, .ofs_x = 0, .ofs_y = 0},
    {.bitmap_index = 17458, .adv_w = 142, .box_w = 8, .box_h = 12, .ofs_x = 0, .ofs_y = 0},
    {.bitmap_index = 17506, .adv_w = 143, .box_w = 9, .box_h = 12, .ofs_x = 0, .ofs_y = -3},
    {.bitmap_index = 17560, .adv_w = 171, .box_w = 10, .box_h = 12, .ofs_x = 0, .ofs_y = 0},
    {.bitmap_index = 17620, .adv_w = 183, .box_w = 11, .box_h = 12, .ofs_x = 0, .ofs_y = 0},
    {.bitmap_index = 17686, .adv_w = 155, .box_w = 10, .box_h = 12, .ofs_x = 0, .ofs_y = 0},
    {.bitmap_index = 17746, .adv_w = 156, .box_w = 11, .box_h = 15, .ofs_x = -1, .ofs_y = -3},
    {.bitmap_index = 17829, .adv_w = 131, .box_w = 8, .box_h = 12, .ofs_x = 0, .ofs_y = 0},
    {.bitmap_index = 17877, .adv_w = 203, .box_w = 13, .box_h = 12, .ofs_x = 0, .ofs_y = 0},
    {.bitmap_index = 17955, .adv_w = 166, .box_w = 11, .box_h = 15, .ofs_x = 0, .ofs_y = -3},
    {.bitmap_index = 18038, .adv_w = 206, .box_w = 12, .box_h = 12, .ofs_x = 1, .ofs_y = 0},
    {.bitmap_index = 18110, .adv_w = 63, .box_w = 3, .box_h = 12, .ofs_x = 1, .ofs_y = 0},
    {.bitmap_index = 18128, .adv_w = 82, .box_w = 6, .box_h = 12, .ofs_x = 0, .ofs_y = 0},
    {.bitmap_index = 18164, .adv_w = 171, .box_w = 11, .box_h = 12, .ofs_x = 1, .ofs_y = 0},
    {.bitmap_index = 18230, .adv_w = 128, .box_w = 7, .box_h = 12, .ofs_x = 1, .ofs_y = 0},
    {.bitmap_index = 18272, .adv_w = 82, .box_w = 6, .box_h = 12, .ofs_x = 0, .ofs_y = 0},
    {.bitmap_index = 18308, .adv_w = 128, .box_w = 8, .box_h = 12, .ofs_x = 0, .ofs_y = 0},
    {.bitmap_index = 18356, .adv_w = 213, .box_w = 12, .box_h = 12, .ofs_x = 1, .ofs_y = 0},
    {.bitmap_index = 18428, .adv_w = 185, .box_w = 12, .box_h = 15, .ofs_x = -1, .ofs_y = -3},
    {.bitmap_index = 18518, .adv_w = 142, .box_w = 7, .box_h = 12, .ofs_x = 1, .ofs_y = -3},
    {.bitmap_index = 18560, .adv_w = 199, .box_w = 12, .box_h = 12, .ofs_x = 0, .ofs_y = 0},
    {.bitmap_index = 18632, .adv_w = 189, .box_w = 12, .box_h = 15, .ofs_x = 0, .ofs_y = 0},
    {.bitmap_index = 18722, .adv_w = 147, .box_w = 9, .box_h = 12, .ofs_x = 0, .ofs_y = 0},
    {.bitmap_index = 18776, .adv_w = 261, .box_w = 16, .box_h = 12, .ofs_x = 0, .ofs_y = 0},
    {.bitmap_index = 18872, .adv_w = 200, .box_w = 12, .box_h = 12, .ofs_x = 0, .ofs_y = -3},
    {.bitmap_index = 18944, .adv_w = 188, .box_w = 12, .box_h = 12, .ofs_x = 0, .ofs_y = 0},
    {.bitmap_index = 19016, .adv_w = 142, .box_w = 8, .box_h = 15, .ofs_x = 1, .ofs_y = -3},
    {.bitmap_index = 19076, .adv_w = 185, .box_w = 11, .box_h = 14, .ofs_x = 1, .ofs_y = -2},
    {.bitmap_index = 19153, .adv_w = 171, .box_w = 10, .box_h = 12, .ofs_x = 0, .ofs_y = 0},
    {.bitmap_index = 19213, .adv_w = 128, .box_w = 8, .box_h = 9, .ofs_x = 0, .ofs_y = 0},
    {.bitmap_index = 19249, .adv_w = 154, .box_w = 9, .box_h = 12, .ofs_x = 0, .ofs_y = 0},
    {.bitmap_index = 19303, .adv_w = 94, .box_w = 7, .box_h = 16, .ofs_x = 0, .ofs_y = -4},
    {.bitmap_index = 19359, .adv_w = 71, .box_w = 5, .box_h = 16, .ofs_x = 0, .ofs_y = -3},
    {.bitmap_index = 19399, .adv_w = 146, .box_w = 9, .box_h = 12, .ofs_x = 0, .ofs_y = 0},
    {.bitmap_index = 19453, .adv_w = 71, .box_w = 5, .box_h = 12, .ofs_x = 0, .ofs_y = 0},
    {.bitmap_index = 19483, .adv_w = 156, .box_w = 10, .box_h = 15, .ofs_x = 0, .ofs_y = -3},
    {.bitmap_index = 19558, .adv_w = 176, .box_w = 11, .box_h = 15, .ofs_x = 1, .ofs_y = 0},
    {.bitmap_index = 19641, .adv_w = 148, .box_w = 9, .box_h = 12, .ofs_x = 1, .ofs_y = 0},
    {.bitmap_index = 19695, .adv_w = 192, .box_w = 10, .box_h = 12, .ofs_x = 1, .ofs_y = 0},
    {.bitmap_index = 19755, .adv_w = 171, .box_w = 10, .box_h = 12, .ofs_x = 0, .ofs_y = 0},
    {.bitmap_index = 19815, .adv_w = 193, .box_w = 12, .box_h = 12, .ofs_x = 0, .ofs_y = 0},
    {.bitmap_index = 19887, .adv_w = 158, .box_w = 10, .box_h = 12, .ofs_x = 0, .ofs_y = -3},
    {.bitmap_index = 19947, .adv_w = 156, .box_w = 10, .box_h = 12, .ofs_x = 0, .ofs_y = 0},
    {.bitmap_index = 20007, .adv_w = 128, .box_w = 8, .box_h = 9, .ofs_x = 0, .ofs_y = 0},
    {.bitmap_index = 20043, .adv_w = 161, .box_w = 10, .box_h = 12, .ofs_x = 0, .ofs_y = 0},
    {.bitmap_index = 20103, .adv_w = 161, .box_w = 10, .box_h = 12, .ofs_x = 0, .ofs_y = 0},
    {.bitmap_index = 20163, .adv_w = 135, .box_w = 8, .box_h = 12, .ofs_x = 0, .ofs_y = -3},
    {.bitmap_index = 20211, .adv_w = 123, .box_w = 7, .box_h = 12, .ofs_x = 0, .ofs_y = -3},
    {.bitmap_index = 20253, .adv_w = 142, .box_w = 9, .box_h = 12, .ofs_x = 0, .ofs_y = 0},
    {.bitmap_index = 20307, .adv_w = 142, .box_w = 9, .box_h = 12, .ofs_x = 0, .ofs_y = 0},
    {.bitmap_index = 20361, .adv_w = 135, .box_w = 8, .box_h = 9, .ofs_x = 0, .ofs_y = 0},
    {.bitmap_index = 20397, .adv_w = 142, .box_w = 9, .box_h = 12, .ofs_x = 0, .ofs_y = 0},
    {.bitmap_index = 20451, .adv_w = 142, .box_w = 7, .box_h = 12, .ofs_x = 1, .ofs_y = -3},
    {.bitmap_index = 20493, .adv_w = 71, .box_w = 2, .box_h = 12, .ofs_x = 1, .ofs_y = 0},
    {.bitmap_index = 20505, .adv_w = 119, .box_w = 5, .box_h = 12, .ofs_x = 1, .ofs_y = 0},
    {.bitmap_index = 20535, .adv_w = 121, .box_w = 8, .box_h = 12, .ofs_x = 0, .ofs_y = 0},
    {.bitmap_index = 20583, .adv_w = 71, .box_w = 3, .box_h = 12, .ofs_x = 1, .ofs_y = 0},
    {.bitmap_index = 20601, .adv_w = 341, .box_w = 20, .box_h = 15, .ofs_x = 1, .ofs_y = 0},
    {.bitmap_index = 20751, .adv_w = 313, .box_w = 19, .box_h = 12, .ofs_x = 1, .ofs_y = 0},
    {.bitmap_index = 20865, .adv_w = 270, .box_w = 17, .box_h = 12, .ofs_x = 0, .ofs_y = 0},
    {.bitmap_index = 20967, .adv_w = 264, .box_w = 15, .box_h = 12, .ofs_x = 1, .ofs_y = 0},
    {.bitmap_index = 21057, .adv_w = 199, .box_w = 11, .box_h = 15, .ofs_x = 1, .ofs_y = -3},
    {.bitmap_index = 21140, .adv_w = 114, .box_w = 6, .box_h = 15, .ofs_x = 1, .ofs_y = -3},
    {.bitmap_index = 21185, .adv_w = 313, .box_w = 18, .box_h = 12, .ofs_x = 1, .ofs_y = 0},
    {.bitmap_index = 21293, .adv_w = 242, .box_w = 14, .box_h = 15, .ofs_x = 1, .ofs_y = -3},
    {.bitmap_index = 21398, .adv_w = 199, .box_w = 11, .box_h = 15, .ofs_x = 1, .ofs_y = -3},
    {.bitmap_index = 21481, .adv_w = 171, .box_w = 11, .box_h = 15, .ofs_x = 0, .ofs_y = 0},
    {.bitmap_index = 21564, .adv_w = 141, .box_w = 9, .box_h = 12, .ofs_x = 0, .ofs_y = 0},
    {.bitmap_index = 21618, .adv_w = 71, .box_w = 6, .box_h = 16, .ofs_x = -1, .ofs_y = 0},
    {.bitmap_index = 21666, .adv_w = 71, .box_w = 6, .box_h = 12, .ofs_x = -1, .ofs_y = 0},
    {.bitmap_index = 21702, .adv_w = 199, .box_w = 12, .box_h = 16, .ofs_x = 0, .ofs_y = 0},
    {.bitmap_index = 21798, .adv_w = 142, .box_w = 9, .box_h = 12, .ofs_x = 0, .ofs_y = 0},
    {.bitmap_index = 21852, .adv_w = 185, .box_w = 10, .box_h = 16, .ofs_x = 1, .ofs_y = 0},
    {.bitmap_index = 21932, .adv_w = 142, .box_w = 7, .box_h = 12, .ofs_x = 1, .ofs_y = 0},
    {.bitmap_index = 21974, .adv_w = 185, .box_w = 10, .box_h = 18, .ofs_x = 1, .ofs_y = 0},
    {.bitmap_index = 22064, .adv_w = 142, .box_w = 7, .box_h = 15, .ofs_x = 1, .ofs_y = 0},
    {.bitmap_index = 22117, .adv_w = 185, .box_w = 10, .box_h = 19, .ofs_x = 1, .ofs_y = 0},
    {.bitmap_index = 22212, .adv_w = 142, .box_w = 7, .box_h = 16, .ofs_x = 1, .ofs_y = 0},
    {.bitmap_index = 22268, .adv_w = 185, .box_w = 10, .box_h = 19, .ofs_x = 1, .ofs_y = 0},
    {.bitmap_index = 22363, .adv_w = 142, .box_w = 7, .box_h = 15, .ofs_x = 1, .ofs_y = 0},
    {.bitmap_index = 22416, .adv_w = 185, .box_w = 10, .box_h = 19, .ofs_x = 1, .ofs_y = 0},
    {.bitmap_index = 22511, .adv_w = 142, .box_w = 7, .box_h = 16, .ofs_x = 1, .ofs_y = 0},
    {.bitmap_index = 22567, .adv_w = 142, .box_w = 9, .box_h = 9, .ofs_x = 0, .ofs_y = 0},
    {.bitmap_index = 22608, .adv_w = 171, .box_w = 12, .box_h = 18, .ofs_x = -1, .ofs_y = 0},
    {.bitmap_index = 22716, .adv_w = 142, .box_w = 9, .box_h = 15, .ofs_x = 0, .ofs_y = 0},
    {.bitmap_index = 22784, .adv_w = 171, .box_w = 12, .box_h = 18, .ofs_x = -1, .ofs_y = 0},
    {.bitmap_index = 22892, .adv_w = 142, .box_w = 9, .box_h = 15, .ofs_x = 0, .ofs_y = 0},
    {.bitmap_index = 22960, .adv_w = 256, .box_w = 16, .box_h = 16, .ofs_x = 0, .ofs_y = 0},
    {.bitmap_index = 23088, .adv_w = 228, .box_w = 14, .box_h = 12, .ofs_x = 0, .ofs_y = 0},
    {.bitmap_index = 23172, .adv_w = 190, .box_w = 12, .box_h = 12, .ofs_x = 0, .ofs_y = 0},
    {.bitmap_index = 23244, .adv_w = 160, .box_w = 10, .box_h = 11, .ofs_x = 0, .ofs_y = -2},
    {.bitmap_index = 23299, .adv_w = 179, .box_w = 11, .box_h = 16, .ofs_x = 0, .ofs_y = 0},
    {.bitmap_index = 23387, .adv_w = 152, .box_w = 9, .box_h = 14, .ofs_x = 0, .ofs_y = -2},
    {.bitmap_index = 23450, .adv_w = 164, .box_w = 9, .box_h = 15, .ofs_x = 1, .ofs_y = 0},
    {.bitmap_index = 23518, .adv_w = 151, .box_w = 10, .box_h = 15, .ofs_x = -1, .ofs_y = 0},
    {.bitmap_index = 23593, .adv_w = 199, .box_w = 12, .box_h = 15, .ofs_x = 0, .ofs_y = -3},
    {.bitmap_index = 23683, .adv_w = 142, .box_w = 9, .box_h = 12, .ofs_x = 0, .ofs_y = -3},
    {.bitmap_index = 23737, .adv_w = 199, .box_w = 12, .box_h = 19, .ofs_x = 0, .ofs_y = -3},
    {.bitmap_index = 23851, .adv_w = 142, .box_w = 9, .box_h = 15, .ofs_x = 0, .ofs_y = -3},
    {.bitmap_index = 23919, .adv_w = 137, .box_w = 8, .box_h = 15, .ofs_x = 0, .ofs_y = 0},
    {.bitmap_index = 23979, .adv_w = 137, .box_w = 8, .box_h = 15, .ofs_x = 0, .ofs_y = -3},
    {.bitmap_index = 24039, .adv_w = 57, .box_w = 6, .box_h = 15, .ofs_x = -1, .ofs_y = -3},
    {.bitmap_index = 24084, .adv_w = 341, .box_w = 20, .box_h = 12, .ofs_x = 1, .ofs_y = 0},
    {.bitmap_index = 24204, .adv_w = 313, .box_w = 19, .box_h = 12, .ofs_x = 1, .ofs_y = 0},
    {.bitmap_index = 24318, .adv_w = 270, .box_w = 17, .box_h = 12, .ofs_x = 0, .ofs_y = 0},
    {.bitmap_index = 24420, .adv_w = 199, .box_w = 12, .box_h = 16, .ofs_x = 0, .ofs_y = 0},
    {.bitmap_index = 24516, .adv_w = 142, .box_w = 8, .box_h = 15, .ofs_x = 0, .ofs_y = -3},
    {.bitmap_index = 24576, .adv_w = 171, .box_w = 12, .box_h = 18, .ofs_x = -1, .ofs_y = 0},
    {.bitmap_index = 24684, .adv_w = 142, .box_w = 9, .box_h = 16, .ofs_x = 0, .ofs_y = 0},
    {.bitmap_index = 24756, .adv_w = 256, .box_w = 16, .box_h = 16, .ofs_x = 0, .ofs_y = 0},
    {.bitmap_index = 24884, .adv_w = 228, .box_w = 14, .box_h = 12, .ofs_x = 0, .ofs_y = 0},
    {.bitmap_index = 24968, .adv_w = 199, .box_w = 12, .box_h = 17, .ofs_x = 0, .ofs_y = -1},
    {.bitmap_index = 25070, .adv_w = 156, .box_w = 8, .box_h = 13, .ofs_x = 1, .ofs_y = -1},
    {.bitmap_index = 25122, .adv_w = 171, .box_w = 12, .box_h = 16, .ofs_x = -1, .ofs_y = 0},
    {.bitmap_index = 25218, .adv_w = 142, .box_w = 9, .box_h = 12, .ofs_x = 0, .ofs_y = 0},
    {.bitmap_index = 25272, .adv_w = 171, .box_w = 12, .box_h = 15, .ofs_x = -1, .ofs_y = 0},
    {.bitmap_index = 25362, .adv_w = 142, .box_w = 9, .box_h = 12, .ofs_x = 0, .ofs_y = 0},
    {.bitmap_index = 25416, .adv_w = 171, .box_w = 9, .box_h = 16, .ofs_x = 1, .ofs_y = 0},
    {.bitmap_index = 25488, .adv_w = 142, .box_w = 9, .box_h = 12, .ofs_x = 0, .ofs_y = 0},
    {.bitmap_index = 25542, .adv_w = 171, .box_w = 9, .box_h = 15, .ofs_x = 1, .ofs_y = 0},
    {.bitmap_index = 25610, .adv_w = 142, .box_w = 9, .box_h = 12, .ofs_x = 0, .ofs_y = 0},
    {.bitmap_index = 25664, .adv_w = 71, .box_w = 6, .box_h = 16, .ofs_x = -1, .ofs_y = 0},
    {.bitmap_index = 25712, .adv_w = 71, .box_w = 6, .box_h = 12, .ofs_x = -1, .ofs_y = 0},
    {.bitmap_index = 25748, .adv_w = 71, .box_w = 6, .box_h = 15, .ofs_x = -1, .ofs_y = 0},
    {.bitmap_index = 25793, .adv_w = 71, .box_w = 6, .box_h = 12, .ofs_x = -1, .ofs_y = 0},
    {.bitmap_index = 25829, .adv_w = 199, .box_w = 12, .box_h = 16, .ofs_x = 0, .ofs_y = 0},
    {.bitmap_index = 25925, .adv_w = 142, .box_w = 9, .box_h = 12, .ofs_x = 0, .ofs_y = 0},
    {.bitmap_index = 25979, .adv_w = 199, .box_w = 12, .box_h = 15, .ofs_x = 0, .ofs_y = 0},
    {.bitmap_index = 26069, .adv_w = 142, .box_w = 9, .box_h = 12, .ofs_x = 0, .ofs_y = 0},
    {.bitmap_index = 26123, .adv_w = 185, .box_w = 11, .box_h = 16, .ofs_x = 1, .ofs_y = 0},
    {.bitmap_index = 26211, .adv_w = 85, .box_w = 6, .box_h = 12, .ofs_x = 0, .ofs_y = 0},
    {.bitmap_index = 26247, .adv_w = 185, .box_w = 11, .box_h = 15, .ofs_x = 1, .ofs_y = 0},
    {.bitmap_index = 26330, .adv_w = 85, .box_w = 6, .box_h = 12, .ofs_x = 0, .ofs_y = 0},
    {.bitmap_index = 26366, .adv_w = 185, .box_w = 10, .box_h = 16, .ofs_x = 1, .ofs_y = 0},
    {.bitmap_index = 26446, .adv_w = 142, .box_w = 7, .box_h = 12, .ofs_x = 1, .ofs_y = 0},
    {.bitmap_index = 26488, .adv_w = 185, .box_w = 10, .box_h = 15, .ofs_x = 1, .ofs_y = 0},
    {.bitmap_index = 26563, .adv_w = 142, .box_w = 7, .box_h = 12, .ofs_x = 1, .ofs_y = 0},
    {.bitmap_index = 26605, .adv_w = 164, .box_w = 10, .box_h = 16, .ofs_x = 0, .ofs_y = -4},
    {.bitmap_index = 26685, .adv_w = 133, .box_w = 8, .box_h = 13, .ofs_x = 0, .ofs_y = -4},
    {.bitmap_index = 26737, .adv_w = 141, .box_w = 9, .box_h = 16, .ofs_x = 0, .ofs_y = -4},
    {.bitmap_index = 26809, .adv_w = 100, .box_w = 6, .box_h = 15, .ofs_x = 0, .ofs_y = -4},
    {.bitmap_index = 26854, .adv_w = 67, .box_w = 4, .box_h = 11, .ofs_x = -1, .ofs_y = -2},
    {.bitmap_index = 26876, .adv_w = 171, .box_w = 12, .box_h = 15, .ofs_x = -1, .ofs_y = -3},
    {.bitmap_index = 26966, .adv_w = 142, .box_w = 9, .box_h = 12, .ofs_x = 0, .ofs_y = -3},
    {.bitmap_index = 27020, .adv_w = 171, .box_w = 9, .box_h = 15, .ofs_x = 1, .ofs_y = 0},
    {.bitmap_index = 27088, .adv_w = 142, .box_w = 8, .box_h = 15, .ofs_x = 1, .ofs_y = 0},
    {.bitmap_index = 27148, .adv_w = 171, .box_w = 9, .box_h = 15, .ofs_x = 1, .ofs_y = -3},
    {.bitmap_index = 27216, .adv_w = 142, .box_w = 8, .box_h = 15, .ofs_x = 1, .ofs_y = -3},
    {.bitmap_index = 27276, .adv_w = 171, .box_w = 9, .box_h = 15, .ofs_x = 1, .ofs_y = -3},
    {.bitmap_index = 27344, .adv_w = 142, .box_w = 8, .box_h = 15, .ofs_x = 1, .ofs_y = -3},
    {.bitmap_index = 27404, .adv_w = 185, .box_w = 11, .box_h = 19, .ofs_x = 0, .ofs_y = -3},
    {.bitmap_index = 27509, .adv_w = 128, .box_w = 8, .box_h = 15, .ofs_x = 0, .ofs_y = -3},
    {.bitmap_index = 27569, .adv_w = 185, .box_w = 10, .box_h = 15, .ofs_x = 1, .ofs_y = 0},
    {.bitmap_index = 27644, .adv_w = 142, .box_w = 8, .box_h = 15, .ofs_x = 0, .ofs_y = 0},
    {.bitmap_index = 27704, .adv_w = 185, .box_w = 10, .box_h = 15, .ofs_x = 1, .ofs_y = -3},
    {.bitmap_index = 27779, .adv_w = 142, .box_w = 8, .box_h = 15, .ofs_x = 0, .ofs_y = -3},
    {.bitmap_index = 27839, .adv_w = 185, .box_w = 10, .box_h = 15, .ofs_x = 1, .ofs_y = -3},
    {.bitmap_index = 27914, .adv_w = 142, .box_w = 8, .box_h = 15, .ofs_x = 0, .ofs_y = -3},
    {.bitmap_index = 27974, .adv_w = 185, .box_w = 10, .box_h = 15, .ofs_x = 1, .ofs_y = -3},
    {.bitmap_index = 28049, .adv_w = 142, .box_w = 8, .box_h = 15, .ofs_x = 0, .ofs_y = -3},
    {.bitmap_index = 28109, .adv_w = 185, .box_w = 10, .box_h = 15, .ofs_x = 1, .ofs_y = -3},
    {.bitmap_index = 28184, .adv_w = 142, .box_w = 8, .box_h = 15, .ofs_x = 0, .ofs_y = -3},
    {.bitmap_index = 28244, .adv_w = 171, .box_w = 9, .box_h = 18, .ofs_x = 1, .ofs_y = 0},
    {.bitmap_index = 28325, .adv_w = 142, .box_w = 9, .box_h = 16, .ofs_x = 0, .ofs_y = 0},
    {.bitmap_index = 28397, .adv_w = 171, .box_w = 9, .box_h = 18, .ofs_x = 1, .ofs_y = 0},
    {.bitmap_index = 28478, .adv_w = 142, .box_w = 9, .box_h = 16, .ofs_x = 0, .ofs_y = 0},
    {.bitmap_index = 28550, .adv_w = 171, .box_w = 9, .box_h = 15, .ofs_x = 1, .ofs_y = -3},
    {.bitmap_index = 28618, .adv_w = 142, .box_w = 9, .box_h = 12, .ofs_x = 0, .ofs_y = -3},
    {.bitmap_index = 28672, .adv_w = 171, .box_w = 9, .box_h = 15, .ofs_x = 1, .ofs_y = -3},
    {.bitmap_index = 28740, .adv_w = 142, .box_w = 9, .box_h = 12, .ofs_x = 0, .ofs_y = -3},
    {.bitmap_index = 28794, .adv_w = 171, .box_w = 9, .box_h = 19, .ofs_x = 1, .ofs_y = -3},
    {.bitmap_index = 28880, .adv_w = 142, .box_w = 9, .box_h = 15, .ofs_x = 0, .ofs_y = -3},
    {.bitmap_index = 28948, .adv_w = 156, .box_w = 9, .box_h = 15, .ofs_x = 1, .ofs_y = 0},
    {.bitmap_index = 29016, .adv_w = 71, .box_w = 5, .box_h = 15, .ofs_x = 0, .ofs_y = 0},
    {.bitmap_index = 29054, .adv_w = 179, .box_w = 11, .box_h = 15, .ofs_x = 0, .ofs_y = 0},
    {.bitmap_index = 29137, .adv_w = 152, .box_w = 9, .box_h = 14, .ofs_x = 0, .ofs_y = -2},
    {.bitmap_index = 29200, .adv_w = 185, .box_w = 10, .box_h = 15, .ofs_x = 1, .ofs_y = 0},
    {.bitmap_index = 29275, .adv_w = 142, .box_w = 7, .box_h = 15, .ofs_x = 1, .ofs_y = 0},
    {.bitmap_index = 29328, .adv_w = 185, .box_w = 10, .box_h = 15, .ofs_x = 1, .ofs_y = -3},
    {.bitmap_index = 29403, .adv_w = 142, .box_w = 7, .box_h = 15, .ofs_x = 1, .ofs_y = -3},
    {.bitmap_index = 29456, .adv_w = 185, .box_w = 10, .box_h = 15, .ofs_x = 1, .ofs_y = 0},
    {.bitmap_index = 29531, .adv_w = 142, .box_w = 7, .box_h = 15, .ofs_x = 1, .ofs_y = 0},
    {.bitmap_index = 29584, .adv_w = 185, .box_w = 11, .box_h = 15, .ofs_x = 0, .ofs_y = -3},
    {.bitmap_index = 29667, .adv_w = 142, .box_w = 8, .box_h = 15, .ofs_x = 0, .ofs_y = -3},
    {.bitmap_index = 29727, .adv_w = 185, .box_w = 10, .box_h = 15, .ofs_x = 1, .ofs_y = -3},
    {.bitmap_index = 29802, .adv_w = 142, .box_w = 7, .box_h = 15, .ofs_x = 1, .ofs_y = -3},
    {.bitmap_index = 29855, .adv_w = 71, .box_w = 6, .box_h = 15, .ofs_x = -1, .ofs_y = -3},
    {.bitmap_index = 29900, .adv_w = 57, .box_w = 6, .box_h = 15, .ofs_x = -1, .ofs_y = -3},
    {.bitmap_index = 29945, .adv_w = 71, .box_w = 5, .box_h = 18, .ofs_x = 0, .ofs_y = 0},
    {.bitmap_index = 29990, .adv_w = 71, .box_w = 5, .box_h = 16, .ofs_x = 0, .ofs_y = 0},
    {.bitmap_index = 30030, .adv_w = 171, .box_w = 10, .box_h = 16, .ofs_x = 1, .ofs_y = 0},
    {.bitmap_index = 30110, .adv_w = 128, .box_w = 7, .box_h = 16, .ofs_x = 1, .ofs_y = 0},
    {.bitmap_index = 30166, .adv_w = 171, .box_w = 10, .box_h = 15, .ofs_x = 1, .ofs_y = -3},
    {.bitmap_index = 30241, .adv_w = 128, .box_w = 7, .box_h = 15, .ofs_x = 1, .ofs_y = -3},
    {.bitmap_index = 30294, .adv_w = 171, .box_w = 10, .box_h = 15, .ofs_x = 1, .ofs_y = -3},
    {.bitmap_index = 30369, .adv_w = 128, .box_w = 7, .box_h = 15, .ofs_x = 1, .ofs_y = -3},
    {.bitmap_index = 30422, .adv_w = 142, .box_w = 8, .box_h = 15, .ofs_x = 1, .ofs_y = -3},
    {.bitmap_index = 30482, .adv_w = 57, .box_w = 2, .box_h = 15, .ofs_x = 1, .ofs_y = -3},
    {.bitmap_index = 30497, .adv_w = 142, .box_w = 8, .box_h = 19, .ofs_x = 1, .ofs_y = -3},
    {.bitmap_index = 30573, .adv_w = 57, .box_w = 6, .box_h = 19, .ofs_x = -1, .ofs_y = -3},
    {.bitmap_index = 30630, .adv_w = 142, .box_w = 8, .box_h = 15, .ofs_x = 1, .ofs_y = -3},
    {.bitmap_index = 30690, .adv_w = 57, .box_w = 6, .box_h = 15, .ofs_x = -1, .ofs_y = -3},
    {.bitmap_index = 30735, .adv_w = 142, .box_w = 8, .box_h = 15, .ofs_x = 1, .ofs_y = -3},
    {.bitmap_index = 30795, .adv_w = 57, .box_w = 6, .box_h = 15, .ofs_x = -1, .ofs_y = -3},
    {.bitmap_index = 30840, .adv_w = 213, .box_w = 12, .box_h = 16, .ofs_x = 1, .ofs_y = 0},
    {.bitmap_index = 30936, .adv_w = 213, .box_w = 12, .box_h = 12, .ofs_x = 1, .ofs_y = 0},
    {.bitmap_index = 31008, .adv_w = 213, .box_w = 12, .box_h = 15, .ofs_x = 1, .ofs_y = 0},
    {.bitmap_index = 31098, .adv_w = 213, .box_w = 12, .box_h = 12, .ofs_x = 1, .ofs_y = 0},
    {.bitmap_index = 31170, .adv_w = 213, .box_w = 12, .box_h = 15, .ofs_x = 1, .ofs_y = -3},
    {.bitmap_index = 31260, .adv_w = 213, .box_w = 12, .box_h = 12, .ofs_x = 1, .ofs_y = -3},
    {.bitmap_index = 31332, .adv_w = 185, .box_w = 10, .box_h = 15, .ofs_x = 1, .ofs_y = 0},
    {.bitmap_index = 31407, .adv_w = 142, .box_w = 7, .box_h = 12, .ofs_x = 1, .ofs_y = 0},
    {.bitmap_index = 31449, .adv_w = 185, .box_w = 10, .box_h = 15, .ofs_x = 1, .ofs_y = -3},
    {.bitmap_index = 31524, .adv_w = 142, .box_w = 7, .box_h = 12, .ofs_x = 1, .ofs_y = -3},
    {.bitmap_index = 31566, .adv_w = 185, .box_w = 10, .box_h = 15, .ofs_x = 1, .ofs_y = -3},
    {.bitmap_index = 31641, .adv_w = 142, .box_w = 7, .box_h = 12, .ofs_x = 1, .ofs_y = -3},
    {.bitmap_index = 31683, .adv_w = 185, .box_w = 10, .box_h = 15, .ofs_x = 1, .ofs_y = -3},
    {.bitmap_index = 31758, .adv_w = 142, .box_w = 7, .box_h = 12, .ofs_x = 1, .ofs_y = -3},
    {.bitmap_index = 31800, .adv_w = 199, .box_w = 12, .box_h = 19, .ofs_x = 0, .ofs_y = 0},
    {.bitmap_index = 31914, .adv_w = 142, .box_w = 9, .box_h = 16, .ofs_x = 0, .ofs_y = 0},
    {.bitmap_index = 31986, .adv_w = 199, .box_w = 12, .box_h = 18, .ofs_x = 0, .ofs_y = 0},
    {.bitmap_index = 32094, .adv_w = 142, .box_w = 9, .box_h = 15, .ofs_x = 0, .ofs_y = 0},
    {.bitmap_index = 32162, .adv_w = 199, .box_w = 12, .box_h = 18, .ofs_x = 0, .ofs_y = 0},
    {.bitmap_index = 32270, .adv_w = 142, .box_w = 9, .box_h = 16, .ofs_x = 0, .ofs_y = 0},
    {.bitmap_index = 32342, .adv_w = 199, .box_w = 12, .box_h = 18, .ofs_x = 0, .ofs_y = 0},
    {.bitmap_index = 32450, .adv_w = 142, .box_w = 9, .box_h = 16, .ofs_x = 0, .ofs_y = 0},
    {.bitmap_index = 32522, .adv_w = 171, .box_w = 9, .box_h = 16, .ofs_x = 1, .ofs_y = 0},
    {.bitmap_index = 32594, .adv_w = 142, .box_w = 8, .box_h = 15, .ofs_x = 1, .ofs_y = -3},
    {.bitmap_index = 32654, .adv_w = 171, .box_w = 9, .box_h = 15, .ofs_x = 1, .ofs_y = 0},
    {.bitmap_index = 32722, .adv_w = 142, .box_w = 8, .box_h = 15, .ofs_x = 1, .ofs_y = -3},
    {.bitmap_index = 32782, .adv_w = 185, .box_w = 11, .box_h = 15, .ofs_x = 1, .ofs_y = 0},
    {.bitmap_index = 32865, .adv_w = 85, .box_w = 5, .box_h = 12, .ofs_x = 1, .ofs_y = 0},
    {.bitmap_index = 32895, .adv_w = 185, .box_w = 11, .box_h = 15, .ofs_x = 1, .ofs_y = -3},
    {.bitmap_index = 32978, .adv_w = 85, .box_w = 5, .box_h = 12, .ofs_x = 1, .ofs_y = -3},
    {.bitmap_index = 33008, .adv_w = 185, .box_w = 11, .box_h = 19, .ofs_x = 1, .ofs_y = -3},
    {.bitmap_index = 33113, .adv_w = 85, .box_w = 6, .box_h = 15, .ofs_x = 0, .ofs_y = -3},
    {.bitmap_index = 33158, .adv_w = 185, .box_w = 11, .box_h = 15, .ofs_x = 1, .ofs_y = -3},
    {.bitmap_index = 33241, .adv_w = 85, .box_w = 6, .box_h = 12, .ofs_x = 0, .ofs_y = -3},
    {.bitmap_index = 33277, .adv_w = 171, .box_w = 10, .box_h = 15, .ofs_x = 0, .ofs_y = 0},
    {.bitmap_index = 33352, .adv_w = 128, .box_w = 8, .box_h = 12, .ofs_x = 0, .ofs_y = 0},
    {.bitmap_index = 33400, .adv_w = 171, .box_w = 10, .box_h = 15, .ofs_x = 0, .ofs_y = -3},
    {.bitmap_index = 33475, .adv_w = 128, .box_w = 8, .box_h = 12, .ofs_x = 0, .ofs_y = -3},
    {.bitmap_index = 33523, .adv_w = 171, .box_w = 10, .box_h = 16, .ofs_x = 0, .ofs_y = 0},
    {.bitmap_index = 33603, .adv_w = 128, .box_w = 8, .box_h = 13, .ofs_x = 0, .ofs_y = 0},
    {.bitmap_index = 33655, .adv_w = 171, .box_w = 10, .box_h = 18, .ofs_x = 0, .ofs_y = 0},
    {.bitmap_index = 33745, .adv_w = 128, .box_w = 8, .box_h = 15, .ofs_x = 0, .ofs_y = 0},
    {.bitmap_index = 33805, .adv_w = 171, .box_w = 10, .box_h = 19, .ofs_x = 0, .ofs_y = -3},
    {.bitmap_index = 33900, .adv_w = 128, .box_w = 8, .box_h = 15, .ofs_x = 0, .ofs_y = -3},
    {.bitmap_index = 33960, .adv_w = 156, .box_w = 10, .box_h = 15, .ofs_x = 0, .ofs_y = 0},
    {.bitmap_index = 34035, .adv_w = 71, .box_w = 5, .box_h = 15, .ofs_x = 0, .ofs_y = 0},
    {.bitmap_index = 34073, .adv_w = 156, .box_w = 10, .box_h = 15, .ofs_x = 0, .ofs_y = -3},
    {.bitmap_index = 34148, .adv_w = 71, .box_w = 5, .box_h = 16, .ofs_x = 0, .ofs_y = -3},
    {.bitmap_index = 34188, .adv_w = 156, .box_w = 10, .box_h = 15, .ofs_x = 0, .ofs_y = -3},
    {.bitmap_index = 34263, .adv_w = 71, .box_w = 6, .box_h = 16, .ofs_x = -1, .ofs_y = -3},
    {.bitmap_index = 34311, .adv_w = 156, .box_w = 10, .box_h = 15, .ofs_x = 0, .ofs_y = -3},
    {.bitmap_index = 34386, .adv_w = 71, .box_w = 6, .box_h = 16, .ofs_x = 0, .ofs_y = -3},
    {.bitmap_index = 34434, .adv_w = 185, .box_w = 10, .box_h = 15, .ofs_x = 1, .ofs_y = -3},
    {.bitmap_index = 34509, .adv_w = 142, .box_w = 7, .box_h = 12, .ofs_x = 1, .ofs_y = -3},
    {.bitmap_index = 34551, .adv_w = 185, .box_w = 10, .box_h = 15, .ofs_x = 1, .ofs_y = -3},
    {.bitmap_index = 34626, .adv_w = 142, .box_w = 7, .box_h = 12, .ofs_x = 1, .ofs_y = -3},
    {.bitmap_index = 34668, .adv_w = 185, .box_w = 10, .box_h = 15, .ofs_x = 1, .ofs_y = -3},
    {.bitmap_index = 34743, .adv_w = 142, .box_w = 7, .box_h = 12, .ofs_x = 1, .ofs_y = -3},
    {.bitmap_index = 34785, .adv_w = 185, .box_w = 10, .box_h = 19, .ofs_x = 1, .ofs_y = 0},
    {.bitmap_index = 34880, .adv_w = 142, .box_w = 7, .box_h = 16, .ofs_x = 1, .ofs_y = 0},
    {.bitmap_index = 34936, .adv_w = 185, .box_w = 10, .box_h = 17, .ofs_x = 1, .ofs_y = 0},
    {.bitmap_index = 35021, .adv_w = 142, .box_w = 7, .box_h = 15, .ofs_x = 1, .ofs_y = 0},
    {.bitmap_index = 35074, .adv_w = 171, .box_w = 11, .box_h = 15, .ofs_x = 0, .ofs_y = 0},
    {.bitmap_index = 35157, .adv_w = 128, .box_w = 8, .box_h = 12, .ofs_x = 0, .ofs_y = 0},
    {.bitmap_index = 35205, .adv_w = 171, .box_w = 11, .box_h = 15, .ofs_x = 0, .ofs_y = -3},
    {.bitmap_index = 35288, .adv_w = 128, .box_w = 8, .box_h = 12, .ofs_x = 0, .ofs_y = -3},
    {.bitmap_index = 35336, .adv_w = 242, .box_w = 15, .box_h = 15, .ofs_x = 0, .ofs_y = 0},
    {.bitmap_index = 35449, .adv_w = 210, .box_w = 13, .box_h = 12, .ofs_x = 0, .ofs_y = 0},
    {.bitmap_index = 35527, .adv_w = 242, .box_w = 15, .box_h = 15, .ofs_x = 0, .ofs_y = 0},
    {.bitmap_index = 35640, .adv_w = 210, .box_w = 13, .box_h = 12, .ofs_x = 0, .ofs_y = 0},
    {.bitmap_index = 35718, .adv_w = 242, .box_w = 15, .box_h = 15, .ofs_x = 0, .ofs_y = 0},
    {.bitmap_index = 35831, .adv_w = 210, .box_w = 13, .box_h = 12, .ofs_x = 0, .ofs_y = 0},
    {.bitmap_index = 35909, .adv_w = 242, .box_w = 15, .box_h = 15, .ofs_x = 0, .ofs_y = 0},
    {.bitmap_index = 36022, .adv_w = 185, .box_w = 12, .box_h = 12, .ofs_x = 0, .ofs_y = 0},
    {.bitmap_index = 36094, .adv_w = 242, .box_w = 15, .box_h = 15, .ofs_x = 0, .ofs_y = -3},
    {.bitmap_index = 36207, .adv_w = 185, .box_w = 12, .box_h = 12, .ofs_x = 0, .ofs_y = -3},
    {.bitmap_index = 36279, .adv_w = 171, .box_w = 11, .box_h = 15, .ofs_x = 0, .ofs_y = 0},
    {.bitmap_index = 36362, .adv_w = 128, .box_w = 8, .box_h = 12, .ofs_x = 0, .ofs_y = 0},
    {.bitmap_index = 36410, .adv_w = 171, .box_w = 11, .box_h = 15, .ofs_x = 0, .ofs_y = 0},
    {.bitmap_index = 36493, .adv_w = 128, .box_w = 8, .box_h = 12, .ofs_x = 0, .ofs_y = 0},
    {.bitmap_index = 36541, .adv_w = 171, .box_w = 11, .box_h = 15, .ofs_x = 0, .ofs_y = 0},
    {.bitmap_index = 36624, .adv_w = 128, .box_w = 8, .box_h = 15, .ofs_x = 0, .ofs_y = -3},
    {.bitmap_index = 36684, .adv_w = 156, .box_w = 10, .box_h = 15, .ofs_x = 0, .ofs_y = 0},
    {.bitmap_index = 36759, .adv_w = 128, .box_w = 8, .box_h = 12, .ofs_x = 0, .ofs_y = 0},
    {.bitmap_index = 36807, .adv_w = 156, .box_w = 10, .box_h = 15, .ofs_x = 0, .ofs_y = -3},
    {.bitmap_index = 36882, .adv_w = 128, .box_w = 8, .box_h = 12, .ofs_x = 0, .ofs_y = -3},
    {.bitmap_index = 36930, .adv_w = 156, .box_w = 10, .box_h = 15, .ofs_x = 0, .ofs_y = -3},
    {.bitmap_index = 37005, .adv_w = 128, .box_w = 8, .box_h = 12, .ofs_x = 0, .ofs_y = -3},
    {.bitmap_index = 37053, .adv_w = 142, .box_w = 7, .box_h = 15, .ofs_x = 1, .ofs_y = -3},
    {.bitmap_index = 37106, .adv_w = 71, .box_w = 5, .box_h = 15, .ofs_x = 0, .ofs_y = 0},
    {.bitmap_index = 37144, .adv_w = 185, .box_w = 12, .box_h = 12, .ofs_x = 0, .ofs_y = 0},
    {.bitmap_index = 37216, .adv_w = 128, .box_w = 8, .box_h = 15, .ofs_x = 0, .ofs_y = -3},
    {.bitmap_index = 37276, .adv_w = 142, .box_w = 9, .box_h = 13, .ofs_x = 0, .ofs_y = 0},
    {.bitmap_index = 37335, .adv_w = 71, .box_w = 5, .box_h = 15, .ofs_x = 0, .ofs_y = 0},
    {.bitmap_index = 37373, .adv_w = 177, .box_w = 10, .box_h = 12, .ofs_x = 1, .ofs_y = 0},
    {.bitmap_index = 37433, .adv_w = 171, .box_w = 11, .box_h = 14, .ofs_x = 0, .ofs_y = -2},
    {.bitmap_index = 37510, .adv_w = 141, .box_w = 9, .box_h = 11, .ofs_x = 0, .ofs_y = -2},
    {.bitmap_index = 37560, .adv_w = 171, .box_w = 11, .box_h = 16, .ofs_x = 0, .ofs_y = 0},
    {.bitmap_index = 37648, .adv_w = 141, .box_w = 9, .box_h = 13, .ofs_x = 0, .ofs_y = 0},
    {.bitmap_index = 37707, .adv_w = 171, .box_w = 11, .box_h = 17, .ofs_x = 0, .ofs_y = 0},
    {.bitmap_index = 37801, .adv_w = 141, .box_w = 9, .box_h = 14, .ofs_x = 0, .ofs_y = 0},
    {.bitmap_index = 37864, .adv_w = 171, .box_w = 11, .box_h = 17, .ofs_x = 0, .ofs_y = 0},
    {.bitmap_index = 37958, .adv_w = 141, .box_w = 9, .box_h = 14, .ofs_x = 0, .ofs_y = 0},
    {.bitmap_index = 38021, .adv_w = 171, .box_w = 11, .box_h = 17, .ofs_x = 0, .ofs_y = 0},
    {.bitmap_index = 38115, .adv_w = 141, .box_w = 9, .box_h = 14, .ofs_x = 0, .ofs_y = 0},
    {.bitmap_index = 38178, .adv_w = 171, .box_w = 11, .box_h = 17, .ofs_x = 0, .ofs_y = 0},
    {.bitmap_index = 38272, .adv_w = 141, .box_w = 9, .box_h = 14, .ofs_x = 0, .ofs_y = 0},
    {.bitmap_index = 38335, .adv_w = 171, .box_w = 11, .box_h = 18, .ofs_x = 0, .ofs_y = -2},
    {.bitmap_index = 38434, .adv_w = 141, .box_w = 9, .box_h = 14, .ofs_x = 0, .ofs_y = -2},
    {.bitmap_index = 38497, .adv_w = 171, .box_w = 11, .box_h = 17, .ofs_x = 0, .ofs_y = 0},
    {.bitmap_index = 38591, .adv_w = 141, .box_w = 9, .box_h = 14, .ofs_x = 0, .ofs_y = 0},
    {.bitmap_index = 38654, .adv_w = 171, .box_w = 11, .box_h = 17, .ofs_x = 0, .ofs_y = 0},
    {.bitmap_index = 38748, .adv_w = 141, .box_w = 9, .box_h = 14, .ofs_x = 0, .ofs_y = 0},
    {.bitmap_index = 38811, .adv_w = 171, .box_w = 11, .box_h = 18, .ofs_x = 0, .ofs_y = 0},
    {.bitmap_index = 38910, .adv_w = 141, .box_w = 9, .box_h = 15, .ofs_x = 0, .ofs_y = 0},
    {.bitmap_index = 38978, .adv_w = 171, .box_w = 11, .box_h = 17, .ofs_x = 0, .ofs_y = 0},
    {.bitmap_index = 39072, .adv_w = 141, .box_w = 9, .box_h = 15, .ofs_x = 0, .ofs_y = 0},
    {.bitmap_index = 39140, .adv_w = 171, .box_w = 11, .box_h = 18, .ofs_x = 0, .ofs_y = -2},
    {.bitmap_index = 39239, .adv_w = 141, .box_w = 9, .box_h = 14, .ofs_x = 0, .ofs_y = -2},
    {.bitmap_index = 39302, .adv_w = 154, .box_w = 8, .box_h = 14, .ofs_x = 1, .ofs_y = -2},
    {.bitmap_index = 39358, .adv_w = 144, .box_w = 9, .box_h = 11, .ofs_x = 0, .ofs_y = -2},
    {.bitmap_index = 39408, .adv_w = 154, .box_w = 8, .box_h = 16, .ofs_x = 1, .ofs_y = 0},
    {.bitmap_index = 39472, .adv_w = 144, .box_w = 9, .box_h = 13, .ofs_x = 0, .ofs_y = 0},
    {.bitmap_index = 39531, .adv_w = 154, .box_w = 8, .box_h = 15, .ofs_x = 1, .ofs_y = 0},
    {.bitmap_index = 39591, .adv_w = 144, .box_w = 9, .box_h = 12, .ofs_x = 0, .ofs_y = 0},
    {.bitmap_index = 39645, .adv_w = 154, .box_w = 8, .box_h = 17, .ofs_x = 1, .ofs_y = 0},
    {.bitmap_index = 39713, .adv_w = 144, .box_w = 9, .box_h = 14, .ofs_x = 0, .ofs_y = 0},
    {.bitmap_index = 39776, .adv_w = 154, .box_w = 8, .box_h = 17, .ofs_x = 1, .ofs_y = 0},
    {.bitmap_index = 39844, .adv_w = 144, .box_w = 9, .box_h = 14, .ofs_x = 0, .ofs_y = 0},
    {.bitmap_index = 39907, .adv_w = 154, .box_w = 8, .box_h = 17, .ofs_x = 1, .ofs_y = 0},
    {.bitmap_index = 39975, .adv_w = 144, .box_w = 9, .box_h = 14, .ofs_x = 0, .ofs_y = 0},
    {.bitmap_index = 40038, .adv_w = 154, .box_w = 8, .box_h = 17, .ofs_x = 1, .ofs_y = 0},
    {.bitmap_index = 40106, .adv_w = 144, .box_w = 9, .box_h = 14, .ofs_x = 0, .ofs_y = 0},
    {.bitmap_index = 40169, .adv_w = 154, .box_w = 8, .box_h = 18, .ofs_x = 1, .ofs_y = -2},
    {.bitmap_index = 40241, .adv_w = 144, .box_w = 9, .box_h = 14, .ofs_x = 0, .ofs_y = -2},
    {.bitmap_index = 40304, .adv_w = 69, .box_w = 4, .box_h = 16, .ofs_x = 0, .ofs_y = 0},
    {.bitmap_index = 40336, .adv_w = 62, .box_w = 4, .box_h = 13, .ofs_x = 0, .ofs_y = 0},
    {.bitmap_index = 40362, .adv_w = 69, .box_w = 2, .box_h = 14, .ofs_x = 1, .ofs_y = -2},
    {.bitmap_index = 40376, .adv_w = 62, .box_w = 2, .box_h = 14, .ofs_x = 1, .ofs_y = -2},
    {.bitmap_index = 40390, .adv_w = 189, .box_w = 12, .box_h = 14, .ofs_x = 0, .ofs_y = -2},
    {.bitmap_index = 40474, .adv_w = 147, .box_w = 9, .box_h = 11, .ofs_x = 0, .ofs_y = -2},
    {.bitmap_index = 40524, .adv_w = 189, .box_w = 12, .box_h = 16, .ofs_x = 0, .ofs_y = 0},
    {.bitmap_index = 40620, .adv_w = 147, .box_w = 9, .box_h = 13, .ofs_x = 0, .ofs_y = 0},
    {.bitmap_index = 40679, .adv_w = 189, .box_w = 12, .box_h = 17, .ofs_x = 0, .ofs_y = 0},
    {.bitmap_index = 40781, .adv_w = 147, .box_w = 9, .box_h = 14, .ofs_x = 0, .ofs_y = 0},
    {.bitmap_index = 40844, .adv_w = 189, .box_w = 12, .box_h = 17, .ofs_x = 0, .ofs_y = 0},
    {.bitmap_index = 40946, .adv_w = 147, .box_w = 9, .box_h = 14, .ofs_x = 0, .ofs_y = 0},
    {.bitmap_index = 41009, .adv_w = 189, .box_w = 12, .box_h = 17, .ofs_x = 0, .ofs_y = 0},
    {.bitmap_index = 41111, .adv_w = 147, .box_w = 9, .box_h = 14, .ofs_x = 0, .ofs_y = 0},
    {.bitmap_index = 41174, .adv_w = 189, .box_w = 12, .box_h = 17, .ofs_x = 0, .ofs_y = 0},
    {.bitmap_index = 41276, .adv_w = 147, .box_w = 9, .box_h = 14, .ofs_x = 0, .ofs_y = 0},
    {.bitmap_index = 41339, .adv_w = 189, .box_w = 12, .box_h = 18, .ofs_x = 0, .ofs_y = -2},
    {.bitmap_index = 41447, .adv_w = 147, .box_w = 9, .box_h = 14, .ofs_x = 0, .ofs_y = -2},
    {.bitmap_index = 41510, .adv_w = 189, .box_w = 12, .box_h = 16, .ofs_x = 0, .ofs_y = 0},
    {.bitmap_index = 41606, .adv_w = 147, .box_w = 9, .box_h = 12, .ofs_x = 0, .ofs_y = 0},
    {.bitmap_index = 41660, .adv_w = 189, .box_w = 12, .box_h = 16, .ofs_x = 0, .ofs_y = 0},
    {.bitmap_index = 41756, .adv_w = 147, .box_w = 9, .box_h = 12, .ofs_x = 0, .ofs_y = 0},
    {.bitmap_index = 41810, .adv_w = 189, .box_w = 12, .box_h = 16, .ofs_x = 0, .ofs_y = 0},
    {.bitmap_index = 41906, .adv_w = 147, .box_w = 9, .box_h = 13, .ofs_x = 0, .ofs_y = 0},
    {.bitmap_index = 41965, .adv_w = 189, .box_w = 12, .box_h = 15, .ofs_x = 0, .ofs_y = 0},
    {.bitmap_index = 42055, .adv_w = 147, .box_w = 9, .box_h = 12, .ofs_x = 0, .ofs_y = 0},
    {.bitmap_index = 42109, .adv_w = 189, .box_w = 12, .box_h = 17, .ofs_x = 0, .ofs_y = -2},
    {.bitmap_index = 42211, .adv_w = 147, .box_w = 9, .box_h = 14, .ofs_x = 0, .ofs_y = -2},
    {.bitmap_index = 42274, .adv_w = 176, .box_w = 9, .box_h = 14, .ofs_x = 1, .ofs_y = -2},
    {.bitmap_index = 42337, .adv_w = 147, .box_w = 7, .box_h = 11, .ofs_x = 1, .ofs_y = -2},
    {.bitmap_index = 42376, .adv_w = 176, .box_w = 9, .box_h = 16, .ofs_x = 1, .ofs_y = 0},
    {.bitmap_index = 42448, .adv_w = 147, .box_w = 7, .box_h = 13, .ofs_x = 1, .ofs_y = 0},
    {.bitmap_index = 42494, .adv_w = 176, .box_w = 11, .box_h = 16, .ofs_x = 1, .ofs_y = 0},
    {.bitmap_index = 42582, .adv_w = 148, .box_w = 9, .box_h = 12, .ofs_x = 1, .ofs_y = 0},
    {.bitmap_index = 42636, .adv_w = 176, .box_w = 11, .box_h = 16, .ofs_x = 1, .ofs_y = 0},
    {.bitmap_index = 42724, .adv_w = 148, .box_w = 9, .box_h = 12, .ofs_x = 1, .ofs_y = 0},
    {.bitmap_index = 42778, .adv_w = 176, .box_w = 11, .box_h = 16, .ofs_x = 1, .ofs_y = 0},
    {.bitmap_index = 42866, .adv_w = 148, .box_w = 9, .box_h = 13, .ofs_x = 1, .ofs_y = 0},
    {.bitmap_index = 42925, .adv_w = 176, .box_w = 11, .box_h = 15, .ofs_x = 1, .ofs_y = 0},
    {.bitmap_index = 43008, .adv_w = 148, .box_w = 9, .box_h = 12, .ofs_x = 1, .ofs_y = 0},
    {.bitmap_index = 43062, .adv_w = 176, .box_w = 11, .box_h = 17, .ofs_x = 1, .ofs_y = -2},
    {.bitmap_index = 43156, .adv_w = 148, .box_w = 9, .box_h = 14, .ofs_x = 1, .ofs_y = -2},
    {.bitmap_index = 43219, .adv_w = 147, .box_w = 11, .box_h = 15, .ofs_x = -1, .ofs_y = 0},
    {.bitmap_index = 43302, .adv_w = 137, .box_w = 9, .box_h = 14, .ofs_x = 0, .ofs_y = -2},
    {.bitmap_index = 43365, .adv_w = 147, .box_w = 11, .box_h = 14, .ofs_x = -1, .ofs_y = -2},
    {.bitmap_index = 43442, .adv_w = 137, .box_w = 9, .box_h = 11, .ofs_x = 0, .ofs_y = -2},
    {.bitmap_index = 43492, .adv_w = 147, .box_w = 11, .box_h = 16, .ofs_x = -1, .ofs_y = 0},
    {.bitmap_index = 43580, .adv_w = 137, .box_w = 9, .box_h = 15, .ofs_x = 0, .ofs_y = -2},
    {.bitmap_index = 43648, .adv_w = 147, .box_w = 11, .box_h = 15, .ofs_x = -1, .ofs_y = 0},
    {.bitmap_index = 43731, .adv_w = 137, .box_w = 9, .box_h = 14, .ofs_x = 0, .ofs_y = -2},
    {.bitmap_index = 43794, .adv_w = 151, .box_w = 9, .box_h = 3, .ofs_x = 0, .ofs_y = 3},
    {.bitmap_index = 43808, .adv_w = 232, .box_w = 14, .box_h = 3, .ofs_x = 0, .ofs_y = 3},
    {.bitmap_index = 43829, .adv_w = 144, .box_w = 9, .box_h = 3, .ofs_x = 0, .ofs_y = 3},
    {.bitmap_index = 43843, .adv_w = 110, .box_w = 5, .box_h = 14, .ofs_x = 1, .ofs_y = -2},
    {.bitmap_index = 43878, .adv_w = 128, .box_w = 10, .box_h = 2, .ofs_x = -1, .ofs_y = -3},
    {.bitmap_index = 43888, .adv_w = 52, .box_w = 3, .box_h = 5, .ofs_x = 0, .ofs_y = 7},
    {.bitmap_index = 43896, .adv_w = 52, .box_w = 3, .box_h = 5, .ofs_x = 0, .ofs_y = 7},
    {.bitmap_index = 43904, .adv_w = 51, .box_w = 3, .box_h = 4, .ofs_x = 0, .ofs_y = -2},
    {.bitmap_index = 43910, .adv_w = 57, .box_w = 2, .box_h = 4, .ofs_x = 1, .ofs_y = 8},
    {.bitmap_index = 43914, .adv_w = 94, .box_w = 6, .box_h = 5, .ofs_x = 0, .ofs_y = 7},
    {.bitmap_index = 43929, .adv_w = 94, .box_w = 6, .box_h = 5, .ofs_x = 0, .ofs_y = 7},
    {.bitmap_index = 43944, .adv_w = 94, .box_w = 6, .box_h = 4, .ofs_x = 0, .ofs_y = -2},
    {.bitmap_index = 43956, .adv_w = 85, .box_w = 5, .box_h = 4, .ofs_x = 0, .ofs_y = 8},
    {.bitmap_index = 43966, .adv_w = 150, .box_w = 7, .box_h = 12, .ofs_x = 1, .ofs_y = 0},
    {.bitmap_index = 44008, .adv_w = 150, .box_w = 7, .box_h = 12, .ofs_x = 1, .ofs_y = 0},
    {.bitmap_index = 44050, .adv_w = 80, .box_w = 5, .box_h = 4, .ofs_x = 0, .ofs_y = 3},
    {.bitmap_index = 44060, .adv_w = 90, .box_w = 6, .box_h = 6, .ofs_x = 0, .ofs_y = 3},
    {.bitmap_index = 44078, .adv_w = 71, .box_w = 3, .box_h = 2, .ofs_x = 1, .ofs_y = 0},
    {.bitmap_index = 44081, .adv_w = 142, .box_w = 7, .box_h = 2, .ofs_x = 1, .ofs_y = 0},
    {.bitmap_index = 44088, .adv_w = 146, .box_w = 9, .box_h = 2, .ofs_x = 0, .ofs_y = 0},
    {.bitmap_index = 44097, .adv_w = 85, .box_w = 5, .box_h = 7, .ofs_x = 0, .ofs_y = 1},
    {.bitmap_index = 44115, .adv_w = 193, .box_w = 12, .box_h = 13, .ofs_x = 0, .ofs_y = -1},
    {.bitmap_index = 44193, .adv_w = 146, .box_w = 10, .box_h = 12, .ofs_x = 0, .ofs_y = -1}
};

/*---------------------
 *  CHARACTER MAPPING
 *--------------------*/

static const uint16_t unicode_list_9[] = {
    0x0, 0x6d9, 0x6dd
};

/*Collect the unicode lists and glyph_id offsets*/
static const lv_font_fmt_txt_cmap_t cmaps[] =
{
    {
        .range_start = 32, .range_length = 95, .glyph_id_start = 1,
        .unicode_list = NULL, .glyph_id_ofs_list = NULL, .list_length = 0, .type = LV_FONT_FMT_TXT_CMAP_FORMAT0_TINY
    },
    {
        .range_start = 160, .range_length = 86, .glyph_id_start = 96,
        .unicode_list = NULL, .glyph_id_ofs_list = NULL, .list_length = 0, .type = LV_FONT_FMT_TXT_CMAP_FORMAT0_TINY
    },
    {
        .range_start = 246, .range_length = 256, .glyph_id_start = 182,
        .unicode_list = NULL, .glyph_id_ofs_list = NULL, .list_length = 0, .type = LV_FONT_FMT_TXT_CMAP_FORMAT0_TINY
    },
    {
        .range_start = 506, .range_length = 34, .glyph_id_start = 438,
        .unicode_list = NULL, .glyph_id_ofs_list = NULL, .list_length = 0, .type = LV_FONT_FMT_TXT_CMAP_FORMAT0_TINY
    },
    {
        .range_start = 567, .range_length = 1, .glyph_id_start = 472,
        .unicode_list = NULL, .glyph_id_ofs_list = NULL, .list_length = 0, .type = LV_FONT_FMT_TXT_CMAP_FORMAT0_TINY
    },
    {
        .range_start = 7680, .range_length = 156, .glyph_id_start = 473,
        .unicode_list = NULL, .glyph_id_ofs_list = NULL, .list_length = 0, .type = LV_FONT_FMT_TXT_CMAP_FORMAT0_TINY
    },
    {
        .range_start = 7838, .range_length = 1, .glyph_id_start = 629,
        .unicode_list = NULL, .glyph_id_ofs_list = NULL, .list_length = 0, .type = LV_FONT_FMT_TXT_CMAP_FORMAT0_TINY
    },
    {
        .range_start = 7840, .range_length = 90, .glyph_id_start = 630,
        .unicode_list = NULL, .glyph_id_ofs_list = NULL, .list_length = 0, .type = LV_FONT_FMT_TXT_CMAP_FORMAT0_TINY
    },
    {
        .range_start = 8211, .range_length = 20, .glyph_id_start = 720,
        .unicode_list = NULL, .glyph_id_ofs_list = NULL, .list_length = 0, .type = LV_FONT_FMT_TXT_CMAP_FORMAT0_TINY
    },
    {
        .range_start = 8250, .range_length = 1758, .glyph_id_start = 740,
        .unicode_list = unicode_list_9, .glyph_id_ofs_list = NULL, .list_length = 3, .type = LV_FONT_FMT_TXT_CMAP_SPARSE_TINY
    }
};

/*-----------------
 *    KERNING
 *----------------*/


/*Map glyph_ids to kern left classes*/
static const uint8_t kern_left_class_mapping[] =
{
    0, 0, 0, 1, 0, 0, 0, 2,
    1, 3, 0, 4, 5, 6, 7, 6,
    8, 9, 10, 11, 12, 13, 14, 15,
    16, 17, 9, 18, 18, 5, 5, 5,
    0, 0, 19, 20, 21, 22, 23, 24,
    25, 26, 26, 27, 28, 29, 26, 26,
    22, 30, 22, 31, 22, 32, 27, 33,
    33, 28, 34, 35, 36, 37, 0, 5,
    0, 0, 38, 39, 39, 26, 39, 40,
    41, 42, 26, 26, 43, 38, 42, 42,
    39, 39, 41, 44, 39, 45, 41, 46,
    46, 43, 46, 47, 48, 0, 0, 5,
    0, 49, 50, 0, 0, 10, 0, 0,
    0, 51, 52, 53, 5, 0, 0, 0,
    0, 5, 0, 0, 0, 0, 0, 0,
    0, 0, 52, 54, 0, 0, 0, 55,
    19, 19, 19, 19, 19, 19, 23, 21,
    23, 23, 23, 23, 26, 26, 26, 26,
    50, 26, 22, 22, 22, 22, 22, 5,
    22, 27, 27, 27, 27, 34, 22, 0,
    38, 38, 38, 38, 38, 38, 39, 39,
    39, 39, 39, 39, 26, 26, 26, 26,
    39, 42, 39, 39, 39, 39, 39, 5,
    39, 41, 41, 41, 41, 46, 39, 46,
    19, 38, 19, 38, 19, 38, 21, 39,
    21, 39, 21, 39, 21, 39, 50, 56,
    22, 0, 23, 39, 0, 0, 23, 39,
    23, 39, 23, 39, 25, 41, 25, 41,
    25, 41, 25, 41, 26, 42, 26, 42,
    26, 26, 26, 26, 0, 0, 26, 26,
    26, 26, 27, 26, 27, 26, 28, 43,
    0, 29, 38, 29, 38, 57, 56, 0,
    0, 29, 38, 26, 42, 26, 42, 26,
    42, 0, 26, 42, 22, 39, 0, 0,
    22, 39, 23, 39, 31, 44, 31, 44,
    31, 44, 22, 39, 22, 39, 22, 39,
    22, 39, 32, 45, 32, 56, 32, 45,
    27, 41, 27, 41, 27, 41, 27, 41,
    27, 41, 27, 41, 33, 46, 34, 46,
    34, 35, 47, 35, 47, 35, 47, 0,
    0, 0, 0, 0, 0, 0, 0, 0,
    0, 0, 0, 0, 0, 0, 0, 22,
    0, 0, 40, 0, 0, 0, 0, 0,
    0, 0, 0, 0, 0, 0, 0, 0,
    22, 39, 0, 0, 0, 0, 0, 0,
    0, 0, 0, 0, 0, 0, 0, 58,
    41, 0, 0, 0, 0, 0, 0, 0,
    0, 0, 0, 0, 0, 0, 0, 0,
    0, 0, 0, 0, 0, 0, 0, 0,
    0, 0, 0, 0, 0, 19, 38, 0,
    0, 0, 0, 0, 0, 0, 0, 0,
    0, 0, 0, 0, 0, 0, 0, 0,
    0, 0, 0, 0, 25, 41, 25, 41,
    28, 43, 0, 0, 0, 0, 0, 0,
    0, 0, 0, 0, 0, 0, 0, 0,
    0, 0, 0, 0, 0, 0, 0, 0,
    0, 0, 0, 0, 0, 0, 0, 0,
    0, 0, 0, 0, 0, 0, 0, 0,
    0, 0, 0, 0, 22, 39, 32, 45,
    26, 0, 0, 0, 0, 0, 0, 0,
    0, 0, 0, 0, 0, 0, 0, 0,
    0, 0, 0, 0, 0, 0, 0, 0,
    0, 0, 0, 0, 0, 0, 0, 0,
    0, 25, 41, 0, 0, 0, 0, 0,
    0, 0, 0, 0, 0, 0, 0, 0,
    0, 0, 0, 0, 0, 0, 0, 0,
    0, 0, 0, 0, 0, 0, 0, 0,
    0, 0, 0, 0, 0, 0, 0, 0,
    0, 0, 0, 0, 0, 0, 0, 0,
    0, 0, 0, 0, 0, 0, 0, 0,
    0, 0, 0, 0, 0, 0, 0, 0,
    0, 0, 0, 0, 0, 0, 0, 0,
    0, 0, 0, 0, 0, 0, 0, 0,
    0, 0, 0, 0, 0, 0, 0, 0,
    0, 0, 0, 0, 0, 0, 0, 0,
    0, 33, 46, 33, 46, 33, 46, 0,
    0, 0, 0, 0, 0, 0, 0, 0,
    0, 0, 0, 0, 0, 0, 0, 0,
    0, 0, 0, 0, 0, 20, 19, 38,
    19, 38, 19, 38, 19, 38, 19, 38,
    19, 38, 19, 38, 19, 38, 19, 38,
    19, 38, 19, 38, 19, 38, 23, 39,
    23, 39, 23, 39, 23, 39, 23, 39,
    23, 39, 23, 39, 23, 39, 23, 26,
    26, 26, 22, 39, 22, 39, 22, 39,
    22, 39, 22, 39, 22, 39, 22, 39,
    22, 39, 22, 39, 22, 39, 22, 39,
    22, 39, 27, 41, 27, 41, 58, 41,
    58, 41, 58, 41, 58, 41, 58, 41,
    34, 46, 34, 46, 34, 46, 34, 46,
    0, 0, 0, 0, 0, 59, 60, 6,
    0, 59, 60, 6, 0, 0, 0, 0,
    0, 0, 0, 6, 61, 0, 0
};

/*Map glyph_ids to kern right classes*/
static const uint8_t kern_right_class_mapping[] =
{
    0, 0, 1, 2, 0, 0, 3, 4,
    2, 0, 5, 6, 7, 8, 9, 8,
    10, 11, 12, 13, 14, 15, 16, 11,
    17, 18, 19, 20, 20, 7, 7, 7,
    21, 0, 22, 23, 24, 23, 25, 23,
    24, 23, 23, 26, 27, 27, 23, 23,
    24, 23, 24, 23, 24, 28, 29, 30,
    30, 31, 32, 33, 0, 34, 35, 7,
    0, 0, 36, 23, 37, 37, 37, 38,
    37, 23, 23, 39, 23, 40, 41, 41,
    37, 41, 37, 41, 37, 42, 43, 44,
    44, 45, 44, 46, 0, 0, 47, 7,
    0, 0, 0, 0, 0, 48, 0, 0,
    0, 49, 50, 51, 7, 0, 0, 0,
    0, 7, 0, 0, 0, 0, 0, 0,
    0, 0, 50, 52, 0, 0, 0, 53,
    22, 22, 22, 22, 22, 22, 22, 24,
    23, 23, 23, 23, 23, 23, 23, 23,
    24, 23, 24, 24, 24, 24, 24, 7,
    24, 29, 29, 29, 29, 32, 23, 23,
    36, 36, 36, 36, 36, 36, 36, 37,
    37, 37, 37, 37, 23, 23, 23, 23,
    37, 41, 37, 37, 37, 37, 37, 7,
    37, 43, 43, 43, 43, 44, 23, 44,
    22, 36, 22, 36, 22, 36, 24, 37,
    24, 37, 24, 37, 24, 37, 23, 37,
    23, 37, 23, 37, 0, 0, 23, 37,
    23, 37, 23, 37, 24, 37, 24, 37,
    24, 37, 24, 37, 23, 23, 23, 23,
    23, 23, 23, 23, 0, 0, 23, 23,
    23, 23, 23, 23, 26, 39, 27, 23,
    0, 27, 40, 23, 40, 27, 40, 0,
    0, 54, 40, 23, 41, 23, 41, 23,
    41, 0, 23, 41, 24, 37, 0, 0,
    24, 37, 24, 37, 23, 41, 23, 41,
    23, 41, 24, 37, 24, 37, 24, 37,
    24, 37, 28, 55, 28, 55, 28, 55,
    29, 43, 29, 43, 29, 43, 29, 43,
    29, 43, 29, 43, 30, 44, 32, 44,
    32, 33, 46, 33, 46, 33, 46, 0,
    0, 0, 0, 0, 0, 0, 0, 0,
    0, 0, 0, 0, 0, 0, 0, 24,
    0, 0, 38, 0, 0, 0, 0, 0,
    0, 0, 0, 0, 0, 0, 0, 0,
    24, 37, 0, 0, 0, 0, 0, 0,
    0, 0, 0, 0, 0, 0, 0, 29,
    43, 0, 0, 0, 0, 0, 0, 0,
    0, 0, 0, 0, 0, 0, 0, 0,
    0, 0, 0, 0, 0, 0, 0, 0,
    0, 0, 0, 0, 0, 22, 36, 0,
    0, 0, 0, 0, 0, 0, 0, 0,
    0, 0, 0, 0, 0, 0, 0, 0,
    0, 0, 0, 0, 24, 37, 24, 37,
    27, 23, 0, 0, 0, 0, 0, 0,
    0, 0, 0, 0, 0, 0, 0, 0,
    0, 0, 0, 0, 0, 0, 0, 0,
    0, 0, 0, 0, 0, 0, 0, 0,
    0, 0, 0, 0, 0, 0, 0, 0,
    0, 0, 0, 0, 24, 37, 28, 55,
    39, 0, 0, 0, 0, 0, 0, 0,
    0, 0, 0, 0, 0, 0, 0, 0,
    0, 0, 0, 0, 0, 0, 0, 0,
    0, 0, 0, 0, 0, 0, 0, 0,
    0, 24, 37, 0, 0, 0, 0, 0,
    0, 0, 0, 0, 0, 0, 0, 0,
    0, 0, 0, 0, 0, 0, 0, 0,
    0, 0, 0, 0, 0, 0, 0, 0,
    0, 0, 0, 0, 0, 0, 0, 0,
    0, 0, 0, 0, 0, 0, 0, 0,
    0, 0, 0, 0, 0, 0, 0, 0,
    0, 0, 0, 0, 0, 0, 0, 0,
    0, 0, 0, 0, 0, 0, 0, 0,
    0, 0, 0, 0, 0, 0, 0, 0,
    0, 0, 0, 0, 0, 0, 0, 0,
    0, 0, 0, 0, 0, 0, 0, 0,
    0, 30, 44, 30, 44, 30, 44, 0,
    0, 0, 0, 0, 0, 0, 0, 0,
    0, 0, 0, 0, 0, 0, 0, 0,
    0, 0, 0, 0, 0, 23, 22, 36,
    22, 36, 22, 36, 22, 36, 22, 36,
    22, 36, 22, 36, 22, 36, 22, 36,
    22, 36, 22, 36, 22, 36, 23, 37,
    23, 37, 23, 37, 23, 37, 23, 37,
    23, 37, 23, 37, 23, 37, 23, 23,
    23, 23, 24, 37, 24, 37, 24, 37,
    24, 37, 24, 37, 24, 37, 24, 37,
    24, 37, 24, 37, 24, 37, 24, 37,
    24, 37, 29, 43, 29, 43, 29, 43,
    29, 43, 29, 43, 29, 43, 29, 43,
    32, 44, 32, 44, 32, 44, 32, 44,
    0, 0, 0, 0, 0, 56, 57, 8,
    0, 56, 58, 8, 0, 0, 0, 0,
    0, 0, 0, 8, 52, 0, 0
};

/*Kern values between classes*/
static const int8_t kern_class_values[] =
{
    0, 0, 0, 0, 0, 0, 0, 0,
    0, -13, 0, 0, 0, 0, -8, 0,
    3, 0, 0, 0, 0, 0, 0, 0,
    0, 0, 0, 0, 0, 0, 0, 0,
    0, 0, 0, 0, 0, 0, 0, 0,
    0, 0, 0, 0, 0, 0, 0, 0,
    0, 0, 0, 0, -10, 0, 0, 0,
    0, 0, 0, 0, 0, 0, 0, 0,
    0, 0, 0, 0, 0, 0, 0, 0,
    0, 0, -17, 0, 0, 0, 0, 0,
    0, 0, 0, 0, 0, 0, 0, 0,
    0, 0, 0, -12, 0, 0, 0, 0,
    0, 0, 0, 0, 0, 0, 0, 0,
    0, 0, 0, 0, 0, 0, 0, 0,
    0, 0, 0, 0, 0, 0, 0, 0,
    0, 0, 0, 0, 0, 0, 0, 0,
    -3, -1, -10, 0, 0, -2, 0, 0,
    0, 0, 0, 0, 0, 0, 0, 0,
    0, 0, 0, 0, 0, 0, 0, 0,
    0, 0, 0, 0, 0, 0, 0, 0,
    0, 0, 0, 0, -4, 0, 0, 0,
    0, 0, 0, 0, 0, 0, 0, 0,
    0, 0, 0, 0, 0, -10, 0, -18,
    0, 0, 0, 0, 0, 0, 3, 0,
    0, 0, 0, 0, 0, 0, 0, 0,
    0, 0, 0, 0, 0, 0, 0, 0,
    0, 0, 0, 0, 0, 0, 0, 0,
    0, 0, 0, 0, 0, 0, 0, 0,
    0, 0, 0, 0, 0, 0, 0, 0,
    0, 0, 0, 0, 0, 0, 0, 0,
    0, 0, 0, 0, 0, 0, 0, 0,
    -5, 0, 0, 0, 0, 0, 0, 0,
    0, 0, 0, 0, 0, 0, 0, 0,
    0, 0, 0, 0, 0, 0, 0, 0,
    0, 0, 0, 0, 0, 0, 0, 0,
    0, 0, 0, 0, 0, 0, 0, 0,
    0, 0, 0, 0, 0, 0, 0, -10,
    0, 0, 0, 0, 0, -20, 0, 0,
    0, 0, -15, 0, 0, 0, 0, 0,
    0, 0, 0, 0, 0, 0, 0, 0,
    0, 0, 0, -20, 0, 0, 0, 0,
    0, 0, 0, 0, 0, 0, 0, 0,
    0, 0, -5, 0, 0, 0, 0, 0,
    0, 0, 0, 0, 0, 0, 0, 0,
    0, 0, 0, 0, 0, 0, 0, -5,
    0, 0, 3, 0, -10, 0, 0, 0,
    0, 0, 0, 0, 0, 0, 0, 0,
    0, 0, 0, 0, 0, 0, 0, 0,
    0, 0, 0, 0, 0, 0, 0, 0,
    0, 0, 0, 0, 0, 0, 0, 0,
    0, 0, 0, 0, 0, 0, -8, 0,
    0, -6, 0, 0, 0, -20, 0, -27,
    -5, -5, -10, -10, -20, -3, 0, -5,
    -5, -8, -8, 0, 0, 0, 0, 0,
    0, 0, 0, 0, 0, 0, 0, -3,
    0, 0, 0, 0, 0, 0, 0, 0,
    0, 0, 0, 0, 0, -4, -8, 0,
    -13, -5, 0, 0, 0, 0, 0, 0,
    0, 0, 0, 0, 0, 0, 0, 0,
    0, 0, 3, -3, 0, 0, -3, 0,
    -10, 0, 0, 0, 0, 0, 0, 0,
    0, 0, 0, 0, 0, 0, 0, 0,
    0, 0, 0, 0, 0, 0, 0, 0,
    0, 0, 0, 0, 0, 0, 0, 0,
    0, 0, 0, 0, 0, 0, 0, 0,
    0, 0, 0, 0, 0, 0, 0, 0,
    0, 0, -3, -5, -3, -10, -3, 0,
    -5, 0, -5, -5, 0, 0, 0, 0,
    0, 0, 0, 0, 0, 0, 0, 0,
    0, 0, 0, 0, 0, 0, 0, 0,
    0, 0, 0, 0, 0, 0, 0, 0,
    0, -4, -3, 0, 0, 0, 0, 0,
    0, -5, -5, -5, 0, 0, 0, 0,
    0, 0, 0, 0, -8, -3, 0, -3,
    0, -5, -10, 0, -8, 0, 0, 0,
    0, 0, 0, 0, 0, 0, 0, 0,
    0, 0, 0, 0, 0, 0, 0, 0,
    0, 0, 0, 0, 0, 0, 0, 0,
    0, 0, 0, 0, -3, 0, 0, 0,
    0, 0, 0, 0, 0, 0, 0, 0,
    0, 0, -1, 0, 0, 0, 0, -8,
    0, 0, 0, 0, 0, 0, -5, 0,
    0, 0, 0, 0, 0, 0, 0, 0,
    0, 0, 0, 0, 0, 0, 0, 0,
    0, 0, 0, 0, 0, 0, 0, 0,
    0, 0, 0, 0, 0, 0, 0, 0,
    0, 0, 0, 0, 0, 0, 0, 0,
    0, -3, -5, 0, 0, 0, 0, 0,
    -3, 0, -3, -5, 0, -5, 0, 0,
    -8, 0, 0, -5, 0, 0, 0, 0,
    0, 0, 0, 0, 0, 0, 0, 0,
    0, 0, 0, 0, 0, 0, 0, 0,
    0, 0, 0, 0, 0, 0, 0, 0,
    0, 0, 0, 0, 0, 0, 0, 0,
    0, 0, 0, 0, 0, 0, -3, 0,
    0, 0, 0, -5, -5, 0, -3, 0,
    0, 0, -13, 0, 0, 0, 0, 0,
    0, 0, 0, 0, 0, 0, 0, 0,
    0, 0, 0, 0, 0, 0, 0, 0,
    0, 0, 0, 0, 0, 0, 0, 0,
    0, 0, 0, 0, 0, 0, 0, 0,
    0, 0, 0, 0, 0, 0, 0, 0,
    0, 0, 0, 0, 0, -5, 0, -5,
    -3, 0, 0, 0, -10, 0, 0, 0,
    0, 0, 0, 0, 0, 0, 0, 0,
    0, 0, 0, 0, 0, 0, 0, 0,
    0, 0, 0, 0, 0, 0, 0, 0,
    0, 0, 0, 0, 0, 0, 0, 0,
    0, 0, 0, 0, 0, 0, 0, 0,
    3, 0, 0, 0, 0, -26, -10, -15,
    0, 3, -3, 0, -15, 0, 5, -3,
    0, -5, 0, 0, 0, 0, 0, 0,
    0, 0, 0, 0, 0, 0, 0, 0,
    8, 0, 0, 0, 0, 0, 0, 0,
    0, 0, 0, 0, 8, 0, -3, 0,
    0, 0, 0, 0, 0, 0, 0, 0,
    0, 0, 0, 0, -2, 0, 0, 0,
    0, 0, 0, -5, 0, 0, 0, 0,
    -5, 0, 0, 0, 0, 0, 0, 0,
    0, 0, 0, 0, 0, 0, 0, 0,
    0, 0, 0, 0, 0, 0, 0, 0,
    0, 0, 0, 0, 0, 0, 0, 0,
    0, 0, 0, 0, 0, 0, 0, 0,
    0, 0, 0, 0, 0, 0, 0, 0,
    0, 0, 0, -5, 0, 0, 0, 0,
    -5, 0, -15, 0, 0, 0, 0, 0,
    0, 0, 0, 0, 0, 0, 0, 0,
    0, 0, 0, -8, 0, 0, 0, 0,
    0, 0, 0, 0, 0, 0, 0, 0,
    0, 0, -3, 0, 0, 0, 0, 0,
    0, 0, 0, 0, -3, -13, 0, 0,
    0, -18, 0, 0, 0, 0, 0, 0,
    0, -8, 0, 0, -23, 0, 0, -5,
    -13, 0, -5, -8, -5, -8, -4, -23,
    -4, -27, 0, -18, -3, -27, 0, 0,
    -5, -10, 0, -5, -5, -15, -5, -15,
    -8, -3, 0, -4, -8, -18, 0, 0,
    0, 0, -15, 0, 0, 0, 0, 0,
    0, 0, 0, 0, 0, 0, 0, -5,
    0, 0, 0, 0, 0, 0, -10, 0,
    0, -5, -8, -5, -2, -3, -5, 0,
    0, -10, 0, -8, 0, -10, 0, -8,
    0, -2, -1, -5, -3, -3, -3, -5,
    -3, -8, -10, -5, 0, 0, -3, 0,
    0, 0, 0, 0, 0, 0, 0, 0,
    0, 0, 0, 0, 0, 0, 0, 0,
    0, -6, 0, 0, 0, 0, 0, 0,
    -4, 0, 0, 0, 0, -6, 1, 0,
    1, 0, -3, -4, 0, -5, -5, -5,
    0, -5, 0, -1, -2, -5, 0, -3,
    -2, -3, -3, -3, -8, -3, 0, -3,
    0, 0, 0, 0, 0, 0, -3, 0,
    0, 0, 0, 0, 0, 0, -5, -3,
    0, -5, 0, -8, 0, 0, -3, 0,
    0, 0, -10, 0, 0, -3, -5, -8,
    3, 0, 3, -3, -3, -10, 0, -8,
    -8, -10, -3, -8, 0, 3, 4, -3,
    -5, 0, 0, -6, 0, -4, -5, 0,
    0, -3, 0, -3, 0, 0, 0, -3,
    -6, 0, 0, 0, 0, 0, 0, 0,
    0, 0, 0, 0, 0, 0, 0, 0,
    0, 0, 0, 0, 0, 0, 0, -3,
    -5, 0, -3, 0, -3, 0, 0, 0,
    0, 4, 0, -5, 0, 4, 0, -2,
    -5, -8, -3, 0, 0, -10, 0, -5,
    -8, 0, 0, 0, 0, 0, 0, 0,
    0, 0, -10, 0, 0, 0, 0, 0,
    0, 0, 0, 0, 0, -20, 0, -20,
    0, 0, 0, 0, 0, 0, 0, 0,
    0, -8, -5, -20, -5, 0, -5, -15,
    -8, 0, 0, 0, -5, -5, -5, 0,
    0, -5, -8, -3, -8, -5, -8, -10,
    -8, -10, -13, -8, 0, -8, 0, 0,
    0, 0, 0, 0, -10, 0, 0, 0,
    0, 0, 0, 0, 0, 0, 0, 0,
    0, 0, 0, 0, 0, 0, 0, 0,
    -5, 0, 0, 0, 0, 0, 0, 0,
    0, 0, 0, -5, 0, -8, -3, -5,
    0, -8, 0, 3, 3, -3, 0, 0,
    0, -3, 0, -1, -3, 2, 0, 0,
    0, 0, 0, 0, 0, 0, -3, 0,
    0, 0, 0, 0, 0, 0, 0, 0,
    0, 0, 0, -3, 0, 0, 0, 0,
    0, 0, -10, 0, 0, 0, -3, -3,
    -5, -4, -5, -5, 0, -10, 4, -5,
    -3, -5, -1, -5, 0, -3, -3, -12,
    -3, -3, 2, -10, -5, -3, -13, -3,
    0, 0, -4, 0, 0, 0, 0, 0,
    -10, 0, 0, 0, 0, 0, 0, 0,
    0, 0, 0, 0, 0, -4, 0, 0,
    0, 0, 0, 0, 0, 0, 0, 0,
    0, -4, 4, 0, 4, -8, 0, 0,
    0, 0, -5, -5, 0, 0, 0, 0,
    -2, -5, -2, 0, 0, -5, 0, -5,
    -8, -5, 0, 0, 0, 0, 0, 0,
    0, 0, -5, 0, 0, 0, 0, 0,
    0, 0, 0, -3, 0, 0, 0, 0,
    0, 0, 0, 0, 0, 0, -1, 0,
    0, -5, -5, 0, -3, -10, -3, -8,
    -5, -1, -5, -3, 0, 0, -3, -3,
    0, -3, -12, -13, -3, 0, -5, -13,
    -8, -8, -8, 0, 0, -5, -10, -3,
    0, 0, 0, 0, -13, 0, 0, 0,
    -5, -26, 0, 0, 0, -31, 0, -3,
    0, -5, 0, 0, 0, 0, 0, 0,
    -36, 0, 0, -5, -20, -5, -13, -13,
    -13, -15, -8, -36, -13, -41, 0, -41,
    -5, -41, 0, 0, -10, -15, -5, -10,
    0, -20, -10, -20, -13, -5, 0, -8,
    -13, -31, 0, 0, 0, 0, -20, 0,
    0, 0, -3, 0, 0, 0, 0, 0,
    0, -28, -8, -18, 0, 0, 0, 0,
    0, 0, 0, 0, 0, -5, -5, -18,
    -5, -3, -5, -20, 0, 0, 0, -10,
    -10, -10, -5, -10, 0, -6, -7, 0,
    0, 0, -3, 0, -8, -5, -10, -8,
    0, 0, -3, 0, 0, 0, 0, 0,
    0, 0, 0, 0, 0, 0, 0, 0,
    0, 0, 0, 0, 0, -3, 0, 0,
    0, 0, 0, 0, -5, 0, 0, -3,
    -5, -3, 0, -4, 0, 0, -4, -5,
    0, -13, 0, -5, 0, -13, 0, -1,
    -3, -8, -2, 0, 0, -8, -3, -5,
    -5, 0, 0, -4, -4, 0, 0, 0,
    0, 0, -8, 0, 0, 0, 0, 3,
    0, -7, 0, 3, 0, -26, -10, -23,
    0, 0, 0, 0, -8, 0, 3, 0,
    0, -15, -5, -23, -8, -10, -8, -31,
    -10, 3, 0, -3, -1, 2, 0, -3,
    5, -18, -20, -10, -10, -5, -13, -10,
    -18, -13, -15, -13, 0, -10, -10, 3,
    -15, -15, 0, 0, -10, 0, 2, 2,
    -8, 0, 0, -6, 0, 0, 0, -20,
    0, -27, -5, -5, -10, -10, -20, -3,
    0, -5, -5, -8, -8, -27, -6, -8,
    -6, -20, -4, 0, 0, -3, -3, 0,
    -3, -3, 0, -11, -10, -13, -10, -8,
    -8, -10, -13, -10, -15, -9, 0, -4,
    -8, 0, -13, -5, 0, 0, -10, 0,
    0, 0, 0, 0, 0, 0, 0, 0,
    -5, 0, 0, -18, 0, 0, 0, 0,
    0, 0, 2, 0, 0, 0, 0, -18,
    -5, -10, -5, -31, 0, 2, -5, 0,
    0, 5, -3, 0, 0, -15, -18, -13,
    -10, -5, -15, -15, -15, -10, -15, -18,
    0, 0, -10, 0, 0, 0, 0, -5,
    -15, 0, 0, 0, 0, 0, 0, 0,
    0, 0, 0, 0, -5, -5, 0, 0,
    0, 0, 0, 0, 0, 0, 0, 0,
    -5, -5, -1, -5, -1, -8, 0, 0,
    0, -3, -3, -3, 0, -3, 0, -3,
    -8, -10, -4, -2, -3, -8, -5, -8,
    -10, -5, 0, 0, -5, 0, 0, 0,
    0, 0, -8, 0, 0, 0, 0, 0,
    0, 0, 0, 0, 0, 0, 0, 0,
    0, 0, 0, 0, 0, 0, 5, 0,
    0, 0, 0, 0, 0, 0, 0, 0,
    0, 5, 0, 0, 0, 0, 0, 0,
    0, 0, 0, 0, 8, 0, 0, 0,
    0, 0, 0, 0, 0, 0, 0, 0,
    0, 0, 0, 0, 0, 0, 0, 0,
    -3, -13, 0, 0, 0, -18, 0, 0,
    0, 0, 0, 0, 0, -8, 0, 0,
    -23, 0, 0, -5, -13, 0, 0, 0,
    0, 0, 0, 0, 0, 0, 0, 0,
    0, -27, 0, 0, 0, 0, 0, 0,
    0, 0, 0, 0, 0, 0, 0, -4,
    -8, 0, 0, 0, 0, 0, 0, 0,
    0, 0, 0, 0, 0, 0, 0, -5,
    0, 5, 0, 0, 0, 0, 0, 0,
    0, 0, 0, 0, 0, 0, -5, 0,
    -2, 0, -2, 0, 0, 0, 0, 0,
    0, 0, 0, 0, 0, 0, -2, -4,
    1, -3, -1, -13, -3, -6, -7, -2,
    0, 0, 0, -5, 0, 0, 0, 0,
    -13, 0, 0, 0, 0, -3, 0, 0,
    0, -5, 0, 0, 0, -3, 0, 0,
    0, 0, 0, 0, -18, 0, 0, 0,
    -10, -3, -3, 0, -3, 0, 0, -18,
    0, -13, -5, -13, 0, -13, 0, 1,
    -3, -8, -3, -1, -3, -8, -3, -6,
    -13, -6, 0, 0, 0, -5, 0, 0,
    0, 0, -8, 0, 0, 0, 0, 0,
    0, 0, 0, 3, 0, -15, -8, -10,
    0, 0, 0, 0, 0, 0, 0, 0,
    0, -8, 0, -10, -10, 0, -10, 0,
    0, 0, 0, 0, 0, 0, 0, 0,
    3, -8, -11, -14, -10, -5, -8, -10,
    0, -10, -10, -3, 0, 0, 0, 3,
    0, 0, 0, 0, -10, 3, 0, 0,
    0, 0, 0, 0, 0, 0, 0, 0,
    0, 0, 0, 0, 0, 0, 0, 0,
    -15, 0, 0, 0, -5, 0, -4, 0,
    -4, 0, 0, -15, 0, -5, 0, -5,
    0, -5, 0, 0, -3, -6, 1, 0,
    0, -7, 0, -5, -4, -3, 0, 0,
    0, 0, 0, 0, 0, 0, -7, 0,
    0, 0, 0, 0, 0, 0, 0, -5,
    0, 0, 0, 0, 0, 0, 0, 0,
    0, 0, -10, 0, 0, 0, -5, 0,
    -2, 0, -2, 0, 0, -10, 0, -5,
    -3, -10, 0, -5, 0, -3, -3, -9,
    -8, -4, -5, -10, -4, -9, -13, -5,
    0, 0, 0, -5, 0, 0, 0, 0,
    -10, 0, 0, 0, -5, 0, 0, 0,
    0, -5, 0, -5, -18, 0, 0, 0,
    0, 0, 0, 0, -5, 0, 0, -10,
    -8, 0, -13, -3, -13, 0, 0, -5,
    0, 0, 0, 0, 0, 0, 0, -11,
    -13, -15, -7, -9, -11, -14, -5, -18,
    -10, -8, 0, 0, -3, -5, 0, 0,
    0, 0, -14, 0, 0, 0, 0, 0,
    0, 0, 0, 0, 0, -15, -10, -8,
    0, 0, 0, 0, 0, 0, -10, 0,
    0, -13, 0, -8, -8, 0, -8, 0,
    0, -10, 0, 0, 0, 0, 0, 0,
    0, -10, -10, -15, -10, -8, -10, -13,
    -5, -6, -18, -8, 0, 0, 0, 0,
    -10, 0, 0, 0, -13, 0, 0, 0,
    0, 0, 0, 0, 0, 0, 0, 6,
    -8, 3, 0, 0, 0, 0, 0, 0,
    0, 0, 0, 0, 0, 3, -4, 0,
    -4, 0, 0, 0, 0, -3, 0, 0,
    8, -3, 0, -3, -4, -9, -3, 0,
    1, -10, -2, -3, -8, 1, 0, 0,
    0, 0, 0, 0, 0, 0, -10, 0,
    0, 0, 0, 0, 0, 0, 0, 0,
    0, -15, -3, -13, 0, 0, 0, 0,
    0, 0, -10, 0, 0, -5, 0, -13,
    -3, -4, -3, -10, 0, -10, 0, 0,
    0, 0, 0, 0, 0, -6, -7, -3,
    -4, -3, -6, -6, -5, 0, -12, -6,
    0, 0, -4, 0, 0, 0, 0, 0,
    -6, 0, 0, 0, 0, 0, 0, 0,
    0, 0, 0, 0, 0, 0, 0, 0,
    0, 0, 0, 0, 0, 0, 0, -5,
    -3, 0, -3, 0, -3, 0, 0, 0,
    0, -8, -3, 0, 0, -8, 0, -4,
    -8, -5, -5, -6, -5, -8, -5, -7,
    -13, -4, 0, 0, 0, 0, 0, 0,
    0, 0, -8, 0, 0, 0, 0, 0,
    0, 0, 0, 0, 0, 0, 0, 0,
    0, 0, 0, 0, 0, 0, 3, 0,
    0, 0, 0, 0, 0, 0, 0, 0,
    0, 3, 0, 0, 0, 0, 0, 0,
    0, 0, 0, 0, 0, 0, 0, 0,
    0, 0, 0, 0, 0, 0, 0, 0,
    0, 0, 0, 0, 0, 0, 0, 0,
    0, 0, 0, 0, 0, 0, 0, 0,
    0, 0, 0, 0, 0, 0, 0, 0,
    0, 0, 0, 0, 0, 0, 0, 0,
    0, 0, 0, 0, 0, -10, 0, 0,
    0, -10, 0, 0, 0, -3, 0, 0,
    0, -4, 0, 0, 0, 0, 0, 0,
    0, 0, 0, 0, 0, 0, -4, 0,
    0, 0, 0, 0, 0, 0, 0, 0,
    0, 0, 0, 0, 0, 0, 0, 0,
    0, 0, -5, 0, 0, 0, 0, 0,
    0, 0, 0, 0, 0, -5, 0, 0,
    0, 0, 0, 0, 0, 0, 0, 0,
    0, 0, 0, 0, 0, 0, 0, 0,
    0, 0, 0, 0, 0, 0, 0, 0,
    0, 0, 0, 0, 0, 0, 0, 0,
    -5, -3, 0, -5, 0, -8, 0, 0,
    -3, 0, 0, 0, -10, 0, 0, -3,
    -5, 0, 0, 0, 0, 0, 0, 0,
    0, 0, 0, 0, 0, -8, 0, 0,
    0, 0, 0, 0, 0, 0, 0, 0,
    0, 0, 0, -3, 0, 0, 0, 0,
    0, 0, 0, 0, 0, 0, 0, 0,
    0, 0, 0, 0, 0, -10, 0, -18,
    0, 0, 0, 0, 0, 0, 3, 0,
    0, 0, 0, -18, 0, 0, 0, 0,
    0, 3, 0, 0, 0, 0, 0, 0,
    0, 0, 0, 0, 0, 0, 0, 0,
    0, 0, 0, 0, 0, 0, 0, 0,
    0, 0, 0, 0, 0, 0, 0, 0,
    0, 0, 0, 0, 0, 0, 0, 0,
    0, 0, 0, 0, 0, 0, 0, 0,
    -15, 0, 0, 0, 0, 0, 0, 0,
    0, 0, 0, 0, 0, 0, 0, 0,
    0, -10, 0, 0, 0, 0, 0, 0,
    0, 0, 0, 0, 0, 0, 0, 0,
    0, 0, 0, 0, 0, 0, 0, 0,
    0, 0, 0, 0, 0, 0, 0, 0,
    0, 0, 0, 0, 0, 0, 0, 0,
    0, 0, -15, 0, 0, 0, 0, 0,
    0, 0, 0, -3, 0, -15, 0, -13,
    0, 0, 0, -13, 0, 0, 0, 0,
    0, 0, 0, 0, 0, 0, 0, 0,
    0, 0, 0, 0, 0, 0, 0, 0,
    0, 0, 0, 0, 0, -10, 0, 0,
    0, 0, 0, 0, 0, 0, 0, -15,
    0, 0, 0, 0, -20, 0, 0, 0,
    0, 0, 0, 0, 0, 0, 0, 0,
    0, 0, 0, 0, 0, -26, 0, 0,
    0, 0, 0, 0, 0, 0, 0, 0,
    0, 0, 0, 0, -13, 0, 0, 0,
    0, 0, 0, 0, 0, 0, 0, 0,
    0, 0, 0, 5, 0, 0, 0, 0,
    0, 0, 0, 0, 0, 0, 0, 0,
    0, 0, 0, 0, 1, 0, 1, 0,
    0, 0, 0, 0, 0, 0, 0, 0,
    0, -3, -5, -3, -3, -1, 0, -3,
    0, -2, -3, 0, 0, 0, 0, 5,
    0, 0, 0, 0, -3, 0, 0, 8,
    0, 0, 0, 0, 0, 0, 0, 0,
    0, 0, 0, 0, 0, 0, 0, 0,
    -8, 0, 0, 0, 0, 0, 0, 0,
    0, 0, 0, -8, 0, -10, 0, -8,
    0, -10, 0, 0, 0, 0, 0, 0,
    0, 0, 0, 0, 0, 0, 0, 0,
    0, 0, 0, 0, 0, 0, 0, 0,
    0, 0, 0, 0, 0, 0, 13, 0,
    0, 0, 0, -4, 0, 0, 0, 0,
    0, 0, 7, 0, 0, 0, 0, -4,
    4, 0, 4, -8, 0, 7, 1, 3,
    3, 9, 3, 3, 13, 0, -3, -5,
    -1, -1, -3, -4, 0, -3, -8, -4,
    10, 0, 0, 0, 0, 0, 0, 0,
    -4, 0, 0, 0, 0, 0, 0, 0,
    0, 0, 0, 0, 0, 0, 0, 0,
    0, 0, 0, 0, 0, 0, 0, 0,
    0, 0, 0, 0, 0, -31, 0, 0,
    0, 0, 0, 0, 0, 0, 0, 0,
    0, 0, 0, 0, 0, 0, 0, 0,
    0, 0, 0, 0, 0, 0, 0, 0,
    0, 0, 0, 0, 0, 0, 0, 0,
    0, 0, 0, 0, 0, 0, 0, 0,
    0, 2, 0, 0, 0, 0, 0, 0,
    0, 0, 0, 0, 0, 0, 0, 0,
    0, 0, 0, 0, 0, 0, 0, 0,
    0, 0, 0, 0, 0, 0, 0, 0,
    0, 0, 0, 0, 0, 0, 0, 0,
    0, 0, 0, 0, 0, 0, 0, 0,
    0, 0, 0, 0, 0, 0, 0, 0,
    0, 0, 0, 0, 0, 0, 0, 0,
    0, 0, 0, 0, 0, 0, 0, 0,
    0, -3, 0, 0, 0, 0, 0, 0,
    0, 0, 0, 0, 0, 0, 0, 0,
    0, 0, 0, 0, 0, 0, 0, 0,
    0, 0, 0, 0, 0, 0, 0, 0,
    0, 0
};


/*Collect the kern class' data in one place*/
static const lv_font_fmt_txt_kern_classes_t kern_classes =
{
    .class_pair_values   = kern_class_values,
    .left_class_mapping  = kern_left_class_mapping,
    .right_class_mapping = kern_right_class_mapping,
    .left_class_cnt      = 61,
    .right_class_cnt     = 58,
};

/*--------------------
 *  ALL CUSTOM DATA
 *--------------------*/

#if LVGL_VERSION_MAJOR == 8
/*Store all the custom data of the font*/
static  lv_font_fmt_txt_glyph_cache_t cache;
#endif

#if LVGL_VERSION_MAJOR >= 8
static const lv_font_fmt_txt_dsc_t font_dsc = {
#else
static lv_font_fmt_txt_dsc_t font_dsc = {
#endif
    .glyph_bitmap = glyph_bitmap,
    .glyph_dsc = glyph_dsc,
    .cmaps = cmaps,
    .kern_dsc = &kern_classes,
    .kern_scale = 16,
    .cmap_num = 10,
    .bpp = 4,
    .kern_classes = 1,
    .bitmap_format = 0,
#if LVGL_VERSION_MAJOR == 8
    .cache = &cache
#endif
};



/*-----------------
 *  PUBLIC FONT
 *----------------*/

/*Initialize a public general font descriptor*/
#if LVGL_VERSION_MAJOR >= 8
const lv_font_t geist_reg_16 = {
#else
lv_font_t geist_reg_16 = {
#endif
    .get_glyph_dsc = lv_font_get_glyph_dsc_fmt_txt,    /*Function pointer to get glyph's data*/
    .get_glyph_bitmap = lv_font_get_bitmap_fmt_txt,    /*Function pointer to get glyph's bitmap*/
    .line_height = 23,          /*The maximum line height required by the font*/
    .base_line = 4,             /*Baseline measured from the bottom of the line*/
#if !(LVGL_VERSION_MAJOR == 6 && LVGL_VERSION_MINOR == 0)
    .subpx = LV_FONT_SUBPX_NONE,
#endif
#if LV_VERSION_CHECK(7, 4, 0) || LVGL_VERSION_MAJOR >= 8
    .underline_position = -2,
    .underline_thickness = 1,
#endif
    .dsc = &font_dsc,          /*The custom font data. Will be accessed by `get_glyph_bitmap/dsc` */
#if LV_VERSION_CHECK(8, 2, 0) || LVGL_VERSION_MAJOR >= 9
    .fallback = NULL,
#endif
    .user_data = NULL,
};



#endif /*#if GEIST_REG_16*/

